time,seconds_elapsed,z,y,x
1760555091947393800,0.061393798828125,-0.99139404296875,-0.010772705078125,0.02825927734375
1760555091957398800,0.071398681640625,-0.9738006591796875,-0.0223236083984375,0.0351409912109375
1760555091967402800,0.08140283203125,-1.0006256103515625,-0.01837158203125,0.0080108642578125
1760555091977406700,0.09140673828125,-1.002716064453125,-0.013916015625,-0.00140380859375
1760555091987411700,0.10141162109375,-1.02398681640625,-0.0162506103515625,-0.0184326171875
1760555091997415700,0.111415771484375,-1.0094757080078125,-0.018524169921875,-0.0083770751953125
1760555092007420000,0.121419921875,-0.974700927734375,-0.0214996337890625,0.0272216796875
1760555092017425000,0.1314248046875,-0.99322509765625,-0.0234527587890625,0.0099639892578125
1760555092027428900,0.141428955078125,-1.026275634765625,-0.0167694091796875,-0.0107421875
1760555092037432800,0.151432861328125,-0.9853363037109375,-0.0182952880859375,0.021575927734375
1760555092047438000,0.16143798828125,-0.9824676513671875,-0.0236968994140625,0.0258636474609375
1760555092057442000,0.171442138671875,-1.012542724609375,-0.0217132568359375,-0.001434326171875
1760555092067447000,0.181447021484375,-0.9982452392578125,-0.023712158203125,0.0063018798828125
1760555092077451000,0.191450927734375,-0.9794464111328125,-0.02532958984375,0.025177001953125
1760555092087455000,0.201455078125,-1.0016632080078125,-0.024749755859375,-0.001800537109375
1760555092097460000,0.2114599609375,-1.0094146728515625,-0.02423095703125,-0.015045166015625
1760555092107464200,0.221464111328125,-0.9805755615234375,-0.0320892333984375,0.00518798828125
1760555092117468200,0.23146826171875,-1.0007476806640625,-0.0239410400390625,-0.0071258544921875
1760555092127473200,0.24147314453125,-1.0138092041015625,-0.011962890625,-0.010467529296875
1760555092137477000,0.25147705078125,-0.9906768798828125,-0.010894775390625,0.0113983154296875
1760555092147481000,0.261481201171875,-1.0028533935546875,-0.011993408203125,0.0010223388671875
1760555092157486000,0.271486083984375,-1.0042877197265625,-0.021728515625,-0.001861572265625
1760555092167490000,0.281489990234375,-0.9875640869140625,-0.0229339599609375,0.0105133056640625
1760555092177494000,0.291493896484375,-1.003662109375,-0.0225830078125,-0.005157470703125
1760555092187499000,0.3014990234375,-1.002471923828125,-0.022552490234375,-0.0060882568359375
1760555092197503000,0.3115029296875,-0.9881744384765625,-0.0225982666015625,0.01171875
1760555092207508000,0.321508056640625,-1.002532958984375,-0.018280029296875,0.00830078125
1760555092217512200,0.33151220703125,-1.00250244140625,-0.0140228271484375,0.007293701171875
1760555092227516200,0.34151611328125,-0.995269775390625,-0.0111846923828125,0.012451171875
1760555092237521200,0.351521240234375,-1.00634765625,-0.014862060546875,-0.001800537109375
1760555092247524900,0.36152490234375,-1.00042724609375,-0.016632080078125,-0.0045318603515625
1760555092257529000,0.371529052734375,-0.9935760498046875,-0.0185089111328125,0.0043182373046875
1760555092267534000,0.3815341796875,-1.00341796875,-0.0194854736328125,-0.0003509521484375
1760555092277538000,0.3915380859375,-0.996856689453125,-0.0222625732421875,0.0034332275390625
1760555092287543000,0.40154296875,-0.996368408203125,-0.01708984375,0.0072174072265625
1760555092297547000,0.411547119140625,-1.0050506591796875,-0.0154876708984375,0.001007080078125
1760555092307551200,0.42155126953125,-0.9983062744140625,-0.0132904052734375,-0.0002899169921875
1760555092317556200,0.43155615234375,-0.996612548828125,-0.02130126953125,-0.0002288818359375
1760555092327560000,0.441559814453125,-0.9973297119140625,-0.0214996337890625,-0.003692626953125
1760555092337564000,0.45156396484375,-0.9970855712890625,-0.0226593017578125,-0.0074310302734375
1760555092347569000,0.46156884765625,-0.9982452392578125,-0.026031494140625,-0.00592041015625
1760555092357573000,0.471572998046875,-0.9983978271484375,-0.0215606689453125,-0.000946044921875
1760555092367577000,0.4815771484375,-0.9990081787109375,-0.018707275390625,0.00445556640625
1760555092377582000,0.49158203125,-0.9968109130859375,-0.0216522216796875,0.011260986328125
1760555092387586000,0.5015859375,-0.99755859375,-0.01544189453125,0.012115478515625
1760555092397591000,0.511591064453125,-0.9997100830078125,-0.0165557861328125,0.0066680908203125
1760555092407595300,0.52159521484375,-0.9972076416015625,-0.0229339599609375,0.0042266845703125
1760555092417599000,0.531598876953125,-0.9966278076171875,-0.020294189453125,0.004425048828125
1760555092427604000,0.54160400390625,-0.996978759765625,-0.0216827392578125,0.003204345703125
1760555092437608000,0.55160791015625,-0.9976806640625,-0.0190582275390625,0.005096435546875
1760555092447612200,0.561612060546875,-0.9970245361328125,-0.018310546875,0.005035400390625
1760555092457617200,0.5716171875,-0.9957733154296875,-0.021392822265625,-0.000701904296875
1760555092467621000,0.58162109375,-0.9990386962890625,-0.0201416015625,-0.000244140625
1760555092477626000,0.591626220703125,-1.0009918212890625,-0.0194549560546875,0.0002899169921875
1760555092487630000,0.601630126953125,-0.9996490478515625,-0.0199737548828125,0.004302978515625
1760555092497634000,0.611634033203125,-0.9987640380859375,-0.01544189453125,0.0055694580078125
1760555092507639300,0.621639404296875,-1.00054931640625,-0.0162353515625,0.007568359375
1760555092517643000,0.63164306640625,-0.997894287109375,-0.0190582275390625,0.0086669921875
1760555092527647000,0.64164697265625,-0.99896240234375,-0.0156707763671875,0.00775146484375
1760555092537652000,0.65165185546875,-1.0006866455078125,-0.014373779296875,0.0025787353515625
1760555092547656000,0.661656005859375,-1.0000457763671875,-0.017547607421875,-0.0064239501953125
1760555092557660200,0.67166015625,-0.998626708984375,-0.022979736328125,-0.0037994384765625
1760555092567665200,0.6816650390625,-0.9971923828125,-0.0215911865234375,0.005828857421875
1760555092577669000,0.691669189453125,-0.996734619140625,-0.019775390625,0.00775146484375
1760555092587674000,0.701674072265625,-0.99652099609375,-0.021240234375,0.0122528076171875
1760555092597677800,0.711677734375,-0.9982452392578125,-0.0209808349609375,0.0078277587890625
1760555092607682000,0.72168212890625,-1.001190185546875,-0.0229949951171875,-0.00054931640625
1760555092617687000,0.73168701171875,-0.9990997314453125,-0.0232696533203125,-0.0013580322265625
1760555092627691000,0.74169091796875,-0.997161865234375,-0.021453857421875,-0.00201416015625
1760555092637695000,0.751695068359375,-1.000030517578125,-0.0230560302734375,0.00030517578125
1760555092647700000,0.761699951171875,-1.00054931640625,-0.0148773193359375,0.00439453125
1760555092657704200,0.7717041015625,-1.002166748046875,-0.0085906982421875,0.00921630859375
1760555092667709200,0.781709228515625,-0.9948883056640625,-0.025634765625,0.0133514404296875
1760555092677713200,0.791713134765625,-0.990325927734375,-0.033050537109375,0.007110595703125
1760555092687716900,0.801716796875,-0.9952850341796875,-0.037109375,0.0070648193359375
1760555092697721900,0.811721923828125,-0.9885101318359375,-0.033721923828125,0.0074462890625
1760555092707726000,0.82172607421875,-0.996429443359375,-0.030242919921875,0.0000457763671875
1760555092717730000,0.83172998046875,-0.9979095458984375,-0.0230255126953125,0.00469970703125
1760555092727735000,0.841735107421875,-0.9936676025390625,-0.023681640625,0.01312255859375
1760555092737739000,0.851739013671875,-1.0026702880859375,-0.01470947265625,0.007904052734375
1760555092747743200,0.8617431640625,-1.00506591796875,-0.0061798095703125,0.005584716796875
1760555092757748200,0.871748291015625,-1.0013275146484375,-0.0134429931640625,0.0051727294921875
1760555092767752200,0.881752197265625,-1.00048828125,-0.0207061767578125,-0.0044097900390625
1760555092777757200,0.891757080078125,-0.998199462890625,-0.0185089111328125,-0.0016021728515625
1760555092787761000,0.901760986328125,-0.99603271484375,-0.02337646484375,0.0020751953125
1760555092797765000,0.91176513671875,-1.0013275146484375,-0.018310546875,0.001556396484375
1760555092807770000,0.92177001953125,-0.99755859375,-0.018280029296875,0.0031890869140625
1760555092817774000,0.931774169921875,-0.9993896484375,-0.0225677490234375,0.0046844482421875
1760555092827778000,0.941778076171875,-0.99755859375,-0.0229339599609375,0.010345458984375
1760555092837783000,0.951782958984375,-0.99615478515625,-0.023162841796875,0.009918212890625
1760555092847787300,0.961787353515625,-0.99822998046875,-0.0231170654296875,0.0040740966796875
1760555092857792300,0.971792236328125,-0.996490478515625,-0.0255279541015625,0.003570556640625
1760555092867796000,0.9817958984375,-1.0001983642578125,-0.017730712890625,0.0030059814453125
1760555092877800000,0.991800048828125,-0.999053955078125,-0.018280029296875,0.0042572021484375
1760555092887805000,1.001804931640625,-0.9949493408203125,-0.0211944580078125,0.0070648193359375
1760555092897809200,1.01180908203125,-0.99853515625,-0.022796630859375,0.0018768310546875
1760555092907813000,1.021813232421875,-0.9957122802734375,-0.029144287109375,0.0015411376953125
1760555092917818000,1.031818115234375,-0.9973602294921875,-0.0251007080078125,-0.002044677734375
1760555092927822000,1.041822021484375,-1.00274658203125,-0.017364501953125,-0.0059356689453125
1760555092937826000,1.051825927734375,-0.9971466064453125,-0.0236663818359375,-0.00140380859375
1760555092947831000,1.0618310546875,-0.997161865234375,-0.02691650390625,0.0006103515625
1760555092957835000,1.0718349609375,-0.9996795654296875,-0.0200347900390625,0.0145721435546875
1760555092967840000,1.081840087890625,-0.99822998046875,-0.0147857666015625,0.0161895751953125
1760555092977844000,1.091843994140625,-1.0015716552734375,-0.0194244384765625,0.0093841552734375
1760555092987848000,1.101847900390625,-0.99774169921875,-0.02105712890625,0.0074920654296875
1760555092997853000,1.11185302734375,-0.9969635009765625,-0.0262451171875,0.003082275390625
1760555093007857200,1.121857177734375,-1.0001983642578125,-0.0247344970703125,-0.0032196044921875
1760555093017861000,1.131861083984375,-0.9979705810546875,-0.022369384765625,-0.0002288818359375
1760555093027866000,1.1418662109375,-0.9976348876953125,-0.02545166015625,-0.000518798828125
1760555093037870000,1.1518701171875,-0.9980010986328125,-0.02423095703125,0.000274658203125
1760555093047876000,1.1618759765625,-0.995391845703125,-0.0228729248046875,0.005828857421875
1760555093057880000,1.171880126953125,-0.99658203125,-0.0218048095703125,0.013671875
1760555093067884000,1.181884033203125,-0.9979400634765625,-0.012298583984375,0.0197906494140625
1760555093077889000,1.191888916015625,-0.9991912841796875,-0.013580322265625,0.0189971923828125
1760555093087893000,1.20189306640625,-1.00238037109375,-0.013641357421875,0.01739501953125
1760555093097897000,1.21189697265625,-0.9978485107421875,-0.0088958740234375,0.0233154296875
1760555093107902000,1.22190185546875,-1.0031280517578125,-0.01080322265625,0.0200347900390625
1760555093117906200,1.23190625,-1.0008697509765625,-0.0154571533203125,0.010406494140625
1760555093127911200,1.2419111328125,-0.994110107421875,-0.02325439453125,0.01068115234375
1760555093137915100,1.2519150390625,-0.999908447265625,-0.0209197998046875,0.0020751953125
1760555093147919000,1.261919189453125,-1.0009918212890625,-0.0234375,0.0006256103515625
1760555093157924000,1.271924072265625,-0.998046875,-0.020843505859375,0.001708984375
1760555093167928000,1.281927978515625,-0.999725341796875,-0.0167083740234375,-0.000823974609375
1760555093177932000,1.29193212890625,-0.9953155517578125,-0.0247039794921875,0.0035858154296875
1760555093187937000,1.30193701171875,-0.995452880859375,-0.026123046875,0.0050506591796875
1760555093197941000,1.31194091796875,-0.997772216796875,-0.02178955078125,0.0110626220703125
1760555093207945200,1.3219453125,-0.99456787109375,-0.0180511474609375,0.0219573974609375
1760555093217950200,1.3319501953125,-0.9999237060546875,-0.0123291015625,0.0185089111328125
1760555093227954200,1.3419541015625,-1.004486083984375,-0.0104827880859375,0.0104217529296875
1760555093237959200,1.351959228515625,-0.9982452392578125,-0.0166168212890625,0.009429931640625
1760555093247963000,1.361962890625,-0.9999542236328125,-0.0214996337890625,0.001983642578125
1760555093257967000,1.371967041015625,-1.002227783203125,-0.0172882080078125,-0.0011138916015625
1760555093267972000,1.38197216796875,-1.0014801025390625,-0.0162811279296875,-0.00433349609375
1760555093277976000,1.39197607421875,-1.0013427734375,-0.0216522216796875,-0.009613037109375
1760555093287980000,1.40197998046875,-0.994232177734375,-0.0277099609375,-0.0050506591796875
1760555093297985000,1.411985107421875,-0.9978179931640625,-0.0244903564453125,-0.0052337646484375
1760555093307989200,1.4219892578125,-0.996337890625,-0.025787353515625,0.00189208984375
1760555093317994200,1.431994140625,-0.988525390625,-0.0321197509765625,0.017669677734375
1760555093327998200,1.441998291015625,-0.99713134765625,-0.0242767333984375,0.0184783935546875
1760555093338002000,1.452001953125,-1.0007476806640625,-0.0170440673828125,0.0163116455078125
1760555093348007000,1.4620068359375,-0.9954376220703125,-0.016845703125,0.0140533447265625
1760555093358011000,1.472010986328125,-1.0046539306640625,-0.01470947265625,-0.002410888671875
1760555093368015000,1.48201513671875,-1.001068115234375,-0.015045166015625,-0.0013580322265625
1760555093378020000,1.49202001953125,-0.9952239990234375,-0.016326904296875,0.002960205078125
1760555093388024000,1.502024169921875,-1.0048828125,-0.0213775634765625,-0.0045013427734375
1760555093398029000,1.512029052734375,-0.9967498779296875,-0.0207977294921875,-0.0012969970703125
1760555093408033000,1.522032958984375,-0.9982147216796875,-0.027099609375,-0.00653076171875
1760555093418037200,1.532037353515625,-0.997100830078125,-0.0318756103515625,-0.0037841796875
1760555093428042200,1.542042236328125,-0.9888458251953125,-0.0321807861328125,0.0072784423828125
1760555093438046000,1.5520458984375,-0.999176025390625,-0.02142333984375,-0.000244140625
1760555093448050000,1.5620498046875,-0.999359130859375,-0.021148681640625,0.0028839111328125
1760555093458055000,1.572054931640625,-0.9940338134765625,-0.0204925537109375,0.0089111328125
1760555093468059100,1.58205908203125,-1.00030517578125,-0.0180511474609375,0.0003814697265625
1760555093478064000,1.592064208984375,-0.998504638671875,-0.0225677490234375,-0.0000762939453125
1760555093488068000,1.602068115234375,-0.997802734375,-0.0229034423828125,-0.00250244140625
1760555093498072000,1.612072021484375,-1.0015411376953125,-0.01800537109375,-0.0017547607421875
1760555093508077000,1.6220771484375,-1.0003814697265625,-0.0122528076171875,0.00341796875
1760555093518081000,1.6320810546875,-1.00238037109375,-0.01220703125,0.0062103271484375
1760555093528085000,1.6420849609375,-1.0004425048828125,-0.0171051025390625,0.0053558349609375
1760555093538090000,1.652090087890625,-0.998077392578125,-0.018341064453125,0.000946044921875
1760555093548094000,1.662093994140625,-0.9989471435546875,-0.0212249755859375,-0.0035400390625
1760555093558099000,1.672098876953125,-0.9912261962890625,-0.030548095703125,-0.0102386474609375
1760555093568103200,1.682103271484375,-0.993377685546875,-0.04180908203125,-0.011474609375
1760555093578107100,1.692107177734375,-0.9921722412109375,-0.0382080078125,0.0027618408203125
1760555093588112100,1.702112060546875,-0.9950408935546875,-0.025665283203125,0.01373291015625
1760555093598116000,1.7121162109375,-1.0002899169921875,-0.02032470703125,0.007598876953125
1760555093608120000,1.7221201171875,-0.9998779296875,-0.01580810546875,0.009033203125
1760555093618125000,1.732125,-1.0024566650390625,-0.0085906982421875,0.008819580078125
1760555093628129000,1.74212890625,-1.000762939453125,-0.01318359375,0.0077667236328125
1760555093638134000,1.752134033203125,-0.994384765625,-0.0203094482421875,0.0029449462890625
1760555093648138000,1.762137939453125,-0.998992919921875,-0.02191162109375,-0.00714111328125
1760555093658142200,1.77214208984375,-0.997467041015625,-0.02545166015625,-0.00372314453125
1760555093668147200,1.782147216796875,-0.995025634765625,-0.0221405029296875,-0.0032196044921875
1760555093678151200,1.792151123046875,-1.004638671875,-0.0135955810546875,-0.0061798095703125
1760555093688155100,1.802155029296875,-1.00091552734375,-0.0116119384765625,0.0039825439453125
1760555093698160000,1.81216015625,-0.99554443359375,-0.016815185546875,0.0064697265625
1760555093708164000,1.8221640625,-0.9971923828125,-0.02630615234375,0.0042266845703125
1760555093718168000,1.83216796875,-0.993896484375,-0.027374267578125,-0.0000457763671875
1760555093728173000,1.842173095703125,-0.9947357177734375,-0.030303955078125,-0.0105743408203125
1760555093738177000,1.852177001953125,-0.99090576171875,-0.0424652099609375,-0.004730224609375
1760555093748182000,1.86218212890625,-0.9907684326171875,-0.03045654296875,-0.0069122314453125
1760555093758186000,1.87218603515625,-1.001312255859375,-0.0266265869140625,-0.0108795166015625
1760555093768190200,1.882190185546875,-0.993438720703125,-0.0193328857421875,-0.003326416015625
1760555093778195200,1.8921953125,-0.9988555908203125,-0.01007080078125,-0.0109405517578125
1760555093788199000,1.902198974609375,-0.9960784912109375,-0.02252197265625,-0.017578125
1760555093798203000,1.912202880859375,-0.9885711669921875,-0.0319976806640625,-0.0135040283203125
1760555093808208000,1.922207763671875,-1.0056610107421875,-0.014129638671875,-0.0185394287109375
1760555093818212000,1.932212158203125,-1.0046844482421875,-0.0048675537109375,-0.0151214599609375
1760555093828217000,1.942217041015625,-1.00677490234375,0.0059356689453125,-0.004486083984375
1760555093838221000,1.952220947265625,-1.0056915283203125,0.00628662109375,0.0029449462890625
1760555093848225000,1.96222509765625,-1.0042572021484375,0.0051116943359375,0.004669189453125
1760555093858230000,1.97222998046875,-1.0055389404296875,0.004852294921875,-0.0017852783203125
1760555093868234200,1.982234130859375,-0.99786376953125,-0.0078125,-0.0063018798828125
1760555093878238000,1.992238037109375,-0.9890594482421875,-0.026702880859375,-0.008453369140625
1760555093888243000,2.002242919921875,-0.9976043701171875,-0.0186309814453125,-0.016571044921875
1760555093898247000,2.012246826171875,-1.0027313232421875,-0.0072479248046875,-0.0272369384765625
1760555093908252000,2.022251953125,-1.0001373291015625,-0.0037078857421875,-0.0264739990234375
1760555093918256000,2.032256103515625,-1.00091552734375,0.00244140625,-0.021453857421875
1760555093928260000,2.042260009765625,-1.000701904296875,-0.001434326171875,-0.0208892822265625
1760555093938265000,2.05226513671875,-1.0018463134765625,-0.002044677734375,-0.020355224609375
1760555093948269000,2.06226904296875,-1.002471923828125,-0.0050201416015625,-0.01617431640625
1760555093958273300,2.072273193359375,-0.9958648681640625,-0.0132904052734375,-0.0171051025390625
1760555093968278300,2.0822783203125,-0.9971160888671875,-0.012451171875,-0.0142669677734375
1760555093978282000,2.092281982421875,-1.0030364990234375,-0.002655029296875,-0.0079498291015625
1760555093988287000,2.102286865234375,-1.005279541015625,0.0059356689453125,0.0018768310546875
1760555093998291000,2.112291015625,-1.00189208984375,0.0072021484375,0.002777099609375
1760555094008295200,2.122295166015625,-1.0006256103515625,0.000518798828125,-0.0084228515625
1760555094018300200,2.132300048828125,-1.0022430419921875,-0.003143310546875,-0.01470947265625
1760555094028304100,2.14230419921875,-0.996734619140625,-0.00860595703125,-0.00909423828125
1760555094038308000,2.15230810546875,-0.9952545166015625,-0.014129638671875,-0.0059661865234375
1760555094048312000,2.16231201171875,-0.9953460693359375,-0.0164794921875,-0.0099639892578125
1760555094058316300,2.17231640625,-0.992462158203125,-0.02410888671875,-0.0106048583984375
1760555094068321300,2.1823212890625,-0.9928131103515625,-0.0210418701171875,-0.009368896484375
1760555094078325200,2.1923251953125,-0.998931884765625,-0.010650634765625,-0.0124053955078125
1760555094088329000,2.202328857421875,-1.0025787353515625,-0.0018463134765625,-0.015594482421875
1760555094098334000,2.212333984375,-1.001434326171875,-0.00396728515625,-0.01348876953125
1760555094108338200,2.222338134765625,-0.999542236328125,-0.0064849853515625,-0.01177978515625
1760555094118342100,2.232342041015625,-1.002349853515625,-0.001617431640625,-0.0099029541015625
1760555094128347100,2.24234716796875,-0.999969482421875,-0.001953125,-0.000091552734375
1760555094138351000,2.25235107421875,-0.9999237060546875,-0.00042724609375,0.01092529296875
1760555094148356000,2.262356201171875,-1.0016326904296875,-0.002593994140625,0.0060272216796875
1760555094158360300,2.2723603515625,-1.0030517578125,-0.005645751953125,-0.0081939697265625
1760555094168364300,2.2823642578125,-1.000396728515625,-0.0073394775390625,-0.0145721435546875
1760555094178369300,2.292369384765625,-0.9993896484375,-0.010406494140625,-0.0137786865234375
1760555094188373000,2.302373046875,-0.9990234375,-0.0129852294921875,-0.007171630859375
1760555094198377200,2.312377197265625,-0.9911651611328125,-0.02276611328125,0.0017242431640625
1760555094208382200,2.32238232421875,-0.987274169921875,-0.0304107666015625,0.00457763671875
1760555094218386200,2.33238623046875,-0.98797607421875,-0.0408477783203125,0.0022430419921875
1760555094228391200,2.34239111328125,-0.99688720703125,-0.025146484375,-0.0028839111328125
1760555094238395100,2.35239501953125,-0.9973602294921875,-0.0103912353515625,0.00091552734375
1760555094248399400,2.3623994140625,-0.998931884765625,-0.0089569091796875,-0.002655029296875
1760555094258404400,2.372404296875,-1.0059661865234375,0.00079345703125,-0.0059967041015625
1760555094268408300,2.382408203125,-1.0011138916015625,0.0009613037109375,0.0020599365234375
1760555094278412000,2.392412109375,-0.9967193603515625,-0.0046234130859375,0.0023956298828125
1760555094288417000,2.4024169921875,-1.0000152587890625,-0.014129638671875,-0.01275634765625
1760555094298421200,2.412421142578125,-0.998687744140625,-0.0143890380859375,-0.01763916015625
1760555094308426200,2.42242626953125,-0.9980621337890625,-0.0106964111328125,-0.01092529296875
1760555094318430200,2.43243017578125,-0.999786376953125,-0.008697509765625,-0.005859375
1760555094328434200,2.44243408203125,-1.0021209716796875,-0.0035858154296875,-0.0052490234375
1760555094338439200,2.452439208984375,-0.99993896484375,-0.005706787109375,-0.0031585693359375
1760555094348443400,2.462443359375,-0.997833251953125,-0.0121002197265625,-0.0044708251953125
1760555094358447000,2.472447021484375,-0.9962005615234375,-0.0139617919921875,-0.0119476318359375
1760555094368452000,2.4824521484375,-0.9923248291015625,-0.025787353515625,-0.0072479248046875
1760555094378456000,2.4924560546875,-0.993133544921875,-0.022064208984375,-0.0036773681640625
1760555094388461000,2.5024609375,-0.9998016357421875,-0.009521484375,-0.0048828125
1760555094398465300,2.51246533203125,-1.002197265625,-0.0058135986328125,-0.0058441162109375
1760555094408469200,2.52246923828125,-0.99945068359375,-0.004608154296875,-0.003021240234375
1760555094418474200,2.53247412109375,-1.0009002685546875,-0.00775146484375,-0.00787353515625
1760555094428478200,2.542478271484375,-1.00311279296875,0.002838134765625,-0.017547607421875
1760555094438482200,2.552482177734375,-1.0008697509765625,-0.0037841796875,-0.0126495361328125
1760555094448487200,2.562487060546875,-0.9959259033203125,-0.008056640625,-0.0059967041015625
1760555094458491100,2.5724912109375,-0.998199462890625,-0.005523681640625,-0.0095672607421875
1760555094468496100,2.58249609375,-1.0009918212890625,-0.003326416015625,-0.012420654296875
1760555094478500000,2.5925,-1.0025787353515625,-0.0015411376953125,-0.0037841796875
1760555094488504000,2.602504150390625,-0.9999847412109375,-0.0035247802734375,-0.001678466796875
1760555094498509000,2.612509033203125,-0.9975738525390625,-0.01031494140625,-0.0051422119140625
1760555094508513300,2.62251318359375,-0.999725341796875,-0.0105438232421875,-0.0092010498046875
1760555094518517200,2.632517333984375,-0.997314453125,-0.01251220703125,-0.005279541015625
1760555094528522200,2.642522216796875,-0.99285888671875,-0.020843505859375,-0.0041046142578125
1760555094538526200,2.652526123046875,-0.996185302734375,-0.018951416015625,-0.0117950439453125
1760555094548531200,2.66253125,-0.999420166015625,-0.012298583984375,-0.01068115234375
1760555094558535200,2.67253515625,-0.9977264404296875,-0.005645751953125,-0.0037994384765625
1760555094568539100,2.6825390625,-1.00103759765625,-0.00531005859375,-0.00738525390625
1760555094578544000,2.692544189453125,-1.00439453125,-0.00054931640625,-0.00885009765625
1760555094588548000,2.702548095703125,-1.0007781982421875,0.001251220703125,-0.0044097900390625
1760555094598552300,2.71255224609375,-1.000274658203125,-0.0032196044921875,0.0065460205078125
1760555094608557300,2.722557373046875,-1.0001678466796875,-0.003875732421875,-0.00164794921875
1760555094618561300,2.732561279296875,-0.9969482421875,-0.01092529296875,-0.0066680908203125
1760555094628566300,2.742566162109375,-0.9963531494140625,-0.0164031982421875,-0.0060882568359375
1760555094638570000,2.752570068359375,-1.0026092529296875,-0.00665283203125,-0.0080718994140625
1760555094648574200,2.76257421875,-1.0032806396484375,-0.0021820068359375,-0.00909423828125
1760555094658579200,2.7725791015625,-0.9994049072265625,-0.0072174072265625,-0.00799560546875
1760555094668583200,2.782583251953125,-0.9967803955078125,-0.0147705078125,-0.009796142578125
1760555094678588200,2.792588134765625,-0.9951934814453125,-0.0178070068359375,-0.0086669921875
1760555094688592100,2.802592041015625,-0.9920806884765625,-0.0281524658203125,-0.0045623779296875
1760555094698596400,2.812596435546875,-0.99810791015625,-0.0188751220703125,-0.008392333984375
1760555094708601300,2.822601318359375,-1.002105712890625,-0.006805419921875,-0.0054779052734375
1760555094718605300,2.832605224609375,-0.9992828369140625,-0.006103515625,-0.000213623046875
1760555094728609000,2.842609130859375,-1.001953125,-0.007171630859375,-0.005950927734375
1760555094738614000,2.852614013671875,-1.0041656494140625,-0.0037841796875,-0.0095062255859375
1760555094748618200,2.8626181640625,-1.0009918212890625,-0.0069427490234375,-0.002532958984375
1760555094758623200,2.872623291015625,-0.9970550537109375,-0.017578125,-0.007568359375
1760555094768627200,2.882627197265625,-0.999725341796875,-0.015533447265625,-0.0112762451171875
1760555094778631200,2.892631103515625,-0.995452880859375,-0.0143280029296875,-0.0065460205078125
1760555094788636200,2.90263623046875,-0.9949798583984375,-0.0240020751953125,-0.0094146728515625
1760555094798640000,2.91264013671875,-0.9918060302734375,-0.029998779296875,-0.005767822265625
1760555094808644400,2.922644287109375,-0.994232177734375,-0.0271148681640625,-0.002471923828125
1760555094818649300,2.9326494140625,-0.998504638671875,-0.0183258056640625,-0.0093841552734375
1760555094828653000,2.942653076171875,-0.999053955078125,-0.01348876953125,-0.0100250244140625
1760555094838658000,2.952657958984375,-1.00299072265625,-0.0087432861328125,-0.0116424560546875
1760555094848662000,2.962662109375,-0.997528076171875,-0.018798828125,-0.0043182373046875
1760555094858666200,2.972666259765625,-0.995880126953125,-0.0183563232421875,-0.00262451171875
1760555094868671200,2.982671142578125,-1.002655029296875,-0.0122833251953125,0.00079345703125
1760555094878675200,2.99267529296875,-1.0002288818359375,-0.0079345703125,0.00042724609375
1760555094888679200,3.00267919921875,-0.99969482421875,-0.0164031982421875,0.001983642578125
1760555094898684200,3.01268408203125,-0.9930267333984375,-0.0218505859375,0.003173828125
1760555094908688400,3.0226884765625,-0.9956512451171875,-0.02490234375,-0.012420654296875
1760555094918693400,3.032693359375,-0.991241455078125,-0.039215087890625,-0.0185699462890625
1760555094928697000,3.042697021484375,-0.987640380859375,-0.037078857421875,-0.0153350830078125
1760555094938701000,3.052701171875,-0.996856689453125,-0.0303497314453125,-0.014404296875
1760555094948706000,3.0627060546875,-0.9954071044921875,-0.024169921875,-0.009429931640625
1760555094958710300,3.072710205078125,-1.0010223388671875,-0.015594482421875,-0.0052337646484375
1760555094968714200,3.08271435546875,-0.9991455078125,-0.011138916015625,0.0003204345703125
1760555094978719200,3.09271923828125,-0.995697021484375,-0.0166473388671875,0.0018463134765625
1760555094988723200,3.10272314453125,-0.9990081787109375,-0.0141754150390625,-0.00091552734375
1760555094998728200,3.112728271484375,-0.9980621337890625,-0.010986328125,-0.0001220703125
1760555095008732200,3.122732177734375,-1.0016632080078125,-0.0164642333984375,-0.0067138671875
1760555095018736000,3.132736083984375,-0.9987640380859375,-0.0135650634765625,-0.0087738037109375
1760555095028741000,3.1427412109375,-0.99810791015625,-0.0146636962890625,-0.0014495849609375
1760555095038745000,3.1527451171875,-1.0015106201171875,-0.0136260986328125,-0.004547119140625
1760555095048749600,3.16274951171875,-1.0004730224609375,-0.0128326416015625,-0.0061187744140625
1760555095058753500,3.17275341796875,-0.996856689453125,-0.015411376953125,-0.0077667236328125
1760555095068757500,3.182757568359375,-0.996826171875,-0.0189666748046875,-0.0107879638671875
1760555095078762500,3.192762451171875,-0.9991912841796875,-0.0201568603515625,-0.016632080078125
1760555095088766500,3.202766357421875,-0.9962921142578125,-0.01959228515625,-0.0047454833984375
1760555095098770400,3.2127705078125,-0.998565673828125,-0.01287841796875,0.0012359619140625
1760555095108775400,3.222775390625,-1.000335693359375,-0.012420654296875,0.00244140625
1760555095118779400,3.232779296875,-0.99627685546875,-0.0130615234375,0.0112457275390625
1760555095128784400,3.242784423828125,-1.0003662109375,-0.0074615478515625,0.008819580078125
1760555095138788400,3.252788330078125,-1.0014190673828125,-0.0054473876953125,0.001739501953125
1760555095148792600,3.26279248046875,-0.9960784912109375,-0.0197906494140625,0.0009765625
1760555095158797600,3.272797607421875,-0.9962310791015625,-0.0213165283203125,-0.003204345703125
1760555095168801500,3.282801513671875,-0.9951019287109375,-0.0190277099609375,-0.006561279296875
1760555095178805500,3.292805419921875,-0.9994659423828125,-0.0150909423828125,-0.0101318359375
1760555095188810500,3.302810546875,-0.99676513671875,-0.017791748046875,-0.0084075927734375
1760555095198814500,3.312814453125,-0.9972686767578125,-0.0173492431640625,-0.0015716552734375
1760555095208819500,3.3228193359375,-1.0036773681640625,-0.0055694580078125,0.0033721923828125
1760555095218823400,3.332823486328125,-1.0027618408203125,-0.000732421875,0.00909423828125
1760555095228827400,3.342827392578125,-1.0012359619140625,-0.0019683837890625,0.0055389404296875
1760555095238832400,3.352832275390625,-1.004638671875,-0.0045166015625,-0.005859375
1760555095248836600,3.362836669921875,-0.9979705810546875,-0.0071563720703125,-0.006195068359375
1760555095258840600,3.372840576171875,-0.997955322265625,-0.013946533203125,-0.015838623046875
1760555095268845600,3.382845458984375,-0.9940338134765625,-0.0253448486328125,-0.016937255859375
1760555095278849300,3.392849365234375,-0.9921112060546875,-0.0251922607421875,-0.0136871337890625
1760555095288854300,3.402854248046875,-1.0006256103515625,-0.0191192626953125,-0.0118255615234375
1760555095298858500,3.4128583984375,-0.9981842041015625,-0.0158538818359375,-0.006072998046875
1760555095308862500,3.422862548828125,-0.9975433349609375,-0.0174102783203125,-0.0050048828125
1760555095318867500,3.432867431640625,-1.000213623046875,-0.0163726806640625,-0.00408935546875
1760555095328871400,3.442871337890625,-0.99755859375,-0.0118865966796875,-0.0013885498046875
1760555095338876400,3.45287646484375,-0.9980316162109375,-0.0132293701171875,-0.001495361328125
1760555095348880600,3.462880615234375,-0.9977874755859375,-0.0119781494140625,0.00006103515625
1760555095358884600,3.472884521484375,-0.9972076416015625,-0.0160980224609375,-0.004241943359375
1760555095368889600,3.4828896484375,-0.99493408203125,-0.022003173828125,-0.0045928955078125
1760555095378893300,3.492893310546875,-0.9960174560546875,-0.0161895751953125,-0.000213623046875
1760555095388897500,3.5028974609375,-1.002044677734375,-0.0093841552734375,-0.0037078857421875
1760555095398902500,3.512902587890625,-0.9994964599609375,-0.0131378173828125,-0.0012664794921875
1760555095408906500,3.522906494140625,-0.995635986328125,-0.014923095703125,-0.0021514892578125
1760555095418911500,3.532911376953125,-0.9990997314453125,-0.0137481689453125,-0.0046844482421875
1760555095428915500,3.54291552734375,-0.9980010986328125,-0.0174713134765625,-0.0035858154296875
1760555095438919400,3.55291943359375,-0.9980621337890625,-0.017059326171875,-0.004608154296875
1760555095448924400,3.56292431640625,-0.9973907470703125,-0.0156402587890625,-0.002349853515625
1760555095458928600,3.5729287109375,-0.9973602294921875,-0.0153656005859375,-0.001251220703125
1760555095468932400,3.582932373046875,-0.999237060546875,-0.0161590576171875,-0.0035400390625
1760555095478937300,3.592937255859375,-0.9988861083984375,-0.0111083984375,0.00201416015625
1760555095488941300,3.60294140625,-1.001068115234375,-0.0079803466796875,0.0062103271484375
1760555095498946300,3.6129462890625,-0.9981536865234375,-0.01263427734375,0.0074310302734375
1760555095508950500,3.622950439453125,-0.99932861328125,-0.013275146484375,0.0009307861328125
1760555095518954500,3.63295458984375,-0.9992523193359375,-0.0110931396484375,-0.002349853515625
1760555095528959500,3.64295947265625,-0.998748779296875,-0.0157470703125,-0.0070648193359375
1760555095538963500,3.65296337890625,-1.0035247802734375,-0.00994873046875,-0.010406494140625
1760555095548968400,3.662968505859375,-0.9997711181640625,-0.0057373046875,-0.0045623779296875
1760555095558972700,3.67297265625,-0.9985198974609375,-0.017364501953125,-0.0006103515625
1760555095568976400,3.682976318359375,-0.9988861083984375,-0.01580810546875,0.000885009765625
1760555095578981400,3.6929814453125,-0.9951629638671875,-0.0154266357421875,0.0041656494140625
1760555095588985300,3.7029853515625,-1.0004119873046875,-0.013671875,0.00372314453125
1760555095598989600,3.712989501953125,-0.99652099609375,-0.01336669921875,0.0013885498046875
1760555095608994600,3.72299462890625,-0.9983978271484375,-0.016204833984375,-0.0043182373046875
1760555095618998500,3.73299853515625,-0.99700927734375,-0.0180206298828125,-0.005218505859375
1760555095629003500,3.74300341796875,-0.9954986572265625,-0.017547607421875,-0.0043792724609375
1760555095639007500,3.753007568359375,-0.9969635009765625,-0.0194244384765625,-0.008209228515625
1760555095649011500,3.763011474609375,-0.9980010986328125,-0.0173187255859375,-0.00537109375
1760555095659016400,3.773016357421875,-1.0000762939453125,-0.012664794921875,-0.0043487548828125
1760555095669020400,3.7830205078125,-0.999420166015625,-0.01239013671875,-0.0046844482421875
1760555095679025400,3.793025390625,-0.99462890625,-0.0175323486328125,-0.0070343017578125
1760555095689029400,3.803029296875,-0.997161865234375,-0.0188446044921875,-0.0018310546875
1760555095699033600,3.81303369140625,-0.9977569580078125,-0.0160675048828125,0.002899169921875
1760555095709038600,3.82303857421875,-1.000518798828125,-0.0140228271484375,0.0016632080078125
1760555095719042600,3.83304248046875,-1.0000152587890625,-0.009735107421875,0.0053863525390625
1760555095729046500,3.843046630859375,-1.0049285888671875,-0.0069732666015625,0.00323486328125
1760555095739051500,3.853051513671875,-1.0007171630859375,-0.01275634765625,-0.002227783203125
1760555095749055500,3.863055419921875,-0.9956817626953125,-0.01873779296875,-0.0035858154296875
1760555095759060500,3.873060546875,-0.9968719482421875,-0.0180206298828125,-0.007598876953125
1760555095769064400,3.883064453125,-0.998382568359375,-0.0195159912109375,-0.0071563720703125
1760555095779068400,3.893068359375,-0.995513916015625,-0.0198822021484375,-0.0029296875
1760555095789073400,3.903073486328125,-1.001922607421875,-0.0120849609375,-0.001708984375
1760555095799077600,3.91307763671875,-1.00115966796875,-0.0086669921875,-0.0003204345703125
1760555095809081600,3.92308154296875,-0.9984283447265625,-0.011749267578125,-0.00091552734375
1760555095819086600,3.933086669921875,-0.9976043701171875,-0.0131683349609375,0.000335693359375
1760555095829090600,3.943090576171875,-1.0006866455078125,-0.01409912109375,-0.000701904296875
1760555095839095600,3.953095458984375,-0.9990234375,-0.01678466796875,-0.005218505859375
1760555095849099500,3.963099609375,-0.995269775390625,-0.021575927734375,-0.0013885498046875
1760555095859103500,3.973103515625,-0.996978759765625,-0.020751953125,-0.0010223388671875
1760555095869108500,3.9831083984375,-0.99774169921875,-0.0183258056640625,0.0011749267578125
1760555095879111400,3.993111328125,-0.9959564208984375,-0.012725830078125,0.0024871826171875
1760555095889115600,4.00311572265625,-1.0009307861328125,-0.0100555419921875,-0.0025787353515625
1760555095899119400,4.013119384765625,-1.0012359619140625,-0.0104217529296875,-0.0075225830078125
1760555095909124400,4.023124267578125,-0.9974517822265625,-0.01702880859375,-0.010101318359375
1760555095919128300,4.03312841796875,-0.9986724853515625,-0.017486572265625,-0.010498046875
1760555095929132500,4.043132568359375,-0.9951629638671875,-0.0218353271484375,-0.003631591796875
1760555095939137500,4.053137451171875,-0.9952850341796875,-0.0220489501953125,-0.001739501953125
1760555095949141500,4.0631416015625,-0.99798583984375,-0.0167083740234375,-0.0012969970703125
1760555095959146500,4.073146484375,-0.99505615234375,-0.0192413330078125,0.002532958984375
1760555095969150500,4.083150390625,-0.9982147216796875,-0.0136566162109375,-0.0028228759765625
1760555095979154700,4.09315478515625,-1.001708984375,-0.0120697021484375,-0.005462646484375
1760555095989159700,4.10315966796875,-0.999176025390625,-0.0169219970703125,-0.00421142578125
1760555095999163400,4.113163330078125,-0.9969329833984375,-0.018646240234375,-0.001922607421875
1760555096009168400,4.12316845703125,-0.9975738525390625,-0.0157623291015625,-0.0055389404296875
1760555096019172400,4.13317236328125,-1.000274658203125,-0.0100860595703125,-0.0102386474609375
1760555096029176600,4.143176513671875,-1.00164794921875,-0.0093231201171875,-0.01373291015625
1760555096039181600,4.153181640625,-0.9994659423828125,-0.011749267578125,-0.0137786865234375
1760555096049185500,4.163185546875,-1.00091552734375,-0.0088043212890625,-0.0111236572265625
1760555096059189800,4.173189697265625,-0.9980926513671875,-0.0154876708984375,-0.000091552734375
1760555096069194800,4.18319482421875,-0.9968719482421875,-0.014312744140625,0.0054168701171875
1760555096079198700,4.19319873046875,-0.9973297119140625,-0.0166778564453125,-0.0026397705078125
1760555096089203700,4.20320361328125,-0.99713134765625,-0.016510009765625,-0.005340576171875
1760555096099207700,4.213207763671875,-0.9994049072265625,-0.01422119140625,-0.0014801025390625
1760555096109211600,4.223211669921875,-0.999298095703125,-0.0156097412109375,-0.0057525634765625
1760555096119216600,4.233216552734375,-0.9981536865234375,-0.01690673828125,-0.0101470947265625
1760555096129220600,4.243220703125,-0.999969482421875,-0.0143280029296875,-0.01068115234375
1760555096139225600,4.2532255859375,-0.999237060546875,-0.0139312744140625,-0.0083465576171875
1760555096149229800,4.263229736328125,-0.996307373046875,-0.015716552734375,-0.0079345703125
1760555096159233800,4.27323388671875,-1.000091552734375,-0.008392333984375,-0.006805419921875
1760555096169238800,4.28323876953125,-1.0010528564453125,-0.0073089599609375,-0.006256103515625
1760555096179242500,4.293242431640625,-1.001220703125,-0.0068206787109375,-0.0043487548828125
1760555096189246700,4.303246826171875,-1.003997802734375,-0.002105712890625,-0.0058135986328125
1760555096199251700,4.313251708984375,-1.0009613037109375,-0.008148193359375,-0.006591796875
1760555096209255700,4.323255615234375,-0.998748779296875,-0.0101470947265625,-0.0018463134765625
1760555096219260700,4.3332607421875,-0.9960174560546875,-0.0144500732421875,-0.004058837890625
1760555096229264600,4.3432646484375,-0.9978790283203125,-0.0145263671875,-0.001434326171875
1760555096239270700,4.353270751953125,-1.0006256103515625,-0.009552001953125,0.0031280517578125
1760555096249274600,4.363274658203125,-0.999359130859375,-0.0098876953125,0.0045318603515625
1760555096259279600,4.373279541015625,-0.997467041015625,-0.0139312744140625,-0.00048828125
1760555096269283800,4.383283935546875,-0.9952545166015625,-0.015106201171875,-0.00177001953125
1760555096279288800,4.393288818359375,-0.9967041015625,-0.0128936767578125,-0.0056304931640625
1760555096289292800,4.403292724609375,-0.9967193603515625,-0.01806640625,-0.0068359375
1760555096299296500,4.413296630859375,-0.9960479736328125,-0.0176849365234375,-0.00555419921875
1760555096309301500,4.423301513671875,-0.99835205078125,-0.016876220703125,-0.0034942626953125
1760555096319305700,4.4333056640625,-0.9989471435546875,-0.012939453125,-0.00274658203125
1760555096329309700,4.443309814453125,-0.9979705810546875,-0.0112152099609375,0.0007781982421875
1760555096339314700,4.453314697265625,-0.9963836669921875,-0.0130767822265625,-0.0039520263671875
1760555096349318700,4.463318603515625,-0.9983673095703125,-0.0164947509765625,-0.000396728515625
1760555096359323600,4.47332373046875,-0.996368408203125,-0.0153045654296875,-0.001617431640625
1760555096369327900,4.483327880859375,-0.9983978271484375,-0.011810302734375,-0.004730224609375
1760555096379331800,4.493331787109375,-0.9998016357421875,-0.0139617919921875,-0.001556396484375
1760555096389336800,4.5033369140625,-0.9966583251953125,-0.01385498046875,0.0008697509765625
1760555096399340500,4.513340576171875,-1.0008697509765625,-0.008056640625,0.0001983642578125
1760555096409345500,4.523345458984375,-1.00079345703125,-0.005859375,-0.002166748046875
1760555096419349800,4.533349853515625,-0.998016357421875,-0.007476806640625,-0.00079345703125
1760555096429353700,4.543353759765625,-1.0017852783203125,-0.007659912109375,-0.005157470703125
1760555096439358700,4.553358642578125,-1.00146484375,-0.0076904296875,-0.0043487548828125
1760555096449362700,4.56336279296875,-1.0001678466796875,-0.0076141357421875,-0.00341796875
1760555096459367700,4.57336767578125,-1.0012359619140625,-0.0077362060546875,-0.0072021484375
1760555096469372000,4.583371826171875,-0.997314453125,-0.011566162109375,-0.003448486328125
1760555096479376000,4.5933759765625,-0.9963531494140625,-0.015380859375,0.0008544921875
1760555096489380900,4.603380859375,-0.996795654296875,-0.01641845703125,-0.001190185546875
1760555096499384600,4.613384521484375,-0.9969940185546875,-0.015350341796875,-0.0033416748046875
1760555096509389600,4.6233896484375,-0.9990234375,-0.0161285400390625,-0.0034332275390625
1760555096519393800,4.633393798828125,-0.9962310791015625,-0.0156097412109375,-0.0054931640625
1760555096529397800,4.643397705078125,-0.9981536865234375,-0.0138702392578125,-0.0016632080078125
1760555096539402800,4.65340283203125,-0.9965972900390625,-0.01226806640625,-0.0035247802734375
1760555096549406700,4.66340673828125,-0.9959716796875,-0.0162811279296875,-0.00567626953125
1760555096559410700,4.67341064453125,-0.9961090087890625,-0.013519287109375,-0.0011444091796875
1760555096569415700,4.683415771484375,-1.00091552734375,-0.0094757080078125,0.0003204345703125
1760555096579419600,4.693419677734375,-0.99981689453125,-0.0108489990234375,-0.000274658203125
1760555096589424600,4.703424560546875,-0.998443603515625,-0.0126495361328125,0.0007476806640625
1760555096599428600,4.7134287109375,-0.998565673828125,-0.01104736328125,0.0008087158203125
1760555096609432600,4.7234326171875,-0.9985809326171875,-0.01202392578125,-0.001251220703125
1760555096619437600,4.7334375,-0.998992919921875,-0.011962890625,-0.0006561279296875
1760555096629441800,4.74344189453125,-0.9995269775390625,-0.0142364501953125,-0.00079345703125
1760555096639446800,4.75344677734375,-0.9971771240234375,-0.0179443359375,-0.0034637451171875
1760555096649450800,4.76345068359375,-0.9969329833984375,-0.0156097412109375,-0.006317138671875
1760555096659454700,4.773454833984375,-0.999114990234375,-0.0098419189453125,-0.0046539306640625
1760555096669459700,4.783459716796875,-0.9993438720703125,-0.0101165771484375,-0.002777099609375
1760555096679463700,4.793463623046875,-0.996551513671875,-0.0122222900390625,-0.0004730224609375
1760555096689467600,4.803467529296875,-0.9977874755859375,-0.0104217529296875,-0.0000457763671875
1760555096699472600,4.81347265625,-1.0020751953125,-0.00628662109375,-0.006622314453125
1760555096709476600,4.8234765625,-0.99755859375,-0.01214599609375,-0.00543212890625
1760555096719481600,4.833481689453125,-0.99688720703125,-0.013519287109375,-0.0017852783203125
1760555096729485800,4.84348583984375,-0.999542236328125,-0.0116424560546875,-0.0034332275390625
1760555096739489800,4.85348974609375,-0.99981689453125,-0.00970458984375,-0.002777099609375
1760555096749494800,4.863494873046875,-0.9984893798828125,-0.0106353759765625,0.0021209716796875
1760555096759498800,4.873498779296875,-0.9993896484375,-0.010040283203125,-0.001129150390625
1760555096769503700,4.883503662109375,-0.9991607666015625,-0.0099945068359375,-0.005706787109375
1760555096779507700,4.8935078125,-0.9988250732421875,-0.0122528076171875,-0.0062713623046875
1760555096789511700,4.90351171875,-0.9975738525390625,-0.0150909423828125,-0.004425048828125
1760555096799516700,4.9135166015625,-0.997894287109375,-0.01348876953125,-0.0054473876953125
1760555096809520600,4.923520751953125,-1.0007171630859375,-0.01190185546875,-0.005218505859375
1760555096819525600,4.933525634765625,-0.995269775390625,-0.01263427734375,0.00054931640625
1760555096829529900,4.94352978515625,-0.9946441650390625,-0.0170135498046875,0.0002899169921875
1760555096839533800,4.953533935546875,-0.9964752197265625,-0.0193634033203125,-0.002716064453125
1760555096849538800,4.963538818359375,-0.997894287109375,-0.0148468017578125,-0.0050506591796875
1760555096859542800,4.973542724609375,-1.0010528564453125,-0.0085601806640625,-0.0052642822265625
1760555096869546800,4.983546630859375,-0.9990997314453125,-0.01043701171875,-0.009552001953125
1760555096879551700,4.9935517578125,-0.9962310791015625,-0.015350341796875,-0.0161285400390625
1760555096889555700,5.0035556640625,-1.0007781982421875,-0.0098876953125,-0.01116943359375
1760555096899560700,5.013560791015625,-0.999359130859375,-0.0069732666015625,-0.0093841552734375
1760555096909564700,5.023564697265625,-0.9990386962890625,-0.0109710693359375,-0.0113983154296875
1760555096919569000,5.03356884765625,-0.998992919921875,-0.0105133056640625,-0.00897216796875
1760555096929574000,5.043573974609375,-0.9978485107421875,-0.00927734375,-0.0052642822265625
1760555096939577900,5.053577880859375,-0.9990386962890625,-0.0112152099609375,-0.0045928955078125
1760555096949582800,5.063582763671875,-0.99847412109375,-0.0106353759765625,-0.004852294921875
1760555096959586600,5.073586669921875,-1.0003204345703125,-0.0086517333984375,-0.0085906982421875
1760555096969590800,5.0835908203125,-1.0013580322265625,-0.008575439453125,-0.005279541015625
1760555096979595800,5.093595703125,-0.999176025390625,-0.008544921875,-0.002655029296875
1760555096989599700,5.103599853515625,-0.9999847412109375,-0.0078582763671875,-0.0032806396484375
1760555096999604700,5.113604736328125,-0.999664306640625,-0.0106048583984375,-0.0037078857421875
1760555097009608700,5.123608642578125,-0.9957122802734375,-0.016326904296875,-0.005096435546875
1760555097019612700,5.13361279296875,-0.99578857421875,-0.015777587890625,-0.0117950439453125
1760555097029617700,5.14361767578125,-0.9991302490234375,-0.0119476318359375,-0.01605224609375
1760555097039622000,5.153621826171875,-1.0001983642578125,-0.0096893310546875,-0.0142822265625
1760555097049630500,5.16363037109375,-1.0003814697265625,-0.006072998046875,-0.0089111328125
1760555097059634400,5.173634521484375,-0.9997711181640625,-0.005096435546875,-0.0026397705078125
1760555097069638100,5.18363818359375,-0.9989166259765625,-0.0103607177734375,-0.00115966796875
1760555097079643100,5.19364306640625,-0.9981689453125,-0.014007568359375,-0.0087738037109375
1760555097089647400,5.2036474609375,-0.999053955078125,-0.0142669677734375,-0.0091705322265625
1760555097099651300,5.2136513671875,-0.9946746826171875,-0.019134521484375,-0.010650634765625
1760555097109656300,5.22365625,-0.9931640625,-0.02142333984375,-0.011688232421875
1760555097119660300,5.233660400390625,-0.9991607666015625,-0.0148468017578125,-0.00823974609375
1760555097129665300,5.243665283203125,-0.9974365234375,-0.012420654296875,-0.0024871826171875
1760555097139669500,5.25366943359375,-0.994903564453125,-0.0187835693359375,-0.0046234130859375
1760555097149673500,5.263673583984375,-0.9954681396484375,-0.015777587890625,-0.01885986328125
1760555097159678500,5.273678466796875,-0.999237060546875,-0.0163726806640625,-0.019500732421875
1760555097169682200,5.28368212890625,-1.00286865234375,-0.0002288818359375,-0.0124053955078125
1760555097179687200,5.293687255859375,-0.9962005615234375,-0.006317138671875,-0.003814697265625
1760555097189691400,5.30369140625,-1.0009765625,-0.008148193359375,-0.0091094970703125
1760555097199695400,5.3136953125,-1.0019073486328125,-0.003753662109375,-0.0051116943359375
1760555097209700400,5.323700439453125,-0.99725341796875,-0.0046539306640625,0.002227783203125
1760555097219704300,5.333704345703125,-0.998992919921875,-0.0076446533203125,-0.0018157958984375
1760555097229709300,5.343709228515625,-0.999237060546875,-0.0134735107421875,-0.0115966796875
1760555097239713500,5.353713623046875,-0.99700927734375,-0.0121002197265625,-0.0102081298828125
1760555097249717200,5.36371728515625,-0.999420166015625,-0.0091552734375,-0.0071563720703125
1760555097259722500,5.373722412109375,-0.9977569580078125,-0.016632080078125,-0.014007568359375
1760555097269726200,5.383726318359375,-0.99945068359375,-0.01483154296875,-0.0188140869140625
1760555097279730400,5.39373046875,-1.0003204345703125,-0.0128021240234375,-0.0147857666015625
1760555097289735400,5.4037353515625,-0.997894287109375,-0.0137939453125,-0.0164031982421875
1760555097299739400,5.413739501953125,-0.998260498046875,-0.0102386474609375,-0.015625
1760555097309744400,5.423744384765625,-0.999481201171875,-0.009918212890625,-0.0093231201171875
1760555097319748400,5.433748291015625,-0.9981689453125,-0.0058135986328125,-0.00970458984375
1760555097329752300,5.44375244140625,-1.0011749267578125,-0.0038909912109375,-0.0115814208984375
1760555097339757600,5.453757568359375,-1.00390625,-0.0047760009765625,-0.009063720703125
1760555097349761300,5.46376123046875,-0.998931884765625,-0.0055999755859375,-0.0086517333984375
1760555097359766300,5.473766357421875,-0.9983673095703125,-0.010406494140625,-0.012969970703125
1760555097369770200,5.483770263671875,-0.999176025390625,-0.0104217529296875,-0.013275146484375
1760555097379774200,5.493774169921875,-0.996185302734375,-0.011444091796875,-0.0085601806640625
1760555097389779500,5.503779541015625,-0.996856689453125,-0.0139617919921875,-0.0103759765625
1760555097399783400,5.513783447265625,-1.000640869140625,-0.01190185546875,-0.016204833984375
1760555097409788400,5.523788330078125,-0.9963531494140625,-0.012847900390625,-0.0157012939453125
1760555097419792400,5.53379248046875,-0.9958038330078125,-0.0147857666015625,-0.01495361328125
1760555097429796400,5.54379638671875,-0.99993896484375,-0.010894775390625,-0.0164794921875
1760555097439801300,5.55380126953125,-0.9969635009765625,-0.0140533447265625,-0.016998291015625
1760555097449805300,5.563805419921875,-0.998260498046875,-0.0090789794921875,-0.0126953125
1760555097459809300,5.573809326171875,-0.9987640380859375,-0.00799560546875,-0.004669189453125
1760555097469814300,5.583814208984375,-1.0003662109375,-0.0095672607421875,-0.0070648193359375
1760555097479818200,5.593818359375,-1.0005035400390625,-0.0099639892578125,-0.0127410888671875
1760555097489823200,5.6038232421875,-0.99835205078125,-0.0099945068359375,-0.007415771484375
1760555097499827500,5.613827392578125,-0.995208740234375,-0.0111846923828125,-0.0047149658203125
1760555097509831400,5.62383154296875,-0.99627685546875,-0.0144500732421875,-0.0072021484375
1760555097519836400,5.63383642578125,-0.996826171875,-0.014923095703125,-0.0099639892578125
1760555097529840400,5.64384033203125,-0.9975128173828125,-0.0111236572265625,-0.0085296630859375
1760555097539845400,5.653845458984375,-0.995849609375,-0.0162506103515625,-0.0090484619140625
1760555097549849300,5.663849365234375,-0.9983978271484375,-0.009521484375,-0.012451171875
1760555097559853300,5.673853271484375,-0.998138427734375,-0.009490966796875,-0.0164031982421875
1760555097569858300,5.6838583984375,-0.99993896484375,-0.0088958740234375,-0.00872802734375
1760555097579862300,5.6938623046875,-0.9984283447265625,-0.0034637451171875,-0.0130615234375
1760555097589867300,5.7038671875,-0.998382568359375,-0.009185791015625,-0.018798828125
1760555097599871500,5.71387158203125,-0.9992828369140625,-0.0107574462890625,-0.0206146240234375
1760555097609875500,5.72387548828125,-0.99847412109375,-0.0154876708984375,-0.011138916015625
1760555097619880400,5.73388037109375,-0.9992828369140625,-0.01043701171875,-0.0035858154296875
1760555097629884200,5.74388427734375,-0.999847412109375,-0.0068511962890625,-0.0018463134765625
1760555097639888400,5.753888427734375,-1.0009002685546875,-0.0045013427734375,0.0024871826171875
1760555097649893400,5.763893310546875,-0.9990386962890625,-0.0055084228515625,-0.0008392333984375
1760555097659897300,5.7738974609375,-0.9979248046875,-0.0100250244140625,-0.011566162109375
1760555097669902300,5.78390234375,-1.001495361328125,-0.008453369140625,-0.0148162841796875
1760555097679906300,5.79390625,-0.9987030029296875,-0.0085906982421875,-0.0082244873046875
1760555097689910500,5.80391064453125,-0.995452880859375,-0.012664794921875,-0.0045318603515625
1760555097699915500,5.81391552734375,-0.9988555908203125,-0.012115478515625,-0.01031494140625
1760555097709919500,5.82391943359375,-0.999725341796875,-0.0069732666015625,-0.0070343017578125
1760555097719924500,5.833924560546875,-0.996185302734375,-0.006988525390625,-0.0031585693359375
1760555097729928200,5.84392822265625,-1.000152587890625,-0.0063018798828125,-0.0052490234375
1760555097739932400,5.853932373046875,-0.99951171875,-0.0073394775390625,-0.0089874267578125
1760555097749937400,5.8639375,-0.9990234375,-0.0099334716796875,-0.0053558349609375
1760555097759941400,5.87394140625,-0.99749755859375,-0.010223388671875,0.000030517578125
1760555097769946400,5.8839462890625,-0.9995880126953125,-0.0086669921875,-0.00836181640625
1760555097779950300,5.893950439453125,-0.9982757568359375,-0.011627197265625,-0.0108642578125
1760555097789954300,5.903954345703125,-0.9979400634765625,-0.01141357421875,-0.0085296630859375
1760555097799959300,5.913959228515625,-0.9987030029296875,-0.007781982421875,-0.009246826171875
1760555097809963500,5.923963623046875,-1.0010223388671875,-0.006744384765625,-0.0095367431640625
1760555097819967200,5.93396728515625,-0.9963226318359375,-0.0094757080078125,-0.00262451171875
1760555097829972200,5.94397216796875,-0.9926605224609375,-0.0175323486328125,0.00213623046875
1760555097839976200,5.95397607421875,-0.9936370849609375,-0.0179595947265625,-0.00201416015625
1760555097849981200,5.963981201171875,-0.99932861328125,-0.0085906982421875,-0.0016021728515625
1760555097859985400,5.9739853515625,-0.9964752197265625,-0.0066680908203125,0.0010986328125
1760555097869989400,5.9839892578125,-1.000457763671875,-0.005157470703125,-0.0080718994140625
1760555097879994400,5.993994384765625,-1.00299072265625,0.0013427734375,-0.0182952880859375
1760555097889998300,6.003998291015625,-0.9978485107421875,-0.007049560546875,-0.0135650634765625
1760555097900003300,6.01400341796875,-0.9983062744140625,-0.0090484619140625,-0.0108795166015625
1760555097910007300,6.02400732421875,-1.001312255859375,-0.008758544921875,-0.0212249755859375
1760555097920011300,6.03401123046875,-1.001220703125,-0.0050048828125,-0.0181732177734375
1760555097930016300,6.044016357421875,-0.9997711181640625,-0.0026702880859375,-0.0047149658203125
1760555097940020200,6.054020263671875,-1.0057830810546875,0.002593994140625,-0.0090484619140625
1760555097950025200,6.064025146484375,-1.0014190673828125,0.000213623046875,-0.0088348388671875
1760555097960029400,6.074029541015625,-1.000640869140625,-0.0004119873046875,-0.0011444091796875
1760555097970033400,6.084033447265625,-1.001190185546875,-0.00054931640625,-0.003021240234375
1760555097980038400,6.094038330078125,-0.9971923828125,-0.005584716796875,-0.0069732666015625
1760555097990042400,6.10404248046875,-0.9968109130859375,-0.0077056884765625,-0.0006256103515625
1760555098000046300,6.11404638671875,-0.9975738525390625,-0.008758544921875,-0.000396728515625
1760555098010051300,6.12405126953125,-0.9982452392578125,-0.006317138671875,-0.0019989013671875
1760555098020055300,6.13405517578125,-0.99774169921875,-0.0079498291015625,-0.004150390625
1760555098030060300,6.144060302734375,-0.997772216796875,-0.007965087890625,-0.004302978515625
1760555098040064300,6.154064208984375,-1.0008697509765625,-0.0073089599609375,-0.0098114013671875
1760555098050064600,6.164064697265625,-0.9998016357421875,-0.0068511962890625,-0.009124755859375
1760555098060069600,6.174069580078125,-0.9972381591796875,-0.010711669921875,-0.0045623779296875
1760555098070073600,6.184073486328125,-0.996490478515625,-0.0124359130859375,-0.006500244140625
1760555098080078600,6.19407861328125,-0.9958038330078125,-0.0121307373046875,-0.0061187744140625
1760555098090082600,6.20408251953125,-0.99810791015625,-0.00921630859375,-0.0055694580078125
1760555098100086800,6.214086669921875,-0.998291015625,-0.0086517333984375,-0.0041046142578125
1760555098110091800,6.224091796875,-0.9967193603515625,-0.00799560546875,-0.00567626953125
1760555098120095500,6.234095458984375,-0.999298095703125,-0.0082855224609375,-0.0064697265625
1760555098130100500,6.2441005859375,-0.9981689453125,-0.010528564453125,-0.009185791015625
1760555098140104400,6.2541044921875,-0.9976959228515625,-0.011138916015625,-0.0142669677734375
1760555098150108700,6.264108642578125,-1.0009613037109375,-0.0085296630859375,-0.015045166015625
1760555098160113700,6.27411376953125,-0.997589111328125,-0.0095977783203125,-0.0098419189453125
1760555098170117600,6.28411767578125,-0.995849609375,-0.0088043212890625,-0.0054779052734375
1760555098180122600,6.29412255859375,-1.00213623046875,-0.0030670166015625,-0.0081634521484375
1760555098190126600,6.304126708984375,-1.001983642578125,-0.0009765625,-0.0066070556640625
1760555098200130800,6.314130859375,-0.9974365234375,-0.0063934326171875,-0.003143310546875
1760555098210135800,6.3241357421875,-0.996185302734375,-0.01025390625,-0.0082244873046875
1760555098220139500,6.334139404296875,-1.0008544921875,-0.007965087890625,-0.011505126953125
1760555098230143500,6.3441435546875,-0.9977569580078125,-0.007110595703125,-0.013427734375
1760555098240148500,6.3541484375,-0.9972991943359375,-0.0106201171875,-0.015625
1760555098250152700,6.364152587890625,-0.9987335205078125,-0.006927490234375,-0.0165252685546875
1760555098260157700,6.37415771484375,-0.9985198974609375,-0.0034637451171875,-0.01116943359375
1760555098270161700,6.38416162109375,-1.0010986328125,-0.004608154296875,-0.01470947265625
1760555098280165600,6.39416552734375,-0.9991607666015625,-0.0067596435546875,-0.01824951171875
1760555098290170600,6.404170654296875,-0.997406005859375,-0.00750732421875,-0.0154266357421875
1760555098300174600,6.414174560546875,-1.000762939453125,-0.0027923583984375,-0.0126190185546875
1760555098310179600,6.4241796875,-0.9995574951171875,-0.0052490234375,-0.008544921875
1760555098320183600,6.43418359375,-0.99615478515625,-0.00958251953125,-0.007659912109375
1760555098330187500,6.4441875,-0.9994049072265625,-0.0059051513671875,-0.00421142578125
1760555098340192500,6.454192626953125,-0.9999847412109375,-0.00830078125,-0.0093994140625
1760555098350196500,6.464196533203125,-0.99652099609375,-0.01434326171875,-0.0130462646484375
1760555098360201500,6.474201416015625,-0.9969329833984375,-0.01239013671875,-0.0136566162109375
1760555098370205700,6.484205810546875,-0.997528076171875,-0.01507568359375,-0.0084991455078125
1760555098380209700,6.494209716796875,-1.000701904296875,-0.00836181640625,-0.0091094970703125
1760555098390214700,6.504214599609375,-0.99456787109375,-0.015411376953125,-0.0083160400390625
1760555098400218400,6.51421826171875,-1.0014801025390625,-0.009490966796875,-0.0122222900390625
1760555098410222600,6.52422265625,-0.9979095458984375,-0.014251708984375,-0.01300048828125
1760555098420227600,6.5342275390625,-0.9935302734375,-0.019500732421875,-0.012115478515625
1760555098430231600,6.5442314453125,-0.9976654052734375,-0.015899658203125,-0.0147247314453125
1760555098440236500,6.554236572265625,-0.9986114501953125,-0.012725830078125,-0.00811767578125
1760555098450240500,6.564240478515625,-0.998291015625,-0.009979248046875,-0.00823974609375
1760555098460244700,6.57424462890625,-1.0002593994140625,-0.00799560546875,-0.0132904052734375
1760555098470249700,6.584249755859375,-0.9996795654296875,-0.0103607177734375,-0.0124664306640625
1760555098480253700,6.594253662109375,-0.9966888427734375,-0.0120697021484375,-0.0132598876953125
1760555098490258700,6.6042587890625,-0.9987030029296875,-0.010894775390625,-0.0131683349609375
1760555098500262400,6.614262451171875,-0.9967498779296875,-0.014739990234375,-0.01129150390625
1760555098510266600,6.6242666015625,-0.9989013671875,-0.008514404296875,-0.0148468017578125
1760555098520271600,6.634271728515625,-0.9957427978515625,-0.017578125,-0.015472412109375
1760555098530275600,6.644275634765625,-0.99725341796875,-0.014495849609375,-0.008758544921875
1760555098540280600,6.654280517578125,-0.9954376220703125,-0.0109100341796875,-0.001068115234375
1760555098550284500,6.664284423828125,-0.9992218017578125,-0.0093841552734375,-0.008148193359375
1760555098560288800,6.674288818359375,-0.997772216796875,-0.0094757080078125,-0.008392333984375
1760555098570293800,6.684293701171875,-0.9949951171875,-0.0130157470703125,-0.0083465576171875
1760555098580297700,6.694297607421875,-0.999298095703125,-0.0137481689453125,-0.01763916015625
1760555098590302700,6.704302734375,-1,-0.0100250244140625,-0.019317626953125
1760555098600306400,6.714306396484375,-0.998748779296875,-0.0093994140625,-0.013427734375
1760555098610310700,6.724310546875,-1.0015716552734375,-0.0064239501953125,-0.0121307373046875
1760555098620315600,6.734315673828125,-1.0022735595703125,-0.0067901611328125,-0.01116943359375
1760555098630319600,6.744319580078125,-0.9956207275390625,-0.0093841552734375,-0.0089569091796875
1760555098640324600,6.75432470703125,-0.9979705810546875,-0.01153564453125,-0.0119476318359375
1760555098650328600,6.76432861328125,-0.9971923828125,-0.0133209228515625,-0.0070037841796875
1760555098660332800,6.774332763671875,-0.996429443359375,-0.012481689453125,-0.001739501953125
1760555098670337800,6.784337890625,-0.996673583984375,-0.014373779296875,-0.0045623779296875
1760555098680341800,6.794341796875,-0.9969635009765625,-0.0140380859375,-0.003509521484375
1760555098690345500,6.804345458984375,-1.002044677734375,-0.0079193115234375,-0.0074310302734375
1760555098700350500,6.8143505859375,-1.001983642578125,-0.0052947998046875,-0.014312744140625
1760555098710354700,6.824354736328125,-0.998504638671875,-0.007781982421875,-0.014923095703125
1760555098720359700,6.834359619140625,-0.9969024658203125,-0.0118865966796875,-0.014739990234375
1760555098730363600,6.84436376953125,-0.9954071044921875,-0.016632080078125,-0.0183563232421875
1760555098740367600,6.85436767578125,-0.9930267333984375,-0.0208892822265625,-0.009918212890625
1760555098750372600,6.86437255859375,-0.993072509765625,-0.0203704833984375,-0.0053558349609375
1760555098760376600,6.87437646484375,-0.998382568359375,-0.0131683349609375,-0.011199951171875
1760555098770381600,6.884381591796875,-1.001220703125,-0.00506591796875,-0.0102691650390625
1760555098780385500,6.894385498046875,-1.00042724609375,-0.0047454833984375,-0.009063720703125
1760555098790389500,6.904389404296875,-0.999786376953125,-0.00836181640625,-0.0138092041015625
1760555098800394500,6.91439453125,-0.9996337890625,-0.01007080078125,-0.014862060546875
1760555098810398500,6.9243984375,-1.0006256103515625,-0.0074920654296875,-0.0111541748046875
1760555098820403500,6.934403564453125,-0.9978790283203125,-0.01123046875,-0.0098724365234375
1760555098830407700,6.94440771484375,-0.9957275390625,-0.0126495361328125,-0.010345458984375
1760555098840411600,6.95441162109375,-0.9966583251953125,-0.0105438232421875,-0.0083160400390625
1760555098850416600,6.964416748046875,-0.9981842041015625,-0.0108642578125,-0.006195068359375
1760555098860420600,6.974420654296875,-1.00152587890625,-0.0093841552734375,-0.006622314453125
1760555098870425600,6.984425537109375,-0.9970703125,-0.012115478515625,-0.0104827880859375
1760555098880429600,6.9944296875,-0.9980926513671875,-0.01019287109375,-0.011993408203125
1760555098890433500,7.00443359375,-0.9993743896484375,-0.0088348388671875,-0.0110626220703125
1760555098900438500,7.0144384765625,-0.99609375,-0.0150146484375,-0.012115478515625
1760555098910442500,7.0244423828125,-0.9971160888671875,-0.013702392578125,-0.018035888671875
1760555098920447500,7.034447509765625,-1.000701904296875,-0.010955810546875,-0.0230865478515625
1760555098930451700,7.04445166015625,-0.998138427734375,-0.0108184814453125,-0.019073486328125
1760555098940455700,7.05445556640625,-0.9946746826171875,-0.0197601318359375,-0.0077972412109375
1760555098950460700,7.064460693359375,-1.0019073486328125,-0.0043792724609375,-0.013946533203125
1760555098960464600,7.074464599609375,-1.0009918212890625,-0.0020751953125,-0.0125885009765625
1760555098970468600,7.084468505859375,-1.0011749267578125,-0.00567626953125,-0.007080078125
1760555098980473600,7.0944736328125,-1.0002288818359375,-0.0074310302734375,-0.0134124755859375
1760555098990477600,7.1044775390625,-0.9948883056640625,-0.0125274658203125,-0.017974853515625
1760555099000482600,7.114482666015625,-1.0003662109375,-0.00787353515625,-0.014801025390625
1760555099010486500,7.124486572265625,-0.9996185302734375,-0.0061187744140625,-0.0078582763671875
1760555099020490800,7.13449072265625,-0.998260498046875,-0.00457763671875,-0.0116119384765625
1760555099030495700,7.144495849609375,-1.0035858154296875,-0.0036163330078125,-0.0113677978515625
1760555099040499700,7.154499755859375,-0.998046875,-0.003753662109375,-0.0099334716796875
1760555099050505000,7.1645048828125,-0.9981231689453125,-0.008514404296875,-0.0174560546875
1760555099060508700,7.1745087890625,-1.00201416015625,-0.0110321044921875,-0.013275146484375
1760555099070513000,7.184512939453125,-0.995086669921875,-0.009490966796875,-0.0057373046875
1760555099080518000,7.194517822265625,-0.99755859375,-0.0122222900390625,-0.00897216796875
1760555099090521900,7.20452197265625,-0.9958953857421875,-0.014892578125,-0.008819580078125
1760555099100526800,7.21452685546875,-0.9942626953125,-0.0148468017578125,-0.0086669921875
1760555099110530800,7.22453076171875,-0.9996337890625,-0.0112152099609375,-0.01287841796875
1760555099120534800,7.23453466796875,-0.99737548828125,-0.003570556640625,-0.00958251953125
1760555099130539800,7.244539794921875,-0.9993133544921875,-0.00152587890625,-0.0071563720703125
1760555099140543700,7.254543701171875,-1.0040130615234375,-0.0008087158203125,-0.0087432861328125
1760555099150548700,7.264548828125,-0.9998779296875,0.0011138916015625,-0.0073699951171875
1760555099160552700,7.274552734375,-1.002655029296875,-0.0011749267578125,-0.01397705078125
1760555099170556700,7.284556640625,-0.9982147216796875,-0.0050201416015625,-0.0163421630859375
1760555099180561700,7.294561767578125,-0.9980316162109375,-0.006011962890625,-0.013275146484375
1760555099190566000,7.30456591796875,-0.9982757568359375,-0.006317138671875,-0.0113983154296875
1760555099200571000,7.31457080078125,-0.996490478515625,-0.00982666015625,-0.0071258544921875
1760555099210574800,7.324574951171875,-0.9984893798828125,-0.0127105712890625,-0.0073089599609375
1760555099220578800,7.334578857421875,-0.9991455078125,-0.0037384033203125,-0.0042877197265625
1760555099230583800,7.344583740234375,-0.9992218017578125,-0.0067138671875,-0.010894775390625
1760555099240587800,7.354587890625,-0.9993743896484375,-0.0060577392578125,-0.0113983154296875
1760555099250591700,7.364591796875,-1.00042724609375,-0.0022735595703125,-0.0069122314453125
1760555099260596700,7.3745966796875,-1.002044677734375,-0.002044677734375,-0.0075531005859375
1760555099270600700,7.3846005859375,-0.9999542236328125,-0.0020599365234375,-0.005523681640625
1760555099280605700,7.394605712890625,-1.000640869140625,-0.0009002685546875,-0.0089874267578125
1760555099290610000,7.40460986328125,-0.9972686767578125,-0.0022430419921875,-0.0054779052734375
1760555099300614000,7.41461376953125,-1.0006256103515625,-0.0053863525390625,-0.0050048828125
1760555099310619000,7.424618896484375,-0.998504638671875,-0.0085296630859375,-0.00347900390625
1760555099320622800,7.434622802734375,-0.9960479736328125,-0.0118255615234375,-0.00531005859375
1760555099330627800,7.4446279296875,-0.9989166259765625,-0.010009765625,-0.00933837890625
1760555099340631800,7.4546318359375,-0.9963226318359375,-0.0106201171875,-0.0071258544921875
1760555099350635800,7.4646357421875,-0.9983367919921875,-0.010986328125,-0.0123291015625
1760555099360640800,7.474640869140625,-0.999237060546875,-0.0034027099609375,-0.011962890625
1760555099370644700,7.484644775390625,-0.9992523193359375,-0.0000457763671875,-0.0062103271484375
1760555099380649700,7.494649658203125,-0.9996795654296875,-0.0063934326171875,-0.003692626953125
1760555099390654000,7.504654052734375,-0.9947967529296875,-0.011138916015625,-0.0043182373046875
1760555099400658000,7.514657958984375,-1.00018310546875,-0.005126953125,-0.00714111328125
1760555099410663000,7.524662841796875,-0.9985809326171875,-0.005126953125,-0.005645751953125
1760555099420666600,7.53466650390625,-1.0036773681640625,-0.00030517578125,-0.0076446533203125
1760555099430672000,7.544671875,-0.9972076416015625,-0.0025787353515625,-0.0036773681640625
1760555099440675800,7.55467578125,-0.9974365234375,-0.0072479248046875,-0.006378173828125
1760555099450679800,7.5646796875,-0.9998016357421875,-0.0053558349609375,-0.01226806640625
1760555099460684800,7.574684814453125,-0.9960479736328125,-0.0090179443359375,-0.0094757080078125
1760555099470688800,7.584688720703125,-0.9976348876953125,-0.010345458984375,-0.0174407958984375
1760555099480693800,7.59469384765625,-0.998199462890625,-0.0087890625,-0.013824462890625
1760555099490698000,7.604697998046875,-0.9999237060546875,-0.0062713623046875,-0.00750732421875
1760555099500702000,7.614701904296875,-0.9975128173828125,-0.005767822265625,-0.0041961669921875
1760555099510707000,7.62470703125,-0.996337890625,-0.007568359375,-0.002349853515625
1760555099520710700,7.634710693359375,-0.999542236328125,-0.0072784423828125,-0.00390625
1760555099530715600,7.644715576171875,-0.9947662353515625,-0.01080322265625,-0.0052490234375
1760555099540719900,7.654719970703125,-0.996337890625,-0.0107421875,-0.0116729736328125
1760555099550723800,7.664723876953125,-0.996490478515625,-0.0137786865234375,-0.0147552490234375
1760555099560728800,7.674728759765625,-1.0022735595703125,-0.0012054443359375,-0.01666259765625
1760555099570732800,7.68473291015625,-0.9944000244140625,-0.0041656494140625,-0.00946044921875
1760555099580736800,7.69473681640625,-1.0010986328125,-0.0036773681640625,-0.00335693359375
1760555099590741800,7.70474169921875,-1.0001220703125,-0.0017547607421875,-0.00341796875
1760555099600746000,7.71474609375,-0.9970703125,-0.002471923828125,-0.00982666015625
1760555099610751000,7.7247509765625,-1.0052947998046875,0.000244140625,-0.0177001953125
1760555099620754700,7.734754638671875,-0.996978759765625,-0.0033721923828125,-0.0150299072265625
1760555099630758700,7.744758544921875,-0.996917724609375,-0.0050048828125,-0.01678466796875
1760555099640763600,7.754763671875,-1.0019989013671875,-0.0040283203125,-0.0131378173828125
1760555099650768000,7.764767822265625,-0.99700927734375,-0.0062713623046875,-0.00634765625
1760555099660772900,7.77477294921875,-0.9971466064453125,-0.00860595703125,-0.0042572021484375
1760555099670776800,7.78477685546875,-0.9978179931640625,-0.01129150390625,-0.005859375
1760555099680780800,7.79478076171875,-0.9949493408203125,-0.0104522705078125,-0.00836181640625
1760555099690785800,7.804785888671875,-0.99920654296875,-0.00732421875,-0.013946533203125
1760555099700790000,7.8147900390625,-0.998443603515625,-0.010833740234375,-0.015594482421875
1760555099710795000,7.824794921875,-0.9949188232421875,-0.00994873046875,-0.0109405517578125
1760555099720798700,7.834798828125,-0.9999237060546875,-0.0043182373046875,-0.0103912353515625
1760555099730802700,7.844802734375,-1.00079345703125,-0.000396728515625,-0.0108184814453125
1760555099740807700,7.8548076171875,-0.9987030029296875,-0.0025482177734375,-0.0097808837890625
1760555099750812000,7.86481201171875,-1.00006103515625,-0.0011138916015625,-0.0108489990234375
1760555099760817000,7.87481689453125,-1.0005340576171875,-0.0006103515625,-0.0121307373046875
1760555099770820900,7.88482080078125,-0.99993896484375,-0.0023345947265625,-0.0136871337890625
1760555099780824800,7.894824951171875,-0.99798583984375,-0.002716064453125,-0.0107574462890625
1760555099790829800,7.904829833984375,-1.0006561279296875,0.0007476806640625,-0.008575439453125
1760555099800833800,7.914833740234375,-1.00128173828125,-0.0010528564453125,-0.0072021484375
1760555099810838800,7.9248388671875,-0.9996337890625,-0.0034332275390625,-0.0070343017578125
1760555099820842800,7.9348427734375,-0.997894287109375,-0.00408935546875,-0.009429931640625
1760555099830846700,7.9448466796875,-1.0001373291015625,-0.003814697265625,-0.0141143798828125
1760555099840851700,7.954851806640625,-0.9980621337890625,-0.005401611328125,-0.013519287109375
1760555099850856000,7.96485595703125,-1.0001068115234375,-0.0060577392578125,-0.01287841796875
1760555099860861000,7.97486083984375,-0.9969940185546875,-0.010162353515625,-0.0116119384765625
1760555099870865000,7.984864990234375,-0.998077392578125,-0.00738525390625,-0.0097503662109375
1760555099880867800,7.994867919921875,-0.997772216796875,-0.006866455078125,-0.0062103271484375
1760555099890871800,8.004871826171875,-0.998138427734375,-0.0044403076171875,-0.004974365234375
1760555099900875800,8.014875732421874,-1.00238037109375,0.0005035400390625,-0.0094146728515625
1760555099910880800,8.024880859375,-0.999969482421875,-0.0016632080078125,-0.010284423828125
1760555099920884700,8.034884765625,-0.9994049072265625,-0.0042266845703125,-0.012847900390625
1760555099930889700,8.0448896484375,-0.999908447265625,-0.007049560546875,-0.0147705078125
1760555099940894000,8.05489404296875,-0.9969635009765625,-0.0098876953125,-0.012054443359375
1760555099950897700,8.064897705078126,-0.99884033203125,-0.0111541748046875,-0.0117645263671875
1760555099960903000,8.07490283203125,-0.9958343505859375,-0.01153564453125,-0.0127105712890625
1760555099970906600,8.08490673828125,-0.996246337890625,-0.013153076171875,-0.01324462890625
1760555099980911600,8.09491162109375,-0.99658203125,-0.00927734375,-0.0108184814453125
1760555099990915800,8.104915771484375,-0.9987640380859375,-0.0048675537109375,-0.008331298828125
1760555100000919800,8.114919921875,-0.9986419677734375,-0.005615234375,-0.007171630859375
1760555100010924800,8.1249248046875,-0.9979705810546875,-0.0059051513671875,-0.0089111328125
1760555100020928800,8.1349287109375,-0.9994964599609375,-0.0032958984375,-0.0098876953125
1760555100030933800,8.144933837890624,-0.9987030029296875,-0.0040740966796875,-0.0136871337890625
1760555100040938000,8.15493798828125,-0.9999542236328125,-0.0045318603515625,-0.014251708984375
1760555100050941700,8.164941650390626,-0.996978759765625,-0.0057220458984375,-0.013519287109375
1760555100060946700,8.17494677734375,-0.9968719482421875,-0.004791259765625,-0.01092529296875
1760555100070950700,8.18495068359375,-1.0000457763671875,-0.0011444091796875,-0.010833740234375
1760555100080955600,8.19495556640625,-0.9981842041015625,-0.003204345703125,-0.0083465576171875
1760555100090960000,8.2049599609375,-0.9983978271484375,-0.00531005859375,-0.009307861328125
1760555100100963600,8.214963623046875,-0.9984588623046875,-0.0029296875,-0.0102996826171875
1760555100110968600,8.224968505859374,-0.997406005859375,-0.0048675537109375,-0.0102386474609375
1760555100120972500,8.23497265625,-0.9982757568359375,-0.0077056884765625,-0.0132598876953125
1760555100130977500,8.2449775390625,-0.9991912841796875,-0.0083160400390625,-0.0135345458984375
1760555100140981800,8.254981689453125,-0.997161865234375,-0.0077667236328125,-0.01104736328125
1760555100150985700,8.26498583984375,-0.9986572265625,-0.00640869140625,-0.01092529296875
1760555100160990700,8.27499072265625,-1.0009765625,-0.0029754638671875,-0.0118560791015625
1760555100170994700,8.28499462890625,-0.99920654296875,0.0005035400390625,-0.0109100341796875
1760555100180999700,8.294999755859376,-0.9962310791015625,-0.0076141357421875,-0.0117034912109375
1760555100191004000,8.30500390625,-0.9978179931640625,-0.0077056884765625,-0.012176513671875
1760555100201007600,8.315007568359375,-0.998687744140625,-0.0063934326171875,-0.010284423828125
1760555100211012600,8.3250126953125,-0.99652099609375,-0.0091094970703125,-0.0068359375
1760555100221016600,8.3350166015625,-0.997894287109375,-0.0075836181640625,-0.00592041015625
1760555100231021600,8.345021484375,-0.998260498046875,-0.0055389404296875,-0.008941650390625
1760555100241025800,8.35502587890625,-0.9979400634765625,-0.0060882568359375,-0.014892578125
1760555100251029800,8.36502978515625,-0.9951324462890625,-0.011932373046875,-0.0157012939453125
1760555100261034800,8.37503466796875,-0.99725341796875,-0.00811767578125,-0.013671875
1760555100271038700,8.385038818359375,-1.0003814697265625,-0.0026397705078125,-0.0085601806640625
1760555100281043700,8.395043701171875,-0.997955322265625,-0.002777099609375,-0.0066375732421875
1760555100291047700,8.405047607421874,-0.9992218017578125,-0.0034942626953125,-0.0110626220703125
1760555100301051600,8.4150517578125,-0.9978485107421875,-0.0014801025390625,-0.01373291015625
1760555100311056600,8.425056640625,-0.9986419677734375,-0.0020599365234375,-0.016265869140625
1760555100321060600,8.435060546875,-0.9991607666015625,-0.0065155029296875,-0.0196533203125
1760555100331065600,8.445065673828125,-0.99700927734375,-0.0093841552734375,-0.0181121826171875
1760555100341069800,8.45506982421875,-0.9995574951171875,-0.0049591064453125,-0.0142974853515625
1760555100351073800,8.46507373046875,-1.0008392333984375,-0.0018310546875,-0.0108795166015625
1760555100361078800,8.475078857421876,-1.0012969970703125,-0.0005645751953125,-0.0121917724609375
1760555100371082800,8.485082763671874,-1.0005035400390625,-0.0010986328125,-0.0128936767578125
1760555100381087700,8.495087646484375,-0.9980926513671875,-0.0069122314453125,-0.012847900390625
1760555100391091700,8.505091796875,-0.998291015625,-0.0081024169921875,-0.0132293701171875
1760555100401095700,8.515095703125,-0.99658203125,-0.007080078125,-0.01025390625
1760555100411100700,8.5251005859375,-0.9974517822265625,-0.0065765380859375,-0.010162353515625
1760555100421104600,8.535104736328124,-0.9960479736328125,-0.0091400146484375,-0.0086517333984375
1760555100431109600,8.545109619140625,-0.9984130859375,-0.0067596435546875,-0.0074005126953125
1760555100441113600,8.555113525390626,-1.00103759765625,-0.00018310546875,-0.0087890625
1760555100451117800,8.565117919921875,-0.998504638671875,-0.002105712890625,-0.008209228515625
1760555100461122800,8.575122802734375,-0.9985809326171875,-0.004730224609375,-0.0132293701171875
1760555100471126800,8.585126708984374,-0.99932861328125,-0.00732421875,-0.0120086669921875
1760555100481131800,8.5951318359375,-0.9979248046875,-0.0052642822265625,-0.010284423828125
1760555100491135500,8.605135498046875,-0.9997711181640625,-0.0057830810546875,-0.0106658935546875
1760555100501139700,8.6151396484375,-0.998321533203125,-0.004974365234375,-0.0115966796875
1760555100511144700,8.625144775390625,-0.9990386962890625,-0.0027313232421875,-0.0119781494140625
1760555100521148700,8.635148681640626,-0.999176025390625,-0.0050201416015625,-0.007904052734375
1760555100531153700,8.645153564453125,-0.9984893798828125,-0.0061492919921875,-0.0104522705078125
1760555100541157600,8.65515771484375,-0.998291015625,-0.0093536376953125,-0.01318359375
1760555100551161900,8.665161865234374,-0.9946746826171875,-0.0144805908203125,-0.009796142578125
1760555100561166800,8.675166748046875,-0.9986572265625,-0.0124359130859375,-0.014404296875
1760555100571170600,8.685170654296876,-0.998016357421875,-0.007659912109375,-0.0122528076171875
1760555100581175800,8.69517578125,-0.9976043701171875,-0.008636474609375,-0.0116424560546875
1760555100591179500,8.705179443359375,-0.9988250732421875,-0.008331298828125,-0.010589599609375
1760555100601183700,8.715183837890624,-0.9997100830078125,-0.001068115234375,-0.0093994140625
1760555100611188700,8.725188720703125,-1.0009307861328125,-0.00146484375,-0.0064544677734375
1760555100621192700,8.735192626953125,-0.9991912841796875,-0.001861572265625,-0.005523681640625
1760555100631196700,8.74519677734375,-1.000885009765625,-0.0051422119140625,-0.013397216796875
1760555100641201700,8.75520166015625,-0.99835205078125,-0.0092926025390625,-0.0193328857421875
1760555100651206000,8.765205810546876,-0.9966583251953125,-0.01080322265625,-0.013641357421875
1760555100661211000,8.7752109375,-0.99957275390625,-0.0057373046875,-0.0113067626953125
1760555100671214600,8.785214599609375,-0.9970245361328125,-0.011505126953125,-0.0122222900390625
1760555100681219600,8.795219482421874,-0.997894287109375,-0.0096435546875,-0.006378173828125
1760555100691223600,8.8052236328125,-0.9943695068359375,-0.011688232421875,-0.007843017578125
1760555100701227800,8.815227783203126,-0.9988555908203125,-0.0112457275390625,-0.0166015625
1760555100711232800,8.825232666015625,-0.997467041015625,-0.0088043212890625,-0.0118255615234375
1760555100721236700,8.83523681640625,-1.0008544921875,-0.0044708251953125,-0.01715087890625
1760555100731240700,8.84524072265625,-1.00640869140625,0.0018157958984375,-0.020172119140625
1760555100741245700,8.85524560546875,-0.99957275390625,-0.0013580322265625,-0.0102691650390625
1760555100751249700,8.865249755859375,-0.99713134765625,-0.0052642822265625,-0.010528564453125
1760555100761255000,8.8752548828125,-0.9980010986328125,-0.0089569091796875,-0.006103515625
1760555100771258600,8.885258544921875,-0.99847412109375,-0.0054779052734375,-0.001007080078125
1760555100781262600,8.8952626953125,-1.0004119873046875,-0.0041046142578125,-0.0024566650390625
1760555100791267600,8.905267578125,-0.9933013916015625,-0.017669677734375,-0.0112152099609375
1760555100801271600,8.915271484375,-0.99481201171875,-0.0201263427734375,-0.0158233642578125
1760555100811276800,8.92527685546875,-0.997467041015625,-0.0149993896484375,-0.0148468017578125
1760555100821280800,8.93528076171875,-0.996368408203125,-0.009490966796875,-0.016326904296875
1760555100831285800,8.94528564453125,-0.99969482421875,-0.007904052734375,-0.01702880859375
1760555100841289700,8.955289794921875,-0.996368408203125,-0.012237548828125,-0.01019287109375
1760555100851293700,8.965293701171875,-0.9928436279296875,-0.013763427734375,-0.0030670166015625
1760555100861298700,8.975298583984374,-0.998870849609375,-0.008514404296875,-0.0064849853515625
1760555100871302700,8.985302734375,-1.00335693359375,-0.00244140625,-0.013153076171875
1760555100881306600,8.995306640625,-0.9994049072265625,-0.0010223388671875,-0.011810302734375
1760555100891311600,9.0053115234375,-1.00213623046875,-0.002227783203125,-0.013763427734375
1760555100901315600,9.015315673828125,-1.000274658203125,-0.0018463134765625,-0.0179901123046875
1760555100911320600,9.025320556640626,-0.99761962890625,-0.005523681640625,-0.011962890625
1760555100921324800,9.03532470703125,-0.9970245361328125,-0.0101165771484375,-0.0116729736328125
1760555100931328800,9.045328857421875,-0.9974212646484375,-0.0125579833984375,-0.01220703125
1760555100941333800,9.055333740234374,-0.9972381591796875,-0.0075225830078125,-0.00799560546875
1760555100951337500,9.06533740234375,-0.9992523193359375,-0.0070953369140625,-0.01055908203125
1760555100961342500,9.075342529296876,-0.997650146484375,-0.00860595703125,-0.013153076171875
1760555100971346700,9.0853466796875,-0.9973602294921875,-0.0084381103515625,-0.0125885009765625
1760555100981350700,9.0953505859375,-0.998443603515625,-0.0084991455078125,-0.011260986328125
1760555100991355600,9.105355712890624,-0.99530029296875,-0.011383056640625,-0.0104522705078125
1760555101001359600,9.115359619140625,-0.999542236328125,-0.005096435546875,-0.015625
1760555101011364600,9.125364501953126,-1.0001220703125,-0.0047454833984375,-0.0157012939453125
1760555101021368800,9.135368896484374,-0.9969635009765625,-0.0085296630859375,-0.0187835693359375
1760555101031372800,9.145372802734375,-1.00030517578125,-0.007843017578125,-0.0184326171875
1760555101041377800,9.155377685546876,-1.0001983642578125,-0.0016937255859375,-0.0186920166015625
1760555101051381500,9.165381591796875,-1.004547119140625,0.0006103515625,-0.0234222412109375
1760555101061386200,9.17538623046875,-0.99951171875,-0.0020751953125,-0.0218963623046875
1760555101071390500,9.185390380859374,-0.9968109130859375,-0.002777099609375,-0.0273895263671875
1760555101081394400,9.19539453125,-1.0000457763671875,-0.00469970703125,-0.0245819091796875
1760555101091399400,9.2053994140625,-0.9984130859375,-0.0043792724609375,-0.017852783203125
1760555101101403400,9.2154033203125,-0.99969482421875,-0.0064239501953125,-0.013458251953125
1760555101111408400,9.225408447265625,-0.998809814453125,-0.0069427490234375,-0.01214599609375
1760555101121412600,9.23541259765625,-0.99603271484375,-0.010009765625,-0.0140380859375
1760555101131416300,9.245416259765625,-0.9962158203125,-0.00750732421875,-0.014129638671875
1760555101141421600,9.255421630859376,-1.0004730224609375,-0.0018157958984375,-0.0125732421875
1760555101151425300,9.26542529296875,-1.0034332275390625,0.0029754638671875,-0.011810302734375
1760555101161430300,9.27543017578125,-0.9973297119140625,-0.003662109375,-0.0129547119140625
1760555101171434500,9.2854345703125,-1.0010833740234375,-0.00238037109375,-0.0118255615234375
1760555101181438500,9.2954384765625,-1.002044677734375,-0.0010986328125,-0.0121002197265625
1760555101191443500,9.305443359375,-0.9965362548828125,-0.0056915283203125,-0.0175628662109375
1760555101201447400,9.315447509765624,-1.0008392333984375,-0.0067901611328125,-0.0233001708984375
1760555101211452400,9.325452392578125,-1.0019378662109375,-0.003265380859375,-0.022674560546875
1760555101221456600,9.33545654296875,-0.9951171875,-0.0074920654296875,-0.01995849609375
1760555101231460400,9.34546044921875,-1.0024566650390625,-0.0079345703125,-0.0204315185546875
1760555101241465300,9.35546533203125,-0.9996795654296875,-0.0045623779296875,-0.01287841796875
1760555101251469300,9.36546923828125,-0.995452880859375,-0.0098419189453125,-0.010650634765625
1760555101261474300,9.375474365234375,-0.997344970703125,-0.0151824951171875,-0.009918212890625
1760555101271478500,9.385478515625,-0.99078369140625,-0.0181121826171875,-0.00726318359375
1760555101281482500,9.395482421875,-0.996063232421875,-0.0130157470703125,-0.0095367431640625
1760555101291487500,9.405487548828125,-1.001373291015625,-0.0057525634765625,-0.011566162109375
1760555101301491500,9.415491455078126,-0.99615478515625,-0.0034027099609375,-0.01214599609375
1760555101311496400,9.425496337890625,-1.00006103515625,-0.0027313232421875,-0.0150909423828125
1760555101321500400,9.43550048828125,-1.002410888671875,0.001708984375,-0.01336669921875
1760555101331504400,9.44550439453125,-1.0010223388671875,-0.000396728515625,-0.01458740234375
1760555101341509400,9.45550927734375,-0.9973907470703125,-0.0047607421875,-0.0153045654296875
1760555101351513300,9.465513427734376,-1.00054931640625,-0.002471923828125,-0.0174407958984375
1760555101361517300,9.475517333984374,-1.0041046142578125,0.005767822265625,-0.0178985595703125
1760555101371522300,9.485522216796875,-1.002105712890625,0.0038299560546875,-0.012054443359375
1760555101381526500,9.495526611328126,-0.9995880126953125,-0.0048828125,-0.019989013671875
1760555101391531500,9.505531494140625,-0.99603271484375,-0.0132293701171875,-0.0220489501953125
1760555101401535500,9.515535400390625,-0.991302490234375,-0.0215606689453125,-0.017669677734375
1760555101411540500,9.52554052734375,-0.9990997314453125,-0.014068603515625,-0.025604248046875
1760555101421544400,9.53554443359375,-0.9928131103515625,-0.0169219970703125,-0.0164031982421875
1760555101431548400,9.54554833984375,-0.9960174560546875,-0.0081634521484375,-0.011993408203125
1760555101441553400,9.555553466796875,-0.9975128173828125,-0.008575439453125,-0.0084228515625
1760555101451557400,9.565557373046875,-0.992462158203125,-0.013763427734375,-0.0046539306640625
1760555101461562400,9.575562255859374,-0.996307373046875,-0.0135345458984375,-0.0101165771484375
1760555101471566300,9.58556640625,-0.996429443359375,-0.009552001953125,-0.0157470703125
1760555101481570600,9.595570556640626,-0.9937591552734375,-0.0110931396484375,-0.0130615234375
1760555101491575600,9.605575439453125,-1.0011749267578125,-0.00579833984375,-0.0214080810546875
1760555101501579500,9.61557958984375,-0.9974365234375,-0.0050506591796875,-0.0225372314453125
1760555101511583200,9.625583251953126,-0.998748779296875,-0.007080078125,-0.0253143310546875
1760555101521588200,9.635588134765625,-1.0011749267578125,-0.0041351318359375,-0.01959228515625
1760555101531592400,9.645592529296875,-0.9975738525390625,-0.00445556640625,-0.0137176513671875
1760555101541597400,9.655597412109374,-0.9985809326171875,-0.011444091796875,-0.0142364501953125
1760555101551601400,9.665601318359375,-0.9940643310546875,-0.0087738037109375,-0.0131072998046875
1760555101561605400,9.67560546875,-1.0015869140625,-0.00518798828125,-0.0142974853515625
1760555101571610400,9.6856103515625,-1.002105712890625,-0.0040740966796875,-0.0137939453125
1760555101581614600,9.695614501953125,-0.998992919921875,-0.0029144287109375,-0.0121307373046875
1760555101591619600,9.70561962890625,-1.0002288818359375,0.000823974609375,-0.015655517578125
1760555101601623600,9.71562353515625,-0.999267578125,-0.0023345947265625,-0.015167236328125
1760555101611627300,9.725627197265625,-0.9985198974609375,-0.00665283203125,-0.01446533203125
1760555101621632300,9.73563232421875,-0.99560546875,-0.0076751708984375,-0.019012451171875
1760555101631636500,9.745636474609375,-0.99920654296875,-0.00604248046875,-0.0216064453125
1760555101641641500,9.755641357421876,-0.9974365234375,-0.0071258544921875,-0.026702880859375
1760555101651645400,9.7656455078125,-0.99505615234375,-0.006744384765625,-0.0222320556640625
1760555101661649400,9.7756494140625,-0.9985198974609375,-0.00408935546875,-0.0188446044921875
1760555101671654400,9.785654296875,-0.9995269775390625,-0.001800537109375,-0.0170745849609375
1760555101681658600,9.79565869140625,-0.9968109130859375,-0.0067901611328125,-0.0074920654296875
1760555101691663600,9.80566357421875,-0.9957427978515625,-0.0112457275390625,-0.0056304931640625
1760555101701667600,9.81566748046875,-1.002471923828125,-0.00115966796875,-0.0075836181640625
1760555101711671300,9.82567138671875,-1.0014190673828125,0.00469970703125,-0.0148773193359375
1760555101721676300,9.83567626953125,-1.0024261474609375,0.003204345703125,-0.0170745849609375
1760555101731680500,9.845680419921875,-1.00067138671875,0.00213623046875,-0.0205841064453125
1760555101741685500,9.855685546875,-1.0047454833984375,-0.000274658203125,-0.0251922607421875
1760555101751689500,9.865689453125,-0.99603271484375,-0.0024871826171875,-0.018157958984375
1760555101761693400,9.875693359375,-0.9998016357421875,-0.002593994140625,-0.0202789306640625
1760555101771698400,9.885698486328126,-0.998748779296875,-0.0126800537109375,-0.0243682861328125
1760555101781702400,9.895702392578125,-0.9930419921875,-0.0077667236328125,-0.012542724609375
1760555101791707400,9.905707275390625,-0.99993896484375,-0.0074462890625,-0.0172576904296875
1760555101801711400,9.91571142578125,-0.998870849609375,-0.0065155029296875,-0.01898193359375
1760555101811715300,9.92571533203125,-0.997222900390625,-0.00341796875,-0.0149993896484375
1760555101821720300,9.93572021484375,-0.9980010986328125,-0.0069732666015625,-0.0100555419921875
1760555101831724300,9.945724365234375,-0.9961700439453125,-0.005889892578125,-0.0030364990234375
1760555101841729300,9.955729248046875,-0.996551513671875,-0.008697509765625,-0.0082244873046875
1760555101851733500,9.9657333984375,-0.995025634765625,-0.01177978515625,-0.0113983154296875
1760555101861737500,9.975737548828125,-0.9956512451171875,-0.0146331787109375,-0.021942138671875
1760555101871742500,9.985742431640626,-0.9946136474609375,-0.0132293701171875,-0.0238800048828125
1760555101881746400,9.995746337890624,-0.99688720703125,-0.0073394775390625,-0.0127105712890625
1760555101891751400,10.00575146484375,-1.001434326171875,-0.0031890869140625,-0.0107421875
1760555101901755400,10.01575537109375,-0.9996337890625,0.001739501953125,-0.004913330078125
1760555101911759400,10.02575927734375,-1.0019989013671875,-0.00189208984375,-0.003570556640625
1760555101921764400,10.035764404296875,-0.992919921875,-0.009735107421875,-0.00360107421875
1760555101931768300,10.045768310546874,-0.996490478515625,-0.0106353759765625,-0.009918212890625
1760555101941773300,10.055773193359375,-1.001251220703125,-0.0039520263671875,-0.0083770751953125
1760555101951777500,10.065777587890626,-0.9962615966796875,-0.0067901611328125,-0.0064697265625
1760555101961781500,10.075781494140625,-1.0005950927734375,-0.004425048828125,-0.007965087890625
1760555101971786500,10.085786376953125,-0.9974822998046875,-0.0045013427734375,-0.0057525634765625
1760555101981790500,10.09579052734375,-1.0037078857421875,0.0040130615234375,-0.0146331787109375
1760555101991794400,10.10579443359375,-1.002227783203125,0.008392333984375,-0.0086822509765625
1760555102001799400,10.11579931640625,-1.0040283203125,0.00506591796875,-0.0067901611328125
1760555102011803400,10.125803466796874,-0.99884033203125,-0.0058746337890625,-0.017425537109375
1760555102021808400,10.135808349609375,-0.9963226318359375,-0.005706787109375,-0.0162353515625
1760555102031812400,10.145812255859376,-0.99383544921875,-0.01220703125,-0.0196075439453125
1760555102041816600,10.155816650390625,-1.0016632080078125,-0.0102081298828125,-0.0152130126953125
1760555102051821600,10.165821533203125,-0.9931488037109375,-0.0108184814453125,-0.0114898681640625
1760555102061825300,10.1758251953125,-1.000732421875,-0.0066070556640625,-0.00701904296875
1760555102071830300,10.185830322265625,-0.9969635009765625,0.000732421875,-0.0008544921875
1760555102081834200,10.195834228515626,-0.99835205078125,-0.0018310546875,0.002655029296875
1760555102091838500,10.20583837890625,-0.9988861083984375,-0.002838134765625,0.00274658203125
1760555102101843500,10.215843505859375,-0.9949951171875,-0.0113983154296875,-0.000152587890625
1760555102111847400,10.225847412109376,-0.9940643310546875,-0.011322021484375,-0.007354736328125
1760555102121852400,10.235852294921875,-0.99847412109375,-0.002227783203125,-0.0112152099609375
1760555102131856100,10.245856201171875,-0.9980316162109375,0.0009918212890625,-0.015838623046875
1760555102141860400,10.2558603515625,-1.0030059814453125,0.005950927734375,-0.01800537109375
1760555102151865300,10.265865234375,-1.004852294921875,0.0050048828125,-0.0114593505859375
1760555102161869300,10.275869384765626,-1.0006561279296875,0.0057373046875,-0.00067138671875
1760555102171874300,10.285874267578125,-0.9995269775390625,0.00201416015625,-0.003143310546875
1760555102181878300,10.295878173828125,-0.9963226318359375,-0.002716064453125,-0.0006256103515625
1760555102191882500,10.305882568359374,-0.99749755859375,-0.0039215087890625,-0.0037078857421875
1760555102201887500,10.315887451171875,-0.9992828369140625,-0.0045166015625,-0.0115509033203125
1760555102211891500,10.325891357421876,-1.0048980712890625,-0.001556396484375,-0.0101318359375
1760555102221896400,10.335896484375,-0.9959564208984375,-0.00726318359375,-0.0048065185546875
1760555102231900200,10.345900146484375,-1.0009002685546875,0.0047607421875,0.0018768310546875
1760555102241904400,10.355904296875,-0.9969329833984375,0.0005950927734375,0.00042724609375
1760555102251909400,10.365909423828125,-0.9941253662109375,-0.001678466796875,-0.002685546875
1760555102261913300,10.375913330078125,-1.002716064453125,0.00164794921875,-0.01220703125
1760555102271918300,10.38591845703125,-1.0046234130859375,-0.0003509521484375,-0.0089569091796875
1760555102281922300,10.39592236328125,-0.996124267578125,-0.0007171630859375,0.0029144287109375
1760555102291926300,10.40592626953125,-0.9950714111328125,0.00006103515625,0.004974365234375
1760555102301931300,10.41593115234375,-0.9960784912109375,-0.00347900390625,-0.003814697265625
1760555102311935500,10.425935546875,-0.999664306640625,-0.007415771484375,-0.0124664306640625
1760555102321940500,10.4359404296875,-0.99896240234375,-0.0134429931640625,-0.0142974853515625
1760555102331944200,10.445944091796875,-0.992340087890625,-0.016326904296875,-0.0117340087890625
1760555102341948200,10.4559482421875,-0.9958953857421875,-0.0117340087890625,-0.01031494140625
1760555102351953200,10.465953125,-0.9984588623046875,-0.00384521484375,-0.0056915283203125
1760555102361957400,10.475957275390625,-0.9996490478515625,0.0008392333984375,-0.003173828125
1760555102371962400,10.48596240234375,-0.999664306640625,0.0048980712890625,-0.0029754638671875
1760555102381966300,10.49596630859375,-1.000762939453125,0.002166748046875,-0.0062408447265625
1760555102391970300,10.50597021484375,-1.000701904296875,0.0041351318359375,-0.0029754638671875
1760555102401975300,10.515975341796874,-1.0013275146484375,0.0073089599609375,0.0019073486328125
1760555102411979300,10.525979248046875,-1.0037689208984375,0.0105133056640625,0.0088348388671875
1760555102421984300,10.535984375,-1.00103759765625,0.012054443359375,0.011627197265625
1760555102431988200,10.54598828125,-0.99969482421875,0.0061798095703125,0.0099639892578125
1760555102441992200,10.5559921875,-0.994384765625,0.0007476806640625,0.00006103515625
1760555102451997200,10.5659970703125,-0.9995269775390625,0.0001983642578125,-0.0045623779296875
1760555102462001400,10.57600146484375,-1.00384521484375,0.0016021728515625,-0.0074462890625
1760555102472006400,10.58600634765625,-1.005859375,-0.004608154296875,-0.006317138671875
1760555102482010400,10.59601025390625,-0.9962921142578125,-0.007354736328125,0.001434326171875
1760555102492014300,10.606014404296875,-0.9928436279296875,-0.00714111328125,-0.0000762939453125
1760555102502019300,10.616019287109374,-0.992889404296875,-0.0039215087890625,-0.0024566650390625
1760555102512023300,10.626023193359375,-0.99505615234375,-0.009429931640625,-0.0039520263671875
1760555102522028300,10.6360283203125,-0.99322509765625,-0.0229644775390625,-0.01373291015625
1760555102532032300,10.6460322265625,-0.99920654296875,-0.014373779296875,-0.0219573974609375
1760555102542036200,10.6560361328125,-1.00433349609375,-0.0022125244140625,-0.0030975341796875
1760555102552041200,10.666041259765626,-1.001922607421875,0.0002288818359375,-0.0026092529296875
1760555102562045400,10.67604541015625,-0.99993896484375,0.001739501953125,-0.0019683837890625
1760555102572050400,10.686050537109375,-1.0001373291015625,-0.0003662109375,0.0052337646484375
1760555102582054400,10.696054443359374,-0.9963226318359375,0.0024261474609375,0.0100555419921875
1760555102592058400,10.706058349609375,-0.998687744140625,0.0046234130859375,0.0074615478515625
1760555102602063400,10.7160634765625,-1.0006103515625,0.012664794921875,0.003631591796875
1760555102612067300,10.7260673828125,-1.0037689208984375,0.016754150390625,0.0086517333984375
1760555102622071300,10.7360712890625,-1.0029296875,0.0149383544921875,0.0099639892578125
1760555102632076300,10.746076171875,-1.0004425048828125,0.014007568359375,0.0061187744140625
1760555102642080300,10.756080322265625,-0.9989471435546875,0.010772705078125,0.0073699951171875
1760555102652085200,10.766085205078125,-0.9996337890625,0.009521484375,0.005523681640625
1760555102662089500,10.77608935546875,-1.000518798828125,0.006927490234375,0.0006866455078125
1760555102672093400,10.786093505859375,-0.999725341796875,-0.0013885498046875,-0.0006103515625
1760555102682098400,10.796098388671876,-0.997711181640625,-0.0051422119140625,-0.0006866455078125
1760555102692102100,10.80610205078125,-0.995849609375,-0.002777099609375,0.004364013671875
1760555102702107400,10.816107421875,-0.9969482421875,0.0026397705078125,0.0096282958984375
1760555102712111400,10.826111328125,-0.9978179931640625,0.003448486328125,0.0137481689453125
1760555102722115300,10.836115234375,-0.9967498779296875,0.0007781982421875,0.01434326171875
1760555102732120300,10.846120361328126,-0.998138427734375,0.0099029541015625,0.0056915283203125
1760555102742124300,10.856124267578124,-0.9990081787109375,0.008392333984375,0.0002899169921875
1760555102752129300,10.86612939453125,-1.0013580322265625,0.005340576171875,-0.0046234130859375
1760555102762133200,10.87613330078125,-0.999359130859375,0.0035858154296875,-0.0082244873046875
1760555102772137500,10.886137451171875,-1.0024566650390625,0.0061492919921875,-0.00506591796875
1760555102782142500,10.896142578125,-1.0039520263671875,0.0066070556640625,0.0059967041015625
1760555102792146200,10.906146240234374,-1.0041046142578125,0.00787353515625,0.0157012939453125
1760555102802151200,10.916151123046875,-0.9959869384765625,0.00408935546875,0.0170440673828125
1760555102812155100,10.926155029296876,-0.990447998046875,0.00048828125,0.0110626220703125
1760555102822159400,10.936159423828125,-0.9948883056640625,-0.0070648193359375,-0.0037841796875
1760555102832164400,10.946164306640625,-0.998504638671875,-0.00543212890625,-0.01190185546875
1760555102842168300,10.956168212890624,-0.9994354248046875,-0.0046539306640625,-0.014404296875
1760555102852173300,10.96617333984375,-1.00506591796875,-0.0020751953125,-0.0168304443359375
1760555102862177300,10.97617724609375,-1.000885009765625,-0.00537109375,-0.005706787109375
1760555102872181500,10.986181396484374,-0.994842529296875,-0.0031890869140625,0.004058837890625
1760555102882186500,10.9961865234375,-0.9969940185546875,0.0048065185546875,0.0102996826171875
1760555102892190200,11.006190185546876,-0.993194580078125,0.005035400390625,0.009979248046875
1760555102902195200,11.0161953125,-0.99566650390625,0.004608154296875,0.001373291015625
1760555102912199200,11.02619921875,-1.00189208984375,0.0070037841796875,-0.0091400146484375
1760555102922203400,11.036203369140624,-1.0115203857421875,0.003692626953125,-0.016693115234375
1760555102932208400,11.04620849609375,-1.0029754638671875,-0.0006103515625,-0.006317138671875
1760555102942212400,11.05621240234375,-0.9953155517578125,0.0033416748046875,0.005126953125
1760555102952217300,11.06621728515625,-0.997894287109375,0.0055389404296875,0.0073089599609375
1760555102962221300,11.07622119140625,-0.9972381591796875,0.00146484375,0.0035247802734375
1760555102972225500,11.0862255859375,-0.998870849609375,0.0016326904296875,-0.0044403076171875
1760555102982230500,11.09623046875,-1.00811767578125,-0.0031585693359375,-0.0216522216796875
1760555102992234200,11.106234130859375,-0.996826171875,-0.0059661865234375,-0.017242431640625
1760555103002239200,11.1162392578125,-0.987762451171875,-0.010223388671875,-0.0140380859375
1760555103012243200,11.1262431640625,-1.002716064453125,-0.0086517333984375,-0.0124359130859375
1760555103022247400,11.136247314453126,-1.0002288818359375,-0.0058441162109375,-0.0089569091796875
1760555103032252400,11.14625244140625,-0.99493408203125,0.0013885498046875,-0.0036163330078125
1760555103042256400,11.15625634765625,-1.00225830078125,0.004180908203125,-0.004852294921875
1760555103052261400,11.166261474609374,-1.0033111572265625,-0.0024261474609375,-0.0086822509765625
1760555103062265900,11.176265869140625,-0.995391845703125,0.000457763671875,-0.0052490234375
1760555103072269800,11.186269775390626,-0.9995269775390625,-0.0006866455078125,-0.0056304931640625
1760555103082274800,11.19627490234375,-1.000885009765625,-0.00006103515625,-0.0098724365234375
1760555103092279000,11.206279052734375,-0.9989013671875,0.0028076171875,-0.0064239501953125
1760555103102284000,11.216283935546874,-1.0019683837890625,-0.002685546875,-0.007049560546875
1760555103112287700,11.226287841796875,-0.997772216796875,-0.0014495849609375,-0.0072479248046875
1760555103122291700,11.236291748046876,-0.9962005615234375,-0.0065765380859375,-0.0039520263671875
1760555103132296700,11.246296630859375,-0.9964599609375,-0.008453369140625,-0.005584716796875
1760555103142301000,11.256301025390625,-0.9977569580078125,-0.0077362060546875,-0.0122528076171875
1760555103152306000,11.266305908203124,-1.0016326904296875,-0.0058135986328125,-0.0098724365234375
1760555103162310000,11.276309814453125,-0.9956817626953125,-0.004669189453125,-0.0078125
1760555103172313900,11.28631396484375,-0.9999542236328125,-0.0042877197265625,-0.004241943359375
1760555103182318800,11.29631884765625,-0.9976806640625,-0.0023193359375,0.0003204345703125
1760555103192323000,11.306322998046875,-0.99615478515625,-0.0025482177734375,-0.004852294921875
1760555103202328000,11.316328125,-1.0021209716796875,0.0027313232421875,-0.004180908203125
1760555103212331800,11.326331787109375,-0.9988250732421875,0.002960205078125,-0.0045623779296875
1760555103222335700,11.336335693359375,-0.9995880126953125,-0.000518798828125,-0.0143280029296875
1760555103232340700,11.3463408203125,-0.997589111328125,0.0002288818359375,-0.014556884765625
1760555103242345000,11.356344970703125,-1.000152587890625,0.000396728515625,-0.0175018310546875
1760555103252350000,11.366349853515626,-0.9993438720703125,-0.00189208984375,-0.01580810546875
1760555103262354000,11.37635400390625,-0.9981842041015625,-0.0036468505859375,-0.00982666015625
1760555103272358000,11.38635791015625,-0.99847412109375,-0.0030670166015625,-0.0094451904296875
1760555103282363000,11.39636279296875,-1.000335693359375,0.0005950927734375,-0.0015106201171875
1760555103292366800,11.406366943359375,-1.0002288818359375,0.0001373291015625,0.00341796875
1760555103302371800,11.416371826171876,-0.9965362548828125,-0.001861572265625,0.00103759765625
1760555103312375800,11.426375732421874,-0.9975433349609375,-0.0018463134765625,-0.0004730224609375
1760555103322379800,11.4363798828125,-0.9946136474609375,-0.0110321044921875,-0.0080718994140625
1760555103332384800,11.446384765625,-0.9951019287109375,-0.0056610107421875,-0.015533447265625
1760555103342389000,11.456388916015625,-1.004486083984375,-0.00115966796875,-0.0215301513671875
1760555103352394000,11.46639404296875,-1.0040283203125,0.005889892578125,-0.023712158203125
1760555103362398000,11.47639794921875,-0.9992523193359375,0.0073699951171875,-0.01556396484375
1760555103372402000,11.48640185546875,-1.0004119873046875,0.002716064453125,-0.0111541748046875
1760555103382407000,11.496406982421876,-1.0013580322265625,0.005126953125,-0.0164947509765625
1760555103392411000,11.506410888671875,-1.00146484375,0.00714111328125,-0.0153350830078125
1760555103402415900,11.516415771484375,-1.000518798828125,0.0012054443359375,-0.0177459716796875
1760555103412419800,11.526419921875,-0.9991302490234375,0.0003204345703125,-0.013458251953125
1760555103422423800,11.536423828125,-0.997833251953125,0.0016326904296875,-0.00811767578125
1760555103432428800,11.5464287109375,-0.9995574951171875,-0.003204345703125,-0.008880615234375
1760555103442432800,11.556432861328124,-0.9948272705078125,-0.0037994384765625,-0.0058746337890625
1760555103452437800,11.566437744140625,-0.99896240234375,-0.0029449462890625,-0.008056640625
1760555103462442000,11.57644189453125,-0.9987640380859375,-0.0036468505859375,-0.0140380859375
1760555103472446000,11.586446044921875,-0.996734619140625,-0.00323486328125,-0.018280029296875
1760555103482451000,11.596450927734375,-0.9994964599609375,-0.0042877197265625,-0.02325439453125
1760555103492454700,11.60645458984375,-0.995025634765625,-0.0068359375,-0.0242156982421875
1760555103502459600,11.616459716796875,-0.998016357421875,-0.0053863525390625,-0.021636962890625
1760555103512464000,11.6264638671875,-0.9995880126953125,0.0003662109375,-0.0147857666015625
1760555103522467800,11.6364677734375,-0.997589111328125,-0.002838134765625,-0.0064697265625
1760555103532472800,11.646472900390625,-0.998626708984375,-0.0001983642578125,-0.0067596435546875
1760555103542476800,11.656476806640624,-0.9966278076171875,-0.0014801025390625,-0.002899169921875
1760555103552481800,11.666481689453125,-0.99993896484375,-0.000518798828125,-0.003082275390625
1760555103562486000,11.676486083984376,-0.999053955078125,-0.0010833740234375,-0.0043182373046875
1760555103572489700,11.68648974609375,-0.998016357421875,-0.005706787109375,-0.008636474609375
1760555103582494700,11.69649462890625,-0.9939422607421875,-0.0128326416015625,-0.0107879638671875
1760555103592498700,11.706498779296876,-0.991607666015625,-0.018951416015625,-0.013092041015625
1760555103602503700,11.716503662109375,-0.9982452392578125,-0.0074005126953125,-0.020721435546875
1760555103612508000,11.7265078125,-1.0041046142578125,0.00225830078125,-0.0200958251953125
1760555103622511900,11.736511962890624,-0.9985198974609375,0.0027618408203125,-0.0145111083984375
1760555103632516900,11.746516845703125,-1.003326416015625,0.004425048828125,-0.0144195556640625
1760555103642520800,11.756520751953126,-0.9988250732421875,0.0045623779296875,-0.00628662109375
1760555103652525800,11.76652587890625,-1.00079345703125,0.003143310546875,-0.00811767578125
1760555103662530000,11.776530029296875,-1.0027008056640625,0.0018157958984375,-0.0089111328125
1760555103672533800,11.78653369140625,-0.99664306640625,0.001373291015625,-0.002288818359375
1760555103682538800,11.796538818359375,-1.002838134765625,0.0025634765625,-0.00555419921875
1760555103692542700,11.806542724609375,-0.9983978271484375,0.0023193359375,-0.00262451171875
1760555103702547700,11.816547607421874,-0.9983367919921875,-0.001129150390625,-0.0032196044921875
1760555103712552000,11.826552001953125,-0.998992919921875,-0.004547119140625,-0.012451171875
1760555103722556000,11.836555908203126,-0.9958648681640625,-0.0055389404296875,-0.01239013671875
1760555103732561000,11.846560791015625,-0.9994964599609375,-0.005126953125,-0.0142974853515625
1760555103742564900,11.85656494140625,-0.9976959228515625,-0.0055999755859375,-0.015167236328125
1760555103752569000,11.866569091796874,-0.99853515625,-0.0049285888671875,-0.0149078369140625
1760555103762574000,11.876573974609375,-0.9959869384765625,-0.0094451904296875,-0.0057525634765625
1760555103772577800,11.886577880859376,-0.994903564453125,-0.0115509033203125,-0.0048980712890625
1760555103782582800,11.896582763671875,-1.0001983642578125,-0.0074005126953125,-0.0105133056640625
1760555103792586800,11.906586669921875,-0.998199462890625,-0.0050811767578125,-0.006317138671875
1760555103802590700,11.9165908203125,-0.996795654296875,-0.005462646484375,-0.004791259765625
1760555103812596000,11.926595947265625,-0.9970855712890625,-0.00848388671875,-0.0020751953125
1760555103822600000,11.936599853515625,-0.999542236328125,0.00079345703125,0.00054931640625
1760555103832605000,11.94660498046875,-1.0039215087890625,0.0059814453125,-0.0032196044921875
1760555103842609000,11.95660888671875,-0.9990997314453125,0.0020294189453125,-0.003143310546875
1760555103852612900,11.96661279296875,-0.998382568359375,-0.002685546875,-0.0074615478515625
1760555103862617900,11.976617919921875,-1.00103759765625,0.001312255859375,-0.0114898681640625
1760555103872621800,11.986621826171875,-1.001312255859375,0.00189208984375,-0.014129638671875
1760555103882626800,11.996626708984374,-0.9997406005859375,-0.0020751953125,-0.0158233642578125
1760555103892630800,12.006630859375,-0.998382568359375,-0.002288818359375,-0.01171875
1760555103902634800,12.016634765625,-0.99957275390625,-0.0048828125,-0.0096893310546875
1760555103912639700,12.0266396484375,-0.9957733154296875,-0.004119873046875,-0.0015716552734375
1760555103922644000,12.03664404296875,-0.9980316162109375,-0.0021514892578125,0.0042266845703125
1760555103932649000,12.04664892578125,-0.9997406005859375,-0.001373291015625,-0.0017242431640625
1760555103942653000,12.05665283203125,-0.9973602294921875,-0.004119873046875,-0.0006256103515625
1760555103952656600,12.06665673828125,-0.9954833984375,-0.00616455078125,-0.005615234375
1760555103962661600,12.07666162109375,-1.0016326904296875,-0.0054473876953125,-0.0153656005859375
1760555103972665900,12.086665771484375,-0.9974517822265625,-0.004180908203125,-0.0117645263671875
1760555103982670800,12.0966708984375,-0.9953765869140625,-0.0058135986328125,-0.010986328125
1760555103992674800,12.1066748046875,-0.9990386962890625,-0.0060272216796875,-0.0083160400390625
1760555104002678800,12.1166787109375,-0.996368408203125,-0.0016326904296875,0.0000762939453125
1760555104012683800,12.126683837890624,-0.9981231689453125,-0.0026702880859375,0.00244140625
1760555104022688000,12.13668798828125,-0.9996337890625,-0.004364013671875,0.0023040771484375
1760555104032693000,12.14669287109375,-0.995452880859375,-0.0081939697265625,-0.00360107421875
1760555104042697000,12.156697021484375,-0.9980316162109375,-0.0048065185546875,-0.007476806640625
1760555104052700700,12.16670068359375,-0.998626708984375,-0.0022430419921875,-0.00445556640625
1760555104062705700,12.17670556640625,-0.9971771240234375,-0.0048980712890625,-0.0061798095703125
1760555104072710000,12.1867099609375,-1.0000762939453125,-0.0008087158203125,-0.008270263671875
1760555104082715000,12.19671484375,-0.999359130859375,-0.0010833740234375,-0.0093536376953125
1760555104092718600,12.206718505859374,-0.9983367919921875,-0.0045318603515625,-0.0083770751953125
1760555104102722600,12.21672265625,-0.995330810546875,-0.00830078125,0.00390625
1760555104112727600,12.2267275390625,-0.9925994873046875,-0.0139312744140625,0.0052337646484375
1760555104122731800,12.236731689453125,-0.999908447265625,-0.0081787109375,0.0033111572265625
1760555104132736800,12.24673681640625,-1.0002288818359375,-0.00018310546875,0.00177001953125
1760555104142740700,12.25674072265625,-1.0003509521484375,0.00079345703125,-0.004302978515625
1760555104152744700,12.26674462890625,-0.9987640380859375,-0.003692626953125,0.00091552734375
1760555104162749700,12.276749755859376,-0.9937286376953125,-0.0061187744140625,0.000518798828125
1760555104172753700,12.286753662109374,-1.0016021728515625,0.000732421875,-0.0003204345703125
1760555104182758700,12.296758544921875,-1.0018768310546875,0.0054473876953125,-0.0047607421875
1760555104192762600,12.3067626953125,-0.9995880126953125,-0.0022430419921875,-0.0147705078125
1760555104202766600,12.3167666015625,-0.998260498046875,-0.00201416015625,-0.0145263671875
1760555104212771600,12.326771484375,-1.00390625,0.0011749267578125,-0.015045166015625
1760555104222775800,12.33677587890625,-0.9982757568359375,0.0016021728515625,-0.0057220458984375
1760555104232780800,12.34678076171875,-0.9991302490234375,-0.0010833740234375,-0.002410888671875
1760555104242784800,12.35678466796875,-1.0004119873046875,-0.004180908203125,-0.0023956298828125
1760555104252789800,12.366789794921875,-0.99456787109375,-0.004180908203125,0.001190185546875
1760555104262793700,12.376793701171875,-1.0026702880859375,-0.0028839111328125,-0.004608154296875
1760555104272797700,12.386797607421874,-0.997283935546875,-0.002288818359375,-0.0066986083984375
1760555104282802700,12.396802734375,-0.9966278076171875,-0.0049896240234375,-0.007598876953125
1760555104292806700,12.406806640625,-0.997528076171875,-0.007537841796875,-0.0108642578125
1760555104302811600,12.416811767578125,-0.9944915771484375,-0.0101165771484375,-0.00537109375
1760555104312815600,12.426815673828125,-0.997894287109375,-0.0088348388671875,-0.0018310546875
1760555104322819600,12.436819580078126,-0.997772216796875,-0.000579833984375,0.00616455078125
1760555104332824800,12.446824951171875,-0.99798583984375,-0.00213623046875,0.001220703125
1760555104342828800,12.456828857421876,-0.9998931884765625,-0.0043792724609375,-0.003143310546875
1760555104352832800,12.466832763671874,-1.0001373291015625,0.00225830078125,-0.00762939453125
1760555104362837800,12.476837646484375,-1.0033416748046875,0.000213623046875,-0.018035888671875
1760555104372841500,12.486841552734376,-0.9981536865234375,-0.0074005126953125,-0.021697998046875
1760555104382846700,12.4968466796875,-1.0001220703125,-0.0040130615234375,-0.022369384765625
1760555104392850700,12.5068505859375,-1.000946044921875,-0.00164794921875,-0.0115509033203125
1760555104402855700,12.516855712890624,-0.997650146484375,-0.0020294189453125,-0.0057373046875
1760555104412859600,12.526859619140625,-0.9980621337890625,-0.00250244140625,-0.0037994384765625
1760555104422863600,12.536863525390626,-0.99822998046875,-0.001556396484375,-0.000244140625
1760555104432868600,12.54686865234375,-0.9967193603515625,-0.0082244873046875,-0.0045623779296875
1760555104442872800,12.556872802734375,-0.9982452392578125,-0.0050048828125,-0.0039215087890625
1760555104452876800,12.566876708984376,-0.99951171875,-0.0071258544921875,-0.0077972412109375
1760555104462881800,12.5768818359375,-0.997283935546875,-0.0111541748046875,-0.013763427734375
1760555104472885500,12.586885498046875,-0.99713134765625,-0.007598876953125,-0.0116424560546875
1760555104482890500,12.596890380859374,-0.99774169921875,-0.0069427490234375,-0.00946044921875
1760555104492894700,12.606894775390625,-0.9961395263671875,-0.0054168701171875,-0.008026123046875
1760555104502899700,12.616899658203126,-1.0014495849609375,0.001495361328125,-0.008819580078125
1760555104512903700,12.626903564453125,-1.002197265625,0.0046234130859375,-0.0106048583984375
1760555104522907600,12.63690771484375,-1.0014801025390625,-0.0005645751953125,-0.0172882080078125
1760555104532912600,12.64691259765625,-0.9997711181640625,-0.0003814697265625,-0.0196075439453125
1760555104542916900,12.656916748046875,-1.0025177001953125,0.0026702880859375,-0.017730712890625
1760555104552921900,12.666921875,-1.0016937255859375,0.0008697509765625,-0.0140228271484375
1760555104562925600,12.676925537109375,-0.9981689453125,-0.0040130615234375,-0.00970458984375
1760555104572929500,12.686929443359375,-0.998260498046875,-0.006072998046875,-0.005950927734375
1760555104582934500,12.6969345703125,-0.9971771240234375,-0.0072174072265625,-0.0055084228515625
1760555104592938800,12.706938720703125,-0.9976806640625,-0.0096282958984375,-0.006256103515625
1760555104602943700,12.71694384765625,-0.99566650390625,-0.0113677978515625,-0.0073089599609375
1760555104612947700,12.72694775390625,-0.9983978271484375,-0.008941650390625,-0.013946533203125
1760555104622951700,12.73695166015625,-0.993743896484375,-0.0137939453125,-0.0211181640625
1760555104632956700,12.746956787109376,-0.9998779296875,-0.003143310546875,-0.01751708984375
1760555104642961000,12.7569609375,-1.000885009765625,-0.00140380859375,-0.0170440673828125
1760555104652966000,12.7669658203125,-0.999359130859375,-0.0019989013671875,-0.020111083984375
1760555104662969600,12.776969482421874,-0.99871826171875,0.001617431640625,-0.0115966796875
1760555104672973600,12.7869736328125,-1.0038909912109375,0.0020904541015625,-0.0137786865234375
1760555104682978600,12.796978515625,-0.9969940185546875,-0.0014801025390625,-0.0174713134765625
1760555104692982800,12.806982666015625,-0.998138427734375,-0.0072784423828125,-0.0171356201171875
1760555104702987800,12.81698779296875,-0.9999847412109375,-0.0045928955078125,-0.014617919921875
1760555104712991700,12.82699169921875,-0.9972991943359375,-0.0015716552734375,-0.0097198486328125
1760555104722995700,12.83699560546875,-0.9953155517578125,-0.013580322265625,-0.0060577392578125
1760555104733000700,12.847000732421876,-0.994781494140625,-0.0149383544921875,-0.002532958984375
1760555104743004700,12.857004638671874,-0.9983062744140625,-0.00787353515625,-0.0092926025390625
1760555104753010000,12.867010009765625,-0.9971160888671875,-0.010467529296875,-0.006683349609375
1760555104763013600,12.877013671875,-0.9957275390625,-0.0152740478515625,-0.0124969482421875
1760555104773017600,12.887017578125,-0.9962615966796875,-0.0118408203125,-0.0172271728515625
1760555104783022600,12.897022705078125,-0.99774169921875,-0.006103515625,-0.011932373046875
1760555104793026600,12.907026611328124,-1.000213623046875,-0.0068817138671875,-0.0099029541015625
1760555104803031800,12.91703173828125,-0.9973297119140625,-0.0044403076171875,-0.004638671875
1760555104813035800,12.927035888671876,-1.0009002685546875,-0.0025787353515625,-0.0062103271484375
1760555104823039700,12.937039794921875,-0.9996795654296875,-0.0032501220703125,-0.013336181640625
1760555104833044700,12.947044677734375,-1.0005340576171875,-0.0052032470703125,-0.0179290771484375
1760555104843048400,12.95704833984375,-1.0003814697265625,-0.0040435791015625,-0.020111083984375
1760555104853053700,12.9670537109375,-0.9998779296875,-0.0040435791015625,-0.0207366943359375
1760555104863057700,12.9770576171875,-0.9982757568359375,-0.005859375,-0.0161895751953125
1760555104873061600,12.9870615234375,-0.998382568359375,-0.0067291259765625,-0.0059814453125
1760555104883066600,12.997066650390625,-0.9968109130859375,-0.00994873046875,-0.0037841796875
1760555104893070600,13.007070556640626,-0.9948577880859375,-0.0117340087890625,-0.0023956298828125
1760555104903075600,13.01707568359375,-1.0003509521484375,-0.0056610107421875,-0.001617431640625
1760555104913079800,13.027079833984375,-0.997894287109375,-0.005218505859375,0.000030517578125
1760555104923083800,13.037083740234374,-0.995330810546875,-0.0092010498046875,-0.0030364990234375
1760555104933088800,13.0470888671875,-0.9962615966796875,-0.012176513671875,-0.0041046142578125
1760555104943092500,13.057092529296876,-0.9985504150390625,-0.006805419921875,-0.01092529296875
1760555104953097500,13.067097412109375,-0.9981689453125,-0.0052032470703125,-0.012359619140625
1760555104963101700,13.077101806640625,-0.9996795654296875,-0.0066986083984375,-0.01727294921875
1760555104973105700,13.087105712890626,-0.998046875,-0.010467529296875,-0.0181884765625
1760555104983110700,13.097110595703125,-0.9979400634765625,-0.01080322265625,-0.0179901123046875
1760555104993114600,13.107114501953125,-0.9981689453125,-0.0110626220703125,-0.012359619140625
1760555105003119600,13.11711962890625,-0.9983367919921875,-0.0109710693359375,-0.009063720703125
1760555105013123800,13.127123779296875,-0.999908447265625,-0.0054931640625,-0.00537109375
1760555105023127800,13.1371279296875,-0.9969329833984375,-0.0063018798828125,-0.0031890869140625
1760555105033132800,13.1471328125,-0.998809814453125,-0.0049896240234375,-0.001251220703125
1760555105043136500,13.157136474609375,-1.0008697509765625,-0.0009918212890625,0.000274658203125
1760555105053141500,13.1671416015625,-1.000732421875,-0.0011138916015625,-0.00103759765625
1760555105063146200,13.177146240234375,-0.99884033203125,-0.0026092529296875,-0.00341796875
1760555105073150200,13.187150146484376,-1.0003662109375,-0.006256103515625,-0.01177978515625
1760555105083155200,13.1971552734375,-0.997467041015625,-0.0079498291015625,-0.012115478515625
1760555105093159000,13.207158935546875,-0.9962921142578125,-0.0072021484375,-0.012420654296875
1760555105103164000,13.217163818359374,-1.0006103515625,-0.002838134765625,-0.0149688720703125
1760555105113168100,13.227168212890625,-1.0041351318359375,-0.002410888671875,-0.0155487060546875
1760555105123172000,13.237172119140626,-1.0005340576171875,0.0006561279296875,-0.0169677734375
1760555105133177000,13.247177001953125,-0.9990692138671875,-0.007659912109375,-0.016815185546875
1760555105143181000,13.25718115234375,-0.99908447265625,-0.009246826171875,-0.0169219970703125
1760555105153186000,13.26718603515625,-0.9976959228515625,-0.0101318359375,-0.0169219970703125
1760555105163190000,13.27718994140625,-0.9959716796875,-0.01251220703125,-0.01416015625
1760555105173194200,13.2871943359375,-0.996124267578125,-0.0144500732421875,-0.01513671875
1760555105183199200,13.29719921875,-0.9989471435546875,-0.008392333984375,-0.0139923095703125
1760555105193203000,13.307202880859375,-0.9973297119140625,-0.005523681640625,-0.01483154296875
1760555105203208000,13.3172080078125,-1.0011749267578125,-0.00634765625,-0.016448974609375
1760555105213212000,13.3272119140625,-1.001495361328125,-0.00213623046875,-0.013580322265625
1760555105223216000,13.337216064453125,-1.00286865234375,0.00213623046875,-0.007415771484375
1760555105233221000,13.34722119140625,-0.9944000244140625,-0.0122222900390625,-0.0055084228515625
1760555105243225000,13.35722509765625,-0.996856689453125,-0.01171875,-0.00360107421875
1760555105253230000,13.36722998046875,-0.99908447265625,-0.0048828125,-0.001373291015625
1760555105263234000,13.377234130859375,-1.0035247802734375,0.0021209716796875,-0.0095977783203125
1760555105273238000,13.387238037109375,-1.0020599365234375,-0.0072784423828125,-0.0191650390625
1760555105283243300,13.3972431640625,-0.9965972900390625,-0.0168609619140625,-0.020050048828125
1760555105293247000,13.4072470703125,-1.000579833984375,-0.014007568359375,-0.015625
1760555105303252000,13.417251953125,-1.001800537109375,-0.010467529296875,-0.01287841796875
1760555105313256000,13.427255859375,-1.0008392333984375,-0.0121917724609375,-0.005584716796875
1760555105323260200,13.43726025390625,-1.00823974609375,0.002471923828125,-0.007720947265625
1760555105333265200,13.44726513671875,-1.0050506591796875,0.0067901611328125,-0.0084075927734375
1760555105343269000,13.45726904296875,-0.9954071044921875,-0.0135955810546875,-0.0062408447265625
1760555105353274000,13.467274169921875,-0.99273681640625,-0.027618408203125,-0.016845703125
1760555105363278000,13.477278076171874,-0.99310302734375,-0.029754638671875,-0.019989013671875
1760555105373282000,13.487281982421875,-0.987396240234375,-0.0410614013671875,-0.01123046875
1760555105383287000,13.497287109375,-0.98443603515625,-0.048431396484375,-0.005950927734375
1760555105393291000,13.507291015625,-0.9888916015625,-0.0350799560546875,-0.002838134765625
1760555105403296000,13.5172958984375,-0.99542236328125,-0.0228729248046875,0.0040130615234375
1760555105413300000,13.527300048828126,-0.9967498779296875,-0.0225830078125,-0.005462646484375
1760555105423304200,13.53730419921875,-0.991485595703125,-0.0247344970703125,-0.0051727294921875
1760555105433309200,13.54730908203125,-0.994873046875,-0.020843505859375,-0.0001983642578125
1760555105443313200,13.557313232421874,-1.0024261474609375,-0.0108184814453125,-0.005401611328125
1760555105453318100,13.567318115234375,-0.9964752197265625,-0.01220703125,0.002716064453125
1760555105463322000,13.577322021484376,-0.996337890625,-0.014312744140625,-0.0019683837890625
1760555105473326000,13.587326171875,-1.00103759765625,-0.009063720703125,-0.0084075927734375
1760555105483331000,13.5973310546875,-0.9998779296875,-0.0096588134765625,-0.00152587890625
1760555105493335000,13.6073349609375,-1.002288818359375,-0.0089569091796875,-0.0112457275390625
1760555105503340000,13.617340087890625,-1.0014190673828125,-0.010589599609375,-0.0107421875
1760555105513344000,13.627343994140626,-0.9998779296875,-0.0105133056640625,-0.00152587890625
1760555105523348000,13.637347900390624,-1.00799560546875,0.000152587890625,-0.0112457275390625
1760555105533353200,13.647353271484375,-1.002410888671875,-0.0029296875,-0.002716064453125
1760555105543357200,13.657357177734376,-0.993072509765625,-0.0142669677734375,0.002838134765625
1760555105553362200,13.667362060546875,-1.002838134765625,-0.0098419189453125,-0.0071258544921875
1760555105563366100,13.6773662109375,-0.9962921142578125,-0.0172271728515625,0.001434326171875
1760555105573369900,13.687369873046874,-0.99346923828125,-0.0219268798828125,-0.0025482177734375
1760555105583375000,13.697375,-0.998687744140625,-0.0146942138671875,-0.0099029541015625
1760555105593379000,13.707379150390626,-0.9949188232421875,-0.017303466796875,0.0040435791015625
1760555105603384000,13.717384033203125,-0.9932708740234375,-0.021240234375,-0.001678466796875
1760555105613388000,13.727387939453125,-0.99530029296875,-0.0222015380859375,-0.008697509765625
1760555105623392000,13.73739208984375,-0.9977264404296875,-0.0132598876953125,-0.0036773681640625
1760555105633397000,13.74739697265625,-0.9992828369140625,-0.011016845703125,-0.004364013671875
1760555105643401200,13.757401123046876,-0.99688720703125,-0.012420654296875,-0.0065460205078125
1760555105653406200,13.76740625,-0.997314453125,-0.01202392578125,-0.0059814453125
1760555105663410000,13.777409912109375,-1.0005950927734375,-0.0099639892578125,-0.0113677978515625
1760555105673414000,13.787413818359376,-1.00299072265625,-0.0019683837890625,-0.0082855224609375
1760555105683419000,13.7974189453125,-1.0005035400390625,-0.0050811767578125,-0.0061798095703125
1760555105693423000,13.807423095703125,-1.001434326171875,-0.007720947265625,-0.0103759765625
1760555105703428000,13.817427978515624,-1.001556396484375,-0.005950927734375,-0.0142364501953125
1760555105713432000,13.82743212890625,-1.0027008056640625,-0.005462646484375,-0.012115478515625
1760555105723437000,13.83743701171875,-1.003143310546875,-0.0069732666015625,-0.0109405517578125
1760555105733441000,13.84744091796875,-0.9991607666015625,-0.011199951171875,-0.01556396484375
1760555105743445200,13.8574453125,-0.994659423828125,-0.016815185546875,-0.0165252685546875
1760555105753450200,13.8674501953125,-0.997222900390625,-0.0136566162109375,-0.0172119140625
1760555105763454000,13.877453857421875,-0.9978790283203125,-0.013214111328125,-0.014434814453125
1760555105773458000,13.8874580078125,-0.9963531494140625,-0.013916015625,-0.0035400390625
1760555105783463000,13.897462890625,-0.9978179931640625,-0.0094757080078125,0.006744384765625
1760555105793467100,13.907467041015625,-0.99908447265625,-0.0101318359375,0.00579833984375
1760555105803472100,13.91747216796875,-1.001190185546875,-0.0075225830078125,-0.0025482177734375
1760555105813476000,13.92747607421875,-1.0012359619140625,-0.005279541015625,-0.009674072265625
1760555105823481000,13.937481201171876,-1.00372314453125,-0.001129150390625,-0.020355224609375
1760555105833485000,13.947485107421874,-1.0028839111328125,-0.00421142578125,-0.0228118896484375
1760555105843489300,13.9574892578125,-0.9976806640625,-0.008636474609375,-0.020233154296875
1760555105853494300,13.967494384765626,-1.00067138671875,-0.0133819580078125,-0.021881103515625
1760555105863498000,13.977498046875,-0.9974365234375,-0.014923095703125,-0.012237548828125
1760555105873503000,13.9875029296875,-0.99591064453125,-0.0183563232421875,-0.005950927734375
1760555105883507000,13.9975068359375,-0.997467041015625,-0.0147247314453125,-0.014404296875
1760555105893511200,14.00751123046875,-0.9968719482421875,-0.0162353515625,-0.01409912109375
1760555105903516200,14.01751611328125,-0.995880126953125,-0.0186309814453125,-0.0128326416015625
1760555105913520000,14.02752001953125,-1.0001373291015625,-0.011871337890625,-0.0091705322265625
1760555105923525000,14.037525146484375,-0.9971160888671875,-0.0121002197265625,0.0028839111328125
1760555105933529000,14.047529052734374,-0.9963531494140625,-0.0157623291015625,-0.0009307861328125
1760555105943533000,14.057532958984375,-0.9986724853515625,-0.0131378173828125,-0.0037384033203125
1760555105953538300,14.067538330078126,-1.00115966796875,-0.005828857421875,-0.0055999755859375
1760555105963542000,14.0775419921875,-0.9996490478515625,-0.009765625,-0.0151214599609375
1760555105973547000,14.087547119140625,-0.9985198974609375,-0.0142364501953125,-0.0160675048828125
1760555105983551000,14.097551025390626,-0.9974212646484375,-0.0142822265625,-0.013916015625
1760555105993555000,14.107554931640625,-1.000732421875,-0.014129638671875,-0.0144195556640625
1760555106003560200,14.117560302734375,-1.0041656494140625,-0.00506591796875,-0.008026123046875
1760555106013564200,14.127564208984374,-0.99810791015625,-0.0108184814453125,-0.0122833251953125
1760555106023569200,14.137569091796875,-0.997833251953125,-0.0126190185546875,-0.0118408203125
1760555106033573000,14.147572998046876,-0.99462890625,-0.0167999267578125,0.0059661865234375
1760555106043576800,14.157576904296874,-0.99859619140625,-0.0149993896484375,-0.0023651123046875
1760555106053582000,14.16758203125,-1.0009765625,-0.012725830078125,-0.006378173828125
1760555106063585300,14.177585205078126,-0.9981231689453125,-0.0117645263671875,0.001312255859375
1760555106073590300,14.18759033203125,-1.0018463134765625,-0.00885009765625,-0.0099945068359375
1760555106083594200,14.19759423828125,-0.996307373046875,-0.0205535888671875,-0.007598876953125
1760555106093598500,14.207598388671874,-0.99371337890625,-0.020599365234375,0.0001220703125
1760555106103603500,14.217603515625,-0.995208740234375,-0.021026611328125,-0.000152587890625
1760555106113607400,14.227607421875,-0.9962921142578125,-0.0229339599609375,-0.004241943359375
1760555106123612400,14.2376123046875,-0.99981689453125,-0.0112152099609375,-0.0008544921875
1760555106133616400,14.247616455078125,-1.0014801025390625,-0.004608154296875,-0.003997802734375
1760555106143620400,14.257620361328126,-1.0007171630859375,-0.0111236572265625,-0.004791259765625
1760555106153625300,14.267625244140625,-1.0008544921875,-0.0115814208984375,-0.0103912353515625
1760555106163629300,14.27762939453125,-1.000396728515625,-0.015777587890625,-0.007568359375
1760555106173634300,14.28763427734375,-1.0001220703125,-0.01239013671875,-0.0034027099609375
1760555106183638300,14.29763818359375,-0.9974212646484375,-0.013763427734375,0.000244140625
1760555106193642500,14.307642578125,-0.9962921142578125,-0.0156707763671875,0.0071258544921875
1760555106203647500,14.3176474609375,-1.0008087158203125,-0.011199951171875,0.00299072265625
1760555106213651500,14.3276513671875,-0.9981231689453125,-0.0148468017578125,-0.011962890625
1760555106223656400,14.337656494140624,-0.994171142578125,-0.0302276611328125,-0.0200042724609375
1760555106233660400,14.347660400390625,-0.9931640625,-0.0276641845703125,-0.0193939208984375
1760555106243664400,14.357664306640626,-0.9926910400390625,-0.0314788818359375,-0.0102386474609375
1760555106253669400,14.36766943359375,-0.9956207275390625,-0.0240478515625,-0.0190582275390625
1760555106263673300,14.37767333984375,-0.9962921142578125,-0.016357421875,-0.0048065185546875
1760555106273678300,14.38767822265625,-0.9935760498046875,-0.0192718505859375,0.000091552734375
1760555106283682300,14.397682373046875,-0.99896240234375,-0.0124053955078125,-0.0095062255859375
1760555106293686300,14.407686279296875,-0.99822998046875,-0.0081329345703125,-0.0022735595703125
1760555106303691300,14.417691162109374,-1.00048828125,-0.0097808837890625,-0.0107421875
1760555106313695500,14.427695556640625,-1.0011444091796875,-0.0111541748046875,-0.0114898681640625
1760555106323700500,14.437700439453126,-1.0008087158203125,-0.0049285888671875,-0.005279541015625
1760555106333704400,14.447704345703125,-1.00274658203125,-0.0048828125,-0.012451171875
1760555106343708200,14.457708251953125,-1,-0.00677490234375,-0.005096435546875
1760555106353713200,14.467713134765624,-0.99853515625,-0.007965087890625,0.001129150390625
1760555106363717400,14.47771728515625,-1.00140380859375,-0.011077880859375,-0.0102081298828125
1760555106373722400,14.487722412109376,-0.997802734375,-0.0113525390625,-0.0081329345703125
1760555106383726300,14.497726318359375,-0.995819091796875,-0.0142822265625,-0.0091094970703125
1760555106393730300,14.507730224609375,-1.0001068115234375,-0.01422119140625,-0.0184326171875
1760555106403735300,14.5177353515625,-0.9966278076171875,-0.0128631591796875,-0.0093841552734375
1760555106413739500,14.527739501953125,-0.9977264404296875,-0.0118255615234375,-0.007568359375
1760555106423744500,14.53774462890625,-0.998779296875,-0.01397705078125,-0.010528564453125
1760555106433748200,14.547748291015624,-0.997650146484375,-0.011383056640625,-0.002410888671875
1760555106443752200,14.557752197265625,-0.9980926513671875,-0.01226806640625,-0.0052642822265625
1760555106453757200,14.567757080078126,-0.9967193603515625,-0.0140838623046875,-0.0157928466796875
1760555106463761400,14.577761474609375,-1.0000152587890625,-0.007568359375,-0.01422119140625
1760555106473766400,14.587766357421875,-1.0012054443359375,-0.00860595703125,-0.0122222900390625
1760555106483770400,14.597770263671874,-1.001953125,-0.00823974609375,-0.0180816650390625
1760555106493774300,14.6077744140625,-0.9976348876953125,-0.008697509765625,-0.00958251953125
1760555106503779300,14.617779296875,-0.998321533203125,-0.0099334716796875,-0.001983642578125
1760555106513783600,14.627783447265625,-0.997955322265625,-0.0158843994140625,-0.0048065185546875
1760555106523788500,14.63778857421875,-0.9952545166015625,-0.015960693359375,-0.00189208984375
1760555106533792300,14.647792236328126,-0.995635986328125,-0.017608642578125,-0.001068115234375
1760555106543796200,14.657796142578125,-0.999267578125,-0.0184478759765625,-0.01324462890625
1760555106553801200,14.66780126953125,-0.999237060546875,-0.012939453125,-0.013092041015625
1760555106563805400,14.677805419921874,-0.9993133544921875,-0.00872802734375,-0.012847900390625
1760555106573810400,14.687810546875,-1.001190185546875,-0.0087890625,-0.0149078369140625
1760555106583814400,14.697814453125,-0.9970855712890625,-0.0118560791015625,-0.00897216796875
1760555106593818400,14.707818359375,-0.9975128173828125,-0.0117645263671875,-0.00091552734375
1760555106603823400,14.7178232421875,-1.0006103515625,-0.0109100341796875,-0.00439453125
1760555106613827600,14.72782763671875,-1.002105712890625,-0.0101165771484375,-0.008026123046875
1760555106623832600,14.73783251953125,-0.99761962890625,-0.010284423828125,-0.0061187744140625
1760555106633836300,14.747836181640626,-1.0002593994140625,-0.005889892578125,-0.01031494140625
1760555106643840300,14.75784033203125,-0.999114990234375,-0.0090484619140625,-0.011688232421875
1760555106653845200,14.76784521484375,-0.9979248046875,-0.0102691650390625,-0.0086517333984375
1760555106663849500,14.777849365234376,-1.000396728515625,-0.0111083984375,-0.01416015625
1760555106673854500,14.7878544921875,-0.9991607666015625,-0.01806640625,-0.0167694091796875
1760555106683858400,14.7978583984375,-0.995635986328125,-0.017303466796875,-0.010406494140625
1760555106693862400,14.8078623046875,-0.9981536865234375,-0.0117340087890625,-0.0069427490234375
1760555106703867400,14.817867431640625,-0.9971160888671875,-0.01409912109375,-0.00537109375
1760555106713871400,14.827871337890626,-1.00048828125,-0.0098419189453125,-0.000091552734375
1760555106723876400,14.83787646484375,-1.00054931640625,-0.0094757080078125,-0.0054168701171875
1760555106733880300,14.84788037109375,-0.9995574951171875,-0.0100250244140625,-0.011810302734375
1760555106743884300,14.85788427734375,-0.9988861083984375,-0.0115814208984375,-0.0157318115234375
1760555106753889300,14.86788916015625,-1.000244140625,-0.0106658935546875,-0.0164947509765625
1760555106763893200,14.877893310546876,-0.9963836669921875,-0.0159149169921875,-0.0089569091796875
1760555106773898200,14.887898193359375,-0.995574951171875,-0.01617431640625,-0.0063018798828125
1760555106783902500,14.89790234375,-0.9980010986328125,-0.0125885009765625,-0.00201416015625
1760555106793907500,14.907907470703124,-0.9997711181640625,-0.0081939697265625,-0.0072174072265625
1760555106803911400,14.917911376953125,-0.99920654296875,-0.008575439453125,-0.0096588134765625
1760555106813915100,14.9279150390625,-0.999359130859375,-0.00799560546875,-0.0072784423828125
1760555106823920000,14.937920166015624,-0.998779296875,-0.0117034912109375,-0.00811767578125
1760555106833924400,14.94792431640625,-0.9979095458984375,-0.0136871337890625,-0.0124359130859375
1760555106843928300,14.95792822265625,-0.9990997314453125,-0.0085906982421875,-0.0113983154296875
1760555106853933300,14.967933349609375,-0.995452880859375,-0.0122528076171875,-0.0019378662109375
1760555106863937300,14.977937255859375,-0.999603271484375,-0.0090179443359375,-0.009307861328125
1760555106873942300,14.9879423828125,-1.002227783203125,-0.0028228759765625,-0.0102691650390625
1760555106883946500,14.997946533203125,-0.9975433349609375,-0.0024871826171875,-0.0028228759765625
1760555106893951500,15.007951416015626,-1.0029144287109375,-0.0011749267578125,-0.0053253173828125
1760555106903955500,15.01795556640625,-0.999114990234375,-0.009613037109375,-0.013427734375
1760555106913959200,15.027959228515625,-0.9931793212890625,-0.0156097412109375,-0.0066070556640625
1760555106923964200,15.037964111328124,-0.995269775390625,-0.0161895751953125,-0.00537109375
1760555106933968400,15.047968505859375,-0.9988861083984375,-0.01690673828125,-0.0169830322265625
1760555106943973400,15.057973388671876,-1.0002593994140625,-0.0106048583984375,-0.0164794921875
1760555106953977300,15.067977294921874,-0.998504638671875,-0.006744384765625,-0.00726318359375
1760555106963981300,15.077981201171875,-0.9979400634765625,-0.0101318359375,-0.00823974609375
1760555106973986300,15.087986328125,-1.00091552734375,-0.0099334716796875,-0.0122833251953125
1760555106983990500,15.097990478515625,-0.997589111328125,-0.006744384765625,-0.0071258544921875
1760555106993995500,15.10799560546875,-1.001007080078125,-0.00537109375,-0.009613037109375
1760555107003999500,15.11799951171875,-0.9980010986328125,-0.0101470947265625,-0.0133209228515625
1760555107014003200,15.128003173828125,-0.99749755859375,-0.0088958740234375,-0.0106353759765625
1760555107024008200,15.13800830078125,-0.997894287109375,-0.0090179443359375,-0.0090179443359375
1760555107034012400,15.148012451171875,-0.999267578125,-0.0098114013671875,-0.0127716064453125
1760555107044017400,15.158017333984375,-0.9982147216796875,-0.0054473876953125,-0.0022735595703125
1760555107054021400,15.168021484375,-1.00054931640625,-0.00323486328125,0.0007781982421875
1760555107064026000,15.178026123046875,-1.0014495849609375,-0.0061492919921875,-0.002838134765625
1760555107074031000,15.188031005859376,-0.9965057373046875,-0.0091552734375,0.00030517578125
1760555107084035000,15.19803515625,-0.9995574951171875,-0.006378173828125,-0.0048675537109375
1760555107094040000,15.2080400390625,-0.99945068359375,-0.0099639892578125,-0.010498046875
1760555107104044300,15.218044189453124,-0.9955596923828125,-0.0164031982421875,-0.0074310302734375
1760555107114048300,15.22804833984375,-0.999481201171875,-0.0114898681640625,-0.01141357421875
1760555107124053200,15.23805322265625,-1.0076751708984375,0.0036163330078125,-0.0142669677734375
1760555107134057200,15.24805712890625,-0.999847412109375,-0.003631591796875,-0.013671875
1760555107144062200,15.258062255859375,-0.9980316162109375,-0.009002685546875,-0.0136566162109375
1760555107154066200,15.268066162109376,-0.996368408203125,-0.01422119140625,-0.0092010498046875
1760555107164070100,15.278070068359375,-0.99615478515625,-0.017333984375,-0.00994873046875
1760555107174075100,15.2880751953125,-0.994842529296875,-0.0245208740234375,-0.012664794921875
1760555107184079000,15.2980791015625,-0.99462890625,-0.0211029052734375,-0.00299072265625
1760555107194084000,15.308083984375,-0.996368408203125,-0.016754150390625,-0.0055084228515625
1760555107204088300,15.31808837890625,-0.9982147216796875,-0.01336669921875,-0.00604248046875
1760555107214092300,15.32809228515625,-0.9990692138671875,-0.0114898681640625,-0.0008392333984375
1760555107224097300,15.33809716796875,-0.9993438720703125,-0.013580322265625,-0.0068511962890625
1760555107234101200,15.348101318359374,-0.99884033203125,-0.0100555419921875,-0.0108795166015625
1760555107244106200,15.358106201171875,-0.9980316162109375,-0.0084228515625,-0.0045318603515625
1760555107254110200,15.368110107421876,-1.0016632080078125,-0.009674072265625,-0.0102996826171875
1760555107264114200,15.3781142578125,-1.0016937255859375,-0.0079345703125,-0.0116729736328125
1760555107274119200,15.388119140625,-0.9973297119140625,-0.0089569091796875,-0.005889892578125
1760555107284123100,15.398123046875,-0.9970245361328125,-0.0107879638671875,-0.00567626953125
1760555107294128000,15.408128173828125,-0.997833251953125,-0.0140533447265625,0.00079345703125
1760555107304132000,15.418132080078125,-0.994110107421875,-0.0177001953125,0.0048980712890625
1760555107314136300,15.42813623046875,-0.998443603515625,-0.0176544189453125,-0.0031280517578125
1760555107324141300,15.438141357421875,-0.9976654052734375,-0.0177154541015625,-0.007476806640625
1760555107334145000,15.44814501953125,-1.00030517578125,-0.013153076171875,-0.01715087890625
1760555107344150300,15.458150390625,-1.006500244140625,-0.0028839111328125,-0.023101806640625
1760555107354154000,15.468154052734375,-0.9980010986328125,-0.010833740234375,-0.0131683349609375
1760555107364158200,15.478158203125,-0.996734619140625,-0.0162506103515625,-0.0142822265625
1760555107374163200,15.4881630859375,-0.9989013671875,-0.0117340087890625,-0.00897216796875
1760555107384167200,15.498167236328126,-0.994873046875,-0.0092926025390625,0.0049591064453125
1760555107394172200,15.508172119140625,-1.0019683837890625,-0.0087432861328125,-0.000335693359375
1760555107404176100,15.518176025390625,-1.001068115234375,-0.00762939453125,0.001861572265625
1760555107414180400,15.528180419921876,-0.993438720703125,-0.019287109375,0.0013427734375
1760555107424185300,15.538185302734375,-0.9993438720703125,-0.017913818359375,-0.00799560546875
1760555107434189000,15.54818896484375,-0.997528076171875,-0.01043701171875,-0.004364013671875
1760555107444194000,15.558194091796874,-0.9962921142578125,-0.0165557861328125,-0.00677490234375
1760555107454198000,15.568197998046875,-0.99652099609375,-0.0217437744140625,-0.0109405517578125
1760555107464202200,15.5782021484375,-0.9962921142578125,-0.018524169921875,-0.0037384033203125
1760555107474207200,15.588207275390625,-0.9962921142578125,-0.017669677734375,-0.004119873046875
1760555107484211200,15.598211181640625,-0.9984588623046875,-0.012481689453125,-0.0025482177734375
1760555107494216200,15.60821630859375,-0.9992523193359375,-0.0098724365234375,-0.0018157958984375
1760555107504220200,15.61822021484375,-1.0016937255859375,-0.0128936767578125,-0.01348876953125
1760555107514224400,15.628224365234376,-1.0011138916015625,-0.010223388671875,-0.0121612548828125
1760555107524229400,15.6382294921875,-1.001129150390625,-0.0117950439453125,-0.0074920654296875
1760555107534233000,15.648233154296875,-1.0012054443359375,-0.0130157470703125,-0.0129241943359375
1760555107544238000,15.658238037109374,-0.9978485107421875,-0.011932373046875,-0.0099639892578125
1760555107554242000,15.668241943359375,-0.99578857421875,-0.0163116455078125,-0.007537841796875
1760555107564247000,15.6782470703125,-1.0005035400390625,-0.017333984375,-0.011077880859375
1760555107574251300,15.688251220703124,-1.000244140625,-0.0166168212890625,-0.009918212890625
1760555107584255200,15.698255126953125,-0.99652099609375,-0.0166015625,-0.01654052734375
1760555107594260200,15.70826025390625,-1.00177001953125,-0.0135498046875,-0.015411376953125
1760555107604264200,15.71826416015625,-0.9965667724609375,-0.0178680419921875,-0.010833740234375
1760555107614269200,15.728269287109375,-0.9935302734375,-0.0261383056640625,-0.010040283203125
1760555107624273400,15.7382734375,-0.9940032958984375,-0.0225830078125,-0.005706787109375
1760555107634277000,15.748277099609375,-0.9935760498046875,-0.0187225341796875,-0.001373291015625
1760555107644282000,15.7582822265625,-1.00128173828125,-0.01177978515625,-0.0082855224609375
1760555107654286000,15.7682861328125,-1.00079345703125,-0.009613037109375,-0.004364013671875
1760555107664291000,15.778291015625,-0.998077392578125,-0.0107269287109375,-0.0052642822265625
1760555107674295300,15.78829541015625,-1.00146484375,-0.0106201171875,-0.016510009765625
1760555107684299300,15.79829931640625,-0.9969024658203125,-0.0143280029296875,-0.0118865966796875
1760555107694304300,15.80830419921875,-0.9992218017578125,-0.015533447265625,-0.0166168212890625
1760555107704308200,15.81830810546875,-0.9996490478515625,-0.0113067626953125,-0.0140838623046875
1760555107714313200,15.828313232421875,-0.9944000244140625,-0.019775390625,-0.0013885498046875
1760555107724317200,15.838317138671876,-0.9936370849609375,-0.0263214111328125,-0.0056915283203125
1760555107734321200,15.848321044921875,-0.99615478515625,-0.0194244384765625,-0.0054168701171875
1760555107744326100,15.858326171875,-0.9965362548828125,-0.01629638671875,-0.0066070556640625
1760555107754330000,15.868330078125,-1.001068115234375,-0.0125579833984375,-0.016998291015625
1760555107764335000,15.878335205078125,-0.9973907470703125,-0.0146636962890625,-0.0113525390625
1760555107774339000,15.888339111328126,-0.9978485107421875,-0.0093994140625,-0.0024261474609375
1760555107784343300,15.89834326171875,-1.0027923583984375,-0.0056304931640625,-0.0065460205078125
1760555107794348300,15.908348388671875,-1.0003662109375,-0.005706787109375,-0.0091094970703125
1760555107804352300,15.918352294921876,-1.00018310546875,-0.0076904296875,-0.0129547119140625
1760555107814357200,15.928357177734375,-1.003631591796875,-0.0045166015625,-0.0178375244140625
1760555107824361000,15.93836083984375,-1.0001068115234375,-0.0090484619140625,-0.0171356201171875
1760555107834365200,15.948365234375,-1.00006103515625,-0.008544921875,-0.014678955078125
1760555107844370200,15.9583701171875,-0.99951171875,-0.00860595703125,-0.0106658935546875
1760555107854374100,15.9683740234375,-0.9983367919921875,-0.01397705078125,-0.0083160400390625
1760555107864379100,15.978379150390625,-1.000762939453125,-0.0128936767578125,-0.01214599609375
1760555107874383000,15.988383056640625,-0.9957733154296875,-0.018096923828125,-0.010833740234375
1760555107884387300,15.99838720703125,-0.99462890625,-0.018707275390625,-0.008026123046875
1760555107894392300,16.008392333984375,-0.9955596923828125,-0.018707275390625,-0.011138916015625
1760555107904396300,16.018396240234374,-0.9968719482421875,-0.01751708984375,-0.01177978515625
1760555107914401300,16.0284013671875,-0.99786376953125,-0.0113372802734375,-0.009918212890625
1760555107924405000,16.038405029296875,-0.9967193603515625,-0.0111236572265625,-0.00994873046875
1760555107934409200,16.0484091796875,-1.00054931640625,-0.00274658203125,-0.010711669921875
1760555107944414200,16.058414306640625,-0.9965972900390625,-0.0086669921875,-0.0068817138671875
1760555107954418200,16.068418212890624,-0.9965972900390625,-0.01666259765625,0.000030517578125
1760555107964423200,16.078423095703126,-1.0004119873046875,-0.007415771484375,-0.0102081298828125
1760555107974427100,16.08842724609375,-0.994171142578125,-0.01629638671875,-0.015777587890625
1760555107984431400,16.098431396484376,-1.0000457763671875,-0.0131072998046875,-0.01373291015625
1760555107994436400,16.108436279296875,-1.000885009765625,-0.004852294921875,-0.020965576171875
1760555108004440000,16.118440185546874,-1.003448486328125,-0.0002288818359375,-0.0151519775390625
1760555108014445300,16.1284453125,-1.00396728515625,0.001800537109375,-0.0124969482421875
1760555108024449000,16.138448974609375,-0.9974365234375,-0.0062255859375,-0.0166168212890625
1760555108034453200,16.148453369140626,-0.9970703125,-0.008636474609375,-0.0121917724609375
1760555108044458200,16.158458251953125,-0.998443603515625,-0.0114898681640625,-0.0065155029296875
1760555108054462200,16.168462158203123,-0.99468994140625,-0.016143798828125,-0.0128021240234375
1760555108064466200,16.178466064453126,-0.993316650390625,-0.0190277099609375,-0.0146942138671875
1760555108074470400,16.188470458984376,-0.9986572265625,-0.012603759765625,-0.00921630859375
1760555108084474000,16.19847412109375,-0.9950103759765625,-0.016357421875,-0.00433349609375
1760555108094479000,16.20847900390625,-1,-0.008331298828125,-0.0167236328125
1760555108104483000,16.218483154296877,-1.0054168701171875,-0.003173828125,-0.017059326171875
1760555108114488000,16.228488037109376,-0.9994049072265625,-0.0057525634765625,-0.006866455078125
1760555108124492300,16.2384921875,-0.99505615234375,-0.014373779296875,-0.0123291015625
1760555108134497300,16.248497314453125,-0.9954071044921875,-0.0143280029296875,-0.0124359130859375
1760555108144501200,16.258501220703124,-0.994903564453125,-0.01641845703125,0.00177001953125
1760555108154505200,16.268505126953126,-0.994964599609375,-0.0149688720703125,-0.0070037841796875
1760555108164510200,16.27851025390625,-0.9998779296875,-0.0114593505859375,-0.0197601318359375
1760555108174514200,16.28851416015625,-1.000274658203125,-0.0099334716796875,-0.02227783203125
1760555108184519200,16.298519287109375,-0.99969482421875,-0.0095367431640625,-0.020599365234375
1760555108194523100,16.308523193359374,-0.9991455078125,-0.0066986083984375,-0.0229034423828125
1760555108204527000,16.318527099609376,-0.994354248046875,-0.014984130859375,-0.0151214599609375
1760555108214532000,16.328531982421875,-1.0005645751953125,-0.0066375732421875,-0.0063018798828125
1760555108224536000,16.3385361328125,-0.99664306640625,-0.012115478515625,-0.0044708251953125
1760555108234541000,16.348541015625,-1.0026397705078125,-0.003814697265625,-0.0065155029296875
1760555108244545300,16.358545166015624,-1.00152587890625,0.0051116943359375,-0.004302978515625
1760555108254549200,16.36854931640625,-1.00103759765625,0.0024566650390625,-0.0126495361328125
1760555108264555300,16.37855517578125,-1.001861572265625,-0.00372314453125,-0.0141448974609375
1760555108274559200,16.388559326171876,-0.9976654052734375,-0.0088653564453125,-0.010650634765625
1760555108284564200,16.398564208984375,-0.9976806640625,-0.009063720703125,-0.012420654296875
1760555108294568200,16.408568115234374,-0.999298095703125,-0.0048675537109375,-0.0051422119140625
1760555108304572200,16.418572265625,-0.9964752197265625,-0.0077667236328125,-0.0053253173828125
1760555108314577200,16.4285771484375,-0.9975433349609375,-0.0087127685546875,-0.0094757080078125
1760555108324581000,16.4385810546875,-0.99871826171875,-0.0039520263671875,-0.0125579833984375
1760555108334586000,16.448586181640625,-0.9970703125,-0.005126953125,-0.01763916015625
1760555108344590000,16.458590087890624,-0.9967498779296875,-0.009613037109375,-0.0134735107421875
1760555108354595000,16.468594970703126,-0.999664306640625,-0.0081024169921875,-0.0182952880859375
1760555108364599300,16.478599365234373,-0.9976043701171875,-0.007293701171875,-0.019378662109375
1760555108374603300,16.488603271484376,-0.9942169189453125,-0.0176544189453125,-0.017913818359375
1760555108384608300,16.498608154296875,-1.0005035400390625,-0.00384521484375,-0.009765625
1760555108394612000,16.508612060546874,-0.9993133544921875,-0.0032806396484375,-0.0054473876953125
1760555108404617000,16.518616943359376,-1.0046234130859375,-0.0002899169921875,-0.0128173828125
1760555108414621200,16.52862109375,-0.9945220947265625,-0.0033111572265625,-0.0036468505859375
1760555108424625200,16.538625244140626,-1.0052337646484375,0.0001068115234375,-0.011016845703125
1760555108434630100,16.548630126953125,-1.0003509521484375,-0.0025787353515625,-0.009033203125
1760555108444634000,16.558634033203123,-0.994384765625,-0.0074615478515625,0.0033111572265625
1760555108454639000,16.56863916015625,-0.999237060546875,-0.0090179443359375,-0.00384521484375
1760555108464643300,16.578643310546877,-0.993743896484375,-0.008209228515625,-0.00238037109375
1760555108474647300,16.588647216796875,-0.9958343505859375,-0.009124755859375,-0.0054168701171875
1760555108484652300,16.59865234375,-0.9990386962890625,-0.010345458984375,-0.0135498046875
1760555108494656000,16.608656005859373,-0.9962921142578125,-0.0098419189453125,-0.01104736328125
1760555108504661000,16.618660888671876,-1.0013427734375,-0.0085601806640625,-0.018310546875
1760555108514665200,16.628665283203127,-0.9989776611328125,-0.006561279296875,-0.01898193359375
1760555108524669200,16.638669189453125,-0.9967193603515625,-0.0110015869140625,-0.0217742919921875
1760555108534674200,16.648674072265624,-0.9995574951171875,-0.0084228515625,-0.01190185546875
1760555108544678100,16.65867822265625,-0.9976348876953125,-0.0064697265625,-0.0025482177734375
1760555108554683100,16.66868310546875,-1.0011444091796875,-0.0052642822265625,-0.0023040771484375
1760555108564687400,16.678687255859376,-0.9978790283203125,-0.0070343017578125,-0.000244140625
1760555108574691300,16.68869140625,-0.9965667724609375,-0.0078125,-0.0045928955078125
1760555108584696300,16.6986962890625,-1.0010833740234375,-0.002197265625,-0.01153564453125
1760555108594700000,16.708699951171877,-1.0012969970703125,0.0003814697265625,-0.015411376953125
1760555108604705000,16.718705078125,-1.0020599365234375,-0.0012664794921875,-0.018951416015625
1760555108614709200,16.728709228515626,-0.9983978271484375,-0.004638671875,-0.01287841796875
1760555108624713200,16.738713134765625,-0.99749755859375,-0.0068817138671875,-0.00750732421875
1760555108634718200,16.74871826171875,-0.9975738525390625,-0.009124755859375,-0.0023345947265625
1760555108644722200,16.75872216796875,-1.00048828125,-0.00469970703125,-0.005706787109375
1760555108654727200,16.76872705078125,-0.9983978271484375,-0.007415771484375,-0.0075531005859375
1760555108664731400,16.7787314453125,-0.9936065673828125,-0.016448974609375,-0.007049560546875
1760555108674736400,16.788736328125,-0.9954071044921875,-0.0167999267578125,-0.01739501953125
1760555108684740400,16.798740234375,-0.99383544921875,-0.0206298828125,-0.019073486328125
1760555108694744000,16.808744140625,-0.994384765625,-0.0173492431640625,-0.01556396484375
1760555108704749000,16.8187490234375,-0.9970245361328125,-0.0109100341796875,-0.0158843994140625
1760555108714753000,16.8287529296875,-0.9969024658203125,-0.006988525390625,-0.01190185546875
1760555108724758300,16.83875830078125,-0.9996795654296875,-0.0008392333984375,-0.0043487548828125
1760555108734762200,16.84876220703125,-1.0009918212890625,-0.00103759765625,-0.0134124755859375
1760555108744766200,16.85876611328125,-1.00634765625,0.0040283203125,-0.0192718505859375
1760555108754771200,16.868771240234373,-0.9955902099609375,-0.0048980712890625,-0.0135955810546875
1760555108764775200,16.878775146484376,-1.00360107421875,-0.004791259765625,-0.0208740234375
1760555108774780200,16.8887802734375,-0.9998626708984375,-0.0015869140625,-0.014373779296875
1760555108784784100,16.8987841796875,-0.9985198974609375,-0.0024566650390625,-0.008880615234375
1760555108794788000,16.9087880859375,-1.00152587890625,-0.00091552734375,-0.0064697265625
1760555108804793000,16.91879296875,-0.9969482421875,-0.001434326171875,-0.002349853515625
1760555108814797000,16.928797119140626,-1.0004425048828125,-0.004425048828125,-0.011871337890625
1760555108824802000,16.938802001953125,-0.9948883056640625,-0.012603759765625,-0.0163116455078125
1760555108834806300,16.94880615234375,-0.9959259033203125,-0.0135345458984375,-0.0229644775390625
1760555108844810200,16.958810302734374,-0.9997406005859375,-0.0087432861328125,-0.02178955078125
1760555108854815200,16.968815185546877,-0.997406005859375,-0.010955810546875,-0.0159149169921875
1760555108864819200,16.978819091796876,-0.9985198974609375,-0.0105133056640625,-0.0136871337890625
1760555108874824200,16.98882421875,-0.9999847412109375,-0.0035858154296875,-0.005828857421875
1760555108884828200,16.998828125,-0.997589111328125,-0.0034332275390625,-0.010101318359375
1760555108894832000,17.00883203125,-0.99932861328125,-0.0028076171875,-0.0078277587890625
1760555108904837000,17.018837158203127,-1.000762939453125,-0.002685546875,-0.0114898681640625
1760555108914841000,17.028841064453125,-1.00054931640625,0.0003662109375,-0.0122528076171875
1760555108924846000,17.03884619140625,-0.998046875,-0.0038299560546875,-0.00927734375
1760555108934850300,17.048850341796875,-0.997222900390625,-0.00390625,-0.0130767822265625
1760555108944854300,17.058854248046874,-1.0017242431640625,0.000732421875,-0.0142974853515625
1760555108954859300,17.068859375,-0.999481201171875,-0.000885009765625,-0.0194549560546875
1760555108964863200,17.07886328125,-0.997711181640625,-0.0061187744140625,-0.023895263671875
1760555108974868200,17.0888681640625,-1.0004425048828125,-0.0047760009765625,-0.024383544921875
1760555108984872200,17.0988720703125,-0.99761962890625,-0.00933837890625,-0.0226898193359375
1760555108994876200,17.108876220703124,-0.9957275390625,-0.0130157470703125,-0.011962890625
1760555109004881200,17.118881103515626,-0.998931884765625,-0.0084991455078125,-0.0081787109375
1760555109014885000,17.128885009765625,-0.9957122802734375,-0.0164794921875,-0.0076904296875
1760555109024890000,17.13889013671875,-1.0037994384765625,-0.002227783203125,-0.009979248046875
1760555109034894300,17.148894287109375,-0.9997100830078125,-0.0048675537109375,-0.010345458984375
1760555109044898300,17.158898193359374,-0.997894287109375,-0.0056610107421875,-0.0169677734375
1760555109054903300,17.1689033203125,-0.998931884765625,-0.0161895751953125,-0.01629638671875
1760555109064908000,17.178907958984375,-0.99273681640625,-0.02386474609375,-0.018951416015625
1760555109074913000,17.1889130859375,-0.9940643310546875,-0.017303466796875,-0.016265869140625
1760555109084916700,17.198916748046877,-0.995849609375,-0.015899658203125,-0.0179595947265625
1760555109094921700,17.208921630859376,-0.9972076416015625,-0.0143890380859375,-0.0198211669921875
1760555109104926000,17.218926025390626,-0.997528076171875,-0.0085906982421875,-0.01446533203125
1760555109114930000,17.228929931640625,-1.0000457763671875,-0.00689697265625,-0.01239013671875
1760555109124935000,17.238934814453124,-0.997406005859375,-0.007415771484375,-0.00732421875
1760555109134939000,17.24893896484375,-0.9972991943359375,-0.006805419921875,-0.0042724609375
1760555109144943900,17.25894384765625,-0.9983062744140625,-0.006591796875,-0.0066986083984375
1760555109154948000,17.268947998046876,-1.0002288818359375,-0.0050506591796875,-0.00677490234375
1760555109164952000,17.2789521484375,-0.9979248046875,-0.00640869140625,-0.0066070556640625
1760555109174957000,17.28895703125,-0.9976654052734375,-0.0092926025390625,-0.00750732421875
1760555109184960800,17.298960693359376,-0.99908447265625,-0.0110626220703125,-0.0097808837890625
1760555109194965800,17.3089658203125,-0.9993133544921875,-0.0070343017578125,-0.0107574462890625
1760555109204970000,17.318969970703126,-1.00152587890625,-0.0045623779296875,-0.017608642578125
1760555109214974000,17.328973876953125,-1.0001220703125,-0.0072021484375,-0.01812744140625
1760555109224979000,17.33897900390625,-0.9952545166015625,-0.0149993896484375,-0.019744873046875
1760555109234983000,17.34898291015625,-0.9939117431640625,-0.018585205078125,-0.0177764892578125
1760555109244988000,17.35898779296875,-0.994293212890625,-0.0156097412109375,-0.01068115234375
1760555109254992100,17.3689921875,-0.9949493408203125,-0.01495361328125,-0.007904052734375
1760555109264996000,17.37899609375,-0.9970245361328125,-0.0127410888671875,-0.009796142578125
1760555109275001000,17.3890009765625,-1.000640869140625,-0.00457763671875,-0.013641357421875
1760555109285004800,17.3990048828125,-1.002227783203125,-0.001953125,-0.0133514404296875
1760555109295009800,17.409009765625,-1.0046539306640625,0.002777099609375,-0.016937255859375
1760555109305014000,17.419013916015626,-0.9990081787109375,-0.0043182373046875,-0.021331787109375
1760555109315018000,17.42901806640625,-0.9991455078125,-0.0059051513671875,-0.01727294921875
1760555109325023000,17.43902294921875,-1.0000457763671875,-0.003692626953125,-0.0129852294921875
1760555109335027000,17.44902685546875,-0.9977264404296875,-0.005645751953125,-0.01220703125
1760555109345032000,17.459031982421877,-0.9949951171875,-0.0069732666015625,-0.0088653564453125
1760555109355036000,17.469035888671876,-0.9990234375,-0.005889892578125,-0.012176513671875
1760555109365039900,17.479039794921874,-0.9985809326171875,-0.0066680908203125,-0.014892578125
1760555109375044900,17.489044921875,-0.9976959228515625,-0.0109710693359375,-0.01678466796875
1760555109385048800,17.499048828125,-0.9936065673828125,-0.0146942138671875,-0.01605224609375
1760555109395053800,17.5090537109375,-0.9930267333984375,-0.0131072998046875,-0.0140838623046875
1760555109405057800,17.519057861328125,-1.0007476806640625,-0.009735107421875,-0.0181427001953125
1760555109415062000,17.52906201171875,-0.9947967529296875,-0.011199951171875,-0.0129241943359375
1760555109425067000,17.53906689453125,-0.9992828369140625,-0.009124755859375,-0.0179290771484375
1760555109435071000,17.549071044921874,-0.9940032958984375,-0.0177001953125,-0.0172576904296875
1760555109445076000,17.559075927734376,-1.0015106201171875,-0.000335693359375,-0.01422119140625
1760555109455080000,17.569079833984375,-1.002838134765625,-0.000274658203125,-0.01190185546875
1760555109465085000,17.5790849609375,-1.0023651123046875,0.0040283203125,-0.0154876708984375
1760555109475089000,17.5890888671875,-0.99609375,0.000152587890625,-0.0136566162109375
1760555109485092900,17.5990927734375,-1.0126190185546875,0.0054779052734375,-0.014892578125
1760555109495097900,17.609097900390626,-0.993743896484375,-0.0011749267578125,-0.0211029052734375
1760555109505101800,17.619101806640625,-1.0029449462890625,0.000152587890625,-0.018890380859375
1760555109515106800,17.62910693359375,-1.005157470703125,-0.0021209716796875,-0.0130615234375
1760555109525111000,17.639111083984375,-0.9918975830078125,-0.0093841552734375,-0.0123291015625
1760555109535115000,17.649114990234374,-1.0026397705078125,-0.0079345703125,-0.0062408447265625
1760555109545120000,17.6591201171875,-0.9959716796875,-0.0105133056640625,-0.0072021484375
1760555109555124000,17.6691240234375,-0.9959869384765625,-0.0057220458984375,-0.00689697265625
1760555109565129000,17.67912890625,-0.9998016357421875,-0.0085296630859375,-0.00860595703125
1760555109575133000,17.6891328125,-0.9955291748046875,-0.007568359375,-0.018157958984375
1760555109585137000,17.699136962890623,-0.9985809326171875,-0.0101318359375,-0.0159454345703125
1760555109595142000,17.709141845703126,-0.997650146484375,-0.011474609375,-0.0168609619140625
1760555109605145900,17.719145751953125,-0.9946441650390625,-0.0121307373046875,-0.0161285400390625
1760555109615150800,17.72915087890625,-0.9991455078125,-0.011505126953125,-0.0162811279296875
1760555109625155000,17.739155029296874,-0.9981842041015625,-0.0058746337890625,-0.0147857666015625
1760555109635159000,17.749158935546873,-0.998870849609375,-0.0029296875,-0.01409912109375
1760555109645164000,17.7591640625,-0.999176025390625,-0.00677490234375,-0.0164794921875
1760555109655168000,17.76916796875,-0.995635986328125,-0.0034332275390625,-0.01531982421875
1760555109665173000,17.779173095703126,-1.0014801025390625,-0.002410888671875,-0.0179595947265625
1760555109675177000,17.789177001953124,-1.0001220703125,-0.0051116943359375,-0.0128173828125
1760555109685181000,17.799180908203127,-0.9981689453125,-0.0052337646484375,-0.0111083984375
1760555109695186000,17.80918603515625,-1.001922607421875,-0.0041656494140625,-0.0095062255859375
1760555109705190000,17.81918994140625,-0.9993896484375,-0.001983642578125,-0.0064849853515625
1760555109715195000,17.82919482421875,-0.9986724853515625,-0.0059814453125,-0.0104217529296875
1760555109725199000,17.83919921875,-0.9991455078125,-0.0056304931640625,-0.0145416259765625
1760555109735203000,17.849203125,-0.9973907470703125,-0.005950927734375,-0.0138397216796875
1760555109745208000,17.8592080078125,-0.997894287109375,-0.007659912109375,-0.0179901123046875
1760555109755211800,17.869211669921874,-0.9954833984375,-0.0106964111328125,-0.0204925537109375
1760555109765216800,17.879216796875,-0.9984893798828125,-0.0100860595703125,-0.0198516845703125
1760555109775221000,17.889220947265624,-1.0004730224609375,-0.0098419189453125,-0.015045166015625
1760555109785225000,17.899224853515626,-0.996917724609375,-0.009063720703125,-0.007568359375
1760555109795230000,17.90922998046875,-1.0005035400390625,-0.0004119873046875,-0.0007476806640625
1760555109805234000,17.91923388671875,-0.998138427734375,0.000701904296875,0.003875732421875
1760555109815239000,17.929239013671875,-0.997222900390625,-0.005401611328125,0.0007781982421875
1760555109825243000,17.939242919921874,-0.9998626708984375,-0.0066070556640625,-0.007904052734375
1760555109835247000,17.9492470703125,-0.996002197265625,-0.0066375732421875,-0.0146942138671875
1760555109845252000,17.959252197265624,-1,-0.00579833984375,-0.0178070068359375
1760555109855255800,17.969255859375,-1.000457763671875,-0.00634765625,-0.0181427001953125
1760555109865260800,17.9792607421875,-0.9969482421875,-0.0089874267578125,-0.01416015625
1760555109875264800,17.9892646484375,-0.995513916015625,-0.0097808837890625,-0.0140838623046875
1760555109885269800,17.999269775390626,-0.9939422607421875,-0.0106048583984375,-0.0109710693359375
1760555109895274000,18.00927392578125,-0.9980316162109375,-0.006256103515625,-0.0140228271484375
1760555109905278000,18.01927783203125,-1.000885009765625,-0.004425048828125,-0.0171356201171875
1760555109915283000,18.029282958984375,-0.9998016357421875,-0.0029449462890625,-0.018768310546875
1760555109925287000,18.039286865234374,-1.0027008056640625,-0.0018463134765625,-0.01947021484375
1760555109935292000,18.0492919921875,-1.0002288818359375,-0.0054779052734375,-0.0186004638671875
1760555109945296100,18.059296142578123,-0.9969940185546875,-0.0054168701171875,-0.013641357421875
1760555109955299800,18.0692998046875,-0.9968109130859375,-0.008819580078125,-0.007110595703125
1760555109965304800,18.079304931640625,-0.997711181640625,-0.011077880859375,-0.00933837890625
1760555109975308800,18.089308837890623,-0.99554443359375,-0.0094451904296875,-0.01055908203125
1760555109985313800,18.099313720703126,-0.9995574951171875,-0.0043487548828125,-0.0107574462890625
1760555109995318000,18.109318115234377,-0.9994354248046875,-0.0092926025390625,-0.0138702392578125
1760555110005322000,18.119322021484376,-0.997772216796875,-0.0072174072265625,-0.0164642333984375
1760555110015327000,18.129326904296875,-1.001922607421875,-0.0001678466796875,-0.0130462646484375
1760555110025331000,18.1393310546875,-0.9985809326171875,-0.003692626953125,-0.0116424560546875
1760555110035336000,18.1493359375,-0.9983978271484375,-0.006591796875,-0.009063720703125
1760555110045340000,18.15933984375,-0.9965972900390625,-0.0088348388671875,-0.009033203125
1760555110055343900,18.16934375,-0.9969482421875,-0.0101470947265625,-0.013763427734375
1760555110065348900,18.179348876953124,-0.9947509765625,-0.013702392578125,-0.0111846923828125
1760555110075352800,18.189352783203127,-0.9958953857421875,-0.014404296875,-0.015655517578125
1760555110085357800,18.19935791015625,-0.998565673828125,-0.011474609375,-0.019683837890625
1760555110095362000,18.209362060546876,-0.99505615234375,-0.015716552734375,-0.007568359375
1760555110105366000,18.219365966796875,-1.000762939453125,-0.0043182373046875,-0.02001953125
1760555110115371000,18.22937109375,-0.99713134765625,-0.0055694580078125,-0.0187225341796875
1760555110125375000,18.239375,-1.00140380859375,0.0032196044921875,-0.0079498291015625
1760555110135380000,18.2493798828125,-0.9993133544921875,0.0034332275390625,-0.01837158203125
1760555110145384200,18.25938427734375,-0.998992919921875,-0.00445556640625,-0.0246124267578125
1760555110155388000,18.269387939453125,-1.000152587890625,0.002655029296875,-0.012298583984375
1760555110165393000,18.279392822265624,-1.0024871826171875,-0.0010528564453125,-0.0167694091796875
1760555110175396900,18.28939697265625,-0.9990997314453125,-0.00714111328125,-0.0174102783203125
1760555110185401900,18.29940185546875,-0.9966278076171875,-0.0062713623046875,-0.0124664306640625
1760555110195406000,18.309406005859376,-1.001312255859375,-0.0048675537109375,-0.0165252685546875
1760555110205410000,18.31941015625,-0.99700927734375,-0.006134033203125,-0.007232666015625
1760555110215415000,18.3294150390625,-0.9980010986328125,-0.0079345703125,-0.01129150390625
1760555110225419000,18.3394189453125,-0.99981689453125,-0.0054168701171875,-0.012969970703125
1760555110235424000,18.349424072265624,-0.995269775390625,-0.010711669921875,-0.01068115234375
1760555110245428000,18.359427978515626,-0.9977874755859375,-0.012847900390625,-0.0175323486328125
1760555110255433000,18.369432861328125,-0.99609375,-0.01226806640625,-0.0115966796875
1760555110265437000,18.37943701171875,-0.9973602294921875,-0.0089111328125,-0.015472412109375
1760555110275441000,18.38944091796875,-0.9974212646484375,-0.005279541015625,-0.0088348388671875
1760555110285446000,18.39944580078125,-0.9989776611328125,-0.0034637451171875,-0.00921630859375
1760555110295449900,18.409449951171876,-1.0000762939453125,-0.0035247802734375,-0.014068603515625
1760555110305454800,18.419454833984375,-1.0019989013671875,0.004241943359375,0.000823974609375
1760555110315459000,18.429458984375,-0.9983978271484375,-0.000885009765625,-0.0091552734375
1760555110325463000,18.439463134765624,-1.0012664794921875,0.0016326904296875,-0.00701904296875
1760555110335468000,18.449468017578123,-1.0004730224609375,0.0001678466796875,-0.0068817138671875
1760555110345472000,18.459471923828126,-1.000518798828125,0.00103759765625,-0.012908935546875
1760555110355477000,18.46947705078125,-0.9969482421875,-0.0015716552734375,-0.008697509765625
1760555110365481000,18.47948095703125,-0.99822998046875,-0.00531005859375,-0.013916015625
1760555110375485000,18.48948486328125,-1.0010223388671875,-0.0031280517578125,-0.0112762451171875
1760555110385490000,18.499489990234373,-0.9981689453125,-0.006561279296875,-0.012054443359375
1760555110395494000,18.509493896484376,-0.99609375,-0.011871337890625,-0.0205230712890625
1760555110405499000,18.519498779296875,-0.9962310791015625,-0.0104827880859375,-0.018280029296875
1760555110415503000,18.529503173828125,-0.9978485107421875,-0.0045166015625,-0.0197906494140625
1760555110425507000,18.539507080078124,-0.9977264404296875,-0.0076141357421875,-0.0142669677734375
1760555110435512000,18.549511962890627,-0.997589111328125,-0.0055084228515625,-0.0131683349609375
1760555110445515800,18.559515869140625,-0.99835205078125,-0.0033416748046875,-0.0092010498046875
1760555110455520800,18.569520751953124,-0.99639892578125,-0.0036773681640625,-0.0052337646484375
1760555110465525000,18.57952490234375,-0.999755859375,-0.0020294189453125,-0.0082855224609375
1760555110475529000,18.589529052734374,-0.999420166015625,-0.002471923828125,-0.0097503662109375
1760555110485534000,18.599533935546877,-1.0007781982421875,-0.00164794921875,-0.01617431640625
1760555110495538000,18.609537841796875,-0.9991607666015625,-0.006744384765625,-0.01678466796875
1760555110505543000,18.61954296875,-0.9987945556640625,-0.0058441162109375,-0.0144195556640625
1760555110515547100,18.629547119140625,-0.99847412109375,-0.0073089599609375,-0.01605224609375
1760555110525551000,18.639551025390624,-0.9969329833984375,-0.009063720703125,-0.009429931640625
1760555110535556000,18.64955615234375,-0.9990692138671875,-0.0032501220703125,-0.006439208984375
1760555110545559800,18.659559814453125,-1.001251220703125,-0.0059356689453125,-0.014617919921875
1760555110555564800,18.669564697265624,-0.9973907470703125,-0.0130462646484375,-0.0196075439453125
1760555110565569000,18.679569091796875,-0.9920501708984375,-0.0174560546875,-0.01617431640625
1760555110575574000,18.689573974609374,-0.997406005859375,-0.0167999267578125,-0.016082763671875
1760555110585578000,18.699577880859376,-0.9947357177734375,-0.0141754150390625,-0.014373779296875
1760555110595582000,18.70958203125,-0.999908447265625,-0.0044708251953125,-0.0094757080078125
1760555110605587000,18.7195869140625,-1.0032501220703125,0.00164794921875,-0.0128021240234375
1760555110615591200,18.729591064453125,-0.99725341796875,-0.001983642578125,-0.0150604248046875
1760555110625596200,18.73959619140625,-1.0016937255859375,-0.001373291015625,-0.01763916015625
1760555110635600100,18.74960009765625,-0.9988250732421875,-0.0019683837890625,-0.019073486328125
1760555110645603800,18.759603759765625,-0.9953155517578125,-0.008453369140625,-0.017303466796875
1760555110655608800,18.76960888671875,-0.9988861083984375,-0.0101318359375,-0.014007568359375
1760555110665613000,18.779613037109375,-0.995452880859375,-0.00909423828125,-0.012481689453125
1760555110675618000,18.7896181640625,-1.0006103515625,-0.005584716796875,-0.0182342529296875
1760555110685622000,18.7996220703125,-0.9980926513671875,-0.005859375,-0.0215606689453125
1760555110695626000,18.8096259765625,-0.99853515625,-0.006134033203125,-0.0229034423828125
1760555110705631000,18.819630859375,-1.0000762939453125,-0.006683349609375,-0.0239715576171875
1760555110715635000,18.829635009765624,-0.99871826171875,-0.005035400390625,-0.018463134765625
1760555110725640000,18.839639892578123,-0.998077392578125,-0.0071868896484375,-0.0126190185546875
1760555110735644000,18.849643798828126,-0.9928741455078125,-0.0127105712890625,-0.006591796875
1760555110745647900,18.85964794921875,-0.9966583251953125,-0.01153564453125,-0.0081329345703125
1760555110755652900,18.86965283203125,-0.996978759765625,-0.010894775390625,-0.0087738037109375
1760555110765656800,18.87965673828125,-0.9980316162109375,-0.0076141357421875,-0.01727294921875
1760555110775661800,18.889661865234373,-0.9993438720703125,-0.002960205078125,-0.0207366943359375
1760555110785666000,18.899666015625,-1.001922607421875,0.0016326904296875,-0.024017333984375
1760555110795670000,18.909669921875,-0.9969482421875,-0.0011444091796875,-0.0200958251953125
1760555110805675000,18.919675048828125,-1.0010223388671875,0.00201416015625,-0.0155792236328125
1760555110815679000,18.929678955078124,-1.002044677734375,0.00372314453125,-0.018798828125
1760555110825684000,18.93968408203125,-0.998626708984375,-0.0017242431640625,-0.022369384765625
1760555110835688000,18.94968798828125,-0.9982147216796875,-0.0060577392578125,-0.02471923828125
1760555110845692000,18.95969189453125,-0.99896240234375,-0.008758544921875,-0.0263824462890625
1760555110855697000,18.96969677734375,-0.996551513671875,-0.007110595703125,-0.027496337890625
1760555110865700900,18.979700927734374,-0.9982757568359375,-0.00653076171875,-0.020843505859375
1760555110875705900,18.989705810546877,-0.9980621337890625,-0.002899169921875,-0.0175018310546875
1760555110885710000,18.9997099609375,-0.9981536865234375,-0.0053253173828125,-0.017608642578125
1760555110895715000,19.009715087890626,-0.995269775390625,-0.0110015869140625,-0.020965576171875
1760555110905719000,19.019718994140625,-0.99365234375,-0.0157928466796875,-0.0184173583984375
1760555110915723000,19.029722900390624,-0.9917755126953125,-0.0164947509765625,-0.015899658203125
1760555110925728000,19.03972802734375,-0.9944000244140625,-0.01324462890625,-0.016510009765625
1760555110935732000,19.04973193359375,-0.9946746826171875,-0.0157470703125,-0.0259857177734375
1760555110945737000,19.059737060546876,-1.007659912109375,0.003021240234375,-0.0058746337890625
1760555110955741000,19.069740966796875,-1.003082275390625,0.01177978515625,-0.008331298828125
1760555110965745000,19.079744873046874,-1.004058837890625,-0.001220703125,-0.0178680419921875
1760555110975750000,19.08975,-0.9965057373046875,-0.00494384765625,-0.017333984375
1760555110985754000,19.099754150390623,-0.9959259033203125,-0.0055389404296875,-0.0176849365234375
1760555110995759000,19.109759033203126,-1.0045318603515625,-0.0015106201171875,-0.0297393798828125
1760555111005763000,19.11976318359375,-0.99334716796875,-0.005859375,-0.0276947021484375
1760555111015767000,19.12976708984375,-0.99627685546875,-0.0028076171875,-0.0283966064453125
1760555111025772000,19.13977197265625,-0.999053955078125,-0.0055999755859375,-0.03289794921875
1760555111035776000,19.14977587890625,-0.9962921142578125,-0.00299072265625,-0.030517578125
1760555111045781000,19.159781005859376,-1.0030364990234375,-0.001373291015625,-0.0272979736328125
1760555111055785000,19.169784912109375,-0.9963836669921875,-0.0036468505859375,-0.0185394287109375
1760555111065788700,19.17978857421875,-0.9976654052734375,-0.0043792724609375,-0.020751953125
1760555111075793700,19.189793701171876,-0.9987030029296875,-0.007568359375,-0.0211334228515625
1760555111085798000,19.1997978515625,-0.9950408935546875,-0.008819580078125,-0.018524169921875
1760555111095803000,19.209802978515626,-0.9957733154296875,-0.0084075927734375,-0.03387451171875
1760555111105806600,19.219806640625,-0.999542236328125,-0.001861572265625,-0.0419158935546875
1760555111115810600,19.229810546875,-0.9946746826171875,0.0021209716796875,-0.0348968505859375
1760555111125815600,19.239815673828126,-1.006378173828125,0.0043792724609375,-0.0294189453125
1760555111135819800,19.24981982421875,-1.0013275146484375,0.00567626953125,-0.0206298828125
1760555111145824800,19.25982470703125,-1.003936767578125,0.0032196044921875,-0.01031494140625
1760555111155828700,19.269828857421874,-1.001007080078125,-0.00250244140625,-0.00946044921875
1760555111165832700,19.279832763671877,-0.999114990234375,-0.0013885498046875,-0.0105438232421875
1760555111175837700,19.289837646484376,-0.9941558837890625,-0.0040435791015625,-0.0225372314453125
1760555111185842000,19.299842041015626,-0.9931182861328125,-0.00787353515625,-0.035186767578125
1760555111195847000,19.309846923828125,-0.996673583984375,-0.0181121826171875,-0.0466766357421875
1760555111205850600,19.3198505859375,-0.99432373046875,-0.025726318359375,-0.043609619140625
1760555111215854600,19.3298544921875,-0.99578857421875,-0.00250244140625,-0.0318603515625
1760555111225859600,19.339859619140626,-0.9979248046875,-0.0009765625,-0.0263519287109375
1760555111235863800,19.34986376953125,-0.9976806640625,0.0006103515625,-0.0310821533203125
1760555111245868800,19.359868896484375,-1.002349853515625,0.0004119873046875,-0.0368194580078125
1760555111255872800,19.369872802734374,-0.999420166015625,0.0015869140625,-0.041839599609375
1760555111265877800,19.379877685546877,-0.995819091796875,0.001983642578125,-0.03912353515625
1760555111275881700,19.3898818359375,-1.0031280517578125,0.0017547607421875,-0.0340423583984375
1760555111285885700,19.3998857421875,-1.001220703125,0.0009918212890625,-0.0223846435546875
1760555111295890700,19.409890625,-1.0008392333984375,0.002960205078125,-0.01470947265625
1760555111305894700,19.419894775390624,-1.0033111572265625,0.0009002685546875,-0.0051116943359375
1760555111315899600,19.429899658203126,-0.9935455322265625,-0.0080108642578125,0.0000152587890625
1760555111325903600,19.439903564453125,-0.9895477294921875,-0.0181884765625,-0.0056915283203125
1760555111335907600,19.449907470703124,-0.9885101318359375,-0.01971435546875,-0.0124053955078125
1760555111345912600,19.45991259765625,-0.99688720703125,-0.015594482421875,-0.0074310302734375
1760555111355916800,19.469916748046874,-0.9994964599609375,-0.0001678466796875,-0.0151214599609375
1760555111365921800,19.479921875,-1.0005340576171875,-0.0004119873046875,-0.016448974609375
1760555111375925800,19.48992578125,-0.9992218017578125,0.0015869140625,-0.02392578125
1760555111385929500,19.499929443359374,-0.9981231689453125,0.00567626953125,-0.0308380126953125
1760555111395934500,19.5099345703125,-1.003936767578125,0.004119873046875,-0.0349273681640625
1760555111405938700,19.519938720703124,-0.999114990234375,-0.006072998046875,-0.0288848876953125
1760555111415943700,19.529943603515626,-0.9954071044921875,-0.001953125,-0.019317626953125
1760555111425947600,19.53994775390625,-0.9996185302734375,0.0018768310546875,-0.0164947509765625
1760555111435951600,19.54995166015625,-0.9986724853515625,0.0012359619140625,-0.0168609619140625
1760555111445956600,19.55995654296875,-0.9971160888671875,-0.00225830078125,-0.020355224609375
1760555111455960800,19.5699609375,-0.99835205078125,-0.00177001953125,-0.023468017578125
1760555111465965800,19.5799658203125,-0.9994964599609375,-0.002777099609375,-0.0254058837890625
1760555111475969800,19.5899697265625,-1.0003662109375,-0.0063323974609375,-0.023468017578125
1760555111485973500,19.599973388671874,-0.99810791015625,-0.008758544921875,-0.0147705078125
1760555111495978500,19.609978515625,-0.9969940185546875,-0.0066070556640625,-0.0101318359375
1760555111505982700,19.619982666015623,-0.997406005859375,-0.002166748046875,-0.0074462890625
1760555111515987700,19.62998779296875,-0.999603271484375,0.003662109375,-0.01068115234375
1760555111525991700,19.63999169921875,-0.9952239990234375,-0.0019683837890625,-0.0206756591796875
1760555111535996700,19.64999658203125,-0.9980621337890625,-0.000030517578125,-0.0232696533203125
1760555111546000600,19.660000732421874,-1.0064697265625,0.0006103515625,-0.0267486572265625
1760555111556004900,19.6700048828125,-0.99420166015625,-0.004791259765625,-0.0283660888671875
1760555111566009900,19.680009765625,-0.99554443359375,-0.0030364990234375,-0.0230560302734375
1760555111576013800,19.690013916015626,-1.000396728515625,0.00311279296875,-0.0240936279296875
1760555111586018800,19.700018798828125,-1.0025787353515625,0.0030517578125,-0.026763916015625
1760555111596022500,19.7100224609375,-0.998687744140625,0.00555419921875,-0.0206298828125
1760555111606026800,19.72002685546875,-0.996734619140625,0.000091552734375,-0.0179290771484375
1760555111616031700,19.73003173828125,-1.0014801025390625,-0.00201416015625,-0.018890380859375
1760555111626035700,19.74003564453125,-1.001220703125,0.00653076171875,-0.0158233642578125
1760555111636040700,19.750040771484375,-0.99896240234375,-0.00018310546875,-0.01275634765625
1760555111646044700,19.760044677734374,-0.9976806640625,-0.0106964111328125,-0.016082763671875
1760555111656049000,19.770048828125,-0.995025634765625,-0.013916015625,-0.01788330078125
1760555111666054000,19.780053955078124,-0.995330810546875,-0.0091552734375,-0.01702880859375
1760555111676057600,19.7900576171875,-0.995758056640625,-0.008331298828125,-0.0219573974609375
1760555111686062600,19.8000625,-0.998046875,-0.009429931640625,-0.02880859375
1760555111696066600,19.810066650390624,-0.995758056640625,-0.005767822265625,-0.02886962890625
1760555111706070800,19.82007080078125,-0.9967498779296875,-0.002166748046875,-0.0257110595703125
1760555111716075800,19.83007568359375,-0.9993896484375,0.0028228759765625,-0.01953125
1760555111726079700,19.840079833984376,-0.9958953857421875,0.00103759765625,-0.0130157470703125
1760555111736084700,19.850084716796875,-0.99639892578125,-0.0053863525390625,-0.014190673828125
1760555111746088700,19.860088623046874,-1.0001220703125,0,-0.0135498046875
1760555111756092700,19.8700927734375,-0.9976654052734375,0.004302978515625,-0.0186920166015625
1760555111766097700,19.88009765625,-1.0012664794921875,0.0031890869140625,-0.0252685546875
1760555111776101600,19.8901015625,-1.0008087158203125,0.001983642578125,-0.0280303955078125
1760555111786106600,19.900106689453125,-0.996185302734375,-0.000396728515625,-0.02294921875
1760555111796110600,19.910110595703124,-0.9928741455078125,-0.0072174072265625,-0.0265350341796875
1760555111806114600,19.920114501953126,-0.9975433349609375,-0.0069732666015625,-0.03094482421875
1760555111816119600,19.93011962890625,-0.9995574951171875,-0.0023956298828125,-0.0392913818359375
1760555111826123800,19.940123779296876,-0.995025634765625,-0.001373291015625,-0.041900634765625
1760555111836128800,19.950128662109375,-0.997314453125,-0.001922607421875,-0.037872314453125
1760555111846132700,19.9601328125,-0.998626708984375,0.0036773681640625,-0.0333099365234375
1760555111856136700,19.97013671875,-1.0010986328125,0.0057220458984375,-0.026336669921875
1760555111866141700,19.9801416015625,-1.00213623046875,0.0023956298828125,-0.0234832763671875
1760555111876144600,19.99014453125,-1.00146484375,0.00360107421875,-0.021331787109375
1760555111886149600,20.000149658203124,-0.99835205078125,-0.0003814697265625,-0.0233612060546875
1760555111896153600,20.010153564453127,-0.99725341796875,-0.0012664794921875,-0.0213165283203125
1760555111906157800,20.02015771484375,-1.0001678466796875,-0.000762939453125,-0.0200958251953125
1760555111916162800,20.030162841796876,-0.9983062744140625,-0.0012969970703125,-0.0187530517578125
1760555111926166800,20.040166748046875,-0.996429443359375,-0.0040283203125,-0.021270751953125
1760555111936171800,20.050171875,-0.9947052001953125,-0.00848388671875,-0.0249786376953125
1760555111946175500,20.060175537109377,-0.995086669921875,-0.0082550048828125,-0.02423095703125
1760555111956179700,20.0701796875,-0.993743896484375,-0.0091705322265625,-0.0325927734375
1760555111966184700,20.080184814453126,-0.9981689453125,0.0005950927734375,-0.0386962890625
1760555111976188700,20.090188720703125,-1.0009613037109375,-0.00018310546875,-0.0232086181640625
1760555111986193700,20.100193603515624,-0.999481201171875,0.0055999755859375,-0.03125
1760555111996197600,20.11019775390625,-1.0064697265625,0.008819580078125,-0.02386474609375
1760555112006201900,20.120201904296874,-0.9982452392578125,0.005126953125,-0.026702880859375
1760555112016206800,20.130206787109376,-0.9978179931640625,0.006561279296875,-0.029541015625
1760555112026210800,20.1402109375,-1.0033111572265625,0.0095062255859375,-0.03094482421875
1760555112036215800,20.1502158203125,-0.9967041015625,0.00146484375,-0.0340423583984375
1760555112046219500,20.160219482421876,-1.0004425048828125,-0.0026092529296875,-0.0300445556640625
1760555112056224500,20.170224609375,-1.002288818359375,-0.0014495849609375,-0.0234527587890625
1760555112066228700,20.180228759765626,-0.996002197265625,-0.005462646484375,-0.01898193359375
1760555112076232000,20.19023193359375,-0.9935455322265625,-0.012237548828125,-0.0191497802734375
1760555112086237000,20.20023681640625,-0.98944091796875,-0.0106201171875,-0.0214385986328125
1760555112096241000,20.210240966796874,-0.992828369140625,-0.007049560546875,-0.030029296875
1760555112106246000,20.220245849609373,-1.0037689208984375,-0.0010986328125,-0.0248565673828125
1760555112116250000,20.23025,-1.0053863525390625,0.0004425048828125,-0.024383544921875
1760555112126254000,20.240254150390626,-0.999176025390625,0.003265380859375,-0.0150604248046875
1760555112136259000,20.250259033203125,-0.9936981201171875,0.0001983642578125,-0.016845703125
1760555112146263000,20.260262939453124,-1.0000152587890625,0.008331298828125,-0.0169830322265625
1760555112156268000,20.27026806640625,-0.9991912841796875,0.003814697265625,-0.023590087890625
1760555112166272300,20.280272216796874,-0.998870849609375,-0.000823974609375,-0.0306243896484375
1760555112176276000,20.29027587890625,-1.00604248046875,0.00189208984375,-0.03509521484375
1760555112186281000,20.300281005859375,-0.9969635009765625,-0.000213623046875,-0.0252685546875
1760555112196285000,20.310284912109374,-0.992706298828125,-0.0061798095703125,-0.022796630859375
1760555112206290000,20.3202900390625,-0.9996185302734375,-0.00347900390625,-0.0212860107421875
1760555112216294100,20.330294189453124,-1.0010986328125,-0.006103515625,-0.0236053466796875
1760555112226298000,20.340298095703126,-0.996734619140625,-0.00543212890625,-0.0204315185546875
1760555112236303000,20.35030322265625,-0.9972686767578125,0.0005950927734375,-0.0184783935546875
1760555112246307000,20.36030712890625,-0.9990081787109375,-0.0003814697265625,-0.021636962890625
1760555112256312000,20.37031201171875,-0.9968109130859375,-0.0034942626953125,-0.0172271728515625
1760555112266316300,20.38031640625,-0.995513916015625,-0.0047760009765625,-0.0158843994140625
1760555112276320000,20.390320068359376,-0.9987945556640625,-0.00128173828125,-0.017059326171875
1760555112286325000,20.400324951171875,-0.9997406005859375,-0.0042724609375,-0.02093505859375
1760555112296329000,20.410328857421874,-0.9954376220703125,-0.0038909912109375,-0.0250091552734375
1760555112306334000,20.420333984375,-0.998626708984375,-0.00665283203125,-0.02825927734375
1760555112316338200,20.430338134765623,-0.9961090087890625,-0.00390625,-0.0257720947265625
1760555112326342100,20.440342041015626,-1.0018157958984375,0.0030364990234375,-0.027099609375
1760555112336347100,20.45034716796875,-1.0011749267578125,0.0077667236328125,-0.026702880859375
1760555112346351000,20.46035107421875,-1.000762939453125,0.0070648193359375,-0.020660400390625
1760555112356356000,20.470356201171874,-0.99822998046875,-0.0032196044921875,-0.0156097412109375
1760555112366360000,20.480360107421873,-0.99713134765625,-0.002685546875,-0.005889892578125
1760555112376365000,20.490364990234376,-0.99462890625,-0.004364013671875,-0.0072479248046875
1760555112386369000,20.500369140625,-0.999053955078125,-0.006256103515625,-0.011322021484375
1760555112396373000,20.510373046875,-0.99725341796875,-0.00213623046875,-0.0144195556640625
1760555112406378000,20.5203779296875,-0.9981689453125,-0.003936767578125,-0.0218505859375
1760555112416382000,20.5303818359375,-1.0022430419921875,0.000030517578125,-0.028076171875
1760555112426387000,20.540386962890626,-0.9994659423828125,0.0008697509765625,-0.02716064453125
1760555112436391200,20.55039111328125,-1.00238037109375,0.0001678466796875,-0.0290679931640625
1760555112446395100,20.56039501953125,-0.996429443359375,-0.0008544921875,-0.030517578125
1760555112456400100,20.570400146484374,-0.99884033203125,0.00042724609375,-0.024688720703125
1760555112466403800,20.58040380859375,-1.0009002685546875,0.0050201416015625,-0.01556396484375
1760555112476408800,20.590408935546876,-0.99908447265625,0.00372314453125,-0.009246826171875
1760555112486413000,20.6004130859375,-0.9983978271484375,-0.0024261474609375,-0.005889892578125
1760555112496417000,20.6104169921875,-0.9962615966796875,-0.00506591796875,-0.0108489990234375
1760555112506422000,20.620422119140624,-0.998931884765625,-0.004486083984375,-0.0187225341796875
1760555112516426000,20.630426025390626,-0.9982452392578125,-0.001922607421875,-0.0178375244140625
1760555112526431000,20.640430908203125,-0.9983062744140625,-0.000274658203125,-0.0165863037109375
1760555112536435200,20.650435302734376,-1.0020294189453125,0.00152587890625,-0.0214691162109375
1760555112546439200,20.660439208984375,-0.998504638671875,-0.0003814697265625,-0.0180511474609375
1760555112556444200,20.670444091796874,-0.9989166259765625,-0.00042724609375,-0.0208892822265625
1760555112566447900,20.68044775390625,-1.000335693359375,0.0003662109375,-0.0196685791015625
1760555112576452900,20.690452880859375,-0.9976043701171875,0.000946044921875,-0.0147857666015625
1760555112586457000,20.70045703125,-0.9988250732421875,0.000762939453125,-0.01239013671875
1760555112596461000,20.7104609375,-0.998199462890625,-0.0000762939453125,-0.0133514404296875
1760555112606466000,20.720466064453124,-0.999542236328125,-0.000518798828125,-0.019287109375
1760555112616470000,20.730469970703126,-0.9992828369140625,-0.000885009765625,-0.0163726806640625
1760555112626475000,20.74047509765625,-0.9993133544921875,-0.0016632080078125,-0.0154876708984375
1760555112636479200,20.750479248046876,-0.99566650390625,-0.00506591796875,-0.012786865234375
1760555112646484200,20.760484130859375,-0.9932403564453125,-0.0067901611328125,-0.0072021484375
1760555112656488200,20.77048828125,-0.9969635009765625,-0.0082550048828125,-0.0075836181640625
1760555112666492000,20.780491943359376,-0.997589111328125,-0.0041961669921875,-0.01055908203125
1760555112676497000,20.790496826171875,-0.99798583984375,-0.0029754638671875,-0.015472412109375
1760555112686501000,20.800501220703126,-1.0002593994140625,-0.0025787353515625,-0.0220184326171875
1760555112696506000,20.810506103515625,-1,-0.001739501953125,-0.0240631103515625
1760555112706510000,20.820510009765623,-0.998565673828125,-0.001373291015625,-0.0247650146484375
1760555112716514000,20.83051416015625,-1.0005035400390625,0.00274658203125,-0.0236663818359375
1760555112726519000,20.84051904296875,-1.000152587890625,0.0023651123046875,-0.0178375244140625
1760555112736523300,20.850523193359376,-0.9968414306640625,0.0007171630859375,-0.012847900390625
1760555112746528300,20.8605283203125,-1.0006256103515625,0.000885009765625,-0.0086212158203125
1760555112756532000,20.870531982421873,-0.9998626708984375,0.00054931640625,-0.001922607421875
1760555112766536000,20.880535888671876,-0.9979095458984375,-0.00347900390625,-0.002960205078125
1760555112776541000,20.890541015625,-0.9994354248046875,-0.003509521484375,-0.009979248046875
1760555112786545200,20.900545166015625,-0.9983062744140625,-0.00152587890625,-0.014923095703125
1760555112796550100,20.910550048828124,-1.0017242431640625,0.001739501953125,-0.019287109375
1760555112806554000,20.92055419921875,-1.000946044921875,0.00189208984375,-0.019287109375
1760555112816558000,20.93055810546875,-0.99920654296875,-0.0048065185546875,-0.0182952880859375
1760555112826563000,20.94056298828125,-0.9953765869140625,-0.0092010498046875,-0.0148773193359375
1760555112836567000,20.950567138671875,-0.9966583251953125,-0.007720947265625,-0.0103759765625
1760555112846572300,20.960572265625,-0.999053955078125,-0.002166748046875,-0.0108642578125
1760555112856576000,20.970575927734377,-0.9957275390625,-0.0083770751953125,-0.013641357421875
1760555112866580000,20.980580078125,-1.0005035400390625,-0.00146484375,-0.0223541259765625
1760555112876585000,20.9905849609375,-0.9975128173828125,-0.00067138671875,-0.023345947265625
1760555112886589000,21.0005888671875,-0.9967041015625,-0.00640869140625,-0.0242156982421875
1760555112896594000,21.010593994140624,-0.999755859375,-0.003753662109375,-0.0266571044921875
1760555112906598100,21.02059814453125,-0.997283935546875,-0.005950927734375,-0.017303466796875
1760555112916603100,21.03060302734375,-0.998687744140625,-0.0095977783203125,-0.01470947265625
1760555112926607000,21.040607177734376,-0.9942169189453125,-0.009979248046875,-0.004974365234375
1760555112936611000,21.050611083984375,-0.995208740234375,-0.008819580078125,-0.0015716552734375
1760555112946616000,21.060615966796874,-0.9984283447265625,-0.0049591064453125,-0.004730224609375
1760555112956620000,21.0706201171875,-0.99737548828125,0.0033416748046875,-0.0061492919921875
1760555112966625000,21.080625,-0.9996490478515625,-0.001129150390625,-0.0156402587890625
1760555112976629000,21.09062890625,-0.9998779296875,0.0026702880859375,-0.0198974609375
1760555112986633000,21.100633056640625,-0.9974212646484375,-0.001495361328125,-0.016204833984375
1760555112996638000,21.110637939453124,-1.0008697509765625,-0.0044708251953125,-0.0230560302734375
1760555113006642200,21.12064208984375,-0.9960174560546875,-0.005218505859375,-0.018310546875
1760555113016647200,21.130647216796874,-0.997772216796875,-0.00897216796875,-0.02484130859375
1760555113026651100,21.140651123046876,-0.9975433349609375,-0.0057373046875,-0.0223846435546875
1760555113036654800,21.15065478515625,-0.9957427978515625,-0.0053253173828125,-0.0154876708984375
1760555113046659800,21.160659912109374,-1.0032958984375,-0.0013580322265625,-0.0218505859375
1760555113056664000,21.1706640625,-1.0027008056640625,0.0071563720703125,-0.013031005859375
1760555113066669000,21.1806689453125,-0.9997100830078125,-0.0001678466796875,-0.0152740478515625
1760555113076673300,21.19067333984375,-0.9984130859375,-0.0018768310546875,-0.0151214599609375
1760555113086677200,21.20067724609375,-1.0002288818359375,-0.0008697509765625,-0.015533447265625
1760555113096682200,21.21068212890625,-0.998992919921875,-0.003662109375,-0.0222320556640625
1760555113106686500,21.2206865234375,-0.9979705810546875,-0.0030517578125,-0.0185089111328125
1760555113116691500,21.23069140625,-1.0025634765625,-0.0001678466796875,-0.0170745849609375
1760555113126695400,21.2406953125,-0.99505615234375,-0.001678466796875,-0.015411376953125
1760555113136700400,21.250700439453126,-1.001129150390625,0.0001220703125,-0.015838623046875
1760555113146704400,21.260704345703125,-0.9989471435546875,-0.0006866455078125,-0.01251220703125
1760555113156708400,21.270708251953124,-0.9986572265625,-0.001068115234375,-0.0111846923828125
1760555113166713300,21.28071337890625,-1.0002288818359375,-0.0025177001953125,-0.016082763671875
1760555113176717300,21.29071728515625,-0.9974517822265625,-0.0048370361328125,-0.0149078369140625
1760555113186722300,21.300722412109376,-0.998626708984375,-0.0062255859375,-0.01727294921875
1760555113196726300,21.310726318359375,-0.9964599609375,-0.0086212158203125,-0.01824951171875
1760555113206730200,21.320730224609374,-0.9952239990234375,-0.0089874267578125,-0.0191650390625
1760555113216735500,21.330735595703125,-0.9961700439453125,-0.0081329345703125,-0.0177154541015625
1760555113226739500,21.340739501953124,-0.999053955078125,-0.007080078125,-0.0178070068359375
1760555113236744400,21.350744384765626,-1.0005035400390625,-0.0032806396484375,-0.019927978515625
1760555113246748400,21.36074853515625,-0.9999542236328125,0.0007476806640625,-0.016510009765625
1760555113256752000,21.370752197265624,-0.9997711181640625,-0.001739501953125,-0.0189208984375
1760555113266757400,21.38075732421875,-0.998291015625,-0.003387451171875,-0.0141448974609375
1760555113276761300,21.39076123046875,-0.9998321533203125,-0.004180908203125,-0.016204833984375
1760555113286766300,21.400766357421876,-0.9957427978515625,-0.0101318359375,-0.014923095703125
1760555113296770300,21.410770263671875,-0.9962310791015625,-0.0104827880859375,-0.0162353515625
1760555113306774300,21.420774169921874,-0.9999542236328125,-0.004058837890625,-0.0191650390625
1760555113316779300,21.430779296875,-0.99981689453125,-0.0010833740234375,-0.016265869140625
1760555113326783500,21.440783447265623,-1.0030059814453125,0.00225830078125,-0.0159912109375
1760555113336788500,21.45078857421875,-0.994873046875,-0.009002685546875,-0.0126800537109375
1760555113346792400,21.46079248046875,-0.9992828369140625,-0.002197265625,-0.0106353759765625
1760555113356796200,21.470796142578124,-0.9974212646484375,-0.0029449462890625,-0.0088958740234375
1760555113366801200,21.48080126953125,-1.001129150390625,-0.00384521484375,-0.0118255615234375
1760555113376805400,21.490805419921877,-0.9976348876953125,-0.0046539306640625,-0.0202178955078125
1760555113386810400,21.500810302734376,-0.9951629638671875,-0.0094451904296875,-0.02398681640625
1760555113396814300,21.510814453125,-0.9957275390625,-0.00787353515625,-0.015625
1760555113406818300,21.520818359375,-0.9983367919921875,-0.009857177734375,-0.020172119140625
1760555113416823300,21.5308232421875,-0.99517822265625,-0.0086212158203125,-0.0194244384765625
1760555113426827500,21.54082763671875,-0.999267578125,-0.0052032470703125,-0.0140838623046875
1760555113436832500,21.55083251953125,-0.9981536865234375,-0.0088043212890625,-0.016387939453125
1760555113446836500,21.56083642578125,-0.997528076171875,-0.0055694580078125,-0.01617431640625
1760555113456840200,21.570840087890623,-1.0009613037109375,-0.002166748046875,-0.0183563232421875
1760555113466845200,21.58084521484375,-0.9989471435546875,-0.0035247802734375,-0.01580810546875
1760555113476849400,21.590849365234376,-1.0000152587890625,-0.0032501220703125,-0.01556396484375
1760555113486854400,21.6008544921875,-0.9999237060546875,-0.0045318603515625,-0.015228271484375
1760555113496858400,21.6108583984375,-0.996673583984375,-0.00787353515625,-0.0126495361328125
1760555113506863400,21.62086328125,-0.9968109130859375,-0.0117034912109375,-0.015228271484375
1760555113516867300,21.630867431640624,-0.9989013671875,-0.0090484619140625,-0.015625
1760555113526871600,21.64087158203125,-1.000213623046875,-0.0015106201171875,-0.0185546875
1760555113536876500,21.65087646484375,-0.9978485107421875,-0.00579833984375,-0.0182952880859375
1760555113546880300,21.66088037109375,-1.000762939453125,-0.005767822265625,-0.01995849609375
1760555113556885200,21.67088525390625,-0.99761962890625,-0.00567626953125,-0.0175933837890625
1760555113566889200,21.68088916015625,-0.9980010986328125,-0.00823974609375,-0.0146026611328125
1760555113576893400,21.6908935546875,-0.997955322265625,-0.00958251953125,-0.0115814208984375
1760555113586898400,21.7008984375,-0.9972381591796875,-0.0050811767578125,-0.005615234375
1760555113596902400,21.71090234375,-1.0006103515625,-0.0020599365234375,-0.0164947509765625
1760555113606907400,21.720907470703125,-0.9952239990234375,-0.01715087890625,-0.0173797607421875
1760555113616911400,21.730911376953124,-0.99822998046875,-0.0083160400390625,-0.0126953125
1760555113626915300,21.740915283203126,-0.9990081787109375,-0.005950927734375,-0.0208892822265625
1760555113636920600,21.750920654296873,-0.9898681640625,-0.0204925537109375,-0.021575927734375
1760555113646924300,21.76092431640625,-1.002899169921875,-0.0122222900390625,-0.024383544921875
1760555113656929300,21.77092919921875,-0.9985198974609375,-0.0069427490234375,-0.0201263427734375
1760555113666933200,21.780933349609374,-0.9946441650390625,-0.0095977783203125,-0.0157623291015625
1760555113676937200,21.790937255859376,-1.0032196044921875,-0.004150390625,-0.0130615234375
1760555113686942500,21.8009423828125,-0.9968109130859375,-0.003204345703125,-0.0112762451171875
1760555113696946400,21.810946533203126,-0.9983062744140625,-0.0041046142578125,-0.008453369140625
1760555113706951400,21.820951416015625,-1.00396728515625,-0.004302978515625,-0.0124969482421875
1760555113716955400,21.830955322265623,-0.9945526123046875,-0.0095977783203125,-0.0177001953125
1760555113726959400,21.84095947265625,-1.0007171630859375,-0.0027618408203125,-0.0164794921875
1760555113736964400,21.85096435546875,-1.0020294189453125,-0.00628662109375,-0.018310546875
1760555113746968300,21.86096826171875,-0.995025634765625,-0.0100250244140625,-0.02178955078125
1760555113756973300,21.870973388671874,-0.9990692138671875,-0.0052642822265625,-0.0170745849609375
1760555113766977300,21.880977294921873,-0.9979095458984375,-0.00848388671875,-0.0115814208984375
1760555113776981200,21.890981201171876,-0.997283935546875,-0.01202392578125,-0.01641845703125
1760555113786986200,21.900986328125,-0.995697021484375,-0.0157928466796875,-0.014495849609375
1760555113796990500,21.910990478515625,-0.9949493408203125,-0.01800537109375,-0.0148162841796875
1760555113806995500,21.920995361328124,-0.9947357177734375,-0.0172119140625,-0.0151519775390625
1760555113816999400,21.93099951171875,-0.9976806640625,-0.0121612548828125,-0.0235748291015625
1760555113827003100,21.941003173828125,-0.9971466064453125,-0.01214599609375,-0.01959228515625
1760555113837008100,21.951008056640624,-0.9985504150390625,-0.0111083984375,-0.017425537109375
1760555113847012400,21.961012451171875,-0.9991912841796875,-0.0085296630859375,-0.012786865234375
1760555113857017300,21.971017333984374,-1.000946044921875,-0.00543212890625,-0.0120849609375
1760555113867021300,21.981021240234377,-0.9985198974609375,-0.005828857421875,-0.011138916015625
1760555113877026300,21.9910263671875,-1.001220703125,-0.0030059814453125,-0.0090484619140625
1760555113887030300,22.0010302734375,-1.0006103515625,-0.0052642822265625,-0.01513671875
1760555113897034500,22.011034423828125,-0.998291015625,-0.011322021484375,-0.0206146240234375
1760555113907039500,22.02103955078125,-0.9954376220703125,-0.014678955078125,-0.022247314453125
1760555113917043500,22.03104345703125,-1,-0.009124755859375,-0.0238037109375
1760555113927048400,22.04104833984375,-0.997314453125,-0.0123138427734375,-0.0280914306640625
1760555113937052200,22.05105224609375,-0.99786376953125,-0.01171875,-0.0283966064453125
1760555113947056400,22.061056396484375,-0.997650146484375,-0.0077972412109375,-0.0229949951171875
1760555113957061400,22.071061279296874,-1.0008392333984375,-0.006378173828125,-0.022613525390625
1760555113967065300,22.0810654296875,-1.000885009765625,-0.0074005126953125,-0.0211334228515625
1760555113977070300,22.0910703125,-0.9989013671875,-0.0090179443359375,-0.016998291015625
1760555113987074300,22.10107421875,-0.9972381591796875,-0.0088958740234375,-0.0067596435546875
1760555113997078500,22.11107861328125,-0.9987335205078125,-0.007171630859375,-0.0097503662109375
1760555114007083500,22.12108349609375,-0.999725341796875,-0.004364013671875,-0.0128631591796875
1760555114017087500,22.13108740234375,-1.000030517578125,0.000640869140625,-0.020965576171875
1760555114027092500,22.141092529296873,-1.000762939453125,-0.007110595703125,-0.0176544189453125
1760555114037096200,22.15109619140625,-0.999298095703125,-0.0109710693359375,-0.027557373046875
1760555114047100400,22.161100341796875,-0.993316650390625,-0.0125274658203125,-0.02301025390625
1760555114057105400,22.17110546875,-1.0047760009765625,-0.0086822509765625,-0.0240478515625
1760555114067109400,22.181109375,-0.9972076416015625,-0.0142822265625,-0.028350830078125
1760555114077114400,22.1911142578125,-0.994659423828125,-0.016815185546875,-0.0289459228515625
1760555114087118300,22.201118408203126,-1.001922607421875,-0.013458251953125,-0.031982421875
1760555114097122300,22.211122314453124,-0.989105224609375,-0.01898193359375,-0.0162506103515625
1760555114107127600,22.22112744140625,-1.00018310546875,-0.0110931396484375,-0.0197601318359375
1760555114117131300,22.23113134765625,-1.000335693359375,-0.0095672607421875,-0.012237548828125
1760555114127136300,22.24113623046875,-0.995758056640625,-0.0112457275390625,-0.0140838623046875
1760555114137140200,22.25114013671875,-0.9971466064453125,-0.0111541748046875,-0.0126800537109375
1760555114147144200,22.261144287109374,-1.00079345703125,-0.0074310302734375,-0.010589599609375
1760555114157149400,22.2711494140625,-0.9993438720703125,-0.0062408447265625,-0.009521484375
1760555114167153400,22.2811533203125,-0.9983673095703125,-0.0076446533203125,-0.0134124755859375
1760555114177158400,22.291158447265627,-0.998687744140625,-0.0110931396484375,-0.01885986328125
1760555114187162400,22.301162353515625,-0.99725341796875,-0.0102691650390625,-0.0190582275390625
1760555114197166000,22.311166015625,-0.999267578125,-0.0116119384765625,-0.024169921875
1760555114207171300,22.32117138671875,-1.0011138916015625,-0.005462646484375,-0.0211944580078125
1760555114217175300,22.33117529296875,-0.997283935546875,-0.005828857421875,-0.018280029296875
1760555114227180300,22.34118017578125,-0.99957275390625,-0.0077667236328125,-0.0123291015625
1760555114237184300,22.351184326171875,-0.998779296875,-0.009490966796875,-0.011016845703125
1760555114247189200,22.361189208984374,-0.99530029296875,-0.01409912109375,-0.01239013671875
1760555114257193200,22.371193115234377,-0.99322509765625,-0.020965576171875,-0.0157470703125
1760555114267197400,22.381197509765624,-0.9956207275390625,-0.0200042724609375,-0.022247314453125
1760555114277202400,22.391202392578126,-0.9976348876953125,-0.010467529296875,-0.0170745849609375
1760555114287206400,22.401206298828125,-1.0018310546875,-0.0047454833984375,-0.0128021240234375
1760555114297211400,22.41121142578125,-0.996185302734375,-0.01092529296875,-0.0048828125
1760555114307215000,22.421215087890626,-1.00018310546875,-0.006927490234375,-0.0126800537109375
1760555114317219300,22.43121923828125,-0.9987640380859375,-0.00775146484375,-0.01123046875
1760555114327224300,22.441224365234376,-0.9984588623046875,-0.008453369140625,-0.0167236328125
1760555114337228300,22.451228271484375,-0.9978790283203125,-0.007110595703125,-0.0149383544921875
1760555114347233300,22.4612333984375,-0.9981842041015625,-0.0081329345703125,-0.0079803466796875
1760555114357237200,22.4712373046875,-1.00146484375,-0.004180908203125,-0.0065765380859375
1760555114367241500,22.481241455078123,-0.998870849609375,-0.0067596435546875,-0.005340576171875
1760555114377246500,22.49124658203125,-0.9963531494140625,-0.0118865966796875,-0.0102386474609375
1760555114387250400,22.50125048828125,-0.994842529296875,-0.0141448974609375,-0.0095062255859375
1760555114397255400,22.51125537109375,-0.9972076416015625,-0.0113677978515625,-0.010467529296875
1760555114407259100,22.521259033203126,-0.99755859375,-0.009521484375,-0.00665283203125
1760555114417263400,22.531263427734373,-0.99951171875,-0.0066986083984375,-0.0072021484375
1760555114427268400,22.541268310546876,-0.999267578125,-0.0066986083984375,-0.0128936767578125
1760555114437272300,22.551272216796875,-0.9951324462890625,-0.0134429931640625,-0.0146331787109375
1760555114447277300,22.56127734375,-1.0016021728515625,-0.001556396484375,-0.0101318359375
1760555114457281300,22.57128125,-0.9998321533203125,-0.0043792724609375,-0.0192108154296875
1760555114467285500,22.581285400390627,-1.00164794921875,-0.0022430419921875,-0.0118865966796875
1760555114477290500,22.59129052734375,-0.9967041015625,-0.0030975341796875,-0.004730224609375
1760555114487294200,22.601294189453125,-1.0016937255859375,-0.0026397705078125,-0.0079803466796875
1760555114497299200,22.61129931640625,-1.0022125244140625,0.000640869140625,0.001556396484375
1760555114507303200,22.62130322265625,-0.9994964599609375,-0.0047607421875,-0.008056640625
1760555114517307400,22.631307373046877,-0.995452880859375,-0.0101776123046875,-0.00616455078125
1760555114527312400,22.6413125,-0.99908447265625,-0.0088043212890625,-0.00885009765625
1760555114537316400,22.65131640625,-0.995697021484375,-0.00439453125,-0.0023040771484375
1760555114547321300,22.6613212890625,-0.9988250732421875,-0.0098419189453125,-0.0021820068359375
1760555114557325300,22.6713251953125,-0.9957275390625,-0.0123443603515625,-0.0015716552734375
1760555114567329300,22.681329345703126,-0.9955596923828125,-0.0121917724609375,-0.003143310546875
1760555114577334500,22.69133447265625,-0.999267578125,-0.0105438232421875,-0.0088653564453125
1760555114587338200,22.701338134765624,-0.9981536865234375,-0.0074005126953125,-0.0092620849609375
1760555114597343200,22.71134326171875,-1.0001068115234375,-0.003448486328125,-0.009674072265625
1760555114607347200,22.72134716796875,-0.99945068359375,-0.0009765625,-0.0077362060546875
1760555114617352200,22.731352294921876,-1.003570556640625,-0.00164794921875,-0.0115203857421875
1760555114627356400,22.7413564453125,-1.0001373291015625,-0.0037384033203125,-0.005859375
1760555114637360400,22.7513603515625,-0.99951171875,-0.00616455078125,-0.00640869140625
1760555114647365400,22.761365478515625,-0.995697021484375,-0.00616455078125,-0.0032958984375
1760555114657369300,22.771369384765624,-0.9966278076171875,-0.00762939453125,-0.0039825439453125
1760555114667374300,22.781374267578126,-0.996795654296875,-0.0094146728515625,-0.003173828125
1760555114677378300,22.79137841796875,-0.9979705810546875,-0.0074920654296875,-0.001495361328125
1760555114687382300,22.80138232421875,-0.99896240234375,-0.008209228515625,-0.00146484375
1760555114697387300,22.81138720703125,-0.9977569580078125,-0.0082244873046875,-0.0023651123046875
1760555114707391200,22.82139111328125,-1.0004425048828125,-0.003326416015625,-0.0058135986328125
1760555114717396200,22.831396240234376,-1.0007476806640625,-0.002471923828125,-0.0093231201171875
1760555114727400200,22.841400146484375,-0.99993896484375,-0.00762939453125,-0.009735107421875
1760555114737404400,22.851404296875,-0.9950103759765625,-0.012420654296875,-0.0040283203125
1760555114747409400,22.861409423828125,-0.9975738525390625,-0.0122222900390625,-0.0069580078125
1760555114757413400,22.871413330078123,-0.993377685546875,-0.012298583984375,-0.0020751953125
1760555114767418400,22.88141845703125,-0.999755859375,-0.006561279296875,-0.0061187744140625
1760555114777422300,22.89142236328125,-0.998504638671875,-0.0075225830078125,0.0006866455078125
1760555114787426300,22.90142626953125,-0.9950408935546875,-0.0050811767578125,0
1760555114797431300,22.911431396484375,-1.002471923828125,0.0013580322265625,-0.0043182373046875
1760555114807435300,22.921435302734373,-0.99908447265625,-0.003509521484375,-0.002044677734375
1760555114817440300,22.931440185546876,-0.9975738525390625,-0.0090484619140625,-0.0081024169921875
1760555114827444200,22.9414443359375,-0.9990234375,-0.0059967041015625,-0.0034942626953125
1760555114837448400,22.951448486328125,-0.99755859375,-0.006195068359375,-0.0001220703125
1760555114847453400,22.961453369140624,-0.9983978271484375,-0.0039520263671875,0.0044708251953125
1760555114857457400,22.97145751953125,-1.0023651123046875,-0.0016326904296875,0.00079345703125
1760555114867462400,22.98146240234375,-1.001800537109375,-0.001617431640625,-0.0064544677734375
1760555114877466000,22.991466064453125,-0.9973907470703125,-0.0001068115234375,-0.0077667236328125
1760555114887470300,23.00147021484375,-0.9984893798828125,-0.0059051513671875,-0.0131683349609375
1760555114897475300,23.011475341796874,-0.9968719482421875,-0.0091552734375,-0.0093994140625
1760555114907479300,23.021479248046877,-0.998382568359375,-0.00836181640625,-0.006500244140625
1760555114917484300,23.031484375,-0.99835205078125,-0.0091400146484375,-0.00994873046875
1760555114927488300,23.04148828125,-0.9949493408203125,-0.0128326416015625,-0.012298583984375
1760555114937492500,23.051492431640625,-0.99786376953125,-0.0069122314453125,-0.0129241943359375
1760555114947497500,23.06149755859375,-0.99993896484375,-0.0013275146484375,-0.01898193359375
1760555114957501400,23.07150146484375,-1.001373291015625,0.001312255859375,-0.0140533447265625
1760555114967506400,23.08150634765625,-0.998382568359375,-0.002685546875,-0.0074462890625
1760555114977510100,23.09151025390625,-1.0004425048828125,-0.0030364990234375,-0.0101318359375
1760555114987515100,23.10151513671875,-0.9977569580078125,-0.0088348388671875,-0.01336669921875
1760555114997519400,23.111519287109374,-1.0032196044921875,-0.001861572265625,-0.00567626953125
1760555115007523300,23.1215234375,-0.996002197265625,-0.0071868896484375,-0.007781982421875
1760555115017528300,23.1315283203125,-1.0011444091796875,-0.00439453125,-0.0183868408203125
1760555115027532300,23.1415322265625,-0.9967498779296875,-0.0029296875,-0.0087738037109375
1760555115037537300,23.151537353515625,-1.000244140625,-0.0049285888671875,-0.0131988525390625
1760555115047541500,23.16154150390625,-0.998260498046875,-0.0053558349609375,-0.00579833984375
1760555115057545500,23.17154541015625,-0.99652099609375,-0.0064239501953125,-0.0052947998046875
1760555115067550500,23.181550537109374,-1.0005950927734375,-0.0067596435546875,-0.0125274658203125
1760555115077554700,23.1915546875,-0.9933319091796875,-0.0064849853515625,-0.000701904296875
1760555115087559700,23.2015595703125,-0.9996185302734375,-0.007904052734375,-0.0054931640625
1760555115097563400,23.2115634765625,-0.999267578125,-0.0019989013671875,-0.00787353515625
1760555115107567600,23.221567626953124,-1.00006103515625,0.002532958984375,-0.0046539306640625
1760555115117572600,23.231572509765623,-1.00225830078125,0.0022735595703125,-0.00445556640625
1760555115127576600,23.24157666015625,-1.0014190673828125,0.000274658203125,-0.015045166015625
1760555115137581600,23.25158154296875,-1.00042724609375,-0.00067138671875,-0.015716552734375
1760555115147585500,23.26158544921875,-0.9994659423828125,-0.002655029296875,-0.016845703125
1760555115157589800,23.27158984375,-0.9998321533203125,-0.0023040771484375,-0.0216217041015625
1760555115167594800,23.2815947265625,-0.996856689453125,-0.0037994384765625,-0.0182647705078125
1760555115177598700,23.2915986328125,-1.00030517578125,-0.001708984375,-0.0146331787109375
1760555115187603700,23.301603759765626,-0.9997406005859375,-0.0018310546875,-0.01031494140625
1760555115197607400,23.311607421875,-0.99615478515625,-0.01025390625,-0.0110321044921875
1760555115207611600,23.321611572265624,-0.997833251953125,-0.0120849609375,-0.0074310302734375
1760555115217616600,23.33161669921875,-0.997314453125,-0.008026123046875,-0.00689697265625
1760555115227620600,23.34162060546875,-0.9970703125,-0.0112152099609375,-0.0066680908203125
1760555115237625600,23.35162548828125,-0.9989013671875,-0.008575439453125,-0.0102691650390625
1760555115247629600,23.361629638671875,-0.994232177734375,-0.0082855224609375,-0.0070648193359375
1760555115257633800,23.3716337890625,-1.0012969970703125,-0.0049591064453125,-0.011138916015625
1760555115267638800,23.381638671875,-1.001312255859375,-0.0003814697265625,-0.01300048828125
1760555115277642500,23.391642578125,-0.9988250732421875,-0.0014495849609375,-0.0109710693359375
1760555115287647500,23.4016474609375,-0.9991302490234375,-0.0024261474609375,-0.0143890380859375
1760555115297651500,23.4116513671875,-1.0013580322265625,-0.0002288818359375,-0.0159759521484375
1760555115307655700,23.42165576171875,-0.9977264404296875,-0.0068511962890625,-0.021636962890625
1760555115317660700,23.43166064453125,-0.9970245361328125,-0.01092529296875,-0.0197906494140625
1760555115327664600,23.44166455078125,-0.99725341796875,-0.008270263671875,-0.0152435302734375
1760555115337669600,23.451669677734376,-0.996368408203125,-0.011322021484375,-0.0147552490234375
1760555115347673600,23.461673583984375,-0.99920654296875,-0.0097198486328125,-0.0164642333984375
1760555115357677800,23.471677734375,-0.9953460693359375,-0.0113983154296875,-0.0154876708984375
1760555115367682800,23.481682861328125,-0.996826171875,-0.0092315673828125,-0.014312744140625
1760555115377686500,23.4916865234375,-1.0008544921875,-0.003875732421875,-0.01910400390625
1760555115387691500,23.50169140625,-0.9979248046875,-0.0041046142578125,-0.0157623291015625
1760555115397695500,23.511695556640625,-1.00048828125,-0.00408935546875,-0.01708984375
1760555115407699700,23.52169970703125,-0.999114990234375,-0.0024566650390625,-0.02154541015625
1760555115417704700,23.53170458984375,-0.9993896484375,-0.0037994384765625,-0.0270233154296875
1760555115427708700,23.541708740234377,-0.9971771240234375,-0.004974365234375,-0.0239105224609375
1760555115437713700,23.551713623046876,-0.999481201171875,-0.0048675537109375,-0.0224456787109375
1760555115447717600,23.561717529296875,-0.9995880126953125,-0.00201416015625,-0.0185699462890625
1760555115457721600,23.5717216796875,-1.0009765625,-0.002410888671875,-0.017425537109375
1760555115467726600,23.5817265625,-0.9980621337890625,-0.0043487548828125,-0.01556396484375
1760555115477730600,23.59173046875,-0.997161865234375,-0.0052947998046875,-0.014373779296875
1760555115487735600,23.601735595703126,-1.0003509521484375,-0.000213623046875,-0.017974853515625
1760555115497739500,23.611739501953124,-0.999725341796875,-0.001129150390625,-0.016510009765625
1760555115507743500,23.621743408203123,-0.99822998046875,-0.00701904296875,-0.0153350830078125
1760555115517748500,23.63174853515625,-0.999420166015625,-0.004150390625,-0.0205535888671875
1760555115527752700,23.641752685546876,-0.99755859375,-0.0045166015625,-0.0199432373046875
1760555115537757700,23.6517578125,-0.9973602294921875,-0.0048980712890625,-0.0209808349609375
1760555115547761700,23.66176171875,-0.9976959228515625,-0.0068206787109375,-0.0173797607421875
1760555115557765600,23.671765625,-0.9923553466796875,-0.0141143798828125,-0.0190582275390625
1760555115567770600,23.6817705078125,-0.9985504150390625,-0.008148193359375,-0.02203369140625
1760555115577774600,23.691774658203126,-0.996246337890625,-0.006439208984375,-0.0195465087890625
1760555115587779600,23.701779541015625,-1.001007080078125,-0.0035858154296875,-0.0246429443359375
1760555115597783600,23.711783447265624,-0.9994964599609375,-0.0032196044921875,-0.02459716796875
1760555115607788500,23.72178857421875,-0.999786376953125,-0.00628662109375,-0.02130126953125
1760555115617792500,23.73179248046875,-0.999725341796875,-0.004302978515625,-0.0163421630859375
1760555115627796700,23.741796630859376,-0.9980926513671875,-0.004730224609375,-0.0110626220703125
1760555115637801700,23.7518017578125,-0.9971771240234375,-0.006256103515625,-0.009246826171875
1760555115647805700,23.7618056640625,-1.000152587890625,-0.003692626953125,-0.011871337890625
1760555115657810700,23.771810791015625,-0.9981231689453125,-0.006103515625,-0.0159759521484375
1760555115667814400,23.781814453125,-0.9959564208984375,-0.0077667236328125,-0.0194244384765625
1760555115677818600,23.791818603515626,-1.0029449462890625,-0.0005645751953125,-0.0231781005859375
1760555115687823600,23.80182373046875,-0.9965057373046875,-0.003814697265625,-0.0192413330078125
1760555115697827600,23.81182763671875,-0.9994964599609375,-0.0065460205078125,-0.0213165283203125
1760555115707832600,23.82183251953125,-0.9969940185546875,-0.005340576171875,-0.0201568603515625
1760555115717836500,23.83183642578125,-0.9998321533203125,-0.00238037109375,-0.0213623046875
1760555115727840800,23.8418408203125,-0.9954833984375,-0.0066375732421875,-0.0202789306640625
1760555115737845800,23.851845703125,-0.996368408203125,-0.0107879638671875,-0.0226898193359375
1760555115747849700,23.861849609375,-0.998870849609375,-0.00567626953125,-0.018280029296875
1760555115757854700,23.871854736328125,-0.9981536865234375,-0.0056304931640625,-0.0172271728515625
1760555115767858400,23.8818583984375,-1.0005950927734375,-0.0058441162109375,-0.016998291015625
1760555115777862700,23.891862548828126,-0.9971771240234375,-0.0042572021484375,-0.01312255859375
1760555115787867600,23.90186767578125,-1.0016326904296875,-0.00048828125,-0.020172119140625
1760555115797871600,23.91187158203125,-0.9969024658203125,-0.0040435791015625,-0.0172882080078125
1760555115807876600,23.921876708984374,-0.9989166259765625,-0.0048065185546875,-0.01641845703125
1760555115817880600,23.931880615234373,-1.0006256103515625,0.0019073486328125,-0.0128021240234375
1760555115827884800,23.941884765625,-0.99945068359375,0.0023345947265625,-0.0080413818359375
1760555115837889800,23.951889892578127,-0.9993438720703125,-0.001129150390625,-0.0082550048828125
1760555115847893800,23.961893798828125,-0.9997100830078125,-0.00323486328125,-0.012847900390625
1760555115857898800,23.971898681640624,-0.997344970703125,-0.0051116943359375,-0.0172119140625
1760555115867902500,23.98190234375,-0.997314453125,-0.0083770751953125,-0.0163116455078125
1760555115877906700,23.99190673828125,-0.9986572265625,-0.0082855224609375,-0.0198211669921875
1760555115887911700,24.00191162109375,-0.9969940185546875,-0.0086212158203125,-0.018096923828125
1760555115897915600,24.01191552734375,-0.997650146484375,-0.0084075927734375,-0.0183868408203125
1760555115907920600,24.021920654296874,-0.9979400634765625,-0.0081329345703125,-0.021087646484375
1760555115917924600,24.031924560546877,-0.9952239990234375,-0.0113677978515625,-0.0185394287109375
1760555115927928600,24.041928466796875,-0.998443603515625,-0.007965087890625,-0.0161285400390625
1760555115937933600,24.05193359375,-0.9957427978515625,-0.0073394775390625,-0.013885498046875
1760555115947937500,24.0619375,-0.9997406005859375,-0.0037078857421875,-0.0141448974609375
1760555115957942500,24.071942626953124,-0.9989471435546875,-0.0036468505859375,-0.0128173828125
1760555115967946500,24.081946533203126,-0.9987335205078125,-0.00299072265625,-0.0165252685546875
1760555115977950500,24.091950439453125,-0.9980926513671875,-0.0026092529296875,-0.014892578125
1760555115987955500,24.10195556640625,-1.0004425048828125,-0.0023651123046875,-0.0154266357421875
1760555115997959700,24.111959716796875,-0.9981536865234375,-0.00433349609375,-0.010528564453125
1760555116007964700,24.121964599609374,-0.99969482421875,-0.00384521484375,-0.01123046875
1760555116017968600,24.13196875,-0.999176025390625,-0.0029754638671875,-0.009857177734375
1760555116027972600,24.14197265625,-0.9987640380859375,-0.0017547607421875,-0.0074005126953125
1760555116037977600,24.1519775390625,-1.0028076171875,-0.00250244140625,-0.0136260986328125
1760555116047981600,24.161981689453125,-0.9989471435546875,-0.00494384765625,-0.022491455078125
1760555116057986600,24.171986572265624,-1.0018310546875,-0.0037384033203125,-0.02374267578125
1760555116067990500,24.181990478515626,-0.9990386962890625,-0.0030517578125,-0.019805908203125
1760555116077994800,24.191994873046873,-0.997589111328125,-0.0052947998046875,-0.02215576171875
1760555116087999700,24.201999755859376,-0.99798583984375,-0.007293701171875,-0.01385498046875
1760555116098004000,24.21200390625,-0.99932861328125,-0.006103515625,-0.0082244873046875
1760555116108009000,24.222009033203125,-0.9981842041015625,-0.00836181640625,-0.010986328125
1760555116118013000,24.232012939453124,-0.9959564208984375,-0.0078277587890625,-0.0149688720703125
1760555116128016600,24.2420166015625,-0.998626708984375,-0.0074005126953125,-0.0209503173828125
1760555116138021600,24.252021728515626,-0.997894287109375,-0.005645751953125,-0.02001953125
1760555116148025900,24.26202587890625,-0.9987335205078125,-0.00384521484375,-0.02056884765625
1760555116158030800,24.27203076171875,-0.9991607666015625,-0.0030975341796875,-0.018341064453125
1760555116168034800,24.282034912109374,-0.9996490478515625,-0.0034027099609375,-0.018310546875
1760555116178039800,24.292039794921877,-0.9984130859375,-0.0030670166015625,-0.01348876953125
1760555116188043800,24.302043701171876,-0.9984130859375,-0.005828857421875,-0.011871337890625
1760555116198048000,24.312048095703126,-1.000640869140625,-0.0065460205078125,-0.0106048583984375
1760555116208053000,24.322052978515625,-1.000823974609375,-0.0067901611328125,-0.013763427734375
1760555116218057000,24.332056884765624,-0.9966278076171875,-0.0102386474609375,-0.01312255859375
1760555116228060700,24.342060791015626,-0.995941162109375,-0.0078277587890625,-0.01165771484375
1760555116238065700,24.352065673828125,-0.9978790283203125,-0.006591796875,-0.0147247314453125
1760555116248070000,24.36206982421875,-0.99810791015625,-0.0058746337890625,-0.015838623046875
1760555116258075000,24.372074951171875,-1.0009307861328125,-0.0032501220703125,-0.015899658203125
1760555116268078800,24.382078857421874,-0.9996337890625,-0.00469970703125,-0.016754150390625
1760555116278083800,24.392083740234376,-0.997711181640625,-0.0069427490234375,-0.0163116455078125
1760555116288087800,24.402087890625,-0.996246337890625,-0.0078277587890625,-0.0155792236328125
1760555116298091800,24.412091796875,-0.99822998046875,-0.009521484375,-0.01861572265625
1760555116308096800,24.4220966796875,-0.997955322265625,-0.00970458984375,-0.017303466796875
1760555116318101000,24.43210107421875,-0.99554443359375,-0.009185791015625,-0.017120361328125
1760555116328106000,24.44210595703125,-0.9977264404296875,-0.0083160400390625,-0.018341064453125
1760555116338109700,24.452109619140625,-0.9977569580078125,-0.0059051513671875,-0.011505126953125
1760555116348113700,24.46211376953125,-0.997406005859375,-0.0062103271484375,-0.0110321044921875
1760555116358118700,24.47211865234375,-1.0000762939453125,-0.0019683837890625,-0.0126800537109375
1760555116368123000,24.482122802734374,-0.99786376953125,-0.0038604736328125,-0.0098114013671875
1760555116378128000,24.4921279296875,-0.998809814453125,-0.00518798828125,-0.0108642578125
1760555116388131800,24.5021318359375,-0.9996337890625,-0.0042877197265625,-0.008392333984375
1760555116398135800,24.5121357421875,-0.9967193603515625,-0.0049896240234375,-0.0111083984375
1760555116408140800,24.522140869140625,-0.999542236328125,-0.005126953125,-0.0141448974609375
1760555116418144800,24.532144775390623,-1.0013275146484375,-0.00140380859375,-0.0129241943359375
1760555116428149800,24.542149658203126,-1.0018463134765625,0.0000762939453125,-0.0119171142578125
1760555116438153700,24.55215380859375,-0.9983367919921875,-0.00372314453125,-0.0116119384765625
1760555116448157700,24.56215771484375,-0.9984588623046875,-0.0051116943359375,-0.011749267578125
1760555116458162700,24.57216259765625,-0.9972381591796875,-0.0067901611328125,-0.0145111083984375
1760555116468167000,24.5821669921875,-0.9995269775390625,-0.0069580078125,-0.0140533447265625
1760555116478172000,24.592171875,-0.9978485107421875,-0.006256103515625,-0.016754150390625
1760555116488175900,24.60217578125,-0.998870849609375,-0.00555419921875,-0.01708984375
1760555116498179800,24.612179931640625,-1.0000457763671875,-0.0055694580078125,-0.013336181640625
1760555116508184800,24.622184814453124,-0.9987335205078125,-0.005706787109375,-0.0099639892578125
1760555116518188800,24.632188720703127,-0.9976348876953125,-0.004974365234375,-0.0095062255859375
1760555116528193800,24.64219384765625,-0.998809814453125,-0.0087432861328125,-0.0066375732421875
1760555116538197800,24.65219775390625,-0.99615478515625,-0.0120086669921875,-0.009979248046875
1760555116548201700,24.66220166015625,-0.9943389892578125,-0.0136566162109375,-0.0069580078125
1760555116558206700,24.672206787109374,-0.99658203125,-0.0117950439453125,-0.007293701171875
1760555116568211000,24.6822109375,-0.99761962890625,-0.0092315673828125,-0.0080108642578125
1760555116578216000,24.6922158203125,-0.9971771240234375,-0.0074310302734375,-0.007354736328125
1760555116588220000,24.702219970703126,-1.000640869140625,-0.0050048828125,-0.0102996826171875
1760555116598224000,24.712223876953125,-1.001129150390625,-0.0066375732421875,-0.0141448974609375
1760555116608228900,24.722228759765624,-0.9988555908203125,-0.00732421875,-0.0146484375
1760555116618232800,24.73223291015625,-1.0005950927734375,-0.0044708251953125,-0.0153656005859375
1760555116628237800,24.74223779296875,-1.0011138916015625,-0.0048980712890625,-0.0147857666015625
1760555116638241800,24.75224169921875,-1.0008392333984375,-0.0044097900390625,-0.0152130126953125
1760555116648245800,24.762245849609375,-0.9988250732421875,-0.00433349609375,-0.0128173828125
1760555116658250800,24.772250732421874,-0.9978790283203125,-0.00390625,-0.0015716552734375
1760555116668255000,24.7822548828125,-1.0020294189453125,-0.0057373046875,-0.0073699951171875
1760555116678260000,24.792260009765624,-0.99700927734375,-0.0088348388671875,-0.0072479248046875
1760555116688264000,24.802263916015626,-1.001129150390625,-0.006011962890625,-0.009613037109375
1760555116698267600,24.812267578125,-0.99420166015625,-0.0120849609375,-0.0034332275390625
1760555116708272600,24.822272705078124,-0.9978790283203125,-0.01214599609375,-0.00732421875
1760555116718276900,24.83227685546875,-0.9981842041015625,-0.0079345703125,-0.0080718994140625
1760555116728281900,24.84228173828125,-0.9968109130859375,-0.0097503662109375,-0.0106048583984375
1760555116738285800,24.852285888671876,-0.996124267578125,-0.01300048828125,-0.012542724609375
1760555116748289800,24.862289794921875,-0.9985504150390625,-0.0070953369140625,-0.0135345458984375
1760555116758294800,24.872294677734374,-0.999725341796875,-0.0040740966796875,-0.014984130859375
1760555116768298800,24.882298828125,-1.000396728515625,-0.0032501220703125,-0.01385498046875
1760555116778303700,24.8923037109375,-1.000457763671875,-0.0036163330078125,-0.0063323974609375
1760555116788308000,24.902307861328126,-1.0014190673828125,-0.00360107421875,-0.0078277587890625
1760555116798311700,24.912311767578124,-1.0028228759765625,-0.00067138671875,-0.00091552734375
1760555116808316700,24.922316650390623,-0.996429443359375,-0.005401611328125,-0.003631591796875
1760555116818320600,24.932320556640626,-1.0008697509765625,-0.00457763671875,-0.004913330078125
1760555116828325600,24.94232568359375,-1.0005950927734375,-0.0052642822265625,-0.0025482177734375
1760555116838329900,24.952329833984376,-0.9970703125,-0.0111236572265625,-0.0086212158203125
1760555116848333800,24.962333740234374,-0.99566650390625,-0.0114288330078125,-0.006927490234375
1760555116858338800,24.9723388671875,-1.0005340576171875,-0.0102081298828125,-0.013824462890625
1760555116868342800,24.9823427734375,-0.9973297119140625,-0.00927734375,-0.0122833251953125
1760555116878347800,24.99234765625,-1.0023193359375,-0.00689697265625,-0.0171356201171875
1760555116888352000,25.00235205078125,-0.9998779296875,-0.005401611328125,-0.013519287109375
1760555116898355700,25.012355712890624,-0.998382568359375,-0.0069580078125,-0.0122833251953125
1760555116908360700,25.022360595703127,-1.00054931640625,-0.0062255859375,-0.007781982421875
1760555116918364700,25.03236474609375,-0.9999542236328125,-0.0053558349609375,-0.003631591796875
1760555116928369700,25.04236962890625,-0.9979705810546875,-0.0065155029296875,0.0005035400390625
1760555116938374000,25.052373779296875,-0.99859619140625,-0.0083160400390625,0.00030517578125
1760555116948377900,25.0623779296875,-0.9990997314453125,-0.008026123046875,-0.0103912353515625
1760555116958382800,25.0723828125,-0.99932861328125,-0.006927490234375,-0.0072784423828125
1760555116968386800,25.08238671875,-0.9981536865234375,-0.00775146484375,-0.0087738037109375
1760555116978391800,25.092391845703126,-0.9970245361328125,-0.0073394775390625,-0.007110595703125
1760555116988396000,25.10239599609375,-0.9994964599609375,-0.00372314453125,-0.0093841552734375
1760555116998399700,25.112399658203124,-0.999542236328125,-0.0075531005859375,-0.00177001953125
1760555117008404700,25.12240478515625,-0.998687744140625,-0.003814697265625,-0.004425048828125
1760555117018408700,25.13240869140625,-1.001129150390625,-0.0013427734375,-0.0077056884765625
1760555117028413700,25.14241357421875,-0.999755859375,-0.0037384033203125,-0.009490966796875
1760555117038418000,25.15241796875,-0.9985198974609375,-0.0062713623046875,-0.010101318359375
1760555117048422000,25.162421875,-0.996978759765625,-0.0074005126953125,-0.005126953125
1760555117058427000,25.172427001953125,-0.9999237060546875,-0.0068206787109375,-0.001373291015625
1760555117068430800,25.182430908203123,-0.9980926513671875,-0.00787353515625,-0.0048828125
1760555117078435300,25.192435302734374,-1.0016021728515625,-0.00177001953125,-0.0062408447265625
1760555117088439300,25.202439208984377,-0.996856689453125,-0.0078582763671875,-0.0157623291015625
1760555117098443300,25.212443359375,-1.0004119873046875,-0.0087738037109375,-0.0132598876953125
1760555117108448300,25.2224482421875,-0.9982452392578125,-0.0123291015625,-0.0093536376953125
1760555117118452200,25.2324521484375,-0.9969635009765625,-0.009521484375,-0.0102996826171875
1760555117128457200,25.242457275390624,-0.996826171875,-0.00897216796875,-0.006195068359375
1760555117138461400,25.25246142578125,-0.9986419677734375,-0.0124053955078125,-0.00250244140625
1760555117148466400,25.262466552734374,-0.9936981201171875,-0.0161895751953125,-0.0076141357421875
1760555117158470400,25.272470458984376,-0.9990386962890625,-0.0107421875,-0.0152587890625
1760555117168474000,25.28247412109375,-1.00128173828125,-0.006927490234375,-0.0140838623046875
1760555117178479000,25.29247900390625,-0.9985198974609375,-0.008026123046875,-0.016937255859375
1760555117188483300,25.3024833984375,-0.9997711181640625,-0.00323486328125,-0.0075225830078125
1760555117198488300,25.31248828125,-0.99945068359375,-0.005340576171875,-0.0057830810546875
1760555117208492300,25.3224921875,-0.9983367919921875,-0.0025177001953125,-0.010986328125
1760555117218496300,25.332496337890625,-1.000335693359375,-0.000762939453125,-0.0103302001953125
1760555117228501200,25.342501220703124,-1.0001068115234375,-0.004791259765625,-0.0166473388671875
1760555117238505500,25.35250537109375,-0.9954071044921875,-0.00799560546875,-0.0172576904296875
1760555117248509400,25.362509521484377,-1.000091552734375,-0.0073394775390625,-0.02056884765625
1760555117258514400,25.372514404296876,-0.9961395263671875,-0.0088653564453125,-0.010589599609375
1760555117268518100,25.38251806640625,-0.9993438720703125,-0.0084228515625,-0.013885498046875
1760555117278523100,25.392523193359374,-0.9985198974609375,-0.008544921875,-0.0121917724609375
1760555117288527400,25.40252734375,-1.000244140625,-0.0065460205078125,-0.015411376953125
1760555117298532400,25.412532470703123,-1.000701904296875,-0.005950927734375,-0.0118865966796875
1760555117308536300,25.422536376953126,-0.99688720703125,-0.0105438232421875,-0.0142059326171875
1760555117318540300,25.432540283203124,-0.9983673095703125,-0.00872802734375,-0.01153564453125
1760555117328545300,25.442545166015623,-0.999481201171875,-0.006378173828125,-0.0087738037109375
1760555117338549200,25.45254931640625,-1.001373291015625,-0.007049560546875,-0.01055908203125
1760555117348554500,25.462554443359377,-0.9988250732421875,-0.008331298828125,-0.00811767578125
1760555117358558500,25.472558349609375,-0.9961090087890625,-0.014129638671875,-0.01348876953125
1760555117368562200,25.482562255859374,-0.996490478515625,-0.0088653564453125,-0.00909423828125
1760555117378567200,25.492567138671873,-0.9968719482421875,-0.0084381103515625,-0.0080413818359375
1760555117388571100,25.502571044921876,-0.9990386962890625,-0.0126495361328125,-0.012908935546875
1760555117398576400,25.512576416015627,-0.996795654296875,-0.0118408203125,-0.0166015625
1760555117408580400,25.522580322265625,-0.9992218017578125,-0.00946044921875,-0.020294189453125
1760555117418584300,25.532584228515624,-0.9998321533203125,-0.0101318359375,-0.0206298828125
1760555117428589300,25.54258935546875,-0.996856689453125,-0.01324462890625,-0.0237884521484375
1760555117438593300,25.55259326171875,-0.998382568359375,-0.0074615478515625,-0.019378662109375
1760555117448598300,25.562598388671876,-1.000244140625,-0.0030670166015625,-0.0171051025390625
1760555117458602500,25.5726025390625,-0.9966888427734375,-0.0115814208984375,-0.0178070068359375
1760555117468606200,25.582606201171874,-0.9962615966796875,-0.01165771484375,-0.0101165771484375
1760555117478611200,25.592611083984377,-0.9997100830078125,-0.009765625,-0.0116119384765625
1760555117488615200,25.602615234375,-0.9980926513671875,-0.0097198486328125,-0.0157470703125
1760555117498620200,25.6126201171875,-0.9980621337890625,-0.0057830810546875,-0.012481689453125
1760555117508624400,25.622624267578125,-1.0016326904296875,-0.005096435546875,-0.0193023681640625
1760555117518628400,25.63262841796875,-0.9964752197265625,-0.0071868896484375,-0.0175018310546875
1760555117528633300,25.64263330078125,-0.997894287109375,-0.010284423828125,-0.01885986328125
1760555117538637300,25.65263720703125,-1.0025787353515625,-0.0060882568359375,-0.022125244140625
1760555117548642300,25.662642333984376,-0.9982452392578125,-0.0055084228515625,-0.0175628662109375
1760555117558646300,25.672646240234375,-0.9988861083984375,-0.0097503662109375,-0.0146942138671875
1760555117568650200,25.682650146484374,-0.99871826171875,-0.005859375,-0.0123443603515625
1760555117578655200,25.6926552734375,-0.998931884765625,-0.0046539306640625,-0.01104736328125
1760555117588659200,25.7026591796875,-0.9985504150390625,-0.0067901611328125,-0.0111541748046875
1760555117598664200,25.712664306640626,-0.9991455078125,-0.0094757080078125,-0.01947021484375
1760555117608668400,25.72266845703125,-1.0005645751953125,-0.0071258544921875,-0.0191802978515625
1760555117618672400,25.73267236328125,-1.002685546875,-0.0047760009765625,-0.0234832763671875
1760555117628677400,25.742677490234374,-0.9987945556640625,-0.008148193359375,-0.021148681640625
1760555117638681300,25.752681396484373,-1.0023956298828125,-0.00494384765625,-0.02490234375
1760555117648686300,25.762686279296876,-0.9987945556640625,-0.0049591064453125,-0.022613525390625
1760555117658690300,25.772690185546875,-1.0005340576171875,-0.0056304931640625,-0.0225982666015625
1760555117668694300,25.7826943359375,-0.9998321533203125,-0.00714111328125,-0.02166748046875
1760555117678699300,25.79269921875,-0.9987030029296875,-0.005035400390625,-0.0129852294921875
1760555117688703200,25.802703125,-0.9958648681640625,-0.0106658935546875,-0.01837158203125
1760555117698708200,25.812708251953126,-0.9976348876953125,-0.0135650634765625,-0.0111083984375
1760555117708712400,25.82271240234375,-0.9966278076171875,-0.011138916015625,-0.0141754150390625
1760555117718716400,25.83271630859375,-0.99676513671875,-0.01593017578125,-0.0189971923828125
1760555117728721400,25.842721435546874,-0.99212646484375,-0.025543212890625,-0.024169921875
1760555117738725400,25.852725341796877,-0.9954071044921875,-0.0245208740234375,-0.0251312255859375
1760555117748730400,25.86273046875,-0.9944915771484375,-0.0214080810546875,-0.03094482421875
1760555117758734300,25.872734375,-0.9994354248046875,-0.0159149169921875,-0.0372467041015625
1760555117768738300,25.88273828125,-0.996185302734375,-0.0134429931640625,-0.0269317626953125
1760555117778743300,25.892743408203124,-1.0005035400390625,-0.0122222900390625,-0.0279693603515625
1760555117788747300,25.902747314453126,-0.9968109130859375,-0.0098419189453125,-0.021453857421875
1760555117798752300,25.912752197265625,-0.9997711181640625,-0.0109710693359375,-0.0163421630859375
1760555117808756200,25.922756103515624,-0.998321533203125,-0.00872802734375,-0.009429931640625
1760555117818760400,25.932760498046875,-1.000885009765625,-0.0097503662109375,-0.0102691650390625
1760555117828765400,25.942765380859374,-0.999542236328125,-0.0059661865234375,-0.008392333984375
1760555117838769200,25.95276904296875,-0.9982757568359375,-0.0108489990234375,-0.014739990234375
1760555117848774100,25.962774169921875,-1.000152587890625,-0.0086822509765625,-0.0189056396484375
1760555117858778000,25.972778076171874,-1.00299072265625,-0.00543212890625,-0.0232086181640625
1760555117868782300,25.9827822265625,-0.9979400634765625,-0.0119476318359375,-0.02239990234375
1760555117878787300,25.992787353515624,-0.9951324462890625,-0.0172576904296875,-0.0169830322265625
1760555117888791300,26.002791259765626,-0.99493408203125,-0.0190277099609375,-0.0157623291015625
1760555117898796300,26.01279638671875,-0.9949188232421875,-0.0205535888671875,-0.014495849609375
1760555117908800300,26.02280029296875,-0.9997100830078125,-0.009002685546875,-0.0131378173828125
1760555117918804500,26.032804443359375,-0.997314453125,-0.0072479248046875,-0.010894775390625
1760555117928809500,26.0428095703125,-1.0017242431640625,-0.007537841796875,-0.0186614990234375
1760555117938813200,26.052813232421876,-0.99755859375,-0.0076751708984375,-0.0166473388671875
1760555117948818200,26.062818115234375,-0.996795654296875,-0.010711669921875,-0.023956298828125
1760555117958822100,26.072822265625,-1.000457763671875,-0.00848388671875,-0.01690673828125
1760555117968826400,26.082826416015624,-1.0013427734375,-0.0059967041015625,-0.01617431640625
1760555117978831400,26.092831298828123,-0.9962005615234375,-0.01129150390625,-0.0095672607421875
1760555117988835300,26.10283544921875,-0.9996185302734375,-0.013702392578125,-0.0109100341796875
1760555117998840300,26.11284033203125,-0.9993438720703125,-0.0063018798828125,-0.0078125
1760555118008844300,26.12284423828125,-0.9978790283203125,-0.00592041015625,-0.0081329345703125
1760555118018848500,26.1328486328125,-0.9988250732421875,-0.00872802734375,-0.0096435546875
1760555118028853500,26.142853515625,-1.0018310546875,-0.0047760009765625,-0.011627197265625
1760555118038857200,26.152857177734376,-1.000244140625,-0.0050201416015625,-0.0142669677734375
1760555118048862200,26.1628623046875,-0.99822998046875,-0.00885009765625,-0.0150909423828125
1760555118058866200,26.1728662109375,-0.99945068359375,-0.0068206787109375,-0.016510009765625
1760555118068870400,26.182870361328124,-0.9978485107421875,-0.008636474609375,-0.013153076171875
1760555118078876200,26.192876220703123,-0.998016357421875,-0.013824462890625,-0.0191650390625
1760555118088880400,26.20288037109375,-1.0000152587890625,-0.01141357421875,-0.0229034423828125
1760555118098885400,26.212885498046877,-0.9979705810546875,-0.011077880859375,-0.0253753662109375
1760555118108889300,26.222889404296875,-0.998260498046875,-0.0094757080078125,-0.023406982421875
1760555118118893300,26.232893310546874,-1.0012969970703125,-0.0090179443359375,-0.0181427001953125
1760555118128898300,26.242898193359373,-0.998077392578125,-0.0100860595703125,-0.011993408203125
1760555118138902500,26.252902587890624,-0.997222900390625,-0.0113067626953125,-0.0067901611328125
1760555118148907500,26.262907470703126,-0.9985504150390625,-0.0086669921875,-0.0072784423828125
1760555118158911200,26.2729111328125,-0.997894287109375,-0.0084991455078125,-0.0107574462890625
1760555118168915200,26.282915283203124,-0.9978790283203125,-0.0106658935546875,-0.0145263671875
1760555118178920200,26.292920166015627,-0.9980621337890625,-0.0113677978515625,-0.01806640625
1760555118188924400,26.30292431640625,-0.9968414306640625,-0.0146942138671875,-0.0224609375
1760555118198929400,26.312929443359376,-0.99639892578125,-0.01422119140625,-0.022369384765625
1760555118208933400,26.322933349609375,-0.9976654052734375,-0.0120391845703125,-0.022216796875
1760555118218937300,26.332937255859374,-0.999053955078125,-0.0095977783203125,-0.016632080078125
1760555118228942300,26.3429423828125,-0.997344970703125,-0.012298583984375,-0.0141143798828125
1760555118238946300,26.3529462890625,-0.9979248046875,-0.0137786865234375,-0.01507568359375
1760555118248951300,26.362951416015626,-1.0001373291015625,-0.010650634765625,-0.0104827880859375
1760555118258955300,26.372955322265625,-0.99578857421875,-0.011260986328125,-0.009002685546875
1760555118268959200,26.382959228515624,-1.00042724609375,-0.00897216796875,-0.0085296630859375
1760555118278964200,26.392964111328126,-1.0005035400390625,-0.01263427734375,-0.006072998046875
1760555118288968400,26.402968505859373,-0.9998626708984375,-0.0104217529296875,-0.008331298828125
1760555118298973400,26.412973388671876,-0.9970703125,-0.00927734375,-0.009552001953125
1760555118308977400,26.422977294921875,-0.9998016357421875,-0.0096282958984375,-0.0154876708984375
1760555118318981400,26.4329814453125,-0.998565673828125,-0.011810302734375,-0.0171051025390625
1760555118328986400,26.442986328125,-0.9980316162109375,-0.014678955078125,-0.0193634033203125
1760555118338990300,26.452990234375,-0.9970245361328125,-0.0171661376953125,-0.0161590576171875
1760555118348995300,26.462995361328126,-1.00018310546875,-0.01055908203125,-0.013580322265625
1760555118358999300,26.472999267578125,-0.9997100830078125,-0.009033203125,-0.0131988525390625
1760555118369003300,26.483003173828124,-0.9989166259765625,-0.009124755859375,-0.0133514404296875
1760555118379008300,26.49300830078125,-1.0005645751953125,-0.009246826171875,-0.0125732421875
1760555118389012200,26.50301220703125,-0.9982147216796875,-0.00592041015625,-0.0116729736328125
1760555118399017200,26.513017333984376,-0.9994354248046875,-0.0070343017578125,-0.009613037109375
1760555118409021400,26.523021484375,-0.996551513671875,-0.0071258544921875,-0.00457763671875
1760555118419025400,26.533025390625,-0.997711181640625,-0.0120391845703125,-0.0060272216796875
1760555118429030400,26.543030517578124,-0.9960174560546875,-0.013458251953125,-0.005859375
1760555118439034000,26.5530341796875,-1.0002288818359375,-0.009735107421875,-0.0065155029296875
1760555118449039000,26.5630390625,-0.997650146484375,-0.00830078125,-0.0070648193359375
1760555118459043300,26.573043212890624,-0.99981689453125,-0.0066070556640625,-0.008453369140625
1760555118469047300,26.58304736328125,-0.997894287109375,-0.0099334716796875,-0.0109405517578125
1760555118479052300,26.59305224609375,-0.999755859375,-0.0077972412109375,-0.0081024169921875
1760555118489056300,26.60305615234375,-1.000030517578125,-0.006866455078125,-0.0076904296875
1760555118499061200,26.613061279296875,-0.997955322265625,-0.0128631591796875,-0.010040283203125
1760555118509065500,26.6230654296875,-0.9954986572265625,-0.014312744140625,-0.0108795166015625
1760555118519069200,26.633069091796877,-0.9936065673828125,-0.021514892578125,-0.0171966552734375
1760555118529074400,26.643074462890624,-0.997222900390625,-0.015533447265625,-0.0149078369140625
1760555118539078100,26.653078125,-0.99700927734375,-0.01556396484375,-0.0164337158203125
1760555118549083100,26.663083251953125,-0.998046875,-0.0129241943359375,-0.008758544921875
1760555118559087400,26.67308740234375,-0.999847412109375,-0.0076141357421875,-0.0113067626953125
1760555118569091300,26.68309130859375,-1.0027008056640625,-0.004302978515625,-0.0105743408203125
1760555118579096300,26.693096435546874,-0.997894287109375,-0.0081024169921875,-0.0090484619140625
1760555118589100300,26.703100341796876,-1.0010223388671875,-0.0107421875,-0.0122833251953125
1760555118599105300,26.713105224609375,-0.999969482421875,-0.0084381103515625,-0.011962890625
1760555118609109500,26.723109619140626,-0.9992523193359375,-0.007659912109375,-0.01995849609375
1760555118619113200,26.73311328125,-1.0007781982421875,-0.003143310546875,-0.01324462890625
1760555118629118200,26.7431181640625,-1.0034942626953125,-0.0048370361328125,-0.012908935546875
1760555118639122200,26.7531220703125,-0.998016357421875,-0.005828857421875,-0.0079498291015625
1760555118649127200,26.763127197265625,-1.0010528564453125,-0.0055999755859375,-0.007598876953125
1760555118659131400,26.77313134765625,-0.9976654052734375,-0.0115966796875,-0.0056915283203125
1760555118669135400,26.78313525390625,-0.9961395263671875,-0.010955810546875,-0.008514404296875
1760555118679140400,26.793140380859374,-0.9969940185546875,-0.0132598876953125,-0.010040283203125
1760555118689144300,26.803144287109376,-0.9967041015625,-0.0135345458984375,-0.0107574462890625
1760555118699149300,26.8131494140625,-0.9986572265625,-0.0092010498046875,-0.0144500732421875
1760555118709153500,26.823153564453126,-0.9990692138671875,-0.005279541015625,-0.0107421875
1760555118719157200,26.8331572265625,-1.0009613037109375,-0.0049285888671875,-0.0092620849609375
1760555118729162200,26.843162353515623,-0.9984130859375,-0.0085906982421875,-0.0110626220703125
1760555118739166200,26.853166259765626,-1.0032501220703125,-0.0039215087890625,-0.0179290771484375
1760555118749171200,26.863171142578125,-0.9977569580078125,-0.0061798095703125,-0.0139617919921875
1760555118759175400,26.873175537109375,-1.0014801025390625,-0.0077667236328125,-0.016265869140625
1760555118769179400,26.883179443359374,-0.9983673095703125,-0.005279541015625,-0.0106658935546875
1760555118779184400,26.893184326171873,-0.9972991943359375,-0.004730224609375,-0.007598876953125
1760555118789188400,26.903188232421876,-0.997650146484375,-0.0091400146484375,-0.0047760009765625
1760555118799193300,26.913193359375,-1.000579833984375,-0.0042877197265625,-0.0092315673828125
1760555118809197300,26.923197265625,-0.997467041015625,-0.0062255859375,-0.010894775390625
1760555118819201300,26.933201171875,-0.9984283447265625,-0.0087432861328125,-0.0101470947265625
1760555118829206300,26.943206298828127,-0.99810791015625,-0.0108642578125,-0.0127105712890625
1760555118839210200,26.953210205078125,-0.999603271484375,-0.0080108642578125,-0.0108642578125
1760555118849214200,26.963214111328124,-0.9994964599609375,-0.0083770751953125,-0.0072021484375
1760555118859219200,26.97321923828125,-0.9961090087890625,-0.010650634765625,-0.0054931640625
1760555118869223400,26.983223388671874,-0.9994354248046875,-0.0095062255859375,-0.0116424560546875
1760555118879228400,26.993228515625,-0.998016357421875,-0.00750732421875,-0.009796142578125
1760555118889232400,27.003232421875,-0.9992523193359375,-0.0069732666015625,-0.013031005859375
1760555118899237400,27.0132373046875,-0.999786376953125,-0.0031585693359375,-0.0132293701171875
1760555118909241000,27.023240966796877,-1.00030517578125,-0.0043182373046875,-0.0118865966796875
1760555118919245300,27.033245361328124,-1.00213623046875,-0.003814697265625,-0.0146636962890625
1760555118929250300,27.043250244140626,-1.00018310546875,-0.004425048828125,-0.01239013671875
1760555118939254300,27.053254150390625,-0.9956512451171875,-0.009796142578125,-0.012542724609375
1760555118949258200,27.06325830078125,-0.9972381591796875,-0.005889892578125,-0.01202392578125
1760555118959263200,27.07326318359375,-0.9983673095703125,-0.003662109375,-0.0091705322265625
1760555118969267500,27.083267333984374,-0.9964752197265625,-0.011688232421875,-0.0114898681640625
1760555118979272400,27.0932724609375,-0.9979095458984375,-0.0102996826171875,-0.0127105712890625
1760555118989276400,27.1032763671875,-0.9948272705078125,-0.009552001953125,-0.0173187255859375
1760555118999280000,27.113280029296874,-0.9962615966796875,-0.0112152099609375,-0.011566162109375
1760555119009285000,27.12328515625,-1.0009002685546875,0.000823974609375,0.0010833740234375
1760555119019289300,27.133289306640624,-0.994384765625,-0.012786865234375,-0.0077056884765625
1760555119029294300,27.14329443359375,-0.9958648681640625,-0.01611328125,-0.0003509521484375
1760555119039298300,27.15329833984375,-0.9974822998046875,0.0018768310546875,-0.0005035400390625
1760555119049302300,27.16330224609375,-1.005615234375,0.006622314453125,-0.0042877197265625
1760555119059307300,27.173307373046875,-0.999847412109375,0.00433349609375,0.0000762939453125
1760555119069311500,27.1833115234375,-1.0015716552734375,0.0041351318359375,-0.004638671875
1760555119079315700,27.193315673828124,-1.001312255859375,0.000885009765625,-0.00506591796875
1760555119089319700,27.203319580078126,-0.9994964599609375,0.001251220703125,-0.0086669921875
1760555119099323600,27.21332373046875,-0.9997406005859375,-0.00323486328125,-0.0157318115234375
1760555119109328600,27.22332861328125,-0.997406005859375,-0.0030670166015625,-0.01483154296875
1760555119119332900,27.233332763671875,-1.0006561279296875,-0.004608154296875,-0.0236053466796875
1760555119129337900,27.243337890625,-0.9974212646484375,-0.0056610107421875,-0.0226287841796875
1760555119139341600,27.253341552734376,-0.996917724609375,-0.0056304931640625,-0.01531982421875
1760555119149345500,27.263345458984375,-0.9972076416015625,-0.010833740234375,-0.0160064697265625
1760555119159350500,27.2733505859375,-0.993133544921875,-0.0096893310546875,-0.012237548828125
1760555119169354800,27.283354736328125,-1.000091552734375,-0.002532958984375,-0.0111083984375
1760555119179359700,27.29335986328125,-0.99951171875,0.00042724609375,-0.012054443359375
1760555119189363700,27.30336376953125,-0.9983673095703125,-0.000396728515625,-0.00830078125
1760555119199367700,27.31336767578125,-1.0002288818359375,0.0024261474609375,-0.010711669921875
1760555119209372700,27.32337255859375,-0.999114990234375,0.000732421875,-0.0123291015625
1760555119219377000,27.333376953125,-0.9959259033203125,-0.0066375732421875,-0.0156402587890625
1760555119229382000,27.3433818359375,-0.9989776611328125,-0.00152587890625,-0.0220794677734375
1760555119239385600,27.353385498046876,-1.0013885498046875,0.000244140625,-0.019683837890625
1760555119249389600,27.3633896484375,-0.9984588623046875,-0.00091552734375,-0.0159912109375
1760555119259394600,27.37339453125,-0.999664306640625,-0.0032806396484375,-0.0143280029296875
1760555119269398800,27.383398681640625,-0.9983367919921875,-0.00189208984375,-0.009674072265625
1760555119279403800,27.39340380859375,-0.9977874755859375,-0.004241943359375,-0.009185791015625
1760555119289407700,27.40340771484375,-0.9972381591796875,-0.00323486328125,-0.0123138427734375
1760555119299411700,27.41341162109375,-0.9972686767578125,-0.0062255859375,-0.013214111328125
1760555119309416700,27.423416748046876,-0.997222900390625,-0.0061187744140625,-0.0157012939453125
1760555119319420700,27.433420654296874,-0.99749755859375,-0.0067596435546875,-0.0174560546875
1760555119329425700,27.44342578125,-0.9960174560546875,-0.0107574462890625,-0.014739990234375
1760555119339429600,27.4534296875,-0.99658203125,-0.00799560546875,-0.015838623046875
1760555119349433600,27.46343359375,-1,-0.0051727294921875,-0.0135650634765625
1760555119359438600,27.4734384765625,-0.99932861328125,-0.001190185546875,-0.0155181884765625
1760555119369442800,27.48344287109375,-1.0014801025390625,0.00115966796875,-0.0176849365234375
1760555119379447800,27.49344775390625,-1.00067138671875,0.0052337646484375,-0.0207977294921875
1760555119389451800,27.50345166015625,-1.0030364990234375,0.00653076171875,-0.0208892822265625
1760555119399455700,27.513455810546876,-0.9981842041015625,-0.0032806396484375,-0.0176544189453125
1760555119409460700,27.523460693359375,-0.9995574951171875,-0.00152587890625,-0.02166748046875
1760555119419464700,27.533464599609374,-1.000946044921875,-0.003204345703125,-0.0223388671875
1760555119429469700,27.5434697265625,-0.996795654296875,-0.008148193359375,-0.0189056396484375
1760555119439473700,27.5534736328125,-0.99664306640625,-0.00872802734375,-0.0198211669921875
1760555119449477600,27.5634775390625,-0.9982452392578125,-0.005401611328125,-0.0208892822265625
1760555119459482600,27.573482666015625,-0.998504638671875,-0.004638671875,-0.0194854736328125
1760555119469486600,27.583486572265624,-0.99822998046875,-0.00543212890625,-0.01953125
1760555119479491600,27.59349169921875,-0.9994659423828125,-0.0030670166015625,-0.022796630859375
1760555119489495800,27.603495849609374,-1.0002593994140625,-0.001495361328125,-0.0267333984375
1760555119499499800,27.613499755859376,-0.9968719482421875,-0.0037994384765625,-0.024871826171875
1760555119509504800,27.6235048828125,-0.9961090087890625,-0.0092926025390625,-0.0216217041015625
1760555119519508500,27.633508544921874,-0.9999847412109375,-0.0052032470703125,-0.0178680419921875
1760555119529513500,27.643513427734376,-0.9934844970703125,-0.0062255859375,-0.0109710693359375
1760555119539517700,27.653517578125,-0.9996795654296875,-0.0019073486328125,-0.013519287109375
1760555119549521700,27.663521728515626,-0.999908447265625,-0.00238037109375,-0.0182952880859375
1760555119559526700,27.673526611328125,-0.9979705810546875,-0.000701904296875,-0.02667236328125
1760555119569530600,27.683530517578124,-0.9982452392578125,-0.0047149658203125,-0.032318115234375
1760555119579535600,27.69353564453125,-0.997589111328125,-0.008819580078125,-0.029052734375
1760555119589539800,27.703539794921873,-0.9970855712890625,-0.010223388671875,-0.0308380126953125
1760555119599543600,27.71354345703125,-0.99798583984375,-0.0077972412109375,-0.0265655517578125
1760555119609548500,27.723548583984375,-1.0011444091796875,-0.004364013671875,-0.0232086181640625
1760555119619552500,27.733552490234374,-0.9984130859375,-0.0002288818359375,-0.0225372314453125
1760555119629557500,27.7435576171875,-0.9981689453125,-0.0054168701171875,-0.01904296875
1760555119639561700,27.753561767578127,-0.9954833984375,-0.0076141357421875,-0.0164031982421875
1760555119649565700,27.763565673828126,-0.997650146484375,-0.007171630859375,-0.018524169921875
1760555119659570700,27.77357080078125,-0.996002197265625,-0.0128021240234375,-0.0162811279296875
1760555119669574700,27.78357470703125,-0.9972076416015625,-0.0062713623046875,-0.0160980224609375
1760555119679579600,27.79357958984375,-1.0013275146484375,-0.0042877197265625,-0.016143798828125
1760555119689583900,27.803583984375,-1.00128173828125,-0.0030975341796875,-0.0196990966796875
1760555119699587600,27.813587646484375,-0.9976654052734375,-0.004425048828125,-0.0268096923828125
1760555119709592600,27.823592529296874,-1.0032501220703125,0.0039825439453125,-0.0291748046875
1760555119719596500,27.833596435546873,-0.99853515625,0.002838134765625,-0.0239715576171875
1760555119729601500,27.8436015625,-1.00115966796875,-0.0017242431640625,-0.0236968994140625
1760555119739605800,27.853605712890626,-0.9980316162109375,-0.0007476806640625,-0.019622802734375
1760555119749609700,27.863609619140625,-1.001373291015625,0.0014495849609375,-0.01690673828125
1760555119759614700,27.87361474609375,-0.99835205078125,-0.0013427734375,-0.010528564453125
1760555119769618700,27.88361865234375,-0.998504638671875,-0.002838134765625,-0.0131988525390625
1760555119779623700,27.893623779296874,-1.000030517578125,-0.0029449462890625,-0.0155487060546875
1760555119789628000,27.9036279296875,-0.995849609375,-0.0081634521484375,-0.0136260986328125
1760555119799631600,27.913631591796875,-0.99945068359375,-0.00762939453125,-0.0166168212890625
1760555119809636600,27.92363671875,-0.9970855712890625,-0.0054168701171875,-0.0140533447265625
1760555119819640600,27.933640625,-0.9957733154296875,-0.00872802734375,-0.018890380859375
1760555119829645600,27.9436455078125,-0.995208740234375,-0.009002685546875,-0.0220489501953125
1760555119839649800,27.95364990234375,-0.995330810546875,-0.00604248046875,-0.0182952880859375
1760555119849653800,27.96365380859375,-0.9954833984375,-0.008056640625,-0.0208740234375
1760555119859658800,27.97365869140625,-0.9981536865234375,-0.002349853515625,-0.0205230712890625
1760555119869662700,27.983662841796875,-0.999114990234375,-0.00811767578125,-0.026824951171875
1760555119879667700,27.993667724609374,-0.9967498779296875,-0.008453369140625,-0.021331787109375
1760555119889671700,28.003671630859376,-0.998016357421875,-0.0029296875,-0.0180206298828125
1760555119899675600,28.013675537109375,-1.0019378662109375,-0.0010223388671875,-0.0188140869140625
1760555119909680600,28.0236806640625,-0.9993133544921875,-0.002105712890625,-0.0175018310546875
1760555119919684600,28.0336845703125,-0.9989013671875,-0.0055084228515625,-0.0186309814453125
1760555119929689600,28.043689697265624,-0.997314453125,-0.0052337646484375,-0.018768310546875
1760555119939693600,28.053693603515626,-1.0003662109375,-0.003173828125,-0.01727294921875
1760555119949697800,28.06369775390625,-0.9968719482421875,-0.008270263671875,-0.018524169921875
1760555119959702800,28.073702880859376,-1.0003662109375,-0.0046234130859375,-0.0166168212890625
1760555119969706800,28.083706787109374,-0.9993743896484375,-0.001190185546875,-0.0123138427734375
1760555119979710500,28.09371044921875,-0.9992523193359375,-0.001434326171875,-0.0151824951171875
1760555119989715500,28.103715576171876,-0.9983978271484375,-0.00421142578125,-0.015533447265625
1760555119999719700,28.1137197265625,-0.998321533203125,-0.004486083984375,-0.018585205078125
1760555120009724700,28.123724609375,-1.0014495849609375,-0.0039215087890625,-0.021026611328125
1760555120019728600,28.133728759765624,-0.9998931884765625,-0.0030364990234375,-0.0231475830078125
1760555120029733600,28.143733642578123,-0.99957275390625,-0.0047454833984375,-0.02166748046875
1760555120039737600,28.153737548828126,-0.9982147216796875,-0.005767822265625,-0.0190582275390625
1760555120049741800,28.163741943359376,-1.000885009765625,-0.004119873046875,-0.0181884765625
1760555120059746800,28.173746826171875,-1.000732421875,-0.00225830078125,-0.0152435302734375
1760555120069750800,28.183750732421874,-1.0005035400390625,-0.00408935546875,-0.0148162841796875
1760555120079754800,28.193754638671876,-0.998260498046875,-0.0040283203125,-0.01898193359375
1760555120089759700,28.203759765625,-0.9986114501953125,-0.006195068359375,-0.0187835693359375
1760555120099764000,28.213763916015626,-0.9978485107421875,-0.0075836181640625,-0.0167999267578125
1760555120109769000,28.22376904296875,-0.9987030029296875,-0.0088653564453125,-0.0188140869140625
1760555120119773000,28.23377294921875,-0.9976654052734375,-0.0078277587890625,-0.016326904296875
1760555120129776600,28.243776611328126,-0.9957275390625,-0.0138092041015625,-0.013671875
1760555120139781600,28.25378173828125,-0.9975433349609375,-0.0140228271484375,-0.0135498046875
1760555120149785900,28.263785888671876,-0.9949951171875,-0.0128631591796875,-0.011505126953125
1760555120159790800,28.273790771484375,-1.000762939453125,-0.0044403076171875,-0.01483154296875
1760555120169794800,28.283794921875,-1.0013885498046875,-0.00262451171875,-0.01141357421875
1760555120179798800,28.293798828125,-0.9977874755859375,-0.0065765380859375,-0.0132904052734375
1760555120189803800,28.3038037109375,-0.9975433349609375,-0.005523681640625,-0.009613037109375
1760555120199808000,28.31380810546875,-1.0012664794921875,-0.002838134765625,-0.0114898681640625
1760555120209813000,28.32381298828125,-0.998321533203125,-0.0050201416015625,-0.01226806640625
1760555120219817000,28.33381689453125,-0.99920654296875,-0.0048675537109375,-0.0134735107421875
1760555120229820700,28.343820556640626,-1.000030517578125,-0.007293701171875,-0.02191162109375
1760555120239825700,28.35382568359375,-0.99615478515625,-0.0050506591796875,-0.0184478759765625
1760555120249830000,28.363829833984376,-1.00189208984375,-0.0033111572265625,-0.0233612060546875
1760555120259835000,28.3738349609375,-0.999908447265625,-0.003997802734375,-0.024169921875
1760555120269838800,28.3838388671875,-0.998809814453125,-0.00408935546875,-0.0203857421875
1760555120279842800,28.3938427734375,-0.996673583984375,-0.006256103515625,-0.0140228271484375
1760555120289847800,28.403847900390623,-0.997802734375,-0.0063629150390625,-0.008056640625
1760555120299851800,28.413851806640626,-0.9946136474609375,-0.0084075927734375,-0.0107574462890625
1760555120309856800,28.423856689453125,-0.9945831298828125,-0.011810302734375,-0.0102691650390625
1760555120319860700,28.43386083984375,-0.99920654296875,-0.0035247802734375,-0.010986328125
1760555120329864700,28.44386474609375,-1.0042572021484375,0.0009765625,-0.0142059326171875
1760555120339869700,28.45386962890625,-0.9944915771484375,-0.0048065185546875,-0.012115478515625
1760555120349873700,28.463873779296875,-0.99798583984375,-0.006561279296875,-0.0103759765625
1760555120359878700,28.473878662109374,-1.0001373291015625,-0.00341796875,-0.0094757080078125
1760555120369883000,28.4838828125,-0.9976959228515625,-0.00390625,-0.004180908203125
1760555120379886800,28.493886962890624,-0.999847412109375,-0.0041961669921875,-0.005126953125
1760555120389891800,28.503891845703127,-0.997589111328125,-0.0028228759765625,-0.009368896484375
1760555120399895800,28.513895751953125,-1.000457763671875,0.0019989013671875,-0.009307861328125
1760555120409900800,28.52390087890625,-1.00152587890625,-0.00067138671875,-0.0084991455078125
1760555120419904800,28.53390478515625,-0.9996185302734375,-0.0049285888671875,-0.0106353759765625
1760555120429908700,28.54390869140625,-0.9970703125,-0.0061187744140625,-0.0105133056640625
1760555120439913700,28.553913818359376,-0.9979705810546875,-0.011199951171875,-0.0075225830078125
1760555120449917700,28.563917724609375,-0.9924163818359375,-0.0154266357421875,-0.008697509765625
1760555120459922700,28.573922607421874,-0.99859619140625,-0.0073394775390625,-0.0138397216796875
1760555120469927000,28.583927001953125,-1.001922607421875,-0.0035858154296875,-0.0133209228515625
1760555120479931000,28.593930908203124,-0.99639892578125,-0.0051422119140625,-0.0168914794921875
1760555120489936000,28.603935791015626,-0.9987030029296875,-0.0064697265625,-0.0157623291015625
1760555120499939800,28.61393994140625,-0.9976348876953125,-0.0049896240234375,-0.008026123046875
1760555120509943800,28.62394384765625,-0.9949493408203125,-0.0110626220703125,-0.00860595703125
1760555120519948800,28.63394873046875,-0.994842529296875,-0.0153350830078125,-0.00286865234375
1760555120529952800,28.643952880859374,-0.99859619140625,-0.007781982421875,-0.002166748046875
1760555120539957800,28.653957763671876,-0.998321533203125,-0.0048828125,-0.0084075927734375
1760555120549961700,28.663961669921875,-0.9991912841796875,-0.007049560546875,-0.0153656005859375
1760555120559966000,28.673966064453126,-0.997894287109375,-0.007537841796875,-0.0127716064453125
1760555120569971000,28.683970947265625,-1.002838134765625,0.0003204345703125,-0.00970458984375
1760555120579975000,28.693974853515623,-0.9958038330078125,-0.0068359375,-0.013153076171875
1760555120589980000,28.70397998046875,-0.996978759765625,-0.0084686279296875,-0.0074920654296875
1760555120599983900,28.71398388671875,-1.000762939453125,-0.003997802734375,-0.0038299560546875
1760555120609987800,28.72398779296875,-0.999053955078125,-0.0037384033203125,-0.005859375
1760555120619992800,28.733992919921874,-0.9986572265625,-0.0037689208984375,-0.0091705322265625
1760555120629996800,28.743996826171873,-1.0000762939453125,-0.0052642822265625,-0.013214111328125
1760555120640001800,28.754001708984376,-0.9949798583984375,-0.008544921875,-0.009490966796875
1760555120650005800,28.764005859375,-0.9992828369140625,-0.0106201171875,-0.0063018798828125
1760555120660010000,28.774010009765625,-0.9987335205078125,-0.010711669921875,-0.00390625
1760555120670015000,28.784014892578124,-0.9968719482421875,-0.0100250244140625,-0.0076904296875
1760555120680019000,28.79401904296875,-0.9973297119140625,-0.0131072998046875,-0.009490966796875
1760555120690024000,28.80402392578125,-0.99774169921875,-0.0090484619140625,-0.01690673828125
1760555120700027600,28.814027587890624,-0.9975738525390625,-0.0060272216796875,-0.015625
1760555120710032000,28.824031982421875,-1.0040283203125,0.0008087158203125,-0.0140838623046875
1760555120720036900,28.834036865234374,-1.00189208984375,0.0061187744140625,-0.0076141357421875
1760555120730040800,28.844040771484377,-0.9971923828125,-0.0023040771484375,-0.0039520263671875
1760555120740045800,28.8540458984375,-1.002471923828125,-0.0031585693359375,-0.004058837890625
1760555120750049800,28.8640498046875,-0.9998931884765625,0.00115966796875,-0.00372314453125
1760555120760053800,28.8740537109375,-0.99725341796875,-0.0028076171875,-0.000030517578125
1760555120770058800,28.884058837890624,-1.003387451171875,-0.0004119873046875,-0.0042572021484375
1760555120780063000,28.89406298828125,-0.9991912841796875,-0.005706787109375,-0.0098419189453125
1760555120790068000,28.90406787109375,-0.9984130859375,-0.008544921875,-0.01239013671875
1760555120800071700,28.91407177734375,-1.000244140625,-0.0086517333984375,-0.0183258056640625
1760555120810075600,28.92407568359375,-0.996826171875,-0.0112762451171875,-0.0207977294921875
1760555120820080600,28.93408056640625,-1.001739501953125,-0.0055999755859375,-0.0201873779296875
1760555120830084900,28.9440849609375,-1.000885009765625,-0.006195068359375,-0.0178680419921875
1760555120840089900,28.95408984375,-0.9947357177734375,-0.0119171142578125,-0.01483154296875
1760555120850093800,28.96409375,-0.99560546875,-0.011199951171875,-0.015838623046875
1760555120860097800,28.974097900390625,-0.99609375,-0.008453369140625,-0.0124053955078125
1760555120870102800,28.984102783203124,-0.9983062744140625,-0.0080718994140625,-0.008819580078125
1760555120880107000,28.99410693359375,-1.0006561279296875,-0.0043182373046875,-0.0075531005859375
1760555120890112000,29.004112060546873,-0.9996185302734375,-0.003662109375,-0.0059814453125
1760555120900115700,29.01411572265625,-0.9967498779296875,-0.007781982421875,-0.0034027099609375
1760555120910119700,29.02411962890625,-0.998504638671875,-0.00775146484375,-0.0093994140625
1760555120920124700,29.034124755859374,-0.997711181640625,-0.0079498291015625,-0.009765625
1760555120930129000,29.04412890625,-0.99627685546875,-0.00970458984375,-0.014495849609375
1760555120940132900,29.0541328125,-0.9966278076171875,-0.0078125,-0.0201263427734375
1760555120950137900,29.064137939453126,-0.9991912841796875,-0.008544921875,-0.0212554931640625
1760555120960141800,29.074141845703124,-0.999267578125,-0.008697509765625,-0.0157623291015625
1760555120970146800,29.084146728515623,-0.9977264404296875,-0.0062713623046875,-0.0098419189453125
1760555120980150800,29.09415087890625,-1.0010223388671875,-0.0057830810546875,-0.0120849609375
1760555120990154800,29.10415478515625,-1.000518798828125,-0.00543212890625,-0.0117340087890625
1760555121000159700,29.11415966796875,-0.99884033203125,-0.00628662109375,-0.0074615478515625
1760555121010163700,29.124163818359374,-0.9963226318359375,-0.009765625,-0.009735107421875
1760555121020168700,29.134168701171873,-0.998199462890625,-0.0074462890625,-0.0165863037109375
1760555121030173000,29.1441728515625,-0.999267578125,-0.003570556640625,-0.0119781494140625
1760555121040177000,29.154177001953126,-0.999298095703125,-0.0042266845703125,-0.0118865966796875
1760555121050182000,29.164181884765625,-0.99822998046875,-0.0071258544921875,-0.0075531005859375
1760555121060185900,29.174185791015624,-0.9991455078125,-0.005157470703125,-0.003143310546875
1760555121070190800,29.18419091796875,-0.9936676025390625,-0.0150146484375,-0.0095062255859375
1760555121080194800,29.19419482421875,-0.9937286376953125,-0.0175018310546875,-0.006500244140625
1760555121090198800,29.20419873046875,-0.9983367919921875,-0.0125274658203125,-0.0064849853515625
1760555121100203800,29.214203857421875,-0.9983673095703125,-0.0060272216796875,-0.0053253173828125
1760555121110207700,29.224207763671874,-1.0000762939453125,-0.0034942626953125,-0.008270263671875
1760555121120212700,29.234212646484377,-0.9991302490234375,-0.0044097900390625,-0.009918212890625
1760555121130217000,29.244217041015624,-0.99981689453125,-0.005126953125,-0.0132598876953125
1760555121140220700,29.254220703125,-0.99755859375,-0.01190185546875,-0.01275634765625
1760555121150225700,29.2642255859375,-0.9981842041015625,-0.0115203857421875,-0.011138916015625
1760555121160229600,29.274229736328124,-0.9991455078125,-0.0114593505859375,-0.0114898681640625
1760555121170234600,29.284234619140626,-0.998016357421875,-0.010986328125,-0.0120086669921875
1760555121180238800,29.29423876953125,-0.999847412109375,-0.009674072265625,-0.0122833251953125
1760555121190242800,29.304242919921876,-0.999267578125,-0.0049285888671875,-0.0121002197265625
1760555121200247800,29.314247802734375,-1.002777099609375,0.00030517578125,-0.009033203125
1760555121210251800,29.324251708984374,-1.000213623046875,-0.0027313232421875,-0.014190673828125
1760555121220256800,29.3342568359375,-0.9952239990234375,-0.0167999267578125,-0.0227203369140625
1760555121230260700,29.3442607421875,-0.99542236328125,-0.0142364501953125,-0.00927734375
1760555121240264700,29.3542646484375,-0.9992218017578125,-0.0133819580078125,-0.009033203125
1760555121250269700,29.364269775390625,-0.9964752197265625,-0.0133056640625,-0.00665283203125
1760555121260273700,29.374273681640624,-1.00018310546875,-0.008575439453125,-0.0050506591796875
1760555121270277600,29.384277587890626,-0.9962310791015625,-0.0110015869140625,-0.0030670166015625
1760555121280282600,29.39428271484375,-0.99755859375,-0.0126800537109375,-0.006988525390625
1760555121290286800,29.404286865234376,-0.998779296875,-0.014556884765625,-0.014739990234375
1760555121300291800,29.414291748046875,-0.997314453125,-0.009979248046875,-0.011749267578125
1760555121310295800,29.4242958984375,-0.9989776611328125,-0.009307861328125,-0.015167236328125
1760555121320299500,29.434299560546876,-0.999053955078125,-0.00970458984375,-0.01373291015625
1760555121330304500,29.444304443359375,-1.002532958984375,-0.0050201416015625,-0.01153564453125
1760555121340308700,29.454308837890625,-0.9989776611328125,-0.0035858154296875,-0.008453369140625
1760555121350313700,29.464313720703124,-0.998321533203125,-0.0064697265625,-0.0068206787109375
1760555121360317700,29.474317626953123,-1,-0.0062408447265625,-0.0101470947265625
1760555121370321700,29.48432177734375,-0.998138427734375,-0.0098114013671875,-0.0169830322265625
1760555121380326700,29.49432666015625,-0.999969482421875,-0.0053558349609375,-0.0124053955078125
1760555121390331000,29.504330810546875,-0.9979095458984375,-0.0120849609375,-0.015167236328125
1760555121400336000,29.5143359375,-0.9970703125,-0.0125885009765625,-0.012847900390625
1760555121410339800,29.52433984375,-0.998779296875,-0.0057525634765625,-0.0122833251953125
1760555121420343600,29.534343505859376,-0.99249267578125,-0.02001953125,-0.0039825439453125
1760555121430348500,29.5443486328125,-0.9972381591796875,-0.01971435546875,-0.0094146728515625
1760555121440352800,29.554352783203125,-0.9946746826171875,-0.0129852294921875,-0.01068115234375
1760555121450357800,29.564357666015624,-1.001953125,-0.010650634765625,-0.0145416259765625
1760555121460361700,29.57436181640625,-0.9984893798828125,-0.0114288330078125,-0.0095367431640625
1760555121470365700,29.58436572265625,-0.9973297119140625,-0.00665283203125,-0.0143585205078125
1760555121480370700,29.59437060546875,-1.0012359619140625,-0.0014495849609375,-0.00677490234375
1760555121490375000,29.604375,-0.998870849609375,-0.0063323974609375,-0.013397216796875
1760555121500380000,29.6143798828125,-0.9943389892578125,-0.01239013671875,-0.0157318115234375
1760555121510383900,29.6243837890625,-1.000518798828125,-0.0101318359375,-0.0200653076171875
1760555121520387600,29.6343876953125,-0.9981231689453125,-0.012054443359375,-0.02197265625
1760555121530392600,29.644392578125,-0.9963226318359375,-0.01123046875,-0.0169219970703125
1760555121540396800,29.654396728515625,-1.00048828125,-0.008148193359375,-0.014892578125
1760555121550401800,29.66440185546875,-1.000579833984375,-0.0009765625,-0.016082763671875
1760555121560405800,29.67440576171875,-0.9994964599609375,-0.0031585693359375,-0.0201416015625
1760555121570409700,29.68440966796875,-1.004364013671875,-0.0010833740234375,-0.0224609375
1760555121580414700,29.694414794921876,-1.0032958984375,0.000946044921875,-0.0193023681640625
1760555121590418700,29.704418701171875,-0.9980316162109375,-0.0056304931640625,-0.0197296142578125
1760555121600422700,29.714422607421874,-0.997772216796875,-0.0091552734375,-0.01837158203125
1760555121610427600,29.724427734375,-0.9981231689453125,-0.0103302001953125,-0.01348876953125
1760555121620431600,29.734431640625,-0.9980010986328125,-0.01104736328125,-0.0117645263671875
1760555121630436600,29.7444365234375,-0.9966888427734375,-0.01446533203125,-0.01275634765625
1760555121640440600,29.754440673828125,-0.9960784912109375,-0.0118560791015625,-0.018096923828125
1760555121650444800,29.76444482421875,-0.998321533203125,-0.010345458984375,-0.0186004638671875
1760555121660449800,29.77444970703125,-0.9974822998046875,-0.009307861328125,-0.016021728515625
1760555121670453800,29.784453857421877,-0.9955902099609375,-0.012786865234375,-0.0095672607421875
1760555121680458800,29.794458740234376,-0.9935302734375,-0.0133209228515625,-0.0074615478515625
1760555121690462700,29.804462646484374,-0.9981536865234375,-0.0103912353515625,-0.00897216796875
1760555121700466700,29.814466796875,-0.9985198974609375,-0.00634765625,-0.0103759765625
1760555121710471700,29.8244716796875,-0.998016357421875,-0.0037384033203125,-0.006195068359375
1760555121720475600,29.8344755859375,-1.0026092529296875,-0.003204345703125,-0.015167236328125
1760555121730480600,29.844480712890626,-1.0016632080078125,-0.001983642578125,-0.019073486328125
1760555121740484600,29.854484619140624,-1.0001678466796875,-0.00030517578125,-0.0200653076171875
1760555121750488800,29.86448876953125,-1.00372314453125,0.000946044921875,-0.0255126953125
1760555121760493800,29.874493896484374,-1.000091552734375,-0.002899169921875,-0.022552490234375
1760555121770497800,29.884497802734376,-0.997406005859375,-0.0082244873046875,-0.0194549560546875
1760555121780502800,29.894502685546875,-0.9999542236328125,-0.0082244873046875,-0.0174713134765625
1760555121790506800,29.9045068359375,-0.9993896484375,-0.008056640625,-0.0128173828125
1760555121800510700,29.9145107421875,-0.9951019287109375,-0.0096893310546875,-0.0068206787109375
1760555121810515700,29.924515625,-0.9989471435546875,-0.0093536376953125,-0.0093994140625
1760555121820519700,29.934519775390626,-1.0008392333984375,-0.0047607421875,-0.013153076171875
1760555121830524700,29.944524658203125,-1.0006103515625,-0.0022430419921875,-0.012725830078125
1760555121840528600,29.954528564453124,-0.9994049072265625,-0.0055084228515625,-0.0132293701171875
1760555121850532900,29.964532958984375,-0.9984130859375,-0.0074920654296875,-0.0157470703125
1760555121860537900,29.974537841796874,-0.9991912841796875,-0.006134033203125,-0.016326904296875
1760555121870541800,29.984541748046876,-0.999786376953125,-0.006591796875,-0.00726318359375
1760555121880545500,29.994545654296875,-0.9996185302734375,-0.00250244140625,-0.0085601806640625
1760555121890550500,30.004550537109374,-1.0000762939453125,-0.0040435791015625,-0.0111083984375
1760555121900554800,30.0145546875,-0.9994049072265625,-0.006561279296875,-0.01141357421875
1760555121910559700,30.024559814453124,-0.99871826171875,-0.009735107421875,-0.0131072998046875
1760555121920563700,30.034563720703126,-0.99822998046875,-0.007904052734375,-0.0082550048828125
1760555121930567700,30.044567626953125,-0.9991607666015625,-0.0093841552734375,-0.0079193115234375
1760555121940572700,30.05457275390625,-0.996856689453125,-0.012847900390625,-0.00775146484375
1760555121950577000,30.064576904296874,-0.9953765869140625,-0.0166168212890625,-0.007598876953125
1760555121960582000,30.074581787109373,-0.99774169921875,-0.0141448974609375,-0.0103912353515625
1760555121970585900,30.0845859375,-0.9979095458984375,-0.009185791015625,-0.0133514404296875
1760555121980589600,30.094589599609375,-0.9986724853515625,-0.0067138671875,-0.01849365234375
1760555121990594600,30.104594482421874,-1.0029296875,-0.00445556640625,-0.0179595947265625
1760555122000598800,30.114598876953124,-1.002227783203125,-0.00421142578125,-0.0145721435546875
1760555122010603800,30.124603759765623,-0.997528076171875,-0.00750732421875,-0.01068115234375
1760555122020607700,30.134607666015626,-0.9990081787109375,-0.0067291259765625,-0.0103912353515625
1760555122030611700,30.14461181640625,-0.9984893798828125,-0.00543212890625,-0.005218505859375
1760555122040616700,30.15461669921875,-0.9985198974609375,-0.0074615478515625,-0.0045318603515625
1760555122050620700,30.16462060546875,-0.9990386962890625,-0.0091552734375,-0.0048675537109375
1760555122060625700,30.174625732421877,-0.9985198974609375,-0.008880615234375,-0.0069122314453125
1760555122070630000,30.1846298828125,-0.998199462890625,-0.007415771484375,-0.004364013671875
1760555122080634000,30.194634033203126,-0.9987945556640625,-0.009490966796875,-0.0066070556640625
1760555122090639000,30.20463916015625,-0.999114990234375,-0.0092926025390625,-0.0124359130859375
1760555122100643000,30.21464306640625,-0.996978759765625,-0.0104522705078125,-0.0124359130859375
1760555122110647300,30.224647216796875,-0.99786376953125,-0.009307861328125,-0.01373291015625
1760555122120652300,30.23465234375,-0.9987640380859375,-0.00640869140625,-0.0111083984375
1760555122130656300,30.24465625,-0.9987030029296875,-0.0062103271484375,-0.0114593505859375
1760555122140661200,30.2546611328125,-0.9989776611328125,-0.0087890625,-0.00860595703125
1760555122150665200,30.264665283203126,-0.9992218017578125,-0.0074462890625,-0.0084075927734375
1760555122160669200,30.274669189453125,-0.9983673095703125,-0.0072021484375,-0.0072174072265625
1760555122170674200,30.284674072265624,-0.9973297119140625,-0.006500244140625,-0.009552001953125
1760555122180678100,30.29467822265625,-0.9996337890625,-0.007965087890625,-0.0171356201171875
1760555122190683100,30.30468310546875,-0.9972991943359375,-0.008026123046875,-0.017303466796875
1760555122200687000,30.31468701171875,-1.0000762939453125,-0.006988525390625,-0.01556396484375
1760555122210691300,30.32469140625,-0.99755859375,-0.0101165771484375,-0.0136566162109375
1760555122220696300,30.3346962890625,-0.996673583984375,-0.0096588134765625,-0.012176513671875
1760555122230700300,30.3447001953125,-1.000823974609375,-0.0021209716796875,-0.0076141357421875
1760555122240705300,30.354705322265627,-0.997711181640625,-0.009857177734375,-0.009613037109375
1760555122250709200,30.364709228515625,-1.00006103515625,-0.0025177001953125,-0.0015869140625
1760555122260713200,30.374713134765624,-1.0015716552734375,0.0038909912109375,-0.002288818359375
1760555122270718200,30.38471826171875,-1.000091552734375,-0.002044677734375,-0.0014801025390625
1760555122280722200,30.39472216796875,-1.0001068115234375,-0.004730224609375,0.0001220703125
1760555122290727200,30.40472705078125,-1.000518798828125,-0.0070648193359375,-0.007720947265625
1760555122300731100,30.414731201171875,-0.9964752197265625,-0.005523681640625,-0.0038604736328125
1760555122310735000,30.424735107421874,-1.000396728515625,-0.0102691650390625,-0.0126800537109375
1760555122320740000,30.434739990234377,-0.9949493408203125,-0.017242431640625,-0.011993408203125
1760555122330744300,30.444744384765624,-0.9967803955078125,-0.014801025390625,-0.01385498046875
1760555122340748000,30.454748046875,-0.99749755859375,-0.009765625,-0.0078582763671875
1760555122350753000,30.4647529296875,-0.996734619140625,-0.01043701171875,-0.0117950439453125
1760555122360757000,30.474757080078124,-0.99688720703125,-0.0089874267578125,-0.0088348388671875
1760555122370762000,30.484761962890627,-1.001922607421875,-0.0046539306640625,-0.010101318359375
1760555122380766200,30.49476611328125,-1.002655029296875,0.00115966796875,-0.00799560546875
1760555122390770200,30.504770263671876,-1.001953125,-0.000274658203125,-0.0027618408203125
1760555122400775200,30.514775146484375,-1.002105712890625,-0.0053863525390625,-0.007965087890625
1760555122410779100,30.524779052734374,-0.997802734375,-0.006591796875,-0.0051422119140625
1760555122420784000,30.5347841796875,-0.9994659423828125,-0.007049560546875,-0.0084686279296875
1760555122430788400,30.544788330078124,-0.996490478515625,-0.010406494140625,-0.0080108642578125
1760555122440792000,30.5547919921875,-0.997894287109375,-0.0089569091796875,-0.0127716064453125
1760555122450797000,30.564797119140625,-0.9960784912109375,-0.0069122314453125,-0.0085906982421875
1760555122460801000,30.574801025390624,-0.99951171875,-0.009002685546875,-0.0121307373046875
1760555122470806000,30.584805908203126,-0.996673583984375,-0.0069122314453125,-0.0088653564453125
1760555122480810200,30.594810302734373,-1.0022430419921875,-0.001708984375,-0.0093841552734375
1760555122490814200,30.604814208984376,-0.9998626708984375,-0.0052490234375,-0.008056640625
1760555122500819200,30.614819091796875,-0.9983367919921875,-0.007659912109375,-0.00543212890625
1760555122510823200,30.6248232421875,-0.9983673095703125,-0.0080108642578125,-0.0058746337890625
1760555122520828200,30.634828125,-0.998382568359375,-0.0073394775390625,-0.007293701171875
1760555122530832400,30.644832275390623,-0.999755859375,-0.006805419921875,-0.0081939697265625
1760555122540836000,30.654836181640626,-0.9998321533203125,-0.0029144287109375,-0.00640869140625
1760555122550841000,30.664841064453125,-0.998687744140625,-0.006866455078125,-0.0024566650390625
1760555122560845000,30.674844970703123,-0.997222900390625,-0.0118865966796875,-0.0021514892578125
1760555122570850000,30.68485009765625,-0.999908447265625,-0.009918212890625,-0.0111083984375
1760555122580854300,30.694854248046877,-0.9958648681640625,-0.00830078125,-0.0021209716796875
1760555122590858200,30.704858154296875,-1.000823974609375,-0.00567626953125,-0.007537841796875
1760555122600863200,30.71486328125,-0.998992919921875,-0.0109710693359375,-0.0041046142578125
1760555122610867200,30.7248671875,-0.998504638671875,-0.0115814208984375,-0.00360107421875
1760555122620872200,30.7348720703125,-0.9983062744140625,-0.0087432861328125,-0.00177001953125
1760555122630876400,30.74487646484375,-0.996429443359375,-0.011810302734375,0.0044708251953125
1760555122640880000,30.754880126953125,-0.9987945556640625,-0.0145111083984375,0.00103759765625
1760555122650885000,30.764885009765624,-0.9998779296875,-0.0086669921875,-0.0045318603515625
1760555122660889000,30.77488916015625,-0.9976348876953125,-0.00927734375,-0.006591796875
1760555122670894000,30.78489404296875,-0.9948272705078125,-0.0163726806640625,-0.0076751708984375
1760555122680898300,30.794898193359376,-0.9973602294921875,-0.01641845703125,-0.0088958740234375
1760555122690902300,30.80490234375,-0.9981536865234375,-0.01470947265625,-0.0054168701171875
1760555122700907300,30.8149072265625,-0.9940643310546875,-0.0149078369140625,-0.0029296875
1760555122710911200,30.8249111328125,-0.9995574951171875,-0.00885009765625,-0.0011444091796875
1760555122720916200,30.834916259765624,-1.0027313232421875,-0.003875732421875,-0.0047760009765625
1760555122730920200,30.844920166015626,-0.9997711181640625,-0.0045013427734375,-0.0023345947265625
1760555122740924200,30.854924072265625,-0.9970550537109375,-0.0082855224609375,0.0001983642578125
1760555122750929200,30.86492919921875,-0.99786376953125,-0.007843017578125,0.0019073486328125
1760555122760933000,30.87493310546875,-1.0011138916015625,-0.0083160400390625,0.0054473876953125
1760555122770937000,30.88493701171875,-0.9962310791015625,-0.009918212890625,0.0094757080078125
1760555122780942000,30.894942138671876,-0.9987945556640625,-0.0101165771484375,-0.0024566650390625
1760555122790946300,30.9049462890625,-0.9948272705078125,-0.0086517333984375,0.003509521484375
1760555122800951300,30.914951416015626,-1.0007781982421875,-0.01251220703125,-0.003021240234375
1760555122810955300,30.924955322265625,-0.9977569580078125,-0.0111541748046875,-0.0025482177734375
1760555122820960300,30.934960205078124,-0.9993896484375,-0.005340576171875,0.0022125244140625
1760555122830964000,30.9449638671875,-0.996490478515625,-0.0132293701171875,0.0008697509765625
1760555122840968200,30.95496826171875,-0.9954833984375,-0.0157470703125,-0.004730224609375
1760555122850973200,30.96497314453125,-0.9973907470703125,-0.0078277587890625,-0.0051727294921875
1760555122860977200,30.97497705078125,-1.004364013671875,-0.0057220458984375,-0.0111846923828125
1760555122870981000,30.984981201171873,-0.9992828369140625,-0.005401611328125,-0.007415771484375
1760555122880986000,30.994986083984376,-0.99908447265625,-0.0058135986328125,-0.0054931640625
1760555122890990300,31.004990234375,-1.000946044921875,-0.00347900390625,-0.0001983642578125
1760555122900995300,31.014995361328126,-1.00054931640625,-0.0045166015625,0.0025787353515625
1760555122910999300,31.024999267578124,-1.0013275146484375,-0.0019073486328125,0.0002899169921875
1760555122921003000,31.0350029296875,-1.00006103515625,-0.0035552978515625,-0.000335693359375
1760555122931008000,31.045008056640626,-1.0002899169921875,-0.0069122314453125,-0.006011962890625
1760555122941012200,31.05501220703125,-0.99853515625,-0.00372314453125,-0.0045623779296875
1760555122951017200,31.065017333984375,-0.999267578125,-0.007354736328125,-0.0073699951171875
1760555122961021200,31.075021240234374,-0.994537353515625,-0.0151824951171875,0.002044677734375
1760555122971025200,31.085025146484377,-0.99853515625,-0.0147247314453125,-0.000640869140625
1760555122981030100,31.095030029296876,-0.9984588623046875,-0.01202392578125,-0.0040435791015625
1760555122991034400,31.105034423828126,-0.99493408203125,-0.020782470703125,-0.0023345947265625
1760555123001039400,31.115039306640625,-0.996063232421875,-0.02117919921875,-0.0066375732421875
1760555123011043000,31.12504296875,-0.9947509765625,-0.022186279296875,-0.0066375732421875
1760555123021047000,31.135047119140626,-0.9938812255859375,-0.0230865478515625,-0.008331298828125
1760555123031052000,31.145052001953125,-0.99591064453125,-0.0160369873046875,-0.000152587890625
1760555123041056300,31.15505615234375,-0.999847412109375,-0.0123291015625,-0.003662109375
1760555123051061200,31.165061279296875,-0.9994049072265625,-0.0114288330078125,-0.001983642578125
1760555123061065200,31.175065185546874,-0.9974517822265625,-0.00921630859375,0.0004119873046875
1760555123071069200,31.185069091796876,-0.999298095703125,-0.0106048583984375,-0.00067138671875
1760555123081074000,31.195073974609375,-1.00421142578125,-0.00323486328125,-0.0128173828125
1760555123091078100,31.205078125,-0.99761962890625,-0.010498046875,-0.0133819580078125
1760555123101083100,31.215083251953125,-0.9989471435546875,-0.0107421875,-0.010223388671875
1760555123111087000,31.225087158203124,-0.9951171875,-0.0113677978515625,-0.005767822265625
1760555123121090800,31.2350908203125,-0.9969940185546875,-0.0142669677734375,-0.00836181640625
1760555123131095800,31.245095703125,-0.999847412109375,-0.0088043212890625,-0.0067138671875
1760555123141100000,31.25510009765625,-1.00189208984375,-0.0073089599609375,-0.00482177734375
1760555123151105000,31.26510498046875,-1.0013275146484375,-0.0048980712890625,-0.0045166015625
1760555123161109000,31.27510888671875,-0.999542236328125,-0.006500244140625,-0.00885009765625
1760555123171113000,31.285113037109376,-0.996246337890625,-0.010894775390625,-0.0038909912109375
1760555123181118000,31.295117919921875,-0.9962005615234375,-0.0114593505859375,-0.0033111572265625
1760555123191122200,31.3051220703125,-0.9994659423828125,-0.0118560791015625,-0.0118560791015625
1760555123201127200,31.315127197265625,-0.9953765869140625,-0.0152587890625,-0.01068115234375
1760555123211131100,31.325131103515623,-0.994537353515625,-0.0186920166015625,-0.0156707763671875
1760555123221134800,31.335134765625,-0.9986114501953125,-0.0146026611328125,-0.022430419921875
1760555123231139800,31.345139892578125,-0.9972686767578125,-0.0106964111328125,-0.01556396484375
1760555123241144000,31.35514404296875,-1.000518798828125,-0.004608154296875,-0.003143310546875
1760555123251149000,31.365149169921875,-1.0004730224609375,-0.0073394775390625,-0.00982666015625
1760555123261153000,31.375153076171873,-0.997650146484375,-0.013885498046875,-0.0106964111328125
1760555123271157000,31.385156982421876,-0.998748779296875,-0.0113525390625,-0.009552001953125
1760555123281162000,31.395161865234375,-1.0007781982421875,-0.0083465576171875,-0.013916015625
1760555123291166000,31.405166015625,-0.99578857421875,-0.0141754150390625,-0.01806640625
1760555123301170000,31.415169921875,-0.999908447265625,-0.0079803466796875,-0.0175628662109375
1760555123311175000,31.4251748046875,-0.9998931884765625,-0.002655029296875,-0.010162353515625
1760555123321179000,31.435178955078126,-1.005889892578125,0.0002593994140625,-0.0194091796875
1760555123331183900,31.445183837890625,-1.0045318603515625,0.0009765625,-0.019866943359375
1760555123341187800,31.455187744140623,-0.9994659423828125,-0.0076751708984375,-0.019378662109375
1760555123351192000,31.465192138671874,-1.0009918212890625,-0.0089111328125,-0.0186614990234375
1760555123361197000,31.475197021484377,-1.00006103515625,-0.008148193359375,-0.0129241943359375
1760555123371201000,31.485200927734375,-0.9973907470703125,-0.010833740234375,-0.0084991455078125
1760555123381206000,31.4952060546875,-0.996490478515625,-0.013092041015625,-0.003204345703125
1760555123391210000,31.5052099609375,-1.000091552734375,-0.0089111328125,-0.0087738037109375
1760555123401214000,31.5152138671875,-0.9996337890625,-0.006378173828125,-0.0079498291015625
1760555123411219000,31.525218994140626,-0.999053955078125,-0.0146636962890625,-0.0104522705078125
1760555123421223000,31.535222900390625,-0.9924163818359375,-0.015411376953125,-0.0091705322265625
1760555123431228000,31.545227783203124,-0.9954376220703125,-0.01727294921875,-0.008880615234375
1760555123441232000,31.55523193359375,-0.9974517822265625,-0.0167388916015625,-0.0119476318359375
1760555123451236000,31.565236083984374,-0.999237060546875,-0.008514404296875,-0.013092041015625
1760555123461241000,31.575240966796876,-0.9980010986328125,-0.0113677978515625,-0.01043701171875
1760555123471245000,31.5852451171875,-0.99652099609375,-0.010040283203125,-0.00701904296875
1760555123481249000,31.5952490234375,-1.001495361328125,-0.0056610107421875,-0.0109100341796875
1760555123491254000,31.60525390625,-0.997711181640625,-0.00726318359375,-0.0102386474609375
1760555123501258000,31.615258056640624,-0.999298095703125,-0.0106658935546875,-0.013153076171875
1760555123511263000,31.625262939453126,-0.999542236328125,-0.008148193359375,-0.01416015625
1760555123521267000,31.635266845703125,-1.001617431640625,-0.0077056884765625,-0.0178680419921875
1760555123531271000,31.64527099609375,-0.9976043701171875,-0.0122833251953125,-0.01934814453125
1760555123541276000,31.65527587890625,-0.9983673095703125,-0.012847900390625,-0.01776123046875
1760555123551280000,31.665280029296873,-0.9981842041015625,-0.0114288330078125,-0.0165252685546875
1760555123561285000,31.67528515625,-0.997467041015625,-0.0137176513671875,-0.0172271728515625
1760555123571289000,31.6852890625,-0.9968109130859375,-0.011322021484375,-0.0089111328125
1760555123581292800,31.695292724609374,-0.9970245361328125,-0.0136566162109375,-0.00531005859375
1760555123591297800,31.7052978515625,-0.999847412109375,-0.0086517333984375,-0.006591796875
1760555123601302000,31.715302001953123,-0.996734619140625,-0.0108489990234375,-0.0055084228515625
1760555123611306000,31.725305908203126,-0.9987335205078125,-0.0107574462890625,-0.005401611328125
1760555123621311000,31.73531103515625,-0.9992828369140625,-0.00634765625,-0.009063720703125
1760555123631315000,31.74531494140625,-0.9989776611328125,-0.00848388671875,-0.008331298828125
1760555123641320000,31.75531982421875,-1.001739501953125,-0.008331298828125,-0.00848388671875
1760555123651324200,31.76532421875,-1.00274658203125,-0.004852294921875,-0.0131683349609375
1760555123661328100,31.775328125,-0.9954986572265625,-0.0077362060546875,-0.006195068359375
1760555123671333000,31.7853330078125,-1.0045928955078125,-0.00592041015625,-0.0136871337890625
1760555123681336800,31.7953369140625,-0.997161865234375,-0.008087158203125,-0.0101165771484375
1760555123691341800,31.805341796875,-0.999603271484375,-0.0102386474609375,-0.0119171142578125
1760555123701346000,31.815345947265627,-0.999359130859375,-0.00848388671875,-0.00604248046875
1760555123711350000,31.82535009765625,-0.996429443359375,-0.0114593505859375,-0.0060882568359375
1760555123721355000,31.83535498046875,-0.99560546875,-0.01165771484375,-0.0043182373046875
1760555123731359000,31.84535888671875,-0.9979248046875,-0.0100250244140625,-0.001983642578125
1760555123741363000,31.855363037109374,-1.00006103515625,-0.0107879638671875,-0.0063934326171875
1760555123751368000,31.865367919921876,-0.997406005859375,-0.010040283203125,-0.0077362060546875
1760555123761372200,31.8753720703125,-1.000823974609375,-0.0103302001953125,-0.010040283203125
1760555123771377200,31.885377197265626,-0.998046875,-0.0097503662109375,-0.0078125
1760555123781380900,31.895380859375,-0.99981689453125,-0.00823974609375,-0.0097198486328125
1760555123791384800,31.905384765625,-0.99951171875,-0.0093841552734375,-0.00592041015625
1760555123801389800,31.915389892578126,-0.9987030029296875,-0.0123138427734375,-0.008758544921875
1760555123811394000,31.92539404296875,-0.998016357421875,-0.010986328125,-0.009063720703125
1760555123821399000,31.93539892578125,-0.998779296875,-0.0095672607421875,-0.010650634765625
1760555123831403000,31.945403076171875,-0.998016357421875,-0.0172576904296875,-0.0124359130859375
1760555123841407000,31.955406982421874,-0.997100830078125,-0.019317626953125,-0.0228729248046875
1760555123851412000,31.965411865234376,-0.99627685546875,-0.011810302734375,-0.01123046875
1760555123861416000,31.975416015625,-1.0001983642578125,-0.010223388671875,-0.0124053955078125
1760555123871420000,31.985419921875,-1.0008087158203125,-0.0082244873046875,-0.0122528076171875
1760555123881425000,31.9954248046875,-1.000091552734375,-0.004608154296875,-0.0081787109375
1760555123891428900,32.00542895507812,-1.0016632080078125,-0.003936767578125,-0.0082244873046875
1760555123901433900,32.015433837890626,-0.999725341796875,-0.0047454833984375,-0.006195068359375
1760555123911438000,32.02543798828125,-1.002960205078125,-0.00421142578125,-0.009918212890625
1760555123921442000,32.035442138671876,-0.999786376953125,-0.0073089599609375,-0.007598876953125
1760555123931447000,32.04544702148438,-0.999267578125,-0.0088348388671875,-0.009521484375
1760555123941451000,32.05545092773438,-1.0000457763671875,-0.0068359375,-0.0129241943359375
1760555123951456000,32.0654560546875,-1.0012969970703125,-0.0080718994140625,-0.0143280029296875
1760555123961460000,32.0754599609375,-0.99908447265625,-0.0116424560546875,-0.0142974853515625
1760555123971464000,32.0854638671875,-0.9998321533203125,-0.0100555419921875,-0.0115203857421875
1760555123981469000,32.095468994140624,-0.997802734375,-0.009552001953125,-0.00872802734375
1760555123991473000,32.10547290039062,-0.9959564208984375,-0.0143890380859375,-0.005401611328125
1760555124001477000,32.11547705078125,-1.0006103515625,-0.0098114013671875,-0.011016845703125
1760555124011482000,32.125482177734376,-0.9986572265625,-0.0119171142578125,-0.011688232421875
1760555124021486000,32.135486083984375,-0.9965972900390625,-0.0162200927734375,-0.0135040283203125
1760555124031491000,32.14549096679688,-0.9977569580078125,-0.01318359375,-0.014892578125
1760555124041495000,32.1554951171875,-1.001220703125,-0.0113067626953125,-0.0189056396484375
1760555124051499000,32.1654990234375,-0.9972991943359375,-0.014251708984375,-0.0093841552734375
1760555124061504000,32.17550390625,-0.9969329833984375,-0.014923095703125,-0.0097503662109375
1760555124071508000,32.18550805664062,-0.9995574951171875,-0.0094451904296875,-0.009796142578125
1760555124081515500,32.195515625,-1.0029754638671875,-0.0041961669921875,-0.0145263671875
1760555124091519500,32.20551953125,-1.000518798828125,-0.008697509765625,-0.017059326171875
1760555124101523700,32.215523681640626,-0.996826171875,-0.0097198486328125,-0.010009765625
1760555124111528700,32.22552880859375,-0.9968414306640625,-0.01446533203125,-0.0081329345703125
1760555124121532700,32.23553271484375,-0.99444580078125,-0.020172119140625,-0.007415771484375
1760555124131536400,32.245536376953126,-0.9950714111328125,-0.0171966552734375,-0.0066070556640625
1760555124141541400,32.25554125976562,-1.000946044921875,-0.0131683349609375,-0.010528564453125
1760555124151545600,32.26554565429687,-1.0009613037109375,-0.010528564453125,-0.012054443359375
1760555124161550600,32.275550537109375,-0.9990081787109375,-0.0110015869140625,-0.01416015625
1760555124171554600,32.28555444335937,-1.000030517578125,-0.01263427734375,-0.01910400390625
1760555124181558500,32.29555859375,-1.0004425048828125,-0.011810302734375,-0.0191650390625
1760555124191563500,32.3055634765625,-0.9977264404296875,-0.0160980224609375,-0.0196075439453125
1760555124201567700,32.315567626953126,-0.9957122802734375,-0.0180816650390625,-0.010284423828125
1760555124211572700,32.32557275390625,-0.99554443359375,-0.0127410888671875,0.0005340576171875
1760555124221576400,32.33557641601563,-1.0018310546875,-0.008331298828125,-0.003204345703125
1760555124231580400,32.345580322265626,-1.0015106201171875,-0.0087127685546875,-0.000823974609375
1760555124241585400,32.35558544921875,-0.9987030029296875,-0.011810302734375,-0.0029144287109375
1760555124251589600,32.36558959960937,-0.9964752197265625,-0.0191650390625,-0.0113677978515625
1760555124261593600,32.37559350585938,-0.9996185302734375,-0.0132293701171875,-0.017120361328125
1760555124271598600,32.3855986328125,-1.0025634765625,-0.00677490234375,-0.0178375244140625
1760555124281602600,32.3956025390625,-1.0004425048828125,-0.0101470947265625,-0.016693115234375
1760555124291607600,32.40560766601563,-0.999847412109375,-0.0118560791015625,-0.0124969482421875
1760555124301611800,32.41561181640625,-0.99749755859375,-0.01800537109375,-0.0049285888671875
1760555124311615500,32.425615478515624,-0.99652099609375,-0.0197601318359375,-0.010711669921875
1760555124321620500,32.43562036132813,-0.9923858642578125,-0.0276947021484375,-0.0072479248046875
1760555124331624400,32.44562451171875,-0.993408203125,-0.0244903564453125,-0.00640869140625
1760555124341628700,32.455628662109376,-0.9985198974609375,-0.017181396484375,-0.0085906982421875
1760555124351633700,32.46563354492187,-0.998687744140625,-0.013519287109375,-0.0064849853515625
1760555124361637600,32.4756376953125,-0.9972686767578125,-0.00994873046875,-0.004730224609375
1760555124371642600,32.485642578125,-0.999908447265625,-0.0084075927734375,-0.0034942626953125
1760555124381646600,32.495646484375,-1.00048828125,-0.01080322265625,-0.003173828125
1760555124391650600,32.50565063476562,-1.002105712890625,-0.0108489990234375,-0.0073089599609375
1760555124401655600,32.515655517578125,-0.995758056640625,-0.0151519775390625,-0.0019683837890625
1760555124411659500,32.525659423828124,-0.99871826171875,-0.009429931640625,-0.003936767578125
1760555124421664500,32.53566455078125,-1.001953125,-0.01080322265625,-0.0068206787109375
1760555124431668500,32.54566845703125,-0.99920654296875,-0.0117340087890625,-0.0037689208984375
1760555124441672400,32.55567236328125,-0.998779296875,-0.0159149169921875,-0.0044097900390625
1760555124451677400,32.56567749023438,-0.9969635009765625,-0.0168609619140625,-0.0028076171875
1760555124461681700,32.575681640625,-1.0001983642578125,-0.0113525390625,-0.00372314453125
1760555124471685600,32.585685546875,-0.9990081787109375,-0.0117950439453125,-0.0042877197265625
1760555124481690600,32.59569067382812,-0.9978790283203125,-0.0152130126953125,-0.0057220458984375
1760555124491694300,32.6056943359375,-0.9982452392578125,-0.0139312744140625,-0.0050048828125
1760555124501699300,32.61569921875,-0.9982147216796875,-0.012176513671875,-0.00341796875
1760555124511703600,32.62570361328125,-0.9978790283203125,-0.016998291015625,-0.0019989013671875
1760555124521707500,32.63570751953125,-0.99444580078125,-0.0207061767578125,-0.00177001953125
1760555124531712500,32.64571240234375,-0.995819091796875,-0.0194549560546875,0.0020751953125
1760555124541716500,32.655716552734376,-0.9984130859375,-0.0186920166015625,-0.0031280517578125
1760555124551720700,32.665720703125,-0.9995269775390625,-0.0148773193359375,-0.0046844482421875
1760555124561725700,32.6757255859375,-1.0002593994140625,-0.011322021484375,-0.004913330078125
1760555124571729700,32.68572973632813,-1.0002593994140625,-0.0107574462890625,-0.0070037841796875
1760555124581734700,32.69573461914062,-1.0001220703125,-0.01409912109375,-0.00360107421875
1760555124591738400,32.70573828125,-0.999847412109375,-0.01470947265625,-0.006195068359375
1760555124601742600,32.71574267578125,-0.9977264404296875,-0.020355224609375,-0.0087432861328125
1760555124611747600,32.72574755859375,-0.9976348876953125,-0.0175628662109375,-0.011444091796875
1760555124621751600,32.73575146484375,-1.000885009765625,-0.014373779296875,-0.01483154296875
1760555124631755500,32.74575561523437,-0.9989471435546875,-0.0152587890625,-0.011566162109375
1760555124641760500,32.755760498046875,-1.0003509521484375,-0.013427734375,-0.0130767822265625
1760555124651764700,32.7657646484375,-1.0008544921875,-0.0102996826171875,-0.0080108642578125
1760555124661769700,32.77576977539063,-0.997772216796875,-0.0140533447265625,-0.00262451171875
1760555124671773700,32.78577368164063,-0.9988861083984375,-0.015167236328125,-0.0051422119140625
1760555124681777400,32.79577734375,-1.0014190673828125,-0.01220703125,-0.0058441162109375
1760555124691782400,32.80578247070312,-0.9996185302734375,-0.0132904052734375,0.0014495849609375
1760555124701786600,32.81578662109375,-0.9982147216796875,-0.014373779296875,0.003753662109375
1760555124711791600,32.82579150390625,-0.999481201171875,-0.01422119140625,-0.0042724609375
1760555124721795600,32.835795654296874,-0.9994659423828125,-0.0178375244140625,-0.0043792724609375
1760555124731799600,32.84579956054687,-0.99786376953125,-0.0196380615234375,-0.0089263916015625
1760555124741804500,32.855804443359375,-0.9994659423828125,-0.019012451171875,-0.01629638671875
1760555124751808800,32.865808837890626,-1.002197265625,-0.0110626220703125,-0.01397705078125
1760555124761812500,32.8758125,-0.999755859375,-0.016815185546875,-0.0139617919921875
1760555124771817500,32.8858173828125,-0.9994964599609375,-0.014251708984375,-0.01385498046875
1760555124781821400,32.895821533203126,-0.9987640380859375,-0.015167236328125,-0.0048370361328125
1760555124791826400,32.90582641601563,-0.9990081787109375,-0.017181396484375,-0.0118560791015625
1760555124801830700,32.91583056640625,-0.9931182861328125,-0.032379150390625,-0.0125579833984375
1760555124811834600,32.92583471679688,-0.995880126953125,-0.0252685546875,-0.0096435546875
1760555124821839600,32.93583959960937,-0.996429443359375,-0.0222015380859375,-0.00714111328125
1760555124831843600,32.94584350585937,-0.996246337890625,-0.0193939208984375,-0.0068817138671875
1760555124841848600,32.9558486328125,-0.998809814453125,-0.014190673828125,-0.0037994384765625
1760555124851852500,32.9658525390625,-1.0017242431640625,-0.009765625,-0.00390625
1760555124861856500,32.9758564453125,-1.0005340576171875,-0.0126495361328125,-0.0074310302734375
1760555124871861500,32.98586157226563,-0.9986114501953125,-0.0137786865234375,-0.0064239501953125
1760555124881865500,32.995865478515626,-0.9994049072265625,-0.0154876708984375,-0.0035247802734375
1760555124891869400,33.005869384765624,-0.999786376953125,-0.01678466796875,-0.0066986083984375
1760555124901874400,33.01587451171875,-0.9984588623046875,-0.0133819580078125,-0.0034637451171875
1760555124911878700,33.02587866210938,-0.99853515625,-0.013763427734375,-0.0014801025390625
1760555124921883600,33.03588354492187,-1.0046234130859375,-0.006439208984375,0.0027618408203125
1760555124931887600,33.0458876953125,-1.0001373291015625,-0.01092529296875,0.0014801025390625
1760555124941891600,33.0558916015625,-0.999786376953125,-0.017120361328125,-0.003082275390625
1760555124951896600,33.065896484375,-0.9978485107421875,-0.0215911865234375,-0.005401611328125
1760555124961900500,33.075900634765624,-0.995147705078125,-0.0267791748046875,-0.007232666015625
1760555124971904500,33.08590454101562,-0.994842529296875,-0.0300445556640625,-0.0124969482421875
1760555124981909500,33.095909423828125,-0.9959716796875,-0.0260467529296875,-0.01287841796875
1760555124991913500,33.10591357421875,-0.996307373046875,-0.0223846435546875,-0.009033203125
1760555125001918500,33.11591845703125,-0.999603271484375,-0.016265869140625,-0.0093231201171875
1760555125011922700,33.12592260742188,-1.0010528564453125,-0.0157470703125,-0.004791259765625
1760555125021926700,33.1359267578125,-1.001434326171875,-0.0124664306640625,-0.0047454833984375
1760555125031931600,33.145931640625,-0.9998321533203125,-0.0164794921875,-0.0038299560546875
1760555125041935400,33.15593530273438,-1.0013885498046875,-0.0145111083984375,-0.003173828125
1760555125051939600,33.16593969726563,-0.99871826171875,-0.014739990234375,-0.004913330078125
1760555125061944600,33.175944580078124,-0.998382568359375,-0.0166473388671875,0.0013275146484375
1760555125071948500,33.18594848632812,-1.000213623046875,-0.014801025390625,0.00018310546875
1760555125081952000,33.19595190429688,-1.002471923828125,-0.0150299072265625,-0.0078582763671875
1760555125091956200,33.20595629882813,-0.99639892578125,-0.0234527587890625,-0.0107269287109375
1760555125101960000,33.2159599609375,-0.99566650390625,-0.0283355712890625,-0.0158233642578125
1760555125111965200,33.22596508789063,-0.9968414306640625,-0.0220794677734375,-0.01708984375
1760555125121969000,33.23596899414063,-0.9991912841796875,-0.0214996337890625,-0.0110015869140625
1760555125131974000,33.24597387695312,-0.9973297119140625,-0.0240631103515625,-0.0079345703125
1760555125141978000,33.25597802734375,-0.9945220947265625,-0.0239410400390625,-0.00421142578125
1760555125151982000,33.26598217773437,-0.994964599609375,-0.0225372314453125,-0.0008392333984375
1760555125161987000,33.275987060546875,-0.99774169921875,-0.0189361572265625,-0.0015411376953125
1760555125171991000,33.285990966796874,-0.9970703125,-0.020294189453125,0.0009918212890625
1760555125181995300,33.295995361328124,-0.995849609375,-0.0197906494140625,-0.0043487548828125
1760555125192000300,33.30600024414063,-1.00225830078125,-0.01287841796875,-0.0082855224609375
1760555125202004000,33.31600390625,-1.00115966796875,-0.010498046875,-0.009063720703125
1760555125212009000,33.32600903320313,-1.0011444091796875,-0.013519287109375,-0.0109405517578125
1760555125222013000,33.33601293945313,-1.00201416015625,-0.0165252685546875,-0.0163421630859375
1760555125232017200,33.34601708984375,-0.99969482421875,-0.015899658203125,-0.013214111328125
1760555125242022100,33.35602221679687,-1.000244140625,-0.0145263671875,-0.0139312744140625
1760555125252026000,33.36602612304687,-0.99835205078125,-0.019805908203125,-0.013031005859375
1760555125262030000,33.37603002929688,-0.9968109130859375,-0.022247314453125,-0.00860595703125
1760555125272035000,33.38603515625,-0.9978179931640625,-0.0196075439453125,-0.010467529296875
1760555125282039000,33.3960390625,-0.9984588623046875,-0.01751708984375,-0.0128936767578125
1760555125292044300,33.40604418945313,-0.9951934814453125,-0.021942138671875,-0.0030364990234375
1760555125302048000,33.416048095703125,-0.99560546875,-0.025238037109375,-0.0037994384765625
1760555125312052000,33.426052001953124,-0.99688720703125,-0.0229339599609375,-0.0056915283203125
1760555125322057000,33.43605688476563,-0.993743896484375,-0.025421142578125,0.00958251953125
1760555125332061000,33.44606103515625,-0.9958038330078125,-0.0196075439453125,-0.00225830078125
1760555125342066200,33.45606616210937,-1.004730224609375,-0.0128631591796875,-0.01397705078125
1760555125352070100,33.46607006835937,-1.000152587890625,-0.0166473388671875,-0.0091705322265625
1760555125362074000,33.47607421875,-1.000091552734375,-0.0116424560546875,-0.0166778564453125
1760555125372079000,33.4860791015625,-1.0003814697265625,-0.013702392578125,-0.014312744140625
1760555125382083000,33.4960830078125,-0.9983978271484375,-0.017486572265625,-0.0111846923828125
1760555125392087000,33.50608715820312,-1.002716064453125,-0.01025390625,-0.01763916015625
1760555125402092000,33.516092041015625,-0.9977264404296875,-0.0161285400390625,-0.0058746337890625
1760555125412096000,33.526095947265624,-0.9980926513671875,-0.0166015625,-0.0037689208984375
1760555125422101000,33.53610107421875,-0.9997100830078125,-0.0141754150390625,-0.003448486328125
1760555125432105000,33.54610498046875,-0.99786376953125,-0.013946533203125,0.0089111328125
1760555125442109200,33.556109130859376,-0.998016357421875,-0.0120849609375,0.0009613037109375
1760555125452114200,33.5661142578125,-1.001190185546875,-0.0122833251953125,-0.0082244873046875
1760555125462118100,33.5761181640625,-1.0017852783203125,-0.009918212890625,-0.0012359619140625
1760555125472121900,33.586121826171876,-0.99835205078125,-0.016876220703125,-0.0037384033203125
1760555125482126800,33.596126953125,-0.9948272705078125,-0.0259552001953125,-0.00665283203125
1760555125492131000,33.60613110351562,-0.992462158203125,-0.029449462890625,-0.001800537109375
1760555125502136000,33.616135986328125,-0.992462158203125,-0.0299072265625,-0.0052947998046875
1760555125512140000,33.62614013671875,-0.992645263671875,-0.0279083251953125,-0.0077667236328125
1760555125522144000,33.63614404296875,-0.9967498779296875,-0.0214080810546875,-0.0070343017578125
1760555125532149000,33.64614892578125,-0.9969482421875,-0.016143798828125,-0.0055389404296875
1760555125542153200,33.6561533203125,-0.997406005859375,-0.016357421875,-0.00689697265625
1760555125552158200,33.666158203125,-1.0036468505859375,-0.0113067626953125,-0.01275634765625
1760555125562162200,33.676162109375,-1.004058837890625,-0.0020599365234375,-0.0072021484375
1760555125572166000,33.686165771484376,-0.9960479736328125,-0.010986328125,0.001617431640625
1760555125582171000,33.6961708984375,-1.001190185546875,-0.0143585205078125,0.000152587890625
1760555125592175000,33.70617504882812,-1.0023040771484375,-0.0088043212890625,0.00140380859375
1760555125602179000,33.71617895507813,-0.9988250732421875,-0.01190185546875,0.0059967041015625
1760555125612184000,33.72618408203125,-0.995849609375,-0.0176849365234375,-0.003448486328125
1760555125622188000,33.73618798828125,-0.9996337890625,-0.0157318115234375,-0.0096282958984375
1760555125632193000,33.74619311523438,-1.0004425048828125,-0.0145721435546875,-0.00616455078125
1760555125642197200,33.756197265625,-0.998443603515625,-0.0129241943359375,0.0006103515625
1760555125652201200,33.766201171875,-0.9988250732421875,-0.014862060546875,0.0035858154296875
1760555125662206200,33.77620629882812,-0.995635986328125,-0.0176849365234375,0.005401611328125
1760555125672210000,33.7862099609375,-0.9933013916015625,-0.0193939208984375,0.003997802734375
1760555125682214100,33.796214111328126,-0.9955902099609375,-0.02301025390625,-0.0025634765625
1760555125692219100,33.80621923828125,-1.0041046142578125,-0.0081024169921875,-0.0195770263671875
1760555125702223000,33.81622314453125,-1.004852294921875,-0.0043182373046875,-0.0143890380859375
1760555125712228000,33.82622802734375,-1.001068115234375,-0.00421142578125,-0.0057525634765625
1760555125722232000,33.836232177734374,-1.0047454833984375,-0.00390625,-0.0071258544921875
1760555125732236000,33.84623608398437,-1.0023345947265625,-0.002288818359375,-0.0050506591796875
1760555125742241000,33.856240966796875,-1.0001983642578125,-0.009246826171875,-0.006103515625
1760555125752245000,33.866244873046874,-0.999725341796875,-0.013031005859375,-0.0086669921875
1760555125762249000,33.8762490234375,-0.9965362548828125,-0.013336181640625,-0.0069427490234375
1760555125772254000,33.88625390625,-0.9983367919921875,-0.0130157470703125,-0.0076446533203125
1760555125782258000,33.8962578125,-0.9982452392578125,-0.0120849609375,-0.0016937255859375
1760555125792263000,33.90626293945313,-0.997406005859375,-0.013275146484375,0.001922607421875
1760555125802267100,33.91626708984375,-0.9974365234375,-0.0146026611328125,0.0034027099609375
1760555125812271000,33.92627099609375,-0.9954681396484375,-0.016387939453125,0.0076751708984375
1760555125822276000,33.93627612304687,-0.99688720703125,-0.0171966552734375,-0.00067138671875
1760555125832280000,33.94628002929687,-0.9975128173828125,-0.0166778564453125,-0.001800537109375
1760555125842284000,33.95628393554688,-0.9942474365234375,-0.020477294921875,0.0001068115234375
1760555125852289000,33.9662890625,-1.0013580322265625,-0.012237548828125,-0.0086822509765625
1760555125862293000,33.97629296875,-1.0006866455078125,-0.0055694580078125,0.000946044921875
1760555125872298000,33.98629809570313,-1.001495361328125,-0.005706787109375,-0.0002288818359375
1760555125882302000,33.996302001953126,-1.001708984375,-0.0070648193359375,-0.004241943359375
1760555125892306200,34.00630615234375,-0.99822998046875,-0.009979248046875,-0.00311279296875
1760555125902311200,34.01631127929687,-1.0026397705078125,-0.0072021484375,-0.0103759765625
1760555125912315100,34.02631518554688,-0.999481201171875,-0.010955810546875,-0.012359619140625
1760555125922320100,34.03632006835937,-0.9991912841796875,-0.0139617919921875,-0.0173492431640625
1760555125932324000,34.04632397460937,-0.994964599609375,-0.018707275390625,-0.009490966796875
1760555125942328000,34.056328125,-0.9948577880859375,-0.022216796875,-0.0059967041015625
1760555125952333000,34.0663330078125,-0.9933319091796875,-0.019744873046875,0.0040740966796875
1760555125962337000,34.0763369140625,-0.994781494140625,-0.0213775634765625,0.0036468505859375
1760555125972341000,34.08634106445312,-0.9982147216796875,-0.014251708984375,-0.00146484375
1760555125982346000,34.096345947265625,-1.001312255859375,-0.0044403076171875,-0.0021209716796875
1760555125992350200,34.10635009765625,-1.0030670166015625,-0.0030059814453125,-0.00848388671875
1760555126002355200,34.11635522460937,-1.00018310546875,-0.0054931640625,-0.005096435546875
1760555126012359200,34.12635913085938,-0.99798583984375,-0.0145263671875,-0.0032806396484375
1760555126022363000,34.13636279296875,-0.9954681396484375,-0.0157928466796875,-0.0045318603515625
1760555126032367900,34.14636791992187,-0.9964447021484375,-0.0137176513671875,-0.00421142578125
1760555126042372000,34.1563720703125,-1.00115966796875,-0.01287841796875,-0.002532958984375
1760555126052377000,34.166377197265625,-0.9935760498046875,-0.0139617919921875,-0.004913330078125
1760555126062381000,34.176381103515624,-0.999664306640625,-0.0112457275390625,-0.00860595703125
1760555126072385000,34.18638500976562,-1.0043182373046875,-0.00079345703125,-0.0073394775390625
1760555126082388500,34.19638842773438,-0.9978790283203125,-0.009521484375,-0.008026123046875
1760555126092392200,34.20639208984375,-0.9976806640625,-0.01361083984375,-0.0110626220703125
1760555126102396200,34.216396240234374,-0.99749755859375,-0.0091552734375,-0.0115509033203125
1760555126112401200,34.22640112304688,-0.999664306640625,-0.0055084228515625,-0.0116729736328125
1760555126122405400,34.2364052734375,-1.0012359619140625,-0.005828857421875,-0.003265380859375
1760555126132410400,34.24641040039062,-0.9975433349609375,-0.00555419921875,-0.0033416748046875
1760555126142414300,34.25641430664062,-1.00054931640625,-0.005859375,-0.007171630859375
1760555126152418300,34.26641821289063,-0.9996185302734375,-0.0092010498046875,-0.004058837890625
1760555126162423300,34.27642333984375,-0.9986724853515625,-0.0117645263671875,-0.0094146728515625
1760555126172427500,34.286427490234374,-0.99774169921875,-0.01654052734375,-0.0110015869140625
1760555126182431200,34.29643115234375,-0.9971160888671875,-0.0131988525390625,-0.0092926025390625
1760555126192436200,34.306436279296875,-0.9959564208984375,-0.0111083984375,-0.010650634765625
1760555126202440200,34.316440185546874,-0.997161865234375,-0.0143280029296875,-0.00439453125
1760555126212445200,34.32644506835938,-0.992828369140625,-0.016632080078125,-0.0016021728515625
1760555126222449400,34.33644946289063,-1.000274658203125,-0.005767822265625,0.0033721923828125
1760555126232453400,34.346453369140626,-1.0010528564453125,-0.00408935546875,0.0015869140625
1760555126242458400,34.35645825195313,-1.00030517578125,-0.003875732421875,0.0009765625
1760555126252462300,34.36646240234375,-1.0067901611328125,0.0048980712890625,0.000640869140625
1760555126262466300,34.37646630859375,-0.9974517822265625,-0.0046539306640625,-0.005828857421875
1760555126272471600,34.38647143554687,-1.0018157958984375,-0.00665283203125,-0.0048828125
1760555126282475300,34.39647534179687,-0.997314453125,-0.009613037109375,-0.0015411376953125
1760555126292480300,34.406480224609375,-0.992645263671875,-0.0180206298828125,-0.0081329345703125
1760555126302484200,34.416484130859374,-0.9979705810546875,-0.01300048828125,-0.004669189453125
1760555126312488200,34.42648828125,-0.997833251953125,-0.0030517578125,-0.0075225830078125
1760555126322493400,34.43649340820313,-1.00164794921875,0.00030517578125,-0.0092010498046875
1760555126332497400,34.446497314453126,-1.002471923828125,-0.0016632080078125,-0.00762939453125
1760555126342501400,34.45650146484375,-0.9983367919921875,-0.004974365234375,-0.0070343017578125
1760555126352506400,34.46650634765625,-0.997589111328125,-0.0092010498046875,-0.001922607421875
1760555126362510000,34.476510009765626,-0.995269775390625,-0.0135040283203125,-0.0028533935546875
1760555126372515300,34.48651538085937,-0.99554443359375,-0.0122528076171875,0.0007476806640625
1760555126382519300,34.49651928710937,-1.0015716552734375,-0.0081634521484375,-0.004852294921875
1760555126392523300,34.50652319335938,-0.9996185302734375,-0.00531005859375,-0.010650634765625
1760555126402528300,34.5165283203125,-0.9971160888671875,-0.0062103271484375,-0.0068511962890625
1760555126412532200,34.5265322265625,-1.0009765625,-0.004638671875,-0.007415771484375
1760555126422536400,34.53653637695312,-1.0011444091796875,-0.0027618408203125,0.0010833740234375
1760555126432541400,34.54654150390625,-0.998504638671875,-0.0022430419921875,0.0076904296875
1760555126442545400,34.55654541015625,-0.9991302490234375,-0.0009613037109375,0.0079345703125
1760555126452550400,34.56655029296875,-0.9999847412109375,0.001220703125,0.007965087890625
1760555126462554000,34.57655419921875,-1.0009765625,0.0000762939453125,-0.0001983642578125
1760555126472558300,34.586558349609376,-1.00201416015625,-0.0006103515625,-0.003936767578125
1760555126482563300,34.59656323242187,-0.99822998046875,-0.004974365234375,-0.002197265625
1760555126492567300,34.6065673828125,-1.00030517578125,-0.0054779052734375,-0.0039215087890625
1760555126502572300,34.616572265625,-0.997100830078125,-0.007232666015625,-0.0010986328125
1760555126512576300,34.626576171875,-0.998565673828125,-0.0062103271484375,-0.0074615478515625
1760555126522580500,34.63658056640625,-0.99566650390625,-0.0112152099609375,-0.00677490234375
1760555126532585500,34.64658544921875,-0.9966888427734375,-0.0081634521484375,-0.0055389404296875
1760555126542589400,34.65658935546875,-0.999725341796875,0.0019073486328125,-0.004547119140625
1760555126552593200,34.66659326171875,-0.999114990234375,0.000457763671875,0.0055084228515625
1760555126562598100,34.67659814453125,-1.002288818359375,0.0002593994140625,0.0018768310546875
1760555126572602400,34.686602294921876,-0.997344970703125,-0.0010986328125,0.0079803466796875
1760555126582607400,34.696607421875,-0.995941162109375,-0.007354736328125,0.0120391845703125
1760555126592611300,34.706611328125,-0.994659423828125,-0.011962890625,0.0031280517578125
1760555126602615300,34.716615234375,-0.9966888427734375,-0.0067596435546875,0.0075225830078125
1760555126612620300,34.72662036132812,-0.997528076171875,-0.0059967041015625,0.00555419921875
1760555126622624500,34.73662451171875,-0.999542236328125,-0.0024871826171875,0.0065460205078125
1760555126632628200,34.74662817382813,-0.9990997314453125,-0.0037841796875,0.014251708984375
1760555126642633200,34.75663330078125,-0.9985198974609375,-0.0037384033203125,0.0070037841796875
1760555126652637200,34.76663720703125,-0.9994964599609375,-0.0020751953125,-0.001251220703125
1760555126662642200,34.77664208984375,-0.997406005859375,-0.00433349609375,-0.0064239501953125
1760555126672646400,34.786646484375,-0.9987945556640625,-0.006622314453125,-0.01068115234375
1760555126682650400,34.796650390625,-0.9979705810546875,-0.008697509765625,-0.0111541748046875
1760555126692655400,34.8066552734375,-0.997344970703125,-0.008209228515625,-0.009307861328125
1760555126702659300,34.81665942382813,-0.995361328125,-0.0098114013671875,-0.001983642578125
1760555126712663300,34.82666333007813,-0.9969635009765625,-0.007415771484375,0.0009307861328125
1760555126722668300,34.83666821289062,-0.997100830078125,-0.0075836181640625,0.0006561279296875
1760555126732672300,34.84667236328125,-0.997894287109375,-0.0084991455078125,-0.000152587890625
1760555126742677200,34.85667724609375,-0.9957122802734375,-0.00689697265625,-0.000396728515625
1760555126752681200,34.86668115234375,-0.99688720703125,-0.0056915283203125,0.000640869140625
1760555126762685200,34.87668530273437,-1.0005950927734375,-0.0026702880859375,0.00164794921875
1760555126772690200,34.886690185546875,-0.998504638671875,-0.00018310546875,0.007415771484375
1760555126782694400,34.8966943359375,-0.9995880126953125,0.0009613037109375,0.00323486328125
1760555126792698400,34.906698486328125,-1.0015411376953125,-0.0026092529296875,-0.0073699951171875
1760555126802703400,34.91670336914063,-1.0012664794921875,-0.0014495849609375,-0.010009765625
1760555126812707300,34.926707275390626,-0.997833251953125,-0.0047607421875,-0.0108184814453125
1760555126822712300,34.93671240234375,-0.997406005859375,-0.01055908203125,-0.0159912109375
1760555126832716300,34.94671630859375,-0.9980621337890625,-0.0092926025390625,-0.0107574462890625
1760555126842720300,34.95672021484375,-0.999053955078125,-0.003509521484375,-0.0087890625
1760555126852725200,34.966725341796874,-1.0002288818359375,-0.0015411376953125,-0.0079345703125
1760555126862729200,34.97672924804687,-0.9996185302734375,-0.0049591064453125,-0.0068206787109375
1760555126872734200,34.986734130859375,-1.0012664794921875,-0.0017852783203125,-0.0073394775390625
1760555126882738400,34.996738525390626,-0.99658203125,-0.0029754638671875,-0.003204345703125
1760555126892742400,35.006742431640625,-1.00140380859375,-0.00103759765625,-0.004150390625
1760555126902747400,35.01674731445313,-0.99676513671875,-0.0048065185546875,0.0005035400390625
1760555126912751000,35.026751220703126,-0.998504638671875,-0.003875732421875,-0.002838134765625
1760555126922755300,35.03675537109375,-0.9982452392578125,-0.004974365234375,-0.004486083984375
1760555126932760300,35.04676025390625,-0.9982147216796875,-0.005035400390625,-0.0050201416015625
1760555126942764300,35.05676440429688,-1.0016021728515625,-0.0019683837890625,-0.0069580078125
1760555126952769300,35.06676928710937,-0.997406005859375,-0.002410888671875,-0.0070648193359375
1760555126962773200,35.07677319335937,-0.9987030029296875,-0.004058837890625,-0.00628662109375
1760555126972777500,35.08677758789062,-0.9986724853515625,-0.001556396484375,-0.00537109375
1760555126982782500,35.096782470703126,-0.9969635009765625,-0.0063629150390625,-0.004058837890625
1760555126992786400,35.106786376953124,-0.9987640380859375,-0.0043182373046875,-0.00494384765625
1760555127002790100,35.1167900390625,-1.0004730224609375,0.001922607421875,-0.0060272216796875
1760555127012795100,35.126795166015626,-1.000244140625,-0.0003204345703125,-0.0041656494140625
1760555127022799400,35.13679931640625,-0.9978485107421875,-0.0048370361328125,-0.001922607421875
1760555127032804400,35.14680444335937,-0.9977569580078125,-0.0054473876953125,-0.00079345703125
1760555127042808300,35.15680834960938,-0.9977569580078125,-0.003021240234375,-0.0011138916015625
1760555127052812300,35.16681225585938,-0.9967803955078125,-0.00433349609375,-0.0010833740234375
1760555127062817300,35.1768173828125,-0.995697021484375,-0.0067596435546875,-0.0055389404296875
1760555127072821500,35.18682153320312,-1.0028839111328125,0.0047760009765625,-0.0068206787109375
1760555127082826000,35.19682592773437,-1.0005340576171875,-0.000091552734375,-0.009490966796875
1760555127092831000,35.2068310546875,-0.999603271484375,-0.0015106201171875,-0.0065460205078125
1760555127102834700,35.216834716796875,-0.9984893798828125,0.00054931640625,-0.0048370361328125
1760555127112839700,35.22683959960938,-0.999755859375,-0.0006103515625,-0.0039215087890625
1760555127122843600,35.23684375,-0.99884033203125,-0.0010986328125,-0.0001678466796875
1760555127132847900,35.24684790039063,-0.997772216796875,-0.0021820068359375,0.000335693359375
1760555127142852900,35.25685278320312,-0.996185302734375,-0.00048828125,-0.00323486328125
1760555127152856800,35.26685693359375,-0.9992828369140625,0.0011138916015625,-0.006072998046875
1760555127162860800,35.27686083984375,-0.999847412109375,0.000457763671875,-0.0047149658203125
1760555127172865800,35.28686572265625,-0.997589111328125,0.000213623046875,-0.005645751953125
1760555127182870000,35.2968701171875,-1.000640869140625,-0.000274658203125,-0.0060272216796875
1760555127192875000,35.306875,-0.99774169921875,-0.0027618408203125,-0.00408935546875
1760555127202878700,35.316878662109374,-0.9966888427734375,-0.0038299560546875,-0.005340576171875
1760555127212882700,35.32688256835937,-0.996490478515625,-0.0059967041015625,-0.0041961669921875
1760555127222887700,35.3368876953125,-0.9977569580078125,-0.00714111328125,-0.00469970703125
1760555127232892000,35.34689184570313,-0.998565673828125,-0.0038299560546875,-0.0045318603515625
1760555127242897000,35.35689697265625,-0.9994049072265625,-0.002227783203125,-0.00469970703125
1760555127252900900,35.36690087890625,-0.9986572265625,-0.0056304931640625,-0.0076904296875
1760555127262904800,35.37690478515625,-0.9992523193359375,-0.0015106201171875,-0.00396728515625
1760555127272909800,35.386909912109374,-1.00006103515625,-0.0016326904296875,-0.0013580322265625
1760555127282914000,35.3969140625,-0.9963531494140625,-0.0029144287109375,0.00323486328125
1760555127292917800,35.40691772460937,-0.99591064453125,-0.010009765625,0.0046539306640625
1760555127302922800,35.4169228515625,-0.9940338134765625,-0.001617431640625,-0.001190185546875
1760555127312926700,35.4269267578125,-0.9973297119140625,0.00396728515625,0.0013580322265625
1760555127322931700,35.436931640625,-1.0005950927734375,-0.000701904296875,-0.00396728515625
1760555127332936000,35.44693603515625,-1.0011444091796875,-0.000579833984375,-0.002777099609375
1760555127342940000,35.45693994140625,-1.00213623046875,0.0042877197265625,0.0005340576171875
1760555127352945000,35.46694482421875,-1.001312255859375,0.0048980712890625,-0.0020904541015625
1760555127362948900,35.47694897460938,-0.9978179931640625,0.00311279296875,-0.0048828125
1760555127372952600,35.48695263671875,-0.9986724853515625,0.00048828125,-0.0070037841796875
1760555127382957800,35.49695776367187,-1.00244140625,-0.001556396484375,-0.0094451904296875
1760555127392961800,35.5069619140625,-1.0003814697265625,-0.00091552734375,-0.007965087890625
1760555127402966800,35.516966796875,-0.9996490478515625,-0.002349853515625,-0.0090484619140625
1760555127412970800,35.526970703125,-0.9994964599609375,-0.0045928955078125,-0.0083160400390625
1760555127422974700,35.536974609375,-0.995758056640625,-0.003204345703125,-0.0108184814453125
1760555127432979700,35.546979736328126,-0.99859619140625,-0.0027618408203125,-0.00738525390625
1760555127442984000,35.55698388671875,-0.99920654296875,0.0001983642578125,-0.007232666015625
1760555127452988000,35.56698779296875,-0.998687744140625,0.001434326171875,-0.008941650390625
1760555127462993000,35.57699291992188,-0.99749755859375,0.0001220703125,-0.0086669921875
1760555127472996600,35.58699658203125,-0.999603271484375,-0.0010986328125,-0.0042266845703125
1760555127483001600,35.59700170898437,-0.9978485107421875,-0.00030517578125,-0.0048675537109375
1760555127493005800,35.607005859375,-0.99615478515625,0.0026702880859375,-0.0067138671875
1760555127503009800,35.617009765625,-0.997650146484375,0.0016632080078125,-0.011749267578125
1760555127513014800,35.627014892578124,-0.9983673095703125,0.00177001953125,-0.02020263671875
1760555127523018800,35.63701879882812,-1.0026092529296875,0.0054931640625,-0.0195159912109375
1760555127533023000,35.64702294921875,-1.0031585693359375,0.0036773681640625,-0.016082763671875
1760555127543028000,35.657028076171876,-1.0022125244140625,-0.0022735595703125,-0.011993408203125
1760555127553032000,35.667031982421875,-0.9980010986328125,0.0028228759765625,-0.01226806640625
1760555127563037000,35.67703686523438,-0.9986419677734375,0.0030364990234375,-0.0090179443359375
1760555127573040600,35.68704052734375,-0.9989166259765625,0.0073089599609375,-0.0064697265625
1760555127583044900,35.697044921875,-1.0010833740234375,0.008392333984375,-0.009429931640625
1760555127593049900,35.7070498046875,-0.9985504150390625,0.0010833740234375,-0.006805419921875
1760555127603053800,35.7170537109375,-1.001953125,0.0066986083984375,-0.0077667236328125
1760555127613058800,35.727058837890624,-0.9998931884765625,0.0016632080078125,-0.0030517578125
1760555127623062800,35.73706274414062,-0.9975738525390625,0.0026092529296875,-0.002410888671875
1760555127633067000,35.74706689453125,-0.999114990234375,0.001739501953125,-0.0062408447265625
1760555127643072000,35.757072021484376,-0.9957122802734375,-0.0047760009765625,-0.0058441162109375
1760555127653075700,35.76707568359375,-0.9971160888671875,-0.0069427490234375,-0.0093231201171875
1760555127663079700,35.77707958984375,-0.997955322265625,-0.0076446533203125,-0.0071563720703125
1760555127673084700,35.787084716796876,-0.9964599609375,-0.006988525390625,-0.009002685546875
1760555127683089000,35.7970888671875,-0.997467041015625,-0.004302978515625,-0.008819580078125
1760555127693094000,35.80709399414062,-1.0023345947265625,-0.0002593994140625,-0.0108642578125
1760555127703097900,35.81709790039063,-0.9971160888671875,-0.0030517578125,-0.0094146728515625
1760555127713101800,35.82710180664063,-0.9985504150390625,-0.0050811767578125,-0.0098419189453125
1760555127723106800,35.83710693359375,-0.9995880126953125,-0.0020751953125,-0.012237548828125
1760555127733110800,35.84711083984375,-0.9985198974609375,-0.000762939453125,-0.0097503662109375
1760555127743114800,35.85711474609375,-0.9991455078125,0.0027313232421875,-0.01007080078125
1760555127753119700,35.86711962890625,-0.9992218017578125,0.0028076171875,-0.0082855224609375
1760555127763123700,35.87712377929687,-0.9980010986328125,0.006744384765625,-0.0111236572265625
1760555127773128700,35.887128662109376,-1.0013885498046875,0.00482177734375,-0.00909423828125
1760555127783132700,35.897132568359375,-1.0006103515625,-0.000213623046875,-0.00909423828125
1760555127793137000,35.907136962890625,-0.996673583984375,-0.003662109375,-0.0086669921875
1760555127803142000,35.91714184570313,-0.9988861083984375,-0.0010528564453125,-0.0055084228515625
1760555127813145900,35.92714575195313,-0.9990081787109375,0.0050201416015625,-0.0030670166015625
1760555127823149800,35.93714990234375,-0.9980621337890625,0.004364013671875,-0.0011138916015625
1760555127833154800,35.94715478515625,-0.9954833984375,-0.0013580322265625,-0.0055999755859375
1760555127843158800,35.95715869140625,-0.998321533203125,-0.0020904541015625,-0.007568359375
1760555127853163800,35.967163818359374,-0.9977569580078125,-0.0019378662109375,-0.0097808837890625
1760555127863167700,35.97716772460937,-0.99920654296875,-0.0011138916015625,-0.00933837890625
1760555127873171700,35.98717163085937,-0.9955596923828125,-0.0158233642578125,-0.01104736328125
1760555127883176700,35.9971767578125,-0.9962921142578125,0.001373291015625,-0.0092620849609375
1760555127893181000,36.007180908203125,-0.998779296875,0.0074615478515625,-0.0070343017578125
1760555127903186000,36.01718603515625,-0.99774169921875,0.004791259765625,-0.015655517578125
1760555127913190000,36.02718994140625,-0.9990234375,0.0107879638671875,-0.008270263671875
1760555127923193900,36.03719384765625,-1.0000762939453125,0.00299072265625,-0.018157958984375
1760555127933198800,36.04719873046875,-1.0042266845703125,0.015716552734375,-0.0119171142578125
1760555127943202800,36.05720288085938,-0.9989013671875,0.0079193115234375,-0.0101165771484375
1760555127953206800,36.06720678710938,-1.00360107421875,0.0173492431640625,-0.0046844482421875
1760555127963211800,36.07721166992187,-1.00213623046875,0.02239990234375,-0.0027618408203125
1760555127973215700,36.0872158203125,-0.9980316162109375,0.0133209228515625,-0.0037384033203125
1760555127983220700,36.097220703125,-1.002960205078125,0.0153961181640625,-0.005706787109375
1760555127993225000,36.107224853515625,-0.99853515625,0.0047760009765625,-0.0048065185546875
1760555128003229000,36.11722900390625,-0.9974517822265625,0.00091552734375,-0.0084686279296875
1760555128013234000,36.12723388671875,-0.9989776611328125,0.0005645751953125,-0.0095062255859375
1760555128023237600,36.137237548828125,-0.9976348876953125,-0.0022735595703125,-0.0077362060546875
1760555128033241900,36.147241943359376,-0.9937591552734375,-0.0023193359375,-0.008514404296875
1760555128043246800,36.15724682617188,-0.9952545166015625,-0.0025482177734375,-0.0094146728515625
1760555128053250800,36.16725073242188,-0.9970245361328125,-0.0017242431640625,-0.0081787109375
1760555128063255800,36.177255859375,-1.00164794921875,0.00958251953125,-0.0028839111328125
1760555128073259800,36.187259765625,-0.9987030029296875,0.012603759765625,-0.0052032470703125
1760555128083264000,36.19726391601562,-0.9994964599609375,0.01611328125,-0.0027618408203125
1760555128093269000,36.20726904296875,-1.0005340576171875,0.0142822265625,-0.006622314453125
1760555128103273000,36.21727294921875,-0.996856689453125,0.009002685546875,-0.0111083984375
1760555128113277000,36.22727685546875,-0.996856689453125,0.0069580078125,-0.0179443359375
1760555128123282000,36.23728198242188,-1.0030059814453125,0.007598876953125,-0.0146484375
1760555128133286000,36.247285888671875,-1.0016632080078125,0.0047760009765625,-0.014434814453125
1760555128143291000,36.25729077148438,-0.9983978271484375,0.0037078857421875,-0.01739501953125
1760555128153295000,36.26729516601562,-0.997833251953125,0.0030364990234375,-0.017852783203125
1760555128163299000,36.27729907226563,-0.9971466064453125,0.001953125,-0.01971435546875
1760555128173304000,36.28730395507812,-0.998016357421875,-0.001495361328125,-0.0207672119140625
1760555128183307800,36.29730786132812,-1.000701904296875,0.001068115234375,-0.0164031982421875
1760555128193312000,36.30731201171875,-1.001861572265625,0.003753662109375,-0.009552001953125
1760555128203317000,36.31731689453125,-1.000457763671875,0.0068817138671875,-0.0035247802734375
1760555128213321000,36.327321044921874,-0.99554443359375,0.0040740966796875,-0.0051727294921875
1760555128223326000,36.337325927734376,-0.9976806640625,0.006072998046875,-0.0102081298828125
1760555128233330000,36.347329833984375,-1.00067138671875,0.006134033203125,-0.0049285888671875
1760555128243334100,36.357334228515626,-0.999755859375,0.004119873046875,-0.0036468505859375
1760555128253339100,36.36733911132813,-1.005126953125,0.0079193115234375,-0.0022430419921875
1760555128263343000,36.37734301757813,-0.994171142578125,-0.0084991455078125,-0.0039215087890625
1760555128273346800,36.387346923828126,-0.99298095703125,-0.0045928955078125,-0.011383056640625
1760555128283351800,36.39735180664063,-0.9984893798828125,0.001434326171875,-0.018035888671875
1760555128293356000,36.40735595703125,-0.9980010986328125,0.0004119873046875,-0.0239715576171875
1760555128303361000,36.417361083984375,-0.9997100830078125,0.001861572265625,-0.023773193359375
1760555128313365000,36.42736499023437,-1.004669189453125,0.00604248046875,-0.0174407958984375
1760555128323369000,36.43736889648437,-1.0018463134765625,0.0051116943359375,-0.016357421875
1760555128333374000,36.4473740234375,-0.999725341796875,0.006683349609375,-0.013763427734375
1760555128343378200,36.457378173828126,-0.999420166015625,0.0074920654296875,-0.008758544921875
1760555128353382000,36.4673818359375,-0.9966583251953125,0.00286865234375,-0.01361083984375
1760555128363387000,36.47738696289063,-0.9952392578125,-0.00579833984375,-0.0226898193359375
1760555128373390800,36.487390869140626,-1.0030670166015625,0.0053253173828125,-0.02520751953125
1760555128383395800,36.49739575195313,-1.0071563720703125,0.0063018798828125,-0.02899169921875
1760555128393400000,36.50740014648437,-1.0002288818359375,-0.0042877197265625,-0.02899169921875
1760555128403404000,36.51740405273438,-0.9957275390625,-0.00372314453125,-0.02117919921875
1760555128413409000,36.52740893554687,-0.9976806640625,-0.0013580322265625,-0.0219268798828125
1760555128423413000,36.5374130859375,-0.99627685546875,-0.013885498046875,-0.0170745849609375
1760555128433417000,36.5474169921875,-0.99261474609375,-0.01434326171875,-0.013458251953125
1760555128443422000,36.557421875,-0.99432373046875,-0.0092926025390625,-0.0140228271484375
1760555128453426000,36.567426025390624,-0.996307373046875,-0.007781982421875,-0.0054168701171875
1760555128463431000,36.57743090820313,-0.999603271484375,-0.0137481689453125,-0.0094451904296875
1760555128473435000,36.587434814453125,-0.9927825927734375,-0.011016845703125,-0.0098876953125
1760555128483438800,36.59743896484375,-0.998443603515625,-0.0019683837890625,-0.0088348388671875
1760555128493443800,36.60744384765625,-0.9976348876953125,-0.0037994384765625,-0.005035400390625
1760555128503448000,36.61744799804688,-0.999237060546875,-0.002197265625,-0.00616455078125
1760555128513452000,36.6274521484375,-0.9982452392578125,-0.00762939453125,-0.011383056640625
1760555128523457000,36.63745703125,-0.9967498779296875,-0.0088348388671875,-0.0131988525390625
1760555128533461000,36.6474609375,-0.99737548828125,-0.007720947265625,-0.0170135498046875
1760555128543466000,36.657466064453125,-1.0003204345703125,-0.0027313232421875,-0.0128021240234375
1760555128553470000,36.667469970703124,-1.0003204345703125,0.0023345947265625,-0.0113372802734375
1760555128563474000,36.67747387695312,-1.0018768310546875,0.0039520263671875,-0.0080718994140625
1760555128573479000,36.68747900390625,-1.0015869140625,0.00213623046875,-0.007049560546875
1760555128583483000,36.69748291015625,-1.001953125,0.000213623046875,-0.01239013671875
1760555128593487000,36.707487060546875,-1.000885009765625,-0.000579833984375,-0.01251220703125
1760555128603492000,36.7174921875,-0.99664306640625,-0.0010223388671875,-0.0113983154296875
1760555128613496000,36.72749609375,-0.9997100830078125,-0.00762939453125,-0.01983642578125
1760555128623501000,36.7375009765625,-0.995758056640625,-0.0058746337890625,-0.018096923828125
1760555128633504800,36.7475048828125,-0.9971466064453125,-0.0042266845703125,-0.011962890625
1760555128643509000,36.75750903320313,-0.998138427734375,-0.0079498291015625,-0.01177978515625
1760555128653514000,36.76751391601562,-0.9991302490234375,0.0001983642578125,-0.0080108642578125
1760555128663518000,36.77751806640625,-1.0009613037109375,-0.0005950927734375,-0.0089263916015625
1760555128673523000,36.78752294921875,-1.001953125,0.000579833984375,-0.0092620849609375
1760555128683527000,36.79752685546875,-0.99920654296875,-0.0040283203125,-0.014312744140625
1760555128693531100,36.80753125,-0.9984893798828125,-0.0084381103515625,-0.0190887451171875
1760555128703536000,36.8175361328125,-0.9973907470703125,-0.0054779052734375,-0.0186767578125
1760555128713540000,36.8275400390625,-1.001495361328125,-0.00604248046875,-0.0211639404296875
1760555128723543800,36.837543701171874,-0.9946441650390625,-0.008209228515625,-0.0195770263671875
1760555128733548800,36.847548828125,-0.99822998046875,-0.002655029296875,-0.014892578125
1760555128743553000,36.85755297851563,-0.9996185302734375,-0.0023956298828125,-0.014251708984375
1760555128753557000,36.86755688476563,-1.0027008056640625,0.0032806396484375,-0.0136260986328125
1760555128763562000,36.87756201171875,-0.9969635009765625,-0.0096893310546875,-0.0176849365234375
1760555128773566000,36.88756591796875,-0.998443603515625,-0.00384521484375,-0.01214599609375
1760555128783571000,36.897571044921875,-0.994476318359375,-0.006500244140625,-0.0088043212890625
1760555128793575200,36.9075751953125,-1.002410888671875,-0.0102386474609375,-0.018585205078125
1760555128803579100,36.9175791015625,-0.997161865234375,-0.0011138916015625,-0.0169219970703125
1760555128813584100,36.92758422851563,-1.003936767578125,-0.0040740966796875,-0.0260162353515625
1760555128823587800,36.937587890625,-0.9985809326171875,-0.0200958251953125,-0.02447509765625
1760555128833592000,36.947592041015625,-0.9886932373046875,-0.014190673828125,-0.0222320556640625
1760555128843597000,36.95759716796875,-1.003387451171875,-0.006622314453125,-0.00567626953125
1760555128853601000,36.96760107421875,-1.0001678466796875,-0.0059051513671875,-0.0089874267578125
1760555128863606000,36.97760595703125,-0.9935760498046875,-0.0076904296875,-0.01263427734375
1760555128873610000,36.98760986328125,-1.00433349609375,-0.0030670166015625,-0.012115478515625
1760555128883614000,36.99761401367188,-1.000946044921875,0.0059356689453125,-0.016754150390625
1760555128893619000,37.007618896484374,-0.997161865234375,0.0009918212890625,-0.013397216796875
1760555128903623000,37.01762280273437,-1.0008087158203125,-0.0102691650390625,-0.024383544921875
1760555128913628000,37.0276279296875,-0.9934234619140625,-0.0073394775390625,-0.006103515625
1760555128923631900,37.0376318359375,-1.0018768310546875,0.0016937255859375,-0.00469970703125
1760555128933635800,37.0476357421875,-1.0045166015625,-0.0018463134765625,-0.012420654296875
1760555128943640800,37.05764086914063,-0.99603271484375,-0.0062408447265625,-0.0075531005859375
1760555128953645000,37.06764501953125,-0.999359130859375,-0.00433349609375,-0.01568603515625
1760555128963649000,37.07764892578125,-0.9982452392578125,-0.008087158203125,-0.020538330078125
1760555128973654000,37.08765405273437,-0.996063232421875,-0.0147552490234375,-0.0175933837890625
1760555128983658000,37.09765795898438,-0.993408203125,-0.0203704833984375,-0.02459716796875
1760555128993663000,37.1076630859375,-0.9921722412109375,-0.02728271484375,-0.0160675048828125
1760555129003667000,37.1176669921875,-0.9955596923828125,-0.01849365234375,-0.0170440673828125
1760555129013671000,37.1276708984375,-0.9974365234375,-0.0099334716796875,-0.0190582275390625
1760555129023676000,37.137676025390626,-0.9999847412109375,-0.00628662109375,-0.014312744140625
1760555129033680000,37.147679931640624,-1.0022430419921875,-0.0020294189453125,-0.015228271484375
1760555129043684000,37.15768408203125,-0.9983367919921875,-0.005035400390625,-0.0158538818359375
1760555129053689000,37.16768920898438,-0.9982757568359375,-0.0066680908203125,-0.0166168212890625
1760555129063693000,37.177693115234376,-0.99835205078125,-0.0102081298828125,-0.011322021484375
1760555129073698000,37.18769799804687,-0.99493408203125,-0.0153656005859375,-0.0020751953125
1760555129083702000,37.19770190429688,-0.999481201171875,-0.011993408203125,-0.0059814453125
1760555129093705200,37.207705322265625,-1.0015869140625,-0.005126953125,-0.009918212890625
1760555129103710200,37.21771020507813,-0.9991607666015625,-0.0064697265625,-0.00592041015625
1760555129113714000,37.2277138671875,-0.9969635009765625,-0.006622314453125,-0.00897216796875
1760555129123718100,37.23771826171875,-0.9982452392578125,-0.0087890625,-0.001800537109375
1760555129133723100,37.24772314453125,-0.996551513671875,-0.0130157470703125,-0.00286865234375
1760555129143727000,37.25772705078125,-1.001617431640625,-0.0064849853515625,-0.007781982421875
1760555129153732000,37.26773217773437,-0.9987030029296875,-0.00152587890625,-0.0076141357421875
1760555129163736000,37.27773608398437,-1.0004119873046875,-0.0061798095703125,-0.01470947265625
1760555129173740000,37.28773999023438,-1.000457763671875,-0.004486083984375,-0.01904296875
1760555129183745000,37.2977451171875,-0.99737548828125,-0.007354736328125,-0.0109100341796875
1760555129193749000,37.3077490234375,-0.99627685546875,-0.01220703125,-0.01239013671875
1760555129203753000,37.3177529296875,-0.99725341796875,-0.0117340087890625,-0.0149383544921875
1760555129213758000,37.327758056640626,-0.99615478515625,-0.0150299072265625,-0.009918212890625
1760555129223762000,37.337761962890625,-1.00146484375,-0.01104736328125,-0.0192413330078125
1760555129233767000,37.34776684570313,-1.001861572265625,-0.0056915283203125,-0.0221710205078125
1760555129243771100,37.35777124023438,-0.9998321533203125,-0.003662109375,-0.018341064453125
1760555129253775000,37.36777514648438,-1.001129150390625,-0.0052947998046875,-0.0163116455078125
1760555129263780000,37.37778002929687,-0.998931884765625,-0.00372314453125,-0.0181427001953125
1760555129273784000,37.3877841796875,-0.9964599609375,-0.01007080078125,-0.0101318359375
1760555129283788000,37.3977880859375,-0.99639892578125,-0.0137176513671875,-0.0061187744140625
1760555129293793000,37.40779296875,-0.9940338134765625,-0.017333984375,-0.007049560546875
1760555129303797000,37.417796875,-0.9953460693359375,-0.0131988525390625,-0.0105438232421875
1760555129313802000,37.427802001953125,-0.9996490478515625,-0.0047454833984375,-0.0026702880859375
1760555129323806000,37.437805908203124,-1.002716064453125,0.00152587890625,-0.0081939697265625
1760555129333810200,37.44781005859375,-1.0013275146484375,0.0051422119140625,-0.0134735107421875
1760555129343815200,37.45781518554688,-1.0028839111328125,0.00299072265625,-0.0080413818359375
1760555129353819100,37.467819091796876,-1.0003204345703125,-0.0048828125,-0.00946044921875
1760555129363823000,37.477822998046875,-0.99810791015625,-0.0047607421875,-0.00567626953125
1760555129373828000,37.487828125,-0.9990997314453125,-0.0044403076171875,-0.00225830078125
1760555129383832000,37.49783203125,-0.9976654052734375,-0.0124359130859375,-0.0153656005859375
1760555129393837000,37.507837158203124,-0.9966278076171875,-0.0122833251953125,-0.0193023681640625
1760555129403841000,37.51784106445312,-0.99810791015625,-0.0110931396484375,-0.023193359375
1760555129413845000,37.52784497070313,-0.998291015625,-0.008514404296875,-0.027435302734375
1760555129423850000,37.53785009765625,-0.9958038330078125,-0.0087127685546875,-0.028961181640625
1760555129433854200,37.547854248046875,-1.000732421875,-0.00469970703125,-0.0296173095703125
1760555129443858200,37.55785815429687,-1.0009918212890625,-0.0001373291015625,-0.0232391357421875
1760555129453863200,37.56786328125,-0.9982452392578125,-0.0057220458984375,-0.0256500244140625
1760555129463867000,37.577866943359375,-0.9991302490234375,-0.006927490234375,-0.024566650390625
1760555129473872000,37.58787182617188,-0.99871826171875,-0.0063323974609375,-0.019134521484375
1760555129483876000,37.5978759765625,-0.999237060546875,-0.0102996826171875,-0.0179595947265625
1760555129493880000,37.60788012695313,-1.000213623046875,-0.006927490234375,-0.01910400390625
1760555129503885000,37.61788500976562,-1.004547119140625,-0.0031585693359375,-0.0160675048828125
1760555129513889000,37.62788891601563,-1.003082275390625,-0.0011749267578125,-0.01593017578125
1760555129523893000,37.63789306640625,-0.99761962890625,-0.005828857421875,-0.015045166015625
1760555129533898200,37.647898193359374,-0.995697021484375,-0.010986328125,-0.0192718505859375
1760555129543902200,37.65790209960937,-1.000732421875,-0.0108184814453125,-0.0233917236328125
1760555129553906000,37.66790600585937,-0.9973297119140625,-0.012725830078125,-0.019195556640625
1760555129563911000,37.677910888671875,-0.99395751953125,-0.017974853515625,-0.019989013671875
1760555129573915000,37.68791479492187,-0.9999542236328125,-0.01416015625,-0.0189971923828125
1760555129583920000,37.69792016601563,-1.00457763671875,-0.0047760009765625,-0.0164337158203125
1760555129593924000,37.70792407226563,-0.998291015625,-0.0078277587890625,-0.0135498046875
1760555129603928000,37.717927978515625,-0.99871826171875,-0.0101165771484375,-0.0179595947265625
1760555129613933000,37.72793310546875,-1.0007171630859375,-0.0117645263671875,-0.01995849609375
1760555129623937000,37.73793701171875,-1.0015106201171875,-0.00750732421875,-0.011016845703125
1760555129633941200,37.74794116210938,-0.9999542236328125,-0.00830078125,-0.00897216796875
1760555129643946200,37.7579462890625,-0.9982147216796875,-0.0204925537109375,-0.0197296142578125
1760555129653950000,37.76794995117187,-1.0041961669921875,-0.00531005859375,-0.015960693359375
1760555129663955000,37.777954833984374,-0.9987030029296875,-0.0045318603515625,-0.0094146728515625
1760555129673959000,37.787958984375,-0.99761962890625,-0.0152740478515625,-0.0137786865234375
1760555129683963100,37.797963134765624,-0.9936370849609375,-0.0281829833984375,-0.0162200927734375
1760555129693968100,37.807968017578126,-0.9954681396484375,-0.0220184326171875,-0.0128326416015625
1760555129703972000,37.81797216796875,-0.998260498046875,-0.0189361572265625,-0.01605224609375
1760555129713976000,37.82797607421875,-0.9949188232421875,-0.022308349609375,-0.0134735107421875
1760555129723981000,37.83798095703125,-0.9955596923828125,-0.02093505859375,-0.0137786865234375
1760555129733985000,37.84798510742188,-1.0005950927734375,-0.0248870849609375,-0.02386474609375
1760555129743990000,37.85798999023437,-0.9973602294921875,-0.0258026123046875,-0.0245819091796875
1760555129753994000,37.86799389648438,-0.9915008544921875,-0.0248260498046875,-0.0226593017578125
1760555129763998000,37.877998046875,-0.9947509765625,-0.033538818359375,-0.027587890625
1760555129774003000,37.8880029296875,-0.9978790283203125,-0.019744873046875,-0.031951904296875
1760555129784007200,37.89800708007812,-0.994781494140625,-0.0185394287109375,-0.02374267578125
1760555129794011100,37.90801123046875,-0.9981231689453125,-0.0158233642578125,-0.0251312255859375
1760555129804016000,37.91801611328125,-1.0027008056640625,-0.0086212158203125,-0.0322723388671875
1760555129814020000,37.92802001953125,-1.002960205078125,0.0028076171875,-0.037811279296875
1760555129824025000,37.93802514648438,-0.9987030029296875,-0.012786865234375,-0.05316162109375
1760555129834029000,37.94802905273438,-0.996490478515625,-0.016143798828125,-0.0576324462890625
1760555129844033000,37.958032958984376,-0.9937286376953125,-0.02081298828125,-0.052215576171875
1760555129854038000,37.9680380859375,-1.000335693359375,-0.01287841796875,-0.05023193359375
1760555129864042000,37.9780419921875,-1.0000762939453125,-0.01531982421875,-0.03839111328125
1760555129874047000,37.988046875,-0.9958343505859375,-0.018463134765625,-0.027923583984375
1760555129884051200,37.99805126953125,-0.9935302734375,-0.0242767333984375,-0.0236663818359375
1760555129894055200,38.00805517578125,-0.9943084716796875,-0.02972412109375,-0.0186767578125
1760555129904060200,38.01806005859375,-0.994781494140625,-0.0230865478515625,-0.009613037109375
1760555129914064100,38.028064208984375,-1.00079345703125,-0.01318359375,-0.005889892578125
1760555129924068000,38.038068115234374,-1.0025482177734375,-0.01080322265625,-0.011199951171875
1760555129934073000,38.04807299804688,-1.005828857421875,-0.007537841796875,-0.0126190185546875
1760555129944077000,38.0580771484375,-1.0035247802734375,-0.00299072265625,-0.018646240234375
1760555129954081000,38.0680810546875,-0.998687744140625,-0.007110595703125,-0.012542724609375
1760555129964086000,38.0780859375,-1.0001983642578125,-0.0173187255859375,-0.0159454345703125
1760555129974090000,38.08809008789063,-1.0013885498046875,-0.0143280029296875,-0.0193939208984375
1760555129984095000,38.09809497070312,-0.9974517822265625,-0.016815185546875,-0.0243988037109375
1760555129994099200,38.10809912109375,-0.9965057373046875,-0.0199737548828125,-0.0184326171875
1760555130004103000,38.11810302734375,-1.0018768310546875,-0.01220703125,-0.0235748291015625
1760555130014108200,38.128108154296875,-1.0014495849609375,-0.0090179443359375,-0.0263519287109375
1760555130024111900,38.13811181640625,-1.0014801025390625,-0.0167999267578125,-0.0306549072265625
1760555130034116000,38.1481162109375,-0.9972381591796875,-0.016754150390625,-0.0423736572265625
1760555130044121000,38.15812109375,-0.9931640625,-0.0256500244140625,-0.03900146484375
1760555130054125000,38.168125,-0.995819091796875,-0.0227203369140625,-0.0287628173828125
1760555130064130000,38.17813012695313,-0.998321533203125,-0.021087646484375,-0.0220794677734375
1760555130074134000,38.18813403320313,-1.001312255859375,-0.0136260986328125,-0.0205535888671875
1760555130084138200,38.19813818359375,-1.0023040771484375,-0.00592041015625,-0.0189056396484375
1760555130094143700,38.208143798828125,-0.99835205078125,-0.013427734375,-0.03179931640625
1760555130104147700,38.218147705078124,-1.0012969970703125,-0.0122528076171875,-0.0440216064453125
1760555130114151700,38.22815161132812,-0.999176025390625,-0.00634765625,-0.040618896484375
1760555130124156700,38.23815673828125,-1.0009307861328125,-0.0048828125,-0.0475921630859375
1760555130134160600,38.24816064453125,-1.0080413818359375,-0.0059967041015625,-0.0402374267578125
1760555130144165600,38.25816552734375,-1.004547119140625,-0.0070648193359375,-0.0378570556640625
1760555130154169600,38.26816967773438,-1.001922607421875,-0.0050506591796875,-0.0579833984375
1760555130164173600,38.278173583984376,-1.0011749267578125,-0.00982666015625,-0.0639495849609375
1760555130174178600,38.28817846679687,-1.0035552978515625,-0.0068817138671875,-0.0410308837890625
1760555130184182500,38.2981826171875,-1.0059661865234375,0.004180908203125,-0.0702667236328125
1760555130194186800,38.30818676757813,-1.003570556640625,-0.003082275390625,-0.11492919921875
1760555130204191700,38.318191650390624,-0.9951324462890625,-0.0100555419921875,-0.14208984375
1760555130214195500,38.32819555664062,-1.0020751953125,-0.00384521484375,-0.1336517333984375
1760555130224200400,38.338200439453125,-1.00177001953125,-0.0081329345703125,-0.1196136474609375
1760555130234204400,38.348204345703124,-0.989166259765625,-0.039337158203125,-0.1015777587890625
1760555130244208600,38.358208740234375,-0.984039306640625,-0.061431884765625,-0.077880859375
1760555130254213600,38.36821362304688,-0.9729766845703125,-0.0848541259765625,-0.0561065673828125
1760555130264217600,38.378217529296876,-0.968536376953125,-0.1016998291015625,-0.0440521240234375
1760555130274221600,38.3882216796875,-0.9683380126953125,-0.0970611572265625,-0.063079833984375
1760555130284226600,38.3982265625,-0.973297119140625,-0.089080810546875,-0.0464935302734375
1760555130294230800,38.40823071289063,-0.9989471435546875,-0.03204345703125,-0.032012939453125
1760555130304234500,38.418234375,-1.00384521484375,-0.0161285400390625,-0.0418548583984375
1760555130314239500,38.42823950195312,-1.0003814697265625,-0.02398681640625,-0.04461669921875
1760555130324243500,38.43824340820313,-0.9979705810546875,-0.024749755859375,-0.0447235107421875
1760555130334248400,38.44824853515625,-0.991790771484375,-0.0387725830078125,-0.043609619140625
1760555130344252700,38.458252685546874,-0.9856109619140625,-0.060699462890625,-0.0460662841796875
1760555130354256600,38.46825659179687,-0.985260009765625,-0.0609893798828125,-0.051513671875
1760555130364261600,38.47826171875,-0.989715576171875,-0.0439605712890625,-0.0495452880859375
1760555130374265600,38.488265625,-0.9954071044921875,-0.0376739501953125,-0.028900146484375
1760555130384270600,38.4982705078125,-0.999847412109375,-0.0354766845703125,-0.0161895751953125
1760555130394274800,38.50827490234375,-0.9915924072265625,-0.049041748046875,-0.0143890380859375
1760555130404278500,38.51827856445313,-0.982757568359375,-0.062286376953125,-0.012359619140625
1760555130414283500,38.52828344726562,-0.976898193359375,-0.07659912109375,-0.0017242431640625
1760555130424287500,38.53828759765625,-0.9783477783203125,-0.0756988525390625,-0.0197296142578125
1760555130434291700,38.54829174804688,-0.9806060791015625,-0.0650482177734375,-0.0119171142578125
1760555130444296700,38.558296630859374,-0.994476318359375,-0.027008056640625,0.004791259765625
1760555130454300700,38.56830078125,-1.01434326171875,0.0043487548828125,0.0128936767578125
1760555130464304600,38.5783046875,-1.0309600830078125,0.03631591796875,0.0179901123046875
1760555130474309600,38.5883095703125,-1.0371856689453125,0.05865478515625,0.0564117431640625
1760555130484313600,38.598313720703125,-1.0275726318359375,0.0435943603515625,0.056793212890625
1760555130494318600,38.60831860351563,-1.02099609375,0.0252685546875,0.0195465087890625
1760555130504322600,38.618322509765626,-1.0238800048828125,0.0355682373046875,-0.0066070556640625
1760555130514326500,38.628326416015625,-1.01416015625,0.0268707275390625,-0.0350494384765625
1760555130524331500,38.63833154296875,-1.012908935546875,0.0231475830078125,-0.074066162109375
1760555130534335500,38.64833544921875,-1.0053863525390625,-0.00067138671875,-0.0830841064453125
1760555130544339700,38.65833959960938,-0.9882049560546875,-0.0299072265625,-0.096160888671875
1760555130554344700,38.6683447265625,-0.975860595703125,-0.0563507080078125,-0.120941162109375
1760555130564348700,38.6783486328125,-0.963958740234375,-0.0888671875,-0.11334228515625
1760555130574353700,38.688353759765626,-0.9698944091796875,-0.0741424560546875,-0.091217041015625
1760555130584357400,38.698357421875,-0.9791412353515625,-0.056732177734375,-0.0581512451171875
1760555130594361600,38.70836157226562,-0.989166259765625,-0.041473388671875,-0.053985595703125
1760555130604366600,38.71836669921875,-0.996978759765625,-0.0312957763671875,-0.05670166015625
1760555130614370600,38.72837060546875,-0.9942169189453125,-0.0244140625,-0.0431060791015625
1760555130624374500,38.73837451171875,-0.9912109375,-0.02960205078125,-0.039886474609375
1760555130634379500,38.74837963867188,-0.99267578125,-0.03509521484375,-0.0613861083984375
1760555130644383700,38.7583837890625,-0.98834228515625,-0.0373687744140625,-0.0507659912109375
1760555130654388700,38.768388671875,-0.990875244140625,-0.03179931640625,-0.039764404296875
1760555130664392700,38.77839282226562,-1.0055389404296875,-0.00518798828125,-0.0438232421875
1760555130674396400,38.788396484375,-1.0077972412109375,0.0020599365234375,-0.026214599609375
1760555130684401400,38.7984013671875,-0.9996185302734375,-0.0125885009765625,-0.0059356689453125
1760555130694405600,38.80840551757812,-0.99639892578125,-0.0194244384765625,-0.0133056640625
1760555130704409600,38.81840966796875,-0.999359130859375,-0.02197265625,-0.0139312744140625
1760555130714414600,38.82841455078125,-1.0046234130859375,-0.0017547607421875,0.007415771484375
1760555130724418600,38.83841845703125,-1.00787353515625,0.0013580322265625,0.0104827880859375
1760555130734423600,38.84842358398438,-1.0101318359375,0.0047149658203125,-0.00030517578125
1760555130744427800,38.858427734375,-1.0000457763671875,-0.0021514892578125,-0.0042572021484375
1760555130754431500,38.868431396484375,-0.999481201171875,-0.0012054443359375,-0.00396728515625
1760555130764436700,38.87843676757812,-1.0108184814453125,0.0109710693359375,-0.01873779296875
1760555130774440400,38.8884404296875,-1.006439208984375,0.0020751953125,-0.0158233642578125
1760555130784444700,38.89844458007813,-0.9911956787109375,-0.0158538818359375,-0.0130767822265625
1760555130794449700,38.90844970703125,-0.9986724853515625,-0.0163726806640625,-0.039215087890625
1760555130804453600,38.91845361328125,-1.0060577392578125,0.0026092529296875,-0.0469512939453125
1760555130814457600,38.92845751953125,-1.0016021728515625,0.00299072265625,-0.0415496826171875
1760555130824462600,38.938462646484375,-1.0013275146484375,-0.0084075927734375,-0.0437164306640625
1760555130834466800,38.948466796875,-0.9928131103515625,-0.022125244140625,-0.0230865478515625
1760555130844471800,38.95847192382813,-0.988739013671875,-0.0281829833984375,-0.0131988525390625
1760555130854475500,38.9684755859375,-0.9950714111328125,-0.0195465087890625,-0.0117645263671875
1760555130864479500,38.9784794921875,-1.00177001953125,-0.003692626953125,-0.0066375732421875
1760555130874484500,38.988484375,-1.0030975341796875,0.00299072265625,0.0048828125
1760555130884488700,38.99848876953125,-0.9970550537109375,-0.0091400146484375,0.0125885009765625
1760555130894492700,39.00849267578125,-1.000885009765625,-0.0100860595703125,-0.0037078857421875
1760555130904497700,39.01849755859375,-1.0001373291015625,-0.00897216796875,-0.011993408203125
1760555130914501600,39.02850170898437,-0.9981689453125,-0.011383056640625,-0.0095367431640625
1760555130924506600,39.038506591796875,-0.9921417236328125,-0.0239715576171875,-0.0173797607421875
1760555130934510600,39.04851049804687,-0.99609375,-0.0109710693359375,-0.0139617919921875
1760555130944514600,39.0585146484375,-0.9957733154296875,-0.008544921875,0.0113067626953125
1760555130954519600,39.06851953125,-0.999420166015625,-0.0066070556640625,0.0157623291015625
1760555130964523500,39.0785234375,-0.9969635009765625,-0.003875732421875,0.0170440673828125
1760555130974527500,39.088527587890624,-1.001373291015625,-0.0050506591796875,0.02349853515625
1760555130984532500,39.09853247070313,-0.9958648681640625,-0.0069732666015625,0.021881103515625
1760555130994536700,39.10853662109375,-0.993194580078125,-0.0130767822265625,0.0138092041015625
1760555131004541700,39.11854174804687,-0.9972076416015625,-0.007720947265625,0.01708984375
1760555131014545700,39.12854565429687,-1.002197265625,0.00445556640625,0.0157470703125
1760555131024549600,39.13854956054688,-1.005889892578125,0.00830078125,0.00128173828125
1760555131034554600,39.1485546875,-1.003814697265625,0.0001678466796875,-0.0071868896484375
1760555131044558600,39.15855859375,-0.99371337890625,-0.012664794921875,-0.0129852294921875
1760555131054562600,39.1685625,-1.00274658203125,-0.0069732666015625,-0.036163330078125
1760555131064567600,39.178567626953125,-1.0030670166015625,-0.00848388671875,-0.0434112548828125
1760555131074571500,39.188571533203124,-0.9986419677734375,-0.0088958740234375,-0.02850341796875
1760555131084576500,39.19857641601563,-0.997955322265625,-0.011505126953125,-0.0197906494140625
1760555131094581200,39.20858129882812,-1.001495361328125,-0.0004425048828125,-0.013031005859375
1760555131104585200,39.21858520507813,-1.00494384765625,0.0005950927734375,-0.0258636474609375
1760555131114590200,39.22859008789062,-0.997955322265625,-0.0072784423828125,-0.0149688720703125
1760555131124594200,39.23859423828125,-1.0004119873046875,-0.004241943359375,-0.0083465576171875
1760555131134598100,39.24859814453125,-0.9985809326171875,-0.0144500732421875,-0.0103607177734375
1760555131144603100,39.25860302734375,-0.99102783203125,-0.0178680419921875,-0.0079345703125
1760555131154607400,39.268607421875,-0.997802734375,-0.0105438232421875,-0.0038604736328125
1760555131164611000,39.27861108398437,-0.998260498046875,-0.0143585205078125,-0.003814697265625
1760555131174616000,39.288615966796876,-0.99493408203125,-0.012847900390625,-0.0084075927734375
1760555131184620000,39.2986201171875,-0.9993133544921875,-0.008087158203125,-0.011077880859375
1760555131194625000,39.308625,-0.998504638671875,-0.0076141357421875,-0.00860595703125
1760555131204629200,39.31862915039063,-1,-0.0024261474609375,-0.0025482177734375
1760555131214633200,39.32863330078125,-1.0000762939453125,-0.0050811767578125,-0.00244140625
1760555131224638200,39.33863818359375,-0.999542236328125,-0.0060882568359375,-0.00286865234375
1760555131234642200,39.34864208984375,-0.9955902099609375,-0.013214111328125,-0.0088043212890625
1760555131244646100,39.35864624023438,-0.9986724853515625,-0.0137176513671875,-0.016876220703125
1760555131254651100,39.368651123046874,-0.9986419677734375,-0.009765625,-0.017578125
1760555131264655000,39.37865502929687,-1.0001373291015625,-0.005035400390625,-0.016510009765625
1760555131274660000,39.38866015625,-1.000579833984375,-0.00616455078125,-0.020172119140625
1760555131284664000,39.3986640625,-1.0009765625,-0.005340576171875,-0.0208892822265625
1760555131294668300,39.408668212890625,-0.996612548828125,-0.0159912109375,-0.0084381103515625
1760555131304673300,39.41867333984375,-0.9980010986328125,-0.007476806640625,-0.00830078125
1760555131314677200,39.42867724609375,-0.9995269775390625,-0.0091552734375,-0.006195068359375
1760555131324681200,39.43868115234375,-0.999847412109375,-0.00604248046875,-0.00189208984375
1760555131334686200,39.44868627929687,-0.99676513671875,-0.0071258544921875,0.0018310546875
1760555131344690200,39.45869018554688,-1.0005035400390625,-0.005706787109375,-0.001068115234375
1760555131354695200,39.468695068359374,-1.001251220703125,0.0011444091796875,-0.01409912109375
1760555131364699100,39.47869921875,-0.998931884765625,-0.0092010498046875,-0.0128173828125
1760555131374703000,39.488703125,-0.997711181640625,-0.0146942138671875,-0.0150146484375
1760555131384708000,39.4987080078125,-0.99774169921875,-0.0146331787109375,-0.026641845703125
1760555131394712300,39.50871240234375,-0.99920654296875,-0.012725830078125,-0.035186767578125
1760555131404716300,39.51871630859375,-0.9977874755859375,-0.0159912109375,-0.0340118408203125
1760555131414721300,39.52872119140625,-0.9961090087890625,-0.0196990966796875,-0.0306396484375
1760555131424725200,39.53872534179688,-0.9965362548828125,-0.0172882080078125,-0.0261077880859375
1760555131434729200,39.548729248046875,-0.9994354248046875,-0.011383056640625,-0.018035888671875
1760555131444734200,39.55873413085938,-1.00054931640625,-0.00872802734375,-0.0161285400390625
1760555131454738200,39.56873828125,-0.9995269775390625,-0.0111846923828125,-0.0176239013671875
1760555131464743200,39.5787431640625,-0.999969482421875,-0.0078582763671875,-0.012847900390625
1760555131474747100,39.5887470703125,-0.99609375,-0.0128173828125,-0.0141143798828125
1760555131484751000,39.59875122070312,-0.9979248046875,-0.013641357421875,-0.014739990234375
1760555131494756000,39.608756103515624,-1.0027008056640625,-0.0034637451171875,-0.011871337890625
1760555131504760300,39.61876025390625,-1.00030517578125,-0.005340576171875,-0.00823974609375
1760555131514764000,39.62876391601562,-1.0007171630859375,-0.004119873046875,-0.0110931396484375
1760555131524769300,39.638769287109376,-0.998077392578125,-0.014373779296875,-0.01739501953125
1760555131534773000,39.64877294921875,-0.9976959228515625,-0.0192413330078125,-0.0211334228515625
1760555131544778000,39.65877807617188,-0.9970703125,-0.0228118896484375,-0.018341064453125
1760555131554782200,39.6687822265625,-0.9995880126953125,-0.0157012939453125,-0.0138092041015625
1760555131564786200,39.6787861328125,-1.0068511962890625,-0.004547119140625,-0.0077972412109375
1760555131574791200,39.68879125976562,-0.9971771240234375,-0.0123138427734375,-0.0132904052734375
1760555131584795100,39.69879516601563,-0.988067626953125,-0.03521728515625,-0.02667236328125
1760555131594799400,39.70879931640625,-0.9940032958984375,-0.0343780517578125,-0.0348052978515625
1760555131604804400,39.718804443359375,-0.9933013916015625,-0.0309906005859375,-0.029541015625
1760555131614808000,39.72880810546875,-0.9862823486328125,-0.040924072265625,-0.030609130859375
1760555131624812000,39.73881201171875,-0.99163818359375,-0.0330047607421875,-0.03570556640625
1760555131634817000,39.748817138671875,-0.9958343505859375,-0.02813720703125,-0.026336669921875
1760555131644821200,39.7588212890625,-0.9996795654296875,-0.015869140625,-0.02447509765625
1760555131654826200,39.768826171875,-1.00115966796875,-0.0118255615234375,-0.0246429443359375
1760555131664830200,39.77883032226563,-0.99859619140625,-0.0185394287109375,-0.0253753662109375
1760555131674834200,39.788834228515626,-1.0019378662109375,-0.0131378173828125,-0.03497314453125
1760555131684839200,39.79883911132813,-0.9999542236328125,-0.0099639892578125,-0.0272064208984375
1760555131694843400,39.80884350585937,-1.0011138916015625,-0.009490966796875,-0.0189056396484375
1760555131704847000,39.81884716796875,-1.0039825439453125,-0.010223388671875,-0.0233001708984375
1760555131714852000,39.82885205078125,-1.001800537109375,-0.0071258544921875,-0.0204620361328125
1760555131724856000,39.83885595703125,-1.0047760009765625,-0.0010986328125,-0.0151519775390625
1760555131734861000,39.848861083984374,-1.003082275390625,-0.006927490234375,-0.0189056396484375
1760555131744865300,39.858865234375,-0.9926910400390625,-0.025604248046875,-0.02557373046875
1760555131754869200,39.868869140625,-0.991607666015625,-0.0297088623046875,-0.038604736328125
1760555131764874200,39.87887426757813,-0.99444580078125,-0.0308685302734375,-0.0479888916015625
1760555131774878200,39.888878173828125,-0.9945220947265625,-0.0281219482421875,-0.0386199951171875
1760555131784882200,39.898882080078124,-0.996429443359375,-0.0192413330078125,-0.0338134765625
1760555131794887400,39.90888745117188,-0.9969329833984375,-0.016937255859375,-0.0323638916015625
1760555131804891100,39.91889111328125,-0.99560546875,-0.0205078125,-0.0228424072265625
1760555131814895000,39.92889501953125,-1.0013885498046875,-0.01214599609375,-0.0228118896484375
1760555131824900000,39.93890014648437,-1.00262451171875,-0.008880615234375,-0.022186279296875
1760555131834904300,39.948904296875,-0.9930419921875,-0.024078369140625,-0.0145416259765625
1760555131844909300,39.958909423828125,-0.9947357177734375,-0.022216796875,-0.0251007080078125
1760555131854913300,39.968913330078124,-1.0026702880859375,-0.016204833984375,-0.0248565673828125
1760555131864917200,39.97891723632812,-1.0035858154296875,-0.0089263916015625,-0.0223541259765625
1760555131874922200,39.988922119140625,-1.0036163330078125,-0.00537109375,-0.02392578125
1760555131884926200,39.99892626953125,-1.000091552734375,-0.008758544921875,-0.031707763671875
1760555131894930200,40.00893017578125,-0.9986572265625,-0.0174102783203125,-0.0408172607421875
1760555131904935200,40.01893505859375,-0.99835205078125,-0.02105712890625,-0.0446014404296875
1760555131914939100,40.028939208984376,-0.9938812255859375,-0.0246429443359375,-0.033477783203125
1760555131924944100,40.03894409179688,-0.9953155517578125,-0.0209503173828125,-0.02655029296875
1760555131934948000,40.04894799804688,-1.0024566650390625,-0.00860595703125,-0.0142822265625
1760555131944952300,40.05895239257813,-1.00439453125,-0.000885009765625,-0.002655029296875
1760555131954957300,40.06895727539062,-0.99896240234375,-0.013153076171875,-0.011322021484375
1760555131964961300,40.07896118164062,-0.9967041015625,-0.0213470458984375,-0.0261688232421875
1760555131974965000,40.08896508789063,-0.9951171875,-0.0216217041015625,-0.0302276611328125
1760555131984970000,40.09896997070312,-0.995330810546875,-0.0272674560546875,-0.038238525390625
1760555131994974200,40.10897412109375,-0.9963226318359375,-0.0267333984375,-0.0391845703125
1760555132004978200,40.11897827148437,-0.9990692138671875,-0.01861572265625,-0.024810791015625
1760555132014983200,40.128983154296876,-1.0031890869140625,-0.009521484375,-0.014251708984375
1760555132024987100,40.138987060546874,-0.9991607666015625,-0.011016845703125,-0.0055694580078125
1760555132034992000,40.1489921875,-1.0009918212890625,-0.0106048583984375,-0.01116943359375
1760555132044996400,40.15899633789063,-1.0008392333984375,-0.016754150390625,-0.0180206298828125
1760555132055000300,40.169000244140626,-0.9994964599609375,-0.0189971923828125,-0.0244903564453125
1760555132065005300,40.17900537109375,-1.0007171630859375,-0.0160980224609375,-0.02545166015625
1760555132075009000,40.18900903320313,-0.9964141845703125,-0.0230865478515625,-0.0186614990234375
1760555132085013200,40.19901318359375,-1.001708984375,-0.0136566162109375,-0.01739501953125
1760555132095017500,40.209017578125,-1.0009307861328125,-0.013092041015625,-0.0072784423828125
1760555132105021400,40.219021484375,-1.0017242431640625,-0.0104217529296875,-0.0033111572265625
1760555132115026400,40.2290263671875,-0.9977569580078125,-0.0186004638671875,-0.0045928955078125
1760555132125030400,40.23903051757812,-0.9989166259765625,-0.0192413330078125,-0.0023956298828125
1760555132135034600,40.24903466796875,-0.994781494140625,-0.0246429443359375,-0.0043182373046875
1760555132145039600,40.25903955078125,-0.996307373046875,-0.0266876220703125,-0.012939453125
1760555132155043300,40.26904321289062,-0.9981842041015625,-0.022613525390625,-0.011962890625
1760555132165047300,40.27904736328125,-0.9998626708984375,-0.0179595947265625,-0.0105133056640625
1760555132175052300,40.28905224609375,-1.0001220703125,-0.0210113525390625,-0.0124969482421875
1760555132185056500,40.299056396484374,-0.9950408935546875,-0.023773193359375,-0.0114288330078125
1760555132195060500,40.309060546875,-0.9946746826171875,-0.0233306884765625,-0.00506591796875
1760555132205065500,40.3190654296875,-0.9954833984375,-0.0263214111328125,-0.01068115234375
1760555132215069400,40.3290693359375,-0.9990997314453125,-0.021331787109375,-0.0128936767578125
1760555132225074400,40.33907446289062,-0.9957275390625,-0.0265350341796875,-0.01324462890625
1760555132235078700,40.34907861328125,-0.9958038330078125,-0.0308074951171875,-0.011383056640625
1760555132245082400,40.35908227539063,-0.9950408935546875,-0.0303192138671875,-0.010406494140625
1760555132255087400,40.36908740234375,-0.9939422607421875,-0.0265960693359375,-0.0110015869140625
1760555132265091300,40.37909130859375,-0.9974822998046875,-0.026031494140625,-0.008056640625
1760555132275095600,40.38909545898437,-0.9991302490234375,-0.0200653076171875,-0.0068206787109375
1760555132285100500,40.3991005859375,-1.000244140625,-0.0151214599609375,-0.0123443603515625
1760555132295104500,40.4091044921875,-0.9984130859375,-0.016876220703125,-0.0034942626953125
1760555132305109500,40.41910961914063,-0.9979705810546875,-0.025543212890625,-0.0053558349609375
1760555132315113500,40.429113525390626,-1.00189208984375,-0.0195465087890625,-0.0101318359375
1760555132325117700,40.43911767578125,-0.9997100830078125,-0.016937255859375,-0.0168914794921875
1760555132335122700,40.44912280273437,-1.00091552734375,-0.017608642578125,-0.02032470703125
1760555132345126400,40.45912646484375,-1.003265380859375,-0.015167236328125,-0.018035888671875
1760555132355130400,40.46913037109375,-1.0048370361328125,-0.0109710693359375,-0.0103607177734375
1760555132365135400,40.47913525390625,-0.9967498779296875,-0.0153961181640625,-0.007659912109375
1760555132375139600,40.4891396484375,-0.9973297119140625,-0.0242767333984375,-0.005218505859375
1760555132385143600,40.4991435546875,-1.0024261474609375,-0.0163726806640625,-0.00054931640625
1760555132395148500,40.5091484375,-0.99688720703125,-0.0244140625,0.0006866455078125
1760555132405152500,40.51915258789062,-0.9980010986328125,-0.019683837890625,0.0046234130859375
1760555132415157500,40.529157470703126,-0.9991607666015625,-0.0146942138671875,0.002655029296875
1760555132425161500,40.539161376953125,-1.001800537109375,-0.0171051025390625,-0.011444091796875
1760555132435165400,40.54916552734375,-1.0001220703125,-0.01861572265625,-0.0132904052734375
1760555132445170400,40.55917041015625,-0.9972076416015625,-0.0245361328125,-0.009552001953125
1760555132455174400,40.56917431640625,-0.999298095703125,-0.026092529296875,-0.017333984375
1760555132465178400,40.579178466796876,-0.996368408203125,-0.0250701904296875,-0.0090789794921875
1760555132475183400,40.58918334960938,-0.995635986328125,-0.025787353515625,0.002044677734375
1760555132485187600,40.5991875,-0.9996337890625,-0.0216064453125,-0.0022735595703125
1760555132495191600,40.60919165039063,-0.99603271484375,-0.0276336669921875,0.0025177001953125
1760555132505196500,40.61919653320312,-0.99859619140625,-0.024566650390625,-0.000274658203125
1760555132515200300,40.6292001953125,-0.999114990234375,-0.0187225341796875,-0.001312255859375
1760555132525205200,40.639205322265624,-0.997833251953125,-0.0172119140625,0.002655029296875
1760555132535209500,40.64920947265625,-1.0016326904296875,-0.0177459716796875,-0.002593994140625
1760555132545213400,40.65921337890625,-1.000518798828125,-0.0197906494140625,-0.0045318603515625
1760555132555218400,40.66921850585938,-1.0014495849609375,-0.0166473388671875,-0.0045166015625
1760555132565222400,40.679222412109375,-1.0004119873046875,-0.0206146240234375,-0.010040283203125
1760555132575226600,40.6892265625,-0.9993438720703125,-0.023193359375,-0.0106964111328125
1760555132585231600,40.69923168945313,-0.9976806640625,-0.0261383056640625,-0.0078887939453125
1760555132595235600,40.70923559570313,-0.997161865234375,-0.027740478515625,-0.0067901611328125
1760555132605240600,40.71924047851562,-0.99603271484375,-0.0251312255859375,-0.001312255859375
1760555132615244300,40.72924438476562,-0.99664306640625,-0.024658203125,0.00054931640625
1760555132625248500,40.73924853515625,-1.0017547607421875,-0.0207977294921875,-0.0038299560546875
1760555132635253500,40.74925341796875,-1.0009307861328125,-0.0202789306640625,-0.006011962890625
1760555132645257500,40.759257568359374,-0.996673583984375,-0.0257415771484375,-0.01104736328125
1760555132655261400,40.76926147460937,-0.9975128173828125,-0.02691650390625,-0.01275634765625
1760555132665266400,40.779266357421875,-0.9997711181640625,-0.02691650390625,-0.010650634765625
1760555132675270700,40.789270751953126,-0.997406005859375,-0.028961181640625,-0.009674072265625
1760555132685274400,40.7992744140625,-0.9980621337890625,-0.021575927734375,-0.0074310302734375
1760555132695279600,40.80927954101563,-1.001220703125,-0.0193939208984375,-0.0046539306640625
1760555132705283300,40.819283447265626,-1.0029296875,-0.0192413330078125,-0.005523681640625
1760555132715288300,40.82928833007813,-0.999359130859375,-0.020538330078125,-0.0013580322265625
1760555132725292500,40.83929248046875,-1.0008087158203125,-0.0200042724609375,-0.0017852783203125
1760555132735296500,40.84929663085938,-1.0006256103515625,-0.023834228515625,-0.001190185546875
1760555132745301500,40.85930151367187,-1.00244140625,-0.0176544189453125,0.0039825439453125
1760555132755305500,40.86930541992187,-1.0043792724609375,-0.0136566162109375,0.0039520263671875
1760555132765309700,40.87930981445312,-1.0041351318359375,-0.0176544189453125,-0.002777099609375
1760555132775314700,40.889314697265625,-0.99908447265625,-0.0256195068359375,0.0015106201171875
1760555132785318400,40.899318359375,-0.9934539794921875,-0.0329132080078125,0.006927490234375
1760555132795322400,40.909322265625,-0.99267578125,-0.0436248779296875,-0.0018463134765625
1760555132805327400,40.919327392578126,-0.9946441650390625,-0.03887939453125,-0.00469970703125
1760555132815331600,40.92933154296875,-0.996429443359375,-0.0357818603515625,-0.0044097900390625
1760555132825336600,40.93933666992187,-0.9982147216796875,-0.0268402099609375,-0.0078582763671875
1760555132835340500,40.94934057617188,-0.9996337890625,-0.023681640625,-0.002777099609375
1760555132845344500,40.959344482421876,-0.996551513671875,-0.032867431640625,-0.0126953125
1760555132855349500,40.969349609375,-0.99853515625,-0.031707763671875,-0.0112762451171875
1760555132865353500,40.979353515625,-0.998870849609375,-0.022247314453125,-0.0041961669921875
1760555132875357400,40.989357421875,-1.00445556640625,-0.01788330078125,-0.0088043212890625
1760555132885362400,40.999362548828124,-1.003204345703125,-0.0195465087890625,0.0047454833984375
1760555132895366400,41.00936645507812,-1.0065155029296875,-0.007568359375,0.007293701171875
1760555132905370400,41.01937036132812,-1.0184478759765625,0.0076751708984375,0.0022735595703125
1760555132915375400,41.029375244140624,-1.0107574462890625,-0.0009765625,0.0027008056640625
1760555132925379600,41.039379638671875,-1.004180908203125,-0.021026611328125,-0.0035552978515625
1760555132935384600,41.04938452148438,-0.9980926513671875,-0.0361480712890625,-0.006134033203125
1760555132945388500,41.059388427734376,-0.99493408203125,-0.0383758544921875,0.00006103515625
1760555132955392300,41.069392333984375,-0.99945068359375,-0.0339202880859375,-0.0042877197265625
1760555132965397500,41.0793974609375,-0.9993438720703125,-0.0315093994140625,0.00054931640625
1760555132975401500,41.0894013671875,-1.0001373291015625,-0.03436279296875,0.0055084228515625
1760555132985405400,41.09940551757813,-0.996795654296875,-0.038116455078125,0.0010986328125
1760555132995410400,41.10941040039062,-0.9892425537109375,-0.0525970458984375,-0.0045623779296875
1760555133005414400,41.11941430664063,-0.9889678955078125,-0.0559234619140625,-0.001953125
1760555133015418600,41.12941870117187,-0.99273681640625,-0.0526275634765625,0.0035552978515625
1760555133025423600,41.139423583984374,-0.9967041015625,-0.04351806640625,0.002197265625
1760555133035427600,41.14942749023437,-1.0084075927734375,-0.0173492431640625,0.0064697265625
1760555133045432600,41.1594326171875,-1.00592041015625,-0.018646240234375,0.005401611328125
1760555133055436300,41.169436279296875,-1.005157470703125,-0.0207366943359375,0.001068115234375
1760555133065440500,41.1794404296875,-1.0003814697265625,-0.0295257568359375,0.0063934326171875
1760555133075445500,41.18944555664063,-1.0036163330078125,-0.03033447265625,0.0072174072265625
1760555133085449500,41.19944946289063,-1.00360107421875,-0.0356597900390625,-0.001953125
1760555133095453400,41.209453369140626,-1.0043487548828125,-0.0273590087890625,0.0098114013671875
1760555133105458400,41.21945849609375,-1.0002899169921875,-0.027801513671875,0.016326904296875
1760555133115462700,41.22946264648437,-1.00347900390625,-0.03338623046875,0.0122222900390625
1760555133125466400,41.23946630859375,-0.9912109375,-0.060546875,0.002960205078125
1760555133135471400,41.24947143554687,-0.982086181640625,-0.08154296875,-0.009033203125
1760555133145475300,41.25947534179687,-0.9833526611328125,-0.0822906494140625,-0.0107421875
1760555133155480300,41.269480224609374,-0.9968414306640625,-0.065399169921875,-0.0095977783203125
1760555133165484500,41.279484619140625,-1.018585205078125,-0.019317626953125,-0.0124359130859375
1760555133175488500,41.289488525390624,-1.0236053466796875,-0.00146484375,0.0018310546875
1760555133185493500,41.299493408203126,-1.018585205078125,-0.007537841796875,-0.0091400146484375
1760555133195497500,41.30949755859375,-1.0186004638671875,-0.019073486328125,-0.017242431640625
1760555133205501400,41.31950146484375,-1.0093841552734375,-0.031707763671875,-0.0084075927734375
1760555133215506400,41.32950634765625,-1.0017852783203125,-0.0509033203125,-0.0069427490234375
1760555133225510400,41.33951049804688,-1.0015411376953125,-0.0570068359375,-0.005645751953125
1760555133235515400,41.34951538085937,-0.9939117431640625,-0.0706939697265625,0.0010528564453125
1760555133245519400,41.35951928710937,-0.98095703125,-0.097991943359375,-0.0196685791015625
1760555133255523300,41.3695234375,-0.9855804443359375,-0.0962677001953125,-0.04022216796875
1760555133265528300,41.3795283203125,-0.9943084716796875,-0.0811309814453125,-0.02618408203125
1760555133275532500,41.389532470703124,-0.990692138671875,-0.092529296875,-0.0275421142578125
1760555133285536500,41.39953662109375,-0.986724853515625,-0.0960693359375,-0.0144195556640625
1760555133295541500,41.40954150390625,-0.9835205078125,-0.0966796875,0.005096435546875
1760555133305545200,41.419545166015624,-0.9882049560546875,-0.1044921875,-0.0090789794921875
1760555133315549400,41.429549560546874,-0.989349365234375,-0.087249755859375,0.00439453125
1760555133325554400,41.43955444335938,-0.9966888427734375,-0.068389892578125,0.0166168212890625
1760555133335558400,41.449558349609376,-1.0204925537109375,-0.044769287109375,0.0157623291015625
1760555133345563400,41.4595634765625,-1.004852294921875,-0.0415496826171875,0.0250244140625
1760555133355567400,41.4695673828125,-1.025390625,-0.0388641357421875,0.0112152099609375
1760555133365571600,41.47957153320313,-1.0185699462890625,-0.0394744873046875,0.01824951171875
1760555133375576600,41.48957666015625,-1.025360107421875,-0.0373687744140625,0.0103759765625
1760555133385580500,41.49958056640625,-1.022979736328125,-0.0455322265625,0.0203704833984375
1760555133395584300,41.50958422851563,-1.0019378662109375,-0.06903076171875,0.017852783203125
1760555133405589200,41.51958935546875,-0.9951171875,-0.110595703125,-0.0109710693359375
1760555133415593500,41.529593505859374,-0.9747314453125,-0.13232421875,-0.0361175537109375
1760555133425597400,41.53959741210937,-0.9745635986328125,-0.1488189697265625,-0.042327880859375
1760555133435602400,41.5496025390625,-0.95166015625,-0.1763763427734375,-0.0517730712890625
1760555133445606400,41.5596064453125,-0.948822021484375,-0.1673126220703125,-0.0641021728515625
1760555133455611400,41.569611328125,-0.9499969482421875,-0.134857177734375,-0.0546722412109375
1760555133465615600,41.57961572265625,-0.951934814453125,-0.1375885009765625,-0.0576019287109375
1760555133475619600,41.58961962890625,-0.9661712646484375,-0.129913330078125,-0.035736083984375
1760555133485624600,41.59962451171875,-0.95623779296875,-0.1186370849609375,-0.0281524658203125
1760555133495628300,41.60962817382813,-1.006195068359375,-0.137542724609375,-0.01519775390625
1760555133505632500,41.61963256835938,-0.9971923828125,-0.126708984375,-0.006866455078125
1760555133515637500,41.629637451171874,-0.9620819091796875,-0.1283416748046875,-0.003692626953125
1760555133525641500,41.63964135742187,-1.0065765380859375,-0.1627044677734375,-0.0037689208984375
1760555133535645400,41.6496455078125,-1.00054931640625,-0.1725311279296875,-0.011383056640625
1760555133545650400,41.659650390625,-0.9897308349609375,-0.1488037109375,0.003570556640625
1760555133555654400,41.669654296875,-1.0074005126953125,-0.1360015869140625,-0.0005645751953125
1760555133565659600,41.67965966796875,-0.9883575439453125,-0.1269989013671875,-0.026702880859375
1760555133575663400,41.689663330078126,-0.9895782470703125,-0.1300811767578125,-0.0447235107421875
1760555133585667300,41.699667236328125,-0.990692138671875,-0.19195556640625,-0.03497314453125
1760555133595672300,41.70967236328125,-0.9612579345703125,-0.206817626953125,-0.0746307373046875
1760555133605676300,41.71967626953125,-0.9702301025390625,-0.1688232421875,-0.0960693359375
1760555133615680500,41.72968041992188,-0.931243896484375,-0.2401123046875,-0.1782684326171875
1760555133625685500,41.739685546875,-0.8894805908203125,-0.16644287109375,-0.075225830078125
1760555133635689500,41.749689453125,-0.896148681640625,-0.13861083984375,-0.04791259765625
1760555133645693400,41.759693359375,-0.962158203125,-0.165557861328125,-0.0276031494140625
1760555133655698400,41.769698486328124,-1.0096435546875,-0.1662445068359375,-0.008575439453125
1760555133665702400,41.77970239257812,-0.9449462890625,-0.1660614013671875,-0.012603759765625
1760555133675706400,41.78970629882812,-1.0302886962890625,-0.1675567626953125,0.013671875
1760555133685711400,41.79971142578125,-0.986541748046875,-0.1642303466796875,-0.00677490234375
1760555133695715300,41.80971533203125,-0.9972686767578125,-0.1617279052734375,0.0120849609375
1760555133705720300,41.81972021484375,-1.0290069580078125,-0.1783905029296875,0.010772705078125
1760555133715724500,41.829724609375,-1.01031494140625,-0.130126953125,0.0154266357421875
1760555133725728500,41.839728515625,-1.0172119140625,-0.0287322998046875,0.0456390380859375
1760555133735733500,41.8497333984375,-1.029022216796875,-0.0270843505859375,0.022674560546875
1760555133745737500,41.85973754882812,-1.0003814697265625,-0.06494140625,0.0455322265625
1760555133755741400,41.86974145507813,-0.97967529296875,-0.106414794921875,0.04168701171875
1760555133765746400,41.87974633789062,-0.9791717529296875,-0.1065216064453125,0.0360107421875
1760555133775750400,41.88975048828125,-0.98577880859375,-0.1096038818359375,0.0399932861328125
1760555133785754400,41.89975439453125,-0.979095458984375,-0.1247406005859375,0.05859375
1760555133795759400,41.90975927734375,-0.96630859375,-0.11785888671875,0.0636749267578125
1760555133805763600,41.919763671875,-0.9534759521484375,-0.09869384765625,0.0272369384765625
1760555133815768600,41.9297685546875,-1.0062103271484375,-0.083831787109375,0.02838134765625
1760555133825772500,41.9397724609375,-0.98956298828125,-0.1128387451171875,-0.0134124755859375
1760555133835776300,41.9497763671875,-0.9782562255859375,-0.1005096435546875,-0.0474853515625
1760555133845781200,41.95978125,-1.0100250244140625,-0.0631103515625,0.00811767578125
1760555133855785500,41.96978540039063,-0.985687255859375,-0.0416412353515625,-0.0135650634765625
1760555133865789400,41.97978955078125,-1.03350830078125,-0.008697509765625,-0.011077880859375
1760555133875794400,41.98979443359375,-1.013031005859375,-0.0234222412109375,-0.01641845703125
1760555133885798400,41.99979833984375,-1.016082763671875,-0.0019378662109375,-0.00250244140625
1760555133895802600,42.009802734375,-1.0074462890625,-0.0192108154296875,0.020599365234375
1760555133905807600,42.0198076171875,-0.991729736328125,-0.0229949951171875,0.011383056640625
1760555133915811600,42.0298115234375,-1.0159454345703125,-0.008758544921875,0.0335235595703125
1760555133925815300,42.03981518554688,-1.00732421875,-0.008514404296875,0.037811279296875
1760555133935820300,42.0498203125,-1.008056640625,-0.0018768310546875,0.0308380126953125
1760555133945824500,42.059824462890624,-0.99725341796875,-0.019500732421875,0.0224151611328125
1760555133955829500,42.06982958984375,-1.0123443603515625,-0.02227783203125,0.0087127685546875
1760555133965833500,42.07983349609375,-1.0135650634765625,0.00225830078125,-0.01171875
1760555133975837400,42.08983740234375,-1.020782470703125,0.01104736328125,-0.022430419921875
1760555133985842400,42.09984252929687,-1.0057830810546875,-0.0171661376953125,-0.03582763671875
1760555133995846400,42.10984643554688,-0.9983978271484375,-0.0355682373046875,-0.0294647216796875
1760555134005850600,42.1198505859375,-1.0002288818359375,-0.03948974609375,-0.03399658203125
1760555134015855600,42.129855712890624,-1.0185089111328125,-0.005950927734375,-0.0487823486328125
1760555134025859300,42.139859375,-1.0222320556640625,0.013824462890625,-0.0359344482421875
1760555134035863300,42.14986328125,-1.008148193359375,0.0114593505859375,-0.0233001708984375
1760555134045868300,42.159868408203124,-1.0153350830078125,0.0157012939453125,-0.019805908203125
1760555134055872500,42.16987255859375,-1.0039215087890625,-0.0153350830078125,-0.016082763671875
1760555134065877500,42.17987744140625,-0.9898681640625,-0.0481414794921875,-0.0075225830078125
1760555134075881500,42.189881591796876,-0.9827728271484375,-0.04278564453125,-0.009429931640625
1760555134085885400,42.199885498046875,-1.004364013671875,-0.0308074951171875,-0.0018310546875
1760555134095891000,42.20989086914062,-1.001953125,-0.02081298828125,-0.009796142578125
1760555134105895200,42.21989526367187,-0.9906158447265625,-0.027099609375,-0.0112762451171875
1760555134115899000,42.22989892578125,-0.9958343505859375,-0.0213165283203125,0.007904052734375
1760555134125904000,42.23990380859375,-1.0020599365234375,-0.0038299560546875,0.026397705078125
1760555134135907800,42.24990795898437,-0.9956817626953125,-0.0055999755859375,0.045135498046875
1760555134145911800,42.25991186523437,-0.995635986328125,0.001861572265625,0.0506591796875
1760555134155917000,42.2699169921875,-1.0034942626953125,0.0198516845703125,0.0532684326171875
1760555134165921000,42.279921142578125,-0.9998321533203125,0.0185394287109375,0.065704345703125
1760555134175925000,42.289925048828124,-0.9868927001953125,0.0163726806640625,0.0674285888671875
1760555134185930000,42.29992993164063,-0.996551513671875,0.0210418701171875,0.06951904296875
1760555134195933700,42.30993359375,-0.9974365234375,-0.0234527587890625,0.010467529296875
1760555134205939000,42.31993896484375,-0.9908905029296875,-0.0336761474609375,-0.0312042236328125
1760555134215943000,42.32994287109375,-1.0050048828125,-0.0092010498046875,0.00946044921875
1760555134225947000,42.33994677734375,-0.9873199462890625,-0.0104217529296875,-0.0231781005859375
1760555134235951900,42.34995190429687,-1.01214599609375,-0.0036468505859375,-0.00970458984375
1760555134245955800,42.35995581054687,-0.999237060546875,-0.026397705078125,-0.01104736328125
1760555134255960000,42.3699599609375,-0.9700927734375,-0.0264739990234375,-0.012664794921875
1760555134265965000,42.379965087890625,-1.01580810546875,-0.000274658203125,-0.0091400146484375
1760555134275969000,42.389968994140624,-1.0182342529296875,0.01654052734375,-0.0150146484375
1760555134285972700,42.39997265625,-1.0023651123046875,0.01910400390625,0.0006866455078125
1760555134295977700,42.409977783203125,-1.000274658203125,0.0072784423828125,0.001983642578125
1760555134305982000,42.41998193359375,-1.0059661865234375,0.0032501220703125,-0.0065765380859375
1760555134315986000,42.42998583984375,-1.0010528564453125,0.0069580078125,-0.0049591064453125
1760555134325991000,42.43999096679688,-1.003143310546875,-0.0016937255859375,-0.0169677734375
1760555134335995000,42.449994873046876,-1.0042266845703125,-0.0048370361328125,-0.02276611328125
1760555134346000000,42.45999975585938,-0.9972381591796875,-0.0001983642578125,-0.007110595703125
1760555134356004000,42.47000415039062,-1.0016937255859375,0.01336669921875,-0.0091094970703125
1760555134366008000,42.48000805664063,-1.0085296630859375,0.0098876953125,-0.013580322265625
1760555134376013000,42.49001293945312,-0.999603271484375,-0.001190185546875,-0.007659912109375
1760555134386016800,42.50001684570312,-0.995697021484375,-0.0103912353515625,-0.0123138427734375
1760555134396021000,42.51002099609375,-0.999603271484375,-0.00958251953125,-0.0137481689453125
1760555134406026000,42.52002587890625,-0.995361328125,-0.007049560546875,-0.0190887451171875
1760555134416030000,42.530030029296874,-0.9963226318359375,-0.0157623291015625,-0.013885498046875
1760555134426034000,42.54003393554687,-0.990478515625,-0.034454345703125,-0.0008392333984375
1760555134436039000,42.550038818359376,-0.98748779296875,-0.0194854736328125,0.0006256103515625
1760555134446043100,42.560043212890626,-1.0053253173828125,0.000946044921875,-0.0019989013671875
1760555134456046800,42.570046875,-1.00799560546875,0.006317138671875,-0.007720947265625
1760555134466052000,42.58005200195313,-0.995635986328125,-0.0011444091796875,-0.0104217529296875
1760555134476055800,42.59005590820313,-1.0047607421875,0.0106201171875,-0.0052642822265625
1760555134486060800,42.60006079101562,-1.0069122314453125,0.0048675537109375,-0.016448974609375
1760555134496065000,42.61006494140625,-0.9989013671875,-0.0053558349609375,-0.008941650390625
1760555134506069000,42.62006909179688,-0.9922027587890625,-0.0119476318359375,-0.0002288818359375
1760555134516074000,42.630073974609374,-1.0037994384765625,-0.001800537109375,0.0006866455078125
1760555134526078000,42.64007788085937,-1.0031280517578125,-0.004364013671875,-0.009429931640625
1760555134536082000,42.65008203125,-0.9973602294921875,-0.0098114013671875,-0.0170135498046875
1760555134546087000,42.6600869140625,-1.00091552734375,-0.0074310302734375,-0.0136566162109375
1760555134556091000,42.6700908203125,-1.0027008056640625,-0.004058837890625,-0.0185546875
1760555134566094800,42.6800947265625,-0.99755859375,-0.0150299072265625,-0.0128021240234375
1760555134576099800,42.690099853515626,-0.99114990234375,-0.0250244140625,-0.0079803466796875
1760555134586103800,42.700103759765625,-0.9974365234375,-0.015777587890625,-0.0036163330078125
1760555134596108000,42.71010791015625,-1.0042572021484375,-0.00067138671875,-0.0039825439453125
1760555134606113000,42.72011303710938,-1.0053253173828125,0.0013427734375,-0.0030059814453125
1760555134616117000,42.73011694335938,-0.9996795654296875,-0.0006561279296875,-0.0019683837890625
1760555134626121000,42.740120849609376,-0.9995269775390625,-0.00164794921875,0.001251220703125
1760555134636126000,42.7501259765625,-1.0048828125,0.0017242431640625,0.000762939453125
1760555134646130000,42.7601298828125,-1.00726318359375,0.0020599365234375,-0.0027313232421875
1760555134656135000,42.770135009765625,-1.0085906982421875,0.0142974853515625,-0.00213623046875
1760555134666139000,42.78013891601562,-1.006805419921875,0.0064697265625,-0.0037384033203125
1760555134676142800,42.79014282226562,-0.99957275390625,-0.0147552490234375,-0.0107269287109375
1760555134686147800,42.80014794921875,-0.9947662353515625,-0.03070068359375,-0.01025390625
1760555134696152000,42.810152099609375,-0.9864349365234375,-0.0435638427734375,0.0025177001953125
1760555134706156000,42.820156005859374,-0.985107421875,-0.04681396484375,0.0110626220703125
1760555134716161000,42.8301611328125,-0.985504150390625,-0.041900634765625,0.0157012939453125
1760555134726165000,42.8401650390625,-0.990631103515625,-0.03515625,0.0198516845703125
1760555134736169000,42.8501689453125,-0.992340087890625,-0.0290069580078125,0.015228271484375
1760555134746174000,42.86017407226562,-0.997100830078125,-0.0152587890625,0.0171966552734375
1760555134756178000,42.87017797851563,-1.0001373291015625,-0.0087432861328125,0.012115478515625
1760555134766182000,42.880181884765626,-0.9958953857421875,-0.018463134765625,0.0131378173828125
1760555134776187000,42.89018676757812,-0.99652099609375,-0.0135040283203125,0.017181396484375
1760555134786191000,42.90019116210937,-1.0003662109375,-0.0033416748046875,0.016876220703125
1760555134796196000,42.910196044921875,-1.0012664794921875,-0.0111846923828125,0.0167694091796875
1760555134806200000,42.920199951171874,-0.993865966796875,-0.0211029052734375,0.023101806640625
1760555134816203800,42.93020385742187,-0.99261474609375,-0.0215606689453125,0.026702880859375
1760555134826208800,42.940208740234375,-0.9932403564453125,-0.02154541015625,0.021270751953125
1760555134836213000,42.950212890625,-0.997528076171875,-0.021270751953125,0.0190887451171875
1760555134846217000,42.960217041015625,-0.9933013916015625,-0.0352325439453125,0.0153656005859375
1760555134856222000,42.97022192382813,-0.985992431640625,-0.03082275390625,0.0092010498046875
1760555134866226000,42.980225830078126,-1.0012359619140625,-0.0161590576171875,0.003509521484375
1760555134876230000,42.99022998046875,-1.0017547607421875,-0.0154266357421875,-0.0053253173828125
1760555134886235000,43.00023486328125,-1.0001678466796875,-0.0098876953125,-0.0052642822265625
1760555134896239000,43.01023901367188,-1.0051727294921875,0.00054931640625,-0.014495849609375
1760555134906242800,43.02024291992188,-1.00958251953125,0.003204345703125,-0.016876220703125
1760555134916247800,43.03024780273437,-1.0020599365234375,-0.00445556640625,-0.005615234375
1760555134926251800,43.04025170898438,-1.002777099609375,0.0045166015625,-0.0005645751953125
1760555134936256000,43.05025610351562,-1.007598876953125,0.00225830078125,0.0044403076171875
1760555134946261000,43.060260986328124,-1.0005645751953125,-0.008636474609375,0.0081634521484375
1760555134956265000,43.07026489257812,-0.9928131103515625,-0.0129547119140625,0.0091094970703125
1760555134966270000,43.08027001953125,-0.998809814453125,-0.0196533203125,0.014190673828125
1760555134976274000,43.09027392578125,-0.9918212890625,-0.0313568115234375,0.020294189453125
1760555134986278000,43.10027783203125,-0.9844207763671875,-0.0366363525390625,0.0162811279296875
1760555134996283100,43.110283203125,-0.988311767578125,-0.024749755859375,0.0079193115234375
1760555135006286800,43.12028686523438,-1.0078887939453125,-0.0146331787109375,-0.00390625
1760555135016290800,43.130290771484376,-1.002960205078125,-0.00604248046875,-0.024139404296875
1760555135026295800,43.1402958984375,-1.0054779052734375,0.004180908203125,-0.018280029296875
1760555135036300000,43.15030004882812,-1.0024566650390625,-0.0032501220703125,-0.0241546630859375
1760555135046304000,43.16030395507813,-1.0040130615234375,-0.0086669921875,-0.018310546875
1760555135056309000,43.17030908203125,-0.9986419677734375,-0.0095977783203125,-0.011932373046875
1760555135066313000,43.18031298828125,-1.00140380859375,-0.0042724609375,-0.0092620849609375
1760555135076317000,43.19031689453125,-0.99993896484375,-0.01031494140625,-0.003997802734375
1760555135086322000,43.200322021484375,-0.994659423828125,-0.012847900390625,0.0037841796875
1760555135096325400,43.21032543945312,-1.0014190673828125,-0.0066375732421875,0.0093231201171875
1760555135106330400,43.220330322265625,-0.998779296875,-0.0122833251953125,0.00177001953125
1760555135116334300,43.23033422851562,-0.998291015625,-0.01025390625,0.0008697509765625
1760555135126338600,43.240338623046874,-0.995086669921875,-0.010528564453125,-0.0001220703125
1760555135136343600,43.25034350585938,-1.0012359619140625,-0.011260986328125,-0.0080108642578125
1760555135146347500,43.260347412109375,-1.00347900390625,-0.0136260986328125,-0.01361083984375
1760555135156351500,43.2703515625,-0.99188232421875,-0.02032470703125,-0.0077056884765625
1760555135166356500,43.2803564453125,-1.001129150390625,-0.0107879638671875,-0.0029449462890625
1760555135176360400,43.2903603515625,-1.000396728515625,-0.01153564453125,-0.0104217529296875
1760555135186364400,43.300364501953126,-1.0026397705078125,0.0030670166015625,-0.0022125244140625
1760555135196369400,43.31036938476562,-1.0000762939453125,-0.00103759765625,0.0079193115234375
1760555135206373400,43.32037329101563,-1.0000152587890625,-0.0049896240234375,0.0006866455078125
1760555135216377600,43.33037768554688,-1.0049896240234375,-0.0002593994140625,0.000152587890625
1760555135226382600,43.340382568359374,-0.995391845703125,-0.0078125,0.0054473876953125
1760555135236386600,43.35038647460937,-0.9986114501953125,-0.00860595703125,0.0050811767578125
1760555135246390500,43.360390625,-1.0001220703125,-0.00994873046875,-0.00079345703125
1760555135256395500,43.3703955078125,-0.997802734375,-0.014068603515625,0.0039215087890625
1760555135266399500,43.3803994140625,-0.9954376220703125,-0.0108642578125,0.0036773681640625
1760555135276404500,43.39040454101563,-1.0056610107421875,-0.0007781982421875,-0.0032196044921875
1760555135286408400,43.400408447265626,-1.0034637451171875,-0.0035552978515625,-0.00732421875
1760555135296412400,43.410412353515625,-0.9927215576171875,-0.01318359375,-0.003143310546875
1760555135306417400,43.42041748046875,-0.998504638671875,-0.014678955078125,-0.0037689208984375
1760555135316421600,43.43042163085938,-1.0010833740234375,-0.011383056640625,-0.0059967041015625
1760555135326425600,43.44042553710938,-1.00048828125,-0.0066986083984375,-0.000823974609375
1760555135336430600,43.4504306640625,-0.9982452392578125,-0.0084381103515625,0.00201416015625
1760555135346434600,43.4604345703125,-1.0031890869140625,-0.007354736328125,0.0005950927734375
1760555135356438300,43.47043823242188,-1,-0.00714111328125,-0.0016326904296875
1760555135366443500,43.480443603515624,-1.000732421875,0.001220703125,0.0009765625
1760555135376447500,43.49044750976562,-1.0011138916015625,-0.0061492919921875,-0.005889892578125
1760555135386451500,43.50045141601562,-0.99713134765625,-0.01226806640625,-0.0089569091796875
1760555135396456400,43.51045654296875,-0.9986114501953125,-0.0097808837890625,0.0005645751953125
1760555135406460400,43.52046044921875,-0.9963836669921875,-0.0178375244140625,-0.0031890869140625
1760555135416464600,43.530464599609374,-0.9983978271484375,-0.01568603515625,0.0005645751953125
1760555135426469600,43.5404697265625,-0.9964752197265625,-0.0113372802734375,0.001495361328125
1760555135436473300,43.550473388671875,-1.0027618408203125,-0.0036773681640625,-0.0008544921875
1760555135446478300,43.56047827148438,-1.000213623046875,-0.009613037109375,-0.0077362060546875
1760555135456482300,43.570482421875,-1.00018310546875,-0.01104736328125,-0.0094451904296875
1760555135466486500,43.58048657226563,-0.996063232421875,-0.0173187255859375,-0.00262451171875
1760555135476491500,43.59049145507812,-0.9966583251953125,-0.0220794677734375,0.0059051513671875
1760555135486495500,43.60049560546875,-0.9936676025390625,-0.0275421142578125,0.0037994384765625
1760555135496499500,43.61049951171875,-0.9942626953125,-0.02752685546875,0.0087432861328125
1760555135506504400,43.62050439453125,-0.9961395263671875,-0.021636962890625,0.0023040771484375
1760555135516508700,43.6305087890625,-1.0082244873046875,-0.00262451171875,0.000213623046875
1760555135526512400,43.64051245117187,-1.0046844482421875,-0.0051116943359375,-0.0072174072265625
1760555135536517400,43.650517333984375,-1.0006561279296875,-0.0121002197265625,-0.0060272216796875
1760555135546521300,43.660521240234374,-0.999969482421875,-0.0158538818359375,-0.00274658203125
1760555135556525600,43.670525634765625,-0.997283935546875,-0.0248260498046875,0.00286865234375
1760555135566530600,43.68053051757813,-0.99017333984375,-0.03271484375,0.01373291015625
1760555135576534500,43.690534423828126,-0.9883270263671875,-0.03466796875,0.0166168212890625
1760555135586538500,43.70053857421875,-0.9920196533203125,-0.0311126708984375,0.0215606689453125
1760555135596543500,43.71054345703125,-0.994354248046875,-0.0247802734375,0.0161895751953125
1760555135606547700,43.72054760742188,-0.9999847412109375,-0.0172119140625,0.010711669921875
1760555135616551400,43.73055151367188,-0.9983673095703125,-0.0128173828125,0.002349853515625
1760555135626556400,43.74055639648437,-1.0009002685546875,-0.009613037109375,0.0037384033203125
1760555135636560400,43.75056030273438,-0.99835205078125,-0.0143890380859375,0.0074005126953125
1760555135646565400,43.7605654296875,-0.99493408203125,-0.02276611328125,0.01165771484375
1760555135656569600,43.770569580078124,-0.99749755859375,-0.018280029296875,0.00701904296875
1760555135666573600,43.78057348632812,-1.0050811767578125,-0.0081787109375,-0.0004730224609375
1760555135676578600,43.79057861328125,-1.005035400390625,-0.0038299560546875,-0.0059051513671875
1760555135686582500,43.80058251953125,-1.003326416015625,-0.0029754638671875,-0.008026123046875
1760555135696586500,43.81058642578125,-1.0047454833984375,-0.0027008056640625,-0.0114593505859375
1760555135706591500,43.82059155273438,-1.0070953369140625,-0.006134033203125,-0.020294189453125
1760555135716595500,43.83059545898438,-1.005126953125,-0.01214599609375,-0.0216217041015625
1760555135726599400,43.840599365234375,-1.000701904296875,-0.014617919921875,-0.0172119140625
1760555135736604400,43.8506044921875,-0.9989166259765625,-0.0218353271484375,-0.0132598876953125
1760555135746608400,43.8606083984375,-1.003387451171875,-0.0200347900390625,-0.0125274658203125
1760555135756612600,43.87061254882813,-0.99755859375,-0.0166778564453125,0.003814697265625
1760555135766617600,43.88061767578125,-0.9937286376953125,-0.0177764892578125,0.0228424072265625
1760555135776621600,43.89062158203125,-0.9960174560546875,-0.0118408203125,0.0373687744140625
1760555135786625300,43.90062524414063,-0.99810791015625,-0.002655029296875,0.0460052490234375
1760555135796630300,43.91063037109375,-0.9974517822265625,-0.0027008056640625,0.048583984375
1760555135806634500,43.920634521484374,-0.9944000244140625,-0.00482177734375,0.046539306640625
1760555135816638500,43.93063842773437,-0.9993743896484375,-0.0052337646484375,0.04046630859375
1760555135826643500,43.9406435546875,-0.998992919921875,-0.0126495361328125,0.0217437744140625
1760555135836647400,43.9506474609375,-1.0002288818359375,-0.011993408203125,0.0167083740234375
1760555135846652400,43.96065234375,-1.0005340576171875,-0.0141143798828125,0.0104522705078125
1760555135856656600,43.97065673828125,-0.99627685546875,-0.0170135498046875,0.0010986328125
1760555135866660600,43.98066064453125,-1.007476806640625,-0.00933837890625,-0.0071258544921875
1760555135876665600,43.99066552734375,-1.006500244140625,-0.0118255615234375,-0.0124664306640625
1760555135886669300,44.00066943359375,-0.9989776611328125,-0.0230865478515625,-0.007720947265625
1760555135896673500,44.01067358398438,-0.9967498779296875,-0.031219482421875,-0.0089263916015625
1760555135906678500,44.02067846679687,-0.9984893798828125,-0.030487060546875,-0.0050048828125
1760555135916682500,44.0306826171875,-0.9970550537109375,-0.02984619140625,0.019744873046875
1760555135926686500,44.0406865234375,-0.9954986572265625,-0.0117950439453125,0.02325439453125
1760555135936691500,44.05069140625,-0.998779296875,-0.0179901123046875,0.0232391357421875
1760555135946695700,44.06069580078125,-1.0089111328125,-0.0069122314453125,0.0125579833984375
1760555135956699400,44.07069946289062,-1.00323486328125,-0.009918212890625,0.0050048828125
1760555135966704400,44.080704345703126,-1.0017547607421875,-0.011474609375,0.0016326904296875
1760555135976708400,44.090708251953124,-1.00146484375,-0.028533935546875,-0.0011749267578125
1760555135986712600,44.100712646484375,-0.9959259033203125,-0.0362548828125,0.0120849609375
1760555135996717600,44.11071752929688,-0.990264892578125,-0.0318756103515625,0.0190582275390625
1760555136006721500,44.120721435546876,-1.0039825439453125,-0.0195770263671875,0.0105743408203125
1760555136016725500,44.1307255859375,-1.0026092529296875,-0.01751708984375,0.0076446533203125
1760555136026730500,44.14073046875,-0.9972686767578125,-0.0232086181640625,0.0136871337890625
1760555136036734500,44.150734375,-1.0005340576171875,-0.0203704833984375,0.02069091796875
1760555136046739500,44.160739501953124,-0.999786376953125,-0.0260772705078125,0.0276031494140625
1760555136056743400,44.17074340820312,-0.9965362548828125,-0.031890869140625,0.0344696044921875
1760555136066747400,44.18074731445312,-0.991455078125,-0.034515380859375,0.0339813232421875
1760555136076752400,44.19075244140625,-0.99664306640625,-0.0304412841796875,0.0353851318359375
1760555136086756400,44.20075634765625,-0.9951171875,-0.0312652587890625,0.038604736328125
1760555136096760300,44.21076025390625,-0.994720458984375,-0.03265380859375,0.0432891845703125
1760555136106765300,44.220765380859376,-0.9930877685546875,-0.031524658203125,0.0376739501953125
1760555136116769300,44.230769287109375,-0.9996337890625,-0.0274505615234375,0.023040771484375
1760555136126773200,44.240773193359374,-0.99871826171875,-0.02960205078125,0.022216796875
1760555136136778200,44.2507783203125,-0.9973297119140625,-0.033966064453125,0.0286102294921875
1760555136146782500,44.26078247070313,-0.9905548095703125,-0.0383758544921875,0.037109375
1760555136156786200,44.2707861328125,-0.992431640625,-0.035980224609375,0.0303192138671875
1760555136166791200,44.28079125976563,-1.001739501953125,-0.0232391357421875,0.035064697265625
1760555136176795100,44.29079516601563,-1.0001220703125,-0.034759521484375,0.0250244140625
1760555136186799400,44.30079931640625,-0.998992919921875,-0.030303955078125,0.0153350830078125
1760555136196804400,44.31080444335937,-1.0030364990234375,-0.026885986328125,0.0196075439453125
1760555136206808300,44.32080834960937,-1.0029144287109375,-0.01904296875,0.0287322998046875
1760555136216812300,44.33081225585938,-1.002685546875,-0.01739501953125,0.0453033447265625
1760555136226817300,44.3408173828125,-0.9980926513671875,-0.015625,0.051483154296875
1760555136236821500,44.350821533203124,-1.0017852783203125,-0.013092041015625,0.060028076171875
1760555136246825200,44.3608251953125,-1.001220703125,-0.008758544921875,0.05828857421875
1760555136256830200,44.370830322265626,-0.99786376953125,-0.0164031982421875,0.063262939453125
1760555136266834200,44.380834228515624,-0.99945068359375,-0.01629638671875,0.06536865234375
1760555136276839200,44.39083911132813,-1.001220703125,-0.01531982421875,0.07171630859375
1760555136286843400,44.40084350585938,-0.9910736083984375,-0.0223846435546875,0.0816650390625
1760555136296847400,44.410847412109376,-0.989715576171875,-0.0288848876953125,0.08099365234375
1760555136306852400,44.42085229492187,-0.9905548095703125,-0.0299072265625,0.085205078125
1760555136316856300,44.43085620117188,-0.9930267333984375,-0.0358428955078125,0.0842742919921875
1760555136326860500,44.44086059570313,-0.99273681640625,-0.03717041015625,0.08331298828125
1760555136336865500,44.450865478515624,-0.990692138671875,-0.0325164794921875,0.0865631103515625
1760555136346869200,44.460869140625,-0.9923095703125,-0.0221710205078125,0.0895538330078125
1760555136356873200,44.47087329101562,-0.9944610595703125,-0.0197601318359375,0.0937347412109375
1760555136366878200,44.480878173828124,-0.9939117431640625,-0.0229339599609375,0.0840301513671875
1760555136376882400,44.49088232421875,-1.0018768310546875,-0.0204010009765625,0.0758514404296875
1760555136386886400,44.50088647460937,-1.000152587890625,-0.02142333984375,0.0727386474609375
1760555136396891400,44.510891357421876,-1.000640869140625,-0.0220794677734375,0.0608673095703125
1760555136406895400,44.520895263671875,-1.00079345703125,-0.0288848876953125,0.0530548095703125
1760555136416899300,44.5308994140625,-1.0010223388671875,-0.0363922119140625,0.052825927734375
1760555136426904300,44.540904296875,-1.002044677734375,-0.0318145751953125,0.0618133544921875
1760555136436908300,44.550908203125,-0.9987030029296875,-0.0398406982421875,0.06182861328125
1760555136446912300,44.560912353515626,-0.989471435546875,-0.049560546875,0.0604705810546875
1760555136456917200,44.57091723632813,-0.9948272705078125,-0.0483856201171875,0.0604705810546875
1760555136466921200,44.58092114257813,-0.9955596923828125,-0.0483245849609375,0.0525360107421875
1760555136476925400,44.59092553710938,-0.9989166259765625,-0.04547119140625,0.062713623046875
1760555136486930400,44.60093041992187,-0.9957427978515625,-0.0381622314453125,0.0653533935546875
1760555136496934400,44.61093432617187,-0.99749755859375,-0.0350341796875,0.0789031982421875
1760555136506939400,44.620939453125,-0.9871368408203125,-0.052825927734375,0.0935516357421875
1760555136516943000,44.63094311523437,-0.983917236328125,-0.0525665283203125,0.0937347412109375
1760555136526947300,44.640947265625,-0.989593505859375,-0.0416259765625,0.0985260009765625
1760555136536952300,44.65095239257813,-0.9957122802734375,-0.026092529296875,0.10400390625
1760555136546956300,44.660956298828125,-0.9987640380859375,-0.0274810791015625,0.1099090576171875
1760555136556960300,44.670960205078124,-0.988250732421875,-0.02685546875,0.11248779296875
1760555136566965200,44.68096533203125,-0.990142822265625,-0.029205322265625,0.1260528564453125
1760555136576969500,44.69096948242188,-0.9859466552734375,-0.0308837890625,0.1326904296875
1760555136586973400,44.700973388671876,-0.993072509765625,-0.0242919921875,0.1346435546875
1760555136596978400,44.710978515625,-0.9813079833984375,-0.0487060546875,0.125
1760555136606982100,44.72098217773438,-0.985443115234375,-0.0458526611328125,0.1220550537109375
1760555136616986400,44.730986328125,-0.9864044189453125,-0.041900634765625,0.103668212890625
1760555136626991400,44.740991455078124,-0.996337890625,-0.0359649658203125,0.1134033203125
1760555136636995300,44.75099536132812,-0.996185302734375,-0.0341949462890625,0.133819580078125
1760555136646999300,44.76099926757813,-0.97998046875,-0.0290069580078125,0.1324462890625
1760555136657004300,44.77100439453125,-0.99102783203125,-0.0147552490234375,0.1394195556640625
1760555136667008500,44.781008544921875,-0.9886322021484375,-0.01336669921875,0.1416778564453125
1760555136677012200,44.79101220703125,-0.9997100830078125,-0.01568603515625,0.144195556640625
1760555136687017200,44.801017333984376,-0.988983154296875,-0.0262603759765625,0.1387481689453125
1760555136697021200,44.811021240234375,-0.987274169921875,-0.0255584716796875,0.1272430419921875
1760555136707025400,44.821025390625,-0.986968994140625,-0.02520751953125,0.1200714111328125
1760555136717030400,44.83103051757813,-0.9990386962890625,-0.02618408203125,0.1152496337890625
1760555136727034400,44.84103442382813,-0.9993743896484375,-0.0283966064453125,0.0938720703125
1760555136737038300,44.851038330078126,-1.00506591796875,-0.0263671875,0.0845184326171875
1760555136747043300,44.86104321289063,-0.99676513671875,-0.0346527099609375,0.076263427734375
1760555136757047300,44.87104736328125,-0.995208740234375,-0.038848876953125,0.0616455078125
1760555136767052300,44.88105224609375,-1.01202392578125,-0.0337677001953125,0.055877685546875
1760555136777056300,44.89105615234375,-1.0064239501953125,-0.0425872802734375,0.0467987060546875
1760555136787060200,44.90106030273437,-1.0003814697265625,-0.047637939453125,0.0458221435546875
1760555136797065200,44.911065185546875,-0.999725341796875,-0.0499267578125,0.0485382080078125
1760555136807069200,44.92106909179687,-1.0005645751953125,-0.051025390625,0.0553131103515625
1760555136817073400,44.931073486328124,-1.00341796875,-0.0469818115234375,0.0508575439453125
1760555136827078400,44.94107836914063,-1.0060882568359375,-0.0475311279296875,0.0600433349609375
1760555136837082400,44.951082275390625,-0.997589111328125,-0.0503387451171875,0.0864715576171875
1760555136847086300,44.96108642578125,-0.9893798828125,-0.04840087890625,0.1067352294921875
1760555136857091300,44.97109130859375,-0.9853363037109375,-0.042236328125,0.1245574951171875
1760555136867095300,44.98109521484375,-0.9881439208984375,-0.03533935546875,0.142730712890625
1760555136877099300,44.991099365234376,-1.00079345703125,-0.0232391357421875,0.1389007568359375
1760555136887104300,45.00110424804687,-1.003082275390625,-0.01763916015625,0.1185150146484375
1760555136897108200,45.01110815429688,-1.001617431640625,-0.0283050537109375,0.124267578125
1760555136907112400,45.02111254882813,-0.9894866943359375,-0.048797607421875,0.1244659423828125
1760555136917117400,45.031117431640624,-0.9807891845703125,-0.0568084716796875,0.126708984375
1760555136927121400,45.04112133789062,-0.98712158203125,-0.05450439453125,0.133331298828125
1760555136937125000,45.051125,-0.990325927734375,-0.0474395751953125,0.1344451904296875
1760555136947130000,45.061130126953124,-1.00469970703125,-0.033416748046875,0.12823486328125
1760555136957134300,45.07113427734375,-0.9998931884765625,-0.042144775390625,0.1199951171875
1760555136967138300,45.08113818359375,-0.9882354736328125,-0.0648651123046875,0.121337890625
1760555136977143300,45.091143310546876,-0.9723663330078125,-0.0958709716796875,0.104583740234375
1760555136987147300,45.101147216796875,-0.9753265380859375,-0.0952606201171875,0.1093597412109375
1760555136997151500,45.1111513671875,-0.98431396484375,-0.0896148681640625,0.103851318359375
1760555137007156500,45.12115649414063,-0.994903564453125,-0.075958251953125,0.09893798828125
1760555137017160400,45.13116040039063,-0.9994659423828125,-0.06988525390625,0.1053619384765625
1760555137027164200,45.1411640625,-0.98419189453125,-0.0796051025390625,0.0934295654296875
1760555137037169200,45.15116918945313,-0.9833831787109375,-0.089996337890625,0.10931396484375
1760555137047173400,45.16117333984375,-0.9752044677734375,-0.091217041015625,0.1042327880859375
1760555137057177300,45.17117724609375,-0.99346923828125,-0.0736236572265625,0.1041717529296875
1760555137067182300,45.18118237304687,-0.98992919921875,-0.0762939453125,0.0859375
1760555137077186300,45.19118627929687,-1.002532958984375,-0.069061279296875,0.0756378173828125
1760555137087191300,45.20119140625,-1.006072998046875,-0.0653076171875,0.0757293701171875
1760555137097195300,45.2111953125,-1.0038604736328125,-0.06787109375,0.0865631103515625
1760555137107199500,45.221199462890624,-0.996612548828125,-0.070648193359375,0.100341796875
1760555137117204500,45.23120458984375,-0.987060546875,-0.0751800537109375,0.115203857421875
1760555137127208400,45.24120849609375,-0.9854888916015625,-0.083770751953125,0.1290740966796875
1760555137137212400,45.25121240234375,-0.9816741943359375,-0.0738983154296875,0.132354736328125
1760555137147217400,45.26121752929687,-0.991912841796875,-0.06658935546875,0.158111572265625
1760555137157221600,45.2712216796875,-0.98114013671875,-0.068359375,0.1736297607421875
1760555137167225300,45.281225341796876,-0.9630279541015625,-0.0612640380859375,0.126373291015625
1760555137177230300,45.29123022460937,-0.969635009765625,-0.0579376220703125,0.112701416015625
1760555137187234300,45.301234375,-0.9751739501953125,-0.059112548828125,0.1696624755859375
1760555137197238500,45.31123852539063,-0.9634857177734375,-0.096099853515625,0.1558837890625
1760555137207243500,45.321243408203124,-0.945648193359375,-0.1160736083984375,0.1395111083984375
1760555137217247500,45.33124755859375,-0.970123291015625,-0.1054229736328125,0.1688079833984375
1760555137227251500,45.34125146484375,-0.9933929443359375,-0.1134490966796875,0.0741424560546875
1760555137237256400,45.35125634765625,-0.9514617919921875,-0.146270751953125,0.1048431396484375
1760555137247260400,45.361260498046875,-1.02099609375,-0.1131744384765625,0.1355438232421875
1760555137257264400,45.37126440429687,-0.9796142578125,-0.12054443359375,0.1329498291015625
1760555137267269400,45.381269287109376,-0.9758453369140625,-0.1291961669921875,0.11798095703125
1760555137277273300,45.3912734375,-0.9730682373046875,-0.14385986328125,0.120849609375
1760555137287277600,45.401277587890625,-0.9637603759765625,-0.1439666748046875,0.1192474365234375
1760555137297282600,45.41128247070313,-1.0147705078125,-0.1237640380859375,0.1118927001953125
1760555137307286500,45.42128662109375,-1.0068359375,-0.08331298828125,0.0372314453125
1760555137317290500,45.43129052734375,-1.005859375,-0.0824432373046875,0.0113372802734375
1760555137327295500,45.44129541015625,-0.9901123046875,-0.1095733642578125,0.0456085205078125
1760555137337299500,45.45129956054687,-0.9755706787109375,-0.1220855712890625,0.06463623046875
1760555137347303400,45.46130346679688,-0.975830078125,-0.1185302734375,0.0538330078125
1760555137357308400,45.47130834960937,-0.9806365966796875,-0.1189117431640625,0.05279541015625
1760555137367312400,45.4813125,-0.9881591796875,-0.1033172607421875,0.0555419921875
1760555137377316400,45.49131640625,-0.9954071044921875,-0.0796051025390625,0.0560150146484375
1760555137387321600,45.501321533203125,-0.990447998046875,-0.066802978515625,0.0903167724609375
1760555137397325600,45.51132568359375,-0.9894256591796875,-0.044708251953125,0.1325225830078125
1760555137407330600,45.52133056640625,-0.997894287109375,-0.0389404296875,0.1071014404296875
1760555137417334500,45.53133447265625,-1.0060272216796875,-0.029052734375,0.094879150390625
1760555137427338200,45.541338134765624,-1.014617919921875,-0.0127105712890625,0.085357666015625
1760555137437343200,45.55134326171875,-1.0076751708984375,-0.0239410400390625,0.0892486572265625
1760555137447347500,45.56134741210938,-0.987701416015625,-0.0526885986328125,0.101898193359375
1760555137457351400,45.571351318359376,-0.9853668212890625,-0.060211181640625,0.1013641357421875
1760555137467356400,45.5813564453125,-0.986846923828125,-0.0570220947265625,0.1070404052734375
1760555137477360400,45.5913603515625,-0.9739990234375,-0.0859375,0.1161651611328125
1760555137487364600,45.60136450195313,-0.969696044921875,-0.0919036865234375,0.115570068359375
1760555137497369600,45.61136962890625,-0.972137451171875,-0.085662841796875,0.108795166015625
1760555137507373300,45.62137329101562,-0.9968414306640625,-0.051055908203125,0.09442138671875
1760555137517377300,45.63137719726563,-0.99700927734375,-0.0304107666015625,0.0897064208984375
1760555137527382300,45.64138232421875,-1.0083770751953125,-0.012664794921875,0.0743408203125
1760555137537386500,45.651386474609374,-1.0064544677734375,-0.0021514892578125,0.0596160888671875
1760555137547390500,45.66139038085937,-1.0155181884765625,0.007415771484375,0.037078857421875
1760555137557395500,45.6713955078125,-1.020111083984375,0.00286865234375,0.012115478515625
1760555137567399400,45.6813994140625,-1.01922607421875,-0.0063018798828125,0.0007476806640625
1760555137577403600,45.691403564453125,-1.015777587890625,-0.013702392578125,-0.0115203857421875
1760555137587408600,45.70140869140625,-1.0254669189453125,-0.0012664794921875,-0.0254669189453125
1760555137597412400,45.71141235351563,-1.0217437744140625,-0.0025177001953125,-0.0294189453125
1760555137607416300,45.721416259765626,-1.02532958984375,0.005462646484375,-0.02557373046875
1760555137617421300,45.73142138671875,-1.02935791015625,0.0066680908203125,-0.0237274169921875
1760555137627425500,45.74142553710937,-1.018524169921875,-0.0132904052734375,-0.0106201171875
1760555137637429500,45.75142944335938,-1.002838134765625,-0.0417327880859375,0.01251220703125
1760555137647434500,45.7614345703125,-0.9900970458984375,-0.0620269775390625,0.019073486328125
1760555137657438500,45.7714384765625,-0.98876953125,-0.06195068359375,0.04461669921875
1760555137667442400,45.7814423828125,-0.996917724609375,-0.0431976318359375,0.0672760009765625
1760555137677447400,45.791447509765625,-0.99444580078125,-0.0345458984375,0.0737762451171875
1760555137687451400,45.801451416015624,-0.9974365234375,-0.0302276611328125,0.0852508544921875
1760555137697455400,45.81145532226562,-0.99853515625,-0.01519775390625,0.103118896484375
1760555137707460400,45.82146044921875,-0.998443603515625,-0.01031494140625,0.103302001953125
1760555137717464300,45.83146435546875,-0.99749755859375,-0.024261474609375,0.1035003662109375
1760555137727468500,45.841468505859375,-0.9915771484375,-0.0369873046875,0.0999603271484375
1760555137737473500,45.8514736328125,-0.99224853515625,-0.032989501953125,0.0953369140625
1760555137747477500,45.8614775390625,-0.995697021484375,-0.03369140625,0.0876007080078125
1760555137757481200,45.871481201171875,-0.99298095703125,-0.0524444580078125,0.065399169921875
1760555137767486200,45.881486328125,-0.987640380859375,-0.0683441162109375,0.047576904296875
1760555137777490400,45.89149047851563,-0.999359130859375,-0.05328369140625,0.04443359375
1760555137787494400,45.90149438476563,-1.0050506591796875,-0.043487548828125,0.0353851318359375
1760555137797499400,45.91149951171875,-0.996307373046875,-0.0643157958984375,0.0186309814453125
1760555137807503400,45.92150341796875,-0.9890594482421875,-0.079864501953125,0.029266357421875
1760555137817507600,45.93150756835937,-0.9814605712890625,-0.08843994140625,0.0334625244140625
1760555137827512600,45.9415126953125,-0.9979705810546875,-0.0620269775390625,0.0242462158203125
1760555137837516500,45.9515166015625,-1.0151519775390625,-0.0337371826171875,0.02276611328125
1760555137847521500,45.961521484375,-1.0090484619140625,-0.0394439697265625,0.0283355712890625
1760555137857525200,45.971525146484375,-0.997100830078125,-0.0602874755859375,0.037994384765625
1760555137867529500,45.981529541015625,-0.98992919921875,-0.067657470703125,0.0457763671875
1760555137877534500,45.99153442382813,-0.997802734375,-0.0585174560546875,0.0552978515625
1760555137887538400,46.00153833007813,-0.9998016357421875,-0.058441162109375,0.0559539794921875
1760555137897542400,46.01154248046875,-0.9915313720703125,-0.065704345703125,0.0609283447265625
1760555137907547400,46.02154736328125,-0.99200439453125,-0.0642852783203125,0.0643768310546875
1760555137917551600,46.03155151367187,-0.9918670654296875,-0.0677337646484375,0.059539794921875
1760555137927555300,46.04155541992188,-0.991912841796875,-0.0744171142578125,0.0592498779296875
1760555137937560300,46.05156030273437,-0.989410400390625,-0.07891845703125,0.06329345703125
1760555137947564300,46.06156420898437,-0.9906005859375,-0.0718231201171875,0.0674896240234375
1760555137957568500,46.07156860351562,-0.994873046875,-0.0607757568359375,0.0681304931640625
1760555137967573500,46.081573486328125,-0.9998321533203125,-0.058319091796875,0.0682373046875
1760555137977577500,46.091577392578124,-0.9956207275390625,-0.061859130859375,0.084808349609375
1760555137987581400,46.10158154296875,-0.9950103759765625,-0.0528564453125,0.0986175537109375
1760555137997586400,46.11158642578125,-0.9969024658203125,-0.0470733642578125,0.0999755859375
1760555138007590700,46.121590576171876,-1.0038909912109375,-0.0390625,0.10015869140625
1760555138017594400,46.131594482421875,-0.9991912841796875,-0.0457000732421875,0.105926513671875
1760555138027599400,46.14159936523438,-0.99237060546875,-0.0586700439453125,0.1087493896484375
1760555138037603300,46.151603271484376,-0.9909820556640625,-0.053314208984375,0.1107025146484375
1760555138047607300,46.161607177734375,-1.000030517578125,-0.0431365966796875,0.0989990234375
1760555138057612500,46.17161254882812,-1.001312255859375,-0.0532684326171875,0.070770263671875
1760555138067616500,46.18161645507813,-0.995635986328125,-0.0696563720703125,0.06378173828125
1760555138077620500,46.19162036132813,-0.9942474365234375,-0.0745391845703125,0.06817626953125
1760555138087625500,46.20162548828125,-0.9905548095703125,-0.0725250244140625,0.07293701171875
1760555138097629700,46.21162963867187,-0.99127197265625,-0.0699005126953125,0.067626953125
1760555138107634000,46.221634033203124,-0.9953765869140625,-0.0765228271484375,0.055206298828125
1760555138117639000,46.231638916015626,-0.9887847900390625,-0.091796875,0.060028076171875
1760555138127642600,46.241642578125,-0.9854583740234375,-0.095062255859375,0.05401611328125
1760555138137646600,46.251646484375,-0.984100341796875,-0.10791015625,0.031646728515625
1760555138147651600,46.261651611328126,-0.985870361328125,-0.1117095947265625,0.022369384765625
1760555138157655800,46.27165576171875,-0.9947662353515625,-0.10009765625,0.0174713134765625
1760555138167659800,46.28165966796875,-0.996002197265625,-0.0919342041015625,0.03179931640625
1760555138177664800,46.29166479492188,-0.989349365234375,-0.0912933349609375,0.0290374755859375
1760555138187668700,46.30166870117188,-1.00054931640625,-0.0884857177734375,0.0189971923828125
1760555138197673000,46.3116728515625,-1.004486083984375,-0.0822296142578125,0.019622802734375
1760555138207678000,46.32167797851562,-1.0078277587890625,-0.064544677734375,0.035308837890625
1760555138217681700,46.331681640625,-1.0177154541015625,-0.0399169921875,0.0561676025390625
1760555138227685600,46.341685546875,-1.021881103515625,-0.02777099609375,0.0568389892578125
1760555138237690600,46.351690673828124,-1.02618408203125,-0.0278167724609375,0.0420379638671875
1760555138247694800,46.36169482421875,-1.0329742431640625,-0.0236358642578125,0.04345703125
1760555138257698800,46.37169873046875,-1.0181732177734375,-0.037017822265625,0.0552215576171875
1760555138267703800,46.381703857421876,-1.004608154296875,-0.0578460693359375,0.0660247802734375
1760555138277707800,46.391707763671874,-1.0114898681640625,-0.0541229248046875,0.0872344970703125
1760555138287711700,46.40171166992187,-1.022216796875,-0.0454864501953125,0.0650634765625
1760555138297716700,46.411716796875,-1.018768310546875,-0.059814453125,0.06597900390625
1760555138307720700,46.421720703125,-0.9941558837890625,-0.0889434814453125,0.0815887451171875
1760555138317724700,46.431724609375,-0.98492431640625,-0.110443115234375,0.0711517333984375
1760555138327729700,46.44172973632813,-0.977752685546875,-0.1477508544921875,0.0630950927734375
1760555138337733600,46.45173364257813,-0.954193115234375,-0.1989288330078125,0.054595947265625
1760555138347737900,46.46173779296875,-0.9486236572265625,-0.2129669189453125,0.0483551025390625
1760555138357742800,46.47174291992187,-0.93701171875,-0.162322998046875,0.0372314453125
1760555138367746800,46.48174682617187,-0.9168243408203125,-0.1399993896484375,0.0266876220703125
1760555138377750500,46.49175048828125,-0.9608306884765625,-0.14202880859375,0.030975341796875
1760555138387755500,46.50175561523437,-0.9602508544921875,-0.16375732421875,0.0667266845703125
1760555138397759700,46.511759765625,-0.97564697265625,-0.151397705078125,0.065948486328125
1760555138407763700,46.521763671875,-0.9586334228515625,-0.1492767333984375,0.0683135986328125
1760555138417768700,46.531768798828125,-0.966094970703125,-0.4441070556640625,-0.03363037109375
1760555138427772700,46.541772705078124,-0.9792938232421875,-0.2164306640625,0.15850830078125
1760555138437777000,46.55177685546875,-1.003875732421875,-0.115478515625,0.1451568603515625
1760555138447782000,46.56178198242188,-0.9896697998046875,-0.1593780517578125,0.1266632080078125
1760555138457785900,46.571785888671876,-1.005157470703125,-0.1566619873046875,0.104522705078125
1760555138467789600,46.58178955078125,-0.889068603515625,-0.168487548828125,0.055908203125
1760555138477794600,46.59179467773438,-1.3851318359375,-0.144866943359375,0.0454864501953125
1760555138487798800,46.601798828125,-0.4080657958984375,-0.1067352294921875,0.002349853515625
1760555138497802800,46.611802734375,-1.2727203369140625,-0.2861175537109375,0.0274200439453125
1760555138507807700,46.62180786132812,-1.0452728271484375,-0.142852783203125,0.0478057861328125
1760555138517811700,46.63181176757813,-0.7686767578125,-0.208160400390625,-0.0149993896484375
1760555138527816000,46.64181591796875,-1.1949615478515625,-0.112274169921875,0.0205078125
1760555138537821000,46.651821044921874,-1.023529052734375,-0.1121673583984375,0.072235107421875
1760555138547824600,46.66182470703125,-0.919036865234375,-0.113250732421875,0.0836181640625
1760555138557828600,46.67182861328125,-0.9292144775390625,-0.11865234375,0.092498779296875
1760555138567833600,46.68183349609375,-1.05914306640625,-0.1709136962890625,0.0696868896484375
1760555138577837800,46.691837890625,-0.997894287109375,-0.189056396484375,0.04681396484375
1760555138587842800,46.7018427734375,-0.966094970703125,-0.173492431640625,0.0386199951171875
1760555138597846800,46.7118466796875,-0.97540283203125,-0.1653289794921875,0.0559234619140625
1760555138607850800,46.721850830078125,-0.9554290771484375,-0.1570281982421875,0.0595550537109375
1760555138617855700,46.73185571289063,-1.0169219970703125,-0.16400146484375,0.061767578125
1760555138627859700,46.74185961914063,-0.9535369873046875,-0.2069244384765625,0.028411865234375
1760555138637863700,46.75186376953125,-0.9433746337890625,-0.252410888671875,0.0157012939453125
1760555138647868700,46.76186865234375,-0.93646240234375,-0.2774200439453125,0.0351715087890625
1760555138657872600,46.77187255859375,-0.955047607421875,-0.273529052734375,0.0985565185546875
1760555138667876600,46.78187670898438,-0.9523468017578125,-0.2336883544921875,0.01458740234375
1760555138677881600,46.79188159179687,-0.9664306640625,-0.2227935791015625,0.0000152587890625
1760555138687885800,46.8018857421875,-0.9709014892578125,-0.20794677734375,0.0008392333984375
1760555138697889800,46.81188989257812,-0.9743499755859375,-0.1989898681640625,0.0142822265625
1760555138707894800,46.821894775390625,-0.9672088623046875,-0.20068359375,0.012420654296875
1760555138717898800,46.831898681640624,-0.9897613525390625,-0.177825927734375,-0.014068603515625
1760555138727902700,46.84190283203125,-1.000762939453125,-0.154449462890625,-0.0164947509765625
1760555138737907700,46.85190771484375,-0.9966583251953125,-0.142181396484375,0.011138916015625
1760555138747911700,46.86191162109375,-0.9886474609375,-0.1466522216796875,0.0214385986328125
1760555138757915600,46.87191552734375,-0.985626220703125,-0.150970458984375,0.0231781005859375
1760555138767920600,46.88192065429688,-0.998291015625,-0.134368896484375,0.0308685302734375
1760555138777924900,46.8919248046875,-0.993011474609375,-0.1364898681640625,0.0385589599609375
1760555138787928800,46.9019287109375,-0.9927215576171875,-0.142608642578125,0.0391998291015625
1760555138797933800,46.91193383789062,-0.99169921875,-0.1348876953125,0.0402069091796875
1760555138807937500,46.9219375,-0.9853973388671875,-0.1465911865234375,0.0576934814453125
1760555138817941800,46.93194165039063,-0.9826812744140625,-0.1428680419921875,0.0839080810546875
1760555138827946800,46.94194677734375,-0.9992218017578125,-0.1106414794921875,0.1006317138671875
1760555138837950700,46.95195068359375,-0.9976043701171875,-0.109283447265625,0.107574462890625
1760555138847954700,46.96195458984375,-0.98382568359375,-0.1339874267578125,0.1081085205078125
1760555138857959700,46.971959716796874,-0.9753265380859375,-0.1551055908203125,0.09014892578125
1760555138867964000,46.9819638671875,-0.9818878173828125,-0.163299560546875,0.0619049072265625
1760555138877968000,46.9919677734375,-0.9803466796875,-0.1656494140625,0.0484771728515625
1760555138887972900,47.001972900390626,-0.981781005859375,-0.1662445068359375,0.0516357421875
1760555138897976600,47.0119765625,-0.9828948974609375,-0.1480712890625,0.049285888671875
1760555138907980800,47.021980712890624,-0.996429443359375,-0.124481201171875,0.0407867431640625
1760555138917985800,47.03198583984375,-0.9994659423828125,-0.119903564453125,0.022857666015625
1760555138927989800,47.04198974609375,-0.9918365478515625,-0.1292724609375,0.0106201171875
1760555138937993700,47.05199365234375,-0.9887847900390625,-0.1379852294921875,0.017974853515625
1760555138947998700,47.06199877929687,-0.994232177734375,-0.13232421875,0.0074310302734375
1760555138958002700,47.07200268554688,-1.00225830078125,-0.119873046875,-0.01031494140625
1760555138968006700,47.082006591796876,-1.0038909912109375,-0.1116943359375,0.0048675537109375
1760555138978012000,47.09201196289062,-1.003753662109375,-0.1027069091796875,0.0202178955078125
1760555138988015600,47.102015625,-1.00018310546875,-0.105865478515625,0.0245819091796875
1760555138998019600,47.11201953125,-0.9970245361328125,-0.119140625,0.036163330078125
1760555139008024600,47.122024658203124,-1.0012664794921875,-0.109375,0.0420989990234375
1760555139018028800,47.13202880859375,-1.002685546875,-0.100494384765625,0.0413665771484375
1760555139028032800,47.14203271484375,-0.9969329833984375,-0.117462158203125,0.04534912109375
1760555139038037800,47.152037841796876,-0.9838714599609375,-0.139007568359375,0.04473876953125
1760555139048041700,47.162041748046875,-0.9815521240234375,-0.146636962890625,0.0486907958984375
1760555139058045700,47.17204565429687,-0.9829559326171875,-0.14337158203125,0.0596160888671875
1760555139068050700,47.18205078125,-0.9860992431640625,-0.1392669677734375,0.0617828369140625
1760555139078054700,47.1920546875,-0.9873504638671875,-0.1398162841796875,0.0493927001953125
1760555139088058600,47.20205859375,-0.9852142333984375,-0.14007568359375,0.0500946044921875
1760555139098063600,47.21206372070313,-0.986236572265625,-0.1424713134765625,0.051971435546875
1760555139108067800,47.22206787109375,-0.9900054931640625,-0.1286468505859375,0.055633544921875
1760555139118071800,47.23207177734375,-0.987274169921875,-0.13397216796875,0.0534210205078125
1760555139128076800,47.24207690429687,-0.9876556396484375,-0.1386566162109375,0.037078857421875
1760555139138080500,47.25208056640625,-0.983917236328125,-0.1458282470703125,0.0395965576171875
1760555139148084700,47.26208471679688,-0.9843902587890625,-0.145477294921875,0.0523681640625
1760555139158089700,47.27208984375,-0.9845123291015625,-0.1383056640625,0.049560546875
1760555139168093700,47.28209375,-0.9882354736328125,-0.1343994140625,0.038330078125
1760555139178097700,47.29209765625,-0.9928741455078125,-0.13165283203125,0.030303955078125
1760555139188102700,47.3021025390625,-0.99090576171875,-0.12384033203125,0.0242462158203125
1760555139198107000,47.31210693359375,-0.993896484375,-0.1240997314453125,0.0145416259765625
1760555139208110600,47.32211059570312,-0.9939422607421875,-0.1287994384765625,0.011383056640625
1760555139218115800,47.33211572265625,-0.9928741455078125,-0.1293182373046875,0.0140380859375
1760555139228119600,47.34211962890625,-0.989013671875,-0.13250732421875,0.0239410400390625
1760555139238124500,47.35212451171875,-0.99237060546875,-0.1314239501953125,0.0238800048828125
1760555139248128800,47.36212866210938,-0.9961700439453125,-0.1234130859375,0.0162506103515625
1760555139258132700,47.3721328125,-1.0028076171875,-0.106689453125,0.0238494873046875
1760555139268136700,47.38213671875,-1.0027923583984375,-0.102325439453125,0.0353546142578125
1760555139278141700,47.3921416015625,-0.995086669921875,-0.1080780029296875,0.036346435546875
1760555139288145700,47.40214575195313,-0.9987030029296875,-0.107940673828125,0.04205322265625
1760555139298150700,47.412150634765624,-1.000732421875,-0.1072998046875,0.0470733642578125
1760555139308154600,47.42215454101562,-0.995941162109375,-0.1118011474609375,0.0494384765625
1760555139318158600,47.43215869140625,-0.994384765625,-0.1202392578125,0.0503387451171875
1760555139328163600,47.44216357421875,-0.988128662109375,-0.1314849853515625,0.0451812744140625
1760555139338167600,47.45216748046875,-0.9885711669921875,-0.1353607177734375,0.0414581298828125
1760555139348171800,47.462171875,-0.988800048828125,-0.1325836181640625,0.0438079833984375
1760555139358176800,47.4721767578125,-0.9886322021484375,-0.1366729736328125,0.0436553955078125
1760555139368180700,47.4821806640625,-0.9790496826171875,-0.15362548828125,0.0448150634765625
1760555139378184700,47.492184814453125,-0.976348876953125,-0.1630096435546875,0.036865234375
1760555139388189700,47.50218969726563,-0.981597900390625,-0.159637451171875,0.028411865234375
1760555139398193700,47.51219360351563,-0.982696533203125,-0.15899658203125,0.0257415771484375
1760555139408197600,47.52219775390625,-0.981781005859375,-0.1575164794921875,0.0227508544921875
1760555139418202600,47.53220263671875,-0.9811248779296875,-0.154022216796875,0.0315093994140625
1760555139428206600,47.54220654296875,-0.98333740234375,-0.150054931640625,0.035430908203125
1760555139438210800,47.5522109375,-0.9886474609375,-0.1341094970703125,0.0311431884765625
1760555139448215800,47.5622158203125,-0.99853515625,-0.1136322021484375,0.0403289794921875
1760555139458219800,47.5722197265625,-0.9979705810546875,-0.1069183349609375,0.045806884765625
1760555139468223500,47.58222338867188,-1.00299072265625,-0.1020050048828125,0.04107666015625
1760555139478228500,47.592228515625,-1.003021240234375,-0.1029205322265625,0.0268707275390625
1760555139488232700,47.602232666015624,-1.0016937255859375,-0.1077423095703125,0.0250244140625
1760555139498236700,47.61223657226562,-0.995819091796875,-0.11578369140625,0.028564453125
1760555139508241700,47.62224169921875,-0.9925384521484375,-0.1237640380859375,0.0281219482421875
1760555139518245600,47.63224560546875,-0.9906463623046875,-0.1356353759765625,0.0278472900390625
1760555139528249900,47.642249755859375,-0.988372802734375,-0.1376953125,0.0279083251953125
1760555139538254800,47.6522548828125,-0.9865264892578125,-0.138519287109375,0.0294036865234375
1760555139548258800,47.6622587890625,-0.9860992431640625,-0.144744873046875,0.02911376953125
1760555139558262500,47.672262451171875,-0.982940673828125,-0.1503143310546875,0.0284271240234375
1760555139568267500,47.682267578125,-0.98583984375,-0.1454925537109375,0.0313568115234375
1760555139578271700,47.69227172851563,-0.998504638671875,-0.1563262939453125,0.0304412841796875
1760555139588275700,47.70227563476563,-0.9561920166015625,-0.1603851318359375,0.040069580078125
1760555139598280700,47.71228076171875,-0.9650726318359375,-0.1513519287109375,0.0629119873046875
1760555139608284700,47.72228466796875,-0.9666900634765625,-0.148529052734375,0.0514373779296875
1760555139618289700,47.73228955078125,-1.03082275390625,-0.1221466064453125,0.037506103515625
1760555139628293600,47.742293701171874,-0.996551513671875,-0.1110687255859375,0.0393218994140625
1760555139638297900,47.7522978515625,-0.9930267333984375,-0.104644775390625,0.0746917724609375
1760555139648302800,47.762302734375,-0.9842376708984375,-0.1153411865234375,0.063812255859375
1760555139658306600,47.772306640625,-1.006103515625,-0.1173553466796875,0.0357666015625
1760555139668310500,47.782310546875,-1.0051727294921875,-0.1249237060546875,0.0291900634765625
1760555139678315500,47.7923154296875,-0.9986114501953125,-0.1383819580078125,0.0383453369140625
1760555139688319700,47.80231982421875,-0.9618377685546875,-0.153106689453125,0.032012939453125
1760555139698323700,47.81232373046875,-0.962738037109375,-0.1561126708984375,0.0372772216796875
1760555139708328700,47.82232861328125,-0.9932403564453125,-0.156768798828125,0.0206146240234375
1760555139718332700,47.83233276367187,-0.979278564453125,-0.1537628173828125,0.022064208984375
1760555139728336600,47.84233666992188,-0.9850311279296875,-0.151763916015625,0.0229034423828125
1760555139738341600,47.85234155273437,-0.99371337890625,-0.1460418701171875,0.0130462646484375
1760555139748345600,47.862345703125,-0.9997100830078125,-0.14263916015625,-0.00250244140625
1760555139758349600,47.872349609375,-1.07269287109375,-0.1307830810546875,-0.0223236083984375
1760555139768354600,47.8823544921875,-1.1072845458984375,-0.1490325927734375,-0.0534820556640625
1760555139778358800,47.89235888671875,-0.737213134765625,-0.20404052734375,0.03387451171875
1760555139788362800,47.90236279296875,-1.0720977783203125,-0.1931610107421875,0.048858642578125
1760555139798367700,47.91236767578125,-0.8824615478515625,-0.2981719970703125,0.03302001953125
1760555139808371700,47.922371826171876,-1.0593414306640625,-0.291748046875,0.0359039306640625
1760555139818375700,47.932375732421875,-0.9656982421875,-0.2170867919921875,0.0506744384765625
1760555139828380700,47.94238061523438,-0.9218597412109375,-0.042633056640625,0.0426483154296875
1760555139838384600,47.952384521484376,-0.95745849609375,0.1191558837890625,0.045684814453125
1760555139848388600,47.962388671875,-0.8480682373046875,0.0574493408203125,0.161041259765625
1760555139858393600,47.9723935546875,-1.167449951171875,-0.109130859375,0.1310882568359375
1760555139868397800,47.98239770507813,-1.055938720703125,-0.0945587158203125,-0.0008697509765625
1760555139878401800,47.99240185546875,-1.0388946533203125,-0.1063690185546875,-0.016387939453125
1760555139888406800,48.00240673828125,-0.95001220703125,-0.123931884765625,-0.0150909423828125
1760555139898410800,48.01241064453125,-0.99945068359375,-0.119354248046875,0.104217529296875
1760555139908414700,48.02241479492187,-0.86041259765625,-0.122528076171875,0.0990447998046875
1760555139918419700,48.032419677734374,-1.0682830810546875,-0.1254119873046875,0.018280029296875
1760555139928423700,48.04242358398437,-1.0089569091796875,-0.134613037109375,0.012725830078125
1760555139938427600,48.052427734375,-0.967987060546875,-0.161590576171875,0.0061187744140625
1760555139948432600,48.0624326171875,-1.02764892578125,-0.1468963623046875,0.0537567138671875
1760555139958436600,48.0724365234375,-0.911865234375,-0.1372222900390625,0.0506134033203125
1760555139968440800,48.08244091796875,-1.0209503173828125,-0.1276092529296875,0.0223388671875
1760555139978445800,48.09244580078125,-0.9878082275390625,-0.1274566650390625,-0.0064544677734375
1760555139988449500,48.102449462890625,-0.9747467041015625,-0.1522064208984375,-0.000579833984375
1760555139998453500,48.11245361328125,-0.999664306640625,-0.1371307373046875,0.0189056396484375
1760555140008458500,48.12245849609375,-0.9613037109375,-0.134307861328125,0.0185546875
1760555140018462700,48.13246264648438,-0.9754791259765625,-0.1260528564453125,0.0294952392578125
1760555140028466700,48.142466796875,-1.009429931640625,-0.1009979248046875,0.0358123779296875
1760555140038471700,48.1524716796875,-0.990081787109375,-0.0857696533203125,0.014923095703125
1760555140048475600,48.1624755859375,-1.01104736328125,-0.079010009765625,0.022491455078125
1760555140058479900,48.17247998046875,-0.996368408203125,-0.0725860595703125,0.0314788818359375
1760555140068484900,48.18248486328125,-1.0029296875,-0.0609588623046875,0.0438690185546875
1760555140078488600,48.19248852539062,-1.010406494140625,-0.0432586669921875,0.04754638671875
1760555140088492500,48.20249243164063,-1.0152587890625,-0.0382537841796875,0.038848876953125
1760555140098497800,48.212497802734376,-1.0197601318359375,-0.038055419921875,0.03814697265625
1760555140108502000,48.222501953125,-1.0103759765625,-0.04345703125,0.040863037109375
1760555140118506000,48.232506103515625,-1.014739990234375,-0.0391693115234375,0.0539703369140625
1760555140128511000,48.24251098632813,-1.0035247802734375,-0.04498291015625,0.059539794921875
1760555140138515000,48.25251489257813,-0.9998626708984375,-0.0676422119140625,0.0518035888671875
1760555140148519000,48.262518798828125,-0.996246337890625,-0.07635498046875,0.037384033203125
1760555140158524200,48.27252416992187,-0.9959259033203125,-0.088897705078125,0.0298309326171875
1760555140168528000,48.28252783203125,-0.98443603515625,-0.1085357666015625,0.0237274169921875
1760555140178531800,48.29253173828125,-0.978912353515625,-0.1193084716796875,0.0146636962890625
1760555140188536800,48.30253686523437,-0.97760009765625,-0.1190032958984375,0.0075836181640625
1760555140198540800,48.31254077148437,-0.977813720703125,-0.12237548828125,0.0021820068359375
1760555140208545000,48.322544921875,-0.987579345703125,-0.1070404052734375,-0.0003662109375
1760555140218550000,48.332550048828125,-0.9986114501953125,-0.087066650390625,0.00360107421875
1760555140228554000,48.342553955078124,-1.0006561279296875,-0.0745086669921875,0.0086212158203125
1760555140238558000,48.35255786132812,-0.998748779296875,-0.0676727294921875,0.0257415771484375
1760555140248563000,48.36256298828125,-0.9979400634765625,-0.0645751953125,0.028533935546875
1760555140258567000,48.37256689453125,-1.0029449462890625,-0.05230712890625,0.032135009765625
1760555140268572000,48.38257202148438,-1.0053558349609375,-0.045196533203125,0.03338623046875
1760555140278575900,48.39257592773438,-1.0090484619140625,-0.036102294921875,0.0260162353515625
1760555140288579800,48.402579833984376,-1.0142822265625,-0.0326080322265625,0.0222930908203125
1760555140298584000,48.412583984375,-1.0111541748046875,-0.03369140625,0.019134521484375
1760555140308589000,48.42258911132812,-1.0135345458984375,-0.03009033203125,0.01568603515625
1760555140318593000,48.43259301757813,-1.0125885009765625,-0.03240966796875,0.0169677734375
1760555140328596700,48.4425966796875,-1.007904052734375,-0.0442047119140625,0.0199432373046875
1760555140338601700,48.45260180664062,-1.0034027099609375,-0.059417724609375,0.0230712890625
1760555140348606000,48.46260595703125,-0.995452880859375,-0.067779541015625,0.0227508544921875
1760555140358610000,48.47260986328125,-0.9897003173828125,-0.0819854736328125,0.02935791015625
1760555140368615000,48.482614990234374,-0.9837799072265625,-0.0929107666015625,0.049072265625
1760555140378619000,48.49261889648437,-0.9802703857421875,-0.106964111328125,0.0515289306640625
1760555140388623000,48.502623046875,-0.9717864990234375,-0.102142333984375,0.057952880859375
1760555140398628000,48.512628173828126,-0.9871368408203125,-0.0895233154296875,0.0727386474609375
1760555140408632000,48.522632080078125,-0.984954833984375,-0.0771026611328125,0.0820465087890625
1760555140418637000,48.53263696289063,-0.9939117431640625,-0.06072998046875,0.084747314453125
1760555140428640800,48.54264086914063,-0.994140625,-0.0660247802734375,0.0824737548828125
1760555140438645000,48.55264501953125,-0.9871368408203125,-0.0711822509765625,0.0727996826171875
1760555140448650000,48.56264990234375,-0.9951934814453125,-0.071258544921875,0.0475311279296875
1760555140458654000,48.57265405273437,-0.9903411865234375,-0.063385009765625,0.0467987060546875
1760555140468658000,48.58265795898438,-1.0028533935546875,-0.0511627197265625,0.0354766845703125
1760555140478662000,48.592661865234376,-1.003753662109375,-0.04766845703125,0.01324462890625
1760555140488667100,48.602667236328124,-1.008697509765625,-0.0445556640625,0.0027923583984375
1760555140498671000,48.61267114257812,-1.0106353759765625,-0.0395660400390625,0.0013580322265625
1760555140508676000,48.622676025390625,-1.00830078125,-0.046173095703125,0.011138916015625
1760555140518679800,48.6326796875,-1.0021820068359375,-0.0568084716796875,0.0230712890625
1760555140528683800,48.64268383789062,-0.9909210205078125,-0.0634002685546875,0.0304107666015625
1760555140538688000,48.65268798828125,-0.993560791015625,-0.0654754638671875,0.0424652099609375
1760555140548693000,48.66269287109375,-0.9913787841796875,-0.0738525390625,0.0466461181640625
1760555140558697000,48.672697021484375,-0.987274169921875,-0.0843505859375,0.046112060546875
1760555140568701000,48.68270092773437,-0.9810943603515625,-0.0914306640625,0.0504913330078125
1760555140578706000,48.692705810546876,-0.9766693115234375,-0.0993804931640625,0.0575408935546875
1760555140588710000,48.7027099609375,-0.9749298095703125,-0.096038818359375,0.04644775390625
1760555140598713900,48.7127138671875,-0.9834442138671875,-0.0932464599609375,0.0424346923828125
1760555140608718800,48.72271875,-0.9874725341796875,-0.0865631103515625,0.0339508056640625
1760555140618722800,48.73272290039063,-0.9928131103515625,-0.0680999755859375,0.019622802734375
1760555140628727000,48.74272705078125,-1.0002288818359375,-0.0532989501953125,0.017791748046875
1760555140638732000,48.75273193359375,-1.00439453125,-0.0381622314453125,0.019378662109375
1760555140648736000,48.76273608398437,-1.006927490234375,-0.0261383056640625,0.0114288330078125
1760555140658740000,48.77273999023438,-1.00970458984375,-0.0200347900390625,0.0135345458984375
1760555140668745000,48.78274487304687,-1.01312255859375,-0.0194091796875,0.01470947265625
1760555140678749000,48.7927490234375,-1.01190185546875,-0.0165863037109375,0.0180816650390625
1760555140688753000,48.8027529296875,-1.011444091796875,-0.01611328125,0.0272064208984375
1760555140698758000,48.8127578125,-1.010040283203125,-0.0137481689453125,0.031646728515625
1760555140708761900,48.822761962890624,-1.0118255615234375,-0.011383056640625,0.0287017822265625
1760555140718766000,48.83276611328125,-1.0083770751953125,-0.022796630859375,0.0262451171875
1760555140728771000,48.84277099609375,-1.002716064453125,-0.034637451171875,0.019195556640625
1760555140738775000,48.852775146484376,-0.99554443359375,-0.0490875244140625,0.01239013671875
1760555140748778800,48.86277880859375,-0.985504150390625,-0.0762176513671875,0.0145111083984375
1760555140758784000,48.87278393554688,-0.9828643798828125,-0.08709716796875,0.0127410888671875
1760555140768788000,48.8827880859375,-0.9801788330078125,-0.0934295654296875,0.0131072998046875
1760555140778792000,48.8927919921875,-0.9770355224609375,-0.0914459228515625,0.0251617431640625
1760555140788797000,48.902796875,-0.99224853515625,-0.05975341796875,0.028594970703125
1760555140798801000,48.91280078125,-0.99664306640625,-0.0435943603515625,0.033660888671875
1760555140808804900,48.92280493164063,-1.000579833984375,-0.0306549072265625,0.026275634765625
1760555140818810000,48.93281005859375,-1.003173828125,-0.0270233154296875,0.0211639404296875
1760555140828814000,48.94281396484375,-1.009185791015625,-0.0124969482421875,0.0248870849609375
1760555140838817800,48.95281787109375,-1.0120086669921875,0.0006256103515625,0.03375244140625
1760555140848822800,48.96282275390625,-1.01171875,0.0018157958984375,0.03607177734375
1760555140858826800,48.97282666015625,-1.009185791015625,-0.00244140625,0.0427703857421875
1760555140868831000,48.9828310546875,-1.00726318359375,-0.0016021728515625,0.0418243408203125
1760555140878836000,48.9928359375,-1.005035400390625,-0.0086517333984375,0.0383148193359375
1760555140888840000,49.00283984375,-1.0045166015625,-0.017303466796875,0.03448486328125
1760555140898844000,49.012843994140624,-0.9961395263671875,-0.0384979248046875,0.03216552734375
1760555140908849000,49.02284887695313,-0.99078369140625,-0.0535888671875,0.030029296875
1760555140918853000,49.03285302734375,-0.9882049560546875,-0.0596771240234375,0.02764892578125
1760555140928856800,49.04285693359375,-0.9864349365234375,-0.062286376953125,0.0328369140625
1760555140938861800,49.05286181640625,-0.9881439208984375,-0.0636138916015625,0.0349578857421875
1760555140948865800,49.06286572265625,-0.9871978759765625,-0.0581817626953125,0.0391082763671875
1760555140958870000,49.0728701171875,-0.9905853271484375,-0.05059814453125,0.040313720703125
1760555140968875000,49.082875,-0.9891815185546875,-0.0445556640625,0.0502166748046875
1760555140978879000,49.09287890625,-0.9969635009765625,-0.026458740234375,0.0389862060546875
1760555140988883000,49.10288305664063,-1.004913330078125,-0.0142669677734375,0.0278472900390625
1760555140998888000,49.112887939453124,-1.0104522705078125,-0.0041656494140625,0.022308349609375
1760555141008892000,49.12289184570312,-1.013336181640625,-0.0016326904296875,0.0106964111328125
1760555141018896000,49.13289575195312,-1.00628662109375,-0.0073394775390625,0.001953125
1760555141028900900,49.14290087890625,-1.00799560546875,-0.0080718994140625,0.0041351318359375
1760555141038904800,49.15290478515625,-1.0102081298828125,-0.007354736328125,0.0064239501953125
1760555141048909000,49.162908935546874,-1.00762939453125,-0.01806640625,0.001678466796875
1760555141058914000,49.1729140625,-1.0001678466796875,-0.0285186767578125,0.00732421875
1760555141068918000,49.18291796875,-1.0030059814453125,-0.0224456787109375,0.019744873046875
1760555141078922000,49.192921875,-1.0008697509765625,-0.0303497314453125,0.0225067138671875
1760555141088927000,49.20292700195313,-0.9877166748046875,-0.05242919921875,0.021026611328125
1760555141098930200,49.21293017578125,-0.9866485595703125,-0.059539794921875,0.0269317626953125
1760555141108934100,49.22293408203125,-0.9909515380859375,-0.0532073974609375,0.02777099609375
1760555141118939100,49.23293920898438,-0.9915618896484375,-0.047119140625,0.0314483642578125
1760555141128943000,49.242943115234375,-0.994415283203125,-0.0439910888671875,0.0359954833984375
1760555141138947300,49.252947265625,-0.9944610595703125,-0.0385589599609375,0.0358428955078125
1760555141148952300,49.26295239257813,-0.996002197265625,-0.033355712890625,0.036041259765625
1760555141158956300,49.27295629882813,-0.999359130859375,-0.0245513916015625,0.0326690673828125
1760555141168960000,49.2829599609375,-1.002288818359375,-0.0223236083984375,0.0301055908203125
1760555141178965000,49.29296508789062,-1.00592041015625,-0.0091400146484375,0.02569580078125
1760555141188969200,49.30296923828125,-1.003082275390625,-0.014007568359375,0.0214996337890625
1760555141198973200,49.31297314453125,-1.0006866455078125,-0.02557373046875,0.019744873046875
1760555141208977200,49.32297705078125,-0.997955322265625,-0.0321502685546875,0.02374267578125
1760555141218982100,49.33298217773437,-0.9980010986328125,-0.030853271484375,0.025482177734375
1760555141228986400,49.342986328125,-0.99810791015625,-0.039703369140625,0.0246124267578125
1760555141238990300,49.352990234375,-0.991180419921875,-0.0470733642578125,0.02655029296875
1760555141248995300,49.362995361328124,-0.9954833984375,-0.04156494140625,0.0321197509765625
1760555141258999000,49.3729990234375,-0.9894561767578125,-0.048370361328125,0.039703369140625
1760555141269003300,49.38300317382812,-0.990509033203125,-0.0443572998046875,0.042572021484375
1760555141279008300,49.39300830078125,-0.9937896728515625,-0.0392608642578125,0.038421630859375
1760555141289012200,49.40301220703125,-0.9955291748046875,-0.0358428955078125,0.031494140625
1760555141299016200,49.41301611328125,-0.9974365234375,-0.0358734130859375,0.0267791748046875
1760555141309021200,49.42302124023438,-0.9974822998046875,-0.028106689453125,0.0208282470703125
1760555141319025200,49.433025146484376,-1.0085906982421875,-0.01031494140625,0.0168914794921875
1760555141329029000,49.443029052734374,-1.0046539306640625,-0.0103759765625,0.0137176513671875
1760555141339034000,49.4530341796875,-1.00616455078125,-0.013580322265625,0.0063018798828125
1760555141349038000,49.4630380859375,-1.0065155029296875,-0.018096923828125,0.00616455078125
1760555141359042000,49.4730419921875,-1.0018768310546875,-0.021942138671875,0.0113525390625
1760555141369047000,49.48304711914062,-1.0009002685546875,-0.0263214111328125,0.0128021240234375
1760555141379051300,49.49305126953125,-0.996856689453125,-0.029388427734375,0.0128173828125
1760555141389055200,49.50305517578125,-1.00360107421875,-0.027740478515625,0.016937255859375
1760555141399060200,49.513060302734374,-0.999267578125,-0.0304107666015625,0.021636962890625
1760555141409064200,49.52306420898437,-0.998260498046875,-0.0308837890625,0.024810791015625
1760555141419068200,49.53306811523437,-0.994140625,-0.0382080078125,0.0317230224609375
1760555141429073200,49.5430732421875,-0.9934539794921875,-0.039794921875,0.032958984375
1760555141439077000,49.5530771484375,-0.993377685546875,-0.039764404296875,0.0379486083984375
1760555141449081000,49.5630810546875,-0.9947357177734375,-0.0341796875,0.0314178466796875
1760555141459086000,49.573086181640626,-0.9997711181640625,-0.031646728515625,0.0290069580078125
1760555141469090300,49.58309033203125,-0.9944305419921875,-0.03485107421875,0.0277862548828125
1760555141479094300,49.59309423828125,-0.997161865234375,-0.0299072265625,0.031158447265625
1760555141489099300,49.60309936523438,-0.9980926513671875,-0.0230255126953125,0.0234375
1760555141499103000,49.61310302734375,-1.0021209716796875,-0.0177154541015625,0.026336669921875
1760555141509107200,49.623107177734376,-1.00537109375,-0.0185546875,0.0165252685546875
1760555141519112200,49.6331123046875,-0.9977569580078125,-0.0251617431640625,0.0172882080078125
1760555141529116200,49.6431162109375,-1.000396728515625,-0.0293731689453125,0.02056884765625
1760555141539120000,49.6531201171875,-0.99713134765625,-0.0246429443359375,0.026824951171875
1760555141549125000,49.663125,-1.00225830078125,-0.022674560546875,0.027923583984375
1760555141559129300,49.67312939453125,-0.9945526123046875,-0.0318756103515625,0.0250701904296875
1760555141569133300,49.68313330078125,-0.997711181640625,-0.0301513671875,0.027130126953125
1760555141579138300,49.69313818359375,-1.0014495849609375,-0.0230865478515625,0.0281829833984375
1760555141589142000,49.70314208984375,-0.9984588623046875,-0.027313232421875,0.02862548828125
1760555141599146200,49.71314624023437,-0.9921875,-0.039825439453125,0.029998779296875
1760555141609150200,49.72315014648437,-0.9929351806640625,-0.0405120849609375,0.0286712646484375
1760555141619155200,49.7331552734375,-0.9974212646484375,-0.0352630615234375,0.0290679931640625
1760555141629159200,49.7431591796875,-0.9926910400390625,-0.0389862060546875,0.027679443359375
1760555141639163100,49.7531630859375,-0.99560546875,-0.0393218994140625,0.0235748291015625
1760555141649168100,49.763168212890626,-0.9950408935546875,-0.033477783203125,0.0206298828125
1760555141659172400,49.77317236328125,-0.99945068359375,-0.0285491943359375,0.0188751220703125
1760555141669176000,49.783176025390624,-1.0018157958984375,-0.025299072265625,0.0204620361328125
1760555141679181000,49.79318115234375,-0.9975738525390625,-0.026519775390625,0.0196380615234375
1760555141689185000,49.80318505859375,-0.9984588623046875,-0.022064208984375,0.0263214111328125
1760555141699189200,49.813189208984376,-0.9995574951171875,-0.025482177734375,0.028839111328125
1760555141709194200,49.8231943359375,-0.99530029296875,-0.0230255126953125,0.0298919677734375
1760555141719198200,49.8331982421875,-1.00390625,-0.0148162841796875,0.0275726318359375
1760555141729202200,49.8432021484375,-0.99993896484375,-0.0193634033203125,0.02630615234375
1760555141739207200,49.85320727539062,-0.9993133544921875,-0.0254058837890625,0.02655029296875
1760555141749211100,49.86321118164062,-0.9938201904296875,-0.028717041015625,0.0245819091796875
1760555141759215000,49.87321508789063,-0.995941162109375,-0.025299072265625,0.0238189697265625
1760555141769220000,49.88322021484375,-0.9981536865234375,-0.0326385498046875,0.020843505859375
1760555141779224000,49.89322412109375,-0.994842529296875,-0.0302734375,0.019500732421875
1760555141789228300,49.90322827148437,-1.000885009765625,-0.0249481201171875,0.0198974609375
1760555141799233300,49.9132333984375,-0.9917144775390625,-0.0294189453125,0.0195159912109375
1760555141809237200,49.9232373046875,-1.0010986328125,-0.0281524658203125,0.023284912109375
1760555141819241200,49.9332412109375,-0.9942779541015625,-0.0331573486328125,0.0208282470703125
1760555141829246200,49.94324609375,-0.99041748046875,-0.0428009033203125,0.0233306884765625
1760555141839250200,49.95325024414063,-0.9901123046875,-0.04241943359375,0.0330047607421875
1760555141849254100,49.963254150390625,-0.99176025390625,-0.03070068359375,0.0391845703125
1760555141859259100,49.97325903320313,-0.99920654296875,-0.0207061767578125,0.0441741943359375
1760555141869263000,49.98326318359375,-0.997528076171875,-0.011932373046875,0.04473876953125
1760555141879267300,49.99326733398438,-1.0051422119140625,0,0.0414886474609375
1760555141889272300,50.00327221679687,-1.002044677734375,-0.0013885498046875,0.0365142822265625
1760555141899276300,50.0132763671875,-0.9993896484375,-0.008575439453125,0.034698486328125
1760555141909280300,50.0232802734375,-0.9992218017578125,-0.0081024169921875,0.03741455078125
1760555141919285200,50.03328515625,-0.9985198974609375,-0.0025177001953125,0.0322265625
1760555141929289200,50.043289306640624,-1.002532958984375,-0.001373291015625,0.0257720947265625
1760555141939293200,50.05329321289062,-1.0013885498046875,-0.004608154296875,0.0221405029296875
1760555141949298200,50.063298095703125,-1.0058135986328125,-0.004302978515625,0.02166748046875
1760555141959302100,50.07330224609375,-1.00225830078125,-0.0037994384765625,0.021942138671875
1760555141969306000,50.08330615234375,-0.9984588623046875,-0.0109100341796875,0.0213470458984375
1760555141979311000,50.09331103515625,-0.9932403564453125,-0.0256805419921875,0.0203704833984375
1760555141989315300,50.1033154296875,-0.99755859375,-0.0214385986328125,0.0189056396484375
1760555141999319000,50.113319091796875,-1.000244140625,-0.0179901123046875,0.0166015625
1760555142009323000,50.12332299804687,-0.9998016357421875,-0.0115203857421875,0.01385498046875
1760555142019328000,50.133327880859376,-1.001129150390625,-0.0131988525390625,0.0111236572265625
1760555142029332200,50.14333227539063,-0.9998016357421875,-0.010711669921875,0.0101776123046875
1760555142039336200,50.153336181640626,-1.0048828125,-0.0037841796875,0.016326904296875
1760555142049341200,50.16334106445313,-1.0043182373046875,0.0049896240234375,0.01837158203125
1760555142059345200,50.17334521484375,-1.00628662109375,0.005401611328125,0.0229034423828125
1760555142069349400,50.18334936523438,-1.0035400390625,0.0067901611328125,0.027252197265625
1760555142079354400,50.19335424804687,-1.00274658203125,0.001739501953125,0.027557373046875
1760555142089358000,50.20335815429687,-1.0014495849609375,0.0031280517578125,0.028839111328125
1760555142099362600,50.21336254882812,-1.0042572021484375,0.0000152587890625,0.0337371826171875
1760555142109367600,50.223367431640625,-0.998870849609375,-0.0044097900390625,0.040679931640625
1760555142119371800,50.233371826171876,-0.999176025390625,-0.01092529296875,0.045623779296875
1760555142129375500,50.24337548828125,-0.9904632568359375,-0.025909423828125,0.0496673583984375
1760555142139380500,50.25338037109375,-0.984283447265625,-0.0376739501953125,0.05743408203125
1760555142149384400,50.263384521484376,-0.987213134765625,-0.037261962890625,0.055694580078125
1760555142159388400,50.273388427734375,-0.986175537109375,-0.0350799560546875,0.0569000244140625
1760555142169393700,50.2833935546875,-0.99127197265625,-0.0240020751953125,0.0520782470703125
1760555142179397600,50.29339770507813,-0.9966583251953125,-0.013214111328125,0.0478363037109375
1760555142189401600,50.30340161132813,-0.9969024658203125,-0.01287841796875,0.0472259521484375
1760555142199406600,50.31340649414062,-0.993682861328125,-0.0145721435546875,0.0419158935546875
1760555142209410600,50.32341064453125,-0.9979705810546875,-0.0114288330078125,0.0330352783203125
1760555142219414500,50.33341455078125,-1.00128173828125,-0.0084228515625,0.0198516845703125
1760555142229419500,50.34341943359375,-1.0033111572265625,-0.0048675537109375,0.00830078125
1760555142239423500,50.35342358398437,-1.0077667236328125,-0.0106353759765625,0.0084991455078125
1760555142249427500,50.36342749023437,-0.9996185302734375,-0.0081939697265625,0.0185699462890625
1760555142259432400,50.373432373046874,-1.002960205078125,-0.0043792724609375,0.0293731689453125
1760555142269436700,50.383436767578125,-0.9959869384765625,-0.0174407958984375,0.0284423828125
1760555142279440600,50.393440673828124,-0.994476318359375,-0.0171356201171875,0.0299224853515625
1760555142289445600,50.40344555664063,-1.0038604736328125,-0.01715087890625,0.0268707275390625
1760555142299449300,50.413449462890625,-0.9923248291015625,-0.0210723876953125,0.029449462890625
1760555142309453600,50.42345361328125,-0.9978485107421875,-0.018951416015625,0.0405731201171875
1760555142319458600,50.43345849609375,-0.9954681396484375,-0.0080413818359375,0.03875732421875
1760555142329462500,50.44346264648438,-0.9991607666015625,-0.0048370361328125,0.0420684814453125
1760555142339466500,50.453466552734376,-0.9965362548828125,-0.0073089599609375,0.0341339111328125
1760555142349471500,50.46347143554687,-1.002685546875,-0.005767822265625,0.03216552734375
1760555142359475700,50.47347583007812,-1.0041351318359375,-0.0009918212890625,0.0325164794921875
1760555142369479700,50.48347973632813,-0.9972076416015625,-0.001983642578125,0.031341552734375
1760555142379484700,50.493484619140624,-1.003448486328125,-0.002899169921875,0.028778076171875
1760555142389488400,50.50348828125,-1.0007171630859375,-0.0042572021484375,0.02899169921875
1760555142399492600,50.51349267578125,-1.004119873046875,-0.0028228759765625,0.0245819091796875
1760555142409497600,50.52349755859375,-1.00128173828125,-0.0083465576171875,0.0301055908203125
1760555142419501600,50.53350146484375,-0.997222900390625,-0.0145111083984375,0.0337371826171875
1760555142429505500,50.54350561523437,-0.994293212890625,-0.0159149169921875,0.0365447998046875
1760555142439510500,50.553510498046876,-0.9945831298828125,-0.0167236328125,0.03515625
1760555142449514800,50.5635146484375,-0.9971466064453125,-0.015533447265625,0.0350189208984375
1760555142459518700,50.573518798828125,-0.9959259033203125,-0.0132904052734375,0.0369873046875
1760555142469522400,50.5835224609375,-0.9984130859375,-0.0098876953125,0.042205810546875
1760555142479527400,50.59352734375,-0.9954376220703125,-0.0119476318359375,0.0383453369140625
1760555142489531400,50.603531494140626,-0.9969940185546875,-0.01116943359375,0.03289794921875
1760555142499535600,50.61353564453125,-0.9999237060546875,-0.00750732421875,0.0299224853515625
1760555142509540600,50.62354052734375,-0.9986572265625,-0.019439697265625,0.0168914794921875
1760555142519544600,50.63354467773438,-0.993255615234375,-0.0239105224609375,0.018218994140625
1760555142529548500,50.643548583984376,-1.0013427734375,-0.0177154541015625,0.0257568359375
1760555142539553500,50.65355346679687,-0.9949798583984375,-0.017486572265625,0.031097412109375
1760555142549557500,50.6635576171875,-0.9948577880859375,-0.0186920166015625,0.031829833984375
1760555142559561500,50.6735615234375,-0.99603271484375,-0.0187530517578125,0.0348052978515625
1760555142569566500,50.68356640625,-1.000823974609375,-0.0070953369140625,0.0300140380859375
1760555142579570400,50.6935703125,-1.002166748046875,-0.0092315673828125,0.031158447265625
1760555142589574700,50.70357470703125,-0.997711181640625,-0.0126495361328125,0.029144287109375
1760555142599579600,50.71357958984375,-0.9996185302734375,-0.0135955810546875,0.0317840576171875
1760555142609583600,50.72358349609375,-0.9946746826171875,-0.0214996337890625,0.02850341796875
1760555142619587600,50.733587646484374,-0.99365234375,-0.0234832763671875,0.028839111328125
1760555142629592600,50.743592529296876,-0.9970855712890625,-0.0206451416015625,0.031768798828125
1760555142639596500,50.753596435546875,-0.9983062744140625,-0.010986328125,0.0312042236328125
1760555142649600500,50.7636005859375,-1.0022735595703125,-0.0072174072265625,0.031951904296875
1760555142659605500,50.77360546875,-0.9985504150390625,-0.009185791015625,0.0312652587890625
1760555142669609500,50.783609375,-1.00091552734375,-0.009552001953125,0.03375244140625
1760555142679613700,50.79361376953125,-1.0013885498046875,-0.0077972412109375,0.027923583984375
1760555142689618700,50.80361865234375,-1.000701904296875,-0.00341796875,0.030242919921875
1760555142699622700,50.81362255859375,-1.0065155029296875,-0.00091552734375,0.029083251953125
1760555142709626600,50.82362670898438,-0.998016357421875,-0.008056640625,0.0270233154296875
1760555142719631600,50.83363159179687,-1.0004425048828125,-0.0138397216796875,0.0270843505859375
1760555142729635600,50.84363549804687,-0.9971923828125,-0.011627197265625,0.0312347412109375
1760555142739639600,50.8536396484375,-0.99957275390625,-0.0076751708984375,0.0362548828125
1760555142749644500,50.86364453125,-0.9978485107421875,-0.0126190185546875,0.02923583984375
1760555142759648500,50.8736484375,-0.9933319091796875,-0.026214599609375,0.023773193359375
1760555142769652500,50.88365258789062,-0.9951324462890625,-0.0296173095703125,0.021697998046875
1760555142779657700,50.89365771484375,-0.988067626953125,-0.0401458740234375,0.02081298828125
1760555142789661700,50.90366162109375,-0.9937744140625,-0.0346527099609375,0.0220184326171875
1760555142799665400,50.91366552734375,-0.994354248046875,-0.022674560546875,0.0208892822265625
1760555142809670400,50.92367041015625,-0.996063232421875,-0.015350341796875,0.017669677734375
1760555142819674400,50.93367431640625,-1.0063018798828125,-0.008056640625,0.01171875
1760555142829678600,50.9436787109375,-1.00335693359375,-0.0059967041015625,0.0105133056640625
1760555142839683600,50.95368359375,-1.0049285888671875,-0.00439453125,0.016632080078125
1760555142849687600,50.9636875,-1.001739501953125,-0.0042266845703125,0.02008056640625
1760555142859691500,50.97369140625,-1.001220703125,-0.0068206787109375,0.0228271484375
1760555142869696500,50.98369653320312,-1.00048828125,-0.0095977783203125,0.0229949951171875
1760555142879700700,50.99370068359375,-1.0002899169921875,-0.014984130859375,0.0259857177734375
1760555142889704400,51.00370434570313,-0.9963836669921875,-0.0201568603515625,0.0282135009765625
1760555142899709400,51.01370947265625,-0.99432373046875,-0.0197601318359375,0.0377655029296875
1760555142909713400,51.02371337890625,-0.9952850341796875,-0.0230712890625,0.0374298095703125
1760555142919717600,51.03371752929687,-0.98870849609375,-0.0279998779296875,0.033782958984375
1760555142929722600,51.04372265625,-0.9972076416015625,-0.0193023681640625,0.031768798828125
1760555142939726600,51.0537265625,-0.995574951171875,-0.020965576171875,0.02655029296875
1760555142949730600,51.06373046875,-0.99566650390625,-0.0243988037109375,0.0278167724609375
1760555142959735600,51.07373559570313,-0.9961090087890625,-0.0150909423828125,0.033111572265625
1760555142969739800,51.08373974609375,-0.997528076171875,-0.0058746337890625,0.0309906005859375
1760555142979743500,51.093743408203125,-1.0042877197265625,-0.001312255859375,0.0273590087890625
1760555142989748500,51.10374853515625,-1.0037689208984375,-0.00152587890625,0.0225677490234375
1760555142999752400,51.11375244140625,-1.004150390625,-0.00494384765625,0.022186279296875
1760555143009756700,51.12375659179688,-0.9989013671875,-0.009857177734375,0.024505615234375
1760555143019761700,51.13376171875,-1.0000457763671875,-0.003753662109375,0.02862548828125
1760555143029765600,51.143765625,-0.9993438720703125,-0.0074310302734375,0.0312042236328125
1760555143039769600,51.15376953125,-0.9962921142578125,-0.0164794921875,0.0258636474609375
1760555143049774600,51.163774658203124,-0.998016357421875,-0.0190887451171875,0.025909423828125
1760555143059778600,51.17377856445312,-0.9960174560546875,-0.017547607421875,0.0284423828125
1760555143069782500,51.18378247070312,-0.9944305419921875,-0.0257415771484375,0.027862548828125
1760555143079787500,51.19378759765625,-0.9870147705078125,-0.032470703125,0.0247650146484375
1760555143089791500,51.20379150390625,-0.998565673828125,-0.022979736328125,0.0258331298828125
1760555143099795500,51.21379541015625,-0.994232177734375,-0.0207366943359375,0.0187835693359375
1760555143109800700,51.22380078125,-1.0008087158203125,-0.009735107421875,0.0119171142578125
1760555143119804400,51.233804443359375,-1.0020751953125,-0.0113983154296875,0.009796142578125
1760555143129808400,51.243808349609374,-1.000701904296875,-0.0038604736328125,0.0122833251953125
1760555143139813400,51.2538134765625,-1.009552001953125,-0.0051727294921875,0.0201416015625
1760555143149817300,51.2638173828125,-0.99420166015625,-0.0102691650390625,0.020843505859375
1760555143159821600,51.273821533203126,-1.0001068115234375,-0.00439453125,0.0323486328125
1760555143169826600,51.28382666015625,-0.996795654296875,-0.00360107421875,0.0336761474609375
1760555143179830500,51.29383056640625,-1.000396728515625,-0.0040130615234375,0.0354766845703125
1760555143189834500,51.30383447265625,-0.9995880126953125,-0.0048675537109375,0.03521728515625
1760555143199839500,51.31383959960937,-0.99798583984375,-0.0073699951171875,0.03466796875
1760555143209843500,51.32384350585937,-0.9968414306640625,-0.017578125,0.0372161865234375
1760555143219847400,51.33384741210938,-0.994964599609375,-0.009429931640625,0.041717529296875
1760555143229852400,51.343852294921874,-0.9975128173828125,-0.01226806640625,0.040374755859375
1760555143239856400,51.3538564453125,-0.99237060546875,-0.0104522705078125,0.0292816162109375
1760555143249860600,51.36386059570312,-1.00372314453125,-0.005462646484375,0.0297698974609375
1760555143259865600,51.373865478515626,-0.9998931884765625,-0.0015411376953125,0.0186767578125
1760555143269869600,51.38386962890625,-1.0047760009765625,0.0016632080078125,0.022735595703125
1760555143279873300,51.39387329101562,-1.0007781982421875,-0.001220703125,0.024017333984375
1760555143289878300,51.403878173828126,-1.0006561279296875,-0.00543212890625,0.0270538330078125
1760555143299882500,51.41388256835938,-1.0023040771484375,-0.0009002685546875,0.0293426513671875
1760555143309886500,51.423886474609375,-0.997314453125,-0.0054473876953125,0.03131103515625
1760555143319891500,51.43389135742188,-0.9995574951171875,-0.01397705078125,0.0267791748046875
1760555143329895400,51.4438955078125,-0.8671722412109375,-0.024566650390625,0.0339813232421875
1760555143339899600,51.45389965820313,-1.1515655517578125,-0.0071868896484375,0.0897064208984375
1760555143349904600,51.46390454101562,-0.8823089599609375,0.0013885498046875,0.060760498046875
1760555143359908600,51.47390869140625,-1.0673980712890625,-0.0591888427734375,-0.1196441650390625
1760555143369912300,51.48391235351563,-1.162628173828125,0.0478668212890625,-0.0376434326171875
1760555143379917300,51.49391723632812,-1.0783843994140625,0.0020294189453125,-0.032379150390625
1760555143389921500,51.503921630859374,-0.682647705078125,-0.058349609375,-0.0403289794921875
1760555143399925500,51.51392553710937,-1.2789764404296875,-0.003082275390625,0.1168060302734375
1760555143409930500,51.523930419921875,-0.5562744140625,-0.049652099609375,0.11798095703125
1760555143419934500,51.5339345703125,-1.3622283935546875,0.0148468017578125,0.0303802490234375
1760555143429938400,51.5439384765625,-0.919158935546875,0.0031280517578125,0.029052734375
1760555143439943700,51.55394360351563,-0.9668426513671875,-0.0204010009765625,-0.0182952880859375
1760555143449947600,51.56394775390625,-1.104644775390625,0.003021240234375,0.0185089111328125
1760555143459951400,51.573951416015625,-0.886749267578125,-0.007171630859375,0.0221405029296875
1760555143469956400,51.58395629882813,-1.029632568359375,-0.002716064453125,0.0474700927734375
1760555143479960300,51.593960205078126,-1.039642333984375,-0.00042724609375,0.032135009765625
1760555143489964500,51.60396459960938,-0.970550537109375,-0.0134429931640625,0.0142822265625
1760555143499969500,51.61396948242187,-1.0003662109375,-0.0077362060546875,0.036865234375
1760555143509973500,51.62397338867188,-0.983184814453125,-0.0172271728515625,0.0377197265625
1760555143519977500,51.6339775390625,-0.998931884765625,-0.01666259765625,0.033416748046875
1760555143529982500,51.643982421875,-1.0116729736328125,-0.014923095703125,0.02813720703125
1760555143539986400,51.653986328125,-0.9793548583984375,-0.0130157470703125,0.0362396240234375
1760555143549990400,51.66399047851562,-1.0021820068359375,-0.0059967041015625,0.023590087890625
1760555143559995400,51.673995361328124,-1.014617919921875,-0.0089874267578125,0.015289306640625
1760555143569999400,51.68399926757812,-0.9868011474609375,-0.00994873046875,0.022491455078125
1760555143580003600,51.694003662109374,-0.9992523193359375,-0.0084991455078125,0.0194091796875
1760555143590008600,51.70400854492188,-1.009552001953125,-0.007843017578125,0.0173797607421875
1760555143600012500,51.714012451171875,-0.990631103515625,-0.010894775390625,0.0263671875
1760555143610016500,51.7240166015625,-0.939788818359375,0.000152587890625,0.06573486328125
1760555143620021500,51.734021484375,-1.06134033203125,-0.0180206298828125,0.1346588134765625
1760555143630025500,51.744025390625,-0.9163818359375,-0.02587890625,-0.056304931640625
1760555143640029400,51.754029541015626,-1.115264892578125,0.0028533935546875,-0.0959930419921875
1760555143650034400,51.76403442382812,-1.1142120361328125,0.00762939453125,-0.0168914794921875
1760555143660038400,51.77403833007813,-0.77471923828125,-0.031585693359375,0.0171356201171875
1760555143670042600,51.78404272460938,-0.9910888671875,0.0047760009765625,0.0748443603515625
1760555143680047600,51.794047607421874,-1.0785675048828125,-0.0149688720703125,0.082794189453125
1760555143690051600,51.80405151367187,-0.974273681640625,-0.0039825439453125,0.0090484619140625
1760555143700055300,51.81405517578125,-1.0028839111328125,-0.018402099609375,0.0052337646484375
1760555143710060500,51.824060546875,-1.0529327392578125,-0.011932373046875,0.0467681884765625
1760555143720064500,51.834064453125,-0.8997344970703125,-0.0256500244140625,0.020843505859375
1760555143730068500,51.844068359375,-1.0625,-0.010040283203125,0.0390472412109375
1760555143740073500,51.854073486328126,-0.9869842529296875,-0.0079803466796875,0.0125274658203125
1760555143750077400,51.864077392578125,-0.9903564453125,-0.01214599609375,-0.0007781982421875
1760555143760081400,51.87408129882812,-1.046600341796875,-0.0079193115234375,0.012237548828125
1760555143770086400,51.88408642578125,-0.9740142822265625,-0.0229644775390625,0.022491455078125
1760555143780090600,51.89409057617188,-0.9704132080078125,-0.02740478515625,0.024993896484375
1760555143790094300,51.90409423828125,-1.032562255859375,-0.0181427001953125,0.0223388671875
1760555143800099300,51.91409936523438,-0.987213134765625,-0.01837158203125,0.016448974609375
1760555143810103300,51.92410327148438,-0.998931884765625,-0.010406494140625,0.0270843505859375
1760555143820107500,51.934107421875,-0.9984588623046875,-0.0163116455078125,0.028106689453125
1760555143830112500,51.94411254882812,-1.0073089599609375,-0.011474609375,0.0313873291015625
1760555143840116500,51.95411645507812,-0.9956817626953125,-0.0116729736328125,0.0226287841796875
1760555143850120400,51.96412036132813,-1.0068511962890625,-0.01416015625,0.0225677490234375
1760555143860125400,51.97412548828125,-0.9947509765625,-0.02972412109375,0.031097412109375
1760555143870129700,51.984129638671874,-0.9795074462890625,-0.0369720458984375,0.03460693359375
1760555143880133400,51.99413330078125,-1.0006103515625,-0.02703857421875,0.0300445556640625
1760555143890138400,52.004138427734375,-0.9998931884765625,-0.019683837890625,0.0322265625
1760555143900142300,52.014142333984374,-0.992767333984375,-0.0215301513671875,0.0388946533203125
1760555143910146600,52.024146484375,-0.994384765625,-0.0254364013671875,0.0330963134765625
1760555143920151600,52.03415161132813,-1.000335693359375,-0.026580810546875,0.02899169921875
1760555143930155500,52.044155517578126,-0.994384765625,-0.0212860107421875,0.0308685302734375
1760555143940159500,52.054159423828125,-0.9962158203125,-0.0198516845703125,0.0233612060546875
1760555143950164500,52.06416455078125,-1.00482177734375,-0.0169525146484375,0.014617919921875
1760555143960168400,52.07416845703125,-0.99798583984375,-0.0159149169921875,0.0171661376953125
1760555143970172400,52.08417236328125,-0.996307373046875,-0.0260467529296875,0.0185699462890625
1760555143980177400,52.09417749023437,-0.995941162109375,-0.027618408203125,0.02337646484375
1760555143990181400,52.10418139648438,-0.993011474609375,-0.0286407470703125,0.0305328369140625
1760555144000185600,52.114185546875,-0.99517822265625,-0.0251617431640625,0.03179931640625
1760555144010190600,52.124190673828124,-0.996856689453125,-0.0234832763671875,0.0345306396484375
1760555144020194600,52.13419458007812,-0.9972076416015625,-0.0161285400390625,0.03399658203125
1760555144030198500,52.14419848632812,-1.0000152587890625,-0.0143890380859375,0.03033447265625
1760555144040203500,52.15420361328125,-0.9998016357421875,-0.01190185546875,0.0262298583984375
1760555144050207500,52.16420751953125,-1.002227783203125,-0.0093231201171875,0.0240936279296875
1760555144060211500,52.17421142578125,-1.002960205078125,-0.0114593505859375,0.0208740234375
1760555144070216400,52.18421655273438,-1.0018310546875,-0.0173187255859375,0.0181427001953125
1760555144080220400,52.194220458984375,-0.996856689453125,-0.0166778564453125,0.017608642578125
1760555144090224400,52.204224365234374,-1.0020294189453125,-0.0120086669921875,0.012115478515625
1760555144100229400,52.2142294921875,-1.0049896240234375,-0.0170745849609375,0.01068115234375
1760555144110233900,52.22423388671875,-0.9963226318359375,-0.019561767578125,0.017852783203125
1760555144120237800,52.23423779296875,-0.9977569580078125,-0.02069091796875,0.0205230712890625
1760555144130242800,52.244242919921874,-1.0008697509765625,-0.0233306884765625,0.0180511474609375
1760555144140246800,52.25424682617187,-0.9920654296875,-0.0347137451171875,0.02130126953125
1760555144150251000,52.2642509765625,-0.9918212890625,-0.03741455078125,0.0306243896484375
1760555144160256000,52.274256103515626,-0.9897308349609375,-0.0328216552734375,0.031341552734375
1760555144170259700,52.284259765625,-0.9941864013671875,-0.0272979736328125,0.034759521484375
1760555144180263700,52.294263671875,-0.994415283203125,-0.02630615234375,0.0382232666015625
1760555144190268700,52.3042685546875,-0.9909820556640625,-0.023895263671875,0.0391998291015625
1760555144200273000,52.31427294921875,-0.9993743896484375,-0.0118865966796875,0.0404815673828125
1760555144210276900,52.32427685546875,-1.003631591796875,-0.001861572265625,0.0371551513671875
1760555144220281900,52.33428173828125,-0.9997406005859375,0.0003509521484375,0.03338623046875
1760555144230285800,52.34428588867188,-1.0054473876953125,0.0014495849609375,0.025421142578125
1760555144240290000,52.3542900390625,-1.008056640625,0.001983642578125,0.0251617431640625
1760555144250295000,52.364294921875,-1.0030364990234375,0.0067291259765625,0.0207061767578125
1760555144260298800,52.374298828125,-1.0027618408203125,0.001190185546875,0.023162841796875
1760555144270302700,52.384302734375,-1.004638671875,-0.004791259765625,0.0208892822265625
1760555144280307700,52.3943076171875,-0.9990692138671875,-0.00885009765625,0.0249786376953125
1760555144290312000,52.40431201171875,-0.9988861083984375,-0.0145111083984375,0.02386474609375
1760555144300316000,52.41431591796875,-0.9992828369140625,-0.021636962890625,0.0223388671875
1760555144310321000,52.42432080078125,-0.991241455078125,-0.0274505615234375,0.0264739990234375
1760555144320324900,52.434324951171874,-0.9928131103515625,-0.0239410400390625,0.0248870849609375
1760555144330328600,52.44432861328125,-0.99871826171875,-0.0244598388671875,0.0242462158203125
1760555144340333800,52.454333740234375,-0.9928436279296875,-0.028350830078125,0.02783203125
1760555144350337800,52.464337890625,-0.992462158203125,-0.021240234375,0.0270233154296875
1760555144360341800,52.474341796875,-0.99725341796875,-0.0175323486328125,0.02386474609375
1760555144370346800,52.4843466796875,-1.0023193359375,-0.0125274658203125,0.0245208740234375
1760555144380350700,52.494350830078126,-0.99957275390625,-0.007171630859375,0.0240325927734375
1760555144390355000,52.50435498046875,-1.0011444091796875,-0.0050506591796875,0.02178955078125
1760555144400360000,52.51435986328125,-1.004608154296875,-0.007781982421875,0.0207366943359375
1760555144410364000,52.52436401367188,-0.999267578125,-0.0110931396484375,0.0239410400390625
1760555144420367600,52.53436767578125,-0.9974212646484375,-0.009185791015625,0.025238037109375
1760555144430372600,52.54437255859375,-1.002349853515625,-0.008026123046875,0.0268402099609375
1760555144440376800,52.554376953125,-1.002960205078125,-0.0077972412109375,0.030609130859375
1760555144450380800,52.564380859375,-0.9970550537109375,-0.00946044921875,0.0271759033203125
1760555144460385800,52.5743857421875,-1.0054931640625,-0.022125244140625,0.02178955078125
1760555144470389800,52.5843896484375,-0.9932098388671875,-0.0160369873046875,0.028900146484375
1760555144480394000,52.59439404296875,-0.99383544921875,-0.0225982666015625,0.0267181396484375
1760555144490399000,52.60439892578125,-0.9973297119140625,-0.0304107666015625,0.0246429443359375
1760555144500403000,52.61440283203125,-0.9881134033203125,-0.0345001220703125,0.0303955078125
1760555144510406700,52.62440673828125,-0.9903106689453125,-0.031402587890625,0.0295867919921875
1760555144520411600,52.63441162109375,-0.9994964599609375,-0.022735595703125,0.0256195068359375
1760555144530415900,52.644415771484375,-0.9970855712890625,-0.017181396484375,0.02593994140625
1760555144540419800,52.654419921875,-0.9967041015625,-0.0120849609375,0.02459716796875
1760555144550424800,52.6644248046875,-1.0045928955078125,-0.008331298828125,0.021270751953125
1760555144560428800,52.6744287109375,-1.0034942626953125,-0.007720947265625,0.0218353271484375
1760555144570433000,52.68443310546875,-0.99493408203125,-0.01019287109375,0.0224456787109375
1760555144580438000,52.69443798828125,-1.0029144287109375,-0.0083465576171875,0.0193939208984375
1760555144590441700,52.70444165039063,-1.002288818359375,-0.0063629150390625,0.024383544921875
1760555144600445700,52.71444580078125,-0.997711181640625,-0.007598876953125,0.0302734375
1760555144610450700,52.72445068359375,-1.0037689208984375,-0.0064544677734375,0.031951904296875
1760555144620455000,52.73445483398437,-1.002227783203125,-0.00592041015625,0.0318145751953125
1760555144630459000,52.744458984375,-0.999267578125,-0.009063720703125,0.0296630859375
1760555144640464000,52.7544638671875,-1.0004425048828125,-0.0136566162109375,0.024200439453125
1760555144650467800,52.7644677734375,-0.9968719482421875,-0.0164031982421875,0.02239990234375
1760555144660471800,52.77447192382812,-0.99835205078125,-0.025909423828125,0.022216796875
1760555144670476800,52.784476806640626,-0.992095947265625,-0.0268096923828125,0.02288818359375
1760555144680480800,52.794480712890625,-0.993499755859375,-0.0265045166015625,0.023162841796875
1760555144690484700,52.804484619140624,-0.9983978271484375,-0.0225830078125,0.0207672119140625
1760555144700489700,52.81448974609375,-0.994140625,-0.0248565673828125,0.0228729248046875
1760555144710493700,52.82449365234375,-0.9949951171875,-0.0203094482421875,0.021270751953125
1760555144720498000,52.834497802734376,-0.9980316162109375,-0.018646240234375,0.0197296142578125
1760555144730503000,52.8445029296875,-0.99847412109375,-0.016693115234375,0.0223388671875
1760555144740507000,52.8545068359375,-0.9962005615234375,-0.01275634765625,0.0252532958984375
1760555144750510800,52.8645107421875,-1.0021820068359375,-0.011016845703125,0.021026611328125
1760555144760515800,52.87451586914062,-1.0068511962890625,-0.0084686279296875,0.018646240234375
1760555144770519800,52.88451977539062,-0.9981536865234375,-0.0092010498046875,0.0215301513671875
1760555144780523800,52.89452368164063,-1.001495361328125,-0.0107269287109375,0.0207061767578125
1760555144790528800,52.90452880859375,-1.0038909912109375,-0.012664794921875,0.019134521484375
1760555144800532700,52.91453271484375,-0.9926605224609375,-0.0166168212890625,0.02386474609375
1760555144810537000,52.92453686523437,-0.99688720703125,-0.015106201171875,0.0249786376953125
1760555144820542000,52.9345419921875,-1.003387451171875,-0.0125885009765625,0.0261993408203125
1760555144830546000,52.9445458984375,-0.995819091796875,-0.0154571533203125,0.026397705078125
1760555144840549600,52.95454956054687,-0.996246337890625,-0.021728515625,0.020782470703125
1760555144850554600,52.9645546875,-0.9971771240234375,-0.0280609130859375,0.022369384765625
1760555144860558800,52.974558837890626,-0.989715576171875,-0.021697998046875,0.0269622802734375
1760555144870562800,52.984562744140625,-0.9983367919921875,-0.0186920166015625,0.0242462158203125
1760555144880567800,52.99456787109375,-0.9997406005859375,-0.011749267578125,0.0238037109375
1760555144890571800,53.00457177734375,-0.997894287109375,-0.0115814208984375,0.023712158203125
1760555144900576000,53.01457592773438,-1.0002899169921875,-0.013275146484375,0.023681640625
1760555144910581000,53.0245810546875,-1.0010223388671875,-0.0069732666015625,0.026702880859375
1760555144920585000,53.0345849609375,-0.99798583984375,-0.0052947998046875,0.026702880859375
1760555144930588700,53.04458862304688,-1.0002899169921875,-0.0057830810546875,0.0267791748046875
1760555144940593700,53.05459375,-1.0022430419921875,-0.002960205078125,0.024932861328125
1760555144950598000,53.06459790039062,-1.0020904541015625,-0.00689697265625,0.021148681640625
1760555144960601900,53.07460180664062,-0.99981689453125,-0.0104217529296875,0.02056884765625
1760555144970606800,53.08460693359375,-0.9995269775390625,-0.00982666015625,0.0217437744140625
1760555144980610800,53.09461083984375,-1.0009613037109375,-0.0096588134765625,0.022705078125
1760555144990614800,53.10461474609375,-0.998199462890625,-0.01727294921875,0.0258941650390625
1760555145000619800,53.11461987304688,-0.9919891357421875,-0.021392822265625,0.02801513671875
1760555145010623700,53.124623779296876,-0.996826171875,-0.0186309814453125,0.026336669921875
1760555145020627700,53.134627685546874,-0.9973297119140625,-0.0259552001953125,0.025177001953125
1760555145030632700,53.1446328125,-0.9924774169921875,-0.0271148681640625,0.0263671875
1760555145040636700,53.15463671875,-0.9949798583984375,-0.0193328857421875,0.0274505615234375
1760555145050641000,53.16464086914063,-1.0009613037109375,-0.0155029296875,0.0228271484375
1760555145060646000,53.17464599609375,-0.99871826171875,-0.01641845703125,0.021881103515625
1760555145070649900,53.18464990234375,-0.997467041015625,-0.013153076171875,0.021575927734375
1760555145080653800,53.19465380859375,-1.0012664794921875,-0.010833740234375,0.0207366943359375
1760555145090658800,53.204658935546874,-0.99969482421875,-0.01318359375,0.018798828125
1760555145100662800,53.21466284179687,-0.99658203125,-0.015472412109375,0.0228271484375
1760555145110666200,53.22466625976563,-0.997222900390625,-0.009735107421875,0.0316619873046875
1760555145120671200,53.23467114257812,-0.9996185302734375,-0.0063934326171875,0.03448486328125
1760555145130675200,53.24467529296875,-0.999603271484375,-0.0058441162109375,0.0345611572265625
1760555145140679200,53.25467919921875,-0.9973602294921875,-0.007904052734375,0.0302886962890625
1760555145150684200,53.26468408203125,-1.002105712890625,-0.0095672607421875,0.0240020751953125
1760555145160688000,53.27468823242187,-1.000579833984375,-0.012420654296875,0.020782470703125
1760555145170692000,53.28469213867187,-0.998046875,-0.0131683349609375,0.0214385986328125
1760555145180697000,53.294697021484374,-0.9993133544921875,-0.0111083984375,0.023406982421875
1760555145190701300,53.304701416015625,-1.0004425048828125,-0.012725830078125,0.0225067138671875
1760555145200705300,53.314705322265624,-0.999053955078125,-0.0118408203125,0.0232086181640625
1760555145210710300,53.32471020507813,-1.0001678466796875,-0.0129241943359375,0.02191162109375
1760555145220714000,53.3347138671875,-0.999603271484375,-0.0155029296875,0.0216522216796875
1760555145230718200,53.34471826171875,-0.9969482421875,-0.014312744140625,0.0245513916015625
1760555145240723200,53.35472314453125,-0.9958038330078125,-0.0167694091796875,0.02447509765625
1760555145250727200,53.36472705078125,-0.9971923828125,-0.0142822265625,0.025360107421875
1760555145260731100,53.374731201171876,-1.0003814697265625,-0.010467529296875,0.02880859375
1760555145270736100,53.38473608398437,-0.9984588623046875,-0.0122528076171875,0.025482177734375
1760555145280740400,53.394740234375,-0.9969940185546875,-0.0221099853515625,0.0243988037109375
1760555145290744300,53.40474438476563,-0.9937744140625,-0.02276611328125,0.0301971435546875
1760555145300749300,53.414749267578124,-0.995330810546875,-0.016571044921875,0.0301055908203125
1760555145310753000,53.4247529296875,-1.0009765625,-0.014068603515625,0.0293731689453125
1760555145320757200,53.43475732421875,-0.9964141845703125,-0.015716552734375,0.029296875
1760555145330762200,53.44476220703125,-0.9954833984375,-0.015289306640625,0.0261077880859375
1760555145340766200,53.45476611328125,-1.0037384033203125,-0.00872802734375,0.0204925537109375
1760555145350770200,53.46477026367187,-1.000152587890625,-0.0043182373046875,0.0229034423828125
1760555145360775200,53.474775146484376,-0.9986724853515625,-0.01116943359375,0.021575927734375
1760555145370779400,53.484779296875,-1.0010528564453125,-0.0143585205078125,0.0202178955078125
1760555145380783000,53.494783203125,-0.9996337890625,-0.0091705322265625,0.02447509765625
1760555145390788000,53.5047880859375,-0.999908447265625,-0.01031494140625,0.025421142578125
1760555145400792000,53.5147919921875,-1.0002593994140625,-0.0178375244140625,0.0280914306640625
1760555145410796300,53.52479638671875,-0.9942474365234375,-0.0223846435546875,0.0342559814453125
1760555145420801300,53.53480126953125,-0.9942474365234375,-0.0195770263671875,0.0325164794921875
1760555145430805200,53.54480517578125,-1.0018768310546875,-0.016387939453125,0.026458740234375
1760555145440809200,53.55480932617188,-0.998016357421875,-0.0126953125,0.0282440185546875
1760555145450814200,53.56481420898437,-0.9948577880859375,-0.01513671875,0.02679443359375
1760555145460818200,53.57481811523437,-1.0021209716796875,-0.014434814453125,0.0243682861328125
1760555145470822100,53.584822265625,-0.997589111328125,-0.01483154296875,0.022613525390625
1760555145480827100,53.5948271484375,-0.996185302734375,-0.015777587890625,0.0235595703125
1760555145490831000,53.6048310546875,-1.002685546875,-0.012115478515625,0.0232391357421875
1760555145500835000,53.6148349609375,-1.0008544921875,-0.0110015869140625,0.0243377685546875
1760555145510840000,53.624840087890625,-0.998779296875,-0.0091400146484375,0.0263519287109375
1760555145520844300,53.63484423828125,-1.0023193359375,-0.0075836181640625,0.02581787109375
1760555145530848300,53.64484814453125,-1.001495361328125,-0.0114898681640625,0.02197265625
1760555145540853200,53.65485327148438,-0.99835205078125,-0.014984130859375,0.02398681640625
1760555145550857200,53.664857177734376,-0.9986724853515625,-0.0170745849609375,0.0225677490234375
1760555145560861200,53.674861083984375,-0.9986114501953125,-0.01922607421875,0.024993896484375
1760555145570866200,53.6848662109375,-0.9935760498046875,-0.018402099609375,0.0284576416015625
1760555145580870100,53.6948701171875,-0.9979705810546875,-0.013214111328125,0.0296478271484375
1760555145590874000,53.7048740234375,-1.001007080078125,-0.013031005859375,0.03076171875
1760555145600879000,53.71487915039062,-0.995574951171875,-0.0159149169921875,0.028289794921875
1760555145610883300,53.72488330078125,-0.9950408935546875,-0.01922607421875,0.028961181640625
1760555145620887300,53.73488720703125,-0.9978179931640625,-0.0186920166015625,0.0265350341796875
1760555145630892300,53.744892333984374,-0.998138427734375,-0.019134521484375,0.026824951171875
1760555145640896000,53.75489599609375,-0.9960479736328125,-0.018280029296875,0.0266265869140625
1760555145650900200,53.76490014648437,-0.9997100830078125,-0.01446533203125,0.0276031494140625
1760555145660905200,53.7749052734375,-1.0001373291015625,-0.0135955810546875,0.0247344970703125
1760555145670909200,53.7849091796875,-0.999298095703125,-0.0129852294921875,0.02459716796875
1760555145680913200,53.7949130859375,-0.9987030029296875,-0.010101318359375,0.0266876220703125
1760555145690918100,53.80491821289063,-1.0018157958984375,-0.0091705322265625,0.0230865478515625
1760555145700922400,53.81492236328125,-0.9992218017578125,-0.0107574462890625,0.02532958984375
1760555145710927400,53.82492724609375,-0.9978485107421875,-0.0107574462890625,0.0302581787109375
1760555145720931300,53.83493139648437,-0.9990997314453125,-0.0114593505859375,0.02386474609375
1760555145730935000,53.84493505859375,-1.0012969970703125,-0.0187835693359375,0.0275421142578125
1760555145740939300,53.854939208984376,-0.9926910400390625,-0.0183868408203125,0.0260772705078125
1760555145750944300,53.8649443359375,-0.9979400634765625,-0.0152435302734375,0.02960205078125
1760555145760948200,53.8749482421875,-1.003692626953125,-0.0119171142578125,0.0269012451171875
1760555145770953200,53.884953125,-0.9956207275390625,-0.020843505859375,0.024169921875
1760555145780957200,53.894957275390624,-0.9940032958984375,-0.0257568359375,0.02239990234375
1760555145790961200,53.90496118164062,-0.9989013671875,-0.02423095703125,0.0247650146484375
1760555145800965000,53.91496508789062,-0.9933624267578125,-0.0231170654296875,0.0275115966796875
1760555145810970400,53.924970458984376,-0.9959259033203125,-0.0208282470703125,0.027191162109375
1760555145820974000,53.93497412109375,-1.0003204345703125,-0.0137939453125,0.02349853515625
1760555145830979000,53.94497900390625,-0.9998931884765625,-0.0080108642578125,0.0244903564453125
1760555145840983000,53.954983154296876,-1.0007476806640625,-0.0047607421875,0.02410888671875
1760555145850987300,53.9649873046875,-1.0021514892578125,-0.00811767578125,0.0254058837890625
1760555145860992300,53.9749921875,-0.99847412109375,-0.0146942138671875,0.0248260498046875
1760555145870996200,53.98499633789063,-0.99603271484375,-0.014129638671875,0.0269927978515625
1760555145881000200,53.99500024414063,-1.0032501220703125,-0.0107574462890625,0.0260772705078125
1760555145891005200,54.00500512695312,-1.0373992919921875,-0.0071258544921875,0.0194244384765625
1760555145901009200,54.01500903320313,-0.977020263671875,-0.019378662109375,0.0334625244140625
1760555145911013000,54.02501318359375,-0.941162109375,-0.0287322998046875,0.0412139892578125
1760555145921018000,54.03501806640625,-1.0496063232421875,-0.021240234375,0.015594482421875
1760555145931022000,54.04502197265625,-0.959381103515625,-0.0252227783203125,0.0381011962890625
1760555145941026300,54.0550263671875,-0.9849700927734375,-0.026214599609375,0.0317535400390625
1760555145951031300,54.06503125,-1.013427734375,-0.0234375,0.0247955322265625
1760555145961035300,54.07503515625,-1.014862060546875,-0.0189361572265625,0.0250701904296875
1760555145971039200,54.085039306640624,-0.99346923828125,-0.024017333984375,0.0246429443359375
1760555145981044200,54.09504418945313,-0.985595703125,-0.0198211669921875,0.035186767578125
1760555145991048200,54.105048095703125,-1.0013275146484375,-0.0102386474609375,0.0257415771484375
1760555146001052200,54.11505224609375,-1.01165771484375,-0.0065765380859375,0.02349853515625
1760555146011057200,54.12505712890625,-0.99493408203125,-0.01031494140625,0.030029296875
1760555146021061000,54.13506103515625,-0.9969024658203125,-0.011749267578125,0.029815673828125
1760555146031065300,54.1450654296875,-1.00628662109375,-0.0107421875,0.0283050537109375
1760555146041070300,54.1550703125,-0.9959564208984375,-0.013397216796875,0.0320281982421875
1760555146051074300,54.16507421875,-0.993804931640625,-0.018890380859375,0.0321044921875
1760555146061078000,54.175078125,-1.0036773681640625,-0.0160064697265625,0.028778076171875
1760555146071083000,54.1850830078125,-0.9966278076171875,-0.0162506103515625,0.030670166015625
1760555146081087200,54.19508715820312,-0.9965972900390625,-0.0161590576171875,0.0279541015625
1760555146091091200,54.20509130859375,-1.004547119140625,-0.011322021484375,0.02557373046875
1760555146101096200,54.21509619140625,-0.99945068359375,-0.011749267578125,0.0246429443359375
1760555146111101000,54.22510083007813,-0.9964141845703125,-0.018768310546875,0.024444580078125
1760555146121105000,54.23510498046875,-0.998321533203125,-0.0204315185546875,0.0267486572265625
1760555146131110000,54.24510986328125,-0.9944610595703125,-0.0236358642578125,0.029693603515625
1760555146141114000,54.25511401367187,-0.9927978515625,-0.02569580078125,0.0289459228515625
1760555146151118000,54.2651181640625,-0.9964752197265625,-0.0199737548828125,0.0334930419921875
1760555146161123000,54.275123046875,-0.9991912841796875,-0.0198974609375,0.0274200439453125
1760555146171126800,54.28512670898437,-0.9975128173828125,-0.0143890380859375,0.0261077880859375
1760555146181131000,54.29513110351562,-1.001251220703125,-0.0093841552734375,0.028656005859375
1760555146191136000,54.305135986328125,-1.00091552734375,-0.01165771484375,0.0295257568359375
1760555146201140000,54.315139892578124,-0.9987335205078125,-0.011688232421875,0.0308990478515625
1760555146211144000,54.32514404296875,-1.0019378662109375,-0.005950927734375,0.0279541015625
1760555146221149000,54.33514892578125,-1.0006256103515625,-0.0080718994140625,0.0286407470703125
1760555146231153000,54.34515283203125,-0.9990234375,-0.0139007568359375,0.03033447265625
1760555146241157000,54.3551572265625,-0.9968719482421875,-0.013458251953125,0.030609130859375
1760555146251162000,54.365162109375,-1.00146484375,-0.0109405517578125,0.02496337890625
1760555146261165800,54.375165771484376,-1.0022430419921875,-0.01373291015625,0.0258331298828125
1760555146271169800,54.385169677734375,-0.9956512451171875,-0.0165557861328125,0.0254058837890625
1760555146281174800,54.3951748046875,-0.998687744140625,-0.016082763671875,0.0247344970703125
1760555146291179000,54.40517895507813,-0.9989166259765625,-0.0176849365234375,0.0271453857421875
1760555146301183000,54.41518286132813,-0.9942474365234375,-0.020172119140625,0.03106689453125
1760555146311188000,54.42518798828125,-0.995513916015625,-0.0215606689453125,0.0303802490234375
1760555146321192000,54.43519189453125,-0.9990997314453125,-0.0211181640625,0.0298004150390625
1760555146331196000,54.44519580078125,-0.9947662353515625,-0.0205535888671875,0.0282745361328125
1760555146341201000,54.455200927734374,-0.9970703125,-0.019073486328125,0.02764892578125
1760555146351204900,54.46520483398437,-1.0010223388671875,-0.017364501953125,0.0265350341796875
1760555146361208800,54.47520874023437,-0.996246337890625,-0.015899658203125,0.0270843505859375
1760555146371213800,54.4852138671875,-0.998199462890625,-0.0177154541015625,0.0254974365234375
1760555146381218000,54.495218017578125,-0.9980010986328125,-0.0181427001953125,0.029144287109375
1760555146391222000,54.505221923828124,-0.9979248046875,-0.016143798828125,0.0275726318359375
1760555146401227000,54.51522705078125,-1.0015411376953125,-0.0145721435546875,0.02587890625
1760555146411231000,54.52523095703125,-1.0008544921875,-0.0133819580078125,0.025634765625
1760555146421235000,54.53523486328125,-0.9969940185546875,-0.013275146484375,0.0265960693359375
1760555146431240000,54.54523999023438,-0.9995574951171875,-0.0128936767578125,0.027435302734375
1760555146441244000,54.55524389648438,-1.0008392333984375,-0.0145263671875,0.0261993408203125
1760555146451247900,54.565247802734376,-0.995269775390625,-0.01727294921875,0.0279693603515625
1760555146461252900,54.5752529296875,-0.99786376953125,-0.0173492431640625,0.0286407470703125
1760555146471257000,54.58525708007812,-0.9976348876953125,-0.0139923095703125,0.029937744140625
1760555146481261000,54.59526098632813,-0.9977569580078125,-0.0156707763671875,0.0295562744140625
1760555146491266000,54.60526611328125,-0.99969482421875,-0.0181427001953125,0.027008056640625
1760555146501270000,54.61527001953125,-0.9966583251953125,-0.01470947265625,0.028900146484375
1760555146511275000,54.62527490234375,-0.9981842041015625,-0.01507568359375,0.0271759033203125
1760555146521279000,54.635279052734376,-0.9984283447265625,-0.0170135498046875,0.0227203369140625
1760555146531283000,54.645282958984374,-0.9998321533203125,-0.0139007568359375,0.02276611328125
1760555146541288000,54.65528784179688,-0.9997406005859375,-0.0121612548828125,0.02197265625
1760555146551292000,54.6652919921875,-1.0003662109375,-0.0109710693359375,0.0242462158203125
1760555146561296000,54.6752958984375,-0.9993438720703125,-0.0111083984375,0.0255889892578125
1760555146571300900,54.68530078125,-0.9969482421875,-0.01031494140625,0.024810791015625
1760555146581305000,54.69530517578125,-0.9366455078125,-0.013336181640625,0.03839111328125
1760555146591308800,54.70530883789063,-0.980255126953125,-0.006256103515625,0.0176544189453125
1760555146601313800,54.71531372070312,-1.07269287109375,-0.0081787109375,0.061126708984375
1760555146611317800,54.72531787109375,-1.00335693359375,-0.0363922119140625,-0.0400390625
1760555146621322000,54.73532202148437,-1.0208587646484375,-0.0074462890625,-0.0453948974609375
1760555146631327000,54.745326904296874,-1.122161865234375,0.010589599609375,0.073883056640625
1760555146641331000,54.7553310546875,-0.8506011962890625,-0.04351806640625,-0.003021240234375
1760555146651335000,54.7653349609375,-0.981353759765625,-0.0181884765625,0.025726318359375
1760555146661340000,54.77533984375,-0.97552490234375,-0.0173187255859375,0.05517578125
1760555146671344000,54.78534423828125,-1.0665435791015625,-0.0024871826171875,0.0037994384765625
1760555146681347800,54.795347900390624,-0.984222412109375,-0.0125732421875,0.010833740234375
1760555146691352800,54.805352783203126,-1.0057220458984375,-0.0146484375,0.0415496826171875
1760555146701356800,54.815356689453125,-0.9689178466796875,-0.022247314453125,0.0386199951171875
1760555146711361000,54.825361083984376,-1.01263427734375,-0.013397216796875,0.037017822265625
1760555146721366000,54.83536596679688,-0.9968109130859375,-0.0108184814453125,0.02618408203125
1760555146731370000,54.84536987304688,-1.007598876953125,-0.0159912109375,0.0246124267578125
1760555146741374000,54.8553740234375,-0.9951171875,-0.015594482421875,0.0327606201171875
1760555146751379000,54.86537890625,-0.9818878173828125,-0.0140533447265625,0.0272979736328125
1760555146761383200,54.87538305664062,-1.0167999267578125,-0.018768310546875,0.0193939208984375
1760555146771387000,54.88538696289063,-0.989501953125,-0.025482177734375,0.0152740478515625
1760555146781392000,54.895391845703124,-1.009033203125,-0.010406494140625,0.02935791015625
1760555146791395800,54.90539575195312,-0.986663818359375,-0.0216064453125,0.0301513671875
1760555146801400000,54.91540014648437,-0.995849609375,-0.022491455078125,0.03045654296875
1760555146811405000,54.925405029296876,-0.99578857421875,-0.019775390625,0.0214691162109375
1760555146821409000,54.935408935546874,-1.0034637451171875,-0.02069091796875,0.0233306884765625
1760555146831413000,54.9454130859375,-0.99114990234375,-0.0224609375,0.0230560302734375
1760555146841418000,54.95541796875,-0.9926605224609375,-0.0213623046875,0.02337646484375
1760555146851422000,54.965421875,-1.0052642822265625,-0.0166778564453125,0.017364501953125
1760555146861426000,54.975426025390625,-0.9978485107421875,-0.0120391845703125,0.0178680419921875
1760555146871431000,54.98543090820313,-1.0021514892578125,-0.0148468017578125,0.0247650146484375
1760555146881435000,54.99543481445313,-0.9929962158203125,-0.018463134765625,0.0267791748046875
1760555146891438800,55.00543896484375,-1.001312255859375,-0.016510009765625,0.02496337890625
1760555146901443800,55.01544384765625,-0.996551513671875,-0.0190582275390625,0.022674560546875
1760555146911448000,55.02544799804687,-0.99700927734375,-0.0205078125,0.02679443359375
1760555146921452000,55.0354521484375,-0.9955902099609375,-0.019927978515625,0.0231475830078125
1760555146931457000,55.04545703125,-0.9996795654296875,-0.01654052734375,0.0222625732421875
1760555146941460700,55.05546069335937,-0.9983673095703125,-0.0148162841796875,0.0199432373046875
1760555146951465000,55.06546484375,-1.003143310546875,-0.01434326171875,0.0232086181640625
1760555146961470000,55.075469970703125,-0.9949798583984375,-0.015045166015625,0.0234832763671875
1760555146971474000,55.085473876953124,-0.9740753173828125,-0.0134735107421875,0.0304107666015625
1760555146981478000,55.09547778320312,-1.045501708984375,-0.004119873046875,0.067291259765625
1760555146991483000,55.10548291015625,-0.8958587646484375,-0.0208892822265625,0.0511322021484375
1760555147001487000,55.115487060546876,-1.098724365234375,-0.0187835693359375,-0.0732879638671875
1760555147011490800,55.12549072265625,-0.9991607666015625,-0.009918212890625,-0.043731689453125
1760555147021495800,55.13549584960938,-1.1080780029296875,-0.0029449462890625,0.004974365234375
1760555147031499800,55.145499755859376,-0.901031494140625,-0.0302276611328125,0.0414886474609375
1760555147041504000,55.15550390625,-0.8435516357421875,-0.0150909423828125,0.1156005859375
1760555147051509000,55.16550903320312,-1.1579132080078125,-0.00347900390625,0.0113372802734375
1760555147061513000,55.17551293945313,-1.0122833251953125,-0.0042724609375,-0.0004730224609375
1760555147071518000,55.18551806640625,-0.921722412109375,-0.0145263671875,0.00152587890625
1760555147081522000,55.19552197265625,-1.0961456298828125,-0.013336181640625,0.0609588623046875
1760555147091526100,55.20552612304687,-0.88214111328125,-0.0217437744140625,0.0322265625
1760555147101531100,55.21553125,-1.0260009765625,-0.010345458984375,0.040496826171875
1760555147111537700,55.22553759765625,-1.0457611083984375,-0.0095672607421875,0.0079193115234375
1760555147121541600,55.23554174804688,-0.9690093994140625,-0.015045166015625,0.0103302001953125
1760555147131546600,55.24554663085937,-1.015167236328125,-0.0089111328125,0.0320892333984375
1760555147141550800,55.25555078125,-0.98046875,-0.0127716064453125,0.034271240234375
1760555147151554800,55.26555493164062,-0.993072509765625,-0.009033203125,0.030914306640625
1760555147161559800,55.275559814453125,-1.0045166015625,-0.0099639892578125,0.009490966796875
1760555147171563800,55.285563720703124,-1.024688720703125,-0.008331298828125,0.009979248046875
1760555147181568000,55.295568115234374,-0.985809326171875,-0.0138702392578125,0.022796630859375
1760555147191573000,55.30557299804688,-0.99566650390625,-0.0113372802734375,0.03863525390625
1760555147201576700,55.31557666015625,-0.99993896484375,-0.0132598876953125,0.03582763671875
1760555147211580700,55.32558056640625,-0.988739013671875,-0.0140838623046875,0.0216827392578125
1760555147221585700,55.33558569335938,-1.01116943359375,-0.0104217529296875,0.0171966552734375
1760555147231590000,55.34558984375,-1.00384521484375,-0.008880615234375,0.023345947265625
1760555147241593900,55.35559375,-0.991302490234375,-0.0054931640625,0.03582763671875
1760555147251598800,55.36559887695312,-0.97216796875,-0.013702392578125,0.029083251953125
1760555147261602800,55.37560278320313,-1.038330078125,-0.01300048828125,0.016876220703125
1760555147271607000,55.38560693359375,-0.9857177734375,-0.0106048583984375,0.0307464599609375
1760555147281612000,55.395612060546874,-0.9866485595703125,-0.0125732421875,0.0338897705078125
1760555147291615700,55.40561572265625,-1.0356903076171875,-0.0049591064453125,0.0125732421875
1760555147301619700,55.41561962890625,-0.9690399169921875,-0.0164642333984375,0.03619384765625
1760555147311624700,55.425624755859374,-1.0136566162109375,-0.0113372802734375,0.0196990966796875
1760555147321629000,55.43562890625,-1.00225830078125,-0.00762939453125,0.023773193359375
1760555147331633000,55.4456328125,-0.9886322021484375,-0.012481689453125,0.0276641845703125
1760555147341638000,55.455637939453126,-1.0058746337890625,-0.011138916015625,0.0248260498046875
1760555147351641900,55.465641845703125,-0.99365234375,-0.0081939697265625,0.020660400390625
1760555147361645800,55.475645751953124,-1.001251220703125,-0.0032196044921875,0.0246429443359375
1760555147371650800,55.48565087890625,-1.0023956298828125,-0.00726318359375,0.019927978515625
1760555147381654800,55.49565478515625,-0.9992218017578125,-0.0139007568359375,0.020477294921875
1760555147391658800,55.50565869140625,-0.9937896728515625,-0.0163116455078125,0.025634765625
1760555147401663700,55.51566381835938,-0.99591064453125,-0.014373779296875,0.0271759033203125
1760555147411667700,55.52566772460938,-0.998870849609375,-0.0109710693359375,0.0232391357421875
1760555147421672000,55.535671875,-0.9969024658203125,-0.0149383544921875,0.0183563232421875
1760555147431677000,55.54567700195312,-1.0009002685546875,-0.0132293701171875,0.0218353271484375
1760555147441681000,55.55568090820312,-1.0002593994140625,-0.0105743408203125,0.02227783203125
1760555147451684600,55.5656845703125,-0.99981689453125,-0.005645751953125,0.0245819091796875
1760555147461689600,55.575689697265624,-1.0001068115234375,-0.008087158203125,0.0217742919921875
1760555147471693800,55.58569384765625,-1.0022125244140625,-0.0139312744140625,0.0215606689453125
1760555147481698800,55.59569873046875,-0.9976043701171875,-0.0131378173828125,0.02484130859375
1760555147491702800,55.605702880859376,-0.9971923828125,-0.01141357421875,0.0275421142578125
1760555147501706800,55.615706787109374,-0.9996337890625,-0.0072021484375,0.029022216796875
1760555147511711700,55.62571166992188,-1.0040283203125,-0.0016326904296875,0.026641845703125
1760555147521716000,55.63571606445313,-0.99896240234375,-0.0159912109375,0.0197601318359375
1760555147531720000,55.64571997070313,-0.9976043701171875,-0.0169525146484375,0.0218658447265625
1760555147541725000,55.65572485351562,-0.9965362548828125,-0.0154571533203125,0.0253753662109375
1760555147551728600,55.66572875976563,-0.992156982421875,-0.0202484130859375,0.02642822265625
1760555147561732900,55.67573291015625,-0.9991302490234375,-0.0189056396484375,0.02325439453125
1760555147571737900,55.68573779296875,-0.9949188232421875,-0.0171966552734375,0.0221405029296875
1760555147581741800,55.69574194335937,-1.0253753662109375,-0.01031494140625,0.006622314453125
1760555147591745800,55.70574584960937,-0.9835052490234375,-0.016876220703125,0.013824462890625
1760555147601750800,55.715750732421874,-0.9594573974609375,-0.0205078125,0.0595245361328125
1760555147611755000,55.725755126953125,-1.066680908203125,-0.0085601806640625,0.0307464599609375
1760555147621758700,55.7357587890625,-0.9218597412109375,-0.0234527587890625,0.0426483154296875
1760555147631763700,55.745763671875,-1.0430908203125,-0.012908935546875,0.0247650146484375
1760555147641767700,55.755767578125,-0.9920501708984375,-0.008880615234375,0.0118865966796875
1760555147651772000,55.76577197265625,-1.00750732421875,-0.007293701171875,0.0098876953125
1760555147661777000,55.77577685546875,-1.012054443359375,-0.0076141357421875,0.030914306640625
1760555147671780900,55.78578076171875,-0.966705322265625,-0.0138092041015625,0.0312652587890625
1760555147681784800,55.795784912109376,-1.0181427001953125,-0.011566162109375,0.027435302734375
1760555147691789800,55.80578979492188,-1.0017547607421875,-0.0080413818359375,0.0156097412109375
1760555147701793800,55.81579370117188,-0.995941162109375,-0.015045166015625,0.0157470703125
1760555147711797800,55.8257978515625,-1.0063018798828125,-0.0145111083984375,0.031890869140625
1760555147721802800,55.835802734375,-0.97918701171875,-0.0166778564453125,0.0351409912109375
1760555147731806700,55.845806640625,-1.00543212890625,-0.01702880859375,0.027313232421875
1760555147741810700,55.85581079101563,-1.0044097900390625,-0.0153656005859375,0.019561767578125
1760555147751815700,55.86581567382812,-1.001068115234375,-0.0117034912109375,0.0240936279296875
1760555147761820000,55.87581982421875,-0.9918212890625,-0.0155029296875,0.0328369140625
1760555147771823900,55.88582397460937,-0.990142822265625,-0.0186614990234375,0.0290069580078125
1760555147781828900,55.895828857421876,-1.0084381103515625,-0.0152587890625,0.0217742919921875
1760555147791832800,55.905832763671874,-0.9935302734375,-0.01458740234375,0.0157623291015625
1760555147801836800,55.9158369140625,-1.0047149658203125,-0.010345458984375,0.0267333984375
1760555147811841800,55.925841796875,-0.9920196533203125,-0.0131378173828125,0.024566650390625
1760555147821845800,55.935845703125,-1.00439453125,-0.014678955078125,0.0218048095703125
1760555147831849700,55.945849609375,-0.998779296875,-0.0121612548828125,0.019195556640625
1760555147841854700,55.95585473632813,-1.0030059814453125,-0.0167236328125,0.02618408203125
1760555147851859000,55.96585888671875,-0.9945068359375,-0.01605224609375,0.02862548828125
1760555147861864000,55.975864013671874,-1.0006256103515625,-0.013580322265625,0.0243988037109375
1760555147871868000,55.98586791992187,-0.9987030029296875,-0.0173797607421875,0.0235137939453125
1760555147881871600,55.99587158203125,-0.9952392578125,-0.0204620361328125,0.0262451171875
1760555147891876600,56.005876708984374,-0.9952239990234375,-0.02166748046875,0.0279388427734375
1760555147901880800,56.015880859375,-0.9990386962890625,-0.020111083984375,0.026214599609375
1760555147911884800,56.025884765625,-0.9981689453125,-0.0176239013671875,0.0302276611328125
1760555147921889800,56.035889892578126,-0.994903564453125,-0.022796630859375,0.0240936279296875
1760555147931893800,56.045893798828125,-0.9980010986328125,-0.0231781005859375,0.023590087890625
1760555147941898000,56.05589794921875,-0.99810791015625,-0.01739501953125,0.0263519287109375
1760555147951903000,56.06590307617188,-0.997100830078125,-0.0171051025390625,0.021636962890625
1760555147961907000,56.07590698242188,-1.0016937255859375,-0.01629638671875,0.0189361572265625
1760555147971910700,56.08591064453125,-0.998443603515625,-0.015167236328125,0.0201873779296875
1760555147981915600,56.09591552734375,-0.99871826171875,-0.013092041015625,0.0250091552734375
1760555147991919900,56.105919921875,-1.000701904296875,-0.013214111328125,0.021148681640625
1760555148001923800,56.115923828125,-0.998565673828125,-0.0138702392578125,0.020660400390625
1760555148011928800,56.1259287109375,-0.9994964599609375,-0.010650634765625,0.026123046875
1760555148021932800,56.13593286132812,-1.0015869140625,-0.0118255615234375,0.023345947265625
1760555148031936800,56.14593676757813,-1.000762939453125,-0.012176513671875,0.0227813720703125
1760555148041941800,56.15594165039062,-0.99798583984375,-0.0138397216796875,0.02838134765625
1760555148051946000,56.165946044921874,-0.99945068359375,-0.015777587890625,0.0309295654296875
1760555148061949700,56.17594970703125,-0.9999542236328125,-0.017730712890625,0.0303192138671875
1760555148071954700,56.18595458984375,-0.9931640625,-0.0206146240234375,0.0335693359375
1760555148081958700,56.195958740234374,-0.995941162109375,-0.0238189697265625,0.0298614501953125
1760555148091963000,56.205962890625,-0.9956817626953125,-0.02490234375,0.0289306640625
1760555148101968000,56.2159677734375,-0.9948577880859375,-0.0239410400390625,0.030426025390625
1760555148111968500,56.22596850585938,-0.996002197265625,-0.016876220703125,0.0311126708984375
1760555148121972500,56.235972412109376,-1.000823974609375,-0.0123748779296875,0.030120849609375
1760555148131977500,56.2459775390625,-1.0004730224609375,-0.012451171875,0.029327392578125
1760555148141981700,56.25598168945312,-0.998199462890625,-0.01348876953125,0.029815673828125
1760555148151986700,56.265986572265625,-1.0009918212890625,-0.0137939453125,0.0238494873046875
1760555148161990700,56.27599072265625,-1.0014801025390625,-0.0124359130859375,0.021697998046875
1760555148171994400,56.28599438476562,-0.9976654052734375,-0.0126495361328125,0.020294189453125
1760555148181999400,56.295999267578125,-0.9980926513671875,-0.01611328125,0.021209716796875
1760555148192003600,56.306003662109376,-0.9987030029296875,-0.0155181884765625,0.0259246826171875
1760555148202007600,56.316007568359375,-0.99798583984375,-0.018890380859375,0.0283355712890625
1760555148212012500,56.32601245117188,-0.9976654052734375,-0.0191497802734375,0.0307464599609375
1760555148222016500,56.3360166015625,-0.9977264404296875,-0.018768310546875,0.03057861328125
1760555148232020700,56.34602075195313,-0.9957733154296875,-0.0207977294921875,0.02783203125
1760555148242025700,56.35602563476562,-0.995880126953125,-0.0244903564453125,0.0295562744140625
1760555148252029700,56.36602978515625,-0.9972991943359375,-0.0197601318359375,0.0271759033203125
1760555148262033400,56.37603344726563,-0.998748779296875,-0.0157318115234375,0.027130126953125
1760555148272038400,56.38603833007812,-0.9965972900390625,-0.021942138671875,0.0307464599609375
1760555148282042600,56.39604272460937,-0.99700927734375,-0.0219879150390625,0.027862548828125
1760555148292046600,56.40604663085937,-0.9973297119140625,-0.0207061767578125,0.0254364013671875
1760555148302051600,56.416051513671874,-0.9986572265625,-0.016693115234375,0.02838134765625
1760555148312055600,56.4260556640625,-0.996795654296875,-0.0126800537109375,0.0283355712890625
1760555148322059500,56.4360595703125,-1.0005035400390625,-0.013671875,0.0252532958984375
1760555148332064500,56.446064453125,-0.99969482421875,-0.017059326171875,0.02392578125
1760555148342068700,56.45606884765625,-0.9968109130859375,-0.0122222900390625,0.0258941650390625
1760555148352072400,56.466072509765624,-1.00201416015625,-0.0163421630859375,0.0221405029296875
1760555148362077400,56.47607739257813,-0.999847412109375,-0.012542724609375,0.0301971435546875
1760555148372081400,56.486081298828125,-0.997528076171875,-0.0137481689453125,0.0289154052734375
1760555148382085600,56.496085693359376,-0.998748779296875,-0.010955810546875,0.0270538330078125
1760555148392090600,56.50609057617187,-1.0029449462890625,-0.009490966796875,0.024871826171875
1760555148402094600,56.51609448242188,-0.997589111328125,-0.0096435546875,0.025726318359375
1760555148412098600,56.5260986328125,-1.002227783203125,-0.008544921875,0.02264404296875
1760555148422103600,56.536103515625,-1.001495361328125,-0.01068115234375,0.022918701171875
1760555148432107500,56.546107421875,-0.9987030029296875,-0.015472412109375,0.0234375
1760555148442111500,56.55611157226563,-0.9972381591796875,-0.016021728515625,0.026611328125
1760555148452116500,56.566116455078124,-0.999847412109375,-0.0133056640625,0.0267333984375
1760555148462120400,56.57612036132812,-0.99700927734375,-0.0179290771484375,0.0257110595703125
1760555148472125400,56.58612548828125,-0.997222900390625,-0.01580810546875,0.030517578125
1760555148482129700,56.596129638671876,-0.995361328125,-0.0168304443359375,0.0316162109375
1760555148492133600,56.606133544921875,-1.00262451171875,-0.01654052734375,0.0229644775390625
1760555148502138600,56.616138671875,-1.021087646484375,-0.0122222900390625,0.01708984375
1760555148512142600,56.626142578125,-0.9404296875,-0.0190582275390625,0.0461578369140625
1760555148522146600,56.636146484375,-1.049468994140625,-0.01025390625,0.028411865234375
1760555148532151600,56.64615161132812,-0.972015380859375,-0.014404296875,0.0312042236328125
1760555148542155500,56.65615551757813,-0.981475830078125,-0.0136260986328125,0.0301055908203125
1760555148552159500,56.66615942382813,-1.0218353271484375,-0.009796142578125,0.02117919921875
1760555148562164500,56.67616455078125,-1.0036468505859375,-0.010772705078125,0.022064208984375
1760555148572168700,56.68616870117187,-0.995941162109375,-0.0132904052734375,0.02105712890625
1760555148582172700,56.69617260742187,-0.9940338134765625,-0.0113067626953125,0.0291595458984375
1760555148592177700,56.706177734375,-1.000732421875,-0.0142822265625,0.02679443359375
1760555148602181600,56.716181640625,-0.9997100830078125,-0.020721435546875,0.0268096923828125
1760555148612185600,56.726185546875,-0.9925384521484375,-0.022247314453125,0.02716064453125
1760555148622190600,56.736190673828126,-0.9935302734375,-0.0223541259765625,0.031402587890625
1760555148632194600,56.746194580078125,-0.9993743896484375,-0.017303466796875,0.0295867919921875
1760555148642198500,56.756198486328124,-0.9990997314453125,-0.0146026611328125,0.0265350341796875
1760555148652203500,56.76620361328125,-0.999542236328125,-0.0137939453125,0.0246429443359375
1760555148662207500,56.77620751953125,-0.9979705810546875,-0.0152435302734375,0.0230255126953125
1760555148672211700,56.786211669921876,-0.996246337890625,-0.01715087890625,0.0212860107421875
1760555148682216700,56.796216796875,-1.001434326171875,-0.0148162841796875,0.0214385986328125
1760555148692220400,56.80622045898438,-0.9990692138671875,-0.0122222900390625,0.0233154296875
1760555148702224400,56.816224365234376,-0.9993896484375,-0.013214111328125,0.02392578125
1760555148712229400,56.8262294921875,-0.9997406005859375,-0.0128173828125,0.02655029296875
1760555148722233600,56.83623364257812,-0.9989013671875,-0.01190185546875,0.027923583984375
1760555148732237600,56.84623754882813,-1.002227783203125,-0.018310546875,0.02825927734375
1760555148742242600,56.85624267578125,-0.998199462890625,-0.0141143798828125,0.0306549072265625
1760555148752246500,56.86624658203125,-0.9991607666015625,-0.015960693359375,0.0271453857421875
1760555148762250800,56.87625073242187,-1.0012969970703125,-0.019073486328125,0.0238800048828125
1760555148772255700,56.886255859375,-0.9959869384765625,-0.020965576171875,0.0267791748046875
1760555148782259500,56.896259521484374,-0.996490478515625,-0.0189056396484375,0.0260162353515625
1760555148792263400,56.90626342773437,-1.0000762939453125,-0.01513671875,0.02313232421875
1760555148802268400,56.916268310546876,-1.0001220703125,-0.0179595947265625,0.0229034423828125
1760555148812272600,56.92627270507813,-0.995147705078125,-0.013031005859375,0.02703857421875
1760555148822277600,56.93627758789062,-1.002471923828125,-0.0119171142578125,0.023651123046875
1760555148832281600,56.94628149414063,-1.00244140625,-0.013397216796875,0.0228271484375
1760555148842285600,56.95628564453125,-0.993896484375,-0.0155792236328125,0.0225830078125
1760555148852290600,56.96629052734375,-1.0001373291015625,-0.016876220703125,0.02197265625
1760555148862294800,56.97629467773437,-1.0009002685546875,-0.018341064453125,0.0226593017578125
1760555148872298500,56.98629858398437,-0.9925079345703125,-0.026947021484375,0.0286865234375
1760555148882303500,56.996303466796874,-0.9943084716796875,-0.0224151611328125,0.0316619873046875
1760555148892307500,57.00630737304687,-1.000732421875,-0.0176544189453125,0.029998779296875
1760555148902311700,57.016311767578124,-0.9949798583984375,-0.018890380859375,0.0324554443359375
1760555148912316700,57.026316650390626,-0.9957275390625,-0.016387939453125,0.03192138671875
1760555148922320600,57.036320556640625,-1.00390625,-0.01239013671875,0.0249481201171875
1760555148932324600,57.04632470703125,-0.999908447265625,-0.013397216796875,0.0225677490234375
1760555148942329600,57.05632958984375,-0.997161865234375,-0.0179595947265625,0.02008056640625
1760555148952333600,57.06633349609375,-0.9996337890625,-0.0137176513671875,0.0191650390625
1760555148962337500,57.076337646484376,-1.0011444091796875,-0.0114593505859375,0.021026611328125
1760555148972342500,57.08634252929688,-0.9992218017578125,-0.01422119140625,0.0213775634765625
1760555148982346500,57.09634643554688,-0.9989471435546875,-0.0152740478515625,0.0240020751953125
1760555148992350500,57.1063505859375,-0.999542236328125,-0.013671875,0.023590087890625
1760555149002355500,57.11635546875,-0.9979705810546875,-0.0121002197265625,0.02728271484375
1760555149012359700,57.12635961914062,-0.9976654052734375,-0.0173797607421875,0.0292510986328125
1760555149022363600,57.13636376953125,-0.9981536865234375,-0.019622802734375,0.028076171875
1760555149032368600,57.14636865234375,-0.99755859375,-0.0164794921875,0.02801513671875
1760555149042372400,57.15637231445312,-0.995697021484375,-0.0206451416015625,0.030303955078125
1760555149052376600,57.16637646484375,-0.99432373046875,-0.0191192626953125,0.0286407470703125
1760555149062381600,57.176381591796876,-0.9983062744140625,-0.0139312744140625,0.024566650390625
1760555149072385500,57.186385498046874,-1.001129150390625,-0.0121307373046875,0.0216522216796875
1760555149082390500,57.196390625,-0.999420166015625,-0.0119781494140625,0.02386474609375
1760555149092394500,57.20639453125,-0.998687744140625,-0.0142822265625,0.022705078125
1760555149102398700,57.21639868164063,-0.99932861328125,-0.01519775390625,0.024139404296875
1760555149112404000,57.226404052734374,-0.9974822998046875,-0.0151519775390625,0.023956298828125
1760555149122408000,57.23640795898437,-0.9957427978515625,-0.0156707763671875,0.02386474609375
1760555149132412000,57.24641186523438,-1.0003204345703125,-0.0145721435546875,0.025726318359375
1760555149142417000,57.2564169921875,-0.9986724853515625,-0.0138397216796875,0.0243377685546875
1760555149152420900,57.2664208984375,-0.998687744140625,-0.0165252685546875,0.024871826171875
1760555149162424800,57.2764248046875,-0.999664306640625,-0.01629638671875,0.02752685546875
1760555149172429800,57.286429931640626,-0.9951934814453125,-0.01092529296875,0.033966064453125
1760555149182433800,57.296433837890625,-0.998504638671875,-0.01348876953125,0.0322723388671875
1760555149192437800,57.306437744140624,-0.9994964599609375,-0.01544189453125,0.031097412109375
1760555149202443000,57.31644311523438,-0.99420166015625,-0.015167236328125,0.030670166015625
1760555149212447000,57.32644702148438,-0.9985504150390625,-0.0152587890625,0.0263671875
1760555149222451000,57.336450927734376,-0.998077392578125,-0.0162811279296875,0.02734375
1760555149232456000,57.3464560546875,-0.996002197265625,-0.0167083740234375,0.0242462158203125
1760555149242459600,57.35645971679688,-0.9980010986328125,-0.01763916015625,0.0213775634765625
1760555149252463900,57.3664638671875,-0.996246337890625,-0.0189666748046875,0.0204315185546875
1760555149262468900,57.37646875,-0.9970703125,-0.022979736328125,0.021820068359375
1760555149272472800,57.38647290039062,-0.9982452392578125,-0.0164794921875,0.0237274169921875
1760555149282477800,57.396477783203125,-1.00189208984375,-0.00897216796875,0.027618408203125
1760555149292481800,57.40648168945312,-0.999114990234375,-0.0059661865234375,0.0257720947265625
1760555149302486000,57.416486083984374,-1.0059967041015625,-0.0035858154296875,0.032501220703125
1760555149312491000,57.42649096679688,-0.999481201171875,-0.0069427490234375,0.0333404541015625
1760555149322494700,57.43649462890625,-0.9951629638671875,-0.0102996826171875,0.035247802734375
1760555149332498700,57.446498779296874,-0.999786376953125,-0.0102691650390625,0.0319976806640625
1760555149342503700,57.45650366210938,-0.999664306640625,-0.011566162109375,0.029449462890625
1760555149352508000,57.4665078125,-0.994415283203125,-0.01531982421875,0.0281524658203125
1760555149362512000,57.476511962890626,-0.99945068359375,-0.014892578125,0.023529052734375
1760555149372516900,57.48651684570312,-0.9995880126953125,-0.015411376953125,0.0239715576171875
1760555149382520800,57.49652075195313,-0.99639892578125,-0.0154876708984375,0.0237274169921875
1760555149392525000,57.50652514648438,-0.99822998046875,-0.0165252685546875,0.0261077880859375
1760555149402530000,57.516530029296874,-0.99786376953125,-0.017181396484375,0.02496337890625
1760555149412533800,57.52653369140625,-0.9969482421875,-0.0171356201171875,0.0269927978515625
1760555149422537700,57.53653784179688,-0.99609375,-0.018463134765625,0.0286865234375
1760555149432542700,57.546542724609374,-0.9982757568359375,-0.015380859375,0.030059814453125
1760555149442547000,57.556546875,-0.9984588623046875,-0.0149688720703125,0.03057861328125
1760555149452552000,57.56655200195313,-0.9989776611328125,-0.01214599609375,0.032196044921875
1760555149462556000,57.576555908203126,-1.0009307861328125,-0.009796142578125,0.0295562744140625
1760555149472559900,57.586559814453125,-1.0024261474609375,-0.0106048583984375,0.025177001953125
1760555149482564900,57.59656494140625,-0.9995574951171875,-0.009033203125,0.02264404296875
1760555149492569000,57.60656909179688,-1.0003204345703125,-0.0111236572265625,0.0248870849609375
1760555149502572800,57.61657275390625,-0.9977569580078125,-0.015655517578125,0.0284881591796875
1760555149512577800,57.62657788085937,-0.9962005615234375,-0.016082763671875,0.037841796875
1760555149522581800,57.63658178710938,-0.9921112060546875,-0.0118560791015625,0.039093017578125
1760555149532586000,57.6465859375,-1.0053253173828125,-0.0060577392578125,0.032958984375
1760555149542591000,57.656591064453124,-1.0010833740234375,-0.0094146728515625,0.01873779296875
1760555149552595000,57.66659497070312,-1.0024566650390625,-0.0153350830078125,0.007476806640625
1760555149562599000,57.67659887695312,-1.0010833740234375,-0.017822265625,0.00921630859375
1760555149572604000,57.68660400390625,-0.99700927734375,-0.01849365234375,0.0206756591796875
1760555149582608000,57.69660791015625,-0.9943389892578125,-0.0193634033203125,0.0313720703125
1760555149592611800,57.70661181640625,-0.992767333984375,-0.01617431640625,0.0345611572265625
1760555149602616800,57.71661694335938,-0.9996795654296875,-0.013824462890625,0.033782958984375
1760555149612620800,57.726620849609375,-0.998046875,-0.01385498046875,0.03094482421875
1760555149622625800,57.73662573242188,-0.9994354248046875,-0.009307861328125,0.0320281982421875
1760555149632629800,57.74662963867188,-0.9992218017578125,-0.008453369140625,0.03277587890625
1760555149642634000,57.75663403320313,-1.0017242431640625,-0.0088348388671875,0.0329132080078125
1760555149652639000,57.76663891601562,-0.9983367919921875,-0.01251220703125,0.0299224853515625
1760555149662643000,57.77664282226562,-0.9978790283203125,-0.01470947265625,0.030853271484375
1760555149672646700,57.78664672851563,-0.99609375,-0.0148773193359375,0.03082275390625
1760555149682651600,57.79665161132812,-0.997894287109375,-0.0142059326171875,0.0269775390625
1760555149692655900,57.80665576171875,-0.99908447265625,-0.0144195556640625,0.023651123046875
1760555149702659800,57.81665991210937,-1.0004119873046875,-0.0149688720703125,0.02093505859375
1760555149712664800,57.826664794921875,-0.99859619140625,-0.01385498046875,0.02520751953125
1760555149722668800,57.836668701171874,-0.997528076171875,-0.01519775390625,0.0252532958984375
1760555149732673000,57.846673095703125,-0.9979705810546875,-0.010833740234375,0.0318756103515625
1760555149742678000,57.85667797851563,-1.0043487548828125,-0.0054473876953125,0.02984619140625
1760555149752682000,57.866681884765626,-0.9938201904296875,-0.0111083984375,0.02618408203125
1760555149762685700,57.876685791015625,-1.0040435791015625,-0.0092010498046875,0.0326995849609375
1760555149772690700,57.88669067382813,-0.9958343505859375,-0.0099334716796875,0.0307464599609375
1760555149782695000,57.89669482421875,-0.99908447265625,-0.013214111328125,0.0324249267578125
1760555149792700000,57.90669995117187,-0.996002197265625,-0.01336669921875,0.03314208984375
1760555149802704000,57.91670385742187,-1.0019378662109375,-0.012115478515625,0.0302886962890625
1760555149812707800,57.92670776367188,-0.9982147216796875,-0.0140228271484375,0.0254364013671875
1760555149822712800,57.936712890625,-0.9994659423828125,-0.015594482421875,0.0238189697265625
1760555149832717000,57.946717041015624,-0.996734619140625,-0.0140380859375,0.0241241455078125
1760555149842720800,57.956720703125,-1.0038909912109375,-0.0114898681640625,0.0227203369140625
1760555149852725800,57.966725830078126,-1.009246826171875,-0.0127105712890625,0.0205841064453125
1760555149862729700,57.976729736328124,-0.9969482421875,-0.0131072998046875,0.031280517578125
1760555149872734000,57.98673388671875,-0.97760009765625,-0.016143798828125,0.031280517578125
1760555149882739000,57.99673901367188,-1.0166168212890625,-0.0110626220703125,0.025604248046875
1760555149892743000,58.00674291992188,-0.990234375,-0.0135955810546875,0.03167724609375
1760555149902747000,58.016746826171875,-0.9927978515625,-0.0130767822265625,0.0334930419921875
1760555149912751900,58.026751953125,-1.0129547119140625,-0.0121307373046875,0.027374267578125
1760555149922755800,58.036755859375,-0.98388671875,-0.0141143798828125,0.0330352783203125
1760555149932759800,58.046759765625,-1.006439208984375,-0.00836181640625,0.0258026123046875
1760555149942764800,58.05676489257812,-0.9915924072265625,-0.011871337890625,0.0270233154296875
1760555149952768800,58.06676879882812,-0.98968505859375,-0.0160980224609375,0.032623291015625
