time,seconds_elapsed,z,y,x
1760554736166498600,0.05749853515625,-1.0005645751953125,-0.024810791015625,0.0076904296875
1760554736176502500,0.06750244140625,-0.99853515625,-0.0242462158203125,0.00762939453125
1760554736186507500,0.077507568359375,-0.99932861328125,-0.0238189697265625,0.0065460205078125
1760554736196511500,0.087511474609375,-0.9989776611328125,-0.0253143310546875,0.0065765380859375
1760554736206516500,0.0975166015625,-0.99761962890625,-0.02520751953125,0.0044708251953125
1760554736216520400,0.1075205078125,-0.9989471435546875,-0.0244293212890625,0.0064697265625
1760554736226524700,0.117524658203125,-0.9989776611328125,-0.025177001953125,0.008941650390625
1760554736236529700,0.12752978515625,-0.99871826171875,-0.0256805419921875,0.011077880859375
1760554736246533600,0.13753369140625,-0.9979095458984375,-0.026824951171875,0.0089569091796875
1760554736256537600,0.14753759765625,-0.9982452392578125,-0.0274658203125,0.0108489990234375
1760554736266542600,0.15754248046875,-0.997802734375,-0.02838134765625,0.0118408203125
1760554736276546600,0.167546630859375,-0.9983367919921875,-0.0279388427734375,0.0094451904296875
1760554736286550500,0.177550537109375,-0.998077392578125,-0.025970458984375,0.0079193115234375
1760554736296555500,0.187555419921875,-0.99951171875,-0.024749755859375,0.00885009765625
1760554736306559500,0.1975595703125,-0.998779296875,-0.027435302734375,0.010589599609375
1760554736316563700,0.207563720703125,-0.99896240234375,-0.02545166015625,0.009368896484375
1760554736326568700,0.217568603515625,-0.9972991943359375,-0.0272674560546875,0.0113067626953125
1760554736336572700,0.22757275390625,-0.9978485107421875,-0.0283660888671875,0.0086212158203125
1760554736346576600,0.23757666015625,-0.9987945556640625,-0.0279388427734375,0.0108642578125
1760554736356581600,0.24758154296875,-0.998138427734375,-0.027191162109375,0.0128631591796875
1760554736366585600,0.257585693359375,-0.9971160888671875,-0.0265350341796875,0.0115814208984375
1760554736376589600,0.267589599609375,-0.997833251953125,-0.0263519287109375,0.010284423828125
1760554736386594600,0.277594482421875,-0.99713134765625,-0.02545166015625,0.0087890625
1760554736396598500,0.2875986328125,-0.99932861328125,-0.0261993408203125,0.0084075927734375
1760554736406603500,0.297603515625,-0.9998321533203125,-0.02593994140625,0.0066375732421875
1760554736416607700,0.307607666015625,-0.997528076171875,-0.0270843505859375,0.006927490234375
1760554736426611700,0.31761181640625,-0.9984893798828125,-0.0264434814453125,0.009765625
1760554736436616700,0.32761669921875,-0.9987640380859375,-0.0251617431640625,0.0109405517578125
1760554736446620400,0.337620361328125,-0.9979095458984375,-0.025726318359375,0.0097503662109375
1760554736456624400,0.347624267578125,-0.998260498046875,-0.0251312255859375,0.0092926025390625
1760554736466629600,0.357629638671875,-0.998931884765625,-0.0267791748046875,0.0081024169921875
1760554736476633600,0.367633544921875,-0.9979705810546875,-0.02642822265625,0.0086669921875
1760554736486637600,0.377637451171875,-0.997711181640625,-0.026397705078125,0.008941650390625
1760554736496645400,0.387645263671875,-0.9979400634765625,-0.026702880859375,0.009307861328125
1760554736506649600,0.397649658203125,-0.997833251953125,-0.02703857421875,0.0087890625
1760554736516653600,0.407653564453125,-0.9978790283203125,-0.027587890625,0.009490966796875
1760554736526658600,0.417658447265625,-0.99871826171875,-0.02667236328125,0.0089874267578125
1760554736536662500,0.42766259765625,-0.998443603515625,-0.0265960693359375,0.0092926025390625
1760554736546666500,0.43766650390625,-0.9968414306640625,-0.0269317626953125,0.0072021484375
1760554736556671500,0.44767138671875,-0.996185302734375,-0.0291748046875,0.00439453125
1760554736566675500,0.457675537109375,-0.9969940185546875,-0.03155517578125,0.001312255859375
1760554736576680400,0.467680419921875,-0.9982147216796875,-0.0289306640625,0.0019683837890625
1760554736586684400,0.477684326171875,-0.999359130859375,-0.025787353515625,0.0076751708984375
1760554736596688400,0.4876884765625,-1.0015411376953125,-0.02227783203125,0.011749267578125
1760554736606693600,0.497693603515625,-0.999847412109375,-0.0191650390625,0.0145721435546875
1760554736616697600,0.507697509765625,-0.998504638671875,-0.019866943359375,0.0139312744140625
1760554736626701600,0.51770166015625,-0.9991455078125,-0.0236663818359375,0.0102691650390625
1760554736636706600,0.52770654296875,-0.9989013671875,-0.027618408203125,0.00701904296875
1760554736646710300,0.537710205078125,-0.9978179931640625,-0.02789306640625,0.00811767578125
1760554736656714500,0.547714599609375,-0.9980621337890625,-0.0280303955078125,0.0089569091796875
1760554736666719500,0.557719482421875,-0.99951171875,-0.0258026123046875,0.01336669921875
1760554736676723500,0.567723388671875,-0.9986419677734375,-0.02593994140625,0.0149383544921875
1760554736686727400,0.5777275390625,-0.99951171875,-0.027923583984375,0.014373779296875
1760554736696732400,0.587732421875,-0.9969482421875,-0.0283966064453125,0.0102386474609375
1760554736706736600,0.597736572265625,-0.9957275390625,-0.0303497314453125,0.00689697265625
1760554736716740600,0.60774072265625,-0.9968719482421875,-0.031097412109375,0.006072998046875
1760554736726745600,0.61774560546875,-0.9977569580078125,-0.0278778076171875,0.0074310302734375
1760554736736749300,0.627749267578125,-0.9970550537109375,-0.02496337890625,0.0102691650390625
1760554736746754300,0.63775439453125,-0.9983367919921875,-0.0255889892578125,0.0111083984375
1760554736756758500,0.647758544921875,-0.99853515625,-0.023834228515625,0.011627197265625
1760554736766762500,0.657762451171875,-0.9991607666015625,-0.0250091552734375,0.0093994140625
1760554736776767500,0.667767578125,-0.998626708984375,-0.0250701904296875,0.0065155029296875
1760554736786771500,0.677771484375,-0.9988555908203125,-0.02471923828125,0.0059661865234375
1760554736796775700,0.687775634765625,-0.9991912841796875,-0.024993896484375,0.0061492919921875
1760554736806780700,0.69778076171875,-0.9979095458984375,-0.0240020751953125,0.0070648193359375
1760554736816784400,0.707784423828125,-0.9988861083984375,-0.024200439453125,0.0078887939453125
1760554736826788400,0.717788330078125,-0.9986572265625,-0.024322509765625,0.0109710693359375
1760554736836793300,0.72779345703125,-0.9972686767578125,-0.0268402099609375,0.0089111328125
1760554736846797600,0.737797607421875,-0.9966278076171875,-0.0280609130859375,0.0088043212890625
1760554736856801500,0.747801513671875,-0.9974212646484375,-0.0279388427734375,0.009002685546875
1760554736866806500,0.757806640625,-0.9975433349609375,-0.02801513671875,0.0106964111328125
1760554736876810500,0.767810546875,-0.99755859375,-0.0266571044921875,0.010009765625
1760554736886815500,0.7778154296875,-1.0006561279296875,-0.0259246826171875,0.0106201171875
1760554736896819700,0.78781982421875,-0.9982147216796875,-0.0265350341796875,0.01202392578125
1760554736906823400,0.797823486328125,-0.999053955078125,-0.027099609375,0.01025390625
1760554736916828400,0.807828369140625,-0.99859619140625,-0.02899169921875,0.0067138671875
1760554736926832400,0.817832275390625,-0.9974212646484375,-0.026336669921875,0.0071258544921875
1760554736936836600,0.827836669921875,-0.9975738525390625,-0.0245513916015625,0.0072021484375
1760554736946841600,0.837841552734375,-0.9993743896484375,-0.025054931640625,0.007781982421875
1760554736956845600,0.847845458984375,-0.99993896484375,-0.0249176025390625,0.0091094970703125
1760554736966849500,0.857849609375,-0.9994659423828125,-0.02447509765625,0.0070953369140625
1760554736976854500,0.8678544921875,-0.998504638671875,-0.026123046875,0.0074005126953125
1760554736986858500,0.8778583984375,-0.9991607666015625,-0.0258941650390625,0.0100250244140625
1760554736996862500,0.887862548828125,-0.998199462890625,-0.025604248046875,0.007293701171875
1760554737006867500,0.897867431640625,-0.9990692138671875,-0.0267791748046875,0.0092315673828125
1760554737016871400,0.907871337890625,-0.9991455078125,-0.0251922607421875,0.010467529296875
1760554737026875400,0.91787548828125,-0.9985198974609375,-0.0265655517578125,0.0112762451171875
1760554737036880400,0.92788037109375,-0.9990997314453125,-0.02728271484375,0.0080413818359375
1760554737046884600,0.937884521484375,-0.999420166015625,-0.02716064453125,0.0102386474609375
1760554737056889600,0.9478896484375,-0.9986419677734375,-0.0281829833984375,0.009429931640625
1760554737066893600,0.9578935546875,-0.998260498046875,-0.02728271484375,0.0086822509765625
1760554737076897300,0.967897216796875,-0.9978790283203125,-0.0264129638671875,0.00885009765625
1760554737086902300,0.97790234375,-0.9976654052734375,-0.0263824462890625,0.009002685546875
1760554737096906500,0.987906494140625,-0.9983978271484375,-0.025238037109375,0.0098114013671875
1760554737106910500,0.997910400390625,-0.99847412109375,-0.0254669189453125,0.0099945068359375
1760554737116915500,1.00791552734375,-0.99749755859375,-0.026092529296875,0.0112457275390625
1760554737126919400,1.01791943359375,-0.997955322265625,-0.0248870849609375,0.0095062255859375
1760554737136923600,1.027923583984375,-1.000030517578125,-0.0264739990234375,0.00830078125
1760554737146928600,1.0379287109375,-0.9997100830078125,-0.0247955322265625,0.0081787109375
1760554737156932600,1.0479326171875,-0.99884033203125,-0.0251922607421875,0.01092529296875
1760554737166936300,1.057936279296875,-0.9976806640625,-0.0258941650390625,0.007904052734375
1760554737176941300,1.06794140625,-0.9985504150390625,-0.0264434814453125,0.0070343017578125
1760554737186945500,1.077945556640625,-0.998779296875,-0.0266571044921875,0.00933837890625
1760554737196950500,1.087950439453125,-0.9988250732421875,-0.0280303955078125,0.009185791015625
1760554737206954500,1.09795458984375,-0.9972991943359375,-0.0277557373046875,0.0093536376953125
1760554737216958500,1.10795849609375,-0.998809814453125,-0.027130126953125,0.008758544921875
1760554737226963500,1.11796337890625,-0.99847412109375,-0.027496337890625,0.0106201171875
1760554737236967700,1.1279677734375,-0.99798583984375,-0.0267486572265625,0.0089874267578125
1760554737246971600,1.1379716796875,-0.9969940185546875,-0.0265655517578125,0.0087738037109375
1760554737256976600,1.1479765625,-0.9976043701171875,-0.027099609375,0.0094451904296875
1760554737266980400,1.15798046875,-0.9988861083984375,-0.0265350341796875,0.0089263916015625
1760554737276984600,1.167984619140625,-0.9983978271484375,-0.02655029296875,0.008453369140625
1760554737286989600,1.177989501953125,-0.9966888427734375,-0.0250244140625,0.0084228515625
1760554737296993500,1.18799365234375,-0.9998931884765625,-0.0256500244140625,0.0095367431640625
1760554737306997500,1.19799755859375,-0.9985809326171875,-0.023651123046875,0.00872802734375
1760554737317002500,1.20800244140625,-0.99884033203125,-0.0263824462890625,0.0081787109375
1760554737327006500,1.21800634765625,-0.99884033203125,-0.025634765625,0.0083770751953125
1760554737337010400,1.228010498046875,-0.9978179931640625,-0.0257110595703125,0.008636474609375
1760554737347015400,1.238015380859375,-0.9980621337890625,-0.0279541015625,0.0085906982421875
1760554737357019400,1.248019287109375,-0.9984283447265625,-0.0260772705078125,0.0086212158203125
1760554737367024400,1.2580244140625,-0.998382568359375,-0.02740478515625,0.0090179443359375
1760554737377028400,1.2680283203125,-0.99932861328125,-0.0263519287109375,0.010650634765625
1760554737387032600,1.278032470703125,-0.99853515625,-0.0265350341796875,0.0084686279296875
1760554737397037600,1.28803759765625,-0.998321533203125,-0.02764892578125,0.0083465576171875
1760554737407041500,1.29804150390625,-0.99822998046875,-0.0265045166015625,0.0107421875
1760554737417045500,1.30804541015625,-0.99932861328125,-0.0264739990234375,0.0110321044921875
1760554737427050500,1.318050537109375,-0.9997711181640625,-0.0279083251953125,0.0099029541015625
1760554737437054500,1.328054443359375,-0.9992218017578125,-0.0259552001953125,0.00732421875
1760554737447058400,1.338058349609375,-0.9974822998046875,-0.0250701904296875,0.0098876953125
1760554737457063400,1.3480634765625,-1.0002593994140625,-0.024993896484375,0.009033203125
1760554737467067400,1.3580673828125,-0.9987640380859375,-0.0261993408203125,0.0053863525390625
1760554737477071600,1.368071533203125,-0.9979400634765625,-0.025604248046875,0.008209228515625
1760554737487076600,1.37807666015625,-0.9994659423828125,-0.0261383056640625,0.009185791015625
1760554737497077200,1.3880771484375,-0.998443603515625,-0.025146484375,0.0091094970703125
1760554737507081200,1.398081298828125,-0.99871826171875,-0.02655029296875,0.0090789794921875
1760554737517086200,1.408086181640625,-0.9990692138671875,-0.0257110595703125,0.00933837890625
1760554737527090400,1.41809033203125,-0.9998931884765625,-0.02716064453125,0.0100250244140625
1760554737537095400,1.428095458984375,-0.99774169921875,-0.0264892578125,0.01104736328125
1760554737547099100,1.43809912109375,-0.997589111328125,-0.0259857177734375,0.00909423828125
1760554737557103000,1.44810302734375,-0.9977264404296875,-0.0278472900390625,0.0083160400390625
1760554737567108000,1.458108154296875,-1.0001068115234375,-0.027069091796875,0.0107574462890625
1760554737577112300,1.4681123046875,-0.99993896484375,-0.0261383056640625,0.009735107421875
1760554737587116300,1.4781162109375,-0.9982757568359375,-0.02520751953125,0.008331298828125
1760554737597121300,1.488121337890625,-0.9999542236328125,-0.0251617431640625,0.00946044921875
1760554737607125200,1.498125244140625,-0.9990081787109375,-0.0254364013671875,0.0087738037109375
1760554737617129000,1.50812890625,-0.9995880126953125,-0.026824951171875,0.0088043212890625
1760554737627134200,1.51813427734375,-0.9982452392578125,-0.026611328125,0.00982666015625
1760554737637138200,1.52813818359375,-0.9991607666015625,-0.026214599609375,0.008392333984375
1760554737647142100,1.53814208984375,-0.9978179931640625,-0.0263214111328125,0.0101776123046875
1760554737657147100,1.548147216796875,-0.9972686767578125,-0.02581787109375,0.008880615234375
1760554737667151000,1.558151123046875,-0.9995269775390625,-0.026336669921875,0.0096435546875
1760554737677156000,1.568156005859375,-0.9994049072265625,-0.0262908935546875,0.009735107421875
1760554737687160300,1.578160400390625,-0.998626708984375,-0.025604248046875,0.0092926025390625
1760554737697164300,1.588164306640625,-0.9994659423828125,-0.0258026123046875,0.009368896484375
1760554737707169300,1.598169189453125,-0.998992919921875,-0.027130126953125,0.0105133056640625
1760554737717173000,1.608173095703125,-0.998931884765625,-0.024993896484375,0.00848388671875
1760554737727177200,1.61817724609375,-0.9992218017578125,-0.025909423828125,0.0091552734375
1760554737737182200,1.62818212890625,-0.99755859375,-0.0272216796875,0.0100250244140625
1760554737747186200,1.638186279296875,-0.9989776611328125,-0.0261993408203125,0.0090789794921875
1760554737757190100,1.648190185546875,-0.9988250732421875,-0.025970458984375,0.008453369140625
1760554737767195100,1.658195068359375,-0.9983062744140625,-0.026397705078125,0.008697509765625
1760554737777199400,1.668199462890625,-0.9980926513671875,-0.0274658203125,0.0083160400390625
1760554737787203300,1.678203369140625,-0.99835205078125,-0.0266571044921875,0.010040283203125
1760554737797208300,1.688208251953125,-0.9978485107421875,-0.0260009765625,0.009765625
1760554737807212000,1.6982119140625,-0.997772216796875,-0.026123046875,0.00811767578125
1760554737817216300,1.70821630859375,-0.997650146484375,-0.0262298583984375,0.010101318359375
1760554737827221200,1.71822119140625,-1.0006561279296875,-0.026611328125,0.0086517333984375
1760554737837225200,1.72822509765625,-0.99725341796875,-0.0268402099609375,0.0095672607421875
1760554737847230200,1.738230224609375,-0.997802734375,-0.0250701904296875,0.0084686279296875
1760554737857234200,1.748234130859375,-0.99725341796875,-0.025604248046875,0.0095367431640625
1760554737867238400,1.75823828125,-0.998199462890625,-0.02655029296875,0.0093536376953125
1760554737877243400,1.768243408203125,-0.998626708984375,-0.0263671875,0.008392333984375
1760554737887247000,1.7782470703125,-0.9986724853515625,-0.0274658203125,0.0085601806640625
1760554737897251000,1.7882509765625,-0.9961090087890625,-0.0260162353515625,0.009735107421875
1760554737907256000,1.798256103515625,-0.996673583984375,-0.02685546875,0.0081329345703125
1760554737917260300,1.80826025390625,-0.9983367919921875,-0.0273895263671875,0.0088958740234375
1760554737927264300,1.81826416015625,-0.9977569580078125,-0.0267791748046875,0.008270263671875
1760554737937269200,1.828269287109375,-0.999420166015625,-0.02703857421875,0.0083770751953125
1760554737947273200,1.838273193359375,-0.9987640380859375,-0.0269012451171875,0.0089111328125
1760554737957277200,1.848277099609375,-0.9991455078125,-0.026031494140625,0.009521484375
1760554737967282200,1.8582822265625,-0.9980926513671875,-0.025299072265625,0.009552001953125
1760554737977286100,1.8682861328125,-0.9991607666015625,-0.024383544921875,0.0088653564453125
1760554737987290000,1.8782900390625,-0.9990692138671875,-0.0266876220703125,0.0102081298828125
1760554737997295000,1.888295166015625,-0.9994354248046875,-0.0265655517578125,0.00897216796875
1760554738007299000,1.898299072265625,-0.999542236328125,-0.0277557373046875,0.0081787109375
1760554738017304000,1.908303955078125,-0.999237060546875,-0.0269927978515625,0.0089874267578125
1760554738027308300,1.918308349609375,-0.998779296875,-0.02618408203125,0.0093841552734375
1760554738037312300,1.928312255859375,-0.9995269775390625,-0.026153564453125,0.0089111328125
1760554738047317200,1.938317138671875,-0.9987945556640625,-0.026397705078125,0.0087127685546875
1760554738057321200,1.9483212890625,-0.9973907470703125,-0.0269012451171875,0.0091400146484375
1760554738067325200,1.9583251953125,-0.9980010986328125,-0.0257110595703125,0.0081634521484375
1760554738077330200,1.968330078125,-0.99835205078125,-0.0267333984375,0.0079803466796875
1760554738087334100,1.978334228515625,-0.997894287109375,-0.026824951171875,0.0095367431640625
1760554738097338000,1.988338134765625,-0.9988555908203125,-0.02667236328125,0.008697509765625
1760554738107343000,1.998343017578125,-0.99884033203125,-0.026763916015625,0.0081329345703125
1760554738117347300,2.008347412109375,-0.9985198974609375,-0.025848388671875,0.0085601806640625
1760554738127352300,2.018352294921875,-0.998077392578125,-0.02703857421875,0.0078582763671875
1760554738137356300,2.028356201171875,-0.998809814453125,-0.02569580078125,0.010162353515625
1760554738147360000,2.038360107421875,-0.997589111328125,-0.0268096923828125,0.009979248046875
1760554738157365200,2.048365234375,-0.9997100830078125,-0.0274505615234375,0.008636474609375
1760554738167369200,2.058369140625,-0.9977264404296875,-0.02783203125,0.00946044921875
1760554738177373200,2.068373291015625,-0.998199462890625,-0.0262298583984375,0.0089111328125
1760554738187378200,2.078378173828125,-0.9989471435546875,-0.026336669921875,0.0108642578125
1760554738197382100,2.088382080078125,-0.9990234375,-0.0253753662109375,0.0093231201171875
1760554738207386400,2.098386474609375,-0.998138427734375,-0.0272979736328125,0.0097808837890625
1760554738217391400,2.108391357421875,-0.9983978271484375,-0.0271148681640625,0.00872802734375
1760554738227395300,2.118395263671875,-0.9988555908203125,-0.027374267578125,0.00830078125
1760554738237399000,2.12839892578125,-0.9969635009765625,-0.02642822265625,0.009490966796875
1760554738247404000,2.138404052734375,-0.998443603515625,-0.0264129638671875,0.0091400146484375
1760554738257408300,2.148408203125,-0.9994659423828125,-0.026519775390625,0.0093841552734375
1760554738267413200,2.158413330078125,-0.9970855712890625,-0.024993896484375,0.0091552734375
1760554738277417200,2.168417236328125,-0.99774169921875,-0.026611328125,0.009033203125
1760554738287421200,2.178421142578125,-0.9990997314453125,-0.02618408203125,0.0100250244140625
1760554738297426200,2.18842626953125,-0.997802734375,-0.0262603759765625,0.0087738037109375
1760554738307430100,2.19843017578125,-0.998077392578125,-0.0268707275390625,0.010650634765625
1760554738317434400,2.208434326171875,-0.998870849609375,-0.0255584716796875,0.01007080078125
1760554738327439400,2.218439453125,-0.9975738525390625,-0.0270538330078125,0.01055908203125
1760554738337443000,2.228443115234375,-0.99822998046875,-0.0263824462890625,0.00732421875
1760554738347447000,2.238447021484375,-0.9992523193359375,-0.0257415771484375,0.00970458984375
1760554738357452000,2.2484521484375,-0.998626708984375,-0.025360107421875,0.008941650390625
1760554738367456300,2.258456298828125,-0.998626708984375,-0.0272369384765625,0.007965087890625
1760554738377460200,2.268460205078125,-0.9978485107421875,-0.0267333984375,0.0077362060546875
1760554738387465200,2.27846533203125,-0.998016357421875,-0.025360107421875,0.0103912353515625
1760554738397469200,2.28846923828125,-0.9997711181640625,-0.02606201171875,0.0092010498046875
1760554738407474200,2.29847412109375,-0.9981842041015625,-0.0257415771484375,0.0091552734375
1760554738417478400,2.308478515625,-0.9976043701171875,-0.0258026123046875,0.0082244873046875
1760554738427482000,2.318482177734375,-0.998748779296875,-0.0275115966796875,0.008697509765625
1760554738437487000,2.328487060546875,-0.9993133544921875,-0.028289794921875,0.009552001953125
1760554738447491000,2.338490966796875,-0.99835205078125,-0.026947021484375,0.0095367431640625
1760554738457495300,2.348495361328125,-0.998565673828125,-0.026580810546875,0.009613037109375
1760554738467500300,2.358500244140625,-0.9993896484375,-0.0269317626953125,0.0093841552734375
1760554738477504300,2.368504150390625,-0.99969482421875,-0.0269622802734375,0.0103302001953125
1760554738487508200,2.37850830078125,-0.99957275390625,-0.0273284912109375,0.01025390625
1760554738497513000,2.388512939453125,-0.997589111328125,-0.0270843505859375,0.0100555419921875
1760554738507517200,2.39851708984375,-0.9995574951171875,-0.0264892578125,0.009674072265625
1760554738517521000,2.40852099609375,-0.999481201171875,-0.0267486572265625,0.0093841552734375
1760554738527526000,2.41852587890625,-0.996978759765625,-0.0263824462890625,0.009429931640625
1760554738537529900,2.42852978515625,-0.99713134765625,-0.026702880859375,0.008697509765625
1760554738547534800,2.438534912109375,-0.9971466064453125,-0.02557373046875,0.0074310302734375
1760554738557539000,2.4485390625,-0.99896240234375,-0.0259246826171875,0.0082855224609375
1760554738567543000,2.45854296875,-0.9986419677734375,-0.0248870849609375,0.00872802734375
1760554738577548000,2.468548095703125,-0.9976043701171875,-0.025115966796875,0.008056640625
1760554738587552000,2.478552001953125,-0.9984893798828125,-0.0264739990234375,0.0101318359375
1760554738597556200,2.48855615234375,-0.9986419677734375,-0.02557373046875,0.0085296630859375
1760554738607561200,2.498561279296875,-0.9972381591796875,-0.0277862548828125,0.0078582763671875
1760554738617565000,2.50856494140625,-0.9970245361328125,-0.0265655517578125,0.0091552734375
1760554738627569000,2.51856884765625,-0.998138427734375,-0.0263519287109375,0.0079193115234375
1760554738637574000,2.528573974609375,-0.999114990234375,-0.0267791748046875,0.0089569091796875
1760554738647578000,2.538578125,-0.9989013671875,-0.0264434814453125,0.008087158203125
1760554738657582000,2.54858203125,-0.99871826171875,-0.0249176025390625,0.0087738037109375
1760554738667587000,2.558587158203125,-0.9985198974609375,-0.025787353515625,0.009063720703125
1760554738677591000,2.568591064453125,-0.99957275390625,-0.0258331298828125,0.009368896484375
1760554738687596000,2.578595947265625,-0.9976806640625,-0.02545166015625,0.008331298828125
1760554738697600000,2.58860009765625,-0.99853515625,-0.026336669921875,0.0091400146484375
1760554738707604000,2.59860400390625,-0.9980621337890625,-0.0262908935546875,0.0090484619140625
1760554738717609000,2.60860888671875,-0.999176025390625,-0.0252532958984375,0.0082855224609375
1760554738727613000,2.618613037109375,-0.9983978271484375,-0.0264892578125,0.00933837890625
1760554738737617000,2.628616943359375,-0.9977264404296875,-0.0258026123046875,0.009735107421875
1760554738747622000,2.638621826171875,-0.9977874755859375,-0.027252197265625,0.0099334716796875
1760554738757626000,2.648626220703125,-0.9982147216796875,-0.025177001953125,0.00933837890625
1760554738767630000,2.658630126953125,-0.998199462890625,-0.025787353515625,0.00897216796875
1760554738777635000,2.668635009765625,-0.9990997314453125,-0.026092529296875,0.0103302001953125
1760554738787638800,2.678638671875,-0.99871826171875,-0.0260162353515625,0.0103302001953125
1760554738797643800,2.688643798828125,-0.9997100830078125,-0.0267486572265625,0.010223388671875
1760554738807648000,2.69864794921875,-0.998321533203125,-0.0262298583984375,0.0094451904296875
1760554738817652000,2.70865185546875,-0.9978179931640625,-0.0264434814453125,0.00830078125
1760554738827657000,2.718656982421875,-0.9969635009765625,-0.0272369384765625,0.01019287109375
1760554738837661000,2.728660888671875,-0.9973602294921875,-0.027252197265625,0.00927734375
1760554738847665200,2.7386650390625,-0.9976654052734375,-0.0263519287109375,0.0099945068359375
1760554738857670100,2.748670166015625,-0.998504638671875,-0.0272064208984375,0.0096588134765625
1760554738867674000,2.758674072265625,-0.9971923828125,-0.0260162353515625,0.0093994140625
1760554738877677800,2.768677734375,-0.998443603515625,-0.025726318359375,0.0088043212890625
1760554738887682800,2.778682861328125,-0.9977874755859375,-0.025390625,0.0089874267578125
1760554738897687000,2.78868701171875,-0.9977264404296875,-0.025726318359375,0.008544921875
1760554738907691000,2.79869091796875,-0.9991912841796875,-0.0253753662109375,0.0097503662109375
1760554738917696000,2.808696044921875,-0.998809814453125,-0.02520751953125,0.0107879638671875
1760554738927700000,2.818699951171875,-0.997314453125,-0.0252532958984375,0.008819580078125
1760554738937705000,2.828705078125,-0.997528076171875,-0.0263824462890625,0.010528564453125
1760554738947709200,2.838709228515625,-0.9990692138671875,-0.0257415771484375,0.00897216796875
1760554738957713000,2.848712890625,-0.998779296875,-0.0264739990234375,0.0086669921875
1760554738967718000,2.8587177734375,-0.9988861083984375,-0.026214599609375,0.0108795166015625
1760554738977721900,2.868721923828125,-0.99853515625,-0.0263824462890625,0.0102691650390625
1760554738987726000,2.87872607421875,-0.9976348876953125,-0.02685546875,0.0080108642578125
1760554738997731000,2.88873095703125,-0.997344970703125,-0.02716064453125,0.008697509765625
1760554739007735000,2.898735107421875,-0.9982452392578125,-0.0263824462890625,0.00970458984375
1760554739017739000,2.908739013671875,-0.9972991943359375,-0.026397705078125,0.0086212158203125
1760554739027744000,2.918743896484375,-0.9986419677734375,-0.026336669921875,0.00799560546875
1760554739037748200,2.928748291015625,-0.9994354248046875,-0.0264892578125,0.008453369140625
1760554739047752000,2.938751953125,-0.9983673095703125,-0.0255279541015625,0.00823974609375
1760554739057757000,2.9487568359375,-0.9974365234375,-0.02630615234375,0.0098876953125
1760554739067761000,2.958760986328125,-0.9983062744140625,-0.026947021484375,0.0091094970703125
1760554739077766000,2.968765869140625,-0.9988861083984375,-0.024871826171875,0.00946044921875
1760554739087770000,2.97877001953125,-0.99871826171875,-0.025299072265625,0.0084991455078125
1760554739097774000,2.988774169921875,-0.9972991943359375,-0.026824951171875,0.00921630859375
1760554739107779000,2.998779052734375,-0.9990234375,-0.0266876220703125,0.00927734375
1760554739117783000,3.008782958984375,-0.9981689453125,-0.02655029296875,0.0098419189453125
1760554739127787000,3.018787109375,-0.9994049072265625,-0.0274200439453125,0.0089569091796875
1760554739137792000,3.0287919921875,-0.99853515625,-0.026885986328125,0.008941650390625
1760554739147796000,3.0387958984375,-0.998687744140625,-0.02630615234375,0.00982666015625
1760554739157800000,3.048800048828125,-0.9984283447265625,-0.02740478515625,0.00860595703125
1760554739167805000,3.058804931640625,-0.997406005859375,-0.0255126953125,0.0080413818359375
1760554739177809000,3.068808837890625,-0.9993438720703125,-0.02642822265625,0.009429931640625
1760554739187813000,3.078813232421875,-1.0004119873046875,-0.0259552001953125,0.009521484375
1760554739197818000,3.088818115234375,-0.998291015625,-0.0266265869140625,0.0098419189453125
1760554739207822000,3.098822021484375,-0.99798583984375,-0.0262451171875,0.0110626220703125
1760554739217827000,3.1088271484375,-0.9989166259765625,-0.026031494140625,0.009033203125
1760554739227830800,3.118830810546875,-0.99786376953125,-0.0251007080078125,0.0086517333984375
1760554739237835000,3.1288349609375,-0.99810791015625,-0.026763916015625,0.0091094970703125
1760554739247840000,3.138840087890625,-0.99920654296875,-0.0270538330078125,0.010467529296875
1760554739257844000,3.148843994140625,-0.998748779296875,-0.0264129638671875,0.0087890625
1760554739267848000,3.158847900390625,-0.9987640380859375,-0.0260162353515625,0.00909423828125
1760554739277853000,3.16885302734375,-0.99755859375,-0.026031494140625,0.0096588134765625
1760554739287857200,3.178857177734375,-0.9979400634765625,-0.02545166015625,0.010040283203125
1760554739297861000,3.188861083984375,-0.9986419677734375,-0.0257110595703125,0.0095367431640625
1760554739307866000,3.1988662109375,-0.9970550537109375,-0.0252838134765625,0.0097808837890625
1760554739317869800,3.208869873046875,-0.99761962890625,-0.02587890625,0.008697509765625
1760554739327874000,3.2188740234375,-0.9969024658203125,-0.02716064453125,0.0103607177734375
1760554739337879000,3.228879150390625,-0.99908447265625,-0.025726318359375,0.010345458984375
1760554739347883000,3.238883056640625,-0.9985504150390625,-0.026763916015625,0.0107574462890625
1760554739357888000,3.248887939453125,-0.9969940185546875,-0.026397705078125,0.008544921875
1760554739367892000,3.25889208984375,-0.998443603515625,-0.025177001953125,0.0095977783203125
1760554739377896200,3.268896240234375,-0.9978790283203125,-0.025848388671875,0.0101776123046875
1760554739387901200,3.278901123046875,-0.9989166259765625,-0.025665283203125,0.0095672607421875
1760554739397905200,3.2889052734375,-0.9980316162109375,-0.026458740234375,0.008392333984375
1760554739407908900,3.298908935546875,-0.997344970703125,-0.026824951171875,0.00921630859375
1760554739417913900,3.308913818359375,-0.9996337890625,-0.026824951171875,0.00933837890625
1760554739427918000,3.31891796875,-0.9969024658203125,-0.026702880859375,0.009429931640625
1760554739437922000,3.328922119140625,-0.9978485107421875,-0.0264892578125,0.0079193115234375
1760554739447927000,3.338927001953125,-0.99835205078125,-0.0258941650390625,0.0093536376953125
1760554739457931000,3.348930908203125,-0.9991302490234375,-0.02520751953125,0.00994873046875
1760554739467935000,3.35893505859375,-0.9981689453125,-0.02532958984375,0.00994873046875
1760554739477940000,3.36893994140625,-0.999542236328125,-0.0263214111328125,0.0087890625
1760554739487944000,3.37894384765625,-0.9987030029296875,-0.02667236328125,0.0107879638671875
1760554739497949400,3.388949462890625,-0.9971771240234375,-0.02606201171875,0.0092620849609375
1760554739507953400,3.398953369140625,-0.997955322265625,-0.0269012451171875,0.00970458984375
1760554739517957400,3.408957275390625,-0.9999237060546875,-0.0273284912109375,0.0093841552734375
1760554739527962400,3.41896240234375,-0.997955322265625,-0.0263824462890625,0.008636474609375
1760554739537966600,3.428966552734375,-1.000274658203125,-0.0261688232421875,0.0089111328125
1760554739547970600,3.438970458984375,-0.997344970703125,-0.027008056640625,0.009307861328125
1760554739557975600,3.4489755859375,-0.9978485107421875,-0.0272064208984375,0.009033203125
1760554739567979300,3.458979248046875,-0.9989013671875,-0.026397705078125,0.0096282958984375
1760554739577983500,3.4689833984375,-0.998382568359375,-0.0276336669921875,0.0095977783203125
1760554739587988500,3.478988525390625,-1.00006103515625,-0.026611328125,0.0106658935546875
1760554739597992400,3.488992431640625,-0.998992919921875,-0.025909423828125,0.0103912353515625
1760554739607997400,3.49899755859375,-0.9991607666015625,-0.0265960693359375,0.010040283203125
1760554739618001400,3.50900146484375,-0.99908447265625,-0.0250701904296875,0.009124755859375
1760554739628005600,3.519005615234375,-0.99761962890625,-0.0263824462890625,0.009918212890625
1760554739638010600,3.5290107421875,-0.998443603515625,-0.0269775390625,0.0097808837890625
1760554739648014600,3.5390146484375,-0.9987335205078125,-0.026397705078125,0.0099334716796875
1760554739658018300,3.549018310546875,-0.99853515625,-0.027069091796875,0.009918212890625
1760554739668023300,3.559023193359375,-0.99798583984375,-0.0260467529296875,0.008392333984375
1760554739678027300,3.56902734375,-0.9969940185546875,-0.02667236328125,0.008392333984375
1760554739688031500,3.579031494140625,-0.997894287109375,-0.0253753662109375,0.009246826171875
1760554739698036500,3.589036376953125,-0.998779296875,-0.0262908935546875,0.010101318359375
1760554739708040400,3.59904052734375,-0.9982757568359375,-0.0264892578125,0.0088958740234375
1760554739718044400,3.60904443359375,-0.997039794921875,-0.026458740234375,0.0094146728515625
1760554739728049400,3.61904931640625,-0.9966888427734375,-0.027252197265625,0.010406494140625
1760554739738053600,3.6290537109375,-0.9969024658203125,-0.027008056640625,0.0098724365234375
1760554739748058600,3.63905859375,-0.9975128173828125,-0.027008056640625,0.0093994140625
1760554739758062300,3.649062255859375,-0.998443603515625,-0.0257415771484375,0.0072784423828125
1760554739768066300,3.65906640625,-0.9990386962890625,-0.0254669189453125,0.008880615234375
1760554739778071300,3.6690712890625,-0.9993743896484375,-0.02691650390625,0.00897216796875
1760554739788075500,3.679075439453125,-0.9992828369140625,-0.02508544921875,0.008697509765625
1760554739798079500,3.68907958984375,-0.9976654052734375,-0.026031494140625,0.0095672607421875
1760554739808084500,3.69908447265625,-0.997711181640625,-0.0263671875,0.00909423828125
1760554739818088400,3.70908837890625,-0.9981536865234375,-0.026580810546875,0.0087432861328125
1760554739828092400,3.719092529296875,-0.99725341796875,-0.025970458984375,0.0077056884765625
1760554739838097700,3.72909765625,-0.9977874755859375,-0.0254974365234375,0.0097808837890625
1760554739848101400,3.739101318359375,-0.9983978271484375,-0.0256805419921875,0.0092010498046875
1760554739858106400,3.7491064453125,-0.9972381591796875,-0.0264739990234375,0.009002685546875
1760554739868110300,3.7591103515625,-0.997802734375,-0.025482177734375,0.0086669921875
1760554739878114600,3.769114501953125,-0.997467041015625,-0.0272216796875,0.0094451904296875
1760554739888119600,3.77911962890625,-0.9983367919921875,-0.0249176025390625,0.009552001953125
1760554739898123500,3.78912353515625,-0.9983367919921875,-0.024749755859375,0.009613037109375
1760554739908127500,3.79912744140625,-0.9972991943359375,-0.026763916015625,0.0115966796875
1760554739918132500,3.809132568359375,-0.9976654052734375,-0.026123046875,0.009368896484375
1760554739928136400,3.819136474609375,-0.9984130859375,-0.0255279541015625,0.0085296630859375
1760554739938140400,3.829140380859375,-0.9976654052734375,-0.0265960693359375,0.008209228515625
1760554739948145400,3.8391455078125,-0.9980316162109375,-0.0266571044921875,0.008941650390625
1760554739958149400,3.8491494140625,-0.996826171875,-0.0267486572265625,0.0087432861328125
1760554739968153600,3.859153564453125,-0.9967498779296875,-0.02740478515625,0.0097198486328125
1760554739978158600,3.86915869140625,-0.998809814453125,-0.027313232421875,0.0092010498046875
1760554739988162600,3.87916259765625,-0.9992218017578125,-0.0260772705078125,0.0086212158203125
1760554739998167600,3.88916748046875,-0.997589111328125,-0.0268707275390625,0.009246826171875
1760554740008171500,3.899171630859375,-0.99932861328125,-0.0262908935546875,0.0099029541015625
1760554740018175500,3.909175537109375,-0.997283935546875,-0.0242462158203125,0.0093994140625
1760554740028180500,3.919180419921875,-0.997344970703125,-0.0268096923828125,0.0105438232421875
1760554740038184400,3.929184326171875,-0.9981536865234375,-0.0286407470703125,0.008148193359375
1760554740048188400,3.9391884765625,-0.997955322265625,-0.026885986328125,0.0098114013671875
1760554740058193400,3.949193359375,-0.9983673095703125,-0.026123046875,0.008819580078125
1760554740068197400,3.959197265625,-0.99725341796875,-0.027313232421875,0.009002685546875
1760554740078201600,3.96920166015625,-0.9984588623046875,-0.02642822265625,0.0089874267578125
1760554740088206600,3.97920654296875,-0.998565673828125,-0.0253448486328125,0.0082244873046875
1760554740098209300,3.989209228515625,-0.998046875,-0.026275634765625,0.00823974609375
1760554740108213500,3.999213623046875,-0.99761962890625,-0.027374267578125,0.0098724365234375
1760554740118217500,4.009217529296875,-1.000030517578125,-0.026580810546875,0.0087738037109375
1760554740128222500,4.019222412109375,-0.9991607666015625,-0.02642822265625,0.007171630859375
1760554740138226400,4.029226318359375,-0.9981689453125,-0.0257415771484375,0.0097198486328125
1760554740148230700,4.039230712890625,-0.998077392578125,-0.0257110595703125,0.00946044921875
1760554740158235600,4.049235595703125,-0.9974517822265625,-0.0278778076171875,0.0084686279296875
1760554740168239400,4.0592392578125,-0.9977569580078125,-0.026641845703125,0.0084686279296875
1760554740178243300,4.069243408203125,-0.9980316162109375,-0.02752685546875,0.0085601806640625
1760554740188248300,4.079248291015625,-0.9989166259765625,-0.0258636474609375,0.008392333984375
1760554740198252500,4.08925244140625,-0.9986114501953125,-0.0260772705078125,0.009918212890625
1760554740208256500,4.099256591796875,-0.9966888427734375,-0.025482177734375,0.0086669921875
1760554740218261500,4.109261474609375,-0.9970550537109375,-0.02685546875,0.0084075927734375
1760554740228265500,4.119265380859375,-0.997589111328125,-0.0255889892578125,0.0096893310546875
1760554740238270500,4.1292705078125,-0.9980010986328125,-0.0251312255859375,0.0087432861328125
1760554740248274700,4.139274658203125,-0.99798583984375,-0.0268707275390625,0.007293701171875
1760554740258278400,4.1492783203125,-0.9979095458984375,-0.02691650390625,0.009429931640625
1760554740268283400,4.159283447265625,-0.9979705810546875,-0.0264434814453125,0.0095062255859375
1760554740278287400,4.169287353515625,-0.9983673095703125,-0.0267791748046875,0.008087158203125
1760554740288291300,4.179291259765625,-0.997406005859375,-0.0253753662109375,0.0089263916015625
1760554740298296600,4.189296630859375,-0.9978790283203125,-0.0264892578125,0.0091094970703125
1760554740308300500,4.199300537109375,-0.9983367919921875,-0.0270843505859375,0.0097198486328125
1760554740318304500,4.209304443359375,-0.9982147216796875,-0.0280609130859375,0.00958251953125
1760554740328309500,4.2193095703125,-0.9979248046875,-0.0270233154296875,0.010101318359375
1760554740338313200,4.229313232421875,-0.9988250732421875,-0.0267791748046875,0.0093231201171875
1760554740348317400,4.2393173828125,-0.99774169921875,-0.0257110595703125,0.009002685546875
1760554740358322400,4.249322509765625,-0.997711181640625,-0.02484130859375,0.0100555419921875
1760554740368326400,4.259326416015625,-0.998016357421875,-0.026702880859375,0.00848388671875
1760554740378331400,4.269331298828125,-0.998046875,-0.0270843505859375,0.0087738037109375
1760554740388335400,4.27933544921875,-0.999664306640625,-0.026519775390625,0.008026123046875
1760554740398339600,4.289339599609375,-1.0001220703125,-0.027862548828125,0.010162353515625
1760554740408344600,4.299344482421875,-0.9977569580078125,-0.0265350341796875,0.0094146728515625
1760554740418348500,4.3093486328125,-0.9992218017578125,-0.02496337890625,0.0101165771484375
1760554740428352300,4.319352294921875,-0.999481201171875,-0.026397705078125,0.008941650390625
1760554740438357200,4.329357177734375,-0.998016357421875,-0.0272369384765625,0.0090179443359375
1760554740448361500,4.339361572265625,-0.9988250732421875,-0.026947021484375,0.0106048583984375
1760554740458365400,4.349365478515625,-0.997802734375,-0.0263671875,0.0095062255859375
1760554740468371500,4.359371337890625,-0.9966583251953125,-0.0257720947265625,0.009429931640625
1760554740478375400,4.36937548828125,-0.9977569580078125,-0.0267181396484375,0.0081329345703125
1760554740488380400,4.37938037109375,-0.99951171875,-0.0256500244140625,0.009796142578125
1760554740498384100,4.389384033203125,-0.997711181640625,-0.0262603759765625,0.010528564453125
1760554740508388400,4.399388427734375,-0.997039794921875,-0.026702880859375,0.0095367431640625
1760554740518393300,4.409393310546875,-0.9981689453125,-0.027923583984375,0.0098419189453125
1760554740528397300,4.419397216796875,-0.9988250732421875,-0.02728271484375,0.009063720703125
1760554740538402300,4.42940234375,-0.99822998046875,-0.027923583984375,0.0079193115234375
1760554740548406300,4.43940625,-0.99627685546875,-0.0277099609375,0.009490966796875
1760554740558410500,4.449410400390625,-0.99920654296875,-0.02606201171875,0.0084075927734375
1760554740568415500,4.45941552734375,-0.99835205078125,-0.025726318359375,0.0076141357421875
1760554740578419500,4.46941943359375,-0.9979248046875,-0.025970458984375,0.0094757080078125
1760554740588423200,4.479423095703125,-0.9987640380859375,-0.0270843505859375,0.0099639892578125
1760554740598428200,4.48942822265625,-0.99761962890625,-0.0266876220703125,0.0084381103515625
1760554740608432400,4.499432373046875,-0.99749755859375,-0.02764892578125,0.010589599609375
1760554740618436400,4.509436279296875,-0.999237060546875,-0.026702880859375,0.009002685546875
1760554740628441300,4.51944140625,-0.9984893798828125,-0.0269927978515625,0.0109405517578125
1760554740638445300,4.5294453125,-0.9976043701171875,-0.025238037109375,0.009490966796875
1760554740648449500,4.539449462890625,-0.9965057373046875,-0.0272369384765625,0.009735107421875
1760554740658454500,4.54945458984375,-0.997100830078125,-0.024627685546875,0.00848388671875
1760554740668458200,4.559458251953125,-0.999053955078125,-0.0255126953125,0.00946044921875
1760554740678463200,4.569463134765625,-0.996307373046875,-0.0271453857421875,0.01031494140625
1760554740688467200,4.57946728515625,-0.9977264404296875,-0.0276031494140625,0.00970458984375
1760554740698471400,4.589471435546875,-0.999237060546875,-0.026214599609375,0.009765625
1760554740708476400,4.599476318359375,-0.998931884765625,-0.0261383056640625,0.0103607177734375
1760554740718480400,4.60948046875,-0.9985504150390625,-0.025726318359375,0.0077667236328125
1760554740728484400,4.619484375,-0.9989776611328125,-0.026947021484375,0.0097808837890625
1760554740738489300,4.6294892578125,-0.999481201171875,-0.0257720947265625,0.0080108642578125
1760554740748493300,4.639493408203125,-0.99798583984375,-0.026763916015625,0.0097503662109375
1760554740758497300,4.649497314453125,-0.998260498046875,-0.026611328125,0.0087127685546875
1760554740768502300,4.659502197265625,-0.9976806640625,-0.02581787109375,0.0074310302734375
1760554740778506200,4.66950634765625,-0.9988250732421875,-0.02642822265625,0.0091094970703125
1760554740788511200,4.67951123046875,-0.998992919921875,-0.0270843505859375,0.0089874267578125
1760554740798515200,4.68951513671875,-0.998626708984375,-0.026641845703125,0.009246826171875
1760554740808519400,4.69951953125,-0.99749755859375,-0.0269927978515625,0.0085601806640625
1760554740818524400,4.7095244140625,-0.9980316162109375,-0.0269317626953125,0.0078582763671875
1760554740828528400,4.7195283203125,-0.9988250732421875,-0.027191162109375,0.0088958740234375
1760554740838532400,4.729532470703125,-0.9988555908203125,-0.025909423828125,0.009246826171875
1760554740848537300,4.739537353515625,-0.999481201171875,-0.02471923828125,0.0097808837890625
1760554740858541300,4.749541259765625,-0.997772216796875,-0.0262603759765625,0.0100250244140625
1760554740868546300,4.75954638671875,-0.998748779296875,-0.0264434814453125,0.0102996826171875
1760554740878550300,4.76955029296875,-0.99853515625,-0.026123046875,0.00921630859375
1760554740888554200,4.77955419921875,-0.99700927734375,-0.02667236328125,0.0086822509765625
1760554740898559200,4.789559326171875,-0.9981689453125,-0.0261383056640625,0.009765625
1760554740908563500,4.7995634765625,-0.9983062744140625,-0.025634765625,0.009735107421875
1760554740918567400,4.8095673828125,-0.99774169921875,-0.0269622802734375,0.0078582763671875
1760554740928572400,4.819572509765625,-0.9986724853515625,-0.02606201171875,0.010467529296875
1760554740938576100,4.829576171875,-0.9964752197265625,-0.02606201171875,0.009918212890625
1760554740948580400,4.839580322265625,-0.9969940185546875,-0.0262451171875,0.009368896484375
1760554740958585300,4.84958544921875,-0.998077392578125,-0.02655029296875,0.00872802734375
1760554740968589300,4.85958935546875,-0.999176025390625,-0.025848388671875,0.0099334716796875
1760554740978594300,4.86959423828125,-0.998260498046875,-0.0274658203125,0.0088043212890625
1760554740988598300,4.879598388671875,-0.997833251953125,-0.0272369384765625,0.009613037109375
1760554740998602500,4.8896025390625,-0.99884033203125,-0.0274200439453125,0.008819580078125
1760554741008607500,4.899607421875,-0.9977264404296875,-0.02691650390625,0.00933837890625
1760554741018611500,4.909611572265625,-0.998870849609375,-0.0268402099609375,0.010986328125
1760554741028615200,4.919615234375,-0.9973297119140625,-0.02587890625,0.008453369140625
1760554741038620200,4.9296201171875,-0.9986114501953125,-0.0253143310546875,0.0081787109375
1760554741048624400,4.939624267578125,-0.9982757568359375,-0.0267791748046875,0.0090484619140625
1760554741058628400,4.94962841796875,-0.9982452392578125,-0.0266265869140625,0.0096893310546875
1760554741068633300,4.95963330078125,-0.998199462890625,-0.025421142578125,0.008819580078125
1760554741078637300,4.96963720703125,-0.9984588623046875,-0.02630615234375,0.0078582763671875
1760554741088642300,4.979642333984375,-0.99884033203125,-0.025390625,0.009368896484375
1760554741098646500,4.989646484375,-0.9990386962890625,-0.0265045166015625,0.0082244873046875
1760554741108650500,4.999650390625,-0.9973602294921875,-0.0266265869140625,0.00897216796875
1760554741118655500,5.009655517578125,-0.9989776611328125,-0.026092529296875,0.0089569091796875
1760554741128659200,5.0196591796875,-0.998992919921875,-0.026458740234375,0.0092620849609375
1760554741138663200,5.0296630859375,-0.9991455078125,-0.0250701904296875,0.0090484619140625
1760554741148668400,5.03966845703125,-0.997222900390625,-0.025054931640625,0.0094757080078125
1760554741158672400,5.04967236328125,-0.9968719482421875,-0.02496337890625,0.010009765625
1760554741168676400,5.05967626953125,-0.9982147216796875,-0.0265045166015625,0.0095367431640625
1760554741178681300,5.069681396484375,-0.999267578125,-0.026702880859375,0.0072784423828125
1760554741188685300,5.079685302734375,-0.9978179931640625,-0.0264434814453125,0.00872802734375
1760554741198690300,5.089690185546875,-0.99810791015625,-0.0251312255859375,0.0101470947265625
1760554741208694300,5.0996943359375,-0.9987945556640625,-0.02655029296875,0.009429931640625
1760554741218698200,5.1096982421875,-0.998870849609375,-0.0270843505859375,0.0086517333984375
1760554741228703200,5.119703125,-0.9993133544921875,-0.0264434814453125,0.01043701171875
1760554741238707200,5.129707275390625,-0.9976348876953125,-0.0282135009765625,0.0084228515625
1760554741248711400,5.13971142578125,-0.998291015625,-0.0272064208984375,0.0075531005859375
1760554741258716400,5.14971630859375,-0.99761962890625,-0.02679443359375,0.010650634765625
1760554741268720400,5.159720458984375,-0.99737548828125,-0.025146484375,0.0097198486328125
1760554741278724400,5.169724365234375,-0.99859619140625,-0.0277099609375,0.0086822509765625
1760554741288729300,5.179729248046875,-0.9983062744140625,-0.026336669921875,0.0089263916015625
1760554741298733300,5.1897333984375,-0.9976959228515625,-0.026031494140625,0.0092315673828125
1760554741308738300,5.19973828125,-0.998748779296875,-0.0267333984375,0.0086517333984375
1760554741318742300,5.2097421875,-0.999755859375,-0.027191162109375,0.009613037109375
1760554741328746200,5.219746337890625,-0.9971160888671875,-0.028106689453125,0.00921630859375
1760554741338751200,5.229751220703125,-0.9981689453125,-0.0270233154296875,0.0101776123046875
1760554741348755500,5.23975537109375,-0.999298095703125,-0.0261993408203125,0.0101318359375
1760554741358759400,5.249759521484375,-0.998260498046875,-0.02679443359375,0.0101776123046875
1760554741368764400,5.259764404296875,-0.998077392578125,-0.026580810546875,0.0113067626953125
1760554741378768400,5.269768310546875,-0.9981536865234375,-0.02593994140625,0.009429931640625
1760554741388773400,5.2797734375,-0.9981689453125,-0.026702880859375,0.009033203125
1760554741398777300,5.28977734375,-0.998626708984375,-0.02716064453125,0.010162353515625
1760554741408781300,5.29978125,-0.9979095458984375,-0.0260467529296875,0.00970458984375
1760554741418786300,5.309786376953125,-0.9986724853515625,-0.026641845703125,0.008544921875
1760554741428790300,5.319790283203125,-0.9999237060546875,-0.0279541015625,0.0093536376953125
1760554741438794500,5.32979443359375,-0.9990234375,-0.0254364013671875,0.0091094970703125
1760554741448799500,5.339799560546875,-0.999542236328125,-0.0260162353515625,0.009796142578125
1760554741458803500,5.349803466796875,-0.9988250732421875,-0.0246124267578125,0.010955810546875
1760554741468807200,5.35980712890625,-0.998199462890625,-0.0265350341796875,0.0088348388671875
1760554741478812200,5.369812255859375,-0.9989013671875,-0.0277099609375,0.009307861328125
1760554741488816400,5.37981640625,-1.0001678466796875,-0.0264892578125,0.010772705078125
1760554741498820900,5.38982080078125,-0.9987640380859375,-0.02557373046875,0.0098724365234375
1760554741508824800,5.399824951171875,-0.9983978271484375,-0.0262908935546875,0.00958251953125
1760554741518828800,5.409828857421875,-0.9976959228515625,-0.0259246826171875,0.0106964111328125
1760554741528833800,5.419833740234375,-0.99835205078125,-0.0277252197265625,0.0085906982421875
1760554741538838000,5.429838134765625,-0.9979400634765625,-0.0269927978515625,0.0089111328125
1760554741548842000,5.439842041015625,-0.9979248046875,-0.027587890625,0.00921630859375
1760554741558847000,5.449846923828125,-0.9988861083984375,-0.0264129638671875,0.008026123046875
1760554741568850700,5.4598505859375,-1.0005950927734375,-0.0258331298828125,0.0101165771484375
1760554741578855000,5.46985498046875,-0.9984130859375,-0.0269775390625,0.0080413818359375
1760554741588860000,5.47985986328125,-0.9970855712890625,-0.0263824462890625,0.0085601806640625
1760554741598864000,5.48986376953125,-0.998077392578125,-0.0263214111328125,0.0083465576171875
1760554741608868900,5.499868896484375,-0.997955322265625,-0.0255279541015625,0.0087432861328125
1760554741618872800,5.509872802734375,-1.0001373291015625,-0.024322509765625,0.009765625
1760554741628876800,5.519876708984375,-0.9985198974609375,-0.027069091796875,0.0107421875
1760554741638882000,5.529882080078125,-0.999114990234375,-0.0266265869140625,0.0096588134765625
1760554741648886000,5.539885986328125,-0.999420166015625,-0.0270233154296875,0.0072174072265625
1760554741658889700,5.5498896484375,-0.9993743896484375,-0.0264129638671875,0.0089569091796875
1760554741668894700,5.559894775390625,-0.9987030029296875,-0.026611328125,0.009521484375
1760554741678898700,5.569898681640625,-0.9992218017578125,-0.02642822265625,0.01092529296875
1760554741688903000,5.57990283203125,-0.9991455078125,-0.0256195068359375,0.0093994140625
1760554741698908000,5.589907958984375,-0.9979400634765625,-0.0258941650390625,0.0091552734375
1760554741708911900,5.599911865234375,-0.99835205078125,-0.0266265869140625,0.0082244873046875
1760554741718916900,5.609916748046875,-0.9985504150390625,-0.0260772705078125,0.010833740234375
1760554741728920800,5.6199208984375,-0.9989776611328125,-0.0256195068359375,0.0101470947265625
1760554741738925000,5.629925048828125,-0.9984893798828125,-0.02642822265625,0.0090789794921875
1760554741748930000,5.639929931640625,-0.99749755859375,-0.0261383056640625,0.0099639892578125
1760554741758933800,5.649933837890625,-0.9981689453125,-0.026031494140625,0.0084075927734375
1760554741768937700,5.659937744140625,-1.00079345703125,-0.0262603759765625,0.009857177734375
1760554741778942700,5.669942626953125,-0.9970550537109375,-0.02581787109375,0.00726318359375
1760554741788947000,5.679947021484375,-0.99951171875,-0.0247802734375,0.009033203125
1760554741798951000,5.689950927734375,-0.9976043701171875,-0.0265045166015625,0.008819580078125
1760554741808956000,5.699955810546875,-0.998870849609375,-0.02606201171875,0.00970458984375
1760554741818960000,5.7099599609375,-0.9990081787109375,-0.027252197265625,0.0079498291015625
1760554741828964900,5.71996484375,-0.9972686767578125,-0.0264739990234375,0.0079803466796875
1760554741838968800,5.72996875,-0.99896240234375,-0.0258636474609375,0.0101165771484375
1760554741848972800,5.739972900390625,-0.99908447265625,-0.025665283203125,0.011260986328125
1760554741858977800,5.749977783203125,-0.9998931884765625,-0.0252838134765625,0.008544921875
1760554741868981800,5.759981689453125,-0.99859619140625,-0.027374267578125,0.009033203125
1760554741878986000,5.769986083984375,-0.99835205078125,-0.0269622802734375,0.008758544921875
1760554741888991000,5.779990966796875,-0.9977264404296875,-0.025177001953125,0.009521484375
1760554741898995000,5.789994873046875,-1.0001678466796875,-0.026214599609375,0.0076446533203125
1760554741908999000,5.7999990234375,-0.99835205078125,-0.0265045166015625,0.0083465576171875
1760554741919004000,5.81000390625,-0.998443603515625,-0.0262603759765625,0.009429931640625
1760554741929007900,5.8200078125,-0.998504638671875,-0.024871826171875,0.0093536376953125
1760554741939012900,5.830012939453125,-1.0004119873046875,-0.025604248046875,0.0101776123046875
1760554741949016800,5.840016845703125,-0.9974822998046875,-0.026214599609375,0.0103302001953125
1760554741959020800,5.850020751953125,-0.9981842041015625,-0.026580810546875,0.009674072265625
1760554741969025800,5.86002587890625,-0.99810791015625,-0.0264434814453125,0.0102691650390625
1760554741979030000,5.870030029296875,-0.999267578125,-0.0264129638671875,0.00799560546875
1760554741989034000,5.880033935546875,-0.998779296875,-0.027496337890625,0.0076141357421875
1760554741999039000,5.8900390625,-0.99786376953125,-0.0268402099609375,0.00860595703125
1760554742009043000,5.90004296875,-0.9987640380859375,-0.0271759033203125,0.0104522705078125
1760554742019046700,5.910046630859375,-0.998260498046875,-0.0257720947265625,0.0110931396484375
1760554742029052000,5.920052001953125,-0.998046875,-0.0263824462890625,0.0098114013671875
1760554742039056000,5.930055908203125,-0.997650146484375,-0.0274505615234375,0.008697509765625
1760554742049060900,5.940060791015625,-0.998931884765625,-0.026611328125,0.008880615234375
1760554742059064800,5.95006494140625,-0.9970550537109375,-0.0262908935546875,0.010162353515625
1760554742069068800,5.96006884765625,-0.9970855712890625,-0.0260467529296875,0.009552001953125
1760554742079073800,5.97007373046875,-0.998138427734375,-0.02667236328125,0.00946044921875
1760554742089078000,5.980078125,-0.998321533203125,-0.0274505615234375,0.0107269287109375
1760554742099081700,5.990081787109375,-0.9992218017578125,-0.02642822265625,0.0084991455078125
1760554742109086700,6.000086669921875,-0.9996337890625,-0.027008056640625,0.0084381103515625
1760554742119090700,6.010090576171875,-0.9980621337890625,-0.0277252197265625,0.0085296630859375
1760554742129095000,6.020094970703125,-0.996734619140625,-0.0266571044921875,0.007965087890625
1760554742139100000,6.030099853515625,-0.9983978271484375,-0.0271148681640625,0.0087127685546875
1760554742149103900,6.040103759765625,-0.9989013671875,-0.0274658203125,0.01025390625
1760554742159108900,6.05010888671875,-0.99798583984375,-0.025787353515625,0.008056640625
1760554742169112800,6.06011279296875,-0.99676513671875,-0.0262603759765625,0.0099639892578125
1760554742179117000,6.070116943359375,-0.9988250732421875,-0.02789306640625,0.008880615234375
1760554742189122000,6.0801220703125,-0.9983673095703125,-0.0270538330078125,0.008819580078125
1760554742199125800,6.090125732421875,-0.9977569580078125,-0.027069091796875,0.009246826171875
1760554742209129700,6.100129638671875,-0.9976654052734375,-0.0266265869140625,0.00933837890625
1760554742219134700,6.110134765625,-0.9974212646484375,-0.02764892578125,0.0081787109375
1760554742229139000,6.120138916015625,-0.99951171875,-0.0277557373046875,0.010711669921875
1760554742239143000,6.130142822265625,-0.9990386962890625,-0.0268707275390625,0.0080413818359375
1760554742249148000,6.14014794921875,-0.9978790283203125,-0.0259552001953125,0.0082855224609375
1760554742259152000,6.15015185546875,-1.0001373291015625,-0.026153564453125,0.010986328125
1760554742269156900,6.160156982421875,-0.9976806640625,-0.027740478515625,0.009735107421875
1760554742279161000,6.1701611328125,-0.9980926513671875,-0.0276641845703125,0.0084991455078125
1760554742289164800,6.180164794921875,-0.9966278076171875,-0.0252838134765625,0.010009765625
1760554742299169800,6.190169677734375,-0.9984130859375,-0.025146484375,0.008270263671875
1760554742309173800,6.200173828125,-0.997802734375,-0.0262908935546875,0.0088043212890625
1760554742319178000,6.210177978515625,-0.9990997314453125,-0.026824951171875,0.0096282958984375
1760554742329183000,6.220182861328125,-0.999481201171875,-0.0267333984375,0.0103912353515625
1760554742339187000,6.23018701171875,-0.99951171875,-0.0251312255859375,0.0105438232421875
1760554742349191000,6.24019091796875,-0.9986572265625,-0.02606201171875,0.010101318359375
1760554742359196000,6.25019580078125,-0.9987030029296875,-0.02557373046875,0.0097503662109375
1760554742369199900,6.260199951171875,-0.99847412109375,-0.024871826171875,0.0093536376953125
1760554742379204900,6.270204833984375,-0.9969482421875,-0.027008056640625,0.0091094970703125
1760554742389208800,6.280208740234375,-0.9986724853515625,-0.0258331298828125,0.0088043212890625
1760554742399212800,6.290212890625,-0.9978179931640625,-0.026519775390625,0.0098114013671875
1760554742409217800,6.3002177734375,-0.998016357421875,-0.026214599609375,0.0089569091796875
1760554742419221800,6.3102216796875,-0.997100830078125,-0.025909423828125,0.008880615234375
1760554742429226000,6.32022607421875,-0.99749755859375,-0.0274505615234375,0.00830078125
1760554742439231000,6.33023095703125,-0.9970855712890625,-0.0272064208984375,0.009979248046875
1760554742449235000,6.34023486328125,-0.99700927734375,-0.025787353515625,0.0102691650390625
1760554742459238700,6.35023876953125,-0.9981842041015625,-0.026702880859375,0.0105133056640625
1760554742469243600,6.36024365234375,-0.997772216796875,-0.0250701904296875,0.009613037109375
1760554742479248000,6.370247802734375,-0.9984130859375,-0.025726318359375,0.008636474609375
1760554742489252900,6.3802529296875,-0.9979400634765625,-0.027252197265625,0.0090789794921875
1760554742499257300,6.39025732421875,-0.9984588623046875,-0.02587890625,0.0086212158203125
1760554742509261000,6.400260986328125,-0.999298095703125,-0.0249786376953125,0.00732421875
1760554742519266000,6.41026611328125,-0.999664306640625,-0.026702880859375,0.0081024169921875
1760554742529270300,6.420270263671875,-0.99737548828125,-0.026031494140625,0.010162353515625
1760554742539274200,6.430274169921875,-0.9972991943359375,-0.0259857177734375,0.0093231201171875
1760554742549279200,6.440279296875,-0.99810791015625,-0.0252227783203125,0.010284423828125
1760554742559283200,6.450283203125,-0.99761962890625,-0.02618408203125,0.009063720703125
1760554742569288200,6.4602880859375,-0.9971160888671875,-0.02496337890625,0.0090789794921875
1760554742579292400,6.47029248046875,-0.998626708984375,-0.02667236328125,0.00860595703125
1760554742589296400,6.48029638671875,-0.998382568359375,-0.0273590087890625,0.0074310302734375
1760554742599301400,6.49030126953125,-0.998870849609375,-0.0264739990234375,0.00946044921875
1760554742609305000,6.50030517578125,-0.9985198974609375,-0.026031494140625,0.0086822509765625
1760554742619309300,6.510309326171875,-0.99798583984375,-0.026611328125,0.0095977783203125
1760554742629314300,6.520314208984375,-0.9982757568359375,-0.0252685546875,0.0088043212890625
1760554742639318300,6.530318359375,-0.999786376953125,-0.0278778076171875,0.010040283203125
1760554742649322200,6.540322265625,-0.99969482421875,-0.0265960693359375,0.00982666015625
1760554742659327200,6.5503271484375,-0.9980010986328125,-0.0253753662109375,0.008636474609375
1760554742669331200,6.560331298828125,-0.9969482421875,-0.0258026123046875,0.0086517333984375
1760554742679336200,6.570336181640625,-0.9982452392578125,-0.0258331298828125,0.0104522705078125
1760554742689340400,6.58034033203125,-0.9994354248046875,-0.0269775390625,0.010650634765625
1760554742699344100,6.59034423828125,-0.9978790283203125,-0.0263519287109375,0.0088043212890625
1760554742709349000,6.60034912109375,-0.997711181640625,-0.0268402099609375,0.009979248046875
1760554742719353000,6.61035302734375,-0.9991912841796875,-0.0256805419921875,0.01116943359375
1760554742729357300,6.620357421875,-0.999114990234375,-0.025543212890625,0.0092315673828125
1760554742739362300,6.6303623046875,-0.9983062744140625,-0.025909423828125,0.0088958740234375
1760554742749366300,6.6403662109375,-0.998809814453125,-0.0268402099609375,0.0089111328125
1760554742759371300,6.650371337890625,-0.9986724853515625,-0.0276031494140625,0.00958251953125
1760554742769375200,6.660375244140625,-0.9974517822265625,-0.025604248046875,0.008697509765625
1760554742779379200,6.670379150390625,-0.9978485107421875,-0.0262298583984375,0.0101165771484375
1760554742789384200,6.68038427734375,-0.997528076171875,-0.0266571044921875,0.00958251953125
1760554742799388200,6.69038818359375,-0.999603271484375,-0.0257415771484375,0.0092010498046875
1760554742809392000,6.70039208984375,-0.998626708984375,-0.02581787109375,0.0084228515625
1760554742819397000,6.710397216796875,-0.9989776611328125,-0.026092529296875,0.0091094970703125
1760554742829401300,6.7204013671875,-0.9983062744140625,-0.0270843505859375,0.00848388671875
1760554742839405300,6.7304052734375,-0.9983978271484375,-0.0263824462890625,0.008270263671875
1760554742849410300,6.740410400390625,-0.9990386962890625,-0.0267333984375,0.0093841552734375
1760554742859414300,6.750414306640625,-0.9978179931640625,-0.025299072265625,0.010040283203125
1760554742869419300,6.760419189453125,-0.9971466064453125,-0.0266265869140625,0.009613037109375
1760554742879423200,6.77042333984375,-0.997772216796875,-0.02685546875,0.010406494140625
1760554742889427200,6.78042724609375,-0.998077392578125,-0.0276031494140625,0.009429931640625
1760554742899432200,6.79043212890625,-0.998260498046875,-0.0264739990234375,0.0091094970703125
1760554742909436200,6.800436279296875,-0.99920654296875,-0.02655029296875,0.00927734375
1760554742919440400,6.8104404296875,-0.9985504150390625,-0.0264739990234375,0.00860595703125
1760554742929445400,6.8204453125,-0.998382568359375,-0.0275726318359375,0.010650634765625
1760554742939449300,6.830449462890625,-0.99853515625,-0.026763916015625,0.0107879638671875
1760554742949453300,6.840453369140625,-0.9974212646484375,-0.027099609375,0.0099334716796875
1760554742959458300,6.850458251953125,-0.998016357421875,-0.025634765625,0.009613037109375
1760554742969462300,6.860462158203125,-0.99908447265625,-0.0276031494140625,0.00811767578125
1760554742979467300,6.87046728515625,-0.9988555908203125,-0.0263519287109375,0.00799560546875
1760554742989471200,6.88047119140625,-0.99737548828125,-0.0274505615234375,0.0091094970703125
1760554742999475200,6.89047509765625,-0.998748779296875,-0.02587890625,0.0091705322265625
1760554743009480200,6.900480224609375,-0.9984588623046875,-0.0260772705078125,0.0093994140625
1760554743019484200,6.910484130859375,-0.999420166015625,-0.0262298583984375,0.0077667236328125
1760554743029488400,6.92048828125,-0.998748779296875,-0.0265350341796875,0.0099639892578125
1760554743039493400,6.930493408203125,-1.0000152587890625,-0.0267791748046875,0.011322021484375
1760554743049497000,6.9404970703125,-0.9980926513671875,-0.0270538330078125,0.0101470947265625
1760554743059501000,6.9505009765625,-0.9967803955078125,-0.02752685546875,0.0087127685546875
1760554743069506000,6.960506103515625,-0.999786376953125,-0.026397705078125,0.0092010498046875
1760554743079510300,6.97051025390625,-0.9980621337890625,-0.0272674560546875,0.0092010498046875
1760554743089515300,6.980515380859375,-0.997955322265625,-0.0259246826171875,0.0081787109375
1760554743099519200,6.990519287109375,-0.9987945556640625,-0.025360107421875,0.0087432861328125
1760554743109523200,7.000523193359375,-0.9981231689453125,-0.0251312255859375,0.0079803466796875
1760554743119528200,7.010528076171875,-0.9976348876953125,-0.0267486572265625,0.0089263916015625
1760554743129532400,7.020532470703125,-0.997100830078125,-0.025299072265625,0.00921630859375
1760554743139536100,7.0305361328125,-0.99896240234375,-0.026458740234375,0.0086517333984375
1760554743149541000,7.040541015625,-0.999267578125,-0.02679443359375,0.0099945068359375
1760554743159545000,7.050545166015625,-0.9984130859375,-0.0263824462890625,0.00909423828125
1760554743169550000,7.060550048828125,-0.9973907470703125,-0.0268402099609375,0.0098114013671875
1760554743179554300,7.07055419921875,-0.998382568359375,-0.0265960693359375,0.0089874267578125
1760554743189558300,7.080558349609375,-0.9979095458984375,-0.0254669189453125,0.0086517333984375
1760554743199563300,7.090563232421875,-0.9976959228515625,-0.0247955322265625,0.0081329345703125
1760554743209567200,7.100567138671875,-0.9989013671875,-0.02685546875,0.0090789794921875
1760554743219571500,7.110571533203125,-0.997802734375,-0.02593994140625,0.0085906982421875
1760554743229576400,7.120576416015625,-0.9982757568359375,-0.0264129638671875,0.00860595703125
1760554743239580200,7.130580078125,-1.0004119873046875,-0.026031494140625,0.0098114013671875
1760554743249584000,7.140584228515625,-0.9990692138671875,-0.025146484375,0.0106964111328125
1760554743259589000,7.150589111328125,-0.9971466064453125,-0.026092529296875,0.010467529296875
1760554743269593300,7.16059326171875,-0.99786376953125,-0.0275421142578125,0.010772705078125
1760554743279598300,7.170598388671875,-0.9969329833984375,-0.026580810546875,0.0103759765625
1760554743289602300,7.180602294921875,-0.9967041015625,-0.0268096923828125,0.009979248046875
1760554743299606300,7.190606201171875,-0.9970703125,-0.027130126953125,0.0102996826171875
1760554743309611300,7.200611328125,-0.999114990234375,-0.02740478515625,0.010284423828125
1760554743319615500,7.210615478515625,-1.0002593994140625,-0.0254364013671875,0.0100860595703125
1760554743329619200,7.220619140625,-1.0003204345703125,-0.0258026123046875,0.009124755859375
1760554743339624200,7.230624267578125,-0.9989013671875,-0.0264434814453125,0.0100555419921875
1760554743349628200,7.240628173828125,-0.997711181640625,-0.0264892578125,0.00946044921875
1760554743359633200,7.250633056640625,-0.9987945556640625,-0.0270233154296875,0.0092620849609375
1760554743369637400,7.260637451171875,-0.9996795654296875,-0.026824951171875,0.007598876953125
1760554743379641300,7.270641357421875,-0.9983062744140625,-0.025634765625,0.0087738037109375
1760554743389646300,7.280646240234375,-0.99945068359375,-0.0260467529296875,0.010772705078125
1760554743399650300,7.290650390625,-1.00006103515625,-0.0241241455078125,0.009674072265625
1760554743409654000,7.300654052734375,-0.998992919921875,-0.0262603759765625,0.0096588134765625
1760554743419659300,7.3106591796875,-0.9989471435546875,-0.0272674560546875,0.00933837890625
1760554743429663200,7.320663330078125,-0.9981231689453125,-0.027008056640625,0.0092315673828125
1760554743439667200,7.330667236328125,-0.998382568359375,-0.026397705078125,0.009490966796875
1760554743449672200,7.340672119140625,-0.9980926513671875,-0.026702880859375,0.010528564453125
1760554743459676200,7.35067626953125,-0.9977874755859375,-0.026885986328125,0.010833740234375
1760554743469681200,7.36068115234375,-0.99884033203125,-0.02630615234375,0.0110015869140625
1760554743479685400,7.370685302734375,-0.9966888427734375,-0.027618408203125,0.00909423828125
1760554743489689300,7.380689453125,-0.9971466064453125,-0.028839111328125,0.00775146484375
1760554743499695000,7.390695068359375,-0.996551513671875,-0.0268402099609375,0.0090179443359375
1760554743509698800,7.40069873046875,-0.998565673828125,-0.026123046875,0.010223388671875
1760554743519702800,7.410702880859375,-0.998382568359375,-0.0272064208984375,0.0088653564453125
1760554743529708000,7.4207080078125,-0.99700927734375,-0.0253753662109375,0.0099945068359375
1760554743539712000,7.4307119140625,-0.9980926513671875,-0.025054931640625,0.008544921875
1760554743549717000,7.440717041015625,-0.998992919921875,-0.0262451171875,0.0068817138671875
1760554743559721000,7.450720947265625,-0.999267578125,-0.0249481201171875,0.0081634521484375
1760554743569725000,7.460724853515625,-0.9992218017578125,-0.02569580078125,0.009033203125
1760554743579730000,7.47072998046875,-0.998504638671875,-0.024017333984375,0.008880615234375
1760554743589734000,7.48073388671875,-0.998443603515625,-0.0265960693359375,0.00958251953125
1760554743599737900,7.49073779296875,-0.997802734375,-0.0271453857421875,0.00823974609375
1760554743609742800,7.500742919921875,-0.998565673828125,-0.0283355712890625,0.009002685546875
1760554743619746800,7.510746826171875,-0.997314453125,-0.0286407470703125,0.0096282958984375
1760554743629751000,7.5207509765625,-0.9972686767578125,-0.027191162109375,0.0121612548828125
1760554743639756000,7.530756103515625,-0.9967041015625,-0.02691650390625,0.0121307373046875
1760554743649760000,7.540760009765625,-0.9995574951171875,-0.0271759033203125,0.0101318359375
1760554743659765000,7.550764892578125,-0.9985504150390625,-0.0286102294921875,0.009613037109375
1760554743669769000,7.56076904296875,-0.999481201171875,-0.0267486572265625,0.00836181640625
1760554743679773000,7.57077294921875,-0.997802734375,-0.0257415771484375,0.0071258544921875
1760554743689778000,7.58077783203125,-0.9979095458984375,-0.024749755859375,0.0086517333984375
1760554743699782000,7.590781982421875,-0.9987945556640625,-0.02606201171875,0.0072479248046875
1760554743709785900,7.600785888671875,-0.99859619140625,-0.0247650146484375,0.0081329345703125
1760554743719790800,7.610790771484375,-0.9992828369140625,-0.0266571044921875,0.0074310302734375
1760554743729795000,7.620795166015625,-0.9983367919921875,-0.0254669189453125,0.007537841796875
1760554743739800000,7.630800048828125,-0.9964599609375,-0.02532958984375,0.0109405517578125
1760554743749804000,7.640803955078125,-0.99871826171875,-0.025482177734375,0.0097198486328125
1760554743759808000,7.65080810546875,-0.9980621337890625,-0.0266265869140625,0.0095062255859375
1760554743769813000,7.66081298828125,-0.99896240234375,-0.027252197265625,0.009521484375
1760554743779817000,7.67081689453125,-0.99835205078125,-0.0279998779296875,0.0103302001953125
1760554743789821000,7.680821044921875,-0.998809814453125,-0.0270538330078125,0.008941650390625
1760554743799826000,7.690825927734375,-0.9984588623046875,-0.028228759765625,0.00946044921875
1760554743809830000,7.700829833984375,-0.9975128173828125,-0.0281524658203125,0.0106048583984375
1760554743819834000,7.710834228515625,-0.99835205078125,-0.026458740234375,0.011138916015625
1760554743829839000,7.720839111328125,-0.99884033203125,-0.0258636474609375,0.0098419189453125
1760554743839843000,7.730843017578125,-1.0006256103515625,-0.026336669921875,0.00836181640625
1760554743849848000,7.74084814453125,-0.998046875,-0.0265960693359375,0.009979248046875
1760554743859851800,7.750851806640625,-0.9979400634765625,-0.0263519287109375,0.0086212158203125
1760554743869856000,7.76085595703125,-0.9984130859375,-0.0272064208984375,0.00714111328125
1760554743879861000,7.770861083984375,-0.9977569580078125,-0.02545166015625,0.0080413818359375
1760554743889865000,7.780864990234375,-0.9995269775390625,-0.025970458984375,0.0111083984375
1760554743899869000,7.790868896484375,-0.997039794921875,-0.026611328125,0.0108795166015625
1760554743909874000,7.8008740234375,-0.9996185302734375,-0.0258636474609375,0.0113067626953125
1760554743919878000,7.8108779296875,-0.9988250732421875,-0.0258331298828125,0.009521484375
1760554743929883000,7.8208828125,-0.9983673095703125,-0.026458740234375,0.0082855224609375
1760554743939887000,7.83088720703125,-0.9982452392578125,-0.026885986328125,0.0074615478515625
1760554743949890800,7.840890869140625,-0.997894287109375,-0.0288238525390625,0.0081787109375
1760554743959895800,7.850895751953125,-0.9969940185546875,-0.027618408203125,0.0102996826171875
1760554743969899800,7.860899658203125,-0.99853515625,-0.0258636474609375,0.0091094970703125
1760554743979904000,7.870904052734375,-0.9994049072265625,-0.02667236328125,0.0093231201171875
1760554743989909000,7.880908935546875,-0.9981842041015625,-0.0262298583984375,0.0101776123046875
1760554743999913000,7.890912841796875,-0.9981231689453125,-0.026275634765625,0.0095062255859375
1760554744009917000,7.9009169921875,-0.99835205078125,-0.02557373046875,0.0103302001953125
1760554744019922000,7.910921875,-0.9988250732421875,-0.025543212890625,0.0098419189453125
1760554744029926100,7.920926025390625,-0.9984588623046875,-0.0266571044921875,0.009368896484375
1760554744039931100,7.93093115234375,-0.999053955078125,-0.0247039794921875,0.0095367431640625
1760554744049934800,7.940934814453125,-0.99761962890625,-0.0239105224609375,0.0083160400390625
1760554744059938800,7.950938720703125,-0.9991455078125,-0.0253753662109375,0.0079498291015625
1760554744069943800,7.96094384765625,-0.9994354248046875,-0.02691650390625,0.008270263671875
1760554744079948000,7.970947998046875,-1.0000457763671875,-0.026824951171875,0.0085296630859375
1760554744089952000,7.980951904296875,-0.9982147216796875,-0.0249176025390625,0.008880615234375
1760554744099956000,7.9909560546875,-0.9993133544921875,-0.0247039794921875,0.0096588134765625
1760554744109960000,8.0009599609375,-0.9999237060546875,-0.0249786376953125,0.0103607177734375
1760554744119964000,8.0109638671875,-0.9987030029296875,-0.0264892578125,0.0125274658203125
1760554744129969000,8.020968994140626,-0.99761962890625,-0.02716064453125,0.0115509033203125
1760554744139972900,8.030972900390625,-0.9982757568359375,-0.0294036865234375,0.012451171875
1760554744149977900,8.040977783203125,-0.998291015625,-0.029937744140625,0.011444091796875
1760554744159982000,8.050982177734374,-0.996978759765625,-0.0291290283203125,0.0096893310546875
1760554744169986000,8.060986083984375,-0.99786376953125,-0.029266357421875,0.007080078125
1760554744179991000,8.070990966796876,-0.996734619140625,-0.0277862548828125,0.007598876953125
1760554744189995000,8.0809951171875,-0.997222900390625,-0.025604248046875,0.00860595703125
1760554744199999000,8.0909990234375,-0.999114990234375,-0.0246124267578125,0.0108489990234375
1760554744210004000,8.10100390625,-0.9994964599609375,-0.0236968994140625,0.0096588134765625
1760554744220008000,8.111008056640625,-0.9989471435546875,-0.023162841796875,0.006866455078125
1760554744230012000,8.121011962890625,-0.9987335205078125,-0.0243377685546875,0.007965087890625
1760554744240017000,8.131016845703124,-0.9972991943359375,-0.0253143310546875,0.00592041015625
1760554744250020900,8.141020751953125,-0.9981842041015625,-0.02447509765625,0.007598876953125
1760554744260025900,8.15102587890625,-0.9985198974609375,-0.02520751953125,0.008148193359375
1760554744270030000,8.161030029296874,-0.998443603515625,-0.0279693603515625,0.008331298828125
1760554744280034000,8.171033935546875,-0.99786376953125,-0.02801513671875,0.0086212158203125
1760554744290039000,8.1810390625,-0.99755859375,-0.0276031494140625,0.0107269287109375
1760554744300042800,8.191042724609375,-0.9970245361328125,-0.029144287109375,0.0091552734375
1760554744310047000,8.201046875,-0.9981689453125,-0.029052734375,0.0095367431640625
1760554744320052000,8.211052001953124,-0.9971771240234375,-0.029052734375,0.0121917724609375
1760554744330056000,8.221055908203125,-0.9977569580078125,-0.02703857421875,0.01458740234375
1760554744340061000,8.23106103515625,-0.9984283447265625,-0.0273895263671875,0.0147705078125
1760554744350065000,8.24106494140625,-0.9969482421875,-0.0290985107421875,0.0088653564453125
1760554744360069000,8.251069091796875,-0.996917724609375,-0.0283050537109375,0.00726318359375
1760554744370074000,8.26107421875,-0.99700927734375,-0.0284576416015625,0.0077362060546875
1760554744380077800,8.271077880859375,-0.9979400634765625,-0.0262298583984375,0.006622314453125
1760554744390081800,8.281081787109375,-0.998870849609375,-0.024383544921875,0.007415771484375
1760554744400086800,8.291086669921874,-0.9990386962890625,-0.0239105224609375,0.0090789794921875
1760554744410091000,8.301091064453125,-0.9999542236328125,-0.0218658447265625,0.00836181640625
1760554744420096000,8.311095947265626,-0.9995574951171875,-0.0229644775390625,0.0071868896484375
1760554744430100000,8.321099853515625,-1.000335693359375,-0.024169921875,0.0047607421875
1760554744440104000,8.33110400390625,-1.0005950927734375,-0.0244140625,0.005279541015625
1760554744450109000,8.34110888671875,-1.0009765625,-0.0230865478515625,0.0083465576171875
1760554744460113200,8.351113037109375,-1.001434326171875,-0.02386474609375,0.0080108642578125
1760554744470116900,8.361116943359375,-0.9998626708984375,-0.02435302734375,0.0116424560546875
1760554744480121900,8.371121826171875,-0.999114990234375,-0.0273590087890625,0.011199951171875
1760554744490126800,8.381126953125,-0.9976959228515625,-0.0296173095703125,0.009918212890625
1760554744500130300,8.39113037109375,-0.9967803955078125,-0.0313568115234375,0.00933837890625
1760554744510134500,8.401134521484375,-0.9949493408203125,-0.031890869140625,0.0093841552734375
1760554744520139500,8.411139404296875,-0.9956817626953125,-0.0306243896484375,0.010772705078125
1760554744530143500,8.4211435546875,-0.9971466064453125,-0.0294189453125,0.011199951171875
1760554744540147500,8.4311474609375,-0.9971771240234375,-0.027618408203125,0.010589599609375
1760554744550152400,8.44115234375,-0.9991607666015625,-0.02313232421875,0.0103302001953125
1760554744560156400,8.451156494140625,-1.0005035400390625,-0.0240936279296875,0.00927734375
1760554744570161400,8.461161376953125,-1.0004425048828125,-0.02410888671875,0.0101776123046875
1760554744580165400,8.471165283203124,-0.999237060546875,-0.0242462158203125,0.0083160400390625
1760554744590169300,8.48116943359375,-0.9986724853515625,-0.02642822265625,0.009124755859375
1760554744600174300,8.49117431640625,-0.9984893798828125,-0.02532958984375,0.007110595703125
1760554744610178600,8.501178466796874,-0.998321533203125,-0.0272674560546875,0.00860595703125
1760554744620182500,8.5111826171875,-0.99810791015625,-0.0272369384765625,0.00897216796875
1760554744630187500,8.5211875,-0.99853515625,-0.0259857177734375,0.009490966796875
1760554744640191500,8.53119140625,-0.99871826171875,-0.02655029296875,0.00946044921875
1760554744650196500,8.541196533203125,-0.99951171875,-0.0261077880859375,0.0089111328125
1760554744660200400,8.551200439453124,-0.998077392578125,-0.0265960693359375,0.0084075927734375
1760554744670204400,8.561204345703125,-0.999053955078125,-0.0265960693359375,0.0095977783203125
1760554744680209400,8.57120947265625,-0.9987030029296875,-0.025604248046875,0.0098419189453125
1760554744690213400,8.58121337890625,-0.9981536865234375,-0.0276947021484375,0.0117645263671875
1760554744700217600,8.591217529296875,-0.999114990234375,-0.0266571044921875,0.0108184814453125
1760554744710222600,8.60122265625,-0.998199462890625,-0.027801513671875,0.0098419189453125
1760554744720226600,8.6112265625,-0.9983978271484375,-0.0274658203125,0.0083160400390625
1760554744730230500,8.62123046875,-0.997894287109375,-0.0268402099609375,0.009735107421875
1760554744740235500,8.631235595703124,-0.9980010986328125,-0.0274505615234375,0.0082244873046875
1760554744750239500,8.641239501953125,-0.9993896484375,-0.0240936279296875,0.0086822509765625
1760554744760244500,8.651244384765626,-0.998504638671875,-0.0252685546875,0.0109405517578125
1760554744770248400,8.66124853515625,-0.999664306640625,-0.0235595703125,0.009307861328125
1760554744780252400,8.67125244140625,-1.000030517578125,-0.0241851806640625,0.0084228515625
1760554744790257400,8.68125732421875,-0.9991302490234375,-0.025482177734375,0.009857177734375
1760554744800261400,8.691261474609375,-0.9994354248046875,-0.0244293212890625,0.010101318359375
1760554744810266400,8.701266357421876,-0.999267578125,-0.0265350341796875,0.008270263671875
1760554744820270600,8.7112705078125,-0.9990234375,-0.0251617431640625,0.00921630859375
1760554744830274300,8.7212744140625,-0.9971771240234375,-0.0263671875,0.009185791015625
1760554744840279300,8.731279296875,-0.9966888427734375,-0.02783203125,0.0083160400390625
1760554744850283300,8.741283203125,-0.9994659423828125,-0.026611328125,0.0092315673828125
1760554744860287500,8.75128759765625,-0.9975433349609375,-0.0279693603515625,0.0082550048828125
1760554744870292500,8.76129248046875,-0.9974822998046875,-0.0271759033203125,0.0090484619140625
1760554744880296400,8.77129638671875,-0.997894287109375,-0.0267181396484375,0.0088653564453125
1760554744890300400,8.781300537109376,-0.9996337890625,-0.0265350341796875,0.010223388671875
1760554744900305400,8.791305419921875,-0.9996490478515625,-0.0264434814453125,0.0095062255859375
1760554744910309600,8.8013095703125,-0.99810791015625,-0.0271759033203125,0.00958251953125
1760554744920314600,8.811314697265624,-1.0008697509765625,-0.02496337890625,0.00982666015625
1760554744930318300,8.821318359375,-0.9989776611328125,-0.02490234375,0.009490966796875
1760554744940322300,8.831322265625,-0.9974365234375,-0.025604248046875,0.0094146728515625
1760554744950327300,8.841327392578124,-0.9995880126953125,-0.027374267578125,0.008880615234375
1760554744960331500,8.85133154296875,-0.9984893798828125,-0.0273590087890625,0.0071563720703125
1760554744970335500,8.86133544921875,-0.9986572265625,-0.025482177734375,0.0080718994140625
1760554744980340500,8.871340576171875,-0.9984130859375,-0.024749755859375,0.0081787109375
1760554744990344400,8.881344482421875,-0.998199462890625,-0.0252227783203125,0.0078277587890625
1760554745000349400,8.891349365234374,-0.9987335205078125,-0.0252838134765625,0.0077972412109375
1760554745010353700,8.901353759765625,-0.999542236328125,-0.0251007080078125,0.0081787109375
1760554745020357400,8.911357421875,-0.998565673828125,-0.026092529296875,0.0086212158203125
1760554745030362400,8.9213623046875,-0.9981689453125,-0.025787353515625,0.00726318359375
1760554745040366300,8.931366455078125,-0.997833251953125,-0.025726318359375,0.0088958740234375
1760554745050370600,8.94137060546875,-0.997802734375,-0.0272674560546875,0.010223388671875
1760554745060375600,8.95137548828125,-0.9968719482421875,-0.0282440185546875,0.0106964111328125
1760554745070379500,8.961379638671875,-0.9983062744140625,-0.0276336669921875,0.0083770751953125
1760554745080384500,8.971384521484374,-0.99774169921875,-0.02783203125,0.0079345703125
1760554745090388500,8.981388427734375,-0.997833251953125,-0.0279083251953125,0.0077362060546875
1760554745100392400,8.991392333984376,-0.9971771240234375,-0.0268402099609375,0.0070648193359375
1760554745110397400,9.0013974609375,-0.9998779296875,-0.0247802734375,0.010162353515625
1760554745120401400,9.0114013671875,-0.9988861083984375,-0.023590087890625,0.010009765625
1760554745130405400,9.0214052734375,-0.9990081787109375,-0.0233306884765625,0.0090484619140625
1760554745140410400,9.031410400390625,-0.99853515625,-0.0240478515625,0.0080718994140625
1760554745150414600,9.04141455078125,-0.99853515625,-0.0247344970703125,0.0085906982421875
1760554745160418600,9.05141845703125,-0.9983062744140625,-0.025360107421875,0.0069427490234375
1760554745170423600,9.061423583984375,-0.9989776611328125,-0.0254364013671875,0.009368896484375
1760554745180427500,9.071427490234376,-0.9986114501953125,-0.0262451171875,0.0093994140625
1760554745190432500,9.0814326171875,-0.9978790283203125,-0.026092529296875,0.0106048583984375
1760554745200436500,9.0914365234375,-0.9985809326171875,-0.025787353515625,0.0100860595703125
1760554745210440400,9.1014404296875,-0.99609375,-0.0278778076171875,0.011322021484375
1760554745220445400,9.111445556640625,-0.99664306640625,-0.02960205078125,0.0098419189453125
1760554745230449400,9.121449462890626,-0.9982757568359375,-0.028472900390625,0.00958251953125
1760554745240453400,9.131453369140624,-0.9974365234375,-0.0279693603515625,0.0077972412109375
1760554745250458400,9.141458251953125,-0.9991455078125,-0.027313232421875,0.0111846923828125
1760554745260462600,9.151462646484376,-0.9990234375,-0.02532958984375,0.012542724609375
1760554745270467600,9.161467529296875,-0.9981842041015625,-0.0250244140625,0.00872802734375
1760554745280471600,9.171471435546875,-0.9985198974609375,-0.02392578125,0.0079498291015625
1760554745290475300,9.181475341796874,-0.9999237060546875,-0.0248870849609375,0.006866455078125
1760554745300480300,9.191480224609375,-0.9995574951171875,-0.026519775390625,0.0083770751953125
1760554745310484500,9.201484375,-0.99835205078125,-0.0272216796875,0.0084991455078125
1760554745320488400,9.211488525390624,-0.9972076416015625,-0.027099609375,0.0103607177734375
1760554745330493400,9.221493408203125,-0.999053955078125,-0.0270538330078125,0.0104522705078125
1760554745340497400,9.231497314453126,-0.998748779296875,-0.0263824462890625,0.009979248046875
1760554745350502400,9.24150244140625,-0.9981842041015625,-0.0270538330078125,0.0109405517578125
1760554745360506600,9.251506591796876,-0.997650146484375,-0.0275115966796875,0.01068115234375
1760554745370510300,9.26151025390625,-0.9964599609375,-0.0268402099609375,0.0108642578125
1760554745380515300,9.271515380859375,-0.9983978271484375,-0.027679443359375,0.00927734375
1760554745390519300,9.281519287109376,-0.9991302490234375,-0.0272979736328125,0.0094451904296875
1760554745400523500,9.2915234375,-0.9963226318359375,-0.0269012451171875,0.0078277587890625
1760554745410528500,9.301528564453125,-0.998291015625,-0.0270843505859375,0.008636474609375
1760554745420532500,9.311532470703124,-0.99951171875,-0.026031494140625,0.009002685546875
1760554745430537500,9.321537353515625,-1.0001220703125,-0.0247802734375,0.0095977783203125
1760554745440541400,9.33154150390625,-0.9990692138671875,-0.0240020751953125,0.00811767578125
1760554745450545700,9.341545654296874,-0.9984588623046875,-0.024932861328125,0.00732421875
1760554745460550700,9.351550537109375,-0.9997100830078125,-0.0252838134765625,0.009796142578125
1760554745470554400,9.361554443359376,-0.9973602294921875,-0.0266571044921875,0.0102996826171875
1760554745480558300,9.371558349609375,-0.998443603515625,-0.0264434814453125,0.0108642578125
1760554745490563300,9.381563232421875,-0.9986572265625,-0.0274505615234375,0.009613037109375
1760554745500567600,9.391567626953124,-0.9969482421875,-0.028564453125,0.0102996826171875
1760554745510571500,9.401571533203125,-0.9961395263671875,-0.028045654296875,0.010589599609375
1760554745520576500,9.411576416015626,-0.997161865234375,-0.027923583984375,0.0088348388671875
1760554745530580200,9.421580322265624,-0.99639892578125,-0.02764892578125,0.010650634765625
1760554745540585200,9.431585205078125,-0.9989776611328125,-0.0260162353515625,0.0098419189453125
1760554745550589400,9.44158935546875,-0.9987945556640625,-0.0263824462890625,0.0102691650390625
1760554745560593400,9.451593505859375,-0.9980316162109375,-0.02685546875,0.009521484375
1760554745570598400,9.461598388671876,-0.998260498046875,-0.0272674560546875,0.0092926025390625
1760554745580602400,9.471602294921874,-0.99859619140625,-0.02606201171875,0.0072174072265625
1760554745590606300,9.4816064453125,-0.9993896484375,-0.0232696533203125,0.0077362060546875
1760554745600611300,9.491611328125,-0.9979705810546875,-0.024749755859375,0.0089111328125
1760554745610615300,9.501615234375,-0.9986419677734375,-0.02484130859375,0.009521484375
1760554745620620500,9.51162060546875,-0.999725341796875,-0.026214599609375,0.0083160400390625
1760554745630624300,9.521624267578124,-0.99853515625,-0.0267333984375,0.0080413818359375
1760554745640628200,9.531628173828125,-0.9990692138671875,-0.0268402099609375,0.0091552734375
1760554745650633200,9.54163330078125,-0.99798583984375,-0.02685546875,0.00640869140625
1760554745660637400,9.551637451171874,-0.9991912841796875,-0.026580810546875,0.010406494140625
1760554745670641400,9.561641357421875,-0.99688720703125,-0.0266571044921875,0.0107421875
1760554745680646400,9.571646484375,-0.9978790283203125,-0.02532958984375,0.01153564453125
1760554745690650400,9.581650390625,-0.9979400634765625,-0.0257720947265625,0.0101470947265625
1760554745700655400,9.5916552734375,-0.9975128173828125,-0.027801513671875,0.007476806640625
1760554745710659300,9.601659423828124,-0.9964447021484375,-0.0276336669921875,0.0081329345703125
1760554745720663300,9.611663330078125,-0.9979400634765625,-0.0273590087890625,0.0081787109375
1760554745730668300,9.621668212890626,-0.9981536865234375,-0.0248870849609375,0.0114593505859375
1760554745740672300,9.63167236328125,-0.9972076416015625,-0.02630615234375,0.0107421875
1760554745750676500,9.641676513671875,-0.9983367919921875,-0.027191162109375,0.0110015869140625
1760554745760681500,9.651681396484374,-0.9989013671875,-0.02752685546875,0.0100860595703125
1760554745770685400,9.661685546875,-1,-0.0272064208984375,0.0079345703125
1760554745780689400,9.671689453125,-0.997161865234375,-0.02783203125,0.008270263671875
1760554745790694400,9.6816943359375,-0.996551513671875,-0.0261077880859375,0.0088043212890625
1760554745800698400,9.691698486328125,-0.9979400634765625,-0.026123046875,0.0098419189453125
1760554745810703400,9.701703369140626,-0.9990997314453125,-0.026611328125,0.0084228515625
1760554745820707300,9.711707275390625,-0.9997406005859375,-0.0262298583984375,0.0091552734375
1760554745830711300,9.721711181640625,-0.99835205078125,-0.0281982421875,0.00946044921875
1760554745840716300,9.73171630859375,-0.9975128173828125,-0.0268402099609375,0.0082550048828125
1760554745850720500,9.741720458984375,-0.9978179931640625,-0.027191162109375,0.008514404296875
1760554745860724500,9.751724365234375,-0.9976348876953125,-0.0259246826171875,0.009063720703125
1760554745870729500,9.7617294921875,-1.000091552734375,-0.02557373046875,0.0097503662109375
1760554745880733200,9.771733154296875,-0.9968719482421875,-0.025299072265625,0.01019287109375
1760554745890738400,9.781738525390624,-0.9985504150390625,-0.0251007080078125,0.0099334716796875
1760554745900742400,9.791742431640625,-0.9983978271484375,-0.02679443359375,0.0076751708984375
1760554745910746400,9.801746337890625,-1.000091552734375,-0.0276336669921875,0.009429931640625
1760554745920751400,9.81175146484375,-1,-0.027374267578125,0.0087432861328125
1760554745930755300,9.82175537109375,-0.9989471435546875,-0.0277099609375,0.0089874267578125
1760554745940759300,9.83175927734375,-0.9982452392578125,-0.0287017822265625,0.0089569091796875
1760554745950764500,9.8417646484375,-0.9972076416015625,-0.026611328125,0.0108795166015625
1760554745960768500,9.8517685546875,-0.9978179931640625,-0.027069091796875,0.0107574462890625
1760554745970773500,9.8617734375,-0.9984893798828125,-0.027099609375,0.0109710693359375
1760554745980777200,9.871777099609375,-0.9983367919921875,-0.0260467529296875,0.0109710693359375
1760554745990781200,9.88178125,-0.9992218017578125,-0.0255279541015625,0.0085906982421875
1760554746000786400,9.891786376953124,-0.999847412109375,-0.0246124267578125,0.0087890625
1760554746010790400,9.901790283203125,-0.999755859375,-0.0258331298828125,0.0090789794921875
1760554746020794400,9.91179443359375,-0.9983062744140625,-0.025146484375,0.0093994140625
1760554746030799400,9.92179931640625,-0.99774169921875,-0.0262603759765625,0.007171630859375
1760554746040803300,9.93180322265625,-0.9976043701171875,-0.0264129638671875,0.0074615478515625
1760554746050807600,9.9418076171875,-0.99749755859375,-0.0263214111328125,0.0080413818359375
1760554746060812500,9.9518125,-0.9982757568359375,-0.0256500244140625,0.009552001953125
1760554746070816300,9.961816162109375,-0.9980621337890625,-0.02642822265625,0.0120086669921875
1760554746080821200,9.9718212890625,-0.9990997314453125,-0.0262908935546875,0.0103607177734375
1760554746090825200,9.9818251953125,-0.99725341796875,-0.0267333984375,0.0088653564453125
1760554746100829400,9.991829345703126,-0.99810791015625,-0.026519775390625,0.00762939453125
1760554746110834400,10.00183447265625,-0.999114990234375,-0.0260772705078125,0.008697509765625
1760554746120838400,10.01183837890625,-0.9982147216796875,-0.025848388671875,0.0084075927734375
1760554746130842400,10.02184228515625,-0.9987335205078125,-0.0253753662109375,0.0088958740234375
1760554746140847400,10.031847412109375,-0.998626708984375,-0.0251007080078125,0.0094146728515625
1760554746150851600,10.0418515625,-0.9981231689453125,-0.0263671875,0.0091094970703125
1760554746160856600,10.051856689453125,-0.995849609375,-0.0265045166015625,0.008880615234375
1760554746170860300,10.0618603515625,-0.997406005859375,-0.02685546875,0.0087738037109375
1760554746180864300,10.0718642578125,-0.9977264404296875,-0.0272216796875,0.00958251953125
1760554746190869200,10.081869140625,-0.9974212646484375,-0.02655029296875,0.0091705322265625
1760554746200873500,10.09187353515625,-0.99810791015625,-0.0265655517578125,0.010101318359375
1760554746210877400,10.10187744140625,-0.9980010986328125,-0.0274658203125,0.0086212158203125
1760554746220882400,10.11188232421875,-0.99835205078125,-0.026397705078125,0.008331298828125
1760554746230886400,10.121886474609376,-0.9999847412109375,-0.0271453857421875,0.00811767578125
1760554746240891400,10.131891357421875,-0.9986572265625,-0.026641845703125,0.008209228515625
1760554746250895400,10.141895263671875,-0.9965972900390625,-0.0266876220703125,0.009674072265625
1760554746260899300,10.1518994140625,-0.998382568359375,-0.0248870849609375,0.0087890625
1760554746270904300,10.161904296875,-1.0009307861328125,-0.0262908935546875,0.0093231201171875
1760554746280908300,10.171908203125,-0.998992919921875,-0.0258941650390625,0.0096435546875
1760554746290912500,10.18191259765625,-0.998382568359375,-0.0246429443359375,0.0102081298828125
1760554746300917500,10.19191748046875,-0.998016357421875,-0.0254669189453125,0.010528564453125
1760554746310921500,10.20192138671875,-0.997894287109375,-0.026123046875,0.0090789794921875
1760554746320926500,10.211926513671875,-0.9976043701171875,-0.0269012451171875,0.0088653564453125
1760554746330930400,10.221930419921875,-1.0001373291015625,-0.0257110595703125,0.009552001953125
1760554746340934400,10.231934326171874,-0.99798583984375,-0.02587890625,0.0089111328125
1760554746350939400,10.241939453125,-0.9994354248046875,-0.0260467529296875,0.0080108642578125
1760554746360943400,10.251943359375,-1.0000152587890625,-0.0272216796875,0.009368896484375
1760554746370947300,10.261947265625,-0.9986572265625,-0.026275634765625,0.0098724365234375
1760554746380952300,10.271952392578125,-0.9976806640625,-0.02581787109375,0.007415771484375
1760554746390956300,10.281956298828124,-0.998046875,-0.0263824462890625,0.0084991455078125
1760554746400960500,10.29196044921875,-0.99835205078125,-0.0267181396484375,0.0079345703125
1760554746410965500,10.301965576171876,-1.0008544921875,-0.02703857421875,0.00775146484375
1760554746420969500,10.311969482421874,-0.9997406005859375,-0.0269012451171875,0.00946044921875
1760554746430974500,10.321974365234375,-0.9990692138671875,-0.0263519287109375,0.0092926025390625
1760554746440978200,10.331978271484376,-0.9972686767578125,-0.02581787109375,0.007049560546875
1760554746450982400,10.341982421875,-0.9972686767578125,-0.0259246826171875,0.0078582763671875
1760554746460987400,10.3519873046875,-0.9974517822265625,-0.0255889892578125,0.0086669921875
1760554746470991400,10.361991455078124,-0.998687744140625,-0.02642822265625,0.0088348388671875
1760554746480995300,10.371995361328125,-0.9992828369140625,-0.0245208740234375,0.0095367431640625
1760554746491000300,10.382000244140626,-0.9988555908203125,-0.0255584716796875,0.0087738037109375
1760554746501004000,10.392004150390624,-0.99853515625,-0.0239105224609375,0.0082550048828125
1760554746511009000,10.402009033203125,-0.997894287109375,-0.02545166015625,0.0106658935546875
1760554746521013000,10.412012939453126,-0.998321533203125,-0.026153564453125,0.009429931640625
1760554746531017000,10.422016845703125,-0.99810791015625,-0.0260009765625,0.01031494140625
1760554746541022000,10.43202197265625,-0.99755859375,-0.0272064208984375,0.0097198486328125
1760554746551026000,10.44202587890625,-0.9981842041015625,-0.027740478515625,0.007080078125
1760554746561030000,10.45202978515625,-0.9986114501953125,-0.0275115966796875,0.0079345703125
1760554746571035000,10.462034912109376,-0.9985809326171875,-0.02520751953125,0.0066680908203125
1760554746581038800,10.472038818359374,-0.9980316162109375,-0.025238037109375,0.0030517578125
1760554746591043800,10.4820439453125,-1.0002593994140625,-0.023040771484375,0.0031890869140625
1760554746601048000,10.492048095703124,-1.000762939453125,-0.02130126953125,0.0074920654296875
1760554746611052000,10.502052001953125,-1.00006103515625,-0.0207061767578125,0.0106201171875
1760554746621057000,10.51205712890625,-0.99981689453125,-0.0214996337890625,0.0106201171875
1760554746631060700,10.522060791015624,-0.998992919921875,-0.024169921875,0.0100860595703125
1760554746641065000,10.53206494140625,-0.997314453125,-0.0261383056640625,0.0101776123046875
1760554746651070000,10.542070068359376,-0.997344970703125,-0.0289459228515625,0.0119476318359375
1760554746661074000,10.552073974609375,-0.9972991943359375,-0.031524658203125,0.012359619140625
1760554746671079000,10.562078857421875,-0.99658203125,-0.032440185546875,0.01202392578125
1760554746681083000,10.572082763671874,-0.9956512451171875,-0.03228759765625,0.01397705078125
1760554746691087000,10.582087158203125,-0.9966278076171875,-0.0303497314453125,0.0112152099609375
1760554746701092000,10.592092041015626,-0.995574951171875,-0.0289459228515625,0.010467529296875
1760554746711096000,10.602095947265624,-0.9985504150390625,-0.0273895263671875,0.010498046875
1760554746721099800,10.612099853515625,-0.99951171875,-0.024017333984375,0.0080413818359375
1760554746731104800,10.622104736328126,-1.0002899169921875,-0.0214385986328125,0.007537841796875
1760554746741109000,10.63210888671875,-1.002105712890625,-0.020050048828125,-0.00164794921875
1760554746751114000,10.642114013671875,-1.0055694580078125,-0.0176849365234375,-0.020172119140625
1760554746761118000,10.652117919921874,-1.006805419921875,-0.0182342529296875,-0.0439605712890625
1760554746771122000,10.662121826171875,-1.008544921875,-0.020965576171875,-0.0624542236328125
1760554746781127000,10.672126953125,-1.009063720703125,-0.0233306884765625,-0.0677642822265625
1760554746791131100,10.682131103515625,-1.0091705322265625,-0.0251312255859375,-0.060699462890625
1760554746801135000,10.692135009765625,-1.0078125,-0.0253143310546875,-0.0518646240234375
1760554746811140000,10.70214013671875,-1.007171630859375,-0.0240936279296875,-0.0367431640625
1760554746821143800,10.712143798828125,-1.00714111328125,-0.0225830078125,-0.02142333984375
1760554746831148800,10.722148681640626,-1.0060577392578125,-0.0220489501953125,-0.00537109375
1760554746841153000,10.732153076171874,-1.0051116943359375,-0.0224761962890625,0.013580322265625
1760554746851157000,10.742156982421875,-1.003448486328125,-0.021148681640625,0.0417327880859375
1760554746861162000,10.752161865234376,-0.99871826171875,-0.019622802734375,0.0708770751953125
1760554746871166000,10.762166015625,-0.9941864013671875,-0.0203094482421875,0.09222412109375
1760554746881170000,10.772169921875,-0.9932708740234375,-0.021820068359375,0.1085968017578125
1760554746891175000,10.7821748046875,-0.9917755126953125,-0.0218505859375,0.1171112060546875
1760554746901179000,10.792178955078125,-0.99176025390625,-0.023590087890625,0.1177978515625
1760554746911184100,10.80218408203125,-0.992889404296875,-0.0277252197265625,0.116302490234375
1760554746921187800,10.812187744140624,-0.9907073974609375,-0.034912109375,0.1096038818359375
1760554746931191800,10.82219189453125,-0.992218017578125,-0.040863037109375,0.1030120849609375
1760554746941196800,10.83219677734375,-0.9921112060546875,-0.0438079833984375,0.0967864990234375
1760554746951201000,10.842200927734375,-0.991943359375,-0.0471649169921875,0.0984344482421875
1760554746961205000,10.852205078125,-0.9886932373046875,-0.049774169921875,0.107330322265625
1760554746971210000,10.8622099609375,-0.985595703125,-0.05194091796875,0.1177978515625
1760554746981214000,10.8722138671875,-0.9849853515625,-0.051666259765625,0.1273956298828125
1760554746991219000,10.882218994140626,-0.982940673828125,-0.0520782470703125,0.1420745849609375
1760554747001223000,10.892222900390625,-0.9810333251953125,-0.0530242919921875,0.156005859375
1760554747011227000,10.902226806640625,-0.9774322509765625,-0.05328369140625,0.1688079833984375
1760554747021231900,10.91223193359375,-0.9776611328125,-0.0548248291015625,0.177886962890625
1760554747031235800,10.92223583984375,-0.976776123046875,-0.0552978515625,0.182373046875
1760554747041240000,10.932239990234375,-0.974090576171875,-0.055908203125,0.1894989013671875
1760554747051245000,10.9422451171875,-0.9739532470703125,-0.0564727783203125,0.18963623046875
1760554747061249000,10.9522490234375,-0.975311279296875,-0.0546722412109375,0.19427490234375
1760554747071254000,10.96225390625,-0.974365234375,-0.0558319091796875,0.1975250244140625
1760554747081258000,10.972258056640625,-0.9734649658203125,-0.0540924072265625,0.199676513671875
1760554747091262000,10.982261962890625,-0.9726104736328125,-0.053009033203125,0.20562744140625
1760554747101267000,10.992266845703124,-0.9714508056640625,-0.054656982421875,0.2087554931640625
1760554747111271000,11.00227099609375,-0.9715728759765625,-0.0533905029296875,0.207122802734375
1760554747121275000,11.01227490234375,-0.9702606201171875,-0.0359649658203125,0.129150390625
1760554747131280000,11.02227978515625,-0.9692535400390625,-0.028289794921875,0.096435546875
1760554747141284000,11.0322841796875,-0.970001220703125,-0.0382080078125,0.1275787353515625
1760554747151289000,11.0422890625,-0.96575927734375,-0.051544189453125,0.1325531005859375
1760554747161293000,11.05229296875,-0.971954345703125,-0.049896240234375,0.11822509765625
1760554747171296800,11.062296875,-0.9590301513671875,-0.05389404296875,0.10638427734375
1760554747181302000,11.072302001953124,-0.9638671875,-0.042022705078125,0.1264190673828125
1760554747191306000,11.082305908203125,-0.9599456787109375,-0.1444549560546875,0.086883544921875
1760554747201310000,11.09231005859375,-0.969207763671875,-0.0453948974609375,0.3789215087890625
1760554747211315000,11.10231494140625,-0.9679412841796875,0.0426483154296875,1.5392303466796875
1760554747221319000,11.11231884765625,-0.9696197509765625,-0.0460052490234375,-0.1575164794921875
1760554747231324000,11.122323974609374,-0.9661865234375,-0.0143585205078125,-0.008270263671875
1760554747241328000,11.132328125,-0.9691619873046875,-0.024322509765625,0.220703125
1760554747251332000,11.14233203125,-0.97418212890625,-0.018218994140625,0.482147216796875
1760554747261337000,11.152337158203125,-0.9690093994140625,-0.0441741943359375,0.139556884765625
1760554747271340800,11.1623408203125,-0.9700927734375,-0.0191650390625,0.267547607421875
1760554747281344800,11.1723447265625,-0.9707794189453125,-0.0217437744140625,0.2456817626953125
1760554747291349800,11.182349853515625,-0.9690093994140625,-0.017242431640625,0.257843017578125
1760554747301354000,11.19235400390625,-0.9688568115234375,-0.0159759521484375,0.258209228515625
1760554747311359000,11.20235888671875,-0.9691619873046875,-0.0169525146484375,0.2550048828125
1760554747321363000,11.212363037109375,-0.9688568115234375,-0.018463134765625,0.2566680908203125
1760554747331367000,11.222366943359376,-0.9693756103515625,-0.0167694091796875,0.2488861083984375
1760554747341372000,11.232371826171875,-0.9720611572265625,-0.0168609619140625,0.2416229248046875
1760554747351376100,11.242376220703125,-0.9734039306640625,-0.016632080078125,0.2401275634765625
1760554747361379800,11.2523798828125,-0.9712677001953125,-0.01495361328125,0.2441558837890625
1760554747371384800,11.262384765625,-0.9706573486328125,-0.016876220703125,0.244476318359375
1760554747381388800,11.272388916015625,-0.9709625244140625,-0.0147705078125,0.2435760498046875
1760554747391393800,11.282393798828124,-0.9700927734375,-0.013092041015625,0.2439727783203125
1760554747401398000,11.29239794921875,-0.9705657958984375,-0.0121612548828125,0.2509307861328125
1760554747411402000,11.302402099609376,-0.9704742431640625,-0.011505126953125,0.2521514892578125
1760554747421407000,11.312406982421875,-0.96868896484375,-0.0096893310546875,0.25653076171875
1760554747431411000,11.322410888671875,-0.970672607421875,-0.010345458984375,0.2626495361328125
1760554747441415200,11.332415283203124,-0.93011474609375,-0.0094757080078125,0.3549652099609375
1760554747451420200,11.342420166015625,-0.9891510009765625,-0.0185546875,0.20086669921875
1760554747461423900,11.352423828125,-0.9498291015625,-0.0172882080078125,0.2872772216796875
1760554747471428900,11.362428955078125,-0.9774169921875,-0.0216827392578125,0.22625732421875
1760554747481432800,11.372432861328125,-0.95867919921875,-0.024169921875,0.26446533203125
1760554747491437000,11.38243701171875,-0.9681243896484375,-0.0295867919921875,0.24493408203125
1760554747501442000,11.392442138671875,-0.9632110595703125,-0.02947998046875,0.2531890869140625
1760554747511445500,11.402445556640625,-0.9624481201171875,-0.0269622802734375,0.2559051513671875
1760554747521449500,11.412449462890624,-0.9661102294921875,-0.025238037109375,0.2490081787109375
1760554747531454500,11.422454345703125,-0.963592529296875,-0.022552490234375,0.2572174072265625
1760554747541458700,11.432458740234376,-0.9672393798828125,-0.0194091796875,0.252777099609375
1760554747551463700,11.442463623046875,-0.964599609375,-0.01605224609375,0.2577362060546875
1760554747561467600,11.452467529296875,-0.9640045166015625,-0.0143890380859375,0.25518798828125
1760554747571471600,11.4624716796875,-0.9666900634765625,-0.0125579833984375,0.25592041015625
1760554747581476600,11.4724765625,-0.9662628173828125,-0.0107879638671875,0.2576141357421875
1760554747591480800,11.482480712890625,-0.965576171875,-0.010009765625,0.25665283203125
1760554747601484500,11.492484619140624,-0.965728759765625,-0.0092926025390625,0.255645751953125
1760554747611489500,11.502489501953125,-0.966888427734375,-0.0068511962890625,0.2532806396484375
1760554747621493500,11.512493408203126,-0.9683380126953125,-0.006866455078125,0.2526702880859375
1760554747631498500,11.52249853515625,-0.967529296875,-0.006011962890625,0.254150390625
1760554747641502700,11.532502685546875,-0.9683685302734375,-0.0029296875,0.251953125
1760554747651506700,11.542506591796876,-0.9683990478515625,-0.0005035400390625,0.25115966796875
1760554747661511700,11.55251171875,-0.9694976806640625,-0.000457763671875,0.251953125
1760554747671515600,11.562515625,-0.9680938720703125,0.0001220703125,0.254241943359375
1760554747681519600,11.57251953125,-0.9678955078125,0.0000152587890625,0.2561492919921875
1760554747691524600,11.582524658203125,-0.967498779296875,0.001983642578125,0.2557220458984375
1760554747701528600,11.592528564453126,-0.96856689453125,0.0030364990234375,0.25433349609375
1760554747711532500,11.602532470703125,-0.9705657958984375,0.00408935546875,0.2532806396484375
1760554747721537500,11.61253759765625,-0.9691162109375,0.005767822265625,0.2529144287109375
1760554747731541800,11.622541748046874,-0.9685516357421875,0.005645751953125,0.255218505859375
1760554747741546800,11.632546630859375,-0.968719482421875,0.0065155029296875,0.2543792724609375
1760554747751550700,11.64255078125,-0.9687042236328125,0.005859375,0.2530059814453125
1760554747761554700,11.6525546875,-0.968994140625,0.0083770751953125,0.2527313232421875
1760554747771559700,11.6625595703125,-0.9694671630859375,0.009674072265625,0.2533721923828125
1760554747781563600,11.672563720703126,-0.9677734375,0.0096893310546875,0.25384521484375
1760554747791567600,11.682567626953125,-0.970794677734375,0.009613037109375,0.2546539306640625
1760554747801572600,11.692572509765625,-0.97088623046875,0.0088043212890625,0.252471923828125
1760554747811576600,11.70257666015625,-0.969757080078125,0.0091400146484375,0.251983642578125
1760554747821581600,11.71258154296875,-0.9705963134765625,0.0079193115234375,0.2523345947265625
1760554747831585500,11.72258544921875,-0.9710693359375,0.009307861328125,0.254852294921875
1760554747841589800,11.73258984375,-0.9691314697265625,0.006317138671875,0.2527618408203125
1760554747851594800,11.7425947265625,-0.9677581787109375,0.0063629150390625,0.25390625
1760554747861598700,11.7525986328125,-0.9684295654296875,0.005035400390625,0.2533721923828125
1760554747871602400,11.7626025390625,-0.9693756103515625,0.0035247802734375,0.2527008056640625
1760554747881607400,11.772607421875,-0.96820068359375,0.002227783203125,0.2532806396484375
1760554747891611600,11.782611572265624,-0.9679718017578125,0.0015106201171875,0.25323486328125
1760554747901616600,11.79261669921875,-0.9681243896484375,-0.0000457763671875,0.25213623046875
1760554747911620600,11.80262060546875,-0.967681884765625,-0.0005645751953125,0.2536163330078125
1760554747921624600,11.81262451171875,-0.9665374755859375,-0.0011444091796875,0.254974365234375
1760554747931629600,11.822629638671875,-0.9671630859375,-0.002197265625,0.2544403076171875
1760554747941633800,11.8326337890625,-0.9664154052734375,-0.00335693359375,0.2547607421875
1760554747951637500,11.842637451171875,-0.96661376953125,-0.004058837890625,0.251953125
1760554747961642500,11.852642578125,-0.9659576416015625,-0.00177001953125,0.2528228759765625
1760554747971646500,11.862646484375,-0.9652252197265625,-0.00335693359375,0.2530364990234375
1760554747981651500,11.8726513671875,-0.9659423828125,-0.004180908203125,0.2519989013671875
1760554747991655700,11.88265576171875,-0.96649169921875,-0.0026092529296875,0.2529296875
1760554748001659600,11.89265966796875,-0.9660186767578125,-0.0041351318359375,0.253936767578125
1760554748011664600,11.90266455078125,-0.96575927734375,-0.0034332275390625,0.2539825439453125
1760554748021668600,11.912668701171874,-0.9666900634765625,-0.0023651123046875,0.2535247802734375
1760554748031672800,11.9226728515625,-0.9669952392578125,-0.0003814697265625,0.25384521484375
1760554748041677800,11.932677734375,-0.9669189453125,-0.000762939453125,0.253265380859375
1760554748051681500,11.942681640625,-0.9663543701171875,0.000701904296875,0.2534942626953125
1760554748061686500,11.9526865234375,-0.96771240234375,0.0019683837890625,0.252960205078125
1760554748071690500,11.9626904296875,-0.9680328369140625,0.001617431640625,0.2547454833984375
1760554748081694700,11.97269482421875,-0.9665069580078125,-0.0013885498046875,0.2534027099609375
1760554748091699700,11.98269970703125,-0.9675750732421875,-0.00091552734375,0.2529449462890625
1760554748101702700,11.99270263671875,-0.967437744140625,-0.00079345703125,0.25433349609375
1760554748111707600,12.002707763671875,-0.9669036865234375,-0.001922607421875,0.2537078857421875
1760554748121711600,12.012711669921876,-0.9666748046875,-0.0004119873046875,0.253814697265625
1760554748131716600,12.022716552734375,-0.9665985107421875,-0.0001373291015625,0.2545166015625
1760554748141720600,12.032720458984375,-0.968231201171875,-0.00018310546875,0.253173828125
1760554748151724500,12.042724609375,-0.966949462890625,0.0001068115234375,0.2530670166015625
1760554748161729500,12.0527294921875,-0.9653472900390625,0.0010986328125,0.2548828125
1760554748171733500,12.0627333984375,-0.9680023193359375,0.0025634765625,0.2545013427734375
1760554748181738500,12.072738525390625,-0.9686279296875,0.0023040771484375,0.2547454833984375
1760554748191742700,12.08274267578125,-0.9684295654296875,0.003082275390625,0.2534027099609375
1760554748201746700,12.09274658203125,-0.968994140625,0.001556396484375,0.2539825439453125
1760554748211751700,12.102751708984375,-0.966705322265625,0.0001220703125,0.2527618408203125
1760554748221755400,12.11275537109375,-0.9675750732421875,-0.0000152587890625,0.25250244140625
1760554748231759600,12.122759521484374,-0.9665069580078125,-0.0026092529296875,0.2540435791015625
1760554748241764600,12.1327646484375,-0.967071533203125,-0.0040130615234375,0.2547760009765625
1760554748251768600,12.1427685546875,-0.9658203125,-0.004638671875,0.254364013671875
1760554748261772500,12.1527724609375,-0.96527099609375,-0.0040740966796875,0.25323486328125
1760554748271777500,12.162777587890625,-0.9657440185546875,-0.006256103515625,0.2535552978515625
1760554748281781800,12.17278173828125,-0.9675750732421875,-0.004974365234375,0.2537689208984375
1760554748291786800,12.182786865234375,-0.965911865234375,-0.004058837890625,0.2529449462890625
1760554748301790700,12.192790771484376,-0.965301513671875,-0.0036163330078125,0.2527618408203125
1760554748311794400,12.20279443359375,-0.966400146484375,-0.002777099609375,0.252685546875
1760554748321799400,12.21279931640625,-0.9681243896484375,-0.002532958984375,0.2516021728515625
1760554748331803600,12.2228037109375,-0.9671783447265625,-0.0012054443359375,0.2530517578125
1760554748341807600,12.2328076171875,-0.966552734375,-0.0001220703125,0.2532958984375
1760554748351812600,12.2428125,-0.9690704345703125,-0.00048828125,0.252349853515625
1760554748361816600,12.252816650390624,-0.969146728515625,0.000244140625,0.2512359619140625
1760554748371821600,12.262821533203125,-0.9674072265625,-0.000396728515625,0.2541656494140625
1760554748381825800,12.27282568359375,-0.967620849609375,-0.0004730224609375,0.2523956298828125
1760554748391829800,12.282829833984374,-0.9662017822265625,-0.001129150390625,0.25311279296875
1760554748401834800,12.292834716796875,-0.9666748046875,-0.0030670166015625,0.253753662109375
1760554748411838500,12.30283837890625,-0.9670867919921875,-0.0029449462890625,0.2556610107421875
1760554748421842700,12.3128427734375,-0.9667205810546875,-0.0031890869140625,0.2539825439453125
1760554748431847700,12.32284765625,-0.968292236328125,-0.0017852783203125,0.254638671875
1760554748441851600,12.3328515625,-0.9677886962890625,-0.0006256103515625,0.255096435546875
1760554748451856600,12.342856689453125,-0.9664306640625,-0.0009307861328125,0.2549285888671875
1760554748461860600,12.352860595703126,-0.9673919677734375,-0.0005645751953125,0.2541656494140625
1760554748471864600,12.362864501953124,-0.969573974609375,-0.0010986328125,0.2528076171875
1760554748481870600,12.37287060546875,-0.96917724609375,0.0001220703125,0.252899169921875
1760554748491875600,12.38287548828125,-0.969512939453125,0.000213623046875,0.2539215087890625
1760554748501879800,12.3928798828125,-0.967315673828125,-0.000030517578125,0.2529754638671875
1760554748511884000,12.402884033203126,-0.967010498046875,-0.000213623046875,0.2537689208984375
1760554748521889000,12.412888916015625,-0.9668121337890625,-0.0029449462890625,0.2517852783203125
1760554748531892700,12.422892822265625,-0.9676361083984375,-0.0020751953125,0.252777099609375
1760554748541897700,12.432897705078124,-0.96826171875,-0.00189208984375,0.2521209716796875
1760554748551901700,12.442901611328125,-0.9686431884765625,-0.0030364990234375,0.2530670166015625
1760554748561906000,12.452906005859376,-0.967498779296875,-0.0040435791015625,0.2530364990234375
1760554748571911000,12.462910888671875,-0.965423583984375,-0.003662109375,0.2523345947265625
1760554748581915000,12.472914794921875,-0.9652862548828125,-0.005126953125,0.2529296875
1760554748591918800,12.4829189453125,-0.9654388427734375,-0.0066375732421875,0.2527618408203125
1760554748601923800,12.492923828125,-0.9648895263671875,-0.0069427490234375,0.25335693359375
1760554748611928000,12.502927978515626,-0.965789794921875,-0.006744384765625,0.254608154296875
1760554748621933000,12.51293310546875,-0.9659881591796875,-0.0057373046875,0.253326416015625
1760554748631936800,12.522936767578125,-0.9659576416015625,-0.0060882568359375,0.2535858154296875
1760554748641940700,12.532940673828126,-0.9642791748046875,-0.0054168701171875,0.2548980712890625
1760554748651945700,12.54294580078125,-0.9656219482421875,-0.00494384765625,0.254241943359375
1760554748661950000,12.552949951171875,-0.965057373046875,-0.0042266845703125,0.252471923828125
1760554748671955000,12.562954833984374,-0.96685791015625,-0.0033111572265625,0.2536163330078125
1760554748681959000,12.572958984375,-0.9660797119140625,-0.0023651123046875,0.253662109375
1760554748691963000,12.582962890625,-0.9673309326171875,-0.0029144287109375,0.25421142578125
1760554748701968000,12.5929677734375,-0.9667510986328125,-0.0017547607421875,0.2540740966796875
1760554748711971800,12.602971923828125,-0.96588134765625,-0.0014190673828125,0.254119873046875
1760554748721975800,12.612975830078126,-0.966827392578125,-0.000732421875,0.253753662109375
1760554748731980800,12.622980712890625,-0.9673919677734375,0,0.253692626953125
1760554748741984800,12.63298486328125,-0.966888427734375,-0.000244140625,0.25518798828125
1760554748751989800,12.64298974609375,-0.9669189453125,0.000274658203125,0.2532958984375
1760554748761994000,12.652993896484375,-0.96697998046875,-0.000091552734375,0.2537689208984375
1760554748771998000,12.662998046875,-0.969024658203125,0.0004730224609375,0.2536468505859375
1760554748782003000,12.6730029296875,-0.9692840576171875,0.0005950927734375,0.25213623046875
1760554748792007000,12.6830068359375,-0.96783447265625,0.000732421875,0.2540283203125
1760554748802011000,12.693010986328124,-0.9672393798828125,-0.0000457763671875,0.2539215087890625
1760554748812015900,12.703015869140625,-0.966064453125,0.0022430419921875,0.2539825439453125
1760554748822019800,12.713019775390626,-0.9672393798828125,0.0022735595703125,0.2527313232421875
1760554748832024800,12.72302490234375,-0.97003173828125,0.001220703125,0.252838134765625
1760554748842028800,12.73302880859375,-0.9690399169921875,0.0019989013671875,0.2536163330078125
1760554748852033000,12.743032958984376,-0.9677734375,0.0019378662109375,0.2527008056640625
1760554748862038000,12.7530380859375,-0.9685516357421875,0.001983642578125,0.25360107421875
1760554748872042000,12.7630419921875,-0.9668731689453125,0.00164794921875,0.2531280517578125
1760554748882046000,12.7730458984375,-0.9665679931640625,0.000274658203125,0.2531280517578125
1760554748892051000,12.783051025390625,-0.968109130859375,0.003387451171875,0.2543792724609375
1760554748902055000,12.793054931640626,-0.9679412841796875,0.00299072265625,0.2537384033203125
1760554748912060000,12.803059814453125,-0.96832275390625,0.002166748046875,0.25482177734375
1760554748922064000,12.81306396484375,-0.96661376953125,0.001617431640625,0.2540740966796875
1760554748932067800,12.82306787109375,-0.96661376953125,-0.0017547607421875,0.2534637451171875
1760554748942072800,12.83307275390625,-0.9666595458984375,0.000457763671875,0.254638671875
1760554748952076800,12.843076904296876,-0.9674530029296875,-0.000823974609375,0.2536773681640625
1760554748962081000,12.8530810546875,-0.9658050537109375,-0.00177001953125,0.25518798828125
1760554748972086000,12.8630859375,-0.9664306640625,-0.0011749267578125,0.2527008056640625
1760554748982089700,12.87308984375,-0.96624755859375,-0.0012054443359375,0.2533721923828125
1760554748992094700,12.8830947265625,-0.966461181640625,-0.0017547607421875,0.25506591796875
1760554749002098700,12.8930986328125,-0.9673004150390625,-0.0029449462890625,0.25311279296875
1760554749012103000,12.90310302734375,-0.9666595458984375,-0.0023193359375,0.2527313232421875
1760554749022108000,12.91310791015625,-0.9652252197265625,-0.001861572265625,0.2544403076171875
1760554749032111900,12.92311181640625,-0.9664154052734375,-0.0003814697265625,0.2536773681640625
1760554749042115800,12.93311572265625,-0.968902587890625,0.000335693359375,0.25244140625
1760554749052120800,12.943120849609375,-0.9667205810546875,-0.00103759765625,0.2524261474609375
1760554749062125000,12.953125,-0.9661865234375,0.0002899169921875,0.2540435791015625
1760554749072130000,12.963130126953125,-0.9665374755859375,0.00048828125,0.2547149658203125
1760554749082133800,12.9731337890625,-0.9675445556640625,0.000213623046875,0.2545013427734375
1760554749092137700,12.9831376953125,-0.9670257568359375,0.0017852783203125,0.2535400390625
1760554749102142700,12.993142822265625,-0.96759033203125,0.0008697509765625,0.253021240234375
1760554749112147000,13.00314697265625,-0.9684906005859375,0.0011749267578125,0.2548065185546875
1760554749122151000,13.01315087890625,-0.9661865234375,0.00018310546875,0.2518463134765625
1760554749132156000,13.023156005859375,-0.966461181640625,-0.000274658203125,0.253997802734375
1760554749142160000,13.033159912109374,-0.9666290283203125,-0.000213623046875,0.25421142578125
1760554749152164900,13.043164794921875,-0.9665679931640625,0.0008697509765625,0.2523193359375
1760554749162169000,13.053169189453126,-0.96875,0.0012359619140625,0.252838134765625
1760554749172172800,13.0631728515625,-0.968505859375,0.000579833984375,0.2548065185546875
1760554749182177800,13.073177734375,-0.9674072265625,0.0034942626953125,0.252716064453125
1760554749192181800,13.083181640625,-0.967498779296875,0.0013275146484375,0.253204345703125
1760554749202186000,13.09318603515625,-0.9664764404296875,0.0026397705078125,0.25445556640625
1760554749212191000,13.10319091796875,-0.96722412109375,0.003173828125,0.2538299560546875
1760554749222195000,13.11319482421875,-0.966705322265625,0.0022125244140625,0.253448486328125
1760554749232200000,13.123199951171875,-0.9697723388671875,0.0031585693359375,0.254730224609375
1760554749242204000,13.133203857421876,-0.968841552734375,0.001983642578125,0.2553253173828125
1760554749252207900,13.143207763671874,-0.9666900634765625,0.0006866455078125,0.25439453125
1760554749262212900,13.153212890625,-0.9671173095703125,-0.0009613037109375,0.254547119140625
1760554749272216800,13.163216796875,-0.9663848876953125,-0.0021209716796875,0.2542877197265625
1760554749282220800,13.173220703125,-0.96649169921875,-0.00146484375,0.253570556640625
1760554749292225800,13.183225830078126,-0.965576171875,-0.0027618408203125,0.253326416015625
1760554749302229800,13.193229736328124,-0.9659423828125,-0.0029296875,0.2537384033203125
1760554749312234800,13.20323486328125,-0.9664306640625,-0.0030670166015625,0.2529144287109375
1760554749322239000,13.213239013671876,-0.965911865234375,-0.00274658203125,0.2529449462890625
1760554749332243000,13.223242919921875,-0.9671783447265625,-0.0024871826171875,0.253875732421875
1760554749342248000,13.233248046875,-0.9685516357421875,-0.000762939453125,0.2543487548828125
1760554749352251600,13.243251708984374,-0.9678192138671875,-0.0001373291015625,0.2512969970703125
1760554749362256000,13.253255859375,-0.968475341796875,-0.00091552734375,0.254486083984375
1760554749372260900,13.2632607421875,-0.9662322998046875,0.000244140625,0.253753662109375
1760554749382264800,13.273264892578124,-0.9676666259765625,-0.0003204345703125,0.2534027099609375
1760554749392269800,13.283269775390625,-0.9669036865234375,-0.000091552734375,0.255462646484375
1760554749402273800,13.293273681640626,-0.9668426513671875,0.001129150390625,0.254302978515625
1760554749412278000,13.303278076171875,-0.967498779296875,0.0019378662109375,0.2532501220703125
1760554749422283000,13.313282958984376,-0.9674072265625,0.0013885498046875,0.25372314453125
1760554749432287000,13.323286865234374,-0.9679412841796875,0.0023040771484375,0.2538604736328125
1760554749442290700,13.333290771484375,-0.9676513671875,0.001678466796875,0.253448486328125
1760554749452295700,13.343295654296876,-0.969512939453125,0.0024871826171875,0.2545013427734375
1760554749462300000,13.3532998046875,-0.96929931640625,0.003173828125,0.25634765625
1760554749472305000,13.363304931640625,-0.9679412841796875,0.0006561279296875,0.25506591796875
1760554749482308900,13.373308837890624,-0.968994140625,0.002532958984375,0.2533721923828125
1760554749492312800,13.383312744140625,-0.968475341796875,0.001312255859375,0.254058837890625
1760554749502318600,13.393318603515626,-0.9671173095703125,0.0008392333984375,0.2544403076171875
1760554749512322600,13.403322509765625,-0.9682464599609375,0.0004119873046875,0.254119873046875
1760554749522326800,13.413326904296875,-0.9676666259765625,-0.0014190673828125,0.25360107421875
1760554749532331800,13.423331787109374,-0.9662628173828125,-0.000701904296875,0.2534027099609375
1760554749542335700,13.433335693359375,-0.9667510986328125,0.00006103515625,0.2543487548828125
1760554749552340700,13.4433408203125,-0.967681884765625,-0.0018463134765625,0.25433349609375
1760554749562344700,13.4533447265625,-0.967803955078125,-0.0010528564453125,0.254669189453125
1760554749572348700,13.4633486328125,-0.966949462890625,-0.002838134765625,0.254974365234375
1760554749582353700,13.473353759765626,-0.9663848876953125,-0.0027008056640625,0.255035400390625
1760554749592357600,13.483357666015625,-0.9666900634765625,-0.00335693359375,0.252471923828125
1760554749602361600,13.493361572265625,-0.9680633544921875,-0.0029754638671875,0.25274658203125
1760554749612366600,13.50336669921875,-0.9665985107421875,-0.003448486328125,0.25421142578125
1760554749622370800,13.513370849609375,-0.96636962890625,-0.005218505859375,0.25433349609375
1760554749632375800,13.523375732421876,-0.965972900390625,-0.0039520263671875,0.2537384033203125
1760554749642379800,13.5333798828125,-0.9664306640625,-0.00531005859375,0.253936767578125
1760554749652383700,13.5433837890625,-0.9665679931640625,-0.0059967041015625,0.253326416015625
1760554749662388700,13.553388671875,-0.9663543701171875,-0.00653076171875,0.254119873046875
1760554749672392700,13.563392822265625,-0.965545654296875,-0.007568359375,0.25439453125
1760554749682396700,13.573396728515625,-0.9659576416015625,-0.0051727294921875,0.254425048828125
1760554749692401700,13.583401611328124,-0.965972900390625,-0.005401611328125,0.2551727294921875
1760554749702405600,13.593405517578125,-0.96575927734375,-0.0042877197265625,0.2540435791015625
1760554749712410600,13.60341064453125,-0.9659576416015625,-0.0047149658203125,0.2537841796875
1760554749722414800,13.613414794921875,-0.96417236328125,-0.0044708251953125,0.252227783203125
1760554749732418800,13.623418701171875,-0.964935302734375,-0.003814697265625,0.253204345703125
1760554749742423800,13.633423828125,-0.9670257568359375,-0.0026702880859375,0.2531280517578125
1760554749752427800,13.643427734375,-0.9655914306640625,-0.003814697265625,0.25347900390625
1760554749762431700,13.653431640625,-0.9681549072265625,-0.0029296875,0.2527313232421875
1760554749772436700,13.663436767578125,-0.9679412841796875,-0.0014801025390625,0.2549896240234375
1760554749782440700,13.673440673828125,-0.967803955078125,-0.0005340576171875,0.2530975341796875
1760554749792445700,13.68344580078125,-0.9677886962890625,-0.000885009765625,0.2547454833984375
1760554749802449700,13.69344970703125,-0.9681549072265625,0.001129150390625,0.2533721923828125
1760554749812453600,13.70345361328125,-0.9676666259765625,0.001617431640625,0.253021240234375
1760554749822458600,13.713458740234374,-0.9676513671875,0.002105712890625,0.2539825439453125
1760554749832462800,13.723462890625,-0.96728515625,0.0035247802734375,0.25274658203125
1760554749842466600,13.733466552734376,-0.9690399169921875,0.00286865234375,0.2524566650390625
1760554749852471600,13.743471435546875,-0.9685821533203125,0.003448486328125,0.2535552978515625
1760554749862475500,13.7534755859375,-0.9691925048828125,0.002471923828125,0.2527008056640625
1760554749872480500,13.76348046875,-0.9668426513671875,0.0023345947265625,0.2533416748046875
1760554749882484700,13.773484619140625,-0.9667816162109375,0.0004425048828125,0.254547119140625
1760554749892488700,13.78348876953125,-0.9690093994140625,0.0008087158203125,0.25457763671875
1760554749902493700,13.79349365234375,-0.9660797119140625,0.0012969970703125,0.2534637451171875
1760554749912497700,13.80349755859375,-0.9670867919921875,-0.0009002685546875,0.2527313232421875
1760554749922502000,13.813501953125,-0.96673583984375,-0.00244140625,0.251678466796875
1760554749932507000,13.8235068359375,-0.9667205810546875,-0.0035552978515625,0.2533111572265625
1760554749942510600,13.833510498046875,-0.966766357421875,-0.003936767578125,0.2529144287109375
1760554749952515600,13.843515625,-0.966217041015625,-0.0034942626953125,0.253692626953125
1760554749962519600,13.85351953125,-0.966461181640625,-0.002685546875,0.253265380859375
1760554749972523800,13.863523681640626,-0.9671478271484375,-0.0037078857421875,0.25341796875
1760554749982528800,13.87352880859375,-0.9660797119140625,-0.0030975341796875,0.2535400390625
1760554749992532700,13.88353271484375,-0.96563720703125,-0.001068115234375,0.2535400390625
1760554750002536700,13.89353662109375,-0.967742919921875,-0.0008392333984375,0.25286865234375
1760554750012541700,13.903541748046875,-0.9669647216796875,-0.001495361328125,0.25262451171875
1760554750022546000,13.9135458984375,-0.9668426513671875,-0.0014495849609375,0.2523193359375
1760554750032551000,13.923551025390625,-0.9661865234375,-0.0021209716796875,0.2532501220703125
1760554750042554600,13.9335546875,-0.9671173095703125,-0.0004730224609375,0.252532958984375
1760554750052558600,13.94355859375,-0.9681243896484375,-0.000152587890625,0.253204345703125
1760554750062563600,13.9535634765625,-0.96746826171875,-0.0009765625,0.2532806396484375
1760554750072567800,13.96356787109375,-0.9687347412109375,0.00006103515625,0.2536468505859375
1760554750082571800,13.97357177734375,-0.965728759765625,0.001068115234375,0.2528533935546875
1760554750092576800,13.98357666015625,-0.9670867919921875,0.0010833740234375,0.253204345703125
1760554750102580700,13.993580810546876,-0.9659423828125,0.0001678466796875,0.2540130615234375
1760554750112585700,14.003585693359375,-0.967041015625,0.0009613037109375,0.2521820068359375
1760554750122589700,14.013589599609375,-0.96795654296875,0.0022430419921875,0.2530517578125
1760554750132593700,14.02359375,-0.96807861328125,0.00140380859375,0.252655029296875
1760554750142598700,14.0335986328125,-0.9671630859375,0.0015411376953125,0.253204345703125
1760554750152602600,14.0436025390625,-0.967437744140625,0.0024566650390625,0.25323486328125
1760554750162606600,14.053606689453124,-0.9659881591796875,0.0017242431640625,0.2527313232421875
1760554750172611800,14.06361181640625,-0.9674530029296875,0.0020294189453125,0.25457763671875
1760554750182615800,14.07361572265625,-0.9676971435546875,0.0012969970703125,0.252593994140625
1760554750192620800,14.083620849609375,-0.96685791015625,0.00018310546875,0.25286865234375
1760554750202624800,14.093624755859375,-0.9680633544921875,-0.0011444091796875,0.2527008056640625
1760554750212628500,14.10362841796875,-0.96759033203125,0.0001220703125,0.253173828125
1760554750222633700,14.1136337890625,-0.9659881591796875,0.0009918212890625,0.2536163330078125
1760554750232637700,14.1236376953125,-0.9663848876953125,-0.0001678466796875,0.2525177001953125
1760554750242642700,14.133642578125,-0.967742919921875,-0.0016632080078125,0.2546844482421875
1760554750252646700,14.143646728515625,-0.9660491943359375,0.0002899169921875,0.25469970703125
1760554750262650600,14.153650634765626,-0.9676513671875,0.0003662109375,0.2530364990234375
1760554750272655600,14.163655517578125,-0.966278076171875,-0.0001373291015625,0.25250244140625
1760554750282659800,14.173659912109375,-0.9671783447265625,0.000701904296875,0.254150390625
1760554750292663800,14.183663818359374,-0.966796875,-0.0005950927734375,0.2536773681640625
1760554750302668800,14.193668701171875,-0.9658660888671875,0.0006561279296875,0.2529754638671875
1760554750312672500,14.203672607421876,-0.9692535400390625,0.0013275146484375,0.253265380859375
1760554750322677500,14.213677490234375,-0.9682159423828125,0.0011138916015625,0.252716064453125
1760554750332681700,14.223681640625,-0.9693603515625,0.00048828125,0.2545928955078125
1760554750342685700,14.233685791015626,-0.968048095703125,0.0011138916015625,0.2533416748046875
1760554750352690700,14.243690673828125,-0.9680023193359375,-0.000579833984375,0.2523956298828125
1760554750362694700,14.253694580078125,-0.9690399169921875,0,0.25433349609375
1760554750372699000,14.263698974609374,-0.9681243896484375,0.0013427734375,0.2518768310546875
1760554750382703900,14.273703857421875,-0.9673614501953125,0.0008392333984375,0.251739501953125
1760554750392707600,14.28370751953125,-0.9680633544921875,0.0006256103515625,0.2529296875
1760554750402712800,14.293712890625,-0.968505859375,-0.0002288818359375,0.2523345947265625
1760554750412716500,14.303716552734375,-0.969085693359375,-0.0006256103515625,0.2535552978515625
1760554750422720800,14.313720703125,-0.9668731689453125,-0.0013885498046875,0.2539520263671875
1760554750432725800,14.323725830078125,-0.9669952392578125,-0.0011749267578125,0.255340576171875
1760554750442729700,14.333729736328126,-0.9680328369140625,0.00079345703125,0.2542266845703125
1760554750452733700,14.343733642578124,-0.9671173095703125,-0.00067138671875,0.2529754638671875
1760554750462738700,14.35373876953125,-0.967193603515625,0.0013580322265625,0.2524566650390625
1760554750472743000,14.363742919921876,-0.9682464599609375,0.001678466796875,0.2533721923828125
1760554750482748000,14.373747802734375,-0.967529296875,0.0011444091796875,0.2544403076171875
1760554750492751600,14.383751708984375,-0.9683074951171875,0.00146484375,0.253143310546875
1760554750502754800,14.3937548828125,-0.96722412109375,0.001708984375,0.2523651123046875
1760554750512759800,14.403759765625,-0.9666748046875,0.001617431640625,0.2534332275390625
1760554750522764000,14.413763916015625,-0.9682159423828125,-0.000396728515625,0.2528533935546875
1760554750532768000,14.42376806640625,-0.9663848876953125,-0.0019683837890625,0.25396728515625
1760554750542773000,14.43377294921875,-0.965301513671875,-0.0023040771484375,0.25396728515625
1760554750552777000,14.44377685546875,-0.9659576416015625,-0.004791259765625,0.253814697265625
1760554750562782000,14.453781982421875,-0.964752197265625,-0.0062255859375,0.252227783203125
1760554750572786000,14.463785888671875,-0.96636962890625,-0.0058746337890625,0.253082275390625
1760554750582790000,14.473789794921874,-0.963104248046875,-0.00830078125,0.253692626953125
1760554750592795000,14.483794921875,-0.9630889892578125,-0.0073089599609375,0.25323486328125
1760554750602798800,14.493798828125,-0.9641876220703125,-0.006439208984375,0.2532806396484375
1760554750612803000,14.503802978515624,-0.9654998779296875,-0.0048980712890625,0.2525634765625
1760554750622808000,14.51380810546875,-0.9667510986328125,-0.0045318603515625,0.2545318603515625
1760554750632812000,14.52381201171875,-0.96630859375,-0.005035400390625,0.2540740966796875
1760554750642817000,14.533817138671875,-0.9665679931640625,-0.0035400390625,0.25323486328125
1760554750652821000,14.543821044921875,-0.9672393798828125,-0.002166748046875,0.253082275390625
1760554750662825000,14.553824951171874,-0.96807861328125,-0.0007476806640625,0.2542572021484375
1760554750672830000,14.563829833984375,-0.968994140625,-0.000396728515625,0.25311279296875
1760554750682834000,14.573833984375,-0.968536376953125,0.00152587890625,0.25311279296875
1760554750692838000,14.583837890625,-0.9683685302734375,0.00201416015625,0.254119873046875
1760554750702843000,14.5938427734375,-0.9664459228515625,0.0024871826171875,0.2538299560546875
1760554750712847000,14.60384716796875,-0.9677581787109375,0.0036163330078125,0.254547119140625
1760554750722852000,14.61385205078125,-0.9675445556640625,0.003326416015625,0.2540435791015625
1760554750732856000,14.62385595703125,-0.966522216796875,0.002685546875,0.2526397705078125
1760554750742859800,14.63385986328125,-0.968414306640625,0.003204345703125,0.2528839111328125
1760554750752864800,14.64386474609375,-0.96868896484375,0.0031280517578125,0.2533416748046875
1760554750762869000,14.653868896484376,-0.9683990478515625,0.0030364990234375,0.252166748046875
1760554750772873000,14.663873046875,-0.96771240234375,0.0044403076171875,0.254608154296875
1760554750782878000,14.6738779296875,-0.96875,0.007110595703125,0.2535858154296875
1760554750792882000,14.6838818359375,-0.9670562744140625,0.0058441162109375,0.2536163330078125
1760554750802887000,14.693886962890625,-0.9696044921875,0.006805419921875,0.254119873046875
1760554750812891000,14.703890869140626,-0.9677276611328125,0.0050811767578125,0.2535858154296875
1760554750822895000,14.71389501953125,-0.96728515625,0.0045166015625,0.2529449462890625
1760554750832900000,14.723900146484375,-0.9688720703125,0.004852294921875,0.2528076171875
1760554750842903800,14.73390380859375,-0.968841552734375,0.0050048828125,0.25299072265625
1760554750852907800,14.74390771484375,-0.966949462890625,0.004852294921875,0.2526702880859375
1760554750862912800,14.753912841796875,-0.9683685302734375,0.0038299560546875,0.2547607421875
1760554750872917000,14.7639169921875,-0.967254638671875,0.0040283203125,0.25421142578125
1760554750882922000,14.773921875,-0.9669342041015625,0.00250244140625,0.2542724609375
1760554750892926000,14.783926025390626,-0.966949462890625,0.0005035400390625,0.255462646484375
1760554750902930000,14.793929931640625,-0.966888427734375,0.0004119873046875,0.254241943359375
1760554750912935000,14.803934814453125,-0.96636962890625,-0.0012359619140625,0.2532501220703125
1760554750922939100,14.813939208984374,-0.9678955078125,-0.0030059814453125,0.2534942626953125
1760554750932942800,14.82394287109375,-0.9664764404296875,-0.0021514892578125,0.2539520263671875
1760554750942947800,14.83394775390625,-0.965057373046875,-0.003448486328125,0.2537384033203125
1760554750952951800,14.843951904296874,-0.965911865234375,-0.0041656494140625,0.2520294189453125
1760554750962956800,14.853956787109375,-0.965972900390625,-0.0044708251953125,0.2517852783203125
1760554750972961000,14.8639609375,-0.9652252197265625,-0.00213623046875,0.2511749267578125
1760554750982965000,14.873965087890625,-0.9654083251953125,-0.00115966796875,0.25384521484375
1760554750992970000,14.883969970703125,-0.96490478515625,-0.0016021728515625,0.253448486328125
1760554751002974000,14.893973876953124,-0.9658050537109375,-0.0005950927734375,0.25262451171875
1760554751012979000,14.90397900390625,-0.9683685302734375,0.0005950927734375,0.2538604736328125
1760554751022983000,14.91398291015625,-0.9665679931640625,-0.000244140625,0.2518463134765625
1760554751032987000,14.92398681640625,-0.9684906005859375,-0.0002593994140625,0.250701904296875
1760554751042991900,14.933991943359375,-0.9675445556640625,0,0.2526397705078125
1760554751052995800,14.943995849609376,-0.9652252197265625,-0.0008697509765625,0.252532958984375
1760554751063000000,14.954,-0.96661376953125,-0.0018768310546875,0.251739501953125
1760554751073005000,14.964005126953126,-0.96600341796875,-0.001373291015625,0.2531585693359375
1760554751083009000,14.974009033203124,-0.96551513671875,-0.0014495849609375,0.254058837890625
1760554751093014000,14.984013916015625,-0.967681884765625,-0.0015411376953125,0.2535552978515625
1760554751103018000,14.99401806640625,-0.966583251953125,-0.0013885498046875,0.25531005859375
1760554751113022000,15.00402197265625,-0.965911865234375,0.0005950927734375,0.25445556640625
1760554751123027000,15.01402685546875,-0.965728759765625,0.00152587890625,0.2525634765625
1760554751133031000,15.024031005859374,-0.9676666259765625,0.0048980712890625,0.2532806396484375
1760554751143035000,15.034034912109375,-0.969390869140625,0.00433349609375,0.2537384033203125
1760554751153040000,15.044039794921876,-0.9675140380859375,0.005828857421875,0.2526397705078125
1760554751163044000,15.054044189453125,-0.9679718017578125,0.0070037841796875,0.2532196044921875
1760554751173049000,15.064049072265625,-0.9703369140625,0.0074005126953125,0.25335693359375
1760554751183053000,15.074052978515626,-0.9703521728515625,0.006805419921875,0.252777099609375
1760554751193057000,15.08405712890625,-0.96942138671875,0.0046234130859375,0.25311279296875
1760554751203062000,15.09406201171875,-0.9697265625,0.0046844482421875,0.251739501953125
1760554751213066000,15.10406591796875,-0.96875,0.005401611328125,0.2533721923828125
1760554751223070000,15.114070068359375,-0.966552734375,0.0016937255859375,0.2528839111328125
1760554751233075000,15.124074951171876,-0.967437744140625,-0.0003662109375,0.25408935546875
1760554751243079000,15.134078857421875,-0.965728759765625,-0.0013885498046875,0.2543792724609375
1760554751253084000,15.144083984375,-0.965545654296875,-0.003875732421875,0.2542724609375
1760554751263087900,15.154087890625,-0.9644012451171875,-0.0040740966796875,0.2530059814453125
1760554751273092000,15.164092041015625,-0.9656829833984375,-0.00347900390625,0.253631591796875
1760554751283097000,15.17409716796875,-0.965179443359375,-0.00390625,0.2534637451171875
1760554751293101000,15.18410107421875,-0.965545654296875,-0.00457763671875,0.2541046142578125
1760554751303104800,15.194104736328125,-0.9650726318359375,-0.0055389404296875,0.25457763671875
1760554751313109800,15.20410986328125,-0.9666748046875,-0.003875732421875,0.2537994384765625
1760554751323114000,15.214114013671875,-0.965179443359375,-0.005035400390625,0.253631591796875
1760554751333119000,15.224118896484375,-0.9652252197265625,-0.003997802734375,0.25262451171875
1760554751343123000,15.234123046875,-0.9665374755859375,-0.0026702880859375,0.2537994384765625
1760554751353127000,15.244126953125,-0.967010498046875,-0.0028839111328125,0.252777099609375
1760554751363132000,15.2541318359375,-0.96728515625,-0.0035247802734375,0.254669189453125
1760554751373136100,15.26413623046875,-0.9665374755859375,-0.001800537109375,0.2541046142578125
1760554751383139800,15.274139892578125,-0.96527099609375,-0.0027313232421875,0.25384521484375
1760554751393144800,15.284144775390626,-0.964141845703125,-0.0015106201171875,0.254302978515625
1760554751403148800,15.294148681640625,-0.9641265869140625,-0.00048828125,0.253570556640625
1760554751413153800,15.30415380859375,-0.968109130859375,0.000030517578125,0.2530975341796875
1760554751423158000,15.314157958984374,-0.968597412109375,0.001312255859375,0.2541351318359375
1760554751433162000,15.324161865234375,-0.9687957763671875,0.001220703125,0.253265380859375
1760554751443167000,15.3341669921875,-0.968597412109375,0.0045623779296875,0.252532958984375
1760554751453171000,15.3441708984375,-0.9676971435546875,0.0038299560546875,0.25262451171875
1760554751463176000,15.354176025390625,-0.9681549072265625,0.0044097900390625,0.25347900390625
1760554751473180200,15.36418017578125,-0.968048095703125,0.0064544677734375,0.2532806396484375
1760554751483183900,15.374183837890625,-0.9680023193359375,0.0061798095703125,0.2525787353515625
1760554751493188900,15.38418896484375,-0.9678497314453125,0.006591796875,0.253143310546875
1760554751503193300,15.394193359375,-0.968017578125,0.0076751708984375,0.25390625
1760554751513197300,15.404197265625,-0.9689483642578125,0.0063934326171875,0.253387451171875
1760554751523202300,15.414202392578124,-0.9686431884765625,0.0063018798828125,0.2535552978515625
1760554751533206500,15.42420654296875,-0.968017578125,0.006256103515625,0.252532958984375
1760554751543211500,15.43421142578125,-0.96905517578125,0.0049591064453125,0.2535247802734375
1760554751553215500,15.444215576171874,-0.969024658203125,0.005615234375,0.2538299560546875
1760554751563219500,15.454219482421875,-0.9665985107421875,0.006134033203125,0.253173828125
1760554751573224400,15.464224365234376,-0.9670257568359375,0.005401611328125,0.2527313232421875
1760554751583228400,15.474228515625,-0.9670257568359375,0.0049896240234375,0.2527313232421875
1760554751593232400,15.484232421875,-0.96673583984375,0.00433349609375,0.254241943359375
1760554751603237400,15.4942373046875,-0.9680938720703125,0.0035858154296875,0.253326416015625
1760554751613241300,15.504241455078125,-0.9674530029296875,0.004486083984375,0.2533416748046875
1760554751623246300,15.514246337890626,-0.9666595458984375,0.0036163330078125,0.2538604736328125
1760554751633250600,15.52425048828125,-0.9674530029296875,0.001251220703125,0.2542572021484375
1760554751643254500,15.534254638671875,-0.969451904296875,0.0026397705078125,0.25408935546875
1760554751653259500,15.544259521484374,-0.9681854248046875,0.0031280517578125,0.2525177001953125
1760554751663263500,15.554263427734375,-0.968017578125,0.002410888671875,0.2522430419921875
1760554751673267500,15.564267333984375,-0.967315673828125,0.0042572021484375,0.2545623779296875
1760554751683272400,15.5742724609375,-0.9673004150390625,0.00323486328125,0.252960205078125
1760554751693276400,15.5842763671875,-0.968109130859375,0.0034027099609375,0.2540740966796875
1760554751703281400,15.594281494140626,-0.9683685302734375,0.003570556640625,0.251922607421875
1760554751713285400,15.604285400390625,-0.967132568359375,0.0033721923828125,0.2533721923828125
1760554751723289600,15.61428955078125,-0.9676055908203125,0.0020751953125,0.254302978515625
1760554751733294600,15.624294677734374,-0.9674530029296875,0.0016326904296875,0.2530059814453125
1760554751743298600,15.634298583984375,-0.9665069580078125,-0.0013427734375,0.2524261474609375
1760554751753303600,15.644303466796876,-0.96795654296875,-0.002349853515625,0.2532806396484375
1760554751763307500,15.6543076171875,-0.9654998779296875,-0.001922607421875,0.2541351318359375
1760554751773311500,15.6643115234375,-0.9668731689453125,-0.0028228759765625,0.253662109375
1760554751783316500,15.67431640625,-0.967132568359375,-0.0029449462890625,0.253143310546875
1760554751793320400,15.684320556640625,-0.9674224853515625,-0.004150390625,0.2511749267578125
1760554751803324400,15.694324462890625,-0.9664154052734375,-0.0035858154296875,0.2540283203125
1760554751813329400,15.704329345703124,-0.9662017822265625,-0.0041351318359375,0.2541656494140625
1760554751823333400,15.71433349609375,-0.9644927978515625,-0.0047760009765625,0.252716064453125
1760554751833337600,15.724337646484376,-0.9652099609375,-0.00732421875,0.25372314453125
1760554751843342600,15.734342529296875,-0.9650115966796875,-0.0074920654296875,0.2540435791015625
1760554751853346300,15.74434619140625,-0.965972900390625,-0.005035400390625,0.25482177734375
1760554751863351300,15.754351318359374,-0.9673004150390625,-0.0048675537109375,0.251312255859375
1760554751873355300,15.764355224609375,-0.9666595458984375,-0.0063323974609375,0.25384521484375
1760554751883359500,15.774359375,-0.9670562744140625,-0.0060272216796875,0.25341796875
1760554751893364500,15.784364501953124,-0.9663238525390625,-0.0060272216796875,0.25469970703125
1760554751903368400,15.794368408203125,-0.966888427734375,-0.0056304931640625,0.255218505859375
1760554751913373400,15.80437353515625,-0.9665374755859375,-0.00555419921875,0.2530670166015625
1760554751923377400,15.81437744140625,-0.96502685546875,-0.0050811767578125,0.25457763671875
1760554751933381600,15.824381591796875,-0.9672088623046875,-0.0042266845703125,0.2553558349609375
1760554751943386600,15.83438671875,-0.9661712646484375,-0.00439453125,0.253814697265625
1760554751953390300,15.844390380859375,-0.9664764404296875,-0.00189208984375,0.255218505859375
1760554751963394300,15.854394287109375,-0.967041015625,-0.0013275146484375,0.253326416015625
1760554751973399300,15.8643994140625,-0.96636962890625,-0.001556396484375,0.2529449462890625
1760554751983403500,15.874403564453125,-0.96710205078125,0.0008392333984375,0.252288818359375
1760554751993408500,15.884408447265624,-0.966278076171875,0.001373291015625,0.25518798828125
1760554752003412500,15.89441259765625,-0.963836669921875,-0.0017242431640625,0.254791259765625
1760554752013416400,15.90441650390625,-0.9638671875,-0.00274658203125,0.2637939453125
1760554752023421400,15.91442138671875,-0.956207275390625,-0.00274658203125,0.2826690673828125
1760554752033425700,15.92442578125,-0.955230712890625,-0.002685546875,0.281982421875
1760554752043429400,15.934429443359376,-0.957733154296875,-0.004180908203125,0.2743377685546875
1760554752053434400,15.944434326171875,-0.95989990234375,-0.005615234375,0.270233154296875
1760554752063438300,15.954438232421875,-0.9595184326171875,-0.005096435546875,0.270599365234375
1760554752073443300,15.964443359375,-0.9577178955078125,-0.0028228759765625,0.2711639404296875
1760554752083447600,15.974447509765625,-0.96014404296875,-0.00177001953125,0.2667236328125
1760554752093451500,15.984451416015625,-0.96282958984375,0.00018310546875,0.2597198486328125
1760554752103454500,15.994454345703126,-0.96240234375,0.0026092529296875,0.2607574462890625
1760554752113458400,16.00445849609375,-0.9622955322265625,0.0040435791015625,0.2606353759765625
1760554752123463400,16.01446337890625,-0.963897705078125,0.00653076171875,0.2572479248046875
1760554752133467400,16.02446728515625,-0.9646148681640625,0.011566162109375,0.2562255859375
1760554752143472400,16.034472412109373,-0.96844482421875,0.0152435302734375,0.2567138671875
1760554752153476400,16.044476318359376,-0.9673919677734375,0.0169219970703125,0.2512664794921875
1760554752163480600,16.05448046875,-0.96929931640625,0.019195556640625,0.2432708740234375
1760554752173485600,16.064485595703125,-0.971160888671875,0.021453857421875,0.235137939453125
1760554752183489500,16.074489501953124,-0.973663330078125,0.023773193359375,0.228515625
1760554752193493200,16.0844931640625,-0.977264404296875,0.0262603759765625,0.2204132080078125
1760554752203498200,16.094498291015626,-0.9793853759765625,0.0288543701171875,0.2159881591796875
1760554752213502500,16.10450244140625,-0.9806671142578125,0.0316619873046875,0.2084808349609375
1760554752223507500,16.114507568359375,-0.985076904296875,0.03485107421875,0.1995391845703125
1760554752233511400,16.124511474609374,-0.985992431640625,0.0381622314453125,0.193450927734375
1760554752243515400,16.134515380859376,-0.98663330078125,0.0399322509765625,0.1890869140625
1760554752253520400,16.144520263671875,-0.987457275390625,0.0416412353515625,0.184600830078125
1760554752263524600,16.154524658203126,-0.989013671875,0.0410308837890625,0.1752777099609375
1760554752273528300,16.1645283203125,-0.9903106689453125,0.042877197265625,0.16552734375
1760554752283533600,16.174533447265624,-0.9941253662109375,0.043212890625,0.1564483642578125
1760554752293537300,16.184537353515626,-0.992462158203125,0.041900634765625,0.1493377685546875
1760554752303542300,16.194542236328125,-0.9918975830078125,0.042022705078125,0.1490478515625
1760554752313546500,16.20454638671875,-0.9936370849609375,0.0428009033203125,0.14984130859375
1760554752323550500,16.214550537109375,-0.9927978515625,0.04241943359375,0.14898681640625
1760554752333555500,16.224555419921874,-0.993255615234375,0.0427703857421875,0.1492462158203125
1760554752343559400,16.234559326171876,-0.9928436279296875,0.0409698486328125,0.145751953125
1760554752353563600,16.244563720703123,-0.994384765625,0.0409698486328125,0.14276123046875
1760554752363568600,16.254568603515626,-0.9958648681640625,0.039154052734375,0.1343536376953125
1760554752373572400,16.264572265625,-0.9963226318359375,0.0381927490234375,0.1327667236328125
1760554752383577300,16.274577392578124,-0.9962158203125,0.036102294921875,0.1282501220703125
1760554752393581300,16.284581298828126,-0.99566650390625,0.03253173828125,0.12628173828125
1760554752403585500,16.29458544921875,-0.99609375,0.030059814453125,0.124664306640625
1760554752413590500,16.304590576171876,-0.995361328125,0.026519775390625,0.121246337890625
1760554752423594500,16.314594482421874,-0.997406005859375,0.02294921875,0.116302490234375
1760554752433598500,16.324598388671873,-0.9957427978515625,0.018951416015625,0.108123779296875
1760554752443603500,16.334603515625,-0.9945068359375,0.0132293701171875,0.0999603271484375
1760554752453607700,16.344607666015627,-0.9968109130859375,0.0078887939453125,0.093292236328125
1760554752463612700,16.35461279296875,-0.9969329833984375,0.0010223388671875,0.084869384765625
1760554752473616400,16.364616455078124,-0.994903564453125,-0.00421142578125,0.080352783203125
1760554752483621400,16.374621337890623,-0.992706298828125,-0.0120697021484375,0.0854339599609375
1760554752493625300,16.384625244140626,-0.993804931640625,-0.0210723876953125,0.06353759765625
1760554752503630300,16.39463037109375,-0.9941558837890625,-0.025665283203125,0.0537567138671875
1760554752513634000,16.404634033203124,-0.994873046875,-0.03118896484375,0.0506744384765625
1760554752523638000,16.414637939453126,-0.9947509765625,-0.033111572265625,0.0429229736328125
1760554752533643000,16.42464306640625,-0.9934234619140625,-0.0370330810546875,0.0370941162109375
1760554752543647000,16.43464697265625,-0.99298095703125,-0.0448760986328125,0.0312957763671875
1760554752553652000,16.44465185546875,-0.9915313720703125,-0.0515289306640625,0.0263214111328125
1760554752563656200,16.45465625,-0.988189697265625,-0.06158447265625,0.0171356201171875
1760554752573660000,16.464659912109376,-0.9875335693359375,-0.066375732421875,0.00799560546875
1760554752583665000,16.474664794921875,-1.0198822021484375,-0.0763397216796875,-0.01300048828125
1760554752593668900,16.4846689453125,-0.980438232421875,-0.0943756103515625,-0.018646240234375
1760554752603673000,16.494673095703124,-0.974700927734375,-0.08990478515625,-0.010345458984375
1760554752613678000,16.504677978515623,-0.974334716796875,-0.0853271484375,-0.007171630859375
1760554752623682000,16.51468212890625,-0.9759368896484375,-0.0800323486328125,-0.0044403076171875
1760554752633687000,16.52468701171875,-0.9849090576171875,-0.0699005126953125,-0.0093536376953125
1760554752643691000,16.53469091796875,-0.98394775390625,-0.063079833984375,-0.0167694091796875
1760554752653695200,16.5446953125,-0.986480712890625,-0.0562896728515625,-0.0217132568359375
1760554752663700200,16.5547001953125,-0.9912109375,-0.0488128662109375,-0.02593994140625
1760554752673704000,16.564703857421875,-0.9947662353515625,-0.037384033203125,-0.029449462890625
1760554752683708000,16.5747080078125,-0.998809814453125,-0.0235443115234375,-0.0243988037109375
1760554752693713000,16.584712890625,-0.9954986572265625,-0.019744873046875,-0.0245513916015625
1760554752703717000,16.594717041015624,-0.9941558837890625,-0.0136871337890625,-0.02532958984375
1760554752713722000,16.60472216796875,-0.9971160888671875,-0.00830078125,-0.0277099609375
1760554752723726000,16.61472607421875,-0.998809814453125,0.00189208984375,-0.0310821533203125
1760554752733730000,16.62472998046875,-1.0009613037109375,0.010711669921875,-0.035125732421875
1760554752743735000,16.634735107421875,-0.99932861328125,0.016937255859375,-0.0410919189453125
1760554752753739000,16.644739013671874,-1.00115966796875,0.024139404296875,-0.046234130859375
1760554752763744000,16.654743896484376,-1.0002288818359375,0.03204345703125,-0.055389404296875
1760554752773748000,16.664748046875,-0.9998779296875,0.036346435546875,-0.0688934326171875
1760554752783752000,16.674751953125,-1.000152587890625,0.0422210693359375,-0.0794830322265625
1760554752793757000,16.6847568359375,-0.9989471435546875,0.050048828125,-0.0889434814453125
1760554752803761000,16.694760986328124,-0.998809814453125,0.0537567138671875,-0.093841552734375
1760554752813765000,16.70476513671875,-0.9991607666015625,0.0556488037109375,-0.0958709716796875
1760554752823770000,16.71477001953125,-0.9985504150390625,0.05938720703125,-0.1036224365234375
1760554752833774000,16.724774169921876,-0.999267578125,0.064422607421875,-0.111358642578125
1760554752843779000,16.734779052734375,-1.000457763671875,0.0677642822265625,-0.1043548583984375
1760554752853782800,16.74478271484375,-1.0014801025390625,0.0706634521484375,-0.09393310546875
1760554752863787000,16.754787109375,-1.0008392333984375,0.07000732421875,-0.0998687744140625
1760554752873792000,16.7647919921875,-0.9989471435546875,0.06781005859375,-0.101806640625
1760554752883796000,16.7747958984375,-0.999298095703125,0.06787109375,-0.107086181640625
1760554752893800000,16.784800048828124,-0.9989776611328125,0.06500244140625,-0.101318359375
1760554752903805000,16.794804931640623,-0.9964599609375,0.0637664794921875,-0.10052490234375
1760554752913809200,16.80480908203125,-0.994171142578125,0.0590057373046875,-0.101043701171875
1760554752923814100,16.814814208984377,-0.992034912109375,0.051422119140625,-0.0908966064453125
1760554752933818000,16.824818115234375,-0.99188232421875,0.0472564697265625,-0.0865631103515625
1760554752943821800,16.83482177734375,-0.98968505859375,0.0504608154296875,-0.1206817626953125
1760554752953826800,16.844826904296873,-0.98614501953125,0.0401458740234375,-0.0919036865234375
1760554752963831000,16.8548310546875,-0.983489990234375,0.03839111328125,-0.0846405029296875
1760554752973835000,16.8648349609375,-0.98272705078125,0.0343780517578125,-0.06695556640625
1760554752983840000,16.874840087890625,-0.9935302734375,0.0341949462890625,-0.0642852783203125
1760554752993844000,16.884843994140624,-0.9881439208984375,0.042205810546875,-0.1034698486328125
1760554753003849000,16.894848876953127,-0.993194580078125,0.0424957275390625,-0.113250732421875
1760554753013853200,16.904853271484374,-0.9797210693359375,0.033782958984375,-0.0950469970703125
1760554753023857000,16.91485693359375,-0.974212646484375,0.0257110595703125,-0.0835723876953125
1760554753033862100,16.924862060546875,-1.008026123046875,0.027984619140625,-0.0967864990234375
1760554753043865900,16.934865966796874,-0.9549560546875,0.0205230712890625,-0.136474609375
1760554753053870000,16.9448701171875,-0.981842041015625,0.0097198486328125,-1.4726715087890625
1760554753063875000,16.954875,-0.98272705078125,0.0189361572265625,0.111114501953125
1760554753073879000,16.964879150390626,-0.9707794189453125,0.0380706787109375,0.1009674072265625
1760554753083884000,16.974884033203125,-0.976318359375,0.0132904052734375,-0.0858154296875
1760554753093888000,16.984887939453124,-0.9735565185546875,0.01458740234375,-0.0560760498046875
1760554753103892000,16.99489208984375,-0.991455078125,0.01708984375,-0.206390380859375
1760554753113897000,17.00489697265625,-0.97900390625,0.0886993408203125,-0.588958740234375
1760554753123901000,17.01490087890625,-0.9791412353515625,0.0019378662109375,-0.03070068359375
1760554753133906000,17.024906005859375,-0.9801025390625,0.0055999755859375,-0.2215423583984375
1760554753143910000,17.034909912109374,-0.982513427734375,0.1120758056640625,-0.17633056640625
1760554753153913900,17.044913818359376,-0.9767303466796875,0.047515869140625,-0.184539794921875
1760554753163918800,17.0549189453125,-0.9729461669921875,-0.02130126953125,-0.197021484375
1760554753173923000,17.064923095703126,-0.9775238037109375,-0.0013275146484375,-0.1936187744140625
1760554753183927000,17.074927001953125,-0.9767608642578125,-0.0037994384765625,-0.196044921875
1760554753193932000,17.08493212890625,-0.974395751953125,-0.0037994384765625,-0.202239990234375
1760554753203936000,17.09493603515625,-0.9749908447265625,0.0219573974609375,-0.1929931640625
1760554753213941000,17.10494091796875,-0.9729156494140625,-0.007110595703125,-0.1979217529296875
1760554753223945000,17.114945068359376,-0.9713287353515625,-0.0054168701171875,-0.2071075439453125
1760554753233949000,17.124948974609374,-0.9694976806640625,-0.005157470703125,-0.209716796875
1760554753243954000,17.134953857421873,-0.9701995849609375,-0.0062255859375,-0.2130279541015625
1760554753253958000,17.1449580078125,-0.9702301025390625,-0.0059051513671875,-0.2146148681640625
1760554753263962000,17.154962158203126,-0.9697723388671875,-0.0046844482421875,-0.21038818359375
1760554753273967000,17.164967041015625,-0.9719390869140625,-0.0028076171875,-0.2090911865234375
1760554753283971000,17.17497119140625,-0.9721221923828125,-0.00299072265625,-0.2059173583984375
1760554753293976000,17.18497607421875,-0.973724365234375,-0.00140380859375,-0.2022857666015625
1760554753303980000,17.19497998046875,-0.9754486083984375,-0.000885009765625,-0.1988677978515625
1760554753313984000,17.20498388671875,-0.9730682373046875,-0.001373291015625,-0.2061767578125
1760554753323989000,17.214989013671875,-0.9716949462890625,0.0013885498046875,-0.21173095703125
1760554753333993000,17.224992919921874,-0.970367431640625,0.004150390625,-0.214263916015625
1760554753343997000,17.234996826171876,-0.9707183837890625,0.00750732421875,-0.217010498046875
1760554753354002000,17.245001953125,-0.97283935546875,0.010650634765625,-0.218414306640625
1760554753364006100,17.255006103515626,-0.9723663330078125,0.0122833251953125,-0.223663330078125
1760554753374011100,17.26501123046875,-0.9709625244140625,0.0145263671875,-0.2276611328125
1760554753384015000,17.27501513671875,-0.97247314453125,0.0187835693359375,-0.231689453125
1760554753394018800,17.285018798828126,-0.9731292724609375,0.0185699462890625,-0.2358551025390625
1760554753404023800,17.29502392578125,-0.9718017578125,0.020416259765625,-0.2386474609375
1760554753414028000,17.305028076171876,-0.9725189208984375,0.0232696533203125,-0.2349395751953125
1760554753424032000,17.315031982421875,-0.9721832275390625,0.023895263671875,-0.2328948974609375
1760554753434037000,17.325037109375,-0.9712371826171875,0.0248260498046875,-0.237762451171875
1760554753444041000,17.335041015625,-0.9720306396484375,0.02374267578125,-0.238616943359375
1760554753454046000,17.3450458984375,-0.97039794921875,0.0224151611328125,-0.2355194091796875
1760554753464050200,17.35505029296875,-0.970123291015625,0.0224609375,-0.2343597412109375
1760554753474054100,17.36505419921875,-0.9719390869140625,0.022857666015625,-0.236297607421875
1760554753484059100,17.37505908203125,-0.9588165283203125,0.0486297607421875,-0.364593505859375
1760554753494062800,17.385062744140626,-0.9647674560546875,0.0522308349609375,-0.24493408203125
1760554753504067000,17.395067138671877,-0.986785888671875,0.0259857177734375,-0.173980712890625
1760554753514072300,17.405072265625,-0.968505859375,0.05322265625,-0.30474853515625
1760554753524076300,17.415076171875,-0.9860687255859375,0.030303955078125,-0.1957244873046875
1760554753534081300,17.425081298828125,-0.9669189453125,0.037139892578125,-0.270263671875
1760554753544085200,17.435085205078124,-0.9780731201171875,0.02703857421875,-0.220703125
1760554753554089200,17.445089111328127,-0.970184326171875,0.0287017822265625,-0.2589874267578125
1760554753564094200,17.45509423828125,-0.9710693359375,0.01727294921875,-0.2325592041015625
1760554753574098400,17.465098388671876,-0.96551513671875,0.01678466796875,-0.2539520263671875
1760554753584102400,17.475102294921875,-0.969207763671875,0.00982666015625,-0.236572265625
1760554753594107400,17.485107421875,-0.9669036865234375,0.0092010498046875,-0.2504119873046875
1760554753604111400,17.495111328125,-0.9675445556640625,0.008026123046875,-0.24041748046875
1760554753614116400,17.505116455078124,-0.968994140625,0.007598876953125,-0.2468109130859375
1760554753624120300,17.515120361328126,-0.9659271240234375,0.002471923828125,-0.2486724853515625
1760554753634124300,17.525124267578125,-0.9647979736328125,-0.001708984375,-0.244476318359375
1760554753644129300,17.53512939453125,-0.962615966796875,-0.005126953125,-0.2436370849609375
1760554753654133200,17.54513330078125,-0.9628753662109375,-0.0069732666015625,-0.2439727783203125
1760554753664138200,17.55513818359375,-0.964996337890625,-0.0090484619140625,-0.244537353515625
1760554753674142500,17.565142578125,-0.9642181396484375,-0.011566162109375,-0.2437744140625
1760554753684146400,17.575146484375,-0.9642181396484375,-0.010650634765625,-0.2452239990234375
1760554753694151400,17.5851513671875,-0.966156005859375,-0.0082855224609375,-0.244842529296875
1760554753704155400,17.5951552734375,-0.966888427734375,-0.0066070556640625,-0.2446441650390625
1760554753714159400,17.605159423828123,-0.9678192138671875,-0.004791259765625,-0.2462615966796875
1760554753724164400,17.615164306640626,-0.969512939453125,-0.0059661865234375,-0.2455596923828125
1760554753734168300,17.625168212890625,-0.9694366455078125,-0.0066375732421875,-0.244781494140625
1760554753744173300,17.63517333984375,-0.9697265625,-0.007843017578125,-0.2449188232421875
1760554753754177300,17.64517724609375,-0.9689178466796875,-0.0098419189453125,-0.246063232421875
1760554753764181200,17.65518115234375,-0.9692230224609375,-0.0116424560546875,-0.2451171875
1760554753774186500,17.6651865234375,-0.9689788818359375,-0.0150604248046875,-0.2474822998046875
1760554753784190500,17.6751904296875,-0.9643096923828125,-0.01806640625,-0.2473297119140625
1760554753794194200,17.685194091796873,-0.965087890625,-0.023590087890625,-0.2448272705078125
1760554753804199200,17.69519921875,-0.96478271484375,-0.0267486572265625,-0.2464141845703125
1760554753814203100,17.705203125,-0.96331787109375,-0.030029296875,-0.24603271484375
1760554753824208400,17.71520849609375,-0.96234130859375,-0.0332183837890625,-0.2476043701171875
1760554753834212400,17.72521240234375,-0.9649658203125,-0.0330657958984375,-0.2460479736328125
1760554753844216300,17.73521630859375,-0.9627838134765625,-0.034393310546875,-0.24652099609375
1760554753854221300,17.74522119140625,-0.963836669921875,-0.034942626953125,-0.2452545166015625
1760554753864225300,17.755225341796876,-0.9649810791015625,-0.0365753173828125,-0.24566650390625
1760554753874229500,17.7652294921875,-0.9642791748046875,-0.038360595703125,-0.2446441650390625
1760554753884234500,17.775234375,-0.9639434814453125,-0.0394134521484375,-0.246002197265625
1760554753894238200,17.78523828125,-0.9629364013671875,-0.040618896484375,-0.245391845703125
1760554753904243200,17.7952431640625,-0.963775634765625,-0.0423583984375,-0.2462158203125
1760554753914247200,17.8052470703125,-0.9626922607421875,-0.0459442138671875,-0.24658203125
1760554753924251400,17.81525146484375,-0.959930419921875,-0.052032470703125,-0.24591064453125
1760554753934256400,17.82525634765625,-0.957977294921875,-0.056365966796875,-0.245208740234375
1760554753944260400,17.83526025390625,-0.956024169921875,-0.058837890625,-0.244842529296875
1760554753954264300,17.845264404296874,-0.957000732421875,-0.057830810546875,-0.244598388671875
1760554753964269300,17.855269287109376,-0.9595794677734375,-0.055419921875,-0.24395751953125
1760554753974273500,17.8652734375,-0.9598236083984375,-0.052337646484375,-0.245330810546875
1760554753984278500,17.875278564453126,-0.9614410400390625,-0.0479736328125,-0.2457733154296875
1760554753994282200,17.8852822265625,-0.9654541015625,-0.041839599609375,-0.2465972900390625
1760554754004286200,17.8952861328125,-0.9637908935546875,-0.0390472412109375,-0.2479400634765625
1760554754014291200,17.905291259765626,-0.9645843505859375,-0.038299560546875,-0.2455596923828125
1760554754024295400,17.91529541015625,-0.963714599609375,-0.0370025634765625,-0.2447357177734375
1760554754034299400,17.92529931640625,-0.9639739990234375,-0.0366363525390625,-0.2462310791015625
1760554754044304400,17.935304443359374,-0.96551513671875,-0.03369140625,-0.247650146484375
1760554754054308400,17.945308349609373,-0.9662017822265625,-0.03271484375,-0.2461090087890625
1760554754064313300,17.955313232421876,-0.9658203125,-0.0300140380859375,-0.247711181640625
1760554754074317300,17.9653173828125,-0.967437744140625,-0.0265655517578125,-0.246337890625
1760554754084321300,17.9753212890625,-0.9688262939453125,-0.025421142578125,-0.246612548828125
1760554754094326300,17.985326171875,-0.9684600830078125,-0.02294921875,-0.245697021484375
1760554754104330200,17.995330322265627,-0.96807861328125,-0.0230255126953125,-0.246856689453125
1760554754114334500,18.00533447265625,-0.968536376953125,-0.022979736328125,-0.2479248046875
1760554754124339500,18.01533935546875,-0.969329833984375,-0.0221099853515625,-0.24761962890625
1760554754134343400,18.025343505859375,-0.96697998046875,-0.02276611328125,-0.247802734375
1760554754144348400,18.035348388671874,-0.96923828125,-0.023223876953125,-0.2471160888671875
1760554754154352400,18.045352294921877,-0.969512939453125,-0.0233612060546875,-0.24737548828125
1760554754164356400,18.0553564453125,-0.968109130859375,-0.023284912109375,-0.247833251953125
1760554754174361300,18.065361328125,-0.96875,-0.0241546630859375,-0.2456207275390625
1760554754184365300,18.075365234375,-0.9685821533203125,-0.0258026123046875,-0.2471923828125
1760554754194370300,18.085370361328124,-0.9671630859375,-0.0255279541015625,-0.24615478515625
1760554754204374300,18.095374267578126,-0.9665374755859375,-0.025848388671875,-0.24676513671875
1760554754214378200,18.105378173828125,-0.967315673828125,-0.0251922607421875,-0.24676513671875
1760554754224383200,18.11538330078125,-0.9671478271484375,-0.026336669921875,-0.246124267578125
1760554754234387500,18.125387451171875,-0.96539306640625,-0.0275421142578125,-0.2458648681640625
1760554754244391400,18.135391357421874,-0.9648284912109375,-0.027923583984375,-0.2472381591796875
1760554754254396400,18.145396484375,-0.965545654296875,-0.0283355712890625,-0.2447662353515625
1760554754264400100,18.155400146484375,-0.9650726318359375,-0.0296630859375,-0.2446746826171875
1760554754274405000,18.165405029296874,-0.9656524658203125,-0.0305328369140625,-0.245391845703125
1760554754284409300,18.175409423828125,-0.965423583984375,-0.0316925048828125,-0.2458343505859375
1760554754294413300,18.185413330078124,-0.9651947021484375,-0.0306396484375,-0.2469482421875
1760554754304418300,18.195418212890626,-0.96478271484375,-0.03033447265625,-0.2464141845703125
1760554754314422300,18.20542236328125,-0.9649810791015625,-0.030426025390625,-0.2455291748046875
1760554754324426500,18.215426513671876,-0.9645233154296875,-0.0287322998046875,-0.2454986572265625
1760554754334431500,18.225431396484375,-0.96649169921875,-0.029296875,-0.245941162109375
1760554754344435200,18.235435302734373,-0.9658660888671875,-0.029022216796875,-0.244415283203125
1760554754354440200,18.245440185546876,-0.963958740234375,-0.0311431884765625,-0.2469329833984375
1760554754364444200,18.255444091796875,-0.9640045166015625,-0.0317230224609375,-0.24755859375
1760554754374448400,18.265448486328125,-0.9654541015625,-0.0317535400390625,-0.246337890625
1760554754384453400,18.275453369140624,-0.9653472900390625,-0.031463623046875,-0.24517822265625
1760554754394457300,18.285457275390623,-0.9649810791015625,-0.0312957763671875,-0.2446136474609375
1760554754404461300,18.29546142578125,-0.9655914306640625,-0.0305023193359375,-0.2451629638671875
1760554754414466300,18.30546630859375,-0.9667816162109375,-0.030487060546875,-0.2467498779296875
1760554754424470500,18.315470458984375,-0.965179443359375,-0.0311126708984375,-0.24658203125
1760554754434475500,18.3254755859375,-0.9645233154296875,-0.029144287109375,-0.247161865234375
1760554754444479200,18.335479248046877,-0.966522216796875,-0.02886962890625,-0.244476318359375
1760554754454483200,18.345483154296875,-0.9681854248046875,-0.02777099609375,-0.2463226318359375
1760554754464488200,18.35548828125,-0.966217041015625,-0.0285186767578125,-0.247711181640625
1760554754474492400,18.365492431640625,-0.96612548828125,-0.027679443359375,-0.2471160888671875
1760554754484496400,18.375496337890624,-0.966522216796875,-0.0277557373046875,-0.2457275390625
1760554754494501400,18.38550146484375,-0.9664306640625,-0.029388427734375,-0.2464752197265625
1760554754504505300,18.39550537109375,-0.967315673828125,-0.02886962890625,-0.2466888427734375
1760554754514510300,18.40551025390625,-0.968017578125,-0.0301361083984375,-0.247283935546875
1760554754524514600,18.4155146484375,-0.9669189453125,-0.0283203125,-0.2460784912109375
1760554754534518300,18.425518310546874,-0.9653167724609375,-0.026458740234375,-0.24627685546875
1760554754544523300,18.435523193359376,-0.9653778076171875,-0.02752685546875,-0.248687744140625
1760554754554527200,18.44552734375,-0.96673583984375,-0.0258331298828125,-0.2460174560546875
1760554754564531200,18.45553125,-0.967498779296875,-0.0254974365234375,-0.24725341796875
1760554754574536400,18.465536376953125,-0.968963623046875,-0.025604248046875,-0.245819091796875
1760554754584540400,18.47554052734375,-0.966522216796875,-0.02557373046875,-0.24725341796875
1760554754594545400,18.48554541015625,-0.9666595458984375,-0.0249786376953125,-0.24591064453125
1760554754604549400,18.49554931640625,-0.96759033203125,-0.0256500244140625,-0.2459564208984375
1760554754614553000,18.505552978515624,-0.9674835205078125,-0.0258636474609375,-0.2457733154296875
1760554754624558300,18.515558349609375,-0.966583251953125,-0.0254364013671875,-0.2455902099609375
1760554754634562300,18.525562255859374,-0.966796875,-0.0263519287109375,-0.2470550537109375
1760554754644566300,18.535566162109376,-0.9661712646484375,-0.025238037109375,-0.247833251953125
1760554754654571300,18.5455712890625,-0.966888427734375,-0.0248870849609375,-0.246673583984375
1760554754664575200,18.5555751953125,-0.96807861328125,-0.0252685546875,-0.2460174560546875
1760554754674580200,18.565580322265625,-0.9685516357421875,-0.0249176025390625,-0.24688720703125
1760554754684584400,18.57558447265625,-0.9674072265625,-0.02508544921875,-0.2440643310546875
1760554754694588400,18.58558837890625,-0.9657135009765625,-0.025390625,-0.24591064453125
1760554754704593400,18.595593505859377,-0.9661865234375,-0.02459716796875,-0.246307373046875
1760554754714597000,18.60559716796875,-0.966766357421875,-0.02740478515625,-0.24749755859375
1760554754724601300,18.615601318359374,-0.9675750732421875,-0.02618408203125,-0.2461090087890625
1760554754734606300,18.6256064453125,-0.964996337890625,-0.0271453857421875,-0.246002197265625
1760554754744610300,18.6356103515625,-0.9667510986328125,-0.0268707275390625,-0.24578857421875
1760554754754615300,18.645615234375,-0.9659423828125,-0.028076171875,-0.2463531494140625
1760554754764619300,18.655619384765625,-0.9652862548828125,-0.028900146484375,-0.2482452392578125
1760554754774623500,18.66562353515625,-0.965240478515625,-0.0277252197265625,-0.246337890625
1760554754784628500,18.67562841796875,-0.9639129638671875,-0.028594970703125,-0.247314453125
1760554754794632400,18.685632568359374,-0.9669647216796875,-0.0285797119140625,-0.2459259033203125
1760554754804637400,18.695637451171876,-0.9682159423828125,-0.0287933349609375,-0.2471923828125
1760554754814641200,18.70564111328125,-0.967987060546875,-0.026336669921875,-0.2481231689453125
1760554754824645400,18.715645263671874,-0.9677581787109375,-0.0272979736328125,-0.2457427978515625
1760554754834650400,18.725650390625,-0.9659576416015625,-0.027313232421875,-0.245635986328125
1760554754844654300,18.735654296875,-0.967254638671875,-0.0264739990234375,-0.2449951171875
1760554754854658300,18.745658203125,-0.966583251953125,-0.025421142578125,-0.245941162109375
1760554754864663300,18.755663330078125,-0.9681549072265625,-0.0257568359375,-0.24591064453125
1760554754874667500,18.76566748046875,-0.967559814453125,-0.0261383056640625,-0.2458648681640625
1760554754884671200,18.775671142578126,-0.967193603515625,-0.02850341796875,-0.245849609375
1760554754894676500,18.785676513671874,-0.9658050537109375,-0.028839111328125,-0.2464599609375
1760554754904680200,18.79568017578125,-0.9665374755859375,-0.0274810791015625,-0.2454376220703125
1760554754914685200,18.805685302734375,-0.966217041015625,-0.027587890625,-0.2468109130859375
1760554754924689400,18.815689453125,-0.9671478271484375,-0.027069091796875,-0.2469940185546875
1760554754934693400,18.825693359375,-0.965301513671875,-0.028961181640625,-0.2470550537109375
1760554754944698400,18.835698486328123,-0.9658355712890625,-0.028045654296875,-0.2456207275390625
1760554754954702300,18.845702392578126,-0.967315673828125,-0.0287933349609375,-0.2460479736328125
1760554754964707300,18.855707275390625,-0.9667510986328125,-0.02874755859375,-0.2458038330078125
1760554754974711300,18.865711181640624,-0.9674835205078125,-0.03021240234375,-0.246368408203125
1760554754984715300,18.87571533203125,-0.966705322265625,-0.029754638671875,-0.2470855712890625
1760554754994720300,18.88572021484375,-0.9653472900390625,-0.029510498046875,-0.246002197265625
1760554755004724200,18.89572412109375,-0.964202880859375,-0.0317230224609375,-0.24639892578125
1760554755014728200,18.905728271484374,-0.9649200439453125,-0.031707763671875,-0.2454071044921875
1760554755024733200,18.915733154296873,-0.9656829833984375,-0.0333404541015625,-0.246368408203125
1760554755034737400,18.9257373046875,-0.9661102294921875,-0.0341644287109375,-0.24658203125
1760554755044742400,18.935742431640627,-0.963531494140625,-0.0325927734375,-0.2467498779296875
1760554755054746400,18.945746337890625,-0.964080810546875,-0.0349273681640625,-0.2469329833984375
1760554755064750300,18.955750244140624,-0.96490478515625,-0.03497314453125,-0.2454833984375
1760554755074755300,18.96575537109375,-0.9645538330078125,-0.0329132080078125,-0.247650146484375
1760554755084759300,18.97575927734375,-0.9664306640625,-0.0323333740234375,-0.24554443359375
1760554755094763300,18.98576318359375,-0.9650421142578125,-0.0326690673828125,-0.245697021484375
1760554755104768300,18.995768310546875,-0.96551513671875,-0.031280517578125,-0.2446136474609375
1760554755114772200,19.005772216796874,-0.96441650390625,-0.0319976806640625,-0.245880126953125
1760554755124777200,19.015777099609377,-0.9678497314453125,-0.0332794189453125,-0.2474822998046875
1760554755134781400,19.025781494140624,-0.965789794921875,-0.0320892333984375,-0.2468719482421875
1760554755144785400,19.035785400390626,-0.965545654296875,-0.0320281982421875,-0.2464752197265625
1760554755154790400,19.045790283203125,-0.9656982421875,-0.0331878662109375,-0.2469635009765625
1760554755164794400,19.05579443359375,-0.966278076171875,-0.0315093994140625,-0.2478790283203125
1760554755174798300,19.06579833984375,-0.9661712646484375,-0.0319671630859375,-0.2459869384765625
1760554755184803300,19.07580322265625,-0.9644927978515625,-0.030487060546875,-0.2461090087890625
1760554755194807300,19.085807373046876,-0.966888427734375,-0.03094482421875,-0.2465362548828125
1760554755204812300,19.095812255859375,-0.9651947021484375,-0.03076171875,-0.2464752197265625
1760554755214816300,19.105816162109374,-0.965545654296875,-0.0303955078125,-0.2446136474609375
1760554755224820500,19.115820556640625,-0.9662017822265625,-0.02984619140625,-0.2466888427734375
1760554755234825500,19.125825439453124,-0.96588134765625,-0.0305023193359375,-0.2464141845703125
1760554755244829400,19.135829345703126,-0.9669647216796875,-0.0298919677734375,-0.24591064453125
1760554755254833200,19.145833251953125,-0.96661376953125,-0.0293121337890625,-0.2465972900390625
1760554755264838100,19.155838134765624,-0.9662628173828125,-0.0296478271484375,-0.246307373046875
1760554755274842400,19.16584228515625,-0.96734619140625,-0.027587890625,-0.246337890625
1760554755284847400,19.175847412109373,-0.9664459228515625,-0.0279083251953125,-0.2476348876953125
1760554755294851300,19.185851318359376,-0.9675445556640625,-0.0260009765625,-0.2472381591796875
1760554755304855300,19.195855224609375,-0.965972900390625,-0.0269775390625,-0.248138427734375
1760554755314860300,19.2058603515625,-0.9656829833984375,-0.029327392578125,-0.2463531494140625
1760554755324864500,19.215864501953124,-0.966461181640625,-0.0296630859375,-0.2468719482421875
1760554755334868500,19.225868408203127,-0.966644287109375,-0.0302276611328125,-0.246490478515625
1760554755344873500,19.23587353515625,-0.967010498046875,-0.0292205810546875,-0.2447967529296875
1760554755354877200,19.245877197265624,-0.96661376953125,-0.02935791015625,-0.2472991943359375
1760554755364882200,19.255882080078123,-0.9654083251953125,-0.029449462890625,-0.246826171875
1760554755374886400,19.265886474609374,-0.96795654296875,-0.0276947021484375,-0.2476959228515625
1760554755384890400,19.275890380859376,-0.967071533203125,-0.0275726318359375,-0.2472076416015625
1760554755394895400,19.285895263671875,-0.9674072265625,-0.0282440185546875,-0.2474822998046875
1760554755404899300,19.2958994140625,-0.9683380126953125,-0.028076171875,-0.248443603515625
1760554755414903300,19.3059033203125,-0.965179443359375,-0.02740478515625,-0.247283935546875
1760554755424908300,19.315908203125,-0.965118408203125,-0.027069091796875,-0.2476959228515625
1760554755434912500,19.32591259765625,-0.9647674560546875,-0.02764892578125,-0.245330810546875
1760554755444917500,19.33591748046875,-0.96734619140625,-0.02777099609375,-0.2449798583984375
1760554755454921200,19.345921142578124,-0.9676513671875,-0.02716064453125,-0.2470550537109375
1760554755464925200,19.35592529296875,-0.96478271484375,-0.0288848876953125,-0.2464752197265625
1760554755474930200,19.36593017578125,-0.9658966064453125,-0.0289459228515625,-0.245361328125
1760554755484934400,19.375934326171876,-0.9654998779296875,-0.0285797119140625,-0.247161865234375
1760554755494938400,19.3859384765625,-0.965972900390625,-0.0286712646484375,-0.246612548828125
1760554755504943400,19.395943359375,-0.96630859375,-0.0294952392578125,-0.24591064453125
1760554755514947000,19.405947021484376,-0.9660797119140625,-0.0286865234375,-0.248931884765625
1760554755524952000,19.4159521484375,-0.966094970703125,-0.0294036865234375,-0.246124267578125
1760554755534956300,19.425956298828126,-0.9677581787109375,-0.0295257568359375,-0.2457427978515625
1760554755544960300,19.435960205078125,-0.9663238525390625,-0.0301666259765625,-0.24627685546875
1760554755554965200,19.44596533203125,-0.9656524658203125,-0.030242919921875,-0.24658203125
1760554755564969200,19.45596923828125,-0.966339111328125,-0.029937744140625,-0.246246337890625
1760554755574973200,19.46597314453125,-0.966888427734375,-0.0279998779296875,-0.2452239990234375
1760554755584978200,19.475978271484376,-0.9656219482421875,-0.0288848876953125,-0.2463531494140625
1760554755594982100,19.485982177734375,-0.96673583984375,-0.0296173095703125,-0.2457733154296875
1760554755604987100,19.495987060546874,-0.967010498046875,-0.028106689453125,-0.245758056640625
1760554755614991000,19.5059912109375,-0.9666595458984375,-0.027435302734375,-0.246368408203125
1760554755624995300,19.515995361328127,-0.9657135009765625,-0.0294189453125,-0.2468414306640625
1760554755635000300,19.526000244140626,-0.96588134765625,-0.0291900634765625,-0.2474365234375
1760554755645004300,19.53600439453125,-0.967620849609375,-0.0281829833984375,-0.2474822998046875
1760554755655008300,19.54600830078125,-0.967010498046875,-0.0281829833984375,-0.2468109130859375
1760554755665013200,19.55601318359375,-0.9656829833984375,-0.0283050537109375,-0.247161865234375
1760554755675017200,19.566017333984377,-0.96588134765625,-0.0294342041015625,-0.24578857421875
1760554755685022200,19.576022216796876,-0.9670257568359375,-0.0284423828125,-0.2484130859375
1760554755695026200,19.586026123046874,-0.9654998779296875,-0.0276031494140625,-0.2464447021484375
1760554755705030100,19.596030029296877,-0.96490478515625,-0.029022216796875,-0.245361328125
1760554755715035100,19.60603515625,-0.9645843505859375,-0.029693603515625,-0.2477569580078125
1760554755725039400,19.616039306640626,-0.96527099609375,-0.0294952392578125,-0.2454833984375
1760554755735043300,19.626043212890625,-0.9658355712890625,-0.0289154052734375,-0.2471771240234375
1760554755745048300,19.63604833984375,-0.96630859375,-0.0288238525390625,-0.24517822265625
1760554755755052000,19.646052001953127,-0.96612548828125,-0.0294189453125,-0.246490478515625
1760554755765057000,19.65605712890625,-0.96673583984375,-0.029296875,-0.2458343505859375
1760554755775061200,19.666061279296876,-0.966156005859375,-0.0283966064453125,-0.2449188232421875
1760554755785065200,19.676065185546875,-0.9680328369140625,-0.0303497314453125,-0.247467041015625
1760554755795070200,19.6860703125,-0.967193603515625,-0.02984619140625,-0.24676513671875
1760554755805074200,19.69607421875,-0.9666748046875,-0.0295867919921875,-0.2463531494140625
1760554755815078100,19.706078125,-0.964599609375,-0.028106689453125,-0.244384765625
1760554755825083100,19.716083251953126,-0.9656524658203125,-0.029388427734375,-0.2472991943359375
1760554755835087400,19.72608740234375,-0.968505859375,-0.0282135009765625,-0.2462615966796875
1760554755845092400,19.73609228515625,-0.9659881591796875,-0.029571533203125,-0.245819091796875
1760554755855096000,19.746095947265626,-0.96563720703125,-0.0283050537109375,-0.2447052001953125
1760554755865100000,19.75610009765625,-0.9644012451171875,-0.027923583984375,-0.2457275390625
1760554755875105000,19.76610498046875,-0.9648895263671875,-0.027557373046875,-0.2452850341796875
1760554755885109200,19.776109130859375,-0.967132568359375,-0.02685546875,-0.2463836669921875
1760554755895113200,19.78611328125,-0.9688720703125,-0.0260772705078125,-0.2464752197265625
1760554755905118200,19.7961181640625,-0.966156005859375,-0.0260009765625,-0.2444000244140625
1760554755915122200,19.8061220703125,-0.9671630859375,-0.0257568359375,-0.247772216796875
1760554755925127200,19.816127197265626,-0.967041015625,-0.02606201171875,-0.247528076171875
1760554755935131400,19.82613134765625,-0.966278076171875,-0.0258636474609375,-0.24853515625
1760554755945135000,19.836135009765623,-0.96771240234375,-0.0256805419921875,-0.245147705078125
1760554755955140000,19.84614013671875,-0.9680023193359375,-0.0260772705078125,-0.2451934814453125
1760554755965144000,19.85614404296875,-0.966339111328125,-0.025604248046875,-0.2448883056640625
1760554755975149000,19.866149169921876,-0.965606689453125,-0.025634765625,-0.246978759765625
1760554755985153300,19.8761533203125,-0.96600341796875,-0.0265350341796875,-0.2456512451171875
1760554755995157200,19.8861572265625,-0.9655303955078125,-0.0278472900390625,-0.2461700439453125
1760554756005162200,19.896162353515624,-0.96392822265625,-0.0277099609375,-0.2469024658203125
1760554756015166200,19.906166259765627,-0.966094970703125,-0.0295867919921875,-0.245269775390625
1760554756025170200,19.916170166015625,-0.965179443359375,-0.0289459228515625,-0.2455902099609375
1760554756035175200,19.926175048828124,-0.9640350341796875,-0.0290374755859375,-0.2459716796875
1760554756045179100,19.93617919921875,-0.9650421142578125,-0.027679443359375,-0.246490478515625
1760554756055183000,19.94618310546875,-0.9648284912109375,-0.026885986328125,-0.2463836669921875
1760554756065188000,19.95618798828125,-0.9666290283203125,-0.02685546875,-0.24615478515625
1760554756075192300,19.9661923828125,-0.9666748046875,-0.0277099609375,-0.2458343505859375
1760554756085197300,19.976197265625,-0.9681854248046875,-0.0264739990234375,-0.2470245361328125
1760554756095201300,19.986201171875,-0.9675445556640625,-0.0257568359375,-0.2486572265625
1760554756105205200,19.996205322265624,-0.966461181640625,-0.025726318359375,-0.2479705810546875
1760554756115209200,20.006209228515626,-0.9679718017578125,-0.0260772705078125,-0.2445526123046875
1760554756125214200,20.016214111328125,-0.96630859375,-0.0268402099609375,-0.243896484375
1760554756135218200,20.02621826171875,-0.9660491943359375,-0.026336669921875,-0.2453155517578125
1760554756145222100,20.03622216796875,-0.964996337890625,-0.026641845703125,-0.2486419677734375
1760554756155227100,20.04622705078125,-0.9671783447265625,-0.026702880859375,-0.2450103759765625
1760554756165231000,20.056231201171876,-0.967010498046875,-0.0260772705078125,-0.2456512451171875
1760554756175235300,20.0662353515625,-0.9678497314453125,-0.02593994140625,-0.24468994140625
1760554756185240300,20.076240234375,-0.9659881591796875,-0.0276947021484375,-0.2488861083984375
1760554756195244300,20.086244384765624,-0.9677581787109375,-0.0256500244140625,-0.247528076171875
1760554756205249300,20.096249267578123,-0.9682769775390625,-0.0263214111328125,-0.2451934814453125
1760554756215253000,20.1062529296875,-0.9670867919921875,-0.02734375,-0.245849609375
1760554756225257200,20.11625732421875,-0.9676971435546875,-0.026702880859375,-0.2464599609375
1760554756235262200,20.12626220703125,-0.968048095703125,-0.025604248046875,-0.2459716796875
1760554756245266200,20.13626611328125,-0.9660186767578125,-0.027862548828125,-0.246124267578125
1760554756255270100,20.146270263671877,-0.9654083251953125,-0.02655029296875,-0.2445220947265625
1760554756265275100,20.156275146484376,-0.9662628173828125,-0.02630615234375,-0.24560546875
1760554756275279400,20.166279296875,-0.9664459228515625,-0.025665283203125,-0.2475738525390625
1760554756285284400,20.176284423828125,-0.966644287109375,-0.02703857421875,-0.2467193603515625
1760554756295288000,20.1862880859375,-0.9669189453125,-0.0279388427734375,-0.245941162109375
1760554756305292000,20.1962919921875,-0.9663543701171875,-0.026580810546875,-0.2488861083984375
1760554756315297000,20.206297119140626,-0.965057373046875,-0.0254364013671875,-0.2471466064453125
1760554756325301200,20.21630126953125,-0.96734619140625,-0.0264434814453125,-0.246307373046875
1760554756335305200,20.22630517578125,-0.9668731689453125,-0.028167724609375,-0.2450714111328125
1760554756345310200,20.236310302734374,-0.965789794921875,-0.028533935546875,-0.2465362548828125
1760554756355314200,20.246314208984376,-0.9660797119140625,-0.0290374755859375,-0.245513916015625
1760554756365319200,20.256319091796875,-0.9674530029296875,-0.0276947021484375,-0.2460784912109375
1760554756375323400,20.266323486328126,-0.96771240234375,-0.0265045166015625,-0.2457733154296875
1760554756385327000,20.2763271484375,-0.9668426513671875,-0.029022216796875,-0.246856689453125
1760554756395332000,20.28633203125,-0.9643402099609375,-0.0298309326171875,-0.24627685546875
1760554756405336000,20.296336181640626,-0.96563720703125,-0.028564453125,-0.2455291748046875
1760554756415340300,20.30634033203125,-0.9666748046875,-0.029754638671875,-0.246307373046875
1760554756425345300,20.31634521484375,-0.96563720703125,-0.0295257568359375,-0.2457275390625
1760554756435349200,20.326349365234375,-0.96429443359375,-0.030059814453125,-0.2469024658203125
1760554756445354200,20.336354248046874,-0.9662933349609375,-0.0290069580078125,-0.245208740234375
1760554756455358200,20.346358154296876,-0.966400146484375,-0.0287017822265625,-0.245086669921875
1760554756465362400,20.356362548828123,-0.9661712646484375,-0.0284881591796875,-0.24578857421875
1760554756475367400,20.366367431640626,-0.9664764404296875,-0.0294036865234375,-0.2470703125
1760554756485371100,20.37637109375,-0.9664306640625,-0.0274505615234375,-0.243896484375
1760554756495375000,20.386375,-0.964935302734375,-0.0285797119140625,-0.2463226318359375
1760554756505380000,20.396380126953126,-0.965728759765625,-0.029022216796875,-0.247222900390625
1760554756515384300,20.40638427734375,-0.9671173095703125,-0.027008056640625,-0.247314453125
1760554756525389300,20.416389404296876,-0.9663848876953125,-0.0279693603515625,-0.2466888427734375
1760554756535393300,20.426393310546874,-0.9666290283203125,-0.0300140380859375,-0.2464599609375
1760554756545397200,20.436397216796873,-0.9668731689453125,-0.0285491943359375,-0.247711181640625
1760554756555402200,20.44640234375,-0.9670562744140625,-0.0272064208984375,-0.245941162109375
1760554756565406200,20.45640625,-0.9655914306640625,-0.0278167724609375,-0.24652099609375
1760554756575410400,20.466410400390625,-0.966796875,-0.0260467529296875,-0.246612548828125
1760554756585415400,20.47641552734375,-0.9658355712890625,-0.0279083251953125,-0.2459869384765625
1760554756595419400,20.48641943359375,-0.9666748046875,-0.0298614501953125,-0.2470703125
1760554756605424400,20.49642431640625,-0.9664459228515625,-0.028839111328125,-0.246612548828125
1760554756615428400,20.506428466796876,-0.965667724609375,-0.0283660888671875,-0.246551513671875
1760554756625432300,20.516432373046875,-0.967254638671875,-0.0304412841796875,-0.2470703125
1760554756635437300,20.526437255859374,-0.9662017822265625,-0.0290069580078125,-0.2460174560546875
1760554756645441300,20.536441162109377,-0.9668731689453125,-0.0293426513671875,-0.246734619140625
1760554756655445200,20.5464453125,-0.966705322265625,-0.028564453125,-0.244873046875
1760554756665450200,20.5564501953125,-0.965850830078125,-0.029205322265625,-0.2468414306640625
1760554756675454500,20.566454345703125,-0.9654541015625,-0.02911376953125,-0.24664306640625
1760554756685459500,20.57645947265625,-0.96636962890625,-0.0296478271484375,-0.2449188232421875
1760554756695463400,20.58646337890625,-0.9662017822265625,-0.0280609130859375,-0.2458038330078125
1760554756705467100,20.596467041015625,-0.966339111328125,-0.028533935546875,-0.24554443359375
1760554756715472100,20.60647216796875,-0.96636962890625,-0.02777099609375,-0.24615478515625
1760554756725476400,20.616476318359375,-0.966644287109375,-0.0273895263671875,-0.247802734375
1760554756735481300,20.6264814453125,-0.9667510986328125,-0.0288238525390625,-0.2469482421875
1760554756745485300,20.6364853515625,-0.9653472900390625,-0.02960205078125,-0.24664306640625
1760554756755489300,20.6464892578125,-0.966094970703125,-0.029052734375,-0.2463836669921875
1760554756765494300,20.656494384765626,-0.9658660888671875,-0.0298919677734375,-0.24560546875
1760554756775498500,20.66649853515625,-0.966064453125,-0.0299530029296875,-0.2464447021484375
1760554756785502500,20.67650244140625,-0.9657440185546875,-0.02783203125,-0.2451934814453125
1760554756795507500,20.686507568359374,-0.9653472900390625,-0.0272979736328125,-0.24688720703125
1760554756805511200,20.69651123046875,-0.9665985107421875,-0.0284576416015625,-0.2473602294921875
1760554756815516200,20.70651611328125,-0.9661407470703125,-0.0277099609375,-0.245849609375
1760554756825520400,20.716520263671875,-0.9674835205078125,-0.0283050537109375,-0.2457275390625
1760554756835524400,20.7265244140625,-0.9655609130859375,-0.02783203125,-0.245941162109375
1760554756845529300,20.736529296875,-0.9669189453125,-0.0266265869140625,-0.2473602294921875
1760554756855533300,20.746533203125,-0.966583251953125,-0.0268402099609375,-0.2478179931640625
1760554756865537300,20.756537353515625,-0.966033935546875,-0.0271453857421875,-0.245880126953125
1760554756875542500,20.76654248046875,-0.9661407470703125,-0.0275726318359375,-0.2463531494140625
1760554756885546500,20.77654638671875,-0.967376708984375,-0.027130126953125,-0.2460174560546875
1760554756895551500,20.786551513671874,-0.9662628173828125,-0.02728271484375,-0.2468719482421875
1760554756905555200,20.79655517578125,-0.9670867919921875,-0.0279388427734375,-0.2464599609375
1760554756915559200,20.80655908203125,-0.9659576416015625,-0.028350830078125,-0.2458648681640625
1760554756925564400,20.816564453125,-0.9661407470703125,-0.0289306640625,-0.246429443359375
1760554756935568400,20.826568359375,-0.9672088623046875,-0.029571533203125,-0.246795654296875
1760554756945572400,20.836572265625,-0.9653472900390625,-0.0297088623046875,-0.2453155517578125
1760554756955577300,20.846577392578126,-0.9658966064453125,-0.0304107666015625,-0.2473907470703125
1760554756965581300,20.856581298828125,-0.9666595458984375,-0.0297393798828125,-0.2476654052734375
1760554756975586300,20.86658642578125,-0.9656219482421875,-0.0288848876953125,-0.2466583251953125
1760554756985590300,20.87659033203125,-0.965545654296875,-0.0297393798828125,-0.2456512451171875
1760554756995594200,20.88659423828125,-0.964569091796875,-0.0308074951171875,-0.2453765869140625
1760554757005599200,20.89659912109375,-0.966278076171875,-0.03082275390625,-0.2475433349609375
1760554757015603200,20.906603271484375,-0.9675445556640625,-0.0302734375,-0.246490478515625
1760554757025607400,20.916607421875,-0.9666290283203125,-0.03125,-0.2467193603515625
1760554757035612400,20.9266123046875,-0.965576171875,-0.0319976806640625,-0.2458648681640625
1760554757045616400,20.936616455078124,-0.9644317626953125,-0.03192138671875,-0.2468414306640625
1760554757055621400,20.946621337890626,-0.9661712646484375,-0.0315399169921875,-0.2466583251953125
1760554757065625300,20.956625244140625,-0.9642486572265625,-0.0320587158203125,-0.24713134765625
1760554757075629300,20.96662939453125,-0.9648590087890625,-0.031158447265625,-0.24603271484375
1760554757085634300,20.97663427734375,-0.964599609375,-0.030303955078125,-0.245941162109375
1760554757095638300,20.98663818359375,-0.9662322998046875,-0.0307769775390625,-0.247528076171875
1760554757105642200,20.996642333984376,-0.9662017822265625,-0.030059814453125,-0.245758056640625
1760554757115647200,21.006647216796875,-0.9662933349609375,-0.0285186767578125,-0.24603271484375
1760554757125651500,21.0166513671875,-0.96649169921875,-0.0280914306640625,-0.2471771240234375
1760554757135656400,21.026656494140624,-0.96502685546875,-0.029083251953125,-0.2462158203125
1760554757145660400,21.036660400390623,-0.9642486572265625,-0.02850341796875,-0.246734619140625
1760554757155664400,21.046664306640626,-0.96661376953125,-0.02850341796875,-0.24664306640625
1760554757165669400,21.05666943359375,-0.966796875,-0.0296173095703125,-0.2474365234375
1760554757175673300,21.06667333984375,-0.9658966064453125,-0.028717041015625,-0.246978759765625
1760554757185677300,21.07667724609375,-0.96673583984375,-0.0294342041015625,-0.2457427978515625
1760554757195682300,21.086682373046877,-0.967742919921875,-0.0309295654296875,-0.246063232421875
1760554757205686300,21.096686279296875,-0.9662628173828125,-0.03131103515625,-0.2453155517578125
1760554757215691300,21.106691162109374,-0.9645538330078125,-0.029449462890625,-0.245635986328125
1760554757225695500,21.116695556640625,-0.9651947021484375,-0.0303955078125,-0.2479095458984375
1760554757235699500,21.126699462890624,-0.9651947021484375,-0.0313873291015625,-0.2462005615234375
1760554757245704400,21.136704345703127,-0.966583251953125,-0.028717041015625,-0.2451629638671875
1760554757255708200,21.146708251953125,-0.965911865234375,-0.0265045166015625,-0.245849609375
1760554757265712400,21.15671240234375,-0.968017578125,-0.0274658203125,-0.2490692138671875
1760554757275717400,21.16671728515625,-0.9670867919921875,-0.0300750732421875,-0.2469024658203125
1760554757285721300,21.176721435546874,-0.966278076171875,-0.0315093994140625,-0.246002197265625
1760554757295726300,21.186726318359376,-0.96453857421875,-0.0311279296875,-0.246551513671875
1760554757305730300,21.196730224609375,-0.9660186767578125,-0.031219482421875,-0.248626708984375
1760554757315734300,21.206734375,-0.964935302734375,-0.0286712646484375,-0.24725341796875
1760554757325739300,21.2167392578125,-0.9663543701171875,-0.026123046875,-0.2469024658203125
1760554757335743500,21.226743408203124,-0.96942138671875,-0.0224609375,-0.2455291748046875
1760554757345747200,21.236747314453126,-0.97088623046875,-0.0194091796875,-0.247528076171875
1760554757355752200,21.246752197265625,-0.9727783203125,-0.01690673828125,-0.2462615966796875
1760554757365756200,21.256756103515624,-0.9733123779296875,-0.0176544189453125,-0.2461090087890625
1760554757375761200,21.26676123046875,-0.9720611572265625,-0.0186309814453125,-0.2498016357421875
1760554757385765400,21.276765380859374,-0.971832275390625,-0.019561767578125,-0.24993896484375
1760554757395769300,21.286769287109376,-0.9696044921875,-0.02191162109375,-0.24932861328125
1760554757405774300,21.2967744140625,-0.9689788818359375,-0.0272064208984375,-0.2501678466796875
1760554757415778300,21.3067783203125,-0.9661712646484375,-0.0323028564453125,-0.2503814697265625
1760554757425782500,21.316782470703124,-0.96484375,-0.0337371826171875,-0.2520904541015625
1760554757435787500,21.32678759765625,-0.963134765625,-0.0363006591796875,-0.257537841796875
1760554757445791200,21.336791259765626,-0.9592742919921875,-0.0392913818359375,-0.269683837890625
1760554757455796200,21.346796142578125,-0.958709716796875,-0.0403289794921875,-0.276611328125
1760554757465800200,21.35680029296875,-0.9588165283203125,-0.040924072265625,-0.2790985107421875
1760554757475804400,21.366804443359374,-0.9600830078125,-0.0408935546875,-0.27880859375
1760554757485809400,21.376809326171873,-0.96026611328125,-0.0394439697265625,-0.274566650390625
1760554757495813400,21.3868134765625,-0.9632415771484375,-0.0358428955078125,-0.2689666748046875
1760554757505818400,21.396818359375,-0.96710205078125,-0.032928466796875,-0.2631683349609375
1760554757515822300,21.406822265625,-0.9696197509765625,-0.0298919677734375,-0.2527618408203125
1760554757525826600,21.41682666015625,-0.9744720458984375,-0.03021240234375,-0.24365234375
1760554757535831600,21.42683154296875,-0.977142333984375,-0.02978515625,-0.233428955078125
1760554757545835500,21.43683544921875,-0.9770965576171875,-0.031219482421875,-0.230621337890625
1760554757555839500,21.446839599609376,-0.97607421875,-0.03497314453125,-0.2255401611328125
1760554757565844500,21.456844482421875,-0.9776458740234375,-0.037506103515625,-0.223114013671875
1760554757575848700,21.4668486328125,-0.9779205322265625,-0.0399169921875,-0.2165374755859375
1760554757585852400,21.476852294921876,-0.98004150390625,-0.041748046875,-0.2133636474609375
1760554757595857400,21.486857421875,-0.980194091796875,-0.0438995361328125,-0.2117156982421875
1760554757605861400,21.496861328125,-0.981658935546875,-0.0450439453125,-0.1992645263671875
1760554757615866400,21.506866455078125,-0.9815673828125,-0.0502471923828125,-0.2009124755859375
1760554757625870600,21.51687060546875,-0.979949951171875,-0.05450439453125,-0.2008819580078125
1760554757635874600,21.52687451171875,-0.9806976318359375,-0.0606536865234375,-0.2002716064453125
1760554757645879600,21.536879638671873,-0.978668212890625,-0.0651702880859375,-0.1946258544921875
1760554757655883500,21.546883544921876,-0.9771881103515625,-0.071136474609375,-0.1865081787109375
1760554757665887500,21.556887451171875,-0.977508544921875,-0.080413818359375,-0.180877685546875
1760554757675892500,21.566892578125,-0.9776458740234375,-0.0856170654296875,-0.17254638671875
1760554757685896400,21.576896484375,-0.9774169921875,-0.0860443115234375,-0.16693115234375
1760554757695901400,21.5869013671875,-0.98004150390625,-0.086181640625,-0.1609649658203125
1760554757705905400,21.596905517578126,-0.9820709228515625,-0.0828399658203125,-0.156219482421875
1760554757715909400,21.606909423828125,-0.9837188720703125,-0.08453369140625,-0.1566314697265625
1760554757725914400,21.616914306640624,-0.983642578125,-0.083984375,-0.159027099609375
1760554757735918600,21.626918701171874,-0.984649658203125,-0.0835723876953125,-0.1640167236328125
1760554757745922600,21.636922607421877,-0.986541748046875,-0.0829010009765625,-0.1659698486328125
1760554757755927600,21.646927490234376,-0.9867095947265625,-0.0831451416015625,-0.1669158935546875
1760554757765931500,21.656931640625,-0.988800048828125,-0.08660888671875,-0.1642303466796875
1760554757775936500,21.6669365234375,-0.990203857421875,-0.09014892578125,-0.152374267578125
1760554757785940500,21.6769404296875,-0.9913787841796875,-0.092254638671875,-0.143890380859375
1760554757795944400,21.6869443359375,-0.99163818359375,-0.0962677001953125,-0.1336669921875
1760554757805949400,21.696949462890625,-0.99298095703125,-0.1013336181640625,-0.12957763671875
1760554757815953400,21.706953369140624,-0.9922637939453125,-0.1073760986328125,-0.1283111572265625
1760554757825957600,21.71695751953125,-0.99072265625,-0.1132354736328125,-0.1219482421875
1760554757835962600,21.726962646484374,-0.991058349609375,-0.1194610595703125,-0.10931396484375
1760554757845966600,21.736966552734376,-0.990478515625,-0.125335693359375,-0.104248046875
1760554757855971600,21.7469716796875,-0.9875946044921875,-0.1320648193359375,-0.1016693115234375
1760554757865975300,21.756975341796874,-0.9845428466796875,-0.141845703125,-0.10552978515625
1760554757875979500,21.7669794921875,-0.9797515869140625,-0.1508026123046875,-0.1079559326171875
1760554757885984500,21.776984619140624,-0.9766693115234375,-0.159576416015625,-0.110809326171875
1760554757895988500,21.786988525390626,-0.9746856689453125,-0.1642303466796875,-0.111541748046875
1760554757905992400,21.796992431640625,-0.9739227294921875,-0.1681060791015625,-0.1124114990234375
1760554757915997400,21.80699755859375,-0.97271728515625,-0.1724090576171875,-0.1173553466796875
1760554757926001700,21.817001708984375,-0.9742431640625,-0.175079345703125,-0.1219635009765625
1760554757936006700,21.827006591796874,-0.97509765625,-0.17706298828125,-0.119598388671875
1760554757946010600,21.8370107421875,-0.976348876953125,-0.178955078125,-0.11572265625
1760554757956014300,21.847014404296875,-0.97247314453125,-0.182037353515625,-0.1155853271484375
1760554757966019300,21.857019287109374,-0.971405029296875,-0.18939208984375,-0.1189117431640625
1760554757976023600,21.8670234375,-0.9697265625,-0.1954345703125,-0.1202545166015625
1760554757986027500,21.877027587890623,-0.9691925048828125,-0.1982879638671875,-0.117431640625
1760554757996032500,21.887032470703126,-0.968994140625,-0.2022552490234375,-0.110595703125
1760554758006036500,21.897036376953125,-0.9691314697265625,-0.2080078125,-0.1041717529296875
1760554758016041500,21.90704150390625,-0.9683074951171875,-0.2120208740234375,-0.0984649658203125
1760554758026045400,21.91704541015625,-0.9676513671875,-0.21759033203125,-0.0931854248046875
1760554758036049700,21.927049560546877,-0.9655303955078125,-0.222564697265625,-0.096405029296875
1760554758046054700,21.9370546875,-0.963592529296875,-0.2286376953125,-0.0974884033203125
1760554758056058400,21.947058349609375,-0.962890625,-0.23431396484375,-0.1010284423828125
1760554758066062300,21.957062255859373,-0.95904541015625,-0.2373504638671875,-0.1058807373046875
1760554758076067300,21.9670673828125,-0.957366943359375,-0.24151611328125,-0.1058502197265625
1760554758086071600,21.977071533203127,-0.9585418701171875,-0.2445831298828125,-0.1016387939453125
1760554758096076500,21.98707666015625,-0.9597625732421875,-0.2472991943359375,-0.0970611572265625
1760554758106080500,21.99708056640625,-0.959991455078125,-0.2495574951171875,-0.0900726318359375
1760554758116084500,22.00708447265625,-0.9588165283203125,-0.252777099609375,-0.0901947021484375
1760554758126089500,22.01708935546875,-0.958251953125,-0.2558746337890625,-0.0889129638671875
1760554758136093400,22.027093505859376,-0.957275390625,-0.2610931396484375,-0.085235595703125
1760554758146097400,22.037097412109375,-0.9559783935546875,-0.264190673828125,-0.0847625732421875
1760554758156102400,22.047102294921874,-0.86724853515625,-0.2588653564453125,-0.10369873046875
1760554758166106400,22.0571064453125,-0.8674468994140625,-0.1649627685546875,-0.11102294921875
1760554758176111400,22.067111328125,-1.017242431640625,-0.1526031494140625,-0.0234527587890625
1760554758186115600,22.077115478515626,-0.940582275390625,-0.129241943359375,-0.106719970703125
1760554758196119600,22.08711962890625,-0.982086181640625,-0.23797607421875,-0.194366455078125
1760554758206124500,22.09712451171875,-1.034912109375,-0.1690826416015625,-0.0081329345703125
1760554758216128500,22.10712841796875,-0.940185546875,-0.1351776123046875,0.0199432373046875
1760554758226132500,22.117132568359374,-0.94195556640625,-0.1714019775390625,0.0078125
1760554758236137500,22.127137451171876,-0.8771514892578125,-0.8983154296875,0.1179656982421875
1760554758246141400,22.137141357421875,-1.0430755615234375,-0.9007568359375,-0.5863037109375
1760554758256145400,22.1471455078125,-0.87255859375,0.2220458984375,0.0865936279296875
1760554758266150400,22.157150390625,-1.00616455078125,-0.1661224365234375,0.0392608642578125
1760554758276154600,22.167154541015623,-0.9475860595703125,-0.1745147705078125,-0.0670623779296875
1760554758286159600,22.17715966796875,-0.9716796875,-0.618072509765625,-0.2053680419921875
1760554758296163600,22.18716357421875,-0.957366943359375,-0.051849365234375,0.0235443115234375
1760554758306167600,22.19716748046875,-0.96246337890625,-0.3673553466796875,-0.0787506103515625
1760554758316172500,22.207172607421874,-0.967132568359375,-0.2527008056640625,-0.0531005859375
1760554758326176500,22.217176513671873,-0.955810546875,-0.2730712890625,-0.071685791015625
1760554758336181500,22.227181396484376,-0.9650726318359375,-0.2691802978515625,-0.0619354248046875
1760554758346185500,22.237185546875,-0.9549560546875,-0.2757110595703125,-0.0549774169921875
1760554758356189400,22.247189453125,-0.966033935546875,-0.2631988525390625,-0.045867919921875
1760554758366194400,22.2571943359375,-0.955108642578125,-0.275970458984375,-0.0481719970703125
1760554758376198700,22.26719873046875,-0.9620361328125,-0.2662506103515625,-0.0459442138671875
1760554758386202600,22.27720263671875,-0.9553680419921875,-0.2753143310546875,-0.0500946044921875
1760554758396207600,22.28720751953125,-0.9625091552734375,-0.2665863037109375,-0.048431396484375
1760554758406211600,22.297211669921875,-0.9571990966796875,-0.2721710205078125,-0.0540313720703125
1760554758416215300,22.30721533203125,-0.962860107421875,-0.267486572265625,-0.051361083984375
1760554758426220500,22.317220458984377,-0.9578094482421875,-0.27044677734375,-0.051177978515625
1760554758436224500,22.327224609375,-0.9615478515625,-0.2684326171875,-0.0492401123046875
1760554758446229500,22.3372294921875,-0.9580078125,-0.2718505859375,-0.0474853515625
1760554758456233500,22.3472333984375,-0.96075439453125,-0.27001953125,-0.046661376953125
1760554758466237400,22.357237548828124,-0.9610595703125,-0.2713165283203125,-0.0445098876953125
1760554758476242400,22.367242431640626,-0.96063232421875,-0.27130126953125,-0.042633056640625
1760554758486246700,22.37724658203125,-0.961212158203125,-0.2703704833984375,-0.0413665771484375
1760554758496250400,22.38725048828125,-0.9604949951171875,-0.27069091796875,-0.0441131591796875
1760554758506255400,22.39725537109375,-0.960296630859375,-0.2700042724609375,-0.044921875
1760554758516259300,22.40725927734375,-0.9622039794921875,-0.2702178955078125,-0.0431976318359375
1760554758526264300,22.417264404296876,-0.9617919921875,-0.272186279296875,-0.041046142578125
1760554758536268300,22.427268310546875,-0.9596710205078125,-0.2722015380859375,-0.0381317138671875
1760554758546272300,22.437272216796874,-0.9596405029296875,-0.2727508544921875,-0.0363311767578125
1760554758556277200,22.44727734375,-0.9596405029296875,-0.2727813720703125,-0.03668212890625
1760554758566281200,22.45728125,-0.959991455078125,-0.2710723876953125,-0.035308837890625
1760554758576285400,22.467285400390626,-0.9604034423828125,-0.273284912109375,-0.034423828125
1760554758586290400,22.47729052734375,-0.9591522216796875,-0.2725067138671875,-0.0319366455078125
1760554758596294400,22.48729443359375,-0.9595489501953125,-0.2709808349609375,-0.036468505859375
1760554758606299400,22.49729931640625,-0.9605712890625,-0.2704925537109375,-0.042572021484375
1760554758616303400,22.507303466796873,-0.963165283203125,-0.270294189453125,-0.0427398681640625
1760554758626307300,22.517307373046876,-0.961700439453125,-0.2702484130859375,-0.0426788330078125
1760554758636312300,22.527312255859375,-0.96038818359375,-0.271240234375,-0.04205322265625
1760554758646316300,22.53731640625,-0.959136962890625,-0.2717742919921875,-0.0413818359375
1760554758656320300,22.5473203125,-0.96160888671875,-0.2705841064453125,-0.039459228515625
1760554758666325200,22.5573251953125,-0.9604339599609375,-0.2695770263671875,-0.04046630859375
1760554758676329500,22.56732958984375,-0.960418701171875,-0.269439697265625,-0.041656494140625
1760554758686334500,22.57733447265625,-0.9607696533203125,-0.268707275390625,-0.0449676513671875
1760554758696338400,22.58733837890625,-0.9603118896484375,-0.2703094482421875,-0.047119140625
1760554758706342100,22.597342041015626,-0.9604339599609375,-0.2688140869140625,-0.046478271484375
1760554758716347100,22.60734716796875,-0.9615325927734375,-0.2682952880859375,-0.047576904296875
1760554758726351400,22.617351318359376,-0.960113525390625,-0.26953125,-0.04913330078125
1760554758736355300,22.627355224609374,-0.9611358642578125,-0.2683258056640625,-0.0506134033203125
1760554758746360300,22.6373603515625,-0.9598236083984375,-0.268310546875,-0.048248291015625
1760554758756364300,22.6473642578125,-0.959686279296875,-0.2693023681640625,-0.0439300537109375
1760554758766369300,22.657369384765627,-0.96038818359375,-0.270355224609375,-0.041748046875
1760554758776373500,22.66737353515625,-0.9603271484375,-0.27288818359375,-0.0412139892578125
1760554758786377500,22.67737744140625,-0.9615631103515625,-0.2708740234375,-0.041900634765625
1760554758796382500,22.687382568359375,-0.963134765625,-0.2701873779296875,-0.0447235107421875
1760554758806386200,22.69738623046875,-0.9618377685546875,-0.2694091796875,-0.0468597412109375
1760554758816390400,22.707390380859376,-0.960968017578125,-0.2697296142578125,-0.0454864501953125
1760554758826395400,22.7173955078125,-0.959686279296875,-0.2701263427734375,-0.0455474853515625
1760554758836399400,22.7273994140625,-0.9618072509765625,-0.2704315185546875,-0.0443572998046875
1760554758846404400,22.737404296875,-0.9627685546875,-0.2692413330078125,-0.04425048828125
1760554758856408300,22.747408203125,-0.9606475830078125,-0.2690277099609375,-0.0438079833984375
1760554758866412300,22.757412353515626,-0.960479736328125,-0.2701873779296875,-0.0448150634765625
1760554758876417300,22.767417236328125,-0.9606170654296875,-0.27056884765625,-0.0457763671875
1760554758886421500,22.77742138671875,-0.9602203369140625,-0.269744873046875,-0.0477752685546875
1760554758896425200,22.78742529296875,-0.959930419921875,-0.269622802734375,-0.0444488525390625
1760554758906430200,22.79743017578125,-0.9596405029296875,-0.2694549560546875,-0.0414276123046875
1760554758916434200,22.80743408203125,-0.958831787109375,-0.271392822265625,-0.042510986328125
1760554758926439200,22.817439208984375,-0.9609527587890625,-0.2716217041015625,-0.0416717529296875
1760554758936443400,22.827443359375,-0.9604339599609375,-0.26947021484375,-0.0424957275390625
1760554758946447400,22.837447265625,-0.960052490234375,-0.2703704833984375,-0.0440673828125
1760554758956452400,22.847452392578123,-0.961578369140625,-0.2707672119140625,-0.0446929931640625
1760554758966456300,22.857456298828126,-0.9619598388671875,-0.26861572265625,-0.050201416015625
1760554758976460300,22.867460205078125,-0.961517333984375,-0.269439697265625,-0.048095703125
1760554758986465300,22.87746533203125,-0.96014404296875,-0.2713623046875,-0.045074462890625
1760554758996469200,22.88746923828125,-0.96044921875,-0.2709808349609375,-0.0428619384765625
1760554759006474200,22.89747412109375,-0.95965576171875,-0.2711639404296875,-0.04315185546875
1760554759016478200,22.907478271484376,-0.9599151611328125,-0.271820068359375,-0.0430755615234375
1760554759026482400,22.917482421875,-0.961151123046875,-0.2697906494140625,-0.045806884765625
1760554759036487400,22.9274873046875,-0.9616241455078125,-0.2698516845703125,-0.0474090576171875
1760554759046491400,22.937491455078124,-0.9608154296875,-0.269805908203125,-0.047698974609375
1760554759056495400,22.947495361328127,-0.9614715576171875,-0.2692718505859375,-0.0464019775390625
1760554759066500400,22.957500244140626,-0.9601898193359375,-0.2707672119140625,-0.0450897216796875
1760554759076504300,22.96750439453125,-0.9602813720703125,-0.2704925537109375,-0.043060302734375
1760554759086508300,22.97750830078125,-0.9608917236328125,-0.271270751953125,-0.04364013671875
1760554759096513300,22.98751318359375,-0.9606475830078125,-0.2716217041015625,-0.0410308837890625
1760554759106517200,22.997517333984376,-0.96026611328125,-0.26971435546875,-0.043701171875
1760554759116522200,23.007522216796875,-0.9624481201171875,-0.2703094482421875,-0.04852294921875
1760554759126526500,23.0175263671875,-0.96051025390625,-0.2690582275390625,-0.050201416015625
1760554759136530400,23.027530517578125,-0.96099853515625,-0.2704925537109375,-0.04998779296875
1760554759146535400,23.037535400390624,-0.960693359375,-0.269775390625,-0.046295166015625
1760554759156539400,23.047539306640626,-0.9607086181640625,-0.26910400390625,-0.043212890625
1760554759166543400,23.05754345703125,-0.9613800048828125,-0.270538330078125,-0.0421295166015625
1760554759176548400,23.06754833984375,-0.9595947265625,-0.2698822021484375,-0.0435943603515625
1760554759186552300,23.07755224609375,-0.961639404296875,-0.2715301513671875,-0.0429534912109375
1760554759196557300,23.087557373046874,-0.9616241455078125,-0.27093505859375,-0.0408782958984375
1760554759206561300,23.097561279296876,-0.9612579345703125,-0.2721710205078125,-0.0386962890625
1760554759216565200,23.107565185546875,-0.9609527587890625,-0.2707672119140625,-0.040313720703125
1760554759226570200,23.1175703125,-0.9602203369140625,-0.2707672119140625,-0.0400238037109375
1760554759236574500,23.127574462890625,-0.959197998046875,-0.2703704833984375,-0.0399932861328125
1760554759246578200,23.137578125,-0.9611968994140625,-0.2708282470703125,-0.0415191650390625
1760554759256583200,23.147583251953126,-0.9610443115234375,-0.2709197998046875,-0.0422821044921875
1760554759266587100,23.157587158203125,-0.962677001953125,-0.272186279296875,-0.042144775390625
1760554759276592000,23.167592041015624,-0.9610443115234375,-0.2710418701171875,-0.040924072265625
1760554759286596400,23.177596435546874,-0.959320068359375,-0.2708892822265625,-0.0380401611328125
1760554759296600300,23.187600341796873,-0.960968017578125,-0.270538330078125,-0.04107666015625
1760554759306605300,23.197605224609376,-0.960906982421875,-0.27099609375,-0.0402069091796875
1760554759316609300,23.207609375,-0.9601287841796875,-0.270721435546875,-0.0400390625
1760554759326613500,23.217613525390625,-0.9592437744140625,-0.271026611328125,-0.041015625
1760554759336618500,23.227618408203124,-0.9613189697265625,-0.2692718505859375,-0.04486083984375
1760554759346622200,23.237622314453127,-0.9606170654296875,-0.268798828125,-0.0460662841796875
1760554759356627200,23.247627197265626,-0.9610595703125,-0.2679595947265625,-0.0445404052734375
1760554759366631200,23.257631103515624,-0.961273193359375,-0.2708282470703125,-0.045745849609375
1760554759376635400,23.267635498046875,-0.962554931640625,-0.2706451416015625,-0.0442047119140625
1760554759386640400,23.277640380859374,-0.96026611328125,-0.2711334228515625,-0.0409698486328125
1760554759396644400,23.287644287109377,-0.9617156982421875,-0.2716522216796875,-0.0413055419921875
1760554759406648300,23.2976484375,-0.961517333984375,-0.2705230712890625,-0.04351806640625
1760554759416653300,23.3076533203125,-0.9599761962890625,-0.2706451416015625,-0.0428466796875
1760554759426657500,23.317657470703125,-0.9598846435546875,-0.2714996337890625,-0.0413818359375
1760554759436661200,23.3276611328125,-0.9595489501953125,-0.2722320556640625,-0.0411529541015625
1760554759446666200,23.337666259765626,-0.9611053466796875,-0.271392822265625,-0.0425872802734375
1760554759456670200,23.347670166015625,-0.9609527587890625,-0.2712554931640625,-0.0433349609375
1760554759466675200,23.35767529296875,-0.96014404296875,-0.269622802734375,-0.0441436767578125
1760554759476679400,23.367679443359375,-0.9624176025390625,-0.269866943359375,-0.046539306640625
1760554759486683400,23.377683349609374,-0.9608001708984375,-0.270904541015625,-0.0455322265625
1760554759496688400,23.3876884765625,-0.9616851806640625,-0.2722015380859375,-0.0412139892578125
1760554759506692400,23.3976923828125,-0.95965576171875,-0.27197265625,-0.0395050048828125
1760554759516696000,23.407696044921874,-0.9593353271484375,-0.27197265625,-0.036651611328125
1760554759526701000,23.417701171875,-0.9602508544921875,-0.2725677490234375,-0.0339813232421875
1760554759536705000,23.427705078125,-0.9601593017578125,-0.2725677490234375,-0.03460693359375
1760554759546710000,23.4377099609375,-0.96026611328125,-0.271270751953125,-0.0327911376953125
1760554759556714000,23.4477138671875,-0.960723876953125,-0.271697998046875,-0.0347137451171875
1760554759566718200,23.45771826171875,-0.9617462158203125,-0.271484375,-0.036407470703125
1760554759576723200,23.46772314453125,-0.9608917236328125,-0.2714080810546875,-0.0387420654296875
1760554759586727200,23.47772705078125,-0.9609527587890625,-0.2699127197265625,-0.0401611328125
1760554759596731100,23.487731201171876,-0.96142578125,-0.270721435546875,-0.043365478515625
1760554759606736100,23.497736083984375,-0.9616851806640625,-0.27093505859375,-0.04339599609375
1760554759616740000,23.507739990234374,-0.9604644775390625,-0.2720794677734375,-0.0413055419921875
1760554759626744000,23.517744140625,-0.96112060546875,-0.270660400390625,-0.0420379638671875
1760554759636749000,23.5277490234375,-0.96026611328125,-0.27166748046875,-0.0410308837890625
1760554759646753000,23.5377529296875,-0.9600372314453125,-0.272125244140625,-0.040313720703125
1760554759656758000,23.547758056640625,-0.9595947265625,-0.27105712890625,-0.0389556884765625
1760554759666762200,23.55776220703125,-0.9612579345703125,-0.2694244384765625,-0.0390777587890625
1760554759676766200,23.56776611328125,-0.961212158203125,-0.2706451416015625,-0.03826904296875
1760554759686771200,23.577771240234377,-0.9606170654296875,-0.271484375,-0.0368804931640625
1760554759696775200,23.587775146484375,-0.9610137939453125,-0.2710113525390625,-0.0378875732421875
1760554759706779000,23.59777880859375,-0.9622039794921875,-0.272064208984375,-0.03631591796875
1760554759716784000,23.6077841796875,-0.96124267578125,-0.2720489501953125,-0.0356597900390625
1760554759726788000,23.6177880859375,-0.9608917236328125,-0.272064208984375,-0.03857421875
1760554759736793000,23.62779296875,-0.95989990234375,-0.2718963623046875,-0.0383453369140625
1760554759746797000,23.637797119140625,-0.96142578125,-0.272369384765625,-0.0388641357421875
1760554759756801000,23.647801025390624,-0.95989990234375,-0.2710418701171875,-0.0398712158203125
1760554759766806000,23.657805908203127,-0.9599456787109375,-0.2713470458984375,-0.03839111328125
1760554759776810200,23.667810302734374,-0.9605255126953125,-0.27056884765625,-0.0408477783203125
1760554759786814000,23.67781396484375,-0.9600067138671875,-0.27044677734375,-0.0391845703125
1760554759796819000,23.68781884765625,-0.9600830078125,-0.27203369140625,-0.036865234375
1760554759806823000,23.697822998046874,-0.9604339599609375,-0.270538330078125,-0.0350494384765625
1760554759816828000,23.707827880859377,-0.9603271484375,-0.2711334228515625,-0.0333709716796875
1760554759826832100,23.71783203125,-0.961517333984375,-0.272735595703125,-0.0348358154296875
1760554759836836000,23.727836181640626,-0.959747314453125,-0.2711639404296875,-0.035247802734375
1760554759846841000,23.737841064453125,-0.9599151611328125,-0.271759033203125,-0.0377655029296875
1760554759856845000,23.747844970703124,-0.959625244140625,-0.2721405029296875,-0.040557861328125
1760554759866849300,23.757849365234375,-0.96142578125,-0.2710723876953125,-0.037322998046875
1760554759876854300,23.767854248046874,-0.962249755859375,-0.2711181640625,-0.038665771484375
1760554759886858000,23.77785791015625,-0.9607086181640625,-0.2711639404296875,-0.038543701171875
1760554759896863000,23.787863037109375,-0.9601898193359375,-0.2702178955078125,-0.0366973876953125
1760554759906867000,23.797866943359374,-0.9600982666015625,-0.2701263427734375,-0.0364227294921875
1760554759916871200,23.80787109375,-0.95947265625,-0.270965576171875,-0.0346221923828125
1760554759926876200,23.817876220703123,-0.960205078125,-0.2730712890625,-0.0346832275390625
1760554759936880000,23.827880126953126,-0.96026611328125,-0.2727508544921875,-0.0348358154296875
1760554759946884000,23.837884033203125,-0.9607696533203125,-0.27191162109375,-0.0377655029296875
1760554759956889000,23.84788916015625,-0.962066650390625,-0.2696075439453125,-0.0392608642578125
1760554759966893300,23.857893310546874,-0.960235595703125,-0.271881103515625,-0.037078857421875
1760554759976897000,23.86789697265625,-0.9593658447265625,-0.2714691162109375,-0.0360565185546875
1760554759986902000,23.877902099609376,-0.959228515625,-0.2714691162109375,-0.03204345703125
1760554759996906000,23.887906005859374,-0.95965576171875,-0.2718963623046875,-0.0319671630859375
1760554760006911000,23.897910888671873,-0.9593505859375,-0.2730255126953125,-0.03216552734375
1760554760016915200,23.907915283203124,-0.961181640625,-0.2715606689453125,-0.0311279296875
1760554760026919200,23.917919189453126,-0.95953369140625,-0.2723388671875,-0.0311737060546875
1760554760036924200,23.927924072265625,-0.959228515625,-0.2720184326171875,-0.03375244140625
1760554760046928100,23.93792822265625,-0.959716796875,-0.2720184326171875,-0.037078857421875
1760554760056932000,23.94793212890625,-0.9599609375,-0.2714385986328125,-0.0373382568359375
1760554760066937000,23.95793701171875,-0.961669921875,-0.272491455078125,-0.0354461669921875
1760554760076941000,23.967941162109376,-0.9608154296875,-0.2723388671875,-0.036712646484375
1760554760086945000,23.977945068359375,-0.9597625732421875,-0.2725067138671875,-0.037933349609375
1760554760096950000,23.987949951171874,-0.96221923828125,-0.271209716796875,-0.03729248046875
1760554760106954000,23.9979541015625,-0.9613800048828125,-0.2709503173828125,-0.0381622314453125
1760554760116959000,24.007958984375,-0.9601898193359375,-0.271820068359375,-0.040771484375
1760554760126963200,24.017963134765626,-0.962554931640625,-0.271820068359375,-0.04034423828125
1760554760136967200,24.02796728515625,-0.961639404296875,-0.271026611328125,-0.04010009765625
1760554760146972200,24.03797216796875,-0.9622955322265625,-0.2713470458984375,-0.0384674072265625
1760554760156975900,24.047975830078126,-0.9604339599609375,-0.2717742919921875,-0.0352630615234375
1760554760166980000,24.05797998046875,-0.9601593017578125,-0.271087646484375,-0.0340118408203125
1760554760176985000,24.067985107421876,-0.959991455078125,-0.27410888671875,-0.0334320068359375
1760554760186989000,24.077989013671875,-0.95977783203125,-0.2711029052734375,-0.0328216552734375
1760554760196994000,24.087994140625,-0.9604034423828125,-0.2706756591796875,-0.0344696044921875
1760554760206998000,24.097998046875,-0.96038818359375,-0.2718658447265625,-0.035003662109375
1760554760217002200,24.108002197265623,-0.960662841796875,-0.269775390625,-0.0338134765625
1760554760227007200,24.11800732421875,-0.9595947265625,-0.270782470703125,-0.036956787109375
1760554760237011200,24.12801123046875,-0.961761474609375,-0.273040771484375,-0.0367889404296875
1760554760247015000,24.138014892578123,-0.9616851806640625,-0.272247314453125,-0.036651611328125
1760554760257020000,24.14802001953125,-0.959259033203125,-0.2722930908203125,-0.0342559814453125
1760554760267024100,24.158024169921877,-0.9612274169921875,-0.27130126953125,-0.03546142578125
1760554760277028000,24.168028076171876,-0.96075439453125,-0.2711029052734375,-0.035308837890625
1760554760287033000,24.178033203125,-0.9609527587890625,-0.2685089111328125,-0.036041259765625
1760554760297037000,24.188037109375,-0.9618682861328125,-0.2718048095703125,-0.0361175537109375
1760554760307042000,24.1980419921875,-0.9596405029296875,-0.27313232421875,-0.0378570556640625
1760554760317046300,24.20804638671875,-0.959991455078125,-0.27099609375,-0.039031982421875
1760554760327050000,24.218050048828125,-0.9617156982421875,-0.2719268798828125,-0.036346435546875
1760554760337055000,24.228054931640624,-0.9618988037109375,-0.2705230712890625,-0.0357208251953125
1760554760347059000,24.238058837890627,-0.96185302734375,-0.2713623046875,-0.036773681640625
1760554760357063200,24.248063232421874,-0.96051025390625,-0.269927978515625,-0.035400390625
1760554760367068200,24.258068115234376,-0.96044921875,-0.2706756591796875,-0.03729248046875
1760554760377072000,24.268072021484375,-0.9622344970703125,-0.270843505859375,-0.040283203125
1760554760387077000,24.2780771484375,-0.9620513916015625,-0.27081298828125,-0.0393524169921875
1760554760397081000,24.2880810546875,-0.9609375,-0.2716064453125,-0.0418243408203125
1760554760407085000,24.2980849609375,-0.959381103515625,-0.2705535888671875,-0.04168701171875
1760554760417090300,24.30809033203125,-0.9608306884765625,-0.270599365234375,-0.0402679443359375
1760554760427094000,24.318093994140625,-0.9615631103515625,-0.2716522216796875,-0.040924072265625
1760554760437098000,24.328097900390624,-0.9619140625,-0.271392822265625,-0.0389251708984375
1760554760447103000,24.33810302734375,-0.9599761962890625,-0.2712554931640625,-0.0372314453125
1760554760457107000,24.34810693359375,-0.96026611328125,-0.2713470458984375,-0.038177490234375
1760554760467111200,24.358111083984376,-0.960479736328125,-0.2721405029296875,-0.0359649658203125
1760554760477116200,24.3681162109375,-0.96038818359375,-0.271881103515625,-0.0370330810546875
1760554760487120100,24.3781201171875,-0.9600982666015625,-0.2721099853515625,-0.0384521484375
1760554760497125000,24.388125,-0.9600067138671875,-0.27197265625,-0.0381317138671875
1760554760507129000,24.398129150390623,-0.961517333984375,-0.2714691162109375,-0.0378265380859375
1760554760517133800,24.4081337890625,-0.9614715576171875,-0.2714385986328125,-0.0345611572265625
1760554760527138800,24.418138916015625,-0.9609375,-0.271484375,-0.03387451171875
1760554760537142800,24.428142822265624,-0.95977783203125,-0.2719268798828125,-0.03155517578125
1760554760547146800,24.438146728515626,-0.9611358642578125,-0.2727813720703125,-0.0328521728515625
1760554760557151700,24.44815185546875,-0.9606781005859375,-0.2714691162109375,-0.0310516357421875
1760554760567155700,24.45815576171875,-0.959930419921875,-0.2721099853515625,-0.031494140625
1760554760577160000,24.468159912109375,-0.96044921875,-0.2718048095703125,-0.031402587890625
1760554760587165000,24.4781650390625,-0.961395263671875,-0.272247314453125,-0.034332275390625
1760554760597169000,24.4881689453125,-0.960418701171875,-0.27191162109375,-0.0355987548828125
1760554760607174000,24.498173828125,-0.9589996337890625,-0.2717437744140625,-0.037109375
1760554760617177600,24.508177490234374,-0.96014404296875,-0.2715911865234375,-0.0377655029296875
1760554760627181800,24.518181884765625,-0.9600372314453125,-0.271392822265625,-0.037017822265625
1760554760637186800,24.528186767578124,-0.96112060546875,-0.2729034423828125,-0.037628173828125
1760554760647190800,24.538190673828126,-0.9595947265625,-0.27032470703125,-0.0387115478515625
1760554760657194800,24.54819482421875,-0.960235595703125,-0.27227783203125,-0.036956787109375
1760554760667199700,24.55819970703125,-0.9582977294921875,-0.2718658447265625,-0.035919189453125
1760554760677204000,24.568203857421874,-0.9604034423828125,-0.2720184326171875,-0.0336761474609375
1760554760687209000,24.578208984375,-0.96038818359375,-0.272186279296875,-0.0322723388671875
1760554760697213000,24.588212890625,-0.9614410400390625,-0.272369384765625,-0.027374267578125
1760554760707216600,24.598216552734375,-0.95904541015625,-0.2719268798828125,-0.028076171875
1760554760717221600,24.6082216796875,-0.960968017578125,-0.2733001708984375,-0.0264129638671875
1760554760727225900,24.618225830078124,-0.9598388671875,-0.271026611328125,-0.02734375
1760554760737229800,24.628229736328127,-0.9596405029296875,-0.270782470703125,-0.031707763671875
1760554760747234800,24.63823486328125,-0.9594573974609375,-0.271392822265625,-0.0362701416015625
1760554760757238800,24.64823876953125,-0.962738037109375,-0.27239990234375,-0.039459228515625
1760554760767243000,24.658242919921875,-0.96142578125,-0.2704620361328125,-0.0396728515625
1760554760777248000,24.668248046875,-0.9604034423828125,-0.270050048828125,-0.0411529541015625
1760554760787251700,24.678251708984376,-0.9602508544921875,-0.2711944580078125,-0.0412750244140625
1760554760797257000,24.688257080078124,-0.9610595703125,-0.2701263427734375,-0.04095458984375
1760554760807260700,24.6982607421875,-0.9603271484375,-0.270263671875,-0.04034423828125
1760554760817265000,24.708264892578125,-0.9617462158203125,-0.2713623046875,-0.0401611328125
1760554760827270000,24.718269775390624,-0.961456298828125,-0.2713623046875,-0.040771484375
1760554760837273900,24.72827392578125,-0.959930419921875,-0.2718505859375,-0.03692626953125
1760554760847277800,24.73827783203125,-0.960052490234375,-0.271575927734375,-0.03668212890625
1760554760857282800,24.74828271484375,-0.9593658447265625,-0.27197265625,-0.0371246337890625
1760554760867287000,24.758287109375,-0.96112060546875,-0.2718505859375,-0.035919189453125
1760554760877290800,24.768290771484374,-0.9607696533203125,-0.2714385986328125,-0.0369415283203125
1760554760887295700,24.778295654296876,-0.959991455078125,-0.2716522216796875,-0.0357666015625
1760554760897299700,24.7882998046875,-0.9611663818359375,-0.272186279296875,-0.0355377197265625
1760554760907304700,24.7983046875,-0.96136474609375,-0.2726593017578125,-0.0332183837890625
1760554760917309000,24.808308837890625,-0.961700439453125,-0.2717742919921875,-0.0326995849609375
1760554760927313000,24.81831298828125,-0.96136474609375,-0.271820068359375,-0.029266357421875
1760554760937318000,24.82831787109375,-0.9604949951171875,-0.272674560546875,-0.029022216796875
1760554760947321900,24.83832177734375,-0.9602203369140625,-0.273101806640625,-0.028167724609375
1760554760957325800,24.848325927734376,-0.961151123046875,-0.2725982666015625,-0.027313232421875
1760554760967330800,24.858330810546875,-0.95916748046875,-0.2726287841796875,-0.0250701904296875
1760554760977334800,24.868334716796873,-0.959716796875,-0.273040771484375,-0.0261383056640625
1760554760987338800,24.8783388671875,-0.959228515625,-0.2714691162109375,-0.0290374755859375
1760554760997343700,24.88834375,-0.96051025390625,-0.2714996337890625,-0.028106689453125
1760554761007347700,24.89834765625,-0.961456298828125,-0.2724151611328125,-0.0284881591796875
1760554761017352700,24.908352783203124,-0.9602813720703125,-0.2723541259765625,-0.0308380126953125
1760554761027357000,24.91835693359375,-0.96075439453125,-0.2711944580078125,-0.0329742431640625
1760554761037361000,24.92836083984375,-0.959686279296875,-0.2729949951171875,-0.03125
1760554761047366000,24.938365966796876,-0.959930419921875,-0.27215576171875,-0.0335540771484375
1760554761057369900,24.948369873046875,-0.9609832763671875,-0.2716827392578125,-0.0343475341796875
1760554761067373800,24.958373779296874,-0.961181640625,-0.273193359375,-0.03436279296875
1760554761077378800,24.96837890625,-0.961395263671875,-0.2720184326171875,-0.035064697265625
1760554761087382800,24.9783828125,-0.9610595703125,-0.2712860107421875,-0.036376953125
1760554761097387800,24.9883876953125,-0.961151123046875,-0.2711944580078125,-0.034576416015625
1760554761107391700,24.998391845703125,-0.95892333984375,-0.2718658447265625,-0.035064697265625
1760554761117396000,25.00839599609375,-0.9578399658203125,-0.2729339599609375,-0.0328369140625
1760554761127401000,25.01840087890625,-0.9605865478515625,-0.2724151611328125,-0.0331573486328125
1760554761137405000,25.028405029296874,-0.9608154296875,-0.2714080810546875,-0.0307464599609375
1760554761147408600,25.03840869140625,-0.9607086181640625,-0.272735595703125,-0.031707763671875
1760554761157413600,25.04841357421875,-0.96044921875,-0.272491455078125,-0.0328826904296875
1760554761167417900,25.05841796875,-0.9601898193359375,-0.27142333984375,-0.034027099609375
1760554761177421800,25.068421875,-0.9605255126953125,-0.2712860107421875,-0.0367279052734375
1760554761187426800,25.0784267578125,-0.9608001708984375,-0.2727203369140625,-0.035888671875
1760554761197430800,25.0884306640625,-0.961578369140625,-0.27197265625,-0.0341033935546875
1760554761207435800,25.098435791015625,-0.9608154296875,-0.2713470458984375,-0.03094482421875
1760554761217440000,25.10843994140625,-0.959503173828125,-0.27392578125,-0.0305938720703125
1760554761227444000,25.11844384765625,-0.9616851806640625,-0.2720489501953125,-0.0309906005859375
1760554761237449000,25.128448974609373,-0.960662841796875,-0.271636962890625,-0.0298004150390625
1760554761247452700,25.13845263671875,-0.960479736328125,-0.2716522216796875,-0.0319061279296875
1760554761257457000,25.148456787109374,-0.9605712890625,-0.2715301513671875,-0.03173828125
1760554761267462000,25.1584619140625,-0.96087646484375,-0.2730712890625,-0.03466796875
1760554761277465900,25.1684658203125,-0.9604644775390625,-0.272674560546875,-0.036712646484375
1760554761287469800,25.1784697265625,-0.960662841796875,-0.2718505859375,-0.0363006591796875
1760554761297474800,25.188474853515626,-0.9599151611328125,-0.2724151611328125,-0.0349884033203125
1760554761307478800,25.198478759765624,-0.9609832763671875,-0.271392822265625,-0.0351104736328125
1760554761317483800,25.20848388671875,-0.9618377685546875,-0.27178955078125,-0.035675048828125
1760554761327488000,25.218488037109374,-0.9589996337890625,-0.271484375,-0.0338134765625
1760554761337491700,25.22849169921875,-0.95916748046875,-0.272064208984375,-0.03338623046875
1760554761347496700,25.23849658203125,-0.9609375,-0.2716827392578125,-0.032379150390625
1760554761357500700,25.248500732421874,-0.961456298828125,-0.2716064453125,-0.0312652587890625
1760554761367505000,25.2585048828125,-0.959686279296875,-0.2739715576171875,-0.0327911376953125
1760554761377510000,25.268510009765624,-0.960662841796875,-0.2721099853515625,-0.031890869140625
1760554761387513900,25.278513916015626,-0.9606475830078125,-0.2725677490234375,-0.0316009521484375
1760554761397517800,25.288517822265625,-0.9608612060546875,-0.272064208984375,-0.0352325439453125
1760554761407522800,25.298522705078124,-0.960418701171875,-0.271942138671875,-0.03472900390625
1760554761417526800,25.30852685546875,-0.959991455078125,-0.271820068359375,-0.035125732421875
1760554761427531800,25.31853173828125,-0.960205078125,-0.27239990234375,-0.0338287353515625
1760554761437535700,25.32853564453125,-0.961334228515625,-0.2727508544921875,-0.0330963134765625
1760554761447539700,25.338539794921875,-0.9597320556640625,-0.270721435546875,-0.03472900390625
1760554761457544700,25.348544677734374,-0.9611053466796875,-0.271759033203125,-0.035797119140625
1760554761467549000,25.358548828125,-0.9610595703125,-0.272125244140625,-0.0352783203125
1760554761477553000,25.368552978515623,-0.961883544921875,-0.2724151611328125,-0.036468505859375
1760554761487558000,25.378557861328126,-0.960662841796875,-0.2698516845703125,-0.0357666015625
1760554761497561900,25.388561767578125,-0.961181640625,-0.2713775634765625,-0.0334930419921875
1760554761507566800,25.39856689453125,-0.9608306884765625,-0.270660400390625,-0.0349578857421875
1760554761517570300,25.4085703125,-0.959686279296875,-0.2718658447265625,-0.03619384765625
1760554761527574300,25.41857421875,-0.960296630859375,-0.2725372314453125,-0.0379486083984375
1760554761537579300,25.428579345703124,-0.96124267578125,-0.2716522216796875,-0.035552978515625
1760554761547583200,25.438583251953126,-0.962921142578125,-0.271942138671875,-0.0355072021484375
1760554761557587500,25.44858740234375,-0.9615478515625,-0.2722320556640625,-0.035675048828125
1760554761567592400,25.458592529296876,-0.960357666015625,-0.2724761962890625,-0.0329742431640625
1760554761577596400,25.468596435546875,-0.9597015380859375,-0.2723388671875,-0.03204345703125
1760554761587600100,25.47860009765625,-0.959136962890625,-0.2741241455078125,-0.032470703125
1760554761597605000,25.488605224609376,-0.95806884765625,-0.2724761962890625,-0.0302734375
1760554761607609300,25.498609375,-0.960174560546875,-0.27203369140625,-0.0305023193359375
1760554761617613300,25.50861328125,-0.960845947265625,-0.2730865478515625,-0.0281524658203125
1760554761627618300,25.518618408203125,-0.9610748291015625,-0.2719268798828125,-0.029205322265625
1760554761637622300,25.528622314453123,-0.961273193359375,-0.273956298828125,-0.0300445556640625
1760554761647627300,25.538627197265626,-0.961090087890625,-0.27294921875,-0.029327392578125
1760554761657631500,25.548631591796877,-0.959075927734375,-0.27203369140625,-0.029022216796875
1760554761667635500,25.558635498046876,-0.9619598388671875,-0.2730712890625,-0.0279388427734375
1760554761677640400,25.568640380859375,-0.961029052734375,-0.27166748046875,-0.0300445556640625
1760554761687644200,25.57864404296875,-0.96185302734375,-0.2727203369140625,-0.0323486328125
1760554761697648400,25.5886484375,-0.9610137939453125,-0.272491455078125,-0.033233642578125
1760554761707653400,25.5986533203125,-0.95965576171875,-0.272705078125,-0.0315399169921875
1760554761717657300,25.6086572265625,-0.96002197265625,-0.2722930908203125,-0.0308837890625
1760554761727662300,25.618662353515624,-0.961181640625,-0.2720184326171875,-0.03106689453125
1760554761737666300,25.628666259765627,-0.9615478515625,-0.271820068359375,-0.030426025390625
1760554761747670500,25.63867041015625,-0.9604644775390625,-0.2724456787109375,-0.028167724609375
1760554761757675500,25.648675537109376,-0.9610443115234375,-0.27178955078125,-0.0292510986328125
1760554761767679200,25.65867919921875,-0.962066650390625,-0.27301025390625,-0.0285491943359375
1760554761777683200,25.66868310546875,-0.960662841796875,-0.2712249755859375,-0.0265045166015625
1760554761787688200,25.678688232421877,-0.9609222412109375,-0.27197265625,-0.0286712646484375
1760554761797692400,25.6886923828125,-0.9597625732421875,-0.273101806640625,-0.0307159423828125
1760554761807696400,25.6986962890625,-0.95947265625,-0.272674560546875,-0.0319366455078125
1760554761817701400,25.708701416015625,-0.9603424072265625,-0.273223876953125,-0.0321807861328125
1760554761827705300,25.718705322265624,-0.960296630859375,-0.273162841796875,-0.032196044921875
1760554761837710300,25.72871044921875,-0.96044921875,-0.2721405029296875,-0.031524658203125
1760554761847714300,25.73871435546875,-0.9606170654296875,-0.2717742919921875,-0.0304412841796875
1760554761857718300,25.74871826171875,-0.9608917236328125,-0.2727203369140625,-0.0326995849609375
1760554761867723300,25.75872314453125,-0.9635009765625,-0.272674560546875,-0.0338897705078125
1760554761877727200,25.768727294921874,-0.960968017578125,-0.27239990234375,-0.03216552734375
1760554761887731200,25.778731201171876,-0.9604949951171875,-0.2728118896484375,-0.031494140625
1760554761897736200,25.788736083984375,-0.9615936279296875,-0.2722625732421875,-0.0301971435546875
1760554761907740400,25.798740478515626,-0.9620819091796875,-0.2711029052734375,-0.028778076171875
1760554761917744400,25.808744384765625,-0.96142578125,-0.2716064453125,-0.0301666259765625
1760554761927749400,25.818749267578124,-0.9603729248046875,-0.272552490234375,-0.0292816162109375
1760554761937753300,25.82875341796875,-0.9605712890625,-0.272186279296875,-0.03057861328125
1760554761947757300,25.83875732421875,-0.9605712890625,-0.2717742919921875,-0.032073974609375
1760554761957762300,25.84876220703125,-0.960601806640625,-0.2720947265625,-0.0313873291015625
1760554761967766300,25.858766357421874,-0.9607086181640625,-0.2730712890625,-0.0350189208984375
1760554761977771300,25.868771240234373,-0.95916748046875,-0.2720489501953125,-0.0335540771484375
1760554761987775200,25.878775146484376,-0.959808349609375,-0.271820068359375,-0.031768798828125
1760554761997779500,25.888779541015627,-0.9610748291015625,-0.2722930908203125,-0.0307159423828125
1760554762007784400,25.898784423828126,-0.960113525390625,-0.27191162109375,-0.0311431884765625
1760554762017788400,25.908788330078124,-0.960418701171875,-0.272125244140625,-0.0305633544921875
1760554762027792100,25.918792236328127,-0.9590301513671875,-0.2731781005859375,-0.03167724609375
1760554762037797000,25.928797119140626,-0.96099853515625,-0.273284912109375,-0.0287017822265625
1760554762047801300,25.93880126953125,-0.95941162109375,-0.2737274169921875,-0.028106689453125
1760554762057805300,25.948805419921875,-0.9595184326171875,-0.2723846435546875,-0.0276641845703125
1760554762067810300,25.958810302734374,-0.9597320556640625,-0.2730560302734375,-0.0269775390625
1760554762077814300,25.968814208984377,-0.96075439453125,-0.272430419921875,-0.029388427734375
1760554762087819300,25.9788193359375,-0.9593963623046875,-0.2726898193359375,-0.0280609130859375
1760554762097823500,25.988823486328126,-0.961822509765625,-0.2720184326171875,-0.02630615234375
1760554762107827500,25.998827392578125,-0.9613037109375,-0.27301025390625,-0.02471923828125
1760554762117832400,26.00883251953125,-0.95947265625,-0.2728271484375,-0.02349853515625
1760554762127836200,26.018836181640626,-0.9605255126953125,-0.2723846435546875,-0.021331787109375
1760554762137840400,26.02884033203125,-0.96002197265625,-0.2731781005859375,-0.0224761962890625
1760554762147845400,26.038845458984376,-0.959991455078125,-0.2711181640625,-0.021392822265625
1760554762157849300,26.048849365234375,-0.9600982666015625,-0.27264404296875,-0.0238037109375
1760554762167853300,26.058853271484374,-0.9599456787109375,-0.272735595703125,-0.0272369384765625
1760554762177858300,26.0688583984375,-0.960540771484375,-0.27191162109375,-0.02581787109375
1760554762187862300,26.0788623046875,-0.9617156982421875,-0.271942138671875,-0.0275115966796875
1760554762197867500,26.088867431640626,-0.9617919921875,-0.2725982666015625,-0.0307769775390625
1760554762207871500,26.09887158203125,-0.96014404296875,-0.2720794677734375,-0.0304412841796875
1760554762217875200,26.108875244140624,-0.9604034423828125,-0.273162841796875,-0.0293121337890625
1760554762227880200,26.118880126953126,-0.9605255126953125,-0.27313232421875,-0.03094482421875
1760554762237884200,26.12888427734375,-0.9604949951171875,-0.2723236083984375,-0.0330657958984375
1760554762247888400,26.138888427734376,-0.96197509765625,-0.2730255126953125,-0.03436279296875
1760554762257893400,26.148893310546875,-0.9614410400390625,-0.272247314453125,-0.03369140625
1760554762267897300,26.1588974609375,-0.9608917236328125,-0.27191162109375,-0.0319671630859375
1760554762277901300,26.1689013671875,-0.962493896484375,-0.2715911865234375,-0.0327301025390625
1760554762287906300,26.17890625,-0.9618682861328125,-0.273162841796875,-0.0295562744140625
1760554762297910300,26.18891015625,-0.960479736328125,-0.27215576171875,-0.0320587158203125
1760554762307915300,26.198915283203124,-0.9605865478515625,-0.27276611328125,-0.0324554443359375
1760554762317919200,26.208919189453123,-0.9599151611328125,-0.2717437744140625,-0.0333709716796875
1760554762327923200,26.218923095703126,-0.959442138671875,-0.2716522216796875,-0.0282745361328125
1760554762337928200,26.22892822265625,-0.9606170654296875,-0.272796630859375,-0.0255584716796875
1760554762347932400,26.238932373046875,-0.960418701171875,-0.2706756591796875,-0.0247344970703125
1760554762357936400,26.248936279296874,-0.9596710205078125,-0.2733306884765625,-0.025482177734375
1760554762367941400,26.25894140625,-0.9598541259765625,-0.2729949951171875,-0.02337646484375
1760554762377945300,26.2689453125,-0.960662841796875,-0.2740936279296875,-0.0244140625
1760554762387949300,26.27894921875,-0.961212158203125,-0.272857666015625,-0.0235748291015625
1760554762397954300,26.288954345703125,-0.96087646484375,-0.273040771484375,-0.024993896484375
1760554762407958300,26.298958251953124,-0.960693359375,-0.2720794677734375,-0.025848388671875
1760554762417962200,26.308962158203126,-0.960174560546875,-0.2747039794921875,-0.0235137939453125
1760554762427967200,26.31896728515625,-0.9608612060546875,-0.2729339599609375,-0.02197265625
1760554762437971500,26.328971435546876,-0.9612884521484375,-0.273162841796875,-0.02777099609375
1760554762447976400,26.3389765625,-0.95928955078125,-0.272125244140625,-0.030487060546875
1760554762457980400,26.34898046875,-0.9602508544921875,-0.271697998046875,-0.0336151123046875
1760554762467984400,26.358984375,-0.9593505859375,-0.2734832763671875,-0.0296173095703125
1760554762477989400,26.3689892578125,-0.9620208740234375,-0.270233154296875,-0.027984619140625
1760554762487993300,26.378993408203126,-0.961029052734375,-0.2729034423828125,-0.0358123779296875
1760554762497997300,26.388997314453125,-0.9631805419921875,-0.2714996337890625,-0.038177490234375
1760554762508002300,26.399002197265624,-0.9607391357421875,-0.27154541015625,-0.04205322265625
1760554762518006800,26.4090068359375,-0.960479736328125,-0.271484375,-0.045989990234375
1760554762528010800,26.4190107421875,-0.960662841796875,-0.273101806640625,-0.04534912109375
1760554762538015700,26.429015625,-0.9548187255859375,-0.2814178466796875,-0.0380096435546875
1760554762548019700,26.439019775390626,-0.9485931396484375,-0.2889404296875,-0.0335540771484375
1760554762558024700,26.449024658203125,-0.94500732421875,-0.2947540283203125,-0.0341033935546875
1760554762568028700,26.459028564453124,-0.941497802734375,-0.30145263671875,-0.02764892578125
1760554762578032600,26.46903271484375,-0.9375457763671875,-0.305267333984375,-0.0238800048828125
1760554762588037600,26.47903759765625,-0.9354705810546875,-0.3078765869140625,-0.0244293212890625
1760554762598041900,26.489041748046876,-0.931793212890625,-0.31451416015625,-0.0273284912109375
1760554762608045800,26.4990458984375,-0.9269561767578125,-0.3191375732421875,-0.0274810791015625
1760554762618050800,26.50905078125,-0.9225006103515625,-0.324249267578125,-0.019622802734375
1760554762628054800,26.5190546875,-0.9195098876953125,-0.3237457275390625,-0.0085601806640625
1760554762638058800,26.529058837890624,-0.92364501953125,-0.3189697265625,-0.008819580078125
1760554762648063700,26.539063720703126,-0.9267120361328125,-0.3068084716796875,-0.0100555419921875
1760554762658067700,26.549067626953125,-0.9317779541015625,-0.2952728271484375,-0.0095367431640625
1760554762668072700,26.55907275390625,-0.937713623046875,-0.28460693359375,-0.01104736328125
1760554762678076700,26.56907666015625,-0.9434356689453125,-0.27032470703125,-0.01153564453125
1760554762688081000,26.579080810546873,-0.945556640625,-0.257904052734375,-0.0132293701171875
1760554762698086000,26.5890859375,-0.9518585205078125,-0.244842529296875,-0.0140228271484375
1760554762708089900,26.59908984375,-0.9557647705078125,-0.231048583984375,-0.01385498046875
1760554762718093600,26.609093505859374,-0.96173095703125,-0.218841552734375,-0.0102691650390625
1760554762728098600,26.6190986328125,-0.96527099609375,-0.2032623291015625,-0.0070953369140625
1760554762738102800,26.629102783203123,-0.9743804931640625,-0.1873626708984375,-0.0100860595703125
1760554762748106800,26.639106689453126,-0.9810943603515625,-0.1695556640625,-0.013397216796875
1760554762758111700,26.64911181640625,-0.979766845703125,-0.1540374755859375,-0.0197601318359375
1760554762768115700,26.65911572265625,-0.9828643798828125,-0.14190673828125,-0.0236053466796875
1760554762778119700,26.66911962890625,-0.9856414794921875,-0.1304779052734375,-0.0274810791015625
1760554762788124700,26.679124755859377,-0.9892425537109375,-0.12115478515625,-0.0254364013671875
1760554762798129000,26.68912890625,-0.9910736083984375,-0.1060791015625,-0.0210418701171875
1760554762808134000,26.6991337890625,-0.9964141845703125,-0.093292236328125,-0.0166015625
1760554762818137600,26.7091376953125,-1.0042572021484375,-0.076629638671875,-0.013214111328125
1760554762828141600,26.7191416015625,-1.001190185546875,-0.0626220703125,-0.0118408203125
1760554762838146600,26.729146484375,-1.003997802734375,-0.050811767578125,-0.0118865966796875
1760554762848150800,26.73915087890625,-1.00848388671875,-0.03851318359375,-0.01434326171875
1760554762858154800,26.74915478515625,-1.0087432861328125,-0.029571533203125,-0.0139007568359375
1760554762868159700,26.75915966796875,-1.0080718994140625,-0.0201263427734375,-0.0178070068359375
1760554762878163700,26.769163818359374,-1.0251312255859375,-0.009796142578125,-0.028411865234375
1760554762888168000,26.77916796875,-1.0320892333984375,0.006866455078125,-0.0364837646484375
1760554762898173000,26.7891728515625,-1.01959228515625,0.018585205078125,-0.0371856689453125
1760554762908176600,26.7991767578125,-1.03460693359375,0.0259552001953125,-0.0326385498046875
1760554762918181600,26.809181640625,-1.03094482421875,0.03936767578125,-0.0274810791015625
1760554762928185600,26.819185546875,-1.0174560546875,0.044647216796875,-0.020751953125
1760554762938189800,26.82918994140625,-1.0159759521484375,0.046417236328125,-0.019195556640625
1760554762948194800,26.83919482421875,-1.012420654296875,0.049407958984375,-0.0211639404296875
1760554762958198800,26.84919873046875,-1.0135040283203125,0.0503082275390625,-0.01849365234375
1760554762968202800,26.85920263671875,-1.0126953125,0.053253173828125,-0.0145721435546875
1760554762978207700,26.869207763671874,-1.010345458984375,0.0543060302734375,-0.0136871337890625
1760554762988211700,26.879211669921876,-1.009124755859375,0.0526123046875,-0.015228271484375
1760554762998215700,26.889215576171875,-1.008392333984375,0.0546112060546875,-0.0142974853515625
1760554763008220700,26.899220703125,-1.005889892578125,0.0503692626953125,-0.0163726806640625
1760554763018224600,26.909224609375,-1.005584716796875,0.0472564697265625,-0.0157012939453125
1760554763028228900,26.919228759765623,-1.0032806396484375,0.0439605712890625,-0.0177001953125
1760554763038233900,26.92923388671875,-1.002655029296875,0.04010009765625,-0.0192108154296875
1760554763048237800,26.93923779296875,-1.0007476806640625,0.033538818359375,-0.02008056640625
1760554763058242800,26.949242919921875,-0.9982452392578125,0.027618408203125,-0.0223388671875
1760554763068246800,26.959246826171874,-0.9957733154296875,0.0220794677734375,-0.024078369140625
1760554763078250800,26.969250732421877,-0.9941253662109375,0.0175933837890625,-0.0265350341796875
1760554763088255700,26.979255859375,-0.9931640625,0.0130615234375,-0.029510498046875
1760554763098259700,26.989259765625,-0.99285888671875,0.00677490234375,-0.0257415771484375
1760554763108263700,26.999263671875,-0.9898529052734375,0.003570556640625,-0.024993896484375
1760554763118268700,27.0092685546875,-0.988494873046875,0.0020751953125,-0.0260772705078125
1760554763128273000,27.01927294921875,-0.988922119140625,0.0048980712890625,-0.027008056640625
1760554763138276900,27.02927685546875,-0.9896392822265625,0.01043701171875,-0.032073974609375
1760554763148281900,27.03928173828125,-0.9913330078125,0.015869140625,-0.03729248046875
1760554763158285800,27.049285888671875,-0.991546630859375,0.023284912109375,-0.0366668701171875
1760554763168290800,27.059290771484374,-0.9910736083984375,0.0281982421875,-0.0350189208984375
1760554763178294800,27.069294677734376,-0.9915924072265625,0.0342864990234375,-0.03289794921875
1760554763188298800,27.079298828125,-0.9941558837890625,0.04217529296875,-0.0325469970703125
1760554763198303700,27.0893037109375,-0.99322509765625,0.048065185546875,-0.031280517578125
1760554763208307700,27.0993076171875,-0.991302490234375,0.054473876953125,-0.028594970703125
1760554763218311700,27.109311767578124,-0.9912567138671875,0.0601959228515625,-0.0297698974609375
1760554763228316700,27.119316650390626,-0.9924163818359375,0.06622314453125,-0.0292205810546875
1760554763238321000,27.12932080078125,-0.9921875,0.0714111328125,-0.02886962890625
1760554763248324600,27.13932470703125,-0.99151611328125,0.07965087890625,-0.0294036865234375
1760554763258329600,27.14932958984375,-0.9906158447265625,0.0851898193359375,-0.031219482421875
1760554763268333600,27.15933349609375,-0.9922332763671875,0.0927886962890625,-0.0292510986328125
1760554763278337800,27.169337890625,-0.993408203125,0.100677490234375,-0.029510498046875
1760554763288342800,27.1793427734375,-0.991851806640625,0.109222412109375,-0.03094482421875
1760554763298346800,27.1893466796875,-0.9920196533203125,0.116851806640625,-0.02813720703125
1760554763308351700,27.199351806640625,-0.993316650390625,0.1225738525390625,-0.027740478515625
1760554763318355700,27.209355712890623,-0.99114990234375,0.1283416748046875,-0.0279388427734375
1760554763328360000,27.21935986328125,-0.9889373779296875,0.1323089599609375,-0.029296875
1760554763338365000,27.229364990234377,-0.989593505859375,0.1357879638671875,-0.0323638916015625
1760554763348368600,27.23936865234375,-0.990692138671875,0.1290130615234375,-0.027252197265625
1760554763358372600,27.24937255859375,-0.9898681640625,0.09124755859375,-0.017822265625
1760554763368377600,27.259377685546873,-0.9865570068359375,0.11212158203125,-0.014068603515625
1760554763378381800,27.2693818359375,-0.9811553955078125,0.097076416015625,-0.0171356201171875
1760554763388385800,27.2793857421875,-0.9779205322265625,0.0809478759765625,-0.0093994140625
1760554763398390800,27.289390869140625,-0.9774169921875,0.0869140625,-0.008880615234375
1760554763408394800,27.299394775390624,-0.9836578369140625,0.0645904541015625,-0.0169525146484375
1760554763418399000,27.30939892578125,-0.9916229248046875,0.0733489990234375,-0.0153350830078125
1760554763428404000,27.319404052734374,-0.97015380859375,0.0950775146484375,-0.12945556640625
1760554763438407700,27.32940771484375,-0.993682861328125,0.0966339111328125,0.038055419921875
1760554763448412700,27.33941259765625,-0.9946136474609375,0.1221771240234375,-0.0001220703125
1760554763458416600,27.349416748046874,-0.933197021484375,0.0996856689453125,-0.0817718505859375
1760554763468420900,27.3594208984375,-0.9732818603515625,0.1340484619140625,0.0191650390625
1760554763478425900,27.36942578125,-0.9746246337890625,0.143646240234375,-0.0547637939453125
1760554763488429800,27.379429931640626,-0.9449920654296875,0.1423797607421875,-0.006134033203125
1760554763498433800,27.389433837890625,-0.999603271484375,0.1569061279296875,-0.0963134765625
1760554763508438800,27.399438720703124,-0.9547119140625,0.1285247802734375,-0.0177459716796875
1760554763518442500,27.4094423828125,-0.928497314453125,0.1028900146484375,0.0144500732421875
1760554763528446500,27.419446533203125,-1.029632568359375,0.137786865234375,0.0265045166015625
1760554763538451500,27.429451416015624,-0.918670654296875,0.1257781982421875,-0.0302276611328125
1760554763548455400,27.439455322265626,-1.012298583984375,0.267974853515625,-0.10992431640625
1760554763558459600,27.449459716796873,-0.9700775146484375,2.45648193359375,-0.167144775390625
1760554763568464600,27.459464599609376,-1.047027587890625,-0.298309326171875,-0.1078338623046875
1760554763578468600,27.469468505859375,-1.0288848876953125,-0.0939178466796875,0.1103973388671875
1760554763588473600,27.4794736328125,-1.101898193359375,0.1085968017578125,-0.03155517578125
1760554763598477300,27.489477294921876,-0.7714385986328125,0.1625213623046875,-0.042877197265625
1760554763608481300,27.499481201171875,-1.149200439453125,0.823333740234375,-0.1669921875
1760554763618486500,27.509486572265626,-0.8181304931640625,-0.1610870361328125,0.137969970703125
1760554763628490500,27.519490478515625,-1.0228271484375,0.1049346923828125,0.0545501708984375
1760554763638494500,27.529494384765623,-1.016387939453125,0.354461669921875,-0.0749969482421875
1760554763648499500,27.53949951171875,-0.9653472900390625,0.3690185546875,-0.000244140625
1760554763658503400,27.54950341796875,-0.9537353515625,0.166168212890625,0.0061492919921875
1760554763668507400,27.55950732421875,-0.98223876953125,0.2481231689453125,-0.03961181640625
1760554763678512400,27.569512451171875,-0.977752685546875,0.2830810546875,-0.015625
1760554763688516400,27.579516357421873,-0.9611663818359375,0.173828125,-0.016937255859375
1760554763698521300,27.589521240234376,-0.98077392578125,0.2795257568359375,-0.0247955322265625
1760554763708525300,27.599525390625,-0.965576171875,0.1892547607421875,-0.01922607421875
1760554763718529500,27.609529541015625,-0.9772186279296875,0.2578125,-0.024017333984375
1760554763728534500,27.619534423828124,-0.9675140380859375,0.207000732421875,-0.0189666748046875
1760554763738538500,27.62953857421875,-0.973876953125,0.2421417236328125,-0.0214691162109375
1760554763748542500,27.63954248046875,-0.971954345703125,0.2187957763671875,-0.02008056640625
1760554763758547500,27.64954736328125,-0.971710205078125,0.2330780029296875,-0.016021728515625
1760554763768551400,27.659551513671875,-0.9708099365234375,0.2285003662109375,-0.0133209228515625
1760554763778555400,27.669555419921874,-0.9716796875,0.226318359375,-0.012847900390625
1760554763788560400,27.679560302734377,-0.9733734130859375,0.2309112548828125,-0.0163116455078125
1760554763798564400,27.689564453125,-0.9711151123046875,0.2240142822265625,-0.0198516845703125
1760554763808568600,27.699568603515626,-0.9721527099609375,0.230712890625,-0.0204315185546875
1760554763818573600,27.709573486328125,-0.9728240966796875,0.224334716796875,-0.0221405029296875
1760554763828577500,27.71957763671875,-0.9727020263671875,0.2283172607421875,-0.021026611328125
1760554763838582500,27.72958251953125,-0.971527099609375,0.2293701171875,-0.019683837890625
1760554763848586500,27.73958642578125,-0.9718170166015625,0.2278900146484375,-0.0199737548828125
1760554763858590500,27.749590576171876,-0.9711456298828125,0.2291107177734375,-0.0199432373046875
1760554763868595500,27.759595458984375,-0.971954345703125,0.2278900146484375,-0.021240234375
1760554763878599400,27.769599365234374,-0.9725494384765625,0.2288818359375,-0.020050048828125
1760554763888603400,27.779603271484376,-0.9705657958984375,0.2284393310546875,-0.0163116455078125
1760554763898608400,27.7896083984375,-0.9716949462890625,0.2274932861328125,-0.015533447265625
1760554763908612600,27.799612548828126,-0.9716644287109375,0.2287139892578125,-0.0173797607421875
1760554763918616600,27.809616455078125,-0.9715118408203125,0.2275238037109375,-0.0163421630859375
1760554763928621600,27.81962158203125,-0.97149658203125,0.227447509765625,-0.016082763671875
1760554763938625300,27.829625244140626,-0.9720306396484375,0.227691650390625,-0.01416015625
1760554763948630500,27.839630615234373,-0.970733642578125,0.2270965576171875,-0.01336669921875
1760554763958634500,27.849634521484376,-0.9710540771484375,0.228179931640625,-0.0149078369140625
1760554763968638500,27.859638427734374,-0.971649169921875,0.22808837890625,-0.0147247314453125
1760554763978643500,27.8696435546875,-0.9705047607421875,0.22711181640625,-0.017364501953125
1760554763988647400,27.8796474609375,-0.9724884033203125,0.22808837890625,-0.0186767578125
1760554763998651400,27.8896513671875,-0.9720306396484375,0.228271484375,-0.0214080810546875
1760554764008656400,27.899656494140626,-0.9709625244140625,0.2274627685546875,-0.0203704833984375
1760554764018660600,27.90966064453125,-0.9710693359375,0.227203369140625,-0.0172271728515625
1760554764028664300,27.919664306640627,-0.9718017578125,0.2279052734375,-0.018218994140625
1760554764038669300,27.92966943359375,-0.971832275390625,0.2283782958984375,-0.0178070068359375
1760554764048673300,27.93967333984375,-0.9716339111328125,0.226470947265625,-0.0174560546875
1760554764058677500,27.949677490234375,-0.9729461669921875,0.2279510498046875,-0.0164794921875
1760554764068682500,27.9596826171875,-0.9716796875,0.228790283203125,-0.0163421630859375
1760554764078686500,27.9696865234375,-0.9693145751953125,0.2270660400390625,-0.0148468017578125
1760554764088691500,27.97969140625,-0.971649169921875,0.228515625,-0.0139007568359375
1760554764098695400,27.9896953125,-0.9719390869140625,0.2286529541015625,-0.0157623291015625
1760554764108699600,27.99969970703125,-0.971527099609375,0.22662353515625,-0.016082763671875
1760554764118704600,28.00970458984375,-0.9719390869140625,0.2281646728515625,-0.0118865966796875
1760554764128708400,28.019708251953126,-0.9709625244140625,0.2285308837890625,-0.0121002197265625
1760554764138712300,28.02971240234375,-0.9717559814453125,0.22796630859375,-0.014404296875
1760554764148717300,28.03971728515625,-0.9722137451171875,0.2293243408203125,-0.0146636962890625
1760554764158721500,28.049721435546875,-0.9722900390625,0.229339599609375,-0.01800537109375
1760554764168725500,28.0597255859375,-0.9735565185546875,0.2270050048828125,-0.0184173583984375
1760554764178730500,28.06973046875,-0.9716339111328125,0.2276763916015625,-0.0199737548828125
1760554764188734500,28.079734375,-0.9721221923828125,0.226287841796875,-0.0179290771484375
1760554764198738400,28.089738525390626,-0.9727783203125,0.2271575927734375,-0.0173187255859375
1760554764208743700,28.09974365234375,-0.9717254638671875,0.2282562255859375,-0.0181121826171875
1760554764218747400,28.109747314453124,-0.9713134765625,0.2273712158203125,-0.019317626953125
1760554764228752400,28.11975244140625,-0.9720458984375,0.229339599609375,-0.0187225341796875
1760554764238756400,28.12975634765625,-0.971221923828125,0.2278289794921875,-0.0194549560546875
1760554764248760600,28.139760498046876,-0.97186279296875,0.22857666015625,-0.0205841064453125
1760554764258765600,28.149765625,-0.971649169921875,0.227813720703125,-0.0205841064453125
1760554764268769500,28.15976953125,-0.97119140625,0.2282562255859375,-0.0182342529296875
1760554764278773500,28.1697734375,-0.9725799560546875,0.2283477783203125,-0.01995849609375
1760554764288778500,28.179778564453127,-0.970428466796875,0.22833251953125,-0.0194091796875
1760554764298782500,28.189782470703125,-0.97125244140625,0.226318359375,-0.019378662109375
1760554764308786400,28.199786376953124,-0.9699859619140625,0.2274017333984375,-0.01873779296875
1760554764318791400,28.20979150390625,-0.97235107421875,0.228363037109375,-0.01727294921875
1760554764328795400,28.21979541015625,-0.972686767578125,0.2281036376953125,-0.0166778564453125
1760554764338800400,28.22980029296875,-0.97332763671875,0.2272186279296875,-0.0188751220703125
1760554764348804400,28.239804443359375,-0.9718017578125,0.227691650390625,-0.015533447265625
1760554764358808600,28.24980859375,-0.9722137451171875,0.2284088134765625,-0.0185699462890625
1760554764368813600,28.2598134765625,-0.9727935791015625,0.228179931640625,-0.01708984375
1760554764378817500,28.269817626953124,-0.9723968505859375,0.2265625,-0.0165252685546875
1760554764388821200,28.2798212890625,-0.9719696044921875,0.2279205322265625,-0.0158538818359375
1760554764398826200,28.289826171875,-0.9716949462890625,0.22845458984375,-0.0168609619140625
1760554764408830500,28.29983056640625,-0.9725799560546875,0.2283782958984375,-0.016754150390625
1760554764418834400,28.30983447265625,-0.971343994140625,0.227783203125,-0.0159149169921875
1760554764428839400,28.31983935546875,-0.9728240966796875,0.2276763916015625,-0.0148162841796875
1760554764438843400,28.329843505859376,-0.9723968505859375,0.227447509765625,-0.0148773193359375
1760554764448847600,28.33984765625,-0.9712066650390625,0.2272186279296875,-0.0146331787109375
1760554764458852600,28.3498525390625,-0.9725189208984375,0.2269287109375,-0.011871337890625
1760554764468856600,28.359856689453125,-0.9713592529296875,0.2267608642578125,-0.0129852294921875
1760554764478861600,28.369861572265624,-0.9723663330078125,0.2286224365234375,-0.0143280029296875
1760554764488865300,28.379865234375,-0.972412109375,0.2284393310546875,-0.01287841796875
1760554764498869500,28.389869384765625,-0.97216796875,0.2282257080078125,-0.013214111328125
1760554764508874500,28.39987451171875,-0.971221923828125,0.228515625,-0.01495361328125
1760554764518879000,28.40987890625,-0.9712677001953125,0.228485107421875,-0.017852783203125
1760554764528882700,28.419882568359377,-0.971282958984375,0.2281646728515625,-0.0144805908203125
1760554764538887700,28.4298876953125,-0.9720916748046875,0.22882080078125,-0.0156097412109375
1760554764548892000,28.439891845703126,-0.97174072265625,0.2278594970703125,-0.015594482421875
1760554764558895900,28.449895751953125,-0.972412109375,0.2294158935546875,-0.0147857666015625
1760554764568900900,28.45990087890625,-0.9721832275390625,0.2282562255859375,-0.0178375244140625
1760554764578904800,28.46990478515625,-0.973724365234375,0.228515625,-0.0176544189453125
1760554764588908800,28.47990869140625,-0.972259521484375,0.228118896484375,-0.0183563232421875
1760554764598913800,28.489913818359376,-0.9709014892578125,0.2271270751953125,-0.01739501953125
1760554764608917800,28.499917724609375,-0.973114013671875,0.228240966796875,-0.0123748779296875
1760554764618922800,28.5099228515625,-0.9722747802734375,0.227996826171875,-0.01025390625
1760554764628926700,28.5199267578125,-0.9731292724609375,0.228607177734375,-0.01318359375
1760554764638930700,28.5299306640625,-0.971954345703125,0.2287750244140625,-0.01336669921875
1760554764648935700,28.539935791015626,-0.9710540771484375,0.2284393310546875,-0.0128326416015625
1760554764658940000,28.54993994140625,-0.9712982177734375,0.2287750244140625,-0.01177978515625
1760554764668944000,28.55994384765625,-0.97210693359375,0.227783203125,-0.0129241943359375
1760554764678948900,28.569948974609375,-0.97216796875,0.2282257080078125,-0.008819580078125
1760554764688952800,28.579952880859373,-0.972869873046875,0.2281341552734375,-0.0112762451171875
1760554764698956800,28.589956787109376,-0.9720916748046875,0.2268218994140625,-0.0123291015625
1760554764708961800,28.5999619140625,-0.9715118408203125,0.2273406982421875,-0.011199951171875
1760554764718965800,28.6099658203125,-0.970123291015625,0.2288055419921875,-0.01220703125
1760554764728969700,28.6199697265625,-0.9721527099609375,0.2280120849609375,-0.012298583984375
1760554764738974700,28.629974609375,-0.972259521484375,0.228057861328125,-0.0115814208984375
1760554764748979000,28.63997900390625,-0.971588134765625,0.2291412353515625,-0.00946044921875
1760554764758984000,28.64998388671875,-0.9719390869140625,0.228729248046875,-0.0067596435546875
1760554764768988000,28.65998779296875,-0.97271728515625,0.2279510498046875,-0.006317138671875
1760554764778991900,28.669991943359374,-0.9721527099609375,0.2272796630859375,-0.0047149658203125
1760554764788996900,28.679996826171877,-0.9720001220703125,0.22802734375,-0.0076751708984375
1760554764799000800,28.690000732421876,-0.9731903076171875,0.2282257080078125,-0.0106964111328125
1760554764809004800,28.7000048828125,-0.9734649658203125,0.227935791015625,-0.0118255615234375
1760554764819009800,28.710009765625,-0.9714508056640625,0.226654052734375,-0.0100555419921875
1760554764829013800,28.720013671875,-0.9708251953125,0.2277069091796875,-0.01300048828125
1760554764839018000,28.73001806640625,-0.9716033935546875,0.2296905517578125,-0.010772705078125
1760554764849023000,28.74002294921875,-0.9705963134765625,0.2277984619140625,-0.01043701171875
1760554764859027000,28.75002685546875,-0.970458984375,0.227142333984375,-0.0106201171875
1760554764869030700,28.76003076171875,-0.9723358154296875,0.2286834716796875,-0.0114288330078125
1760554764879035600,28.77003564453125,-0.97174072265625,0.2277984619140625,-0.00830078125
1760554764889040000,28.780039794921876,-0.971405029296875,0.2292022705078125,-0.011962890625
1760554764899044900,28.790044921875,-0.9712066650390625,0.2282867431640625,-0.013092041015625
1760554764909048800,28.800048828125,-0.9706268310546875,0.2282867431640625,-0.011993408203125
1760554764919052800,28.810052734375,-0.972930908203125,0.2296295166015625,-0.0111846923828125
1760554764929057800,28.820057861328124,-0.972991943359375,0.2296600341796875,-0.011260986328125
1760554764939061800,28.830061767578126,-0.9718780517578125,0.2273712158203125,-0.009246826171875
1760554764949066000,28.84006591796875,-0.9729766845703125,0.2279510498046875,-0.007415771484375
1760554764959071000,28.850071044921876,-0.9727630615234375,0.228607177734375,-0.0048980712890625
1760554764969074700,28.86007470703125,-0.9727020263671875,0.227325439453125,-0.003814697265625
1760554764979078700,28.87007861328125,-0.972564697265625,0.2283782958984375,-0.0090179443359375
1760554764989083600,28.880083740234376,-0.9718170166015625,0.227447509765625,-0.0091400146484375
1760554764999087900,28.890087890625,-0.9715118408203125,0.227294921875,-0.0088043212890625
1760554765009091800,28.900091796875,-0.97247314453125,0.227447509765625,-0.01324462890625
1760554765019096800,28.910096923828124,-0.97314453125,0.227996826171875,-0.0103759765625
1760554765029100800,28.920100830078123,-0.9722137451171875,0.22918701171875,-0.0094146728515625
1760554765039105800,28.930105712890626,-0.972442626953125,0.2284088134765625,-0.0060577392578125
1760554765049110000,28.940110107421877,-0.9728240966796875,0.2287445068359375,-0.006591796875
1760554765059113700,28.95011376953125,-0.971099853515625,0.2275848388671875,-0.0079803466796875
1760554765069118700,28.96011865234375,-0.96929931640625,0.2297821044921875,-0.0098724365234375
1760554765079122700,28.970122802734377,-0.971832275390625,0.229766845703125,-0.008056640625
1760554765089127000,28.980126953125,-0.9725494384765625,0.226715087890625,-0.006683349609375
1760554765099132000,28.9901318359375,-0.969818115234375,0.2282562255859375,-0.008575439453125
1760554765109136000,29.000135986328125,-0.9703369140625,0.2286834716796875,-0.00909423828125
1760554765119139800,29.010139892578124,-0.97161865234375,0.227935791015625,-0.0082244873046875
1760554765129144800,29.020144775390627,-0.9721832275390625,0.227630615234375,-0.00732421875
1760554765139148800,29.030148681640625,-0.9719390869140625,0.22821044921875,-0.007049560546875
1760554765149152800,29.04015283203125,-0.9724578857421875,0.227020263671875,-0.007781982421875
1760554765159157800,29.05015771484375,-0.971893310546875,0.2281341552734375,-0.0087738037109375
1760554765169161700,29.06016162109375,-0.9711151123046875,0.2279815673828125,-0.0087890625
1760554765179166700,29.070166748046876,-0.9716949462890625,0.2271881103515625,-0.0109710693359375
1760554765189171000,29.0801708984375,-0.9722900390625,0.2286529541015625,-0.0111083984375
1760554765199175000,29.0901748046875,-0.9719696044921875,0.229156494140625,-0.0086517333984375
1760554765209180000,29.100179931640625,-0.9708709716796875,0.229400634765625,-0.010528564453125
1760554765219183900,29.110183837890624,-0.970611572265625,0.2278289794921875,-0.0105438232421875
1760554765229187800,29.120187744140626,-0.9711761474609375,0.2270660400390625,-0.0115509033203125
1760554765239192800,29.13019287109375,-0.9709320068359375,0.2282562255859375,-0.0097503662109375
1760554765249196800,29.14019677734375,-0.971038818359375,0.2283935546875,-0.0068359375
1760554765259200800,29.15020068359375,-0.971405029296875,0.2283477783203125,-0.0062713623046875
1760554765269205800,29.160205810546874,-0.97161865234375,0.2278289794921875,-0.005584716796875
1760554765279209700,29.170209716796876,-0.9710693359375,0.2275848388671875,-0.007049560546875
1760554765289215000,29.180215087890623,-0.9705047607421875,0.227996826171875,-0.0038299560546875
1760554765299219000,29.190218994140626,-0.971405029296875,0.227935791015625,-0.005096435546875
1760554765309223000,29.200222900390624,-0.972625732421875,0.2277679443359375,-0.0066070556640625
1760554765319228000,29.210227783203123,-0.9739227294921875,0.2287139892578125,-0.0057373046875
1760554765329231600,29.220231689453126,-0.971710205078125,0.22930908203125,-0.005615234375
1760554765339235800,29.23023583984375,-0.971282958984375,0.228485107421875,-0.0052032470703125
1760554765349240800,29.24024072265625,-0.97161865234375,0.2271881103515625,-0.00091552734375
1760554765359244800,29.250244873046874,-0.9731597900390625,0.228607177734375,-0.0039825439453125
1760554765369248800,29.260248779296877,-0.9709930419921875,0.2269744873046875,-0.0065460205078125
1760554765379253800,29.270253662109376,-0.9705810546875,0.22784423828125,-0.0070953369140625
1760554765389258000,29.280258056640626,-0.9724578857421875,0.228515625,-0.00775146484375
1760554765399261700,29.29026171875,-0.972259521484375,0.229095458984375,-0.0085601806640625
1760554765409266700,29.3002666015625,-0.97210693359375,0.2283782958984375,-0.0069122314453125
1760554765419270700,29.310270751953126,-0.971588134765625,0.2292633056640625,-0.0067291259765625
1760554765429275600,29.320275634765625,-0.9711456298828125,0.2291412353515625,-0.0062408447265625
1760554765439279900,29.33027978515625,-0.972412109375,0.227203369140625,-0.0071258544921875
1760554765449283800,29.340283935546875,-0.9707183837890625,0.228607177734375,-0.0061187744140625
1760554765459288800,29.350288818359374,-0.9707183837890625,0.2276611328125,-0.00506591796875
1760554765469292800,29.360292724609376,-0.972137451171875,0.2267913818359375,-0.0059967041015625
1760554765479297000,29.370297119140623,-0.9720001220703125,0.228546142578125,-0.004425048828125
1760554765489302000,29.380302001953126,-0.972076416015625,0.2292938232421875,-0.007110595703125
1760554765499305700,29.3903056640625,-0.9713897705078125,0.22808837890625,-0.0094757080078125
1760554765509309700,29.400309814453124,-0.9717254638671875,0.2276153564453125,-0.00897216796875
1760554765519317200,29.410317138671875,-0.9722137451171875,0.2281341552734375,-0.0074310302734375
1760554765529321200,29.4203212890625,-0.972015380859375,0.2284088134765625,-0.0087738037109375
1760554765539325000,29.430324951171876,-0.9706878662109375,0.2278594970703125,-0.0092926025390625
1760554765549330000,29.440329833984375,-0.9728240966796875,0.227294921875,-0.009124755859375
1760554765559334100,29.450334228515626,-0.971954345703125,0.2278594970703125,-0.010406494140625
1760554765569339100,29.460339111328125,-0.972076416015625,0.228240966796875,-0.0097198486328125
1760554765579343000,29.470343017578124,-0.972015380859375,0.22760009765625,-0.00775146484375
1760554765589347000,29.48034716796875,-0.97088623046875,0.22869873046875,-0.010101318359375
1760554765599352000,29.49035205078125,-0.9735260009765625,0.22955322265625,-0.0106658935546875
1760554765609356300,29.500356201171876,-0.9718475341796875,0.2287445068359375,-0.0072021484375
1760554765619360000,29.510360107421874,-0.9717559814453125,0.2285003662109375,-0.0068511962890625
1760554765629365000,29.520364990234373,-0.97235107421875,0.2289581298828125,-0.0067291259765625
1760554765639369000,29.530368896484376,-0.9716949462890625,0.22833251953125,-0.008514404296875
1760554765649373000,29.540373046875,-0.9705657958984375,0.228179931640625,-0.009857177734375
1760554765659378200,29.550378173828125,-0.9708099365234375,0.22808837890625,-0.007781982421875
1760554765669382100,29.560382080078124,-0.9733734130859375,0.2289276123046875,-0.00701904296875
1760554765679386000,29.57038623046875,-0.972320556640625,0.228973388671875,-0.00701904296875
1760554765689391000,29.58039111328125,-0.971466064453125,0.228790283203125,-0.008544921875
1760554765699395000,29.59039501953125,-0.97186279296875,0.22882080078125,-0.00726318359375
1760554765709400000,29.600400146484375,-0.971099853515625,0.2288360595703125,-0.0080108642578125
1760554765719404000,29.610404052734374,-0.97265625,0.2281036376953125,-0.0084075927734375
1760554765729408000,29.620407958984377,-0.972320556640625,0.228363037109375,-0.011932373046875
1760554765739413000,29.6304130859375,-0.9730987548828125,0.228607177734375,-0.0101470947265625
1760554765749417000,29.6404169921875,-0.9728546142578125,0.2283935546875,-0.0084381103515625
1760554765759421200,29.650421142578125,-0.9722137451171875,0.227996826171875,-0.007781982421875
1760554765769426200,29.66042626953125,-0.97198486328125,0.226837158203125,-0.0074462890625
1760554765779430100,29.67043017578125,-0.97265625,0.22845458984375,-0.0074615478515625
1760554765789434000,29.68043408203125,-0.9709320068359375,0.227447509765625,-0.0087127685546875
1760554765799439000,29.690439208984376,-0.9726409912109375,0.2286224365234375,-0.009521484375
1760554765809443000,29.700443115234375,-0.971588134765625,0.228790283203125,-0.01104736328125
1760554765819447000,29.710447021484374,-0.97064208984375,0.2284698486328125,-0.01116943359375
1760554765829452000,29.7204521484375,-0.9729766845703125,0.2274627685546875,-0.0139617919921875
1760554765839456000,29.7304560546875,-0.97174072265625,0.2263946533203125,-0.0130767822265625
1760554765849461000,29.7404609375,-0.9712677001953125,0.2282562255859375,-0.01141357421875
1760554765859465200,29.75046533203125,-0.9707489013671875,0.228302001953125,-0.010528564453125
1760554765869469200,29.76046923828125,-0.9718017578125,0.22869873046875,-0.007080078125
1760554765879474200,29.77047412109375,-0.972259521484375,0.2282562255859375,-0.0060272216796875
1760554765889478000,29.780477783203125,-0.9711151123046875,0.2296142578125,-0.00408935546875
1760554765899482000,29.790482177734376,-0.9718475341796875,0.227508544921875,-0.0030670166015625
1760554765909487000,29.800487060546875,-0.9725341796875,0.228302001953125,-0.0047149658203125
1760554765919491000,29.810490966796873,-0.9705352783203125,0.22918701171875,-0.0067138671875
1760554765929495000,29.8204951171875,-0.9709625244140625,0.2278900146484375,-0.0086822509765625
1760554765939500000,29.8305,-0.971527099609375,0.227874755859375,-0.0064849853515625
1760554765949504300,29.840504150390625,-0.97137451171875,0.2269439697265625,-0.0055084228515625
1760554765959508200,29.85050830078125,-0.971282958984375,0.2275238037109375,-0.0042266845703125
1760554765969513200,29.86051318359375,-0.9721527099609375,0.2276458740234375,-0.005157470703125
1760554765979517000,29.870516845703126,-0.9728546142578125,0.229736328125,-0.0037384033203125
1760554765989522000,29.88052197265625,-0.9720458984375,0.228485107421875,-0.0053253173828125
1760554765999526100,29.890526123046875,-0.9711151123046875,0.2271270751953125,-0.0072784423828125
1760554766009530000,29.900530029296874,-0.9713592529296875,0.2284393310546875,-0.007354736328125
1760554766019535000,29.91053515625,-0.9723663330078125,0.228546142578125,-0.0070343017578125
1760554766029539000,29.9205390625,-0.9715576171875,0.227447509765625,-0.00701904296875
1760554766039543000,29.93054296875,-0.9721832275390625,0.2277984619140625,-0.00634765625
1760554766049548000,29.940548095703125,-0.9734649658203125,0.22760009765625,-0.0082550048828125
1760554766059552300,29.95055224609375,-0.9723358154296875,0.2282257080078125,-0.007965087890625
1760554766069556000,29.960555908203126,-0.971038818359375,0.2274932861328125,-0.0100555419921875
1760554766079561000,29.97056103515625,-0.9716644287109375,0.228607177734375,-0.009765625
1760554766089565000,29.98056494140625,-0.9725341796875,0.2271575927734375,-0.010589599609375
1760554766099569200,29.990569091796875,-0.97259521484375,0.229156494140625,-0.008819580078125
1760554766109574100,30.00057421875,-0.97088623046875,0.228790283203125,-0.00616455078125
1760554766119578000,30.010578125,-0.9704437255859375,0.2274169921875,-0.00311279296875
1760554766129583000,30.0205830078125,-0.9717864990234375,0.22869873046875,-0.0021820068359375
1760554766139587000,30.030587158203126,-0.9706268310546875,0.2286834716796875,-0.003875732421875
1760554766149591000,30.040591064453125,-0.970245361328125,0.22869873046875,-0.0059356689453125
1760554766159596000,30.050595947265624,-0.972930908203125,0.22857666015625,-0.0071258544921875
1760554766169600000,30.06060009765625,-0.97247314453125,0.229278564453125,-0.0098724365234375
1760554766179604000,30.07060400390625,-0.9710693359375,0.2279510498046875,-0.0123138427734375
1760554766189609000,30.08060888671875,-0.972015380859375,0.228759765625,-0.0116424560546875
1760554766199613200,30.09061328125,-0.970916748046875,0.229248046875,-0.011138916015625
1760554766209617200,30.1006171875,-0.9717864990234375,0.2295379638671875,-0.01104736328125
1760554766219622100,30.1106220703125,-0.972137451171875,0.2288970947265625,-0.00762939453125
1760554766229626000,30.120626220703127,-0.971221923828125,0.2283782958984375,-0.0063323974609375
1760554766239630000,30.130630126953125,-0.97174072265625,0.226226806640625,-0.0043182373046875
1760554766249635000,30.140635009765624,-0.973052978515625,0.2274322509765625,-0.0059814453125
1760554766259639000,30.15063916015625,-0.971893310546875,0.2282257080078125,-0.005340576171875
1760554766269644000,30.16064404296875,-0.972564697265625,0.227325439453125,-0.0023040771484375
1760554766279648000,30.17064794921875,-0.9724273681640625,0.227752685546875,-0.0046539306640625
1760554766289652200,30.18065234375,-0.9709930419921875,0.22784423828125,-0.00482177734375
1760554766299657200,30.1906572265625,-0.9712371826171875,0.2278594970703125,-0.0025177001953125
1760554766309661200,30.2006611328125,-0.972747802734375,0.2278594970703125,-0.002685546875
1760554766319665200,30.2106650390625,-0.9723663330078125,0.2288360595703125,-0.00244140625
1760554766329670100,30.220670166015626,-0.9718170166015625,0.2276458740234375,0.0009765625
1760554766339674000,30.230674072265625,-0.9724884033203125,0.2271881103515625,-0.00042724609375
1760554766349678000,30.240677978515624,-0.9728240966796875,0.227691650390625,-0.00262451171875
1760554766359683000,30.25068310546875,-0.9716796875,0.2284088134765625,-0.0017242431640625
1760554766369687000,30.26068701171875,-0.972503662109375,0.2283477783203125,-0.003448486328125
1760554766379691000,30.27069091796875,-0.9711761474609375,0.22802734375,-0.00628662109375
1760554766389696000,30.280696044921875,-0.972625732421875,0.22943115234375,-0.0052337646484375
1760554766399700200,30.2907001953125,-0.9735107421875,0.2279052734375,-0.0027313232421875
1760554766409704000,30.300703857421876,-0.971710205078125,0.2279205322265625,-0.0038299560546875
1760554766419709000,30.310708984375,-0.9726715087890625,0.2285308837890625,-0.0034942626953125
1760554766429713000,30.320712890625,-0.972808837890625,0.227386474609375,-0.00299072265625
1760554766439718000,30.3307177734375,-0.970916748046875,0.2287750244140625,-0.0034027099609375
1760554766449722000,30.34072216796875,-0.9709014892578125,0.2279205322265625,-0.0036773681640625
1760554766459726000,30.35072607421875,-0.9728546142578125,0.228363037109375,-0.0049896240234375
1760554766469731000,30.36073095703125,-0.9729156494140625,0.2277679443359375,-0.00396728515625
1760554766479735000,30.370735107421876,-0.9709014892578125,0.22894287109375,-0.0010986328125
1760554766489739300,30.3807392578125,-0.9721527099609375,0.2274627685546875,-0.00079345703125
1760554766499744300,30.390744140625,-0.971771240234375,0.228179931640625,-0.000885009765625
1760554766509748000,30.400748046875,-0.9714813232421875,0.2286529541015625,-0.001922607421875
1760554766519752000,30.410751953125,-0.97235107421875,0.2286529541015625,-0.002349853515625
1760554766529754000,30.420754150390625,-0.972900390625,0.228515625,-0.00250244140625
1760554766539758000,30.430758056640624,-0.9724884033203125,0.2288055419921875,-0.0003204345703125
1760554766549762000,30.440761962890626,-0.9708404541015625,0.2287445068359375,-0.0015716552734375
1760554766559767000,30.45076708984375,-0.97210693359375,0.2285003662109375,-0.0045928955078125
1760554766569771000,30.46077099609375,-0.9718780517578125,0.2291412353515625,0.0003662109375
1760554766579776000,30.47077587890625,-0.9723358154296875,0.22821044921875,-0.0004425048828125
1760554766589780000,30.480780029296874,-0.97210693359375,0.2278594970703125,-0.003875732421875
1760554766599784200,30.4907841796875,-0.9718017578125,0.228759765625,-0.00390625
1760554766609789200,30.5007890625,-0.97076416015625,0.22802734375,-0.0050201416015625
1760554766619793200,30.510793212890626,-0.9722900390625,0.2276458740234375,-0.00421142578125
1760554766629796900,30.520796875,-0.97125244140625,0.2286529541015625,0.0003662109375
1760554766639801900,30.5308017578125,-0.9717864990234375,0.2269744873046875,-0.001953125
1760554766649806000,30.54080615234375,-0.971893310546875,0.228240966796875,-0.001190185546875
1760554766659810000,30.55081005859375,-0.9717254638671875,0.22796630859375,0.0008087158203125
1760554766669815000,30.56081494140625,-0.9718170166015625,0.227874755859375,0.00030517578125
1760554766679819000,30.570819091796874,-0.971221923828125,0.2273406982421875,-0.0009918212890625
1760554766689823200,30.5808232421875,-0.9719390869140625,0.228118896484375,-0.0047149658203125
1760554766699828200,30.590828125,-0.9717559814453125,0.229736328125,-0.0084991455078125
1760554766709832200,30.600832275390626,-0.97235107421875,0.228515625,-0.003753662109375
1760554766719837200,30.610837158203125,-0.9706573486328125,0.2285614013671875,-0.0005035400390625
1760554766729841000,30.6208408203125,-0.9729766845703125,0.2276153564453125,-0.00140380859375
1760554766739845000,30.63084521484375,-0.971221923828125,0.2285003662109375,-0.000732421875
1760554766749850000,30.64085009765625,-0.971527099609375,0.2294464111328125,-0.001739501953125
1760554766759854000,30.65085400390625,-0.972381591796875,0.227935791015625,-0.0008544921875
1760554766769858000,30.660858154296875,-0.971466064453125,0.2281494140625,0.001678466796875
1760554766779863000,30.670863037109374,-0.971527099609375,0.2287750244140625,0.0012664794921875
1760554766789867300,30.6808671875,-0.9708251953125,0.227569580078125,0.00274658203125
1760554766799871000,30.69087109375,-0.9715423583984375,0.228363037109375,0.001617431640625
1760554766809876000,30.7008759765625,-0.9720001220703125,0.228363037109375,-0.000152587890625
1760554766819880000,30.7108798828125,-0.9729156494140625,0.2285308837890625,-0.0020599365234375
1760554766829884200,30.72088427734375,-0.971466064453125,0.2275848388671875,-0.003265380859375
1760554766839889200,30.73088916015625,-0.972259521484375,0.2269744873046875,-0.0041961669921875
1760554766849893000,30.74089306640625,-0.97369384765625,0.2275390625,-0.0041656494140625
1760554766859898000,30.750898193359376,-0.9720916748046875,0.2278289794921875,-0.00213623046875
1760554766869902000,30.760902099609375,-0.9724273681640625,0.227691650390625,-0.0009307861328125
1760554766879906300,30.77090625,-0.9717254638671875,0.229248046875,0.0010986328125
1760554766889911300,30.780911376953124,-0.972412109375,0.22674560546875,0.00048828125
1760554766899915000,30.7909150390625,-0.9708251953125,0.2261505126953125,-0.0000762939453125
1760554766909919000,30.8009189453125,-0.9728546142578125,0.22772216796875,-0.0019989013671875
1760554766919924000,30.810924072265625,-0.9722900390625,0.228424072265625,-0.00177001953125
1760554766929928200,30.82092822265625,-0.9721832275390625,0.2274017333984375,-0.000396728515625
1760554766939932200,30.83093212890625,-0.972320556640625,0.22900390625,0.0020751953125
1760554766949937200,30.840937255859377,-0.972412109375,0.2280120849609375,0.00335693359375
1760554766959941000,30.850941162109375,-0.970733642578125,0.2280120849609375,0.0006561279296875
1760554766969946000,30.860946044921874,-0.9730072021484375,0.22894287109375,0.0006103515625
1760554766979950000,30.8709501953125,-0.971771240234375,0.2285919189453125,0.0027923583984375
1760554766989954000,30.8809541015625,-0.97247314453125,0.22808837890625,0.000579833984375
1760554766999959000,30.890958984375,-0.9717559814453125,0.2274932861328125,0.0020751953125
1760554767009963000,30.900962890625,-0.970367431640625,0.22784423828125,0.001556396484375
1760554767019967000,30.910967041015624,-0.9722137451171875,0.228271484375,-0.0019378662109375
1760554767029972000,30.920971923828127,-0.9704437255859375,0.228515625,-0.001373291015625
1760554767039976200,30.93097607421875,-0.9720306396484375,0.228515625,0.0001220703125
1760554767049980200,30.940980224609376,-0.9719696044921875,0.2286224365234375,-0.0001678466796875
1760554767059985200,30.950985107421875,-0.971405029296875,0.227508544921875,0.0020904541015625
1760554767069988900,30.96098876953125,-0.9715423583984375,0.2276763916015625,0.0015716552734375
1760554767079993900,30.970993896484377,-0.9731903076171875,0.22821044921875,-0.000640869140625
1760554767089998000,30.980998046875,-0.9726715087890625,0.2269744873046875,-0.0013427734375
1760554767100002000,30.991001953125,-0.9722747802734375,0.2279510498046875,0.0012054443359375
1760554767110007000,31.001007080078125,-0.971282958984375,0.2274932861328125,0.0007781982421875
1760554767120011000,31.011010986328124,-0.9710540771484375,0.229095458984375,0.001495361328125
1760554767130015200,31.02101513671875,-0.9705047607421875,0.2286529541015625,0.0005340576171875
1760554767140020200,31.031020263671873,-0.9710693359375,0.22735595703125,0.000274658203125
1760554767150024200,31.041024169921876,-0.9723968505859375,0.228363037109375,0.0010528564453125
1760554767160028000,31.05102783203125,-0.9706573486328125,0.227142333984375,0.00384521484375
1760554767170033000,31.061032958984374,-0.97198486328125,0.228607177734375,0.000457763671875
1760554767180037000,31.071037109375,-0.9732666015625,0.227569580078125,0.0008087158203125
1760554767190042000,31.0810419921875,-0.9720306396484375,0.22760009765625,-0.0001220703125
1760554767200046000,31.091046142578126,-0.9709930419921875,0.2296295166015625,-0.00225830078125
1760554767210050000,31.101050048828125,-0.97283935546875,0.228851318359375,-0.0015106201171875
1760554767220055000,31.111054931640624,-0.9729461669921875,0.226409912109375,0.000244140625
1760554767230059300,31.121059326171874,-0.971771240234375,0.2286224365234375,0.002105712890625
1760554767240063200,31.131063232421877,-0.9712677001953125,0.2279510498046875,0.0037841796875
1760554767250068200,31.141068115234376,-0.9710540771484375,0.2280731201171875,0.0014801025390625
1760554767260072000,31.151072021484374,-0.9713592529296875,0.228363037109375,0.003753662109375
1760554767270076200,31.161076171875,-0.9712066650390625,0.2274932861328125,0.00189208984375
1760554767280081200,31.1710810546875,-0.9715728759765625,0.2296142578125,0.0025787353515625
1760554767290085000,31.181085205078126,-0.970611572265625,0.2282867431640625,0.0028076171875
1760554767300089000,31.191089111328125,-0.97113037109375,0.2269134521484375,0.00250244140625
1760554767310094000,31.201093994140624,-0.9732818603515625,0.2273406982421875,0.0023040771484375
1760554767320098000,31.21109814453125,-0.974517822265625,0.22808837890625,0.00201416015625
1760554767330103000,31.22110302734375,-0.9730377197265625,0.227447509765625,0.002349853515625
1760554767340107000,31.23110693359375,-0.9726104736328125,0.228179931640625,0.0032196044921875
1760554767350111000,31.241111083984375,-0.9724273681640625,0.2267608642578125,0.003753662109375
1760554767360116000,31.251115966796874,-0.97320556640625,0.2279052734375,0.0045318603515625
1760554767370120000,31.261119873046876,-0.9724273681640625,0.2262115478515625,0.0040130615234375
1760554767380124200,31.271124267578124,-0.971771240234375,0.228302001953125,0.002044677734375
1760554767390129200,31.281129150390626,-0.9717254638671875,0.227325439453125,0.0015869140625
1760554767400133000,31.291133056640625,-0.9739990234375,0.2281494140625,0.0017242431640625
1760554767410137000,31.30113720703125,-0.972625732421875,0.228179931640625,0.0005950927734375
1760554767420142000,31.31114208984375,-0.9713592529296875,0.2276458740234375,-0.0015106201171875
1760554767430146000,31.32114599609375,-0.971954345703125,0.2273712158203125,-0.0001220703125
1760554767440151000,31.331151123046876,-0.971710205078125,0.228118896484375,-0.0026397705078125
1760554767450155000,31.341155029296875,-0.9728240966796875,0.2291107177734375,-0.0025634765625
1760554767460159000,31.351158935546874,-0.9722900390625,0.2278289794921875,0.0005340576171875
1760554767470164000,31.3611640625,-0.9719696044921875,0.22711181640625,0.0043792724609375
1760554767480168200,31.371168212890623,-0.9723358154296875,0.226409912109375,0.007415771484375
1760554767490172200,31.381172119140626,-0.9719085693359375,0.226318359375,0.0060577392578125
1760554767500177200,31.39117724609375,-0.971405029296875,0.2271728515625,0.0062408447265625
1760554767510181000,31.40118115234375,-0.9716796875,0.226654052734375,0.0009918212890625
1760554767520185000,31.41118505859375,-0.97125244140625,0.227386474609375,0.001495361328125
1760554767530190300,31.4211904296875,-0.9724578857421875,0.2280426025390625,-0.0013885498046875
1760554767540194300,31.4311943359375,-0.9721221923828125,0.2265472412109375,-0.00042724609375
1760554767550198300,31.4411982421875,-0.972900390625,0.22760009765625,-0.0019073486328125
1760554767560203300,31.451203369140625,-0.9720306396484375,0.2280120849609375,-0.0020294189453125
1760554767570207200,31.461207275390624,-0.971954345703125,0.2276458740234375,0.00048828125
1760554767580212500,31.47121240234375,-0.97271728515625,0.227935791015625,0.0036163330078125
1760554767590216400,31.481216552734374,-0.97222900390625,0.2281646728515625,0.0032958984375
1760554767600220400,31.491220458984376,-0.9726104736328125,0.2274932861328125,0.002838134765625
1760554767610225400,31.501225341796875,-0.9730377197265625,0.229522705078125,0.002532958984375
1760554767620229000,31.51122900390625,-0.9716033935546875,0.2288055419921875,0.00286865234375
1760554767630233300,31.5212333984375,-0.97113037109375,0.2285003662109375,0.0035400390625
1760554767640238300,31.53123828125,-0.971405029296875,0.2279815673828125,0.0031585693359375
1760554767650242300,31.5412421875,-0.970703125,0.2287139892578125,0.000762939453125
1760554767660246300,31.551246337890625,-0.9717254638671875,0.2291717529296875,0.003082275390625
1760554767670251300,31.561251220703124,-0.9718017578125,0.2292022705078125,0.0026092529296875
1760554767680255500,31.57125537109375,-0.9716339111328125,0.2277069091796875,0.0041656494140625
1760554767690259200,31.58125927734375,-0.9700927734375,0.22662353515625,0.0070037841796875
1760554767700264200,31.59126416015625,-0.973175048828125,0.227569580078125,0.0127105712890625
1760554767710268200,31.60126806640625,-0.9722900390625,0.22760009765625,0.01934814453125
1760554767720273200,31.611273193359374,-0.972930908203125,0.2332916259765625,0.020294189453125
1760554767730277400,31.62127734375,-0.9770355224609375,0.2490234375,0.02166748046875
1760554767740281300,31.63128125,-0.9805755615234375,0.2627105712890625,0.012115478515625
1760554767750286300,31.641286376953126,-0.9845733642578125,0.2725067138671875,-0.0022125244140625
1760554767760290300,31.651290283203124,-0.9866790771484375,0.2697601318359375,-0.015045166015625
1760554767770294500,31.66129443359375,-0.9862060546875,0.265289306640625,-0.02374267578125
1760554767780299500,31.671299560546874,-0.9841156005859375,0.25848388671875,-0.0175628662109375
1760554767790303200,31.68130322265625,-0.98333740234375,0.25067138671875,-0.012115478515625
1760554767800307200,31.69130712890625,-0.9825592041015625,0.240692138671875,-0.0103759765625
1760554767810312200,31.701312255859374,-0.9847259521484375,0.2347869873046875,-0.0108642578125
1760554767820316400,31.71131640625,-0.98468017578125,0.2315216064453125,-0.0102691650390625
1760554767830320400,31.7213203125,-0.9844818115234375,0.228759765625,-0.001800537109375
1760554767840325400,31.731325439453126,-0.9867095947265625,0.2267303466796875,0.0001068115234375
1760554767850329300,31.741329345703125,-0.9864044189453125,0.2244110107421875,-0.004547119140625
1760554767860333600,31.75133349609375,-0.987213134765625,0.216949462890625,-0.0042724609375
1760554767870338600,31.761338623046875,-0.9881439208984375,0.2062225341796875,-0.00274658203125
1760554767880342300,31.77134228515625,-0.9845733642578125,0.194976806640625,-0.000396728515625
1760554767890346200,31.78134619140625,-0.9850921630859375,0.1831512451171875,0.0051116943359375
1760554767900351200,31.791351318359375,-0.98309326171875,0.172515869140625,0.01287841796875
1760554767910355500,31.80135546875,-0.9816741943359375,0.165283203125,0.0155792236328125
1760554767920359400,31.811359375,-0.984710693359375,0.1609954833984375,0.0190277099609375
1760554767930364400,31.821364501953123,-0.9879302978515625,0.1631927490234375,0.0225830078125
1760554767940368400,31.831368408203126,-0.9901580810546875,0.1649169921875,0.008056640625
1760554767950373400,31.841373291015625,-0.994140625,0.160552978515625,-0.00738525390625
1760554767960377300,31.85137744140625,-0.994232177734375,0.1499786376953125,-0.00775146484375
1760554767970381300,31.86138134765625,-0.9927215576171875,0.1365966796875,-0.0021820068359375
1760554767980386300,31.87138623046875,-0.990264892578125,0.123046875,0.0000762939453125
1760554767990390300,31.881390380859376,-0.9886627197265625,0.111907958984375,0.0013427734375
1760554768000394200,31.891394287109375,-0.988311767578125,0.1009979248046875,-0.0012969970703125
1760554768010399200,31.901399169921874,-0.98828125,0.0932464599609375,0.001953125
1760554768020403500,31.911403564453124,-0.9873199462890625,0.083984375,0.0064849853515625
1760554768030407400,31.921407470703127,-0.9871063232421875,0.0791473388671875,0.0088348388671875
1760554768040412400,31.931412353515626,-0.9888458251953125,0.0733642578125,-0.0003204345703125
1760554768050416000,31.941416015625,-0.9888916015625,0.0663604736328125,-0.0079803466796875
1760554768060420400,31.95142041015625,-0.9873046875,0.0540313720703125,-0.0018157958984375
1760554768070425300,31.96142529296875,-0.9850616455078125,0.04296875,0.0010986328125
1760554768080429300,31.97142919921875,-0.9831085205078125,0.032073974609375,0.006561279296875
1760554768090433300,31.981433349609375,-0.9839630126953125,0.0233306884765625,0.01153564453125
1760554768100438300,31.991438232421874,-0.98211669921875,0.0204010009765625,0.0149993896484375
1760554768110442500,32.0014423828125,-0.984649658203125,0.02099609375,0.0184478759765625
1760554768120446500,32.01144653320313,-0.988037109375,0.0245819091796875,0.017333984375
1760554768130451500,32.02145141601562,-0.9909515380859375,0.0295867919921875,0.008880615234375
1760554768140455200,32.031455078125,-0.9948883056640625,0.029022216796875,0.0041656494140625
1760554768150460200,32.041460205078124,-0.99609375,0.030670166015625,0.009063720703125
1760554768160464400,32.05146435546875,-0.9960174560546875,0.0291748046875,0.0058746337890625
1760554768170468400,32.06146826171875,-0.9974212646484375,0.02716064453125,0.0056304931640625
1760554768180473300,32.071473388671876,-0.9990234375,0.026092529296875,0.0001373291015625
1760554768190477300,32.081477294921875,-0.9997406005859375,0.0233154296875,-0.0011138916015625
1760554768200481500,32.0914814453125,-0.9987945556640625,0.0218963623046875,-0.001007080078125
1760554768210486500,32.10148657226563,-1.00201416015625,0.0206298828125,0.000762939453125
1760554768220490200,32.111490234375,-1.000244140625,0.016082763671875,0.0061492919921875
1760554768230494200,32.121494140625,-0.9978485107421875,0.0070648193359375,0.017669677734375
1760554768240499200,32.13149926757813,-0.995819091796875,0.002716064453125,0.023681640625
1760554768250503400,32.14150341796875,-0.9942779541015625,-0.002777099609375,0.0293121337890625
1760554768260507400,32.15150732421875,-0.9926300048828125,-0.0073394775390625,0.026580810546875
1760554768270512400,32.16151245117187,-0.992523193359375,-0.009765625,0.026824951171875
1760554768280516400,32.17151635742187,-0.9945526123046875,-0.01171875,0.027069091796875
1760554768290520300,32.18152026367188,-0.9971923828125,-0.009796142578125,0.022552490234375
1760554768300525300,32.191525390625,-1.0006866455078125,-0.0091705322265625,0.01495361328125
1760554768310529300,32.201529296875,-1.00079345703125,-0.0108184814453125,0.010009765625
1760554768320533200,32.211533203125,-1.001220703125,-0.0175933837890625,0.0039215087890625
1760554768330538200,32.221538330078126,-0.9963226318359375,-0.0347137451171875,0.0099945068359375
1760554768340542200,32.231542236328124,-0.98876953125,-0.0477752685546875,0.005950927734375
1760554768350546400,32.24154638671875,-0.98516845703125,-0.0584869384765625,-0.0007476806640625
1760554768360551400,32.25155151367188,-0.97412109375,-0.0745391845703125,0.0034942626953125
1760554768370555400,32.261555419921876,-0.967742919921875,-0.0795440673828125,0.0079345703125
1760554768380559400,32.271559326171875,-0.967437744140625,-0.0790557861328125,0.0096893310546875
1760554768390564400,32.281564453125,-0.969329833984375,-0.0772247314453125,0.0118560791015625
1760554768400568300,32.291568359375,-0.9719085693359375,-0.071563720703125,0.0150299072265625
1760554768410572300,32.301572265625,-0.9785919189453125,-0.06341552734375,0.0187835693359375
1760554768420577300,32.31157739257812,-0.9858551025390625,-0.05181884765625,0.0208587646484375
1760554768430581200,32.32158129882812,-0.9933624267578125,-0.0365142822265625,0.01904296875
1760554768440586200,32.331586181640624,-1.001617431640625,-0.023162841796875,0.0156707763671875
1760554768450590500,32.341590576171875,-1.0106964111328125,-0.00909423828125,0.0060272216796875
1760554768460594400,32.35159448242187,-1.0106964111328125,0.00006103515625,0.0023651123046875
1760554768470599400,32.361599365234376,-1.0078277587890625,0.00048828125,0.0061492919921875
1760554768480603100,32.37160302734375,-1.007568359375,0.00408935546875,0.007843017578125
1760554768490607400,32.381607421875,-1.008453369140625,0.0041656494140625,0.0079498291015625
1760554768500612400,32.3916123046875,-1.0087890625,0.00518798828125,0.0062408447265625
1760554768510616300,32.4016162109375,-1.0093841552734375,0.0053558349609375,0.0054779052734375
1760554768520620300,32.411620361328126,-1.0090179443359375,0.0061187744140625,0.0060577392578125
1760554768530625000,32.421625,-1.00927734375,0.0065765380859375,0.00518798828125
1760554768540629200,32.43162915039063,-1.009857177734375,0.0069580078125,0.005706787109375
1760554768550633200,32.44163330078125,-1.0084228515625,0.004547119140625,0.0029296875
1760554768560638200,32.45163818359375,-1.0094757080078125,0.0035858154296875,0.00018310546875
1760554768570642200,32.46164208984375,-1.0102081298828125,0.0005035400390625,-0.00543212890625
1760554768580646400,32.471646484375,-1.0094757080078125,-0.0225830078125,-0.0240020751953125
1760554768590651400,32.4816513671875,-0.9817352294921875,-0.05316162109375,-0.0264892578125
1760554768600655400,32.4916552734375,-0.9810943603515625,-0.0518951416015625,-0.0112457275390625
1760554768610659000,32.5016591796875,-0.9822235107421875,-0.051727294921875,-0.003662109375
1760554768620664000,32.5116640625,-0.9840240478515625,-0.050628662109375,0.004669189453125
1760554768630668300,32.521668212890624,-0.9841461181640625,-0.0466461181640625,0.007476806640625
1760554768640672300,32.53167236328125,-0.985107421875,-0.0468902587890625,0.0129547119140625
1760554768650677200,32.54167724609375,-0.987060546875,-0.0467071533203125,0.0150909423828125
1760554768660681200,32.55168115234375,-0.99005126953125,-0.0438690185546875,0.0146942138671875
1760554768670685200,32.561685302734375,-1.0005645751953125,-0.022186279296875,0.0220184326171875
1760554768680690200,32.57169018554688,-1.0099029541015625,-0.0006866455078125,0.0311279296875
1760554768690694100,32.58169409179688,-1.0121002197265625,0.004730224609375,0.01861572265625
1760554768700698000,32.591697998046875,-1.0096435546875,0.00177001953125,0.0076141357421875
1760554768710703000,32.601703125,-1.009124755859375,-0.0048675537109375,0.000701904296875
1760554768720707000,32.61170703125,-1.0014190673828125,-0.020050048828125,-0.0096893310546875
1760554768730711300,32.62171118164063,-0.9910736083984375,-0.037811279296875,-0.014892578125
1760554768740716300,32.63171630859375,-0.987091064453125,-0.044403076171875,-0.0107421875
1760554768750720300,32.64172021484375,-0.9914703369140625,-0.036224365234375,0.001953125
1760554768760725200,32.651725341796876,-0.999053955078125,-0.0212860107421875,0.011322021484375
1760554768770729200,32.661729248046875,-1.003753662109375,-0.0111083984375,0.0146026611328125
1760554768780733200,32.671733154296874,-1.0036468505859375,-0.0096893310546875,0.0079193115234375
1760554768790738200,32.68173828125,-1.0013885498046875,-0.014617919921875,-0.001922607421875
1760554768800742100,32.6917421875,-0.9989776611328125,-0.0219879150390625,-0.0064544677734375
1760554768810746000,32.70174609375,-0.9967041015625,-0.024566650390625,-0.0075836181640625
1760554768820751000,32.71175122070313,-0.9961395263671875,-0.0249176025390625,-0.005950927734375
1760554768830755300,32.72175537109375,-0.999420166015625,-0.0214080810546875,-0.00103759765625
1760554768840759300,32.73175927734375,-1.0003204345703125,-0.015228271484375,0.005157470703125
1760554768850764300,32.74176440429687,-1.0016937255859375,-0.0156707763671875,0.003265380859375
1760554768860768300,32.75176831054687,-1.0002899169921875,-0.0177001953125,-0.000244140625
1760554768870772200,32.76177221679688,-0.9993438720703125,-0.020904541015625,-0.0011444091796875
1760554768880777200,32.77177709960937,-0.997833251953125,-0.023590087890625,-0.0015411376953125
1760554768890781200,32.78178125,-0.9980621337890625,-0.0238800048828125,0.000091552734375
1760554768900785200,32.79178515625,-0.9988555908203125,-0.0223236083984375,0.0042572021484375
1760554768910790100,32.8017900390625,-0.9987945556640625,-0.021148681640625,0.00634765625
1760554768920794400,32.81179443359375,-0.997467041015625,-0.0208587646484375,0.0057373046875
1760554768930798300,32.82179833984375,-0.99822998046875,-0.021942138671875,0.0069580078125
1760554768940803300,32.83180322265625,-0.99847412109375,-0.024749755859375,0.0063629150390625
1760554768950807000,32.84180712890625,-0.997406005859375,-0.0273895263671875,0.006561279296875
1760554768960811300,32.851811279296875,-0.996978759765625,-0.0263519287109375,0.0068511962890625
1760554768970816300,32.86181616210938,-0.9965667724609375,-0.0257568359375,0.0093994140625
1760554768980820200,32.8718203125,-0.99652099609375,-0.0261993408203125,0.01043701171875
1760554768990824200,32.88182421875,-0.9972076416015625,-0.02606201171875,0.01031494140625
1760554769000829200,32.8918291015625,-0.9969482421875,-0.0263214111328125,0.009613037109375
1760554769010833200,32.90183325195313,-0.99713134765625,-0.0255889892578125,0.009490966796875
1760554769020837400,32.91183740234375,-0.9962921142578125,-0.02471923828125,0.01263427734375
1760554769030842400,32.92184228515625,-0.99786376953125,-0.0257720947265625,0.009918212890625
1760554769040846000,32.93184619140625,-0.996826171875,-0.0274200439453125,0.0048675537109375
1760554769050850000,32.94185009765625,-0.9969482421875,-0.0258026123046875,0.0029144287109375
1760554769060855000,32.95185498046875,-0.9999847412109375,-0.023406982421875,-0.00042724609375
1760554769070859300,32.961859375,-1.00054931640625,-0.0209503173828125,0.001678466796875
1760554769080863200,32.97186328125,-1.0025634765625,-0.013885498046875,0.007110595703125
1760554769090868200,32.9818681640625,-1.0036163330078125,-0.016815185546875,0.0043487548828125
1760554769100872200,32.9918720703125,-1.002166748046875,-0.0200958251953125,-0.0026092529296875
1760554769110877200,33.00187719726563,-0.9987640380859375,-0.0234222412109375,-0.00299072265625
1760554769120881400,33.01188134765625,-0.9995574951171875,-0.022369384765625,0.0036468505859375
1760554769130885000,33.021885009765626,-0.9990692138671875,-0.0215911865234375,0.00848388671875
1760554769140890000,33.03189013671875,-0.9980010986328125,-0.022247314453125,0.0113525390625
1760554769150894000,33.04189404296875,-0.9973602294921875,-0.02520751953125,0.0099029541015625
1760554769160898300,33.05189819335938,-0.998504638671875,-0.0257720947265625,0.0060882568359375
1760554769170903300,33.0619033203125,-0.9974822998046875,-0.028717041015625,0.00311279296875
1760554769180907300,33.0719072265625,-0.9979705810546875,-0.0292510986328125,0.0024261474609375
1760554769190911200,33.0819111328125,-0.994781494140625,-0.029571533203125,0.005340576171875
1760554769200916200,33.091916259765625,-0.9963836669921875,-0.0301055908203125,0.008209228515625
1760554769210920200,33.101920166015624,-0.996673583984375,-0.0294036865234375,0.0098876953125
1760554769220924200,33.11192407226562,-0.9971923828125,-0.030029296875,0.0121917724609375
1760554769230929200,33.12192919921875,-0.9971160888671875,-0.0300750732421875,0.0103302001953125
1760554769240933000,33.13193310546875,-0.99578857421875,-0.03033447265625,0.0095367431640625
1760554769250937300,33.141937255859375,-0.996063232421875,-0.029998779296875,0.008270263671875
1760554769260942300,33.1519423828125,-0.996673583984375,-0.027740478515625,0.008026123046875
1760554769270946300,33.1619462890625,-0.9981842041015625,-0.026580810546875,0.007720947265625
1760554769280950300,33.1719501953125,-0.999359130859375,-0.0228271484375,0.007781982421875
1760554769290955300,33.18195532226562,-0.9991607666015625,-0.0216064453125,0.0076904296875
1760554769300959200,33.19195922851563,-0.9996490478515625,-0.0222930908203125,0.0079193115234375
1760554769310963200,33.20196313476563,-1.0003662109375,-0.0213165283203125,0.0050811767578125
1760554769320968200,33.21196826171875,-0.9990997314453125,-0.0211944580078125,0.00091552734375
1760554769330972200,33.22197216796875,-1.0010223388671875,-0.021728515625,0.000823974609375
1760554769340976000,33.23197607421875,-0.9998931884765625,-0.0210723876953125,0.000213623046875
1760554769350981000,33.241981201171875,-1.0000152587890625,-0.02117919921875,0.0038604736328125
1760554769360985300,33.2519853515625,-0.9998016357421875,-0.021484375,0.0048828125
1760554769370989300,33.2619892578125,-0.9997711181640625,-0.021759033203125,0.0057525634765625
1760554769380994300,33.27199438476563,-1.000457763671875,-0.02325439453125,0.0079345703125
1760554769390998000,33.281998046875,-0.9980621337890625,-0.024017333984375,0.0079498291015625
1760554769401002200,33.292002197265624,-0.9970703125,-0.0258331298828125,0.009033203125
1760554769411007200,33.30200732421875,-0.9959259033203125,-0.028411865234375,0.0084228515625
1760554769421011200,33.31201123046875,-0.9957275390625,-0.0286712646484375,0.00604248046875
1760554769431016200,33.32201611328125,-0.9979705810546875,-0.030029296875,0.00787353515625
1760554769441020200,33.33202026367187,-0.997406005859375,-0.02789306640625,0.0090179443359375
1760554769451024400,33.3420244140625,-0.99761962890625,-0.02777099609375,0.00927734375
1760554769461029400,33.352029296875,-0.99652099609375,-0.02874755859375,0.0083160400390625
1760554769471033000,33.362033203125,-0.9981231689453125,-0.028106689453125,0.0078277587890625
1760554769481037000,33.372037109375,-0.997528076171875,-0.026397705078125,0.0068511962890625
1760554769491042000,33.3820419921875,-0.99749755859375,-0.0259857177734375,0.0071563720703125
1760554769501046300,33.39204638671875,-0.9993133544921875,-0.0248870849609375,0.005615234375
1760554769511050200,33.40205029296875,-0.997589111328125,-0.0243072509765625,0.0059051513671875
1760554769521055200,33.41205517578125,-0.99810791015625,-0.0231170654296875,0.00732421875
1760554769531059200,33.42205908203125,-1,-0.0235595703125,0.00567626953125
1760554769541063400,33.4320634765625,-0.998870849609375,-0.0223236083984375,0.0052490234375
1760554769551068400,33.442068359375,-0.998382568359375,-0.0228729248046875,0.004730224609375
1760554769561072000,33.452072021484376,-1.000274658203125,-0.0234222412109375,0.0048828125
1760554769571076000,33.462076171875,-1.00042724609375,-0.023345947265625,0.0038604736328125
1760554769581081000,33.4720810546875,-0.998138427734375,-0.0222320556640625,0.004241943359375
1760554769591085300,33.48208520507813,-0.999481201171875,-0.0234527587890625,0.0057220458984375
1760554769601089300,33.49208935546875,-0.9986419677734375,-0.0238189697265625,0.00592041015625
1760554769611094300,33.50209423828125,-0.99945068359375,-0.0259857177734375,0.006591796875
1760554769621098200,33.51209814453125,-1.0003662109375,-0.025787353515625,0.006072998046875
1760554769631102200,33.52210229492187,-0.997344970703125,-0.0276336669921875,0.00738525390625
1760554769641107200,33.532107177734375,-0.998260498046875,-0.02777099609375,0.00762939453125
1760554769651111200,33.54211108398437,-0.9968414306640625,-0.026580810546875,0.0071563720703125
1760554769661115100,33.552115234375,-0.9971771240234375,-0.027587890625,0.0067291259765625
1760554769671120100,33.5621201171875,-0.998443603515625,-0.0266571044921875,0.0065765380859375
1760554769681124000,33.5721240234375,-0.9987030029296875,-0.0263824462890625,0.0071563720703125
1760554769691128300,33.58212841796875,-0.99810791015625,-0.0266265869140625,0.007659912109375
1760554769701133300,33.59213330078125,-0.999847412109375,-0.0272216796875,0.0069427490234375
1760554769711137300,33.60213720703125,-0.998748779296875,-0.026336669921875,0.0067901611328125
1760554769721141000,33.61214111328125,-0.9996795654296875,-0.024444580078125,0.0077362060546875
1760554769731146000,33.62214599609375,-1.0000762939453125,-0.023712158203125,0.005767822265625
1760554769741150200,33.63215014648438,-1.000152587890625,-0.02294921875,0.007476806640625
1760554769751154200,33.642154296875,-0.9991912841796875,-0.0243072509765625,0.006622314453125
1760554769761159200,33.6521591796875,-0.9987640380859375,-0.022705078125,0.006195068359375
1760554769771163100,33.6621630859375,-0.9987335205078125,-0.0229644775390625,0.0056915283203125
1760554769781167400,33.67216748046875,-0.9989166259765625,-0.0240478515625,0.00421142578125
1760554769791172400,33.68217236328125,-0.9971160888671875,-0.023895263671875,0.0052032470703125
1760554769801176300,33.69217626953125,-0.9987030029296875,-0.0246124267578125,0.006378173828125
1760554769811181300,33.70218139648438,-0.9981231689453125,-0.0251007080078125,0.0053863525390625
1760554769821185000,33.71218505859375,-0.9991607666015625,-0.0260162353515625,0.005126953125
1760554769831189200,33.722189208984375,-0.999237060546875,-0.0252532958984375,0.0053253173828125
1760554769841194200,33.7321943359375,-0.9992218017578125,-0.0257720947265625,0.0071563720703125
1760554769851198200,33.7421982421875,-0.9980926513671875,-0.0266571044921875,0.007781982421875
1760554769861202200,33.7522021484375,-0.997650146484375,-0.026031494140625,0.0058441162109375
1760554769871207200,33.76220727539062,-0.9980621337890625,-0.02618408203125,0.0070343017578125
1760554769881211400,33.77221142578125,-0.9966888427734375,-0.02606201171875,0.0075225830078125
1760554769891215000,33.78221508789063,-0.997406005859375,-0.026458740234375,0.0078125
1760554769901220400,33.792220458984374,-0.9984130859375,-0.0260162353515625,0.008148193359375
1760554769911224000,33.80222412109375,-0.997772216796875,-0.025726318359375,0.007568359375
1760554769921228300,33.81222827148437,-0.9988861083984375,-0.0255126953125,0.0063018798828125
1760554769931233300,33.8222333984375,-0.9974822998046875,-0.025238037109375,0.0046234130859375
1760554769941237200,33.8322373046875,-0.9987030029296875,-0.0253753662109375,0.006256103515625
1760554769951241200,33.8422412109375,-0.9980316162109375,-0.0245208740234375,0.005950927734375
1760554769961246200,33.85224609375,-0.9967041015625,-0.0230560302734375,0.0054931640625
1760554769971250200,33.862250244140625,-0.9989776611328125,-0.023681640625,0.005767822265625
1760554769981254100,33.872254150390624,-0.999053955078125,-0.024383544921875,0.005584716796875
1760554769991259100,33.88225903320313,-0.9965362548828125,-0.0252532958984375,0.0054168701171875
1760554770001263000,33.89226318359375,-0.99749755859375,-0.0239105224609375,0.006805419921875
1760554770011267000,33.90226708984375,-0.9977264404296875,-0.025146484375,0.004058837890625
1760554770021272000,33.91227197265625,-0.9991912841796875,-0.0250091552734375,0.0066986083984375
1760554770031276300,33.9222763671875,-0.998626708984375,-0.0243377685546875,0.005767822265625
1760554770041280300,33.9322802734375,-0.998870849609375,-0.025360107421875,0.0069732666015625
1760554770051285200,33.94228515625,-0.99847412109375,-0.02520751953125,0.0063934326171875
1760554770061289200,33.95228930664062,-0.9975738525390625,-0.0262298583984375,0.006072998046875
1760554770071293200,33.96229321289063,-0.9980926513671875,-0.0247955322265625,0.0078887939453125
1760554770081298200,33.972298095703124,-0.998199462890625,-0.0254669189453125,0.0076904296875
1760554770091302100,33.98230224609375,-0.9987945556640625,-0.026153564453125,0.0050811767578125
1760554770101307100,33.99230712890625,-0.99798583984375,-0.0265960693359375,0.0068359375
1760554770111311000,34.00231103515625,-0.9983367919921875,-0.023773193359375,0.005859375
1760554770121315300,34.0123154296875,-0.99871826171875,-0.0250091552734375,0.0050048828125
1760554770131320300,34.0223203125,-0.99761962890625,-0.0253143310546875,0.006072998046875
1760554770141324300,34.03232421875,-0.999481201171875,-0.025360107421875,0.0056610107421875
1760554770151328000,34.042327880859375,-1.0007476806640625,-0.02471923828125,0.0073699951171875
1760554770161333200,34.05233325195312,-0.9971160888671875,-0.0234527587890625,0.0045013427734375
1760554770171337200,34.06233715820313,-0.9991302490234375,-0.0245819091796875,0.005615234375
1760554770181341200,34.07234106445313,-0.9986419677734375,-0.0245513916015625,0.005462646484375
1760554770191346200,34.08234619140625,-0.99896240234375,-0.0263824462890625,0.0060272216796875
1760554770201350100,34.09235009765625,-0.9989471435546875,-0.0248870849609375,0.0052032470703125
1760554770211354400,34.10235424804687,-0.9998016357421875,-0.0241546630859375,0.0059356689453125
1760554770221359400,34.112359375,-0.997222900390625,-0.02496337890625,0.0062255859375
1760554770231363300,34.12236328125,-0.9981689453125,-0.0266876220703125,0.006500244140625
1760554770241367000,34.13236694335937,-0.997039794921875,-0.0252685546875,0.006561279296875
1760554770251372000,34.1423720703125,-0.998931884765625,-0.026580810546875,0.005706787109375
1760554770261376300,34.152376220703125,-0.9981536865234375,-0.0257415771484375,0.0062103271484375
1760554770271380200,34.162380126953124,-0.9963531494140625,-0.02557373046875,0.00714111328125
1760554770281385200,34.17238525390625,-0.9987335205078125,-0.0267791748046875,0.00634765625
1760554770291389200,34.18238916015625,-1.0003509521484375,-0.0233612060546875,0.0050506591796875
1760554770301393200,34.19239306640625,-0.9995269775390625,-0.0245208740234375,0.007049560546875
1760554770311398100,34.20239819335937,-0.998443603515625,-0.025787353515625,0.0079193115234375
1760554770321402400,34.21240234375,-0.9982452392578125,-0.0261993408203125,0.0064544677734375
1760554770331406000,34.222406005859376,-0.9982452392578125,-0.0266265869140625,0.0047454833984375
1760554770341411000,34.2324111328125,-0.99945068359375,-0.0256805419921875,0.0054168701171875
1760554770351415000,34.2424150390625,-0.998504638671875,-0.0242767333984375,0.0056610107421875
1760554770361419300,34.25241918945313,-0.9976806640625,-0.0247650146484375,0.005859375
1760554770371424300,34.26242431640625,-0.9976043701171875,-0.02435302734375,0.0064849853515625
1760554770381428200,34.27242822265625,-0.99969482421875,-0.026275634765625,0.0068206787109375
1760554770391432200,34.28243212890625,-0.9979095458984375,-0.02496337890625,0.006683349609375
1760554770401437200,34.292437255859376,-0.9979248046875,-0.0254058837890625,0.0068817138671875
1760554770411441200,34.302441162109375,-0.998992919921875,-0.024871826171875,0.0055694580078125
1760554770421446100,34.31244604492188,-0.9992828369140625,-0.0254974365234375,0.0072174072265625
1760554770431450000,34.3224501953125,-0.99853515625,-0.0245208740234375,0.006744384765625
1760554770441454000,34.3324541015625,-0.9987335205078125,-0.025421142578125,0.0072021484375
1760554770451459000,34.342458984375,-0.9966278076171875,-0.0254058837890625,0.0071868896484375
1760554770461463300,34.35246337890625,-0.99884033203125,-0.0249786376953125,0.0053253173828125
1760554770471467300,34.36246728515625,-0.9991455078125,-0.0240020751953125,0.005645751953125
1760554770481472300,34.37247216796875,-0.9982757568359375,-0.0248565673828125,0.005340576171875
1760554770491476200,34.38247631835937,-0.9996185302734375,-0.0244903564453125,0.0063018798828125
1760554770501480200,34.39248022460937,-0.9983062744140625,-0.0241851806640625,0.00543212890625
1760554770511485200,34.402485107421874,-0.9976348876953125,-0.0247039794921875,0.006805419921875
1760554770521489200,34.4124892578125,-1.000244140625,-0.0257568359375,0.005950927734375
1760554770531493400,34.422493408203124,-0.9981842041015625,-0.02557373046875,0.0075531005859375
1760554770541498400,34.43249829101563,-0.9988861083984375,-0.0255126953125,0.0063934326171875
1760554770551502300,34.44250244140625,-1.0001373291015625,-0.02557373046875,0.0063934326171875
1760554770561506300,34.45250634765625,-0.9990386962890625,-0.02508544921875,0.0069580078125
1760554770571511300,34.46251123046875,-0.998382568359375,-0.0253753662109375,0.0066986083984375
1760554770581515300,34.47251538085938,-0.998779296875,-0.0249176025390625,0.006103515625
1760554770591519200,34.482519287109376,-0.99847412109375,-0.0242462158203125,0.00677490234375
1760554770601524500,34.4925244140625,-0.9978179931640625,-0.024932861328125,0.0049591064453125
1760554770611528400,34.50252856445312,-0.9988250732421875,-0.0255584716796875,0.0060882568359375
1760554770621532400,34.51253247070313,-0.996368408203125,-0.0247344970703125,0.007720947265625
1760554770631537400,34.522537353515624,-0.9978179931640625,-0.0259857177734375,0.0069580078125
1760554770641541000,34.532541015625,-0.9983062744140625,-0.024261474609375,0.0071563720703125
1760554770651545300,34.54254541015625,-0.9980621337890625,-0.024322509765625,0.0060272216796875
1760554770661550300,34.55255029296875,-0.9993743896484375,-0.0243072509765625,0.0059051513671875
1760554770671554300,34.56255419921875,-0.9982757568359375,-0.0245361328125,0.0075836181640625
1760554770681558300,34.57255834960937,-0.997772216796875,-0.02490234375,0.007049560546875
1760554770691563300,34.582563232421876,-0.998260498046875,-0.0255584716796875,0.00634765625
1760554770701567500,34.5925673828125,-0.99920654296875,-0.0246429443359375,0.0072479248046875
1760554770711571200,34.6025712890625,-0.9993438720703125,-0.0250091552734375,0.0068359375
1760554770721576200,34.612576171875,-0.9992828369140625,-0.0246124267578125,0.003692626953125
1760554770731580200,34.622580078125,-0.99951171875,-0.02587890625,0.0042724609375
1760554770741585200,34.63258520507812,-0.998077392578125,-0.0264892578125,0.005645751953125
1760554770751589400,34.64258935546875,-0.99798583984375,-0.0246124267578125,0.0072784423828125
1760554770761593300,34.65259326171875,-0.997955322265625,-0.023468017578125,0.0079345703125
1760554770771598300,34.662598388671874,-0.9991607666015625,-0.0250396728515625,0.0052032470703125
1760554770781602300,34.67260229492187,-0.9989776611328125,-0.0259246826171875,0.005767822265625
1760554770791606500,34.6826064453125,-0.9984893798828125,-0.026763916015625,0.0053253173828125
1760554770801611500,34.692611572265626,-0.9979248046875,-0.024261474609375,0.0068511962890625
1760554770811615200,34.702615234375,-0.99822998046875,-0.0257720947265625,0.0074462890625
1760554770821619200,34.712619140625,-0.9974822998046875,-0.0246429443359375,0.0060272216796875
1760554770831624200,34.72262426757813,-0.997772216796875,-0.025054931640625,0.0081634521484375
1760554770841628400,34.73262841796875,-0.9987335205078125,-0.0252532958984375,0.007568359375
1760554770851632400,34.74263232421875,-0.99774169921875,-0.0247039794921875,0.0063018798828125
1760554770861637400,34.75263745117188,-0.998626708984375,-0.025421142578125,0.006256103515625
1760554770871641300,34.76264135742188,-0.9990234375,-0.0252838134765625,0.006011962890625
1760554770881645600,34.7726455078125,-0.99896240234375,-0.0259552001953125,0.00634765625
1760554770891650600,34.78265063476562,-0.9988250732421875,-0.0245361328125,0.0058441162109375
1760554770901654300,34.792654296875,-0.99822998046875,-0.025360107421875,0.0068511962890625
1760554770911658200,34.802658203125,-0.9986114501953125,-0.025054931640625,0.0069427490234375
1760554770921663200,34.812663330078124,-0.9992523193359375,-0.0250396728515625,0.006378173828125
1760554770931667200,34.82266723632812,-0.99749755859375,-0.0257415771484375,0.0065765380859375
1760554770941671400,34.83267138671875,-0.9987640380859375,-0.0254364013671875,0.0047149658203125
1760554770951676400,34.842676513671876,-0.9991455078125,-0.0243682861328125,0.0081787109375
1760554770961680400,34.852680419921874,-0.9971923828125,-0.0239105224609375,0.0060577392578125
1760554770971684000,34.86268408203125,-0.997222900390625,-0.025482177734375,0.0063629150390625
1760554770981689000,34.872689208984376,-0.9980926513671875,-0.024566650390625,0.006927490234375
1760554770991693300,34.882693359375,-0.9980010986328125,-0.025146484375,0.0064697265625
1760554771001697300,34.892697265625,-0.9983062744140625,-0.0257110595703125,0.006561279296875
1760554771011702300,34.90270239257813,-0.9996795654296875,-0.0247650146484375,0.00677490234375
1760554771021706200,34.91270629882813,-0.9994659423828125,-0.0243988037109375,0.005615234375
1760554771031711200,34.92271118164062,-0.9985809326171875,-0.0249481201171875,0.0052032470703125
1760554771041715500,34.93271557617187,-0.999542236328125,-0.025787353515625,0.005035400390625
1760554771051719400,34.94271948242187,-0.998138427734375,-0.0249786376953125,0.0052032470703125
1760554771061724400,34.952724365234374,-0.9967803955078125,-0.0267333984375,0.0059661865234375
1760554771071728000,34.96272802734375,-0.9969024658203125,-0.0259552001953125,0.007110595703125
1760554771081732400,34.972732421875,-0.9969635009765625,-0.026214599609375,0.00628662109375
1760554771091737300,34.9827373046875,-0.99822998046875,-0.0247650146484375,0.0077667236328125
1760554771101741300,34.9927412109375,-0.998077392578125,-0.0246124267578125,0.0066680908203125
1760554771111745300,35.002745361328124,-0.998260498046875,-0.0241241455078125,0.00628662109375
1760554771121750300,35.012750244140626,-0.99749755859375,-0.023040771484375,0.0048675537109375
1760554771131754500,35.02275439453125,-0.99945068359375,-0.02386474609375,0.0047149658203125
1760554771141758500,35.032758544921876,-0.99822998046875,-0.0231170654296875,0.0051116943359375
1760554771151763500,35.04276342773438,-1.0009613037109375,-0.02337646484375,0.0038909912109375
1760554771161767200,35.05276708984375,-0.9997711181640625,-0.0234832763671875,0.004364013671875
1760554771171771400,35.062771484375,-0.9983978271484375,-0.0228118896484375,0.0056610107421875
1760554771181776400,35.0727763671875,-0.997802734375,-0.0243682861328125,0.00701904296875
1760554771191780400,35.0827802734375,-0.9969329833984375,-0.0254974365234375,0.006988525390625
1760554771201784300,35.09278442382813,-0.9967041015625,-0.0261993408203125,0.007232666015625
1760554771211789300,35.102789306640624,-0.9988861083984375,-0.0238494873046875,0.0069732666015625
1760554771221793500,35.11279345703125,-1.000152587890625,-0.02252197265625,-0.0002899169921875
1760554771231797200,35.12279736328125,-1.0027008056640625,-0.0195465087890625,0.001190185546875
1760554771241802200,35.13280224609375,-1.0007476806640625,-0.0221405029296875,0.00927734375
1760554771251806200,35.14280615234375,-0.99945068359375,-0.024993896484375,0.00982666015625
1760554771261810200,35.15281005859375,-0.9985504150390625,-0.027618408203125,0.0080108642578125
1760554771271815400,35.1628154296875,-0.995849609375,-0.0291900634765625,0.0089263916015625
1760554771281819400,35.1728193359375,-0.99444580078125,-0.0313262939453125,0.009918212890625
1760554771291823400,35.1828232421875,-0.993988037109375,-0.0324859619140625,0.0131072998046875
1760554771301828400,35.19282836914063,-0.9933929443359375,-0.031463623046875,0.011627197265625
1760554771311832300,35.20283227539063,-0.994964599609375,-0.032196044921875,0.011871337890625
1760554771321837300,35.21283740234375,-0.99493408203125,-0.030975341796875,0.0108642578125
1760554771331841300,35.22284130859375,-0.99786376953125,-0.027435302734375,0.01055908203125
1760554771341845200,35.23284521484375,-0.9984893798828125,-0.0229949951171875,0.0080413818359375
1760554771351850200,35.242850341796874,-1.0017852783203125,-0.0224456787109375,0.00665283203125
1760554771361854200,35.25285424804687,-1.0012359619140625,-0.0216217041015625,0.0068511962890625
1760554771371858400,35.2628583984375,-1.0017547607421875,-0.0206451416015625,0.0057830810546875
1760554771381863400,35.272863525390626,-1.0022125244140625,-0.018310546875,0.0013885498046875
1760554771391867400,35.282867431640625,-1.0017547607421875,-0.0196533203125,0.0020294189453125
1760554771401871400,35.292871337890624,-1.0014495849609375,-0.021697998046875,0.0039215087890625
1760554771411876400,35.30287646484375,-1.0020294189453125,-0.0212249755859375,0.00616455078125
1760554771421880300,35.31288037109375,-0.999176025390625,-0.0229339599609375,0.0077667236328125
1760554771431884300,35.32288427734375,-0.9958343505859375,-0.0282135009765625,0.00927734375
1760554771441889300,35.33288916015625,-0.995635986328125,-0.030548095703125,0.008575439453125
1760554771451893200,35.34289331054688,-0.9940948486328125,-0.0335235595703125,0.0099945068359375
1760554771461897500,35.3528974609375,-0.992218017578125,-0.0334320068359375,0.0119781494140625
1760554771471902500,35.36290234375,-0.993927001953125,-0.0366973876953125,0.01220703125
1760554771481906400,35.37290649414062,-0.992095947265625,-0.0367431640625,0.0152587890625
1760554771491910100,35.38291015625,-0.9952392578125,-0.0299072265625,0.01617431640625
1760554771501915100,35.3929150390625,-0.9989166259765625,-0.0207977294921875,0.0139923095703125
1760554771511919400,35.40291943359375,-1.0057830810546875,-0.013458251953125,0.0111083984375
1760554771521923300,35.41292333984375,-1.008331298828125,-0.0129547119140625,0.0026092529296875
1760554771531928600,35.422928466796876,-1.004241943359375,-0.020111083984375,-0.004913330078125
1760554771541932500,35.4329326171875,-0.9993438720703125,-0.02471923828125,-0.0080718994140625
1760554771551936500,35.4429365234375,-0.9964447021484375,-0.0298919677734375,-0.0043182373046875
1760554771561941500,35.45294140625,-0.9947509765625,-0.0329742431640625,0.0066070556640625
1760554771571945700,35.46294580078125,-0.995147705078125,-0.029296875,0.013702392578125
1760554771581949400,35.472949462890625,-0.99725341796875,-0.026702880859375,0.01666259765625
1760554771591954400,35.48295434570313,-0.998870849609375,-0.02520751953125,0.01483154296875
1760554771601958400,35.49295849609375,-0.9985504150390625,-0.0253143310546875,0.0104217529296875
1760554771611962600,35.50296264648438,-0.9981689453125,-0.0272369384765625,0.00311279296875
1760554771621967600,35.51296752929687,-0.99755859375,-0.02783203125,-0.000579833984375
1760554771631971600,35.5229716796875,-1.0001983642578125,-0.0245819091796875,-0.0017242431640625
1760554771641976600,35.5329765625,-1.0012969970703125,-0.0221710205078125,0.00469970703125
1760554771651980500,35.54298046875,-1.002685546875,-0.0196075439453125,0.0095062255859375
1760554771661984800,35.55298486328125,-1.0003814697265625,-0.0219268798828125,0.0106658935546875
1760554771671989800,35.56298974609375,-1.0009765625,-0.022674560546875,0.012359619140625
1760554771681993500,35.572993408203125,-1.000335693359375,-0.02423095703125,0.0093536376953125
1760554771691997400,35.58299755859375,-0.9990234375,-0.02252197265625,0.006866455078125
1760554771702002400,35.59300244140625,-0.99847412109375,-0.02691650390625,0.0075225830078125
1760554771712006700,35.60300659179688,-0.9984588623046875,-0.0298309326171875,0.0084686279296875
1760554771722010600,35.6130107421875,-0.9962921142578125,-0.0315093994140625,0.00958251953125
1760554771732015600,35.623015625,-0.9962921142578125,-0.030364990234375,0.0091400146484375
1760554771742019600,35.63301953125,-0.996978759765625,-0.0285797119140625,0.00799560546875
1760554771752023800,35.64302392578125,-0.997528076171875,-0.0289459228515625,0.0079193115234375
1760554771762028800,35.65302880859375,-0.9987335205078125,-0.0301666259765625,0.0066680908203125
1760554771772032500,35.66303247070312,-0.9976959228515625,-0.0319061279296875,0.0053253173828125
1760554771782036500,35.67303637695313,-0.996917724609375,-0.0338134765625,0.0074920654296875
1760554771792041500,35.68304150390625,-0.9961395263671875,-0.033660888671875,0.009552001953125
1760554771802045700,35.693045654296874,-0.9952545166015625,-0.03466796875,0.008270263671875
1760554771812049700,35.70304956054687,-0.9934539794921875,-0.0363311767578125,0.00933837890625
1760554771822054700,35.7130546875,-0.99468994140625,-0.03778076171875,0.0116424560546875
1760554771832058600,35.72305859375,-0.99603271484375,-0.0381927490234375,0.0107879638671875
1760554771842062600,35.7330625,-0.993011474609375,-0.0382232666015625,0.0103607177734375
1760554771852067600,35.74306762695313,-0.993621826171875,-0.0380096435546875,0.0130157470703125
1760554771862071600,35.753071533203126,-0.9944610595703125,-0.03900146484375,0.0115509033203125
1760554771872075500,35.763075439453125,-0.9963226318359375,-0.0370330810546875,0.0114288330078125
1760554771882080500,35.77308056640625,-0.998291015625,-0.0335235595703125,0.008636474609375
1760554771892084500,35.78308447265625,-0.9971160888671875,-0.033447265625,0.0070037841796875
1760554771902088700,35.79308862304688,-0.9979248046875,-0.0335540771484375,0.00823974609375
1760554771912093700,35.80309375,-0.997314453125,-0.0308837890625,0.00836181640625
1760554771922097700,35.81309765625,-0.9981842041015625,-0.030517578125,0.0079498291015625
1760554771932101400,35.82310131835938,-0.9985809326171875,-0.028411865234375,0.00921630859375
1760554771942106400,35.8331064453125,-0.999725341796875,-0.02703857421875,0.0090179443359375
1760554771952110600,35.84311059570312,-0.998870849609375,-0.0267333984375,0.0103759765625
1760554771962114600,35.85311450195312,-0.99822998046875,-0.0288238525390625,0.007965087890625
1760554771972119600,35.86311962890625,-0.999481201171875,-0.0285491943359375,0.0067596435546875
1760554771982123500,35.87312353515625,-0.998809814453125,-0.02880859375,0.004974365234375
1760554771992128500,35.88312841796875,-0.9998931884765625,-0.0266876220703125,0.0056610107421875
1760554772002132700,35.8931328125,-0.9998016357421875,-0.025238037109375,0.00592041015625
1760554772012136700,35.90313671875,-1.0009765625,-0.024749755859375,0.0079498291015625
1760554772022141700,35.9131416015625,-1.000946044921875,-0.024322509765625,0.0081939697265625
1760554772032145400,35.9231455078125,-0.9995880126953125,-0.02435302734375,0.0086517333984375
1760554772042149600,35.93314965820313,-0.9990997314453125,-0.0233612060546875,0.0086517333984375
1760554772052154600,35.94315454101562,-1.0010528564453125,-0.024505615234375,0.0070037841796875
1760554772062158600,35.95315869140625,-0.9981689453125,-0.02508544921875,0.00555419921875
1760554772072162600,35.96316259765625,-0.9994354248046875,-0.0267333984375,0.0033721923828125
1760554772082167600,35.97316748046875,-1.0000762939453125,-0.0275726318359375,0.00372314453125
1760554772092171800,35.983171875,-0.999969482421875,-0.026947021484375,0.0042572021484375
1760554772102175500,35.99317553710937,-0.99951171875,-0.02685546875,0.0067901611328125
1760554772112180500,36.003180419921875,-1.00048828125,-0.0258636474609375,0.00830078125
1760554772122184400,36.013184326171874,-1.00115966796875,-0.0253448486328125,0.0081634521484375
1760554772132188700,36.023188720703125,-0.99932861328125,-0.02642822265625,0.0091705322265625
1760554772142193700,36.03319360351563,-0.9984893798828125,-0.0279541015625,0.0096588134765625
1760554772152197600,36.04319775390625,-0.995941162109375,-0.02972412109375,0.00897216796875
1760554772162201600,36.05320166015625,-0.997283935546875,-0.0326080322265625,0.010833740234375
1760554772172206600,36.06320654296875,-0.9950714111328125,-0.0315399169921875,0.0099334716796875
1760554772182210600,36.07321044921875,-0.99798583984375,-0.0306243896484375,0.009185791015625
1760554772192214500,36.08321459960938,-0.9970550537109375,-0.0295257568359375,0.0121002197265625
1760554772202219500,36.09321948242187,-0.99578857421875,-0.0291748046875,0.0109100341796875
1760554772212223500,36.10322338867188,-0.997344970703125,-0.0297698974609375,0.011444091796875
1760554772222227500,36.1132275390625,-0.9994049072265625,-0.0290679931640625,0.010009765625
1760554772232232400,36.123232421875,-0.99945068359375,-0.028045654296875,0.00885009765625
1760554772242236700,36.13323657226562,-0.9987945556640625,-0.02777099609375,0.0088043212890625
1760554772252240600,36.14324072265625,-1.0000762939453125,-0.0271759033203125,0.006256103515625
1760554772262245600,36.15324560546875,-0.9997406005859375,-0.0277252197265625,0.006744384765625
1760554772272249300,36.163249267578124,-0.99920654296875,-0.027679443359375,0.0052947998046875
1760554772282254600,36.17325463867188,-0.9979095458984375,-0.026519775390625,0.00665283203125
1760554772292258600,36.18325854492188,-0.999359130859375,-0.027862548828125,0.0062103271484375
1760554772302262500,36.193262451171876,-0.9986419677734375,-0.029327392578125,0.00726318359375
1760554772312267500,36.203267578125,-0.996978759765625,-0.0279998779296875,0.00689697265625
1760554772322271500,36.213271484375,-0.997528076171875,-0.027984619140625,0.0076904296875
1760554772332275700,36.22327563476563,-0.9987030029296875,-0.0288543701171875,0.0092315673828125
1760554772342280700,36.23328076171875,-0.998779296875,-0.028778076171875,0.0095367431640625
1760554772352284700,36.24328466796875,-0.9970855712890625,-0.0288543701171875,0.009918212890625
1760554772362288400,36.25328833007813,-0.99871826171875,-0.0291748046875,0.0103302001953125
1760554772372293400,36.26329345703125,-0.9991912841796875,-0.02642822265625,0.0113067626953125
1760554772382297600,36.273297607421874,-0.999053955078125,-0.0242462158203125,0.0090484619140625
1760554772392301600,36.28330151367187,-1.0000762939453125,-0.025390625,0.00958251953125
1760554772402306600,36.293306640625,-1.0009002685546875,-0.025360107421875,0.008880615234375
1760554772412310500,36.303310546875,-0.9994354248046875,-0.026397705078125,0.005859375
1760554772422314800,36.313314697265625,-0.997589111328125,-0.0290374755859375,0.0041961669921875
1760554772432319700,36.32331982421875,-0.998016357421875,-0.0297698974609375,0.0023193359375
1760554772442323700,36.33332373046875,-0.998687744140625,-0.0308685302734375,0.0048980712890625
1760554772452327400,36.343327392578125,-0.996978759765625,-0.0312957763671875,0.0069732666015625
1760554772462332400,36.35333251953125,-0.996734619140625,-0.03179931640625,0.0083465576171875
1760554772472336600,36.36333666992188,-0.9971466064453125,-0.0303955078125,0.0087432861328125
1760554772482340600,36.37334057617188,-0.997222900390625,-0.0305633544921875,0.010589599609375
1760554772492345600,36.383345703125,-0.997222900390625,-0.02996826171875,0.011627197265625
1760554772502349600,36.393349609375,-0.9976043701171875,-0.029693603515625,0.012603759765625
1760554772512353500,36.403353515625,-0.9970703125,-0.026824951171875,0.012847900390625
1760554772522358500,36.413358642578125,-0.9981536865234375,-0.028839111328125,0.012054443359375
1760554772532362800,36.42336279296875,-0.997283935546875,-0.027679443359375,0.0124969482421875
1760554772542366700,36.43336669921875,-0.9976043701171875,-0.0266265869140625,0.01263427734375
1760554772552371700,36.44337182617188,-0.9986572265625,-0.0264892578125,0.0120086669921875
1760554772562375700,36.453375732421875,-0.99761962890625,-0.026031494140625,0.013763427734375
1760554772572380700,36.46338061523438,-0.997589111328125,-0.0252532958984375,0.0153656005859375
1760554772582384600,36.47338452148438,-0.9995269775390625,-0.02496337890625,0.01416015625
1760554772592388600,36.483388671875,-0.998931884765625,-0.02490234375,0.0135650634765625
1760554772602393600,36.4933935546875,-0.9987945556640625,-0.026214599609375,0.014404296875
1760554772612397600,36.5033974609375,-0.9985809326171875,-0.0268707275390625,0.0114898681640625
1760554772622401800,36.51340185546875,-0.9971160888671875,-0.0276336669921875,0.009429931640625
1760554772632406800,36.52340673828125,-0.998626708984375,-0.0279541015625,0.0044403076171875
1760554772642410800,36.53341064453125,-0.998321533203125,-0.0278167724609375,0.0015716552734375
1760554772652414700,36.54341479492187,-0.9957427978515625,-0.02899169921875,-0.0048065185546875
1760554772662419700,36.553419677734375,-0.99798583984375,-0.030059814453125,-0.0045623779296875
1760554772672423700,36.563423583984374,-0.9992218017578125,-0.02630615234375,0.000091552734375
1760554772682427600,36.573427734375,-0.9999542236328125,-0.021392822265625,0.007080078125
1760554772692432600,36.5834326171875,-0.9997711181640625,-0.0230712890625,0.0064544677734375
1760554772702436600,36.5934365234375,-0.9999847412109375,-0.0213623046875,0.0092620849609375
1760554772712440800,36.60344091796875,-1.002960205078125,-0.01702880859375,0.0103607177734375
1760554772722445800,36.61344580078125,-1.0031585693359375,-0.0179901123046875,0.00762939453125
1760554772732449800,36.62344970703125,-1.0009765625,-0.0223236083984375,0.0046844482421875
1760554772742453800,36.63345385742188,-0.9969482421875,-0.0301055908203125,0.003204345703125
1760554772752458800,36.64345874023437,-0.9955902099609375,-0.03564453125,0.0020904541015625
1760554772762462700,36.65346264648438,-0.9941253662109375,-0.037322998046875,0.003082275390625
1760554772772466700,36.663466796875,-0.9960174560546875,-0.033172607421875,0.0063629150390625
1760554772782471700,36.6734716796875,-0.9966583251953125,-0.03192138671875,0.010833740234375
1760554772792475600,36.6834755859375,-0.995269775390625,-0.036163330078125,0.0098876953125
1760554772802479600,36.69347973632812,-0.9964447021484375,-0.061370849609375,-0.0113677978515625
1760554772812484900,36.70348486328125,-0.991607666015625,-0.138275146484375,-0.0699615478515625
1760554772822488800,36.71348876953125,-0.997161865234375,-0.110321044921875,-0.08807373046875
1760554772832492500,36.72349243164062,-0.9852142333984375,0.2293701171875,0.2425384521484375
1760554772842497500,36.73349755859375,-0.9832000732421875,-0.112274169921875,0.04217529296875
1760554772852501500,36.74350146484375,-1.00567626953125,-0.03033447265625,-0.0413665771484375
1760554772862505700,36.753505615234374,-1.027130126953125,-0.0190582275390625,0.0123443603515625
1760554772872510700,36.7635107421875,-1.008270263671875,-0.0082855224609375,0.0280914306640625
1760554772882514700,36.7735146484375,-1.0023651123046875,-0.002838134765625,0.050994873046875
1760554772892519700,36.78351977539062,-1.004180908203125,0.0040435791015625,0.0531005859375
1760554772902523600,36.79352368164062,-0.9894256591796875,-0.001251220703125,0.04913330078125
1760554772912528000,36.80352783203125,-0.9662628173828125,-0.01611328125,0.0552520751953125
1760554772922532900,36.813532958984375,-0.9744110107421875,-0.1209564208984375,0.013824462890625
1760554772932536600,36.82353662109375,-1.0991668701171875,0.0518646240234375,-0.07421875
1760554772942540500,36.83354052734375,-1.0510406494140625,0.048248291015625,-0.029815673828125
1760554772952545500,36.843545654296875,-0.92205810546875,0.002044677734375,0.0597381591796875
1760554772962549800,36.8535498046875,-0.9054412841796875,-0.015838623046875,-0.006317138671875
1760554772972553700,36.8635537109375,-1.0009613037109375,0.0597686767578125,-0.0596923828125
1760554772982558700,36.87355883789063,-1.04949951171875,0.0265045166015625,-0.0216217041015625
1760554772992562700,36.883562744140626,-1.125213623046875,0.0148162841796875,-0.06536865234375
1760554773002567000,36.89356689453125,-1.190460205078125,0.0851593017578125,-0.0989227294921875
1760554773012572000,36.90357202148437,-1.0294036865234375,0.0888824462890625,-0.053131103515625
1760554773022575600,36.91357568359375,-1.0631561279296875,0.070648193359375,0.0292205810546875
1760554773032579600,36.92357958984375,-1.0397796630859375,0.096160888671875,-0.031890869140625
1760554773042584600,36.93358447265625,-1.0317230224609375,0.104949951171875,-0.0816497802734375
1760554773052588800,36.9435888671875,-1.01983642578125,0.11962890625,-0.0569000244140625
1760554773062592800,36.9535927734375,-1.02423095703125,0.1255950927734375,-0.0811614990234375
1760554773072597800,36.96359765625,-1.0260467529296875,0.157073974609375,-0.041046142578125
1760554773082601700,36.97360180664062,-1.013275146484375,0.1681365966796875,-0.05987548828125
1760554773092605700,36.98360571289062,-0.9889984130859375,0.2133331298828125,-0.018524169921875
1760554773102610700,36.993610595703124,-0.991851806640625,0.19940185546875,0.0105743408203125
1760554773112614700,37.00361474609375,-0.9940032958984375,0.26312255859375,0.0882720947265625
1760554773122618600,37.01361865234375,-0.9864044189453125,0.2830657958984375,0.0323638916015625
1760554773132623600,37.02362353515625,-0.95367431640625,0.285552978515625,-0.0100555419921875
1760554773142627800,37.0336279296875,-0.9309844970703125,0.32080078125,0.0606231689453125
1760554773152631800,37.0436318359375,-0.882904052734375,0.35968017578125,0.0282135009765625
1760554773162636800,37.05363671875,-0.8437042236328125,0.3818359375,-0.039703369140625
1760554773172640800,37.06364086914063,-0.839263916015625,0.3631439208984375,-0.0300140380859375
1760554773182644500,37.07364453125,-0.8470306396484375,0.438232421875,0.020050048828125
1760554773192649700,37.08364965820312,-0.864593505859375,0.44049072265625,0.020111083984375
1760554773202653700,37.09365380859375,-0.9347686767578125,0.4391021728515625,0.0229034423828125
1760554773212658700,37.10365869140625,-0.89215087890625,0.4824066162109375,0.0182647705078125
1760554773222662700,37.11366259765625,-0.9011383056640625,0.4722137451171875,0.08544921875
1760554773232666600,37.12366650390625,-0.8696746826171875,0.4873199462890625,0.0723114013671875
1760554773242671600,37.133671630859375,-0.730316162109375,0.564849853515625,0.13616943359375
1760554773252675800,37.14367578125,-0.7734375,0.496490478515625,0.0449981689453125
1760554773262679800,37.1536796875,-0.8234710693359375,0.4554290771484375,-0.0037841796875
1760554773272684800,37.16368481445313,-0.882659912109375,0.545135498046875,-0.0347900390625
1760554773282688500,37.1736884765625,-0.857452392578125,0.54144287109375,-0.05938720703125
1760554773292692700,37.183692626953125,-0.837860107421875,0.6308135986328125,-0.10089111328125
1760554773302697700,37.19369775390625,-0.7818450927734375,0.5314483642578125,-0.418426513671875
1760554773312701700,37.20370166015625,-0.79766845703125,0.604248046875,-0.21063232421875
1760554773322705700,37.21370556640625,-0.7811126708984375,0.6213226318359375,0.1658477783203125
1760554773332710700,37.22371069335937,-0.827362060546875,0.6337738037109375,0.1436614990234375
1760554773342715000,37.23371484375,-0.7872772216796875,0.704498291015625,-0.112640380859375
1760554773352718600,37.24371850585938,-0.8782501220703125,0.794097900390625,0.7053070068359375
1760554773362723600,37.2537236328125,-0.75384521484375,0.8123626708984375,0.0999755859375
1760554773372727600,37.2637275390625,-0.717620849609375,0.9317779541015625,0.1060791015625
1760554773382731800,37.27373168945312,-0.6637115478515625,0.844696044921875,0.0447998046875
1760554773392736800,37.28373681640625,-0.44189453125,1.0970916748046875,0.077239990234375
1760554773402740700,37.29374072265625,-0.516326904296875,1.260589599609375,0.06414794921875
1760554773412744700,37.30374462890625,-0.459442138671875,1.444915771484375,-0.010955810546875
1760554773422749700,37.31374975585938,-0.444427490234375,1.59674072265625,-0.0048828125
1760554773432754000,37.32375390625,-0.55364990234375,1.67852783203125,-0.1337890625
1760554773442759000,37.33375903320312,-0.8115386962890625,1.6100921630859375,-0.4519195556640625
1760554773452762600,37.3437626953125,-1.0430145263671875,1.560150146484375,-0.596832275390625
1760554773462766600,37.3537666015625,-1.195526123046875,1.550872802734375,-0.504180908203125
1760554773472771600,37.363771484375,-1.400848388671875,1.4261627197265625,-0.4940948486328125
1760554773482775800,37.37377587890625,-1.5872039794921875,1.2389068603515625,-0.429290771484375
1760554773492779800,37.38377978515625,-1.6361236572265625,1.2185211181640625,-0.2853851318359375
1760554773502784800,37.39378466796875,-1.5560150146484375,1.140960693359375,-0.214202880859375
1760554773512788700,37.403788818359374,-1.376617431640625,0.948272705078125,-0.2703857421875
1760554773522792700,37.41379272460937,-1.11785888671875,0.79913330078125,-0.421295166015625
1760554773532796700,37.42379663085938,-0.8346099853515625,0.7149200439453125,-0.6116180419921875
1760554773542800600,37.43380053710938,-0.6763916015625,0.754730224609375,-0.6551513671875
1760554773552804400,37.443804443359376,-0.597625732421875,0.930511474609375,-0.6473846435546875
1760554773562809300,37.45380932617188,-0.495758056640625,1.0018310546875,-0.833221435546875
1760554773572813600,37.4638134765625,-0.414642333984375,0.943450927734375,-0.99176025390625
1760554773582817500,37.47381762695313,-0.3729705810546875,0.8980255126953125,-0.9709014892578125
1760554773592822500,37.48382250976562,-0.2751312255859375,0.76702880859375,-0.8604888916015625
1760554773602826500,37.49382641601562,-0.106292724609375,0.5641326904296875,-0.69110107421875
1760554773612830700,37.50383081054687,-0.0771026611328125,0.4666748046875,-0.501220703125
1760554773622835700,37.513835693359376,-0.0905609130859375,0.3623504638671875,-0.3742523193359375
1760554773632839700,37.523839599609374,-0.09552001953125,0.224822998046875,-0.2997589111328125
1760554773642843400,37.53384350585937,-0.0914764404296875,0.1050872802734375,-0.2520904541015625
1760554773652848400,37.543848388671876,-0.090545654296875,0.0632171630859375,-0.1897125244140625
1760554773662852600,37.5538525390625,-0.0980377197265625,0.0081024169921875,-0.074554443359375
1760554773672856600,37.563856689453125,-0.08172607421875,-0.0034027099609375,0.0421905517578125
1760554773682861600,37.57386157226563,-0.08917236328125,-0.0721282958984375,0.0086822509765625
1760554773692865500,37.58386547851563,-0.139190673828125,-0.1490325927734375,-0.068817138671875
1760554773702869800,37.59386987304688,-0.15936279296875,-0.193450927734375,-0.1446990966796875
1760554773712874800,37.60387475585937,-0.1781768798828125,-0.219757080078125,-0.1815643310546875
1760554773722878700,37.61387866210937,-0.199859619140625,-0.3449249267578125,-0.1875152587890625
1760554773732882400,37.62388232421875,-0.2046051025390625,-0.5050048828125,-0.1862030029296875
1760554773742887400,37.63388745117187,-0.200592041015625,-0.65087890625,-0.17926025390625
1760554773752891600,37.6438916015625,-0.167236328125,-0.752685546875,-0.2124176025390625
1760554773762895600,37.6538955078125,-0.09698486328125,-0.7814178466796875,-0.264190673828125
1760554773772900600,37.663900634765625,-0.0474853515625,-0.728515625,-0.274688720703125
1760554773782904600,37.673904541015624,-0.2799072265625,-0.4327545166015625,-0.7070159912109375
1760554773792909600,37.68390966796875,-1.034912109375,0.4967193603515625,-3.1474761962890625
1760554773802913800,37.69391381835938,0.1974639892578125,0.2520904541015625,-2.145599365234375
1760554773812917500,37.70391748046875,-0.066375732421875,0.0831146240234375,-0.8388214111328125
1760554773822922500,37.71392260742188,-0.6514129638671875,0.2792816162109375,-0.2559967041015625
1760554773832926500,37.72392651367188,-0.7444610595703125,0.2863006591796875,-0.08465576171875
1760554773842930400,37.733930419921876,-0.7601776123046875,0.22003173828125,-0.1333770751953125
1760554773852935700,37.74393579101562,-0.6535186767578125,-0.0531158447265625,-0.3171844482421875
1760554773862939600,37.75393969726562,-0.921417236328125,-0.239471435546875,-0.5718994140625
1760554773872943600,37.76394360351563,-0.99151611328125,-0.31597900390625,-0.5051727294921875
1760554773882948600,37.77394848632812,-1.0127716064453125,-0.2423553466796875,-0.4704742431640625
1760554773892952600,37.78395263671875,-0.936553955078125,-0.187408447265625,-0.4845733642578125
1760554773902956500,37.79395654296875,-0.961944580078125,-0.1121978759765625,-0.494171142578125
1760554773912961500,37.80396142578125,-1.027984619140625,-0.1983184814453125,-0.5070037841796875
1760554773922965500,37.813965576171874,-1.077484130859375,-0.1778564453125,-0.4864349365234375
1760554773932969500,37.82396948242187,-0.9934844970703125,-0.2879791259765625,-0.3769683837890625
1760554773942974500,37.833974365234376,-1.028564453125,-0.539886474609375,-0.2290802001953125
1760554773952978700,37.843978759765626,-0.977203369140625,-0.6569061279296875,-0.184234619140625
1760554773962982700,37.853982666015625,-0.8914337158203125,-0.5211029052734375,-0.23358154296875
1760554773972987600,37.86398754882813,-0.83551025390625,-0.510467529296875,-0.242340087890625
1760554773982991600,37.87399169921875,-0.7878570556640625,-0.56671142578125,-0.2296142578125
1760554773992995600,37.88399560546875,-0.7356109619140625,-0.6141510009765625,-0.1793975830078125
1760554774003000600,37.89400048828125,-0.646728515625,-0.63134765625,-0.12237548828125
1760554774013004500,37.90400463867188,-0.62384033203125,-0.5952301025390625,-0.0850372314453125
1760554774023008500,37.91400854492188,-0.6492919921875,-0.51806640625,-0.094757080078125
1760554774033013500,37.92401342773437,-0.7354583740234375,-0.426605224609375,-0.1055450439453125
1760554774043017700,37.93401782226562,-0.804779052734375,-0.37249755859375,-0.0859832763671875
1760554774053021700,37.94402172851562,-0.843017578125,-0.36993408203125,-0.0705108642578125
1760554774063026700,37.954026611328125,-0.8798828125,-0.3614349365234375,-0.0955963134765625
1760554774073030400,37.964030517578124,-0.8801116943359375,-0.2952117919921875,-0.1420135498046875
1760554774083034600,37.97403466796875,-0.9024200439453125,-0.25872802734375,-0.14093017578125
1760554774093039600,37.98403955078125,-0.93475341796875,-0.2477569580078125,-0.165252685546875
1760554774103043600,37.994043701171876,-0.9711456298828125,-0.2191925048828125,-0.1791839599609375
1760554774113047600,38.004047607421874,-1.0006103515625,-0.1818084716796875,-0.151641845703125
1760554774123052500,38.01405249023438,-1.020111083984375,-0.1564788818359375,-0.1291351318359375
1760554774133056800,38.02405688476563,-1.0306854248046875,-0.112762451171875,-0.13018798828125
1760554774143061800,38.03406176757812,-1.042327880859375,-0.0721282958984375,-0.1171875
1760554774153065700,38.04406567382812,-1.03143310546875,-0.0608673095703125,-0.130950927734375
1760554774163069400,38.0540693359375,-1.025634765625,-0.060760498046875,-0.1639862060546875
1760554774173074400,38.06407446289062,-1.0298309326171875,-0.083892822265625,-0.1692657470703125
1760554774183078400,38.07407836914062,-1.044525146484375,-0.1151580810546875,-0.1528778076171875
1760554774193082600,38.08408251953125,-1.0527496337890625,-0.093292236328125,-0.089874267578125
1760554774203087600,38.094087646484375,-1.0495452880859375,-0.1698760986328125,-0.090179443359375
1760554774213091600,38.104091552734374,-1.05303955078125,-0.247711181640625,-0.08148193359375
1760554774223095600,38.11409545898437,-1.038543701171875,-0.2656707763671875,-0.092803955078125
1760554774233100500,38.1241005859375,-0.99505615234375,-0.248077392578125,-0.0846710205078125
1760554774243104800,38.134104736328126,-0.942840576171875,-0.220245361328125,-0.0466461181640625
1760554774253108500,38.1441083984375,-0.905059814453125,-0.193328857421875,-0.03875732421875
1760554774263113500,38.15411352539063,-0.888397216796875,-0.169403076171875,-0.040435791015625
1760554774273117400,38.164117431640626,-0.9070587158203125,-0.172698974609375,-0.03363037109375
1760554774283121700,38.17412158203125,-0.93890380859375,-0.180511474609375,-0.0436859130859375
1760554774293126700,38.18412670898437,-0.9697113037109375,-0.1917572021484375,-0.0390167236328125
1760554774303130600,38.19413061523438,-0.9905548095703125,-0.2202606201171875,-0.0273284912109375
1760554774313134600,38.20413452148438,-1.00311279296875,-0.2442169189453125,-0.007598876953125
1760554774323139600,38.2141396484375,-1.0162353515625,-0.238250732421875,0.0277252197265625
1760554774333143600,38.2241435546875,-1.026611328125,-0.2032928466796875,0.08148193359375
1760554774343147500,38.2341474609375,-1.03955078125,-0.16302490234375,0.1267242431640625
1760554774353152500,38.244152587890625,-1.0667266845703125,-0.1354522705078125,0.14007568359375
1760554774363156500,38.254156494140624,-1.097564697265625,-0.1174468994140625,0.1421966552734375
1760554774373160700,38.26416064453125,-1.1319732666015625,-0.1013031005859375,0.12017822265625
1760554774383165700,38.27416577148438,-1.1432952880859375,-0.0767364501953125,0.0743560791015625
1760554774393169700,38.284169677734376,-1.1402435302734375,-0.0361328125,0.020050048828125
1760554774403173600,38.294173583984374,-1.130401611328125,-0.0029754638671875,-0.0319671630859375
1760554774413178600,38.3041787109375,-1.1170501708984375,0.0155487060546875,-0.05859375
1760554774423182600,38.3141826171875,-1.100494384765625,0.0188751220703125,-0.0682830810546875
1760554774433187600,38.3241875,-1.08160400390625,0.0056610107421875,-0.0774078369140625
1760554774443191600,38.33419165039062,-1.0516815185546875,-0.0155181884765625,-0.0607147216796875
1760554774453195500,38.34419555664063,-1.0322418212890625,-0.0347442626953125,-0.037506103515625
1760554774463200500,38.35420043945312,-1.0185089111328125,-0.0487518310546875,-0.014739990234375
1760554774473204700,38.364204833984374,-1.0026702880859375,-0.048675537109375,0.0088958740234375
1760554774483208700,38.37420874023437,-0.9837493896484375,-0.041717529296875,0.0334930419921875
1760554774493213700,38.384213623046875,-0.95794677734375,-0.03460693359375,0.0555572509765625
1760554774503217700,38.3942177734375,-0.9449005126953125,-0.0259857177734375,0.0618896484375
1760554774513221400,38.40422143554687,-0.938201904296875,-0.0276947021484375,0.0580291748046875
1760554774523226600,38.4142265625,-0.93414306640625,-0.0401153564453125,0.0433502197265625
1760554774533231000,38.42423120117188,-0.9333038330078125,-0.04998779296875,0.02069091796875
1760554774543235000,38.43423510742188,-0.941802978515625,-0.0642242431640625,0.01092529296875
1760554774553240000,38.44423999023437,-0.956268310546875,-0.075439453125,0.0015411376953125
1760554774563244000,38.454244140625,-0.9634857177734375,-0.0814666748046875,-0.002349853515625
1760554774573248000,38.464248046875,-0.9614105224609375,-0.08843994140625,0.000946044921875
1760554774583253000,38.4742529296875,-0.95611572265625,-0.094390869140625,0.0105133056640625
1760554774593257000,38.48425708007812,-0.9560546875,-0.10223388671875,0.0240020751953125
1760554774603262000,38.494261962890626,-0.959625244140625,-0.0990753173828125,0.0456695556640625
1760554774613266000,38.504265869140625,-0.964935302734375,-0.0884246826171875,0.066864013671875
1760554774623270100,38.514270263671875,-0.9768524169921875,-0.0733184814453125,0.0722503662109375
1760554774633275100,38.52427514648438,-1.006011962890625,-0.0608062744140625,0.057708740234375
1760554774643279000,38.53427905273438,-1.038543701171875,-0.0614013671875,0.0311279296875
1760554774653282800,38.54428271484375,-1.0456085205078125,-0.070587158203125,0.02471923828125
1760554774663287800,38.55428784179688,-1.034454345703125,-0.07830810546875,0.0445098876953125
1760554774673292000,38.5642919921875,-1.0267791748046875,-0.082977294921875,0.0400848388671875
1760554774683296000,38.5742958984375,-1.023162841796875,-0.09576416015625,0.02227783203125
1760554774693301000,38.58430102539062,-1.0153045654296875,-0.10406494140625,0.0200958251953125
1760554774703305000,38.59430493164062,-1.005889892578125,-0.107147216796875,0.0409698486328125
1760554774713309000,38.60430883789063,-1.002777099609375,-0.0990447998046875,0.06817626953125
1760554774723314000,38.61431396484375,-1.0030670166015625,-0.0843048095703125,0.085845947265625
1760554774733318100,38.624318115234374,-1.0020904541015625,-0.0665740966796875,0.1000823974609375
1760554774743323100,38.6343232421875,-0.9910430908203125,-0.056121826171875,0.1107330322265625
1760554774753326800,38.644326904296875,-0.9775390625,-0.0665740966796875,0.1166839599609375
1760554774763330800,38.654330810546874,-0.9753875732421875,-0.084991455078125,0.123382568359375
1760554774773335800,38.66433569335938,-0.983734130859375,-0.0936737060546875,0.1301116943359375
1760554774783340000,38.67434008789063,-0.9792022705078125,-0.1002655029296875,0.127227783203125
1760554774793344000,38.684343994140626,-0.9680328369140625,-0.10595703125,0.1162109375
1760554774803349000,38.69434887695313,-0.97113037109375,-0.1175994873046875,0.11785888671875
1760554774813353000,38.70435302734375,-0.9806671142578125,-0.1407012939453125,0.114410400390625
1760554774823357200,38.71435717773438,-0.985015869140625,-0.166290283203125,0.11859130859375
1760554774833362200,38.72436206054687,-0.9791412353515625,-0.1866607666015625,0.127410888671875
1760554774843366000,38.73436596679687,-0.9740142822265625,-0.1955108642578125,0.1278228759765625
1760554774853369900,38.74436987304688,-0.965179443359375,-0.1890106201171875,0.119293212890625
1760554774863374800,38.754374755859374,-0.9624176025390625,-0.1732940673828125,0.108001708984375
1760554774873379000,38.764379150390624,-0.958404541015625,-0.1674957275390625,0.0803680419921875
1760554774883384000,38.77438403320313,-0.9648284912109375,-0.153289794921875,0.04888916015625
1760554774893388000,38.784387939453126,-0.9767913818359375,-0.141326904296875,0.042327880859375
1760554774903392000,38.79439208984375,-0.98272705078125,-0.1324310302734375,0.0492706298828125
1760554774913397000,38.80439697265625,-0.9819488525390625,-0.1202545166015625,0.0610809326171875
1760554774923401000,38.81440087890625,-0.9700775146484375,-0.1108551025390625,0.065643310546875
1760554774933405000,38.82440502929688,-0.9673309326171875,-0.1122894287109375,0.0586700439453125
1760554774943410000,38.83440991210937,-0.9783782958984375,-0.1183319091796875,0.063201904296875
1760554774953414000,38.84441381835938,-0.9911346435546875,-0.1133880615234375,0.081207275390625
1760554774963418000,38.85441821289062,-1.0022430419921875,-0.1174774169921875,0.0916290283203125
1760554774973423000,38.864423095703124,-0.9960784912109375,-0.142181396484375,0.074920654296875
1760554774983427000,38.87442700195312,-1.044769287109375,-0.1652374267578125,0.056243896484375
1760554774993432000,38.88443212890625,-1.03765869140625,-0.20880126953125,0.0813446044921875
1760554775003436000,38.89443603515625,-1.0142364501953125,-0.23236083984375,0.1255950927734375
1760554775013440000,38.90443994140625,-1.010650634765625,-0.24566650390625,0.130401611328125
1760554775023445000,38.91444506835938,-0.967559814453125,-0.231201171875,0.11865234375
1760554775033449000,38.924448974609376,-0.942901611328125,-0.15130615234375,0.0980072021484375
1760554775043453000,38.934452880859375,-0.9251251220703125,-0.0126800537109375,0.0670166015625
1760554775053458000,38.9444580078125,-0.9139556884765625,-0.065277099609375,0.0551910400390625
1760554775063462100,38.95446215820313,-0.9149169921875,-0.1898040771484375,0.0667572021484375
1760554775073466000,38.96446606445313,-0.9149932861328125,-0.2574310302734375,0.0829620361328125
1760554775083471000,38.97447119140625,-0.922149658203125,-0.2666473388671875,0.10260009765625
1760554775093475000,38.98447509765625,-0.944610595703125,-0.2402191162109375,0.12335205078125
1760554775103478800,38.99447875976563,-0.9666900634765625,-0.2149200439453125,0.1278076171875
1760554775113484000,39.004484130859375,-0.9806060791015625,-0.1920318603515625,0.119354248046875
1760554775123488000,39.01448803710937,-0.9941558837890625,-0.1797637939453125,0.1164398193359375
1760554775133493000,39.024492919921876,-0.9962005615234375,-0.18975830078125,0.1033935546875
1760554775143497000,39.0344970703125,-0.989837646484375,-0.199005126953125,0.0916748046875
1760554775153501000,39.0445009765625,-0.979278564453125,-0.20477294921875,0.0886383056640625
1760554775163506000,39.054505859375,-0.970977783203125,-0.2041015625,0.0888671875
1760554775173510100,39.06451025390625,-0.972991943359375,-0.1856689453125,0.0897216796875
1760554775183513900,39.074513916015626,-0.9783477783203125,-0.1741943359375,0.078094482421875
1760554775193518800,39.08451879882813,-0.9812774658203125,-0.1678466796875,0.0659027099609375
1760554775203522800,39.09452270507813,-0.9785919189453125,-0.1656646728515625,0.05303955078125
1760554775213527000,39.10452709960938,-0.97784423828125,-0.1642303466796875,0.048065185546875
1760554775223532000,39.11453198242187,-0.977508544921875,-0.1692962646484375,0.047088623046875
1760554775233536000,39.12453588867187,-0.9741668701171875,-0.17144775390625,0.048187255859375
1760554775243540000,39.1345400390625,-0.9770660400390625,-0.1689910888671875,0.05426025390625
1760554775253545000,39.144544921875,-0.9893341064453125,-0.164886474609375,0.0634307861328125
1760554775263549200,39.154549072265624,-0.998443603515625,-0.1654815673828125,0.0720367431640625
1760554775273554200,39.16455419921875,-1.0068359375,-0.17236328125,0.0723419189453125
1760554775283558000,39.174557861328125,-1.0088043212890625,-0.179962158203125,0.0703887939453125
1760554775293561900,39.184561767578124,-1.0016021728515625,-0.1816253662109375,0.0618133544921875
1760554775303566800,39.19456689453125,-0.995361328125,-0.1846771240234375,0.0586700439453125
1760554775313571000,39.20457104492188,-0.993988037109375,-0.17877197265625,0.0576629638671875
1760554775323575000,39.214574951171876,-0.9946136474609375,-0.169189453125,0.0602569580078125
1760554775333580000,39.224580078125,-0.993865966796875,-0.1568145751953125,0.060394287109375
1760554775343584000,39.234583984375,-0.9923858642578125,-0.1555328369140625,0.0604248046875
1760554775353588200,39.24458813476563,-0.99005126953125,-0.1656646728515625,0.065093994140625
1760554775363593200,39.25459326171875,-0.984375,-0.167724609375,0.072174072265625
1760554775373597000,39.26459692382812,-0.9818115234375,-0.162017822265625,0.078338623046875
1760554775383601000,39.27460083007813,-0.9810333251953125,-0.151824951171875,0.081329345703125
1760554775393606000,39.28460595703125,-0.9831695556640625,-0.1431884765625,0.08721923828125
1760554775403610000,39.294610107421875,-0.99139404296875,-0.146942138671875,0.09454345703125
1760554775413615000,39.30461499023438,-0.9972381591796875,-0.157012939453125,0.0939178466796875
1760554775423619000,39.314619140625,-0.99578857421875,-0.1648101806640625,0.087127685546875
1760554775433623000,39.324623046875,-0.985107421875,-0.16845703125,0.0802001953125
1760554775443628000,39.3346279296875,-0.9769134521484375,-0.1708221435546875,0.0725555419921875
1760554775453632000,39.34463208007813,-0.9741668701171875,-0.1754302978515625,0.062042236328125
1760554775463636000,39.35463598632813,-0.9736328125,-0.178131103515625,0.054351806640625
1760554775473641000,39.36464086914062,-0.96795654296875,-0.1741180419921875,0.0541534423828125
1760554775483645000,39.37464501953125,-0.9681243896484375,-0.1700439453125,0.0546417236328125
1760554775493649000,39.38464892578125,-0.9697418212890625,-0.1704864501953125,0.0535736083984375
1760554775503654000,39.39465380859375,-0.9732513427734375,-0.1704864501953125,0.0595550537109375
1760554775513658000,39.404658203125,-0.9809417724609375,-0.163726806640625,0.0651702880859375
1760554775523662000,39.414662109375,-0.9958648681640625,-0.1643829345703125,0.0715484619140625
1760554775533667600,39.42466748046875,-1.004302978515625,-0.1663055419921875,0.075408935546875
1760554775543671600,39.43467163085938,-1.0004425048828125,-0.1675872802734375,0.07952880859375
1760554775553676500,39.44467651367187,-0.988983154296875,-0.1632537841796875,0.0851287841796875
1760554775563680800,39.4546806640625,-0.974090576171875,-0.1546478271484375,0.08355712890625
1760554775573684700,39.46468481445312,-0.96441650390625,-0.15460205078125,0.0785369873046875
1760554775583689700,39.474689697265624,-0.959228515625,-0.1594696044921875,0.0729522705078125
1760554775593693400,39.484693359375,-0.96435546875,-0.1624755859375,0.071868896484375
1760554775603697700,39.49469775390625,-0.9731597900390625,-0.15911865234375,0.075225830078125
1760554775613702700,39.50470263671875,-0.9812469482421875,-0.153350830078125,0.0757598876953125
1760554775623706600,39.51470654296875,-0.9910888671875,-0.1511688232421875,0.073577880859375
1760554775633710600,39.524710693359374,-1.0004119873046875,-0.1551513671875,0.071044921875
1760554775643715600,39.53471557617188,-1.00677490234375,-0.1651611328125,0.06512451171875
1760554775653719600,39.544719482421876,-1.0071868896484375,-0.17572021484375,0.0648193359375
1760554775663723500,39.5547236328125,-0.9942779541015625,-0.1765594482421875,0.071319580078125
1760554775673728500,39.564728515625,-0.9800567626953125,-0.1647491455078125,0.07513427734375
1760554775683732500,39.574732421875,-0.967987060546875,-0.15191650390625,0.0776214599609375
1760554775693737500,39.58473754882812,-0.9617156982421875,-0.1560211181640625,0.075653076171875
1760554775703741400,39.59474145507812,-0.9664764404296875,-0.1764373779296875,0.075531005859375
1760554775713745700,39.60474560546875,-0.981109619140625,-0.198822021484375,0.0788726806640625
1760554775723750700,39.614750732421875,-1.0000457763671875,-0.2091064453125,0.0843048095703125
1760554775733754600,39.624754638671874,-1.0072174072265625,-0.2063140869140625,0.075714111328125
1760554775743758600,39.63475854492187,-1.0059661865234375,-0.19219970703125,0.064483642578125
1760554775753763600,39.644763671875,-0.9941558837890625,-0.174163818359375,0.0625762939453125
1760554775763767600,39.654767578125,-0.9874725341796875,-0.157989501953125,0.0667572021484375
1760554775773771500,39.664771484375,-0.9811248779296875,-0.1542816162109375,0.0726470947265625
1760554775783776500,39.67477661132813,-0.9665679931640625,-0.1629486083984375,0.0772705078125
1760554775793780500,39.684780517578126,-0.9604339599609375,-0.172332763671875,0.085693359375
1760554775803784700,39.69478466796875,-0.9590606689453125,-0.18035888671875,0.08929443359375
1760554775813789700,39.70478979492187,-0.95758056640625,-0.1775665283203125,0.08843994140625
1760554775823793700,39.71479370117188,-0.954254150390625,-0.167724609375,0.0839996337890625
1760554775833797600,39.72479760742188,-0.975494384765625,-0.1773529052734375,0.0762939453125
1760554775843802600,39.734802734375,-0.9212646484375,-0.19415283203125,0.06549072265625
1760554775853806600,39.744806640625,-0.9269866943359375,-0.1827850341796875,0.111083984375
1760554775863811600,39.7548115234375,-0.9472198486328125,-0.17852783203125,0.1213836669921875
1760554775873815600,39.764815673828124,-0.958740234375,-0.1790924072265625,0.084259033203125
1760554775883819500,39.77481958007812,-0.9886627197265625,-0.19537353515625,0.0575408935546875
1760554775893824500,39.784824462890626,-1.006805419921875,-0.2136993408203125,0.04376220703125
