time,seconds_elapsed,z,y,x
1760554736176502500,0.06750244140625,0.0012210662275552748,0.014249328496307135,-0.006865867181494832
1760554736186507500,0.077507568359375,0.0003232406049966812,0.01986733277486637,-0.0115632494837977
1760554736196511500,0.087511474609375,0.006003039807081222,0.004210402502957731,-0.018261797274369745
1760554736206516500,0.0975166015625,0.015569325053691864,0.006621299569588154,-0.040125263169361276
1760554736216520400,0.1075205078125,0.009124386698007582,0.01714393569296226,-0.013650860279658809
1760554736226524700,0.117524658203125,0.00881166748702526,0.003812343096081167,-0.0018281470089219509
1760554736236529700,0.12752978515625,0.009389175114035605,0.00255845231115818,0.027313383597647768
1760554736246533600,0.13753369140625,0.017001988205313682,-0.004019318643957376,0.007944620595220477
1760554736256537600,0.14753759765625,0.008751461732387542,-0.014879114299826322,0.02031050996510312
1760554736266542600,0.15754248046875,0.023401918375492093,-0.01849670200878754,0.027860642216866835
1760554736276546600,0.167546630859375,0.016358429604768753,-0.01982627011211589,0.007419491609418764
1760554736286550500,0.177550537109375,0.014252397236227989,0.0029403825671412047,-0.0009987104474566877
1760554736296555500,0.187555419921875,0.0060094695478677745,0.016216409051883963,0.0030822295900899913
1760554736306559500,0.1975595703125,0.003009118688106537,-0.006963317940291017,0.013927448731334878
1760554736316563700,0.207563720703125,-0.0016378303349018097,0.006439348865114152,0.01099155967622064
1760554736326568700,0.217568603515625,0.016758242577314376,-0.008363320931326598,0.015657697456888855
1760554736336572700,0.22757275390625,0.015552958440780638,-0.016043427105154842,0.003648402972333133
1760554736346576600,0.23757666015625,0.010463526347279548,-0.022472199777327475,0.01707220389731228
1760554736356581600,0.24758154296875,0.010461772781610488,-0.009715703654661774,0.03812302910201251
1760554736366585600,0.257585693359375,0.019746318477392194,-0.011730294880084693,0.02852274112110026
1760554736376589600,0.267589599609375,0.025596213549375534,0.00383186978045851,0.014575592175452038
1760554736386594600,0.277594482421875,0.017070961788296698,0.00294635565020144,0.0011896847086027263
1760554736396598500,0.2875986328125,0.007502922976016998,-0.007999583919160067,-0.01001403814726509
1760554736406603500,0.297603515625,-0.005813070192933082,-0.00450817987313494,-0.02301067230189219
1760554736416607700,0.307607666015625,0.02246843691766262,-0.009272435132879763,-0.02244464505012147
1760554736426611700,0.31761181640625,0.015730068573355675,-0.008983224661648272,0.0014979652064852416
1760554736436616700,0.32761669921875,0.00914192235469818,0.009843695682194084,0.02370786991897039
1760554736446620400,0.337620361328125,0.016318682116270064,0.005041921423655003,0.017592282248660922
1760554736456624400,0.347624267578125,0.019003391155600548,0.012329722077958285,0.0019942334239836782
1760554736466629600,0.357629638671875,0.006575286737084388,-0.004488854118157178,-0.00931423758114688
1760554736476633600,0.367633544921875,0.01315349608361721,-0.009971505046635866,-0.0032480237442068754
1760554736486637600,0.377637451171875,0.017336919248104096,0.0016464702990837395,-0.0014757351083680987
1760554736496645400,0.387645263671875,0.0117944826900959,-0.002762834043148905,0.006077529815398156
1760554736506649600,0.397649658203125,0.02256020685434341,-0.006064597268588841,0.0043748358170501885
1760554736516653600,0.407653564453125,0.01372866562306881,-0.011688684228062629,0.0033341950571630146
1760554736526658600,0.417658447265625,0.011037526842951773,-0.013790862405393272,-0.0033591377021744847
1760554736536662500,0.42766259765625,0.010446575212478637,-0.0048145972074940795,0.0007885474286507814
1760554736546666500,0.43766650390625,0.03200549606978893,-0.009486516274977475,-0.009415012808190659
1760554736556671500,0.44767138671875,0.031876901254057885,-0.02887218474643305,-0.04483261887640692
1760554736566675500,0.457675537109375,0.033250527694821355,-0.053633500107936556,-0.07581244342657736
1760554736576680400,0.467680419921875,0.016668226206302643,-0.029988164898008107,-0.07169731799163855
1760554736586684400,0.477684326171875,0.001724339574575424,-0.00491917182682082,-0.02529196077263914
1760554736596688400,0.4876884765625,-0.018166940331459044,0.028903310537058857,0.021597974226064978
1760554736606693600,0.497693603515625,-0.005751695394515991,0.06899363939035684,0.05004828943177126
1760554736616697600,0.507697509765625,0.006205868902802467,0.06365341087356209,0.05263512758719734
1760554736626701600,0.51770166015625,0.010370587366819381,0.026345333149936048,0.022365506266150623
1760554736636706600,0.52770654296875,0.011691022315621375,-0.014871570314187555,-0.015012175228120758
1760554736646710300,0.537710205078125,0.015550035831332206,-0.0176724713454023,-0.014728910440485923
1760554736656714500,0.547714599609375,0.013277999246120453,-0.02246282916078344,-0.011002135869162157
1760554736666719500,0.557719482421875,0.0017383680999279022,0.002084478123858571,0.03184932826054282
1760554736676723500,0.567723388671875,0.021473580661416053,0.010613090885803103,0.05883777248645201
1760554736686727400,0.5777275390625,-0.0009819967746734618,-0.0159088044074364,0.05171640530708246
1760554736696732400,0.587732421875,0.023403087419271468,-0.012161982561927288,0.012647701985947788
1760554736706736600,0.597736572265625,0.03672317224144935,-0.04385081389797851,-0.01886885978942737
1760554736716740600,0.60774072265625,0.021024083328247067,-0.04579895229106769,-0.029556541148247194
1760554736726745600,0.61774560546875,0.02358604277074337,-0.01668150581298396,-0.022746185279963537
1760554736736749300,0.627749267578125,0.020913608691096305,0.01369458069037646,0.006564107755944132
1760554736746754300,0.63775439453125,0.0192886378377676,0.008251531119924039,0.013234233169630169
1760554736756758500,0.647758544921875,0.012569558715820313,0.021770481248758734,0.024516610752278938
1760554736766762500,0.657762451171875,0.008089782953262329,0.01810615005493164,0.009965221436321735
1760554736776767500,0.667767578125,0.013180384090542792,0.016006127302069215,-0.02028838946484029
1760554736786771500,0.677771484375,0.011235679763555526,0.012040584671963006,-0.02834351209667511
1760554736796775700,0.687775634765625,0.007638532054424285,0.012754231100343167,-0.02897502406639978
1760554736806780700,0.69778076171875,0.017352701339125632,0.024905929730273783,-0.020547697988152504
1760554736816784400,0.707784423828125,0.011802665996551514,0.017118088865652678,-0.016143910071253775
1760554736826788400,0.717788330078125,0.010885551151633262,0.02146572614852339,0.01479410289749503
1760554736836793300,0.72779345703125,0.018653262543678283,-0.010707947828713803,-0.006314717838447541
1760554736846797600,0.737797607421875,0.035998949620127674,-0.01991235922668129,-0.00019009747831150888
1760554736856801500,0.747801513671875,0.02207622272968292,-0.010748480768501758,-0.0009685253717470914
1760554736866806500,0.757806640625,0.021028174981474874,-0.016924867848493157,0.015634188717138023
1760554736876810500,0.767810546875,0.02373100419938564,-0.008509195675421506,0.00800162974577397
1760554736886815500,0.7778154296875,-0.00797989283800125,0.00046042058598250147,0.01380789573858492
1760554736896819700,0.78781982421875,0.006843582284450531,-0.004547324573434889,0.029113921080436554
1760554736906823400,0.797823486328125,0.010597966381907463,-0.010336575499363242,0.02273358152671717
1760554736916828400,0.807828369140625,0.004172901770472527,-0.022705844136420635,-0.01613450292209163
1760554736926832400,0.817832275390625,0.021837153276801108,-0.004370470169186592,-0.017355103358766062
1760554736936836600,0.827836669921875,0.019449965879321098,0.019931630182731894,-0.011003432777104898
1760554736946841600,0.837841552734375,0.0038917467415332794,0.012434680289775133,-0.012807029866660014
1760554736956845600,0.847845458984375,0.0031412206351757047,0.016846121790166944,0.010357700485782698
1760554736966849500,0.857849609375,0.0019400281518697738,0.013229830989148468,-0.01922425823151134
1760554736976854500,0.8678544921875,0.01120586914718151,-0.004199771511089056,-0.013281743839476256
1760554736986858500,0.8778583984375,0.006554243949055671,0.0033379122510552406,0.014904193942155688
1760554736996862500,0.887862548828125,0.014620646026730537,0.00384942370345816,-0.022301491986075415
1760554737006867500,0.897867431640625,0.009068857118487358,-0.0032903833149001,0.006534744664141908
1760554737016871400,0.907871337890625,0.008313654837012291,0.002615881586819887,0.011187895099073648
1760554737026875400,0.91787548828125,0.009658055183291435,0.0009243483033031225,0.015999268303019926
1760554737036880400,0.92788037109375,0.011754150679707526,-0.012121029497031121,-0.003991024131234735
1760554737046884600,0.937884521484375,0.0018827450066804885,-0.009807747585978358,0.010049164259573444
1760554737056889600,0.9478896484375,0.008471475747227668,-0.012461002041120082,0.010104209781903774
1760554737066893600,0.9578935546875,0.009676175361871719,-0.010990600694995373,-0.0013914543583989141
1760554737076897300,0.967897216796875,0.01582300755381584,-0.0061950552478432655,-0.00021777093652635812
1760554737086902300,0.97790234375,0.012989245432615279,-0.0036783049202524123,0.007042849449906498
1760554737096906500,0.987906494140625,0.013597732719779014,0.007659227782581001,0.011339678994147106
1760554737106910500,0.997910400390625,0.0017810381978750228,0.00794032801259309,0.011123122767172753
1760554737116915500,1.00791552734375,0.021088380736112595,-0.005437642742972821,0.020184755560429767
1760554737126919400,1.01791943359375,0.022431612038612363,0.019499997299816458,0.0035189861726947127
1760554737136923600,1.027923583984375,-0.002867079868912697,-0.0033595030283555386,-0.00933712526638992
1760554737146928600,1.0379287109375,0.0038601825594902035,0.011827745638880878,-0.013625570574775337
1760554737156932600,1.0479326171875,0.012383096233010291,0.012208853910956531,0.0195787524912972
1760554737166936300,1.057936279296875,0.01926116530895233,-0.00189308373760432,-0.0007282686087768524
1760554737176941300,1.06794140625,0.010424947902560234,0.001283445672970265,-0.016896655534161253
1760554737186945500,1.077945556640625,0.009371054935455321,-0.008168364614807069,-0.0015056005236692726
1760554737196950500,1.087950439453125,0.0032259763091802597,-0.01402543834624812,0.0000153710990678519
1760554737206954500,1.09795458984375,0.02387830371558666,-0.014292053393181412,-0.0060875397527590394
1760554737216958500,1.10795849609375,0.011755319723486899,-0.009992365171574055,-0.00047329833386465904
1760554737226963500,1.11796337890625,0.015505612167716025,-0.012077957540284841,0.019792166913114487
1760554737236967700,1.1279677734375,0.012366729620099067,-0.012386347636021674,0.005607820811262354
1760554737246971600,1.1379716796875,0.018505378505587578,-0.008131539735756813,-0.004848462944477796
1760554737256976600,1.1479765625,0.014021511089801788,-0.0075778148431330915,0.0057462337681092315
1760554737266980400,1.15798046875,0.006394084951281547,-0.007497625746391713,-0.004805144392559304
1760554737276984600,1.167984619140625,0.007592939347028732,-0.004707008647173643,-0.007410541117982938
1760554737286989600,1.177989501953125,0.028991116684675217,0.007309738491475582,-0.014761634533153847
1760554737296993500,1.18799365234375,-0.003183306211233139,0.002626549111306667,0.011578045194130391
1760554737306997500,1.19799755859375,0.009080547556281088,0.026564218331314622,-0.004826908699795604
1760554737317002500,1.20800244140625,0.005782090532779693,0.0020828158897347746,-0.0010495912513229996
1760554737327006500,1.21800634765625,0.011605682119727134,0.0054869252447970205,-0.005360695916088298
1760554737337010400,1.228010498046875,0.014587912800908088,0.004151566721498966,0.001715462148375809
1760554737347015400,1.238015380859375,0.02086860050559044,-0.01769124911110848,0.005742927566170692
1760554737357019400,1.248019287109375,0.017421674922108648,-0.0030032917355187236,-0.008539928740402682
1760554737367024400,1.2580244140625,0.007843699237704277,-0.01265961161945015,-0.002361550632724538
1760554737377028400,1.2680283203125,-0.001734276446700096,-0.0003797017662785947,0.007453640474192798
1760554737387032600,1.278032470703125,0.005455927318334579,-0.0003294328837655484,0.0021746862911153583
1760554737397037600,1.28803759765625,0.00994797804057598,-0.009999909157212824,-0.002706208485085517
1760554737407041500,1.29804150390625,0.011896189498901366,-0.005136869698110968,0.021046377358445896
1760554737417045500,1.30804541015625,0.005917115089297294,0.0028893830322660502,0.01633487519924529
1760554737427050500,1.318050537109375,0.0042670097947120665,-0.012679302700608968,0.005395465835370123
1760554737437054500,1.328054443359375,0.005165419939160347,0.0006881101283244788,-0.019084639698266983
1760554737447058400,1.338058349609375,0.016087795969843863,0.0096169742542319,0.0024661252520512787
1760554737457063400,1.3480634765625,0.0038163434177637097,0.016514259487297386,0.0013454597922042011
1760554737467067400,1.3580673828125,0.0033685996502637863,0.002555895027890801,-0.024834353198250753
1760554737477071600,1.368071533203125,0.01803074673116207,0.011401537849754095,-0.018051168464682996
1760554737487076600,1.37807666015625,0.0027589433193206787,-0.0029093115754425525,0.0012151570765767245
1760554737497077200,1.3880771484375,0.009637596917152404,0.007094360441435128,0.0019275248633231967
1760554737507081200,1.398081298828125,0.007237550038099288,-0.0015576960370875894,-0.0007154913255944848
1760554737517086200,1.408086181640625,0.000353051221370697,0.008021631354186683,0.0019647424680180846
1760554737527090400,1.41809033203125,-0.00009761515557765961,-0.0026619674845598635,0.006995320513751358
1760554737537095400,1.428095458984375,0.026239772149920463,0.00347947614621371,0.023327693228656424
1760554737547099100,1.43809912109375,0.017115969973802565,-0.0013500446357764303,0.0013508666196838021
1760554737557103000,1.44810302734375,0.02355330954492092,-0.012168741096276789,-0.011468620869750156
1760554737567108000,1.458108154296875,-0.003382628175616264,-0.006415803592745214,0.011497043246636167
1760554737577112300,1.4681123046875,-0.0030775077491998672,0.001153645280841738,0.007787475538440048
1760554737587116300,1.4781162109375,0.010691489884257315,0.011428772916551679,-0.003970319269923493
1760554737597121300,1.488121337890625,-0.005462941581010818,0.006418470473866909,-0.0005747037485707551
1760554737607125200,1.498125244140625,0.0066594578891992565,0.012491378913074731,0.0037513244906906035
1760554737617129000,1.50812890625,0.001575286492705345,0.0046804494338110085,-0.0008958985269535332
1760554737627134200,1.51813427734375,0.007410568517446517,0.0011223733597435057,0.014859149224031715
1760554737637138200,1.52813818359375,0.002915595185756683,-0.0017990122459828853,-0.006341167453955859
1760554737647142100,1.53814208984375,0.01742518205344677,0.004963759887218475,0.010038496735086664
1760554737657147100,1.548147216796875,0.017725626304745674,0.00177879144186154,-0.0023872056637890635
1760554737667151000,1.558151123046875,0.0017144027024507521,-0.0025870573511347175,0.005887587600713596
1760554737677156000,1.568156005859375,0.009193944802880287,-0.003478782026469707,0.010175128726800903
1760554737687160300,1.578160400390625,0.006951134312152862,0.0024434658956713974,-0.0010566603129263967
1760554737697164300,1.588164306640625,-0.0027776480197906493,0.006863273365609347,0.0032532113759778437
1760554737707169300,1.598169189453125,0.012184358790516853,-0.00962163216304034,0.015299148076493293
1760554737717173000,1.608173095703125,0.00485679238140583,0.017493132723122834,0.004780676671583205
1760554737727177200,1.61817724609375,0.007701660418510436,0.0039590032914653414,0.00214911345844157
1760554737737182200,1.62818212890625,0.016682839253544808,-0.0003232040723785758,0.016533366046566515
1760554737747186200,1.638186279296875,0.0030640637457370755,0.0019538192152045667,-0.0010490432620514183
1760554737757190100,1.648190185546875,0.006053893211483955,0.0036978498709388076,-0.0060351245789323
1760554737767195100,1.658195068359375,0.012189619487524032,0.002194423038046807,-0.003294758095918223
1760554737777199400,1.668199462890625,0.013388473883271216,-0.008171086294855922,-0.0015745010414160788
1760554737787203300,1.678203369140625,0.0068003276646137235,-0.0025899799605831504,0.0022682554592378438
1760554737797208300,1.688208251953125,0.012642623952031135,0.005865549298841506,0.011172323070606217
1760554737807212000,1.6982119140625,0.010405074158310889,0.0069622950269840654,-0.011064469648804516
1760554737817216300,1.70821630859375,0.01803425386250019,0.0014520071729086338,0.00997795305373147
1760554737827221200,1.71822119140625,-0.003819850549101829,-0.005617858148086816,-0.003790807117708027
1760554737837225200,1.72822509765625,0.02565466573834419,-0.007206661709491163,-0.00021412680787034332
1760554737847230200,1.738230224609375,0.01338613579571247,0.00542562351161614,-0.00010358823863789438
1760554737857234200,1.748234130859375,0.018919804525375367,0.004945749306492507,-0.0005210829983465374
1760554737867238400,1.75823828125,0.01069265892803669,0.00003782952604815364,0.006151554032834247
1760554737877243400,1.768243408203125,0.014138415467739104,-0.0003077507749199867,-0.005476623046491295
1760554737887247000,1.7782470703125,0.011148586001992224,-0.011168551077786833,-0.007044182890467345
1760554737897251000,1.7882509765625,0.03075169661641121,0.00883360532419756,0.008548367775185034
1760554737907256000,1.798256103515625,0.03464227431416511,-0.0017625344268046318,-0.012158338433271272
1760554737917260300,1.80826025390625,0.0066582888454198835,-0.010818586862646043,0.0003255238936282694
1760554737927264300,1.81826416015625,0.022070377510786054,-0.0046443369408138094,-0.00281653699176386
1760554737937269200,1.828269287109375,0.0015653496205806732,-0.009234989199321716,-0.006445276282401755
1760554737947273200,1.838273193359375,0.0006651859104633331,-0.0021288835211656985,0.0004901764034293592
1760554737957277200,1.848277099609375,0.006647182929515838,-0.0001971117409877479,0.0029153029248118398
1760554737967282200,1.8582822265625,0.006792144358158111,0.005102857830654829,0.005709317557513713
1760554737977286100,1.8682861328125,0.013375029879808426,0.022160229485016315,-0.00026488888072781264
1760554737987290000,1.8782900390625,0.003649754679203033,0.002423537352494895,0.008615003270609304
1760554737997295000,1.888295166015625,0.0013993454039096832,-0.005410645138192922,0.0031735702685080466
1760554738007299000,1.898299072265625,0.0024468086302280425,-0.0067531823209486894,-0.005965511675132438
1760554738017304000,1.908303955078125,0.005438391661643982,-0.005544372786767781,0.00024397395686246454
1760554738027308300,1.918308349609375,0.013818097472190856,0.0019465126915834843,-0.00320771913328208
1760554738037312300,1.928312255859375,0.0012467851907014846,0.0070913465004414315,-0.006055701576080173
1760554738047317200,1.938317138671875,0.00514087001979351,0.0027103184046223757,-0.001872954265028238
1760554738057321200,1.9483212890625,0.021459552136063573,-0.005233407141454517,0.010049502186290919
1760554738067325200,1.9583251953125,0.013676058652997015,0.004268690295144915,-0.00928566907378845
1760554738077330200,1.968330078125,0.015467618244886397,0.0005344174039550125,-0.013348680728999897
1760554738087334100,1.978334228515625,0.013217793491482733,-0.0038712336764670906,-0.002725671237381175
1760554738097338000,1.988338134765625,0.015012275692820548,0.00036329862074926494,-0.007360518830642104
1760554738107343000,1.998343017578125,0.011425064855813979,0.0005199322208762168,-0.008686451938468962
1760554738117347300,2.008347412109375,0.009628244566917419,0.010981978997122496,0.0008309983308892697
1760554738127352300,2.018352294921875,0.016814356678724288,-0.005193349125701934,-0.015372743035666644
1760554738137356300,2.028356201171875,0.007387772163748741,0.0058431548039428885,0.006989630558481439
1760554738147360000,2.038360107421875,0.023402502897381782,-0.004870071988087147,0.013267368254251777
1760554738157365200,2.048365234375,-0.006377133816480636,-0.008661518426612018,-0.0004292034638114273
1760554738167369200,2.058369140625,0.02100362506210804,-0.008131905061937868,0.005818175626313314
1760554738177373200,2.068373291015625,0.017407646396756172,-0.004838617403898388,0.0004596990667749196
1760554738187378200,2.078378173828125,0.008278583523631096,-0.0034803894616663453,0.019396125933388245
1760554738197382100,2.088382080078125,0.004987140762805938,0.008139394248649477,0.0009302026553545147
1760554738207386400,2.098386474609375,0.020547113466262815,-0.0022354674344882367,0.0025866006934084
1760554738217391400,2.108391357421875,0.007079144605994224,-0.0012260163973085581,0.0037706776451319453
1760554738227395300,2.118395263671875,0.006329787543416023,-0.0022730229659006,-0.008628776067635045
1760554738237399000,2.12839892578125,0.023237667724490166,0.002231996835768223,-0.003051076400000602
1760554738247404000,2.138404052734375,0.02323474511504173,-0.0006187529528513551,0.004660219496535137
1760554738257408300,2.148408203125,0.004680266770720482,-0.007235102352686226,0.0022341979260090735
1760554738267413200,2.158413330078125,0.020690905851125718,0.01894671079861,0.009931227835174649
1760554738277417200,2.168417236328125,0.023688334101438523,0.00047359059480950235,-0.004531140623614192
1760554738287421200,2.178421142578125,0.00857727420926094,0.004579856869857758,0.007743216271605342
1760554738297426200,2.18842626953125,0.011118190863728523,0.0030174846576526758,-0.0006982022640760988
1760554738307430100,2.19843017578125,0.011266659423708915,-0.004863258654810488,0.02146539735496044
1760554738317434400,2.208434326171875,0.01426233410835266,0.005659121740236878,0.01247587994984351
1760554738327439400,2.218439453125,0.019046645775437354,-0.0023023221256211397,0.011946348783560096
1760554738337443000,2.228443115234375,0.016948796713352202,-0.0010099990264512597,-0.010830149436276405
1760554738347447000,2.238447021484375,0.0001911386579275131,0.012083912357036024,0.008720628202706575
1760554738357452000,2.2484521484375,0.00258066414296627,0.014172098541632294,0.0004131017123814672
1760554738367456300,2.258456298828125,0.003471475502848625,-0.004310118284076452,-0.005236896006483584
1760554738377460200,2.268460205078125,0.015296353331208228,-0.0010874847094528377,-0.018226388034271075
1760554738387465200,2.27846533203125,0.02053425398468971,0.012290230317786335,0.014219243885297328
1760554738397469200,2.28846923828125,0.0030278233885765076,-0.0015238668327219784,0.009668138185888528
1760554738407474200,2.29847412109375,0.012452654337882995,0.006908354616351425,0.0029766411906108257
1760554738417478400,2.308478515625,0.02008651021718979,0.008200878644920886,-0.0061950278483796865
1760554738427482000,2.318482177734375,0.01260404550731182,-0.00979196549495682,0.001280568729294464
1760554738437487000,2.328487060546875,0.0022819734573364257,-0.02081540901362896,0.010617675729375333
1760554738447491000,2.338490966796875,0.0069184010863304135,0.0022020218226127325,0.0038392676356248556
1760554738457495300,2.348495361328125,0.004823474633693695,0.0033110973093658683,0.006960249200370162
1760554738467500300,2.358500244140625,0.004377484431862831,0.0003019786212593317,0.006539685700740665
1760554738477504300,2.368504150390625,0.006923661783337593,0.0006435586005449295,0.012156685332302004
1760554738487508200,2.37850830078125,0.0025859248399734496,-0.0021055026455782354,0.019935867966432125
1760554738497513000,2.388512939453125,0.013659692040085792,0.0016303228818811476,0.011367352452361956
1760554738507517200,2.39851708984375,0.00004091653227806091,0.00230144534278661,0.0034158454586286097
1760554738517521000,2.40852099609375,-0.002658405554294586,-0.00810032261358574,0.006300086524896323
1760554738527526000,2.41852587890625,0.024424831682443617,0.0073581076778471465,0.004955494382372126
1760554738537529900,2.42852978515625,0.019932780960202217,0.0046141792645677925,-0.0034989480316638946
1760554738547534800,2.438534912109375,0.022024784803390502,0.011577990395203233,-0.010901899498235433
1760554738557539000,2.4485390625,0.013791209465265273,-0.003551244474481791,-0.011325449539395049
1760554738567543000,2.45854296875,0.008703530937433243,0.022615791232790797,0.002350873975083232
1760554738577548000,2.468548095703125,0.016034604477882384,0.01497806289596483,-0.016038312538620085
1760554738587552000,2.478552001953125,0.012290741774439812,-0.002140665290504694,0.00827335935924202
1760554738597556200,2.48855615234375,0.009001052579283714,0.011081639979314058,-0.006567322626337409
1760554738607561200,2.498561279296875,0.028006197300553322,-0.0043477834133431315,-0.009160234329523518
1760554738617565000,2.50856494140625,0.023065818288922308,-0.0014525551621802151,-0.0007049516652710736
1760554738627569000,2.51856884765625,0.01005085389316082,-0.0014034005245193838,-0.010969877567375079
1760554738637574000,2.528573974609375,0.0040665187865495675,-0.0008020553641952574,0.005174206033814698
1760554738647578000,2.538578125,0.007813304099440574,-0.0002996953326277435,-0.0059549628816545006
1760554738657582000,2.54858203125,0.01215571721792221,0.013109638675581663,-0.0072906136658973985
1760554738667587000,2.558587158203125,0.014550503399968146,0.013431107448600231,-0.0066065038592554625
1760554738677591000,2.568591064453125,0.0013823942691087723,0.006731883804593235,0.005519886799482628
1760554738687596000,2.578595947265625,0.015747604230046272,0.01592312519373372,-0.011708749768557026
1760554738697600000,2.58860009765625,0.009162380620837211,0.007124993041716515,-0.002434634135244414
1760554738707604000,2.59860400390625,0.00646890375316143,-0.0072396689299494025,-0.002556406484544277
1760554738717609000,2.60860888671875,0.0034749826341867445,0.013737214255705475,-0.002460024304827675
1760554738727613000,2.618613037109375,0.012454407903552055,-0.0038258053658530113,0.005724633857654407
1760554738737617000,2.628616943359375,0.017394786915183067,0.008964118102379143,0.0008070055339485406
1760554738747622000,2.638621826171875,0.016797405543923376,-0.003163304602820426,0.009118112220847978
1760554738757626000,2.648626220703125,0.018144728499650955,0.010411613496951758,0.0002249039302114397
1760554738767630000,2.658630126953125,0.013513561567664145,0.003730583096761256,-0.005200326855760068
1760554738777635000,2.668635009765625,0.008428221127390861,0.009615987873543053,0.008441336337290703
1760554738787638800,2.678638671875,0.0064817632347345345,0.004304857587069273,0.014464916608901694
1760554738797643800,2.688643798828125,0.004836918637156486,-0.0061047648821957404,0.012431364954682066
1760554738807648000,2.69864794921875,0.013217793491482733,-0.002395936959516257,0.009202255973499269
1760554738817652000,2.70865185546875,0.020251345390081405,0.005269081243034452,-0.0006949143284466117
1760554738827657000,2.718656982421875,0.020699089157581327,-0.0007992606189101934,0.00686602244512178
1760554738837661000,2.728660888671875,0.019652210453152654,-0.0011238346644677222,-0.000501611112896353
1760554738847665200,2.7386650390625,0.024291560691595077,0.0012926153601147234,0.0053194414570927615
1760554738857670100,2.748670166015625,0.010224456894397735,-0.006872369987517595,0.011803104387968779
1760554738867674000,2.758674072265625,0.018449264404177664,0.004511814868636429,0.006766242731921375
1760554738877677800,2.768677734375,0.017094927185773847,0.008854045324027537,0.002165361340343952
1760554738887682800,2.778682861328125,0.024123802909255025,0.01945268755936995,0.006293574585719034
1760554738897687000,2.78868701171875,0.020682138022780416,0.006290697642043232,-0.0053422560770995916
1760554738907691000,2.79869091796875,0.0015244330883026121,0.016901633103378118,0.0005913443561177701
1760554738917696000,2.808696044921875,0.009009235885739326,0.01379011348672211,0.026116237101797012
1760554738927700000,2.818699951171875,0.014993570992350578,0.006786920193769037,-0.0032359679802320897
1760554738937705000,2.828705078125,0.016637831068038938,0.00609011530233547,0.011685834683850408
1760554738947709200,2.838709228515625,0.0057160395592451094,0.012780571117997169,0.00444464965024963
1760554738957713000,2.848712890625,0.004220832565426826,0.008734985521622001,-0.0012907430634368211
1760554738967718000,2.8587177734375,0.005723053821921348,0.0025571006042882797,0.017944931611232458
1760554738977721900,2.868721923828125,0.011559504890441894,0.0012406294445507227,0.01940906761335209
1760554738987726000,2.87872607421875,0.012310030996799469,-0.0022527656291611493,0.00035671361633576453
1760554738997731000,2.88873095703125,0.022335750448703763,-0.009397084425855427,-0.0009869378112722187
1760554739007735000,2.898735107421875,0.01485270121693611,-0.0014247721061110496,0.0010671999732498078
1760554739017739000,2.908739013671875,0.023081600379943848,0.00006952157225459813,0.004230550241842866
1760554739027744000,2.918743896484375,0.008417699733376503,0.00272688594693318,-0.009722489588474855
1760554739037748200,2.928748291015625,0.010213935500383376,-0.006280632905755192,0.002869417956471443
1760554739047752000,2.938751953125,0.01649929938018322,0.012227430747263133,-0.0038133568762335926
1760554739057757000,2.9487568359375,0.02547346395254135,0.004534757352806627,0.008564469526614993
1760554739067761000,2.958760986328125,0.013648586124181747,-0.004189030921366066,0.002665255420189351
1760554739077766000,2.968765869140625,0.0025724808365106583,0.012558598930388689,0.003185452502546832
1760554739087770000,2.97877001953125,0.0019739304214715955,0.013906670804787427,-0.004147484201425686
1760554739097774000,2.988774169921875,0.01184592061638832,0.00025552739733830096,0.0033840894803404808
1760554739107779000,2.998779052734375,0.013938508981466292,0.004677216297108679,0.0036706422036048023
1760554739117783000,3.008782958984375,0.011844751572608947,0.0036248942325823007,0.003033723406400531
1760554739127787000,3.018787109375,0.003613514322042465,-0.008572488436289131,-0.0015153912653215228
1760554739137792000,3.0287919921875,0.009148352095484733,-0.004754848110582679,-0.0027023634270299224
1760554739147796000,3.0387958984375,0.008849076887965202,-0.0011646415988914667,0.010609501556074246
1760554739157800000,3.048800048828125,0.01139583876132965,-0.006820438870880753,-0.004542684930935501
1760554739167805000,3.058804931640625,0.014244213929772376,0.008558441644627601,-0.006899184929206967
1760554739177809000,3.068808837890625,0.012895137408375739,0.0066837886128574605,-0.0024522702566348014
1760554739187813000,3.078813232421875,-0.0017705168038606642,-0.000016457944456487893,0.006041554319718852
1760554739197818000,3.088818115234375,0.01902677203118801,-0.0008347155247814953,0.005866079021804034
1760554739207822000,3.098822021484375,0.012739654585719108,0.0031134193127974868,0.01479295212002471
1760554739217827000,3.1088271484375,0.003312485548853874,0.0029162527728825807,0.0056187714635394514
1760554739227830800,3.118830810546875,0.015284662893414496,0.012229513106495142,-0.0020191395363770423
1760554739237835000,3.1288349609375,0.017225275567173955,0.006490110937971622,0.0003906341522466391
1760554739247840000,3.138840087890625,0.008543956461548805,-0.007945241649728268,0.018920608242973685
1760554739257844000,3.148843994140625,0.016773440146446227,-0.0004338248400017619,0.0025109690407756715
1760554739267848000,3.158847900390625,0.008992284750938415,0.005894501398690044,-0.0020215689554810524
1760554739277853000,3.16885302734375,0.02006371386349201,0.0037375060278922317,0.004802998101245612
1760554739287857200,3.178857177734375,0.015122750329971313,0.015024221858941018,0.011813370053656399
1760554739297861000,3.188861083984375,0.011975099954009055,0.009790358059760182,0.009323434667754918
1760554739307866000,3.1988662109375,0.01945639562010765,0.016248009766545144,0.0069489971539936956
1760554739317869800,3.208869873046875,0.01646656615436077,0.009873140972387045,0.00028320085555315013
1760554739327874000,3.2188740234375,0.021701544198393822,0.0010981705002486705,0.003896916106995195
1760554739337879000,3.228879150390625,0.011223404803872107,0.007370492235384881,0.011562911557080224
1760554739347883000,3.238883056640625,0.001945288848876953,0.002046283271629363,0.015407604286493733
1760554739357888000,3.248887939453125,0.03261982857584953,0.002952913255151361,-0.00685951050594449
1760554739367892000,3.25889208984375,0.01795709697306156,0.013065909131709486,0.008842062625288962
1760554739377896200,3.268896240234375,0.01780979745686054,0.010125088173151015,0.010913882196974008
1760554739387901200,3.278901123046875,0.007935469174385071,0.008690141732897609,0.0024674678257666526
1760554739397905200,3.2889052734375,0.020055530557036398,0.009113116385322063,-0.008881746181705966
1760554739407908900,3.298908935546875,0.02110240926146507,0.007471504924446344,0.0009528163459617644
1760554739417913900,3.308913818359375,0.003440495842695236,-0.0037676271715201435,0.003666925009712577
1760554739427918000,3.31891796875,0.027383681488037107,-0.004615494438819587,0.0014042773073539138
1760554739437922000,3.328922119140625,0.01586217052042484,0.0043724611968733364,-0.0032980003657750783
1760554739447927000,3.338927001953125,0.012720949885249137,0.001371288353204727,0.0068426507026888425
1760554739457931000,3.348930908203125,0.007634440401196479,0.008693977657798677,0.007573047336470335
1760554739467935000,3.35893505859375,0.00793196204304695,0.015000530456099658,0.011928703529015183
1760554739477940000,3.36893994140625,0.001793313157558441,0.008702654154598713,-0.0043599487751722335
1760554739487944000,3.37894384765625,0.011664134308695792,-0.005456183046661317,0.009822990820882841
1760554739497949400,3.388949462890625,0.02243395012617111,0.004675919389165938,0.007450754397362471
1760554739507953400,3.398953369140625,0.019438859963417054,-0.003512136306799948,0.00042902993387542663
1760554739517957400,3.408957275390625,0.0025298107385635375,-0.007586272144224494,0.009171376778045668
1760554739527962400,3.41896240234375,0.018540449818968772,0.0021621830025687814,0.002122316783061251
1760554739537966600,3.428966552734375,-0.010339023184776306,0.0037317886731587347,0.004236852118466049
1760554739547970600,3.438970458984375,0.02153553998172283,0.0016811032210476695,-0.007406065872265026
1760554739557975600,3.4489755859375,0.02497720486819744,-0.0064092277214862405,-0.0038520357856526967
1760554739567979300,3.458979248046875,0.009713000240921973,0.00736420862507075,0.000833336418448016
1760554739577983500,3.4689833984375,0.013158756780624389,-0.008717632528021931,-0.0021713983554858714
1760554739587988500,3.478988525390625,0.003582534661889076,0.006821260854788124,0.010649249044572933
1760554739597992400,3.488992431640625,-0.00405249026119709,0.01205634849667549,0.0062350219320505855
1760554739607997400,3.49899755859375,0.0068710548132658,0.0015983751073479651,0.010934303930494934
1760554739618001400,3.50900146484375,-0.0036059155374765393,0.007939506028685718,-0.0019276161948684602
1760554739628005600,3.519005615234375,0.0221294142216444,0.0024442696132697165,0.006634944502450525
1760554739638010600,3.5290107421875,0.006861702463030815,-0.0018655381435528397,0.00738982712351717
1760554739648014600,3.5390146484375,0.004615969362854957,0.0019765790362842378,0.0033582791856490075
1760554739658018300,3.549018310546875,0.017184359034895895,-0.000060096156783401964,0.007005951505620032
1760554739668023300,3.559023193359375,0.019727029255032537,0.013042930114921181,-0.013343958888109773
1760554739678027300,3.56902734375,0.018081600135564802,-0.003597878361493349,-0.004437014333065599
1760554739688031500,3.579031494140625,0.017935469663143157,0.011794044298678636,0.0026739410501439125
1760554739698036500,3.589036376953125,0.012999182304739952,0.007727014055475592,0.014260260882275179
1760554739708040400,3.59904052734375,0.007462006443738937,0.007721990820486098,0.0004658274134621024
1760554739718044400,3.60904443359375,0.02092822173833847,0.0036003808458335697,-0.0031028796524740754
1760554739728049400,3.61904931640625,0.025116321077942847,-0.001251662295218557,0.01915922103812918
1760554739738053600,3.6290537109375,0.02077741509079933,-0.0015475217029452322,0.011403547143749892
1760554739748058600,3.63905859375,0.021676409757137298,-0.0005504004243761301,0.0019680304036475715
1760554739758062300,3.649062255859375,0.015094693279266356,0.001767374998703599,-0.01982762181898579
1760554739768066300,3.65906640625,0.006717325556278228,0.013365860192663967,-0.0006416954370215535
1760554739778071300,3.6690712890625,0.007308277186751365,0.000018010580725967882,0.0015623265464324502
1760554739788075500,3.679075439453125,-0.005560556736588478,0.012762980662379414,-0.0000342310631647706
1760554739798079500,3.68907958984375,0.013147066342830657,0.007539820920303464,0.0009511267123743891
1760554739808084500,3.69908447265625,0.019582067826390267,0.004050316570419818,-0.00003643215340562165
1760554739818088400,3.70908837890625,0.006710311293601989,0.008193736518081278,0.004313123091915622
1760554739828092400,3.719092529296875,0.023619945040345192,0.006080635087937116,-0.01423779332214035
1760554739838097700,3.72909765625,0.019131985971331596,0.013685045677050948,0.00032092991690151393
1760554739848101400,3.739101318359375,0.010751111117005347,0.010696166059374809,0.004669179121125489
1760554739858106400,3.7491064453125,0.022419337078928948,-0.005007398099545389,-0.005540299399849027
1760554739868110300,3.7591103515625,0.023615853387117386,0.015097634155023841,-0.0012614804363343863
1760554739878114600,3.769114501953125,0.02107201412320137,0.006243515765760093,-0.001020483887847513
1760554739888119600,3.77911962890625,0.017031214299798012,0.00883415331346914,0.008131713265692815
1760554739898123500,3.78912353515625,0.013290858727693557,0.02123175299586728,0.002342106146737933
1760554739908127500,3.79912744140625,0.020023381853103636,0.006203494282625615,0.022495845514396203
1760554739918132500,3.809132568359375,0.018380290821194648,0.006751574885752051,0.009482589018531143
1760554739928136400,3.819136474609375,0.013591302978992461,0.012013313072547317,-0.004093452459247782
1760554739938140400,3.829140380859375,0.019871406161785125,0.006830375743005424,-0.00911515307878144
1760554739948145400,3.8391455078125,0.011641922476887702,0.004568422160390764,-0.003540659148385748
1760554739958149400,3.8491494140625,0.02929974424242973,0.0016708010227419435,-0.006769293205533176
1760554739968153600,3.859153564453125,0.029599603971838948,0.003738309745490551,0.004384772689174861
1760554739978158600,3.86915869140625,0.012694646400213241,-0.008114552068337798,0.0055006889086682345
1760554739988162600,3.87916259765625,0.005659340935945511,0.009124331899080424,-0.005399393091816455
1760554739998167600,3.88916748046875,0.02152326502203941,0.0030809418153017755,0.005295256863906979
1760554740008171500,3.899171630859375,0.0040092356413602825,-0.0008736775619909167,0.008738684449205175
1760554740018175500,3.909175537109375,0.013731588232517241,0.024881124082580208,0.002911658796155825
1760554740028180500,3.919180419921875,0.028096213671565055,0.0009317826910875737,0.01109255409897305
1760554740038184400,3.929184326171875,0.019269348615407942,-0.01823251638095826,-0.0037586949463933703
1760554740048188400,3.9391884765625,0.017023615515232085,-0.0014270736610516904,0.004178445595270023
1760554740058193400,3.949193359375,0.015521978780627249,0.007635006656777113,0.006983949736366048
1760554740068197400,3.959197265625,0.01656768844127655,-0.005593892750609666,-0.004000467813014984
1760554740078201600,3.96920166015625,0.006839490631222724,-0.001976743433065712,0.000366431292751804
1760554740088206600,3.97920654296875,0.0005541267514228821,0.007012673507351428,-0.009264324891660363
1760554740098209300,3.989209228515625,0.008190320718288421,0.0026614742942154407,-0.01820021241339855
1760554740108213500,3.999213623046875,0.02689209857881069,-0.009076766430307179,0.003877718216180801
1760554740118217500,4.009217529296875,0.00743921009004116,-0.0018753654178231952,0.005302070197183638
1760554740128222500,4.019222412109375,0.00175415019094944,0.009290701441932468,-0.014497065312834456
1760554740138226400,4.029226318359375,0.014628244811296463,-0.001365644063707441,-0.001856852513598278
1760554740148230700,4.039230712890625,0.010891396370530129,0.01663271650150418,0.0033302038686349985
1760554740158235600,4.049235595703125,0.023760814815759656,-0.018681228262837975,-0.0009593648177571594
1760554740168239400,4.0592392578125,0.019717092382907867,0.005874426725041121,-0.004133382610836997
1760554740178243300,4.069243408203125,0.012835516175627708,-0.009038863839022814,-0.011594932396849616
1760554740188248300,4.079248291015625,0.008946107521653176,0.006013451603241265,-0.009693437023926525
1760554740198252500,4.08925244140625,0.01448328338265419,0.005893241023365408,0.0075593110720627
1760554740208256500,4.099256591796875,0.030942250752449035,0.009849266906455158,-0.0018064922995399682
1760554740218261500,4.109261474609375,0.024207389539480206,0.006937178852036595,-0.0010955310185905545
1760554740228265500,4.119265380859375,0.015977321332693098,0.01500716112628579,-0.000705298725143075
1760554740238270500,4.1292705078125,0.011936521509289741,0.014308730533346532,-0.004680266770720482
1760554740248274700,4.139274658203125,0.01073708259165287,0.0015179668148979544,-0.017996579600078985
1760554740258278400,4.1492783203125,0.015671616384387015,-0.004291011724807322,0.0109946649487596
1760554740268283400,4.159283447265625,0.014471008422970772,-0.0014137940543703733,-0.0009308967750985174
1760554740278287400,4.169287353515625,0.011478840869665146,-0.0005387282528914511,-0.0071035301285795865
1760554740288291300,4.179291259765625,0.01462181507050991,0.01198693652227521,0.0036198892639018594
1760554740298296600,4.189296630859375,0.021653028881549834,0.006182433228287845,0.007696975110238417
1760554740308300500,4.199300537109375,0.01028349360525608,-0.007564005513489246,0.004242405076418072
1760554740318304500,4.209304443359375,0.013127777120471,-0.009379238241910934,0.005175247213430703
1760554740328309500,4.2193095703125,0.010734744504094123,-0.0017855865088291466,0.009720827354351059
1760554740338313200,4.229313232421875,0.009988310050964355,0.003210358614940196,0.0031993896963540464
1760554740348317400,4.2393173828125,0.02076221752166748,-0.00009134981157258153,0.0010503127705305815
1760554740358322400,4.249322509765625,0.018668460112810134,0.019014460538886488,0.009271348287491127
1760554740368326400,4.259326416015625,0.014475684598088264,0.003683656948804855,-0.009371694256272167
1760554740378331400,4.269331298828125,0.017016016730666158,-0.00455468589598313,0.00021675715637393294
1760554740388335400,4.27933544921875,0.0007049333989620208,0.004750829522591084,-0.008586096836533398
1760554740398339600,4.289339599609375,-0.0012432780593633651,-0.012949333547335117,0.015368888844456523
1760554740408344600,4.299344482421875,0.015517302605509757,-0.0014606654033996163,0.008684607041254639
1760554740418348500,4.3093486328125,0.003547463348507881,0.01710985076026991,0.0032904746464453636
1760554740428352300,4.319352294921875,-0.007974632140994071,0.011517236651293932,0.004496571633731946
1760554740438357200,4.329357177734375,0.010881459498405455,-0.004875259619858115,-0.0024560513826087115
1760554740448361500,4.339361572265625,0.015074235013127326,0.003729724580235779,0.018872704847482963
1760554740458365400,4.349365478515625,0.011183072793483734,-0.003980411405675113,0.0030664474990684536
1760554740468371500,4.359371337890625,0.028241759622097014,0.00996613475177437,0.005344082708004861
1760554740478375400,4.36937548828125,0.011779869642853736,0.006847180747333914,-0.006438472082279622
1760554740488380400,4.37938037109375,0.00010813654959201812,0.01206431260742247,0.009049823624454438
1760554740498384100,4.389384033203125,0.009085808253288268,0.006094736678525805,0.01952803608421236
1760554740508388400,4.399388427734375,0.01656710391938686,-0.0018815211639739572,0.000795835685962811
1760554740518393300,4.409393310546875,0.020459435182809828,-0.009097991881426423,0.007751609640615061
1760554740528397300,4.419397216796875,0.00549684385061264,-0.005119662834983319,0.0027397545616608112
1760554740538402300,4.42940234375,0.012528057661652565,-0.003471420703921467,-0.008617980678984895
1760554740548406300,4.43940625,0.03542319555878639,-0.006473068471625447,0.0048746111658867445
1760554740558410500,4.449410400390625,0.006397592082619667,0.0053708793833851815,-0.00943709677583538
1760554740568415500,4.45941552734375,0.011337386572360992,0.008924589809589087,-0.007130737795913592
1760554740578419500,4.46941943359375,0.021363106024265287,0.005756024509761482,0.002262291509332135
1760554740588423200,4.479423095703125,0.015683891344070434,0.0006027516661211848,0.008196467331284657
1760554740598428200,4.48942822265625,0.015379355439543723,-0.0009118724142201244,-0.012931131170364096
1760554740608432400,4.499432373046875,0.02091419321298599,-0.00932190029779449,0.015530774008436127
1760554740618436400,4.509436279296875,0.0041594577670097345,0.0030709684105589986,-0.006455587613862008
1760554740628441300,4.51944140625,0.006703881552815437,-0.0008614756675437092,0.014140744422143324
1760554740638445300,4.5294453125,0.026759412109851836,0.0063205630573444065,0.0020273776417598127
1760554740648449500,4.539449462890625,0.02511749012172222,-0.00221111844452098,0.0029049093949608503
1760554740658454500,4.54945458984375,0.027661329385638235,0.014566449887771159,0.001585068101203069
1760554740668458200,4.559458251953125,0.009707739543914795,0.007896287941467017,0.0016706274928059428
1760554740678463200,4.569463134765625,0.028864275434613226,-0.005065484962332993,0.01178020756957121
1760554740688467200,4.57946728515625,0.02317863101363182,-0.011985895342659205,0.0052927543795667584
1760554740698471400,4.589471435546875,0.010308628046512603,0.008999847002886235,0.007773858005041256
1760554740708476400,4.599476318359375,0.005369418078660965,0.00888296089125797,0.004140150278341025
1760554740718480400,4.60948046875,0.016895020699501037,0.0066775232688523825,-0.012963480803696439
1760554740728484400,4.619484375,0.0007335749715566634,0.00510508632035926,0.01019198853005655
1760554740738489300,4.6294892578125,0.0025309797823429105,0.008462068598065526,-0.0109349158518482
1760554740748493300,4.639493408203125,0.0116594581335783,-0.0012981683180667458,-0.0017196086005307734
1760554740758497300,4.649497314453125,0.015849311038851736,0.0025691746345721184,0.0012249386850744484
1760554740768502300,4.659502197265625,0.021080781951546668,0.014434402739629149,-0.017715853829402474
1760554740778506200,4.66950634765625,0.00611819061934948,0.0037640287086367604,-0.002274840463651344
1760554740788511200,4.67951123046875,0.008366846328973769,-0.003426522116269916,-0.0025748371903784573
1760554740798515200,4.68951513671875,0.008065233033895492,-0.001223349516186863,-0.0026908465191721916
1760554740808519400,4.69951953125,0.022130583265423772,0.0027843517552129924,-0.0022311839850153773
1760554740818524400,4.7095244140625,0.012106032857298851,-0.010381748081650584,-0.005742215180117636
1760554740828528400,4.7195283203125,0.002529226216673851,-0.0059514192176982755,0.001160741741908714
1760554740838532400,4.729532470703125,0.011356091272830963,0.0025236732587218284,0.010486852423939853
1760554740848537300,4.739537353515625,0.004176993423700332,0.014434841131046414,0.001270476593542844
1760554740858541300,4.749541259765625,0.014054828837513923,0.005550747728627175,0.008086257555615156
1760554740868546300,4.75954638671875,0.010613163951039313,-0.0008714125396683812,0.009746098792925477
1760554740878550300,4.76955029296875,0.0032809213668107983,0.006892261998075992,0.008218277304293588
1760554740888554200,4.77955419921875,0.01884030954837799,0.005838277699425816,-0.0033561602937988936
1760554740898559200,4.789559326171875,0.015844050341844558,0.0024201763516291976,0.003328660365520045
1760554740908563500,4.7995634765625,0.014944471153616905,0.009266553381364792,0.007355687391897663
1760554740918567400,4.8095673828125,0.018086860832571983,0.0068657941162586205,-0.006862323517538607
1760554740928572400,4.819572509765625,0.010156067833304404,0.008364727437123656,0.009884530016081408
1760554740938576100,4.829576171875,0.026915479454398154,0.0038282165186479685,0.01291944986572489
1760554740948580400,4.839580322265625,0.03245031722784042,-0.001959299107920378,0.0014888594514224677
1760554740958585300,4.84958544921875,0.021971593311429023,0.006657649524603039,-0.005764390479307622
1760554740968589300,4.85958935546875,0.009250058904290199,0.0089989336874336,0.0076213069249875835
1760554740978594300,4.86959423828125,0.011942366728186606,-0.0032484073366969824,0.005599600972188637
1760554740988598300,4.879598388671875,0.022715689677000044,0.00245124734332785,0.0046670693624299014
1760554740998602500,4.8896025390625,0.010744681376218795,-0.005633366244472563,0.0018221008606255054
1760554741008607500,4.899607421875,0.02121931363940239,0.00021004428779706358,0.0012261625277809798
1760554741018611500,4.909611572265625,0.014934534281492232,-0.007866513857711106,0.018894560486264526
1760554741028615200,4.919615234375,0.01942541595995426,0.009427698759827761,0.0033492190963588654
1760554741038620200,4.9296201171875,0.009399111986160278,0.011442381316795945,-0.012257917217072098
1760554741048624400,4.939624267578125,0.011195347753167151,-0.001991466078162193,0.00152090769065544
1760554741058628400,4.94962841796875,0.012395955714583396,0.0006886763839051127,0.005773742829542607
1760554741068633300,4.95963330078125,0.017034136909246444,0.011772745782323181,0.0005106894684955477
1760554741078637300,4.96963720703125,0.008802899658679962,0.0025175175125710667,-0.020477920687571167
1760554741088642300,4.979642333984375,0.011344985356926917,0.008586516961641609,0.0012426478717010468
1760554741098646500,4.989646484375,0.0034130233138799666,0.008871361785009503,-0.012103868299676105
1760554741108650500,4.999650390625,0.018973580539226532,-0.0020361454701051116,-0.002066723271459341
1760554741118655500,5.009655517578125,0.015831190860271453,0.000656874739844352,-0.003961204381706193
1760554741128659200,5.0196591796875,0.006703881552815437,0.004418711491394787,0.001960349420690909
1760554741138663200,5.0296630859375,-0.002874678653478622,0.010012567709386348,-0.0013267094259615986
1760554741148668400,5.03966845703125,0.0234627086520195,0.022103311666008083,-0.0002891374059952795
1760554741158672400,5.04967236328125,0.031544308298826214,0.012776168937515467,0.010326172836357728
1760554741168676400,5.05967626953125,0.007903320470452307,-0.00027662498429417606,0.0007113083408214152
1760554741178681300,5.069681396484375,0.009401450073719024,-0.002703231076709926,-0.019417424449743703
1760554741188685300,5.079685302734375,0.008949030131101607,0.0038504283504560586,-0.00385475746570155
1760554741198690300,5.089690185546875,0.018973580539226532,0.016154139204323292,0.01270068341535516
1760554741208694300,5.0996943359375,0.015085340929031372,0.0030401166145689784,0.003878101808670908
1760554741218698200,5.1096982421875,0.007904489514231682,-0.0025191432140767574,-0.0047020493442658335
1760554741228703200,5.119703125,0.005810147583484649,-0.0043741051646880805,0.006453304325230419
1760554741238707200,5.129707275390625,0.011496961048245428,-0.010551789152622223,0.002795348073262721
1760554741248711400,5.13971142578125,0.009700140759348868,-0.005403923136461526,-0.01034802847513929
1760554741258716400,5.14971630859375,0.015385785180330276,0.0007392557936720549,0.010871020302781835
1760554741268720400,5.159720458984375,0.01897708767056465,0.014106613823678343,0.005896401094831526
1760554741278724400,5.169724365234375,0.010599719947576523,-0.004122267561778426,-0.0001724978895392269
1760554741288729300,5.179729248046875,0.01059679733812809,-0.005768774393480271,-0.006365169384051114
1760554741298733300,5.1897333984375,0.019274024790525434,0.005395465835370123,0.010019280577963217
1760554741308738300,5.19973828125,0.006553074905276298,0.00576937718167901,-0.0053241450316738334
1760554741318742300,5.2097421875,-0.0034738135904073715,-0.0007572846407070755,0.0029446112176869065
1760554741328746200,5.219746337890625,0.02091594677865505,-0.0052880964707583186,0.008349858661554754
1760554741338751200,5.229751220703125,0.019565116691589356,-0.006778243696969002,0.008044519039429723
1760554741348755500,5.23975537109375,0.0037070378243923186,0.011783723834063857,0.016891477035544812
1760554741358759400,5.249759521484375,0.012531564792990684,-0.008593659088481217,0.0027257351694628595
1760554741368764400,5.259764404296875,0.01881634415090084,-0.003646229281555861,0.016028375666495412
1760554741378768400,5.269768310546875,0.021509236496686936,0.005773121775034815,0.0059210332125891
1760554741388773400,5.2797734375,0.019710078120231626,0.006347944254614412,0.0027795477159321307
1760554741398777300,5.28977734375,0.016866379126906392,-0.011733564549405127,0.010108109638886526
1760554741408781300,5.29978125,0.008189736196398735,0.009839969355147332,0.004797381211211905
1760554741418786300,5.309786376953125,0.014175824868679045,0.00025214813016355035,-0.010899269149731845
1760554741428790300,5.319790283203125,0.0004056581914424896,-0.0025280571728944776,0.004940771737275645
1760554741438794500,5.32979443359375,0.0008493103057146072,0.008137001362163573,-0.0018236352305859326
1760554741448799500,5.339799560546875,0.0017506430596113203,0.004852371934615076,0.008897628737427294
1760554741458803500,5.349803466796875,0.0023527006059885025,0.02535624904735014,0.018309435808379203
1760554741468807200,5.35980712890625,0.0059463411837816236,0.004458495512511581,-0.0009039813687093556
1760554741478812200,5.369812255859375,0.01252864218354225,-0.00696954675167799,0.0015766747321933508
1760554741488816400,5.37981640625,-0.0018371522992849348,-0.004557553706504404,0.01533534276788123
1760554741498820900,5.38982080078125,0.008639233529567717,0.013348781193699687,0.009515970698324962
1760554741508824800,5.399824951171875,0.016418050837516785,0.007573430928960442,0.0036123818108811973
1760554741518828800,5.409828857421875,0.015367665001749992,0.009455025158170611,0.023894323268625884
1760554741528833800,5.419833740234375,0.010727730241417884,-0.005111077669728547,-0.0006305986542720348
1760554741538838000,5.429838134765625,0.013571429234743117,-0.0022670133502222596,-0.0023461795336566864
1760554741548842000,5.439842041015625,0.022101357170939445,-0.005891925849113613,0.003632018093112856
1760554741558847000,5.449846923828125,0.006086041915416717,-0.0005148176543414593,-0.003033741672709584
1760554741568850700,5.4598505859375,-0.011724924585223197,0.00842153565827757,0.0055034745207987725
1760554741578855000,5.46985498046875,0.014460487028956413,-0.0003584580488502979,-0.002980139188794419
1760554741588860000,5.47985986328125,0.02642857272028923,0.0030526473025791344,-0.010448237446602433
1760554741598864000,5.48986376953125,0.013111410507559776,-0.0008821896620094775,-0.012123641579225658
1760554741608868900,5.499868896484375,0.012811550778150558,0.00922313436474651,-0.003609915859159082
1760554741618872800,5.509872802734375,-0.008292027527093886,0.021557916210312396,-0.002279626236623153
1760554741628876800,5.519876708984375,0.017446809363365172,0.003697630675230175,0.013709038473991676
1760554741638882000,5.529882080078125,0.0035310967355966566,-0.0018801329244859516,0.004537734761182219
1760554741648886000,5.539885986328125,0.0027858313262462612,0.0022239231271669268,-0.013704919421300291
1760554741658889700,5.5498896484375,0.0006903203517198563,-0.0026770189232192933,0.004792376242531463
1760554741668894700,5.559894775390625,0.0039823476344347,0.000022284897044301032,0.009406482441863045
1760554741678898700,5.569898681640625,0.004730535653233528,0.011568418849259614,0.013823732628533616
1760554741688903000,5.57990283203125,0.010866261929273605,0.011710987391415982,0.0035506599525921044
1760554741698908000,5.589907958984375,0.007871171766519545,0.0066972143500112,0.002061234245589003
1760554741708911900,5.599911865234375,0.006377133816480636,0.004824333150219172,-0.003626136341597885
1760554741718916900,5.609916748046875,0.007724456772208213,-0.000008603431563824415,0.013347329022129997
1760554741728920800,5.6199208984375,0.01011924295425415,0.009857888604328036,0.01592986546177417
1760554741738925000,5.629925048828125,0.014009236130118369,0.005688548764120787,-0.0017062833280768244
1760554741748930000,5.639929931640625,0.021341478714346884,0.0005855082703754306,0.005387839651340619
1760554741758933800,5.649933837890625,0.009815876093506813,0.0037087183248251674,-0.006528095727646723
1760554741768937700,5.659937744140625,-0.005296352842450142,-0.0005954451425001024,0.0054732346461620176
1760554741778942700,5.669942626953125,0.02193418391048908,0.0009010039603337645,-0.01165547607820481
1760554741788947000,5.679947021484375,0.010561141502857207,0.014837668044585734,0.00273377234544605
1760554741798951000,5.689950927734375,0.010109890604019164,0.0032665092489682136,0.0011065273366402833
1760554741808956000,5.699955810546875,0.009063011899590492,0.013088997746352105,0.0038363267598673697
1760554741818960000,5.7099599609375,0.006669979283213615,0.001983337570633739,-0.005357070053741335
1760554741828964900,5.71996484375,0.023580197551846503,0.010629183504078536,-0.011318024284765124
1760554741838968800,5.72996875,0.00457622187435627,0.010636343897227197,0.006650726593472063
1760554741848972800,5.739972900390625,0.006971592578291892,0.007585340562462807,0.02543950688401237
1760554741858977800,5.749977783203125,0.002482464465498924,0.01146335103958845,0.0013285451900213955
1760554741868981800,5.759981689453125,0.010560556980967521,0.0021052286509424447,0.0024822361366357653
1760554741878986000,5.769986083984375,0.011008300748467445,-0.005187613504659384,-0.0014089352161623537
1760554741888991000,5.779990966796875,0.022680033841729164,0.015488807163387536,0.008645581071963533
1760554741898995000,5.789994873046875,-0.005903671085834503,0.009405925319436938,-0.013925466836802661
1760554741908999000,5.7999990234375,0.009058335724473,0.0008528357033617794,-0.0015236659033223987
1760554741919004000,5.81000390625,0.009205050718784332,0.010640782610327006,-0.002060585791617632
1760554741929007900,5.8200078125,0.014885434442758558,0.018752466868143528,0.007965142793441191
1760554741939012900,5.830012939453125,-0.004119125756621361,0.012788169902563094,0.012471879628160968
1760554741949016800,5.840016845703125,0.015183540606498718,0.015358093455806373,0.020256131163053213
1760554741959020800,5.850020751953125,0.019375147077441215,0.006776617995463311,0.0005208272700197995
1760554741969025800,5.86002587890625,0.01862988166809082,-0.003521214662399143,0.010211780075915158
1760554741979030000,5.870030029296875,0.0035182372540235518,0.010476751155033708,-0.004421597568225116
1760554741989034000,5.880033935546875,0.012049918755888938,-0.006064104078244418,-0.011896299096755682
1760554741999039000,5.8900390625,0.017588848182559014,0.0012815459768287837,-0.005291758865723386
1760554742009043000,5.90004296875,0.0145960961073637,0.007260711717978119,0.012145013160817324
1760554742019046700,5.910046630859375,0.013700024050474166,0.01002486093537882,0.012451457894640043
1760554742029052000,5.920052001953125,0.018339958810806273,0.00537924535293132,0.011464264355041087
1760554742039056000,5.930055908203125,0.014748656320571898,0.0022343714559450744,-0.005564940650761127
1760554742049060900,5.940060791015625,0.0057721536606550215,0.00531571513004601,-0.011120592883368953
1760554742059064800,5.95006494140625,0.023730419677495954,0.005994253712426871,0.014464313820702955
1760554742069068800,5.96006884765625,0.02118131971657276,0.006619801732245832,-0.0006709489309694618
1760554742079073800,5.97007373046875,0.014893033227324486,0.011048614492546766,0.0010067841560579835
1760554742089078000,5.980078125,0.015042670831084251,-0.004330850544851273,0.017849307483341542
1760554742099081700,5.990081787109375,-0.0003682487905025482,0.004734846502169966,-0.0008659326469525695
1760554742109086700,6.000086669921875,0.00891103620827198,0.004676302981656044,0.0003726144383661449
1760554742119090700,6.010090576171875,0.010556465327739715,-0.000844232271797955,-0.004129656283790245
1760554742129095000,6.020094970703125,0.031354338684678074,-0.003609915859159082,-0.013399899459583683
1760554742139100000,6.030099853515625,0.008902852901816367,-0.002963051056675613,-0.003420128908101469
1760554742149103900,6.040103759765625,0.004115034103393554,-0.005934760343842208,0.01391975861522369
1760554742159108900,6.05010888671875,0.018033084818720818,0.006687003483250737,0.000028924700384959576
1760554742169112800,6.06011279296875,0.030004093119502067,0.01010271194456145,0.003876348243001848
1760554742179117000,6.070116943359375,0.01039630632996559,-0.007242737669870257,0.001524506153538823
1760554742189122000,6.0801220703125,0.014437690675258635,0.0015501337851397692,-0.0018900606634560972
1760554742199125800,6.090125732421875,0.02191898634135723,-0.005486413788143545,0.008651535888714715
1760554742209129700,6.100129638671875,0.014136661902070045,0.007905749889556318,0.006782207486033439
1760554742219134700,6.110134765625,0.025660510957241058,0.003791921362560242,-0.01386581820459105
1760554742229139000,6.120138916015625,0.007104279047250747,-0.002604081551171839,0.012432625330006703
1760554742239143000,6.130142822265625,0.00006838906109333039,0.007231138563621789,-0.0008410904666408896
1760554742249148000,6.14014794921875,0.009796002349257468,0.004952891433332115,-0.006221157803479582
1760554742259152000,6.15015185546875,-0.004122048366069793,0.012959635745640843,0.022835544063849373
1760554742269156900,6.160156982421875,0.013087445110082625,0.0002218260571360588,0.009119756188662722
1760554742279161000,6.1701611328125,0.020419103172421453,0.0005723930604755878,-0.0012693806149996817
1760554742289164800,6.180164794921875,0.026853520134091376,0.014339874590281396,0.002802828126819804
1760554742299169800,6.190169677734375,0.013237667235732078,0.02550782287986949,-0.0009849102509673685
1760554742309173800,6.200173828125,0.024758593681454655,0.008500537444930524,-0.007566517130983993
1760554742319178000,6.210177978515625,0.00949614261984825,-0.0020314144960604606,0.00405218886709772
1760554742329183000,6.220182861328125,0.001712064614892006,-0.00852413751622662,0.011031042303238063
1760554742339187000,6.23018701171875,-0.0008329436928033829,0.02084511003214866,0.011867164333816616
1760554742349191000,6.24019091796875,-0.00008592471778392792,0.009664192663133144,0.010553031261637806
1760554742359196000,6.25019580078125,0.009192191237211227,0.010057977753691374,0.00685590290990658
1760554742369199900,6.260199951171875,0.007992752319574355,0.016231204762216657,0.008326011995086447
1760554742379204900,6.270204833984375,0.025499767437577245,-0.0029419534697197377,0.004165257320133969
1760554742389208800,6.280208740234375,0.007691723546385765,0.006945964946690947,-0.0005116301834117621
1760554742399212800,6.290212890625,0.01756488278508186,0.008988430559728294,0.006165308563550934
1760554742409217800,6.3002177734375,0.01367372056543827,0.0039032727825455363,-0.0024102851452771573
1760554742419221800,6.3102216796875,0.02220131041407585,0.009783307264465838,-0.0032123953083995726
1760554742429226000,6.32022607421875,0.02758358797430992,-0.01177868233276531,-0.00693849402628839
1760554742439231000,6.33023095703125,0.025490999609231946,-0.0046694896483793855,0.0012038228318095206
1760554742449235000,6.34023486328125,0.023995208093523977,0.004886109807435423,0.009408035078132525
1760554742459238700,6.35023876953125,0.014869652351737022,0.004050718429218977,0.01224269224847667
1760554742469243600,6.36024365234375,0.01756196017563343,0.016821480539254842,0.008111044936999679
1760554742479248000,6.370247802734375,0.010082418075203894,0.0198351110056974,-0.005934641612833366
1760554742489252900,6.3802529296875,0.011727262672781943,-0.0034512546987272795,0.0028920499133877455
1760554742499257300,6.39025732421875,0.016212299132347105,0.013403835849184541,-0.0018966913336422293
1760554742509261000,6.400260986328125,-0.0020481647014617918,0.0195404571743682,-0.011355735079804434
1760554742519266000,6.41026611328125,-0.0005512041419744491,0.008158592139463872,-0.008357274783030152
1760554742529270300,6.420270263671875,0.015314473509788512,0.005162753058038652,0.008695311098359524
1760554742539274200,6.430274169921875,0.025642390778660772,0.0080723751607351,0.0011558920368552206
1760554742549279200,6.440279296875,0.015469956332445144,0.02053613541452214,0.012679731958871707
1760554742559283200,6.450283203125,0.023549217891693112,0.005525777684152126,0.005101907982584089
1760554742569288200,6.4602880859375,0.027440380111336708,0.01776387595590204,-0.004658621194493025
1760554742579292400,6.47029248046875,0.007542085942625999,-0.002976056668721139,-0.0062366202340926975
1760554742589296400,6.48029638671875,0.013379706054925918,-0.0021142704739235342,-0.01823742088493891
1760554742599301400,6.49030126953125,0.0032020109117031096,-0.002303491169400513,0.003682286975625902
1760554742609305000,6.50030517578125,0.0024526538491249084,0.010898684627842157,-0.001896216409606859
1760554742619309300,6.510309326171875,0.012625088295340538,0.00473804310625419,0.005503940311679616
1760554742629314300,6.520314208984375,0.012022446227073668,0.01701406223559752,-0.009767114181490615
1760554742639318300,6.530318359375,0.008733341553807257,-0.0014805026150308549,0.006147197518125176
1760554742649322200,6.540322265625,-0.0005406827479600906,-0.002157488561142236,0.008847241123905406
1760554742659327200,6.5503271484375,0.01262801090478897,0.02296829446488991,-0.0023203875052742657
1760554742669331200,6.560331298828125,0.019365794727206228,0.017334964753035455,-0.0036478275835979727
1760554742679336200,6.570336181640625,0.013383797708153724,0.012740640966407955,0.004770164410723373
1760554742689340400,6.58034033203125,-0.00023380875587463378,-0.005504917559213936,0.015687544605880975
1760554742699344100,6.59034423828125,0.009493804532289504,0.001463788942247629,-0.00025676037319935854
1760554742709349000,6.60034912109375,0.01936930185854435,-0.005085687500145286,0.0039657070268876845
1760554742719353000,6.61035302734375,0.003208440652489662,0.012187555394601077,0.015525431113038212
1760554742729357300,6.620357421875,0.012184358790516853,0.014509897394943981,0.007103383998107165
1760554742739362300,6.6303623046875,0.01338438223004341,0.011517985569965094,-0.009292573738610371
1760554742749366300,6.6403662109375,0.013985855254530905,0.00442028239397332,0.000397127825114876
1760554742759371300,6.650371337890625,0.00680091218650341,-0.0026381664838641882,-0.0005271200134884566
1760554742769375200,6.660375244140625,0.029693127474188803,0.01477081335345283,0.00012618366293609142
1760554742779379200,6.670379150390625,0.02041618056297302,0.00454962612837553,0.007489625103026628
1760554742789384200,6.68038427734375,0.019814707538485524,0.002450626288820058,0.007178495060931891
1760554742799388200,6.69038818359375,0.005750526350736617,0.005981449029780924,0.0006126611387822777
1760554742809392000,6.70039208984375,0.00874678555727005,0.012322543418500571,-0.004243720250669866
1760554742819397000,6.710397216796875,0.008448679393529892,0.009017985447775573,-0.0030615247287787495
1760554742829401300,6.7204013671875,0.01563186889588833,-0.00044567967457696795,-0.0076217544495593755
1760554742839405300,6.7304052734375,0.01637596526145935,0.010320263685379177,-0.01139003007505089
1760554742849410300,6.740410400390625,0.0050064299851655955,-0.005236457615066319,0.0034772111238911747
1760554742859414300,6.750414306640625,0.016979191851615904,0.01563950421307236,0.01224769721715711
1760554742869419300,6.760419189453125,0.02595627903342247,0.00872842791667208,0.003866447903495282
1760554742879423200,6.77042333984375,0.0208703540712595,0.0007189436580054461,0.009944744903873651
1760554742889427200,6.78042724609375,0.008897592204809188,-0.011204590505547821,0.002416230828873813
1760554742899432200,6.79043212890625,0.01398351716697216,0.0033987755928188562,0.0035070765391923484
1760554742909436200,6.800436279296875,0.004108019840717315,0.005712842955160885,0.0019843878834042697
1760554742919440400,6.8104404296875,0.012337503525614737,0.0009389248179271817,-0.01087058191136457
1760554742929445400,6.8204453125,0.01158756194114685,0.00040993250776082276,0.006624788434617221
1760554742939449300,6.830449462890625,0.013380875098705291,0.0028701303425244986,0.01255185866234824
1760554742949453300,6.840453369140625,0.01921674164533615,-0.007423336667474359,0.008740931205218657
1760554742959458300,6.850458251953125,0.011737199544906615,0.009270736366137861,0.006096773371985182
1760554742969462300,6.860462158203125,0.009494389054179191,0.0006841463392600417,-0.00821749185300432
1760554742979467300,6.87046728515625,0.006356091028451919,0.007283453272748738,-0.006953764660656452
1760554742989471200,6.88047119140625,0.016684592819213865,0.0011962057809345424,0.007776881079189479
1760554742999475200,6.89047509765625,0.004117372190952301,0.007251943889632821,-0.000007918444974347948
1760554743009480200,6.900480224609375,0.013846154522895813,0.00878176553910598,0.004729110881127417
1760554743019484200,6.910484130859375,0.0033738603472709652,0.0073306534153409295,-0.013131320784427225
1760554743029488400,6.92048828125,0.010855740535259246,-0.001192315057106316,0.007666333376802503
1760554743039493400,6.930493408203125,0.00008358663022518158,0.005775642525684088,0.024416721441224216
1760554743049497000,6.9404970703125,0.00906651903092861,0.004244560500886291,0.011410981531534343
1760554743059501000,6.9505009765625,0.025980828952789307,-0.008497486971318722,-0.006382220983551815
1760554743069506000,6.960506103515625,0.0006938274830579757,-0.00033259295523166654,-0.004405185289541259
1760554743079510300,6.97051025390625,0.012521043398976325,-0.004855258011445403,0.0017064659911673514
1760554743089515300,6.980515380859375,0.011024667361378668,-0.0002202734208665788,-0.007579486210411414
1760554743099519200,6.990519287109375,0.013117255726456641,0.01470943855503574,-0.004066345256613567
1760554743109523200,7.000523193359375,0.00847790548801422,0.014460834088828414,-0.010294891782104968
1760554743119528200,7.010528076171875,0.018798223972320557,0.0047255124182440334,0.001454573589330539
1760554743129532400,7.020532470703125,0.02149403892755508,0.012273626242857426,0.007008225661097094
1760554743139536100,7.0305361328125,0.013713468053936957,0.014988602556288241,-0.008711339784553273
1760554743149541000,7.040541015625,-0.003793547064065933,-0.0006214746329002082,0.012585751798795536
1760554743159545000,7.050545166015625,0.011319850915670395,-0.0009517112342640757,-0.004432255959557369
1760554743169550000,7.060550048828125,0.016407529443502426,0.0045933739385567605,0.004276535674883053
1760554743179554300,7.07055419921875,0.01969897220432758,0.0034332989169284698,0.004775342909339815
1760554743189558300,7.080558349609375,0.008476151922345162,0.007640705745201558,-0.001925743898190558
1760554743199563300,7.090563232421875,0.020894903990626334,0.023843908255640416,-0.014490297645330429
1760554743209567200,7.100567138671875,0.01341360832452774,0.00018651728173717857,0.0015233097102958708
1760554743219571500,7.110571533203125,0.017749007180333138,-0.00018198723709210752,-0.0011954385959543287
1760554743229576400,7.120576416015625,0.010865092885494232,0.0020004531022161246,-0.005190910573443398
1760554743239580200,7.130580078125,-0.0000637128859758377,0.003637351855356246,0.008093171353591605
1760554743249584000,7.140584228515625,0.001575286492705345,0.012480820986442267,0.01712229924988933
1760554743259589000,7.150589111328125,0.013984101688861847,0.013930015147756785,0.0067473279688972975
1760554743269593300,7.16059326171875,0.01667056429386139,-0.009477401386760174,0.014735924703162163
1760554743279598300,7.170598388671875,0.0265431390106678,0.0012594985418021678,0.01503446012516506
1760554743289602300,7.180602294921875,0.02235562419295311,-0.001360620828717947,0.007126600476913153
1760554743299606300,7.190606201171875,0.026100071418285367,-0.000252915315143764,0.00945758244143799
1760554743309611300,7.200611328125,0.007549100205302238,-0.008627269097138195,0.017586108236201107
1760554743319615500,7.210615478515625,-0.003810498198866844,0.006380732279364019,0.013453246215172111
1760554743329619200,7.220619140625,-0.005745265653729438,0.01777691810056567,0.0007397033182438463
1760554743339624200,7.230624267578125,0.002791676545143127,0.0016575944812968373,0.0067065393007826055
1760554743349628200,7.240628173828125,0.017765958315134046,0.0089688856090419,0.00870438945395872
1760554743359633200,7.250633056640625,0.017325228810310362,-0.0020404745853506026,0.006487562787858769
1760554743369637400,7.260637451171875,0.00027297172248363493,-0.0021711517603136598,-0.01963331395643763
1760554743379641300,7.270641357421875,0.013141805645823477,0.007847991820331662,-0.006338875032169744
1760554743389646300,7.280646240234375,-0.0012292495340108871,0.006696465431340039,0.013192869112780318
1760554743399650300,7.290650390625,-0.00018120178580284117,0.026154632883425802,0.00546075875707902
1760554743409654000,7.300654052734375,0.0004103343665599823,0.006149645203538239,0.013521945803519338
1760554743419659300,7.3106591796875,0.001600420933961868,-0.0006936996188946068,0.007152255507977679
1760554743429663200,7.320663330078125,0.014011574217677115,0.0010083367923274635,0.010254504972789435
1760554743439667200,7.330667236328125,0.005320902761816978,0.0016325513715855777,-0.0006957819781266152
1760554743449672200,7.340672119140625,0.009357026410102843,0.006960961586423218,0.01692568983240053
1760554743459676200,7.35067626953125,0.010396890851855278,-0.007710409980546683,0.00874723308184184
1760554743469681200,7.36068115234375,0.008300210833549499,0.007850183777417988,0.020512425745371727
1760554743479685400,7.370685302734375,0.02880699228942394,-0.005010686035174876,0.00025920805861242115
1760554743489689300,7.380689453125,0.030009353816509245,-0.022597506657429038,-0.00713504864485003
1760554743499695000,7.390695068359375,0.025682722789049147,-0.003573474572598934,-0.006861802927730604
1760554743509698800,7.40069873046875,0.01117839661836624,0.009980820864252745,0.013604527786746621
1760554743519702800,7.410702880859375,0.006999065107107162,0.0011193959513679146,0.0007174092880450188
1760554743529708000,7.4207080078125,0.02466273209154606,0.010369801915530115,0.009433744908124209
1760554743539712000,7.4307119140625,0.015838789644837377,0.014394545653276145,-0.0005430299686733633
1760554743549717000,7.440717041015625,0.004316694155335426,0.008017375304177402,-0.018491450444934887
1760554743559721000,7.450720947265625,0.003561491873860359,0.015061265933699905,-0.006957627985021099
1760554743569725000,7.460724853515625,-0.000339022696018219,0.011947572626266627,-0.0005006521316710859
1760554743579730000,7.47072998046875,0.00025017536878585813,0.032743582819681614,-0.0005136577437166124
1760554743589734000,7.48073388671875,0.011463643300533293,0.0096963048344478,-0.0009734755415003746
1760554743599737900,7.49073779296875,0.024620061993598938,0.005410151947848499,-0.01047859605224803
1760554743609742800,7.500742919921875,0.006802081230282783,-0.010598386507015676,-0.006588822072092443
1760554743619746800,7.510746826171875,0.01727437540590763,-0.02452233724016696,0.0030206081965006887
1760554743629751000,7.5207509765625,0.017127660411596298,0.0038435967508703467,0.02644319490068592
1760554743639756000,7.530756103515625,0.028057050704956052,0.002759984498936683,0.026377518386486914
1760554743649760000,7.540760009765625,0.008162848189473151,0.002809011272434145,0.0181094288574066
1760554743659765000,7.550764892578125,0.005929974570870399,-0.010554127240180969,0.00523973641754128
1760554743669769000,7.56076904296875,0.0030967969715595244,-0.0038120143025182187,-0.006237542682699859
1760554743679773000,7.57077294921875,0.015824176597595215,0.016606084222905337,-0.017994369376683608
1760554743689778000,7.58077783203125,0.018972411495447157,0.021194252263382077,-0.001044038293370977
1760554743699782000,7.590781982421875,0.00999590883553028,0.008103153891488909,-0.021807507057208568
1760554743709785900,7.600785888671875,0.015530162087082862,0.014617358091101049,-0.009464825032977386
1760554743719790800,7.610790771484375,0.007145195579528808,0.003915419878065586,-0.016564948494918644
1760554743729795000,7.620795166015625,0.010130933392047882,0.012819514888897538,-0.01887676910124719
1760554743739800000,7.630800048828125,0.033763737913966176,0.011911003475543112,0.017672608342720195
1760554743749804000,7.640803955078125,0.006816109755635261,0.011282368449494241,0.012407445222977547
1760554743759808000,7.65080810546875,0.012043489015102386,0.0034756950202398,-0.003583338379487395
1760554743769813000,7.66081298828125,0.011289455777406691,0.0031622999558225274,-0.003522767298668623
1760554743779817000,7.67081689453125,0.01308335345685482,-0.018366700687259433,0.009205973167391494
1760554743789821000,7.680821044921875,0.010542436802387237,0.0016284049194306134,0.0035003910700790583
1760554743799826000,7.690825927734375,0.004413140267133712,-0.01428940477836877,-0.0001491170139517635
1760554743809830000,7.700829833984375,0.020135610055923462,-0.016262951607350258,0.00956155427256599
1760554743819834000,7.710834228515625,0.00997018987238407,-0.0003105637865141034,0.01698138380870223
1760554743829839000,7.720839111328125,0.013272154027223586,0.007001987716555595,0.008588955513900145
1760554743839843000,7.730843017578125,-0.010815408524870871,0.004162161180749535,-0.010879258408164606
1760554743849848000,7.74084814453125,0.014029694396257399,0.0006765840873122215,0.0014081314985640346
1760554743859851800,7.750851806640625,0.018519407030940054,-0.0050091881978325545,-0.005276433432428166
1760554743869856000,7.76085595703125,0.013285598030686378,-0.0024302410879172382,-0.020177969626616686
1760554743879861000,7.770861083984375,0.015379939961433409,0.00860319410180673,-0.01062461692681536
1760554743889865000,7.780864990234375,0.0010118073910474776,0.004952617438696324,0.019519788845675064
1760554743899869000,7.790868896484375,0.017315291938185692,0.001117952912952751,0.0182002306797076
1760554743909874000,7.8008740234375,0.0005500350981950759,0.0054214587931521235,0.016331276736361904
1760554743919878000,7.8108779296875,-0.00005377601385116577,0.009519468696508555,0.002940729627013206
1760554743929883000,7.8208828125,0.015205167916417121,-0.0012634623308666049,-0.008923046306474133
1760554743939887000,7.83088720703125,0.012208324187994002,-0.006681468791607767,-0.016032549518113955
1760554743949890800,7.840890869140625,0.020287001225352284,-0.011542846016585825,-0.00857542017889209
1760554743959895800,7.850895751953125,0.0286649534702301,-0.0035118623121641575,0.00891984970238991
1760554743969899800,7.860899658203125,0.007115384963154793,0.008242653693724422,0.0010415266758762298
1760554743979904000,7.870904052734375,0.004874328038096428,-0.001000427480507642,0.005587828336004168
1760554743989909000,7.880908935546875,0.014304419684410095,0.0004326192636042833,0.012109631320182234
1760554743999913000,7.890912841796875,0.01580605641901493,0.0029240707531571386,0.007659839703934267
1760554744009917000,7.9009169921875,0.017604045751690865,0.008788925932254641,0.007113101674523204
1760554744019922000,7.910921875,0.010876198801398276,0.013935604638326913,0.0013521178618539124
1760554744029926100,7.920926025390625,0.012675357177853584,0.007830876288749277,-0.0025525614264886825
1760554744039931100,7.93093115234375,0.005045592951774597,0.013300850398745387,-0.0011935206335037946
1760554744049934800,7.940934814453125,0.016867548170685767,0.03452734269760549,-0.006729463518643751
1760554744059938800,7.950938720703125,0.0015963292807340621,0.018288009427860377,-0.013839359455928206
1760554744069943800,7.96094384765625,0.0036848259925842284,0.00750685023246333,-0.007129751415224745
1760554744079948000,7.970947998046875,-0.004105097231268883,-0.0006753419782966375,-0.015261446414608507
1760554744089952000,7.980951904296875,0.014887188008427619,0.018160857650544492,-0.008393588205426931
1760554744099956000,7.9909560546875,0.002008417212963104,0.01705240321829915,0.005164543156325817
1760554744109960000,8.0009599609375,-0.004739888003468513,0.011216354008577763,0.004736810130393132
1760554744119964000,8.0109638671875,0.004674421551823616,0.009184135794918984,0.021919780925801022
1760554744129969000,8.020968994140626,0.02456687050163746,0.0014492854928597808,0.022067792828055096
1760554744139972900,8.030972900390625,0.009303834918141364,-0.02104737287228927,0.02666789790149778
1760554744149977900,8.040977783203125,0.018148235630989072,-0.026690876918286085,0.023757225486030802
1760554744159982000,8.050982177734374,0.023102643167972562,-0.028783867142163216,0.0034024105883203445
1760554744169986000,8.060986083984375,0.016694529691338538,-0.023278785186167807,-0.01517795111592859
1760554744179991000,8.070990966796876,0.022410569250583646,-0.014211718165967613,-0.015616643927292898
1760554744189995000,8.0809951171875,0.02946925559043884,0.012068385994341223,-0.0024181579244788734
1760554744199999000,8.0909990234375,0.009440028518438339,0.01661892543816939,0.011497189377108589
1760554744210004000,8.10100390625,-0.0055097033321857445,0.02383265620926395,0.006400067167496308
1760554744220008000,8.111008056640625,0.013046528577804565,0.03495046348050237,-0.013967479347623884
1760554744230012000,8.121011962890625,0.0019698387682437896,0.020749869496747852,-0.0025137089871335775
1760554744240017000,8.131016845703124,0.024552257454395293,0.020572357505373656,-0.02660619430951774
1760554744250020900,8.141020751953125,0.015257774886488914,0.028120982786640523,-0.015182070168619975
1760554744260025900,8.15102587890625,0.01283843878507614,0.018526147298980503,-0.0047024420699104666
1760554744270030000,8.161030029296874,0.007581248909235,-0.005864398521371186,-0.0022565284888260064
1760554744280034000,8.171033935546875,0.011751228070259094,-0.011931096415501087,-0.00565228100749664
1760554744290039000,8.1810390625,0.018622282883524893,-0.007672671786043792,0.013410539584606885
1760554744300042800,8.191042724609375,0.02923895396590233,-0.013264080318622291,0.0032642259603366253
1760554744310047000,8.201046875,0.014127894073724745,-0.01846791430572048,0.007045415866328403
1760554744320052000,8.211052001953124,0.015483984857797622,-0.016415073429141194,0.022034073221543802
1760554744330056000,8.221055908203125,0.015651158118247986,-0.003604399433825165,0.054976685744663696
1760554744340061000,8.23106103515625,0.014780220502614974,-0.005484404494147747,0.06592889979118481
1760554744350065000,8.24106494140625,0.02917524107992649,-0.02463905895501375,0.0056678073701914395
1760554744360069000,8.251069091796875,0.024125556474924086,-0.011540489662718027,-0.008852611418766901
1760554744370074000,8.26107421875,0.02012391961812973,-0.015603537850547581,-0.006947663713432848
1760554744380077800,8.271077880859375,0.011630816560983658,-0.003841222130693495,-0.02294110506386496
1760554744390081800,8.281081787109375,0.008519406542181968,0.016283574270270763,-0.011088161051645874
1760554744400086800,8.291086669921874,0.00793897630572319,0.025452713425457477,0.007868998075742274
1760554744410091000,8.301091064453125,-0.004021510601043701,0.042971601644344624,0.00302075432697311
1760554744420096000,8.311095947265626,-0.0007347440153360367,0.03810618756506592,-0.014922378052817657
1760554744430100000,8.321099853515625,0.00029752164185047145,0.022551877417415378,-0.02887605720395222
1760554744440104000,8.33110400390625,-0.0030167174726724623,0.012080624421406536,-0.03998647575317882
1760554744450109000,8.34110888671875,-0.007233458384871483,0.02849376162178814,-0.0007781447656452655
1760554744460113200,8.351113037109375,-0.010564648634195328,0.020081724444217977,-0.005362897006329148
1760554744470116900,8.361116943359375,0.004057166436314583,0.02811731125852093,0.02728959173010662
1760554744480121900,8.371121826171875,0.0008756137907505035,0.0017317008971236645,0.024215527180163187
1760554744490126800,8.381126953125,0.023738602983951567,-0.02797514457516372,0.007597231929656118
1760554744500130300,8.39113037109375,0.0267173265337944,-0.03620260069975629,0.010673561501922085
1760554744510134500,8.401134521484375,0.03973930519223213,-0.04941538922255859,-0.004306748150056228
1760554744520139500,8.411139404296875,0.03796002056002617,-0.044248270516656335,0.01627987534268759
1760554744530143500,8.4211435546875,0.0313970087826252,-0.022600867658294735,0.02181116031901911
1760554744540147500,8.4311474609375,0.022443302476406097,-0.007867116645909845,0.011881850446294992
1760554744550152400,8.44115234375,0.016031097346544263,0.027792097892146556,0.015240768952760844
1760554744560156400,8.451156494140625,-0.008351064237952233,0.029095472108293323,0.006959874741034582
1760554744570161400,8.461161376953125,-0.0041559506356716154,0.021711755065154284,0.019824799674237146
1760554744580165400,8.471165283203124,0.007816226708889007,0.02280559645015746,0.0021341898839455095
1760554744590169300,8.48116943359375,0.013049451187252998,0.006475644021201879,0.002069499750435352
1760554744600174300,8.49117431640625,0.01499298647046089,0.012132519005425274,-0.020655779738817364
1760554744610178600,8.501178466796874,0.013793547552824019,-0.0048671493786387144,-0.006684364001592621
1760554744620182500,8.5111826171875,0.019928104785084725,-0.0006760908969677984,-0.000170068470435217
1760554744630187500,8.5211875,0.010051438415050505,0.005288735791575163,0.004701519621303305
1760554744640191500,8.53119140625,0.012594108635187149,0.006214161807112395,0.0050445152395404876
1760554744650196500,8.541196533203125,0.0018196166425943374,0.0020526764797978102,-0.0006098755266517401
1760554744660200400,8.551200439453124,0.012595277678966522,-0.005638864403497428,-0.0085074603760615
1760554744670204400,8.561204345703125,0.00990180081129074,-0.005961557019222527,0.011592448178818448
1760554744680209400,8.57120947265625,0.010051438415050505,0.009419825980626045,0.004649040515394881
1760554744690213400,8.58121337890625,0.011993804654479027,-0.006924502033554017,0.02099829129986465
1760554744700217600,8.591217529296875,0.004212649258971214,0.0014194566101767123,0.023551144987298173
1760554744710222600,8.60122265625,0.012744915282726288,-0.013679912844207137,0.00972435275199823
1760554744720226600,8.6112265625,0.015595044016838073,-0.016106153610441834,-0.006472739678062498
1760554744730230500,8.62123046875,0.009919336467981339,-0.0040151173928752535,0.004762346430448815
1760554744740235500,8.631235595703124,0.023249358162283896,-0.008906743625644593,-0.011655859670694917
1760554744750239500,8.641239501953125,0.0032090251743793485,0.016872553139366208,-0.004910595794720575
1760554744760244500,8.651244384765626,0.0060620765179395675,0.015629293346311895,0.018864494141563774
1760554744770248400,8.66124853515625,0.0008265139520168304,0.025031656735483555,0.015382405913155525
1760554744780252400,8.67125244140625,-0.0020201076507568357,0.026365279959421603,-0.003483768728841096
1760554744790257400,8.68125732421875,0.009497311663627625,0.005838295965734869,0.002840018332051113
1760554744800261400,8.691261474609375,0.0027571897536516187,0.014361154840327798,0.01254379408690147
1760554744810266400,8.701266357421876,0.005288754057884216,0.003204385531879961,-0.0012291125366929918
1760554744820270600,8.7112705078125,0.00767184980213642,0.007425272896233946,-0.0019529058997519314
1760554744830274300,8.7212744140625,0.013645663514733314,0.008400693799648433,-0.0024349629288073628
1760554744840279300,8.731279296875,0.027557284489274022,-0.011546773273032157,-0.00907869352591224
1760554744850283300,8.741283203125,0.006909048736095428,0.007391388892941176,-0.00026324491291306913
1760554744860287500,8.75128759765625,0.015292261677980422,-0.0068132602114230395,0.0034706626520957795
1760554744870292500,8.76129248046875,0.019787235009670258,-0.004480104556120932,-0.0003656458414625376
1760554744880296400,8.77129638671875,0.01320844114124775,0.002702938815765083,0.0015648655633907764
1760554744890300400,8.781300537109376,0.0015425532668828963,-0.001058971001021564,0.013397543105715885
1760554744900305400,8.791305419921875,-0.0036906712114810943,0.0024229710969142612,0.004220083646755665
1760554744910309600,8.8013095703125,0.011877484798431396,-0.0010250504651106893,0.007286549412133172
1760554744920314600,8.811314697265624,-0.008023147457838059,0.010711107900179921,0.010574740769946947
1760554744930318300,8.821318359375,0.003952537018060684,0.0169028752123937,0.005312253664480522
1760554744940322300,8.831322265625,0.018625205492973328,0.010603738535568117,0.0028648239797446876
1760554744950327300,8.841327392578124,0.0008282675176858902,-0.0015015271367505192,0.00463218984529376
1760554744960331500,8.85133154296875,0.0171492877215147,-0.003507167870737612,-0.01780334031661041
1760554744970335500,8.86133544921875,0.012966449078917502,0.006684902857709675,-0.011553860600944607
1760554744980340500,8.871340576171875,0.009380407285690307,0.01379740174403414,-0.00416280050156638
1760554744990344400,8.881344482421875,0.006837737065553665,0.009537735005561262,-0.005860571729624644
1760554745000349400,8.891349365234374,0.004589665877819061,0.0203137613681145,-0.01212929500187747
1760554745010353700,8.901353759765625,0.009518938973546028,0.018674871587287634,-0.009795107300113886
1760554745020357400,8.911357421875,0.010558218893408775,0.006648552902694792,-0.0076248871215619145
1760554745030362400,8.9213623046875,0.01638765569925308,0.004147365470416844,-0.01238983650105074
1760554745040366300,8.931366455078125,0.018476736932992933,0.011588822316471487,0.005796886243112385
1760554745050370600,8.94137060546875,0.02116436858177185,-0.008241557715181261,0.011045070828590542
1760554745060375600,8.95137548828125,0.022362638455629347,-0.018735296537633984,0.01862722392012365
1760554745070379500,8.961379638671875,0.016534370693564414,-0.017320132510084657,0.0030725301799830046
1760554745080384500,8.971384521484374,0.011007716226577757,-0.008509670599456875,-0.003196768481004983
1760554745090388500,8.981388427734375,0.0198462717205286,-0.013803758419584483,-0.015823939135577527
1760554745100392400,8.991392333984376,0.02045534352958202,-0.0038302440789528187,-0.019908057510899378
1760554745110397400,9.0013974609375,0.0008639233529567718,0.007581121045071631,0.01423714486816898
1760554745120401400,9.0114013671875,0.0029658640682697296,0.026184717494435607,0.016397272910969332
1760554745130405400,9.0214052734375,0.001017068088054657,0.02989778320081532,0.0045427762624807655
1760554745140410400,9.031410400390625,0.010890811848640441,0.018773235661536453,-0.005354330107383429
1760554745150414600,9.04141455078125,0.00968085153698921,0.019891590433288364,-0.001742167492210865
1760554745160418600,9.05141845703125,0.009665069445967674,0.01391567609515041,-0.019712681069271636
1760554745170423600,9.061423583984375,0.0045627778708934785,0.015407631685957312,-0.005224429250555112
1760554745180427500,9.071427490234376,0.00410042105615139,0.00622857392495498,0.0057066415432374925
1760554745190432500,9.0814326171875,0.01874795508980751,0.004239975657314062,0.012187464063055813
1760554745200436500,9.0914365234375,0.009606032735109328,0.009841631589271128,0.012427912622271105
1760554745210440400,9.1014404296875,0.029803602111339568,-0.007628284655045717,0.027852824236592275
1760554745220445400,9.111445556640625,0.025163082829117774,-0.025780666738189757,0.010778684110520407
1760554745230449400,9.121449462890626,0.01125379994213581,-0.017643044321518392,-0.002483962302841246
1760554745240453400,9.131453369140624,0.02383388005197048,-0.014606507903523743,-0.006695789577905088
1760554745250458400,9.141458251953125,0.010075988334417342,-0.0047585013723932205,0.013987818882754072
1760554745260462600,9.151462646484376,0.009933949515223502,0.012634130118321627,0.03825948756379075
1760554745270467600,9.161467529296875,0.014130816683173179,0.0179381182779558,0.009317653380939737
1760554745280471600,9.171471435546875,0.009639350482821465,0.024307013989053664,-0.013453638940816744
1760554745290475300,9.181475341796874,-0.0050350715577602385,0.0145893375730142,-0.01973110264195129
1760554745300480300,9.191480224609375,-0.0041477673292160035,0.005385291501227766,-0.010378925936901942
1760554745310484500,9.201484375,0.008258709779381751,-0.004491520999278873,0.0015358038656879216
1760554745320488400,9.211488525390624,0.027547347617149352,-0.002665346751734614,0.011041033974289894
1760554745330493400,9.221493408203125,0.010627776998281479,-0.004154288401547819,0.014424146207096054
1760554745340497400,9.231497314453126,0.009871990194916724,0.0018954035588540136,0.014210768317896872
1760554745350502400,9.24150244140625,0.00762742613852024,-0.004707556636445224,0.019366077854996545
1760554745360506600,9.251506591796876,0.010177695143222809,-0.012207173410523683,0.017063682664139195
1760554745370510300,9.26151025390625,0.029188100561499595,-0.0018871654534712433,0.02205412049572915
1760554745380515300,9.271515380859375,0.01438391466140747,-0.00903930223044008,0.008306211316073312
1760554745390519300,9.281519287109376,0.012151625564694403,-0.0037258521227166055,0.00548287012418732
1760554745400523500,9.2915234375,0.02847030768096447,-0.0003664038932882249,-0.013616784480120986
1760554745410528500,9.301528564453125,0.01784779137969017,-0.00730688894726336,-0.0033919165937695652
1760554745420532500,9.311532470703124,0.0034895956814289092,0.011346537993196397,0.0014188446888234465
1760554745430537500,9.321537353515625,-0.003542202651500702,0.013584142585843801,0.006009022023295983
1760554745440541400,9.33154150390625,0.007827917146682739,0.026976580258179454,-0.0010402480342425406
1760554745450545700,9.341545654296874,0.01724865644276142,0.024059468968771397,-0.016225624404801055
1760554745460550700,9.351550537109375,0.0034662148058414457,0.011383582067955285,0.012374428869364783
1760554745470554400,9.361554443359376,0.013176876959204673,0.0019568148898892104,0.01163013157439418
1760554745480558300,9.371558349609375,0.021688684716820717,0.0030503092150203884,0.016831919734878464
1760554745490563300,9.381563232421875,0.0038707039535045623,-0.005995020897407085,0.013140956262452527
1760554745500567600,9.391567626953124,0.020324995148181913,-0.0159672017974779,0.010530353638948872
1760554745510571500,9.401571533203125,0.03334054406583309,-0.0044654915088787675,0.013868567284103482
1760554745520576500,9.411576416015626,0.029005145210027693,-0.015273447379656135,-0.0005418791912030429
1760554745530580200,9.421580322265624,0.03275543765425682,-0.010920092742051928,0.014752894104272126
1760554745540585200,9.431585205078125,0.0106225163012743,0.0004893361532129347,0.004391649954533204
1760554745550589400,9.44158935546875,0.0027080899149179456,0.006139269939996301,0.009273467179341242
1760554745560593400,9.451593505859375,0.013052373796701431,-0.0015026048489846287,0.00634704920547083
1760554745570598400,9.461598388671876,0.010223872372508049,-0.011194251774623989,0.004057212102087215
1760554745580602400,9.471602294921874,0.005148468804359436,0.006378101930860429,-0.012457430977700277
1760554745590606300,9.4816064453125,-0.00038519992530345915,0.033471495235431935,-0.009431753880437464
1760554745600611300,9.491611328125,0.008290858483314513,0.019371365951467306,0.004981861799489707
1760554745610615300,9.501615234375,0.00933539910018444,0.010812814708985388,0.009604562297230586
1760554745620620500,9.51162060546875,-0.008326514318585396,0.005447305620461702,-0.007772634162334725
1760554745630624300,9.521624267578124,0.009922843599319458,-0.005470339436177164,-0.002895072987535968
1760554745640628200,9.531628173828125,0.007073883908987045,-0.002582856100052595,0.005079550020303577
1760554745650633200,9.54163330078125,0.01708791292309761,-0.007772807692270726,-0.022616549284616483
1760554745660637400,9.551637451171874,0.0037567221850156782,0.009041512453835457,0.007351002083625644
1760554745670641400,9.561641357421875,0.02320610354244709,0.0023613771027885377,0.02472711169780232
1760554745680646400,9.571646484375,0.009882511588931083,0.014374470979627222,0.02959076307825744
1760554745690650400,9.581650390625,0.014065350231528282,0.009996767352055758,0.011499810592457652
1760554745700655400,9.5916552734375,0.021548399463295936,-0.002428816315811127,-0.009334029127005487
1760554745710659300,9.601659423828124,0.03052724021077156,-0.009331289180647582,-0.00964476644345559
1760554745720663300,9.611663330078125,0.014668576821684836,-0.009616042672470211,-0.005541778970882296
1760554745730668300,9.621668212890626,0.01676642588376999,0.015127846630197018,0.017105001055216416
1760554745740672300,9.63167236328125,0.026048048970103262,0.008714965646900236,0.01766124669848941
1760554745750676500,9.641676513671875,0.012137597039341926,-0.005487071375269443,0.01175619650632143
1760554745760681500,9.651681396484374,0.013487842604517936,-0.012446388993877917,0.010141043794108554
1760554745770685400,9.661685546875,-0.001620294678211212,-0.011734788392111659,0.0016387071177363394
1760554745780689400,9.671689453125,0.02607201436758041,-0.014315416002459823,-0.01388883375399746
1760554745790694400,9.6816943359375,0.022637363743782044,0.005670739112794399,-0.0002763875222764909
1760554745800698400,9.691698486328125,0.02339081245958805,0.007433492735307664,0.006250794889917597
1760554745810703400,9.701703369140626,0.0033428806871175763,-0.0008517579911276698,-0.004914468252239748
1760554745820707300,9.711707275390625,0.003492518290877342,0.010115480094589293,0.0017671740693040192
1760554745830711300,9.721711181640625,0.014418401452898978,-0.0071599912898614995,0.011160787896439433
1760554745840716300,9.73171630859375,0.0251923089236021,-0.007623827675636857,-0.0043344764071982355
1760554745850720500,9.741720458984375,0.019803017100691794,-0.011491371557675302,0.0012010828854516148
1760554745860724500,9.751724365234375,0.01516249781847,0.006944777636602521,0.0031592038164380935
1760554745870729500,9.7617294921875,0.0043827451288700105,0.01650651457225904,0.004407514243945479
1760554745880733200,9.771733154296875,0.01634673916697502,0.013851159491576254,0.01450542214922607
1760554745890738400,9.781738525390624,0.01184767418205738,0.015957118794880806,0.014166235056426375
1760554745900742400,9.791742431640625,0.01049567505121231,0.005671506297774613,-0.005756526833260432
1760554745910746400,9.801746337890625,0.005403320348262786,-0.015242778246756641,0.003803949727071449
1760554745920751400,9.81175146484375,-0.00641921939253807,-0.0036416261716745793,-0.003121657418180257
1760554745930755300,9.82175537109375,0.004803016367554664,-0.015701262603979558,0.005120667481981218
1760554745940759300,9.83175927734375,0.012291326296329497,-0.015735548466071485,-0.005526334806578234
1760554745950764500,9.8417646484375,0.021430910563468932,0.002312624323926866,0.01601836572913453
1760554745960768500,9.8517685546875,0.028474399334192275,0.0010707710366696119,0.021397894209856168
1760554745970773500,9.8617734375,0.010533668974041939,-0.008684990633744746,0.01920233866064809
1760554745980777200,9.871777099609375,0.010847557228803635,0.0037209019529633224,0.024699584370059893
1760554745990781200,9.88178125,0.009061258333921431,0.011700465997401625,0.007036173113947734
1760554746000786400,9.891786376953124,0.007570142993330955,0.01500979147478938,0.005448355933232233
1760554746010790400,9.901790283203125,-0.0002063362270593643,0.00859718448612839,0.007236627589492127
1760554746020794400,9.91179443359375,0.015954524978995323,0.019372735924646257,0.006997822998091578
1760554746030799400,9.92179931640625,0.016699790388345716,0.005437058221083134,-0.007329283442161977
1760554746040803300,9.93180322265625,0.018344634985923765,0.003271715147048235,-0.008902551507716999
1760554746050807600,9.9418076171875,0.028217794224619865,0.008000259772595018,-0.007266666534729301
1760554746060812500,9.9518125,0.014600772282481193,0.0036388496926985678,0.008623159177601336
1760554746070816300,9.961816162109375,0.01025602107644081,-0.00013264993634074925,0.029643918037600813
1760554746080821200,9.9718212890625,0.007858896806836128,-0.0026459113989025355,0.012220389085123315
1760554746090825200,9.9818251953125,0.01788520078063011,-0.00492430465966463,0.007214735418092459
1760554746100829400,9.991829345703126,0.013845570001006125,-0.0025515841789543626,-0.013002872099168597
1760554746110834400,10.00183447265625,0.003968319109082222,0.009433123853616415,0.00670059361718595
1760554746120838400,10.01183837890625,0.015486907467246055,0.01174465219900012,-0.00395808084285818
1760554746130842400,10.02184228515625,0.009646364745497703,0.010710651242453604,-0.00240544457337819
1760554746140847400,10.031847412109375,0.006202361771464347,0.013031659802235663,0.002504521033680066
1760554746150851600,10.0418515625,0.01023731637597084,-0.002676781461201608,0.01137768205013126
1760554746160856600,10.051856689453125,0.03537409572005272,0.003126370125915855,0.001714841093868017
1760554746170860300,10.0618603515625,0.026541969966888426,-0.004082282611262053,0.0005152377794496715
1760554746180864300,10.0718642578125,0.020105799439549446,-0.010289685884024947,0.0014398874768521636
1760554746190869200,10.081869140625,0.019958499923348427,0.001004592198971659,0.008036454463982955
1760554746200873500,10.09187353515625,0.011734276935458183,-0.003795903417933732,0.014641350888041778
1760554746210877400,10.10187744140625,0.02161620400249958,-0.01069265892803669,-0.0008997983839362859
1760554746220882400,10.11188232421875,0.019677929416298864,-0.0035844343580305575,0.002811440691538155
1760554746230886400,10.121886474609376,0.0009837503403425216,-0.0033185499634593722,0.00020485665602609513
1760554746240891400,10.131891357421875,0.007576572734117507,-0.002564973383489996,-0.002956767446361482
1760554746250895400,10.141895263671875,0.028981179812550543,-0.00651723640691489,0.007003019763017073
1760554746260899300,10.1518994140625,0.013722235882282257,0.015426409451663493,0.004000504345633089
1760554746270904300,10.161904296875,-0.013954875594377516,0.00373202613517642,0.0027940420321654526
1760554746280908300,10.171908203125,0.001464227333664894,0.005958981469646096,0.00555456538721919
1760554746290912500,10.18191259765625,0.009694295540452003,0.013652696043718606,0.014724097268050535
1760554746300917500,10.19191748046875,0.0179249482691288,0.007952803901676088,0.020439607104333117
1760554746310921500,10.20192138671875,0.017924363747239113,-0.005038469091244041,0.0124082946063485
1760554746320926500,10.211926513671875,0.014487959557771681,0.0005989705401472747,0.008969506663549691
1760554746330930400,10.221930419921875,-0.004811784195899963,0.007494483941234648,0.004320648811245337
1760554746340934400,10.231934326171874,0.023769582644104958,0.008344835426565259,0.012619736266788095
1760554746350939400,10.241939453125,0.006410451564192772,-0.003452989998087287,-0.005555670498916879
1760554746360943400,10.251943359375,0.005215688821673393,-0.009063779084570706,0.004498946253908798
1760554746370947300,10.261947265625,0.00611819061934948,0.000503912667836994,0.01337912153303623
1760554746380952300,10.271952392578125,0.018393150302767752,-0.0023651764950715004,-0.007109539744257927
1760554746390956300,10.281956298828124,0.017346856120228765,0.00014874255461618302,-0.003757178842741996
1760554746400960500,10.29196044921875,0.013909282886981964,-0.0020350312252528963,0.0004642747771926224
1760554746410965500,10.301965576171876,-0.007337503281235695,-0.009528565318416804,-0.0028103538461495188
1760554746420969500,10.311969482421874,-0.0070376435518264766,-0.004708579549752175,0.011851117381313815
1760554746430974500,10.321974365234375,0.008230652728676796,-0.0024450550645589825,0.00866209381534718
1760554746440978200,10.331978271484376,0.025144378128647803,0.005076956204418092,-0.011753054701164363
1760554746450982400,10.341982421875,0.025604396855831144,-0.0013904679777100681,-0.0025034159219823778
1760554746460987400,10.3519873046875,0.018732757520675658,0.009569536649622023,0.0026758316131308673
1760554746470991400,10.361991455078124,0.01514730024933815,0.0024584808017127213,0.002806737116957083
1760554746480995300,10.371995361328125,0.0021335048973560333,0.022509463047794998,0.01174006735542789
1760554746491000300,10.382000244140626,0.001387070444226265,0.00105374683663249,-0.0004944324534386397
1760554746501004000,10.392004150390624,0.015001754298806189,0.02207068803803995,0.0061534263295121485
1760554746511009000,10.402009033203125,0.013349895438551902,0.004104695372469723,0.01412698075827211
1760554746521013000,10.412012939453126,0.013193243572115897,-0.0006605828005820512,0.018222533843060953
1760554746531017000,10.422016845703125,0.021421558213233948,-0.000963803530856967,0.018274492359161378
1760554746541022000,10.43202197265625,0.020826514929533003,-0.00762897877478972,0.019844856081577017
1760554746551026000,10.44202587890625,0.011260229682922363,-0.011693360403180121,-0.007050082908291369
1760554746561030000,10.45202978515625,0.009029694151878357,-0.013225903732702136,-0.003710672819893807
1760554746571035000,10.462034912109376,0.015323825860023498,0.007658789391163736,-0.004339225647551939
1760554746581038800,10.472038818359374,0.01772737987041473,0.01166634453209117,-0.0540898107743822
1760554746591043800,10.4820439453125,-0.00128010293841362,0.02292823644913733,-0.058939296632166946
1760554746601048000,10.492048095703124,-0.01970774003267288,0.04396245757890865,-0.012485707224113867
1760554746611052000,10.502052001953125,-0.012113047119975089,0.049979288449324664,0.023203920718515292
1760554746621057000,10.51205712890625,-0.0022819734573364257,0.046493894018977876,0.024166199012566357
1760554746631060700,10.522060791015624,0.0057400049567222595,0.02656516817938536,0.005098291253391653
1760554746641065000,10.53206494140625,0.022746084815263745,0.0025120376198552547,0.008995189094077795
1760554746651070000,10.542070068359376,0.016118775629997254,-0.01680653869844973,0.029518501559644937
1760554746661074000,10.552073974609375,0.02806114235818386,-0.04027165850326419,0.028539427394419906
1760554746671079000,10.562078857421875,0.02490881580710411,-0.05128704657964408,0.029391760774282738
1760554746681083000,10.572082763671874,0.042726212048530575,-0.05085249108728021,0.04904891226403415
1760554746691087000,10.582087158203125,0.03317804698050022,-0.0419192978461273,0.01920196420131251
1760554746701092000,10.592092041015626,0.044590252354741094,-0.024860501419659703,0.008871489649172871
1760554746711096000,10.602095947265624,0.01784603781402111,-0.015934505104273557,0.01686709151295945
1760554746721099800,10.612099853515625,0.007104863569140434,0.016395382347982376,-0.008996029344294219
1760554746731104800,10.622104736328126,-0.004251812225580215,0.04499143530046567,-0.012142510676477104
1760554746741109000,10.63210888671875,-0.01624035618305206,0.0592937178267166,-0.0874538909794297
1760554746751114000,10.642114013671875,-0.05641980635821819,0.07875099022965877,-0.27142993640173224
1760554746761118000,10.652117919921874,-0.07618366049230098,0.07954360191207378,-0.5035072288412601
1760554746771122000,10.662121826171875,-0.0859118583023548,0.060199452761095014,-0.7240854048080742
1760554746781127000,10.672126953125,-0.09957038129866122,0.0416955172939226,-0.8233969159748404
1760554746791131100,10.682131103515625,-0.09329612333476543,0.025558274425473062,-0.7979223560437559
1760554746801135000,10.692135009765625,-0.08243629114627837,0.01943067665696144,-0.7633295468945056
1760554746811140000,10.70214013671875,-0.0848883604735136,0.03803781677028164,-0.6740622406844049
1760554746821143800,10.712143798828125,-0.07785714666247368,0.0621460019852966,-0.576469516134262
1760554746831148800,10.722148681640626,-0.07128712062239646,0.07185007000109181,-0.49407830623872573
1760554746841153000,10.732153076171874,-0.0651028790295124,0.07187721373634412,-0.3796714807381853
1760554746851157000,10.742156982421875,-0.05494856476187706,0.09541554490784182,-0.1977394444320351
1760554746861162000,10.752161865234376,-0.0127443307608366,0.1114308418970555,0.02751344534754753
1760554746871166000,10.762166015625,0.01988426564335823,0.1206990940451622,0.17212408779077232
1760554746881170000,10.772169921875,0.03570201250016689,0.10745477787293493,0.27422997891642154
1760554746891175000,10.7821748046875,0.032550854992866515,0.11583455674871802,0.30555026920102535
1760554746901179000,10.792178955078125,0.030514380729198452,0.10857965371701865,0.26086481284350155
1760554746911184100,10.80218408203125,0.01716097815930843,0.08916428422704338,0.1811338351331651
1760554746921187800,10.812187744140624,0.030595044749975202,0.028258455028571185,0.06184789582155645
1760554746931191800,10.82219189453125,0.011653612914681434,-0.020602789176255465,-0.06508731613419949
1760554746941196800,10.83219677734375,-0.0003863689690828323,-0.03585822597518563,-0.17857048745118081
1760554746951201000,10.842200927734375,-0.007074468430876731,-0.06468209633417427,-0.23697116542831062
1760554746961205000,10.852205078125,0.008557400465011597,-0.08131123263910413,-0.2241658982604742
1760554746971210000,10.8622099609375,0.039247137761116026,-0.09564480535276233,-0.17895064587518572
1760554746981214000,10.8722138671875,0.03145838358104229,-0.07972268480602651,-0.14196020099967718
1760554746991219000,10.882218994140626,0.04408814805150032,-0.0786336839929223,-0.06967384020686149
1760554747001223000,10.892222900390625,0.057093175575137135,-0.07806326369382441,0.011632570126652716
1760554747011227000,10.902226806640625,0.0827145235657692,-0.08233279423918574,0.08683949454128742
1760554747021231900,10.91223193359375,0.07900105600059032,-0.09291706088930368,0.12142097857892513
1760554747031235800,10.92223583984375,0.07212883214354515,-0.09333755132369696,0.11984890695661306
1760554747041240000,10.932239990234375,0.09639467387199402,-0.09558865471873432,0.1372454474374652
1760554747051245000,10.9422451171875,0.08793547308444977,-0.09803809369746595,0.10798048224747181
1760554747061249000,10.9522490234375,0.06317220322787762,-0.08336619240753353,0.09636953943073749
1760554747071254000,10.96225390625,0.06356149480640888,-0.09410528429318218,0.08861454138979315
1760554747081258000,10.972258056640625,0.06354863532483578,-0.07514196941964328,0.07040989939644933
1760554747091262000,10.982261962890625,0.06671615944504737,-0.06715060533955693,0.08421236090809106
1760554747101267000,10.992266845703124,0.07262684479355812,-0.08459796269219368,0.0834868231125176
1760554747111271000,11.00227099609375,0.06189093124568462,-0.08505209966786205,0.05172273458316922
1760554747121275000,11.01227490234375,0.06204699859023094,0.05875197563283145,-0.6425934087745845
1760554747131280000,11.02227978515625,0.07251753920018672,0.159256824770011,-1.1474117932796477
1760554747141284000,11.0322841796875,0.053659693995118135,0.06557356528118252,-0.8916272063098847
1760554747151289000,11.0422890625,0.09552022912502288,-0.09026340457536279,-0.8107434053026139
1760554747161293000,11.05229296875,0.0323509485065937,-0.08501907418109476,-0.9929965998545288
1760554747171296800,11.062296875,0.1416033503860235,-0.16255875239223241,-1.1232521884046494
1760554747181302000,11.072302001953124,0.10038988098800182,-0.017959909984655676,-0.9969767555318773
1760554747191306000,11.082305908203125,0.08029811007380486,-0.8907647442616522,-1.2696452572852372
1760554747201310000,11.09231005859375,0.06790799957811831,-0.37003348196223373,0.2178545231565833
1760554747211315000,11.10231494140625,0.03554652967751026,0.7441902543995529,13.257403032815455
1760554747221319000,11.11231884765625,0.014533552265167235,-0.08900209766896441,-2.3285030071906743
1760554747231324000,11.122323974609374,0.04508183526396751,0.12720538893295452,-3.0948715564548968
1760554747241328000,11.132328125,0.030066052439808845,0.05619050938067958,-0.2787437300138175
1760554747251332000,11.14233203125,-0.030945173361897466,0.14282474540714174,2.616853062200546
1760554747261337000,11.152337158203125,-0.003424129229784012,-0.19397463027210904,-0.9588185820512473
1760554747271340800,11.1623408203125,0.007082067215442657,0.052807643743045626,0.22461773368120191
1760554747281344800,11.1723447265625,-0.007277882048487663,0.027305355554819104,0.06708455436602234
1760554747291349800,11.182349853515625,0.015399229183793066,0.06270593742299825,0.13480565306991338
1760554747301354000,11.19235400390625,0.01690145044028759,0.06977066991114989,0.16064911937862633
1760554747311359000,11.20235888671875,0.0006973346143960953,0.05482338574593886,0.12163228324204682
1760554747321363000,11.212363037109375,0.002766542103886604,0.0356369296410121,0.11779708899334072
1760554747331367000,11.222366943359376,0.004737549915909767,0.042983474745228886,0.042591187492012975
1760554747341372000,11.232371826171875,-0.024234862068295476,0.039039011435769495,-0.03719619658067822
1760554747351376100,11.242376220703125,-0.038922728112339974,0.028965525585692375,-0.0618820172868669
1760554747361379800,11.2523798828125,-0.03525251516699791,0.03651206850772723,-0.02833367568925023
1760554747371384800,11.262384765625,-0.019490297889709473,0.0274599250620231,-0.03821370306015014
1760554747381388800,11.272388916015625,-0.023753800553083418,0.03727521663364023,-0.04402224320843816
1760554747391393800,11.282393798828124,-0.020673370194435117,0.041368879155442115,-0.05193988446518778
1760554747401398000,11.29239794921875,-0.0175806648761034,0.04940342479012906,0.004463701410591602
1760554747411402000,11.302402099609376,-0.030949265015125273,0.05522294299015775,0.006196516552567481
1760554747421407000,11.312406982421875,-0.013442834419012069,0.07312467478048056,0.03725362585633993
1760554747431411000,11.322410888671875,-0.022626257827877996,0.07488951076222583,0.05909720887392759
1760554747441415200,11.332415283203124,0.332010186907649,0.08741530340155586,0.9611556466966867
1760554747451420200,11.342420166015625,-0.17255846062004565,-0.01701371517572552,-0.38411329911053177
1760554747461423900,11.352423828125,0.15237842690050601,0.010117233660258353,0.2829202850461006
1760554747471428900,11.362428955078125,-0.101236268684268,-0.04325514955976978,-0.2555667064353824
1760554747481432800,11.372432861328125,0.0941600466877222,-0.06216596706109121,0.14340952302515506
1760554747491437000,11.38243701171875,-0.025641806256771087,-0.12164037521695717,-0.12304945656359195
1760554747501441800,11.39244189453125,0.05727554640471935,-0.12941281758304685,0.03597966039776802
1760554747511445500,11.402445556640625,0.03385024715363979,-0.11897583218282087,-0.004684650684893131
1760554747521449500,11.412449462890624,0.02643675602674484,-0.10177190079777501,-0.025020167227089402
1760554747531454500,11.422454345703125,0.03975274919569492,-0.08072681121411733,0.04036269778758287
1760554747541458700,11.432458740234376,0.004621814581751823,-0.06136155534302815,0.005005845463275909
1760554747551463700,11.442463623046875,0.03220072638094425,-0.0298925773027353,0.046909342952072615
1760554747561467600,11.452467529296875,0.027264439022541043,-0.030401686735497785,0.026261691720783707
1760554747571471600,11.4624716796875,0.01382277364730835,-0.01950349529800005,0.03356529273241758
1760554747581476600,11.4724765625,0.008943769434094428,-0.004794814794789999,0.042970249937474725
1760554747591480800,11.482480712890625,0.02153378641605377,-0.007237084247218445,0.04746931492239236
1760554747601484500,11.492484619140624,0.016948212191462517,-0.01201250022179447,0.02996872954517603
1760554747611489500,11.502489501953125,0.001723170530796051,-0.0012878067542565986,0.008704992242157459
1760554747621493500,11.512493408203126,-0.010209259325265884,-0.005818303490476682,0.003943476928770542
1760554747631498500,11.52249853515625,0.0017874679386615752,-0.017381836102064698,0.0210161922827363
1760554747641502700,11.532502685546875,-0.0029687866777181626,0.01106170230298303,0.004779927752912044
1760554747651506700,11.542506591796876,-0.008753215298056602,0.02510828618524829,-0.01673193909227848
1760554747661511700,11.55251171875,-0.012931377765536307,0.028750816539220975,-0.0025987843215465544
1760554747671515600,11.562515625,-0.011106500425934791,0.0173239593018312,0.015670739601552484
1760554747681519600,11.57251953125,-0.006907295170426368,0.007176838535029674,0.03598433657288551
1760554747691524600,11.582524658203125,0.0014841010779142378,0.023462918714573604,0.04016951330304146
1760554747701528600,11.592528564453126,-0.00030804303586483,0.02530303472250234,0.028033085307478903
1760554747711532500,11.602532470703125,-0.020814239969849584,0.03317284564899746,0.01662292575985193
1760554747721537500,11.61253759765625,-0.019929273828864096,0.037610755031206644,0.011187164446711539
1760554747731541800,11.622541748046874,-0.007224690556526183,0.041476143488776866,0.038221594105660915
1760554747741546800,11.632546630859375,-0.01234393326640129,0.03833263499839231,0.030927053183317184
1760554747751550700,11.64255078125,-0.011502221745252608,0.03403027989566326,0.015760463711619377
1760554747761554700,11.6525546875,-0.008612930044531822,0.04812839531905483,0.012529811227321623
1760554747771559700,11.6625595703125,-0.019381576818227768,0.06832441662559285,0.019312895496189593
1760554747781563600,11.672563720703126,0.0008522329151630402,0.060226555397151965,0.01676847171038389
1760554747791567600,11.682567626953125,-0.024723522368073462,0.06454466975801625,0.029996786595880984
1760554747801572600,11.692572509765625,-0.03250467776358128,0.05821452602157369,0.00710983200520277
1760554747811576600,11.70257666015625,-0.010334347009658813,0.05060508306431584,0.01004296284765005
1760554747821581600,11.71258154296875,-0.0272445652782917,0.048895968458335846,0.012864450009167194
1760554747831585500,11.72258544921875,-0.039700726747512814,0.05758540693833492,0.03709259007573128
1760554747841589800,11.73258984375,-0.013539280530810355,0.034320001823548225,0.017963526713848113
1760554747851594800,11.7425947265625,0.0006546645164489745,0.040840060375211755,0.022788462652266025
1760554747861598700,11.7525986328125,-0.004602525359392166,0.0236336721715983,0.019389467863738536
1760554747871602400,11.7626025390625,-0.010063713374733925,0.014198036700487136,0.005160451503098011
1760554747881607400,11.772607421875,-0.0039823476344347,0.0057072157903283365,0.0242316471979022
1760554747891611600,11.782611572265624,0.0028039515048265454,0.0001615438123291824,0.01156885724067688
1760554747901616600,11.79261669921875,-0.002824409770965576,-0.011695658533187814,0.0023731588721275327
1760554747911620600,11.80262060546875,-0.005277648141980171,-0.01604720594784012,0.010516717839241027
1760554747921624600,11.81262451171875,0.011560089412331581,-0.013694154857046668,0.030734745481610298
1760554747931629600,11.822629638671875,0.009096914169192314,-0.02966679887297796,0.0286716754719615
1760554747941633800,11.8326337890625,0.013841478347778319,-0.03312336450106231,0.02925239796936512
1760554747951637500,11.842637451171875,0.0118511813133955,-0.04450282979961485,0.004390051652491092
1760554747961642500,11.852642578125,0.01227554420530796,-0.015898027285095304,0.006839782892167568
1760554747971646500,11.862646484375,0.017653145590424538,-0.03286194165247725,0.01922638625651598
1760554747981651500,11.8726513671875,0.02059621330499649,-0.03323768419626867,0.004073240788280964
1760554747991655700,11.88265576171875,0.011633739170432091,-0.021571097635582553,0.010419102683663367
1760554748001659600,11.89265966796875,0.025729484540224074,-0.028032742814184164,0.01367635091394186
1760554748011664600,11.90266455078125,0.018978256714344024,-0.0308941441442701,0.01690145044028759
1760554748021668600,11.912668701171874,0.0020791443616151807,-0.01679939200503286,0.015742635793983936
1760554748031672800,11.9226728515625,0.006135726276040077,-0.0062647360794799165,0.022388941940665243
1760554748041677800,11.932677734375,0.006139233407378196,-0.001464187946935999,0.01506926657706499
1760554748051681500,11.942681640625,0.014238953232765196,0.012081653042935066,0.015143500857055186
1760554748061686500,11.9526865234375,0.004208557605743408,0.020993800071126313,0.010636544826626777
1760554748071690500,11.9626904296875,-0.004572130221128463,0.02358759769030148,0.02249415588080883
1760554748081694700,11.97269482421875,0.006532032117247581,-0.005116856102432939,0.023509762664139268
1760554748091699700,11.98269970703125,0.004741057047247886,-0.003938535892171785,0.014549918878078459
1760554748101702700,11.99270263671875,0.001142155772447586,-0.00036637763546896166,0.026342355741560457
1760554748111707600,12.002707763671875,0.014165887996554374,-0.011607568116136826,0.014838964952528476
1760554748121711600,12.012711669921876,0.002054594442248344,0.0005972786232712678,0.010536883844435215
1760554748131716600,12.022716552734375,0.014494389298558234,0.0033024362247640964,0.025874445968866348
1760554748141720600,12.032720458984375,-0.008223638466000556,-0.003989609063105308,0.008469137659668922
1760554748151724500,12.042724609375,0.005714870515465736,0.003923567222725251,0.0021209376767277717
1760554748161729500,12.0527294921875,0.027108371677994725,0.014403210733633022,0.03367635189145803
1760554748171733500,12.0627333984375,-0.0015869769304990768,0.028098101951263377,0.026330373042821882
1760554748181738500,12.072738525390625,-0.013446341550350188,0.028593148609343914,0.027382804705202577
1760554748191742700,12.08274267578125,-0.000623100334405899,0.0351557493947912,0.016435878755152223
1760554748201746700,12.09274658203125,-0.01740121665596962,0.019086297365813513,0.023251988510787486
1760554748211751700,12.102751708984375,0.008302548921108245,0.01822332956914906,0.014150690427422523
1760554748221755400,12.11275537109375,-0.0006967500925064087,0.019470424145460127,0.006446984182298183
1760554748231759600,12.122759521484374,0.009890694895386696,-0.008589052553666987,0.02875993827730417
1760554748241764600,12.1327646484375,0.006280103182792663,-0.01891273432212765,0.030043256086111067
1760554748251768600,12.1427685546875,0.014915245059132574,-0.02915588792548515,0.024345628966391086
1760554748261772500,12.1527724609375,0.02667524095773697,-0.025023573893727735,0.013042144663631915
1760554748271777500,12.162777587890625,0.020495675539970396,-0.03889497702231165,0.01706599335223436
1760554748281781800,12.17278173828125,0.007926116824150085,-0.032265325182909144,0.019760639263689518
1760554748291786800,12.182786865234375,0.018255203136801717,-0.02698312872997485,0.016033435434103013
1760554748301790700,12.192790771484376,0.02022621094882488,-0.017179403156921035,0.00580401010364294
1760554748311794400,12.20279443359375,0.01243979485630989,-0.015069591945694991,0.005330547372996807
1760554748321799400,12.21279931640625,0.0030249007791280746,-0.014517042946716538,-0.0012070377022027968
1760554748331803600,12.2228037109375,0.00035831191837787623,0.005484202423103852,0.00832066909968853
1760554748341807600,12.2328076171875,0.020108137527108192,0.007576962034829193,0.015193769739568232
1760554748351812600,12.2428125,-0.004977203890681266,0.009801808752247598,0.005374678775668144
1760554748361816600,12.252816650390624,-0.015590952363610267,0.022857381436321884,-0.002815349681675434
1760554748371821600,12.262821533203125,0.004885433954000473,0.010149566168925957,0.025377310101687908
1760554748381825800,12.27282568359375,0.0018956044882535933,0.011414334540889831,0.007134381924569606
1760554748391829800,12.282829833984374,0.00772854842543602,0.003256032379082171,0.015803718331456183
1760554748401834800,12.292834716796875,0.007267360654473304,-0.003923642000427935,0.019647534278035162
1760554748411838500,12.30283837890625,0.003975333371758461,-0.01877332927637035,0.030273849971592423
1760554748421842700,12.3128427734375,0.01147474921643734,-0.005869588436430786,0.02600157947987318
1760554748431847700,12.32284765625,-0.008123100700974464,-0.0016140441755822393,0.027517537000775336
1760554748441851600,12.3328515625,0.000709025052189827,0.008917285569256637,0.02543459324687719
1760554748451856600,12.342856689453125,0.010255436554551123,0.00881084207818494,0.03250292419791222
1760554748461860600,12.352860595703126,0.0008060556858777999,0.013322669504908844,0.01610971554070711
1760554748471864600,12.362864501953124,-0.00997720413506031,0.0027369575330871156,0.01428366915732622
1760554748481870600,12.37287060546875,-0.014506664258241653,0.0195262391360593,0.009049860157072544
1760554748491875600,12.38287548828125,-0.017980477848649024,0.020759808652161153,0.017613105840981004
1760554748501879800,12.3928798828125,0.009225508984923362,0.02240446145349415,0.01078150625526905
1760554748511884000,12.402884033203126,0.0015793781459331512,0.019801987337518947,0.0210641230776906
1760554748521889000,12.412888916015625,0.007415829214453697,-0.005614901289308909,-0.004060381306707859
1760554748531892700,12.422892822265625,0.005129764103889465,0.005702796485181898,0.015696166303753853
1760554748541897700,12.432897705078124,-0.005821253499388695,0.009637736197758932,0.0006438508614897728
1760554748551901700,12.442901611328125,-0.008798808005452156,0.0034499714905163272,0.017328735941648483
1760554748561906000,12.452906005859376,-0.0032785832792520523,-0.012957003113848621,0.007703413984179497
1760554748571911000,12.462910888671875,0.017374328649044035,-0.004709433499700389,0.0015878537133336066
1760554748581915000,12.472914794921875,0.022471944049000738,-0.020367194888670927,0.017645839066803455
1760554748591918800,12.4829189453125,0.031145664370059965,-0.0363520533571369,0.0026698037311434744
1760554748601923800,12.492923828125,0.03156944274008274,-0.04079119799849577,0.010801379999518393
1760554748611928000,12.502927978515626,0.0264864403873682,-0.035767378487112,0.029517186385393142
1760554748621933000,12.51293310546875,0.017249240964651108,-0.02635849174231989,0.013948445853590964
1760554748631936800,12.522936767578125,0.022067454901337623,-0.031019642820616717,0.01913432405889034
1760554748641940700,12.532940673828126,0.027652561557292937,-0.018556574403285047,0.027232582579553126
1760554748651945700,12.54294580078125,0.0215630125105381,-0.014771018849429673,0.02484334935545921
1760554748661950000,12.552949951171875,0.0191840084195137,-0.015564744776696898,0.0012365560576319693
1760554748671955000,12.562954833984374,0.010261866295337676,-0.015821263121301308,0.017592647574841976
1760554748681959000,12.572958984375,0.019902385821938512,-0.008662406625889707,0.022158055794239042
1760554748691963000,12.582962890625,0.0066261401414871215,-0.008386919860978377,0.017961773148179053
1760554748701968000,12.5929677734375,0.007290157008171081,-0.0007888362646626774,0.024185177707672117
1760554748711971800,12.602971923828125,0.019629998621344565,0.0010490660949377343,0.01621259139329195
1760554748721975800,12.612975830078126,0.011451952862739562,0.0024021771873463877,0.027476035946607587
1760554748731980800,12.622980712890625,0.0029611878931522367,0.0024328965525957755,0.016692776125669478
1760554748741984800,12.63298486328125,0.0038987610042095183,0.0006957699908612994,0.038836803394556044
1760554748751989800,12.64298974609375,0.010684475621581077,0.004612587241569417,0.018681027333438394
1760554748761994000,12.652993896484375,0.00639700756072998,-0.001179522932547843,0.016034019955992698
1760554748771998000,12.662998046875,-0.009397358420491218,0.010469959512999049,0.022875264152884482
1760554748782003000,12.6730029296875,-0.0183212541103363,0.009588726548926205,0.011708265711367129
1760554748792007000,12.6830068359375,-0.0006464812099933624,0.007297736955605796,0.020754910998046397
1760554748802011000,12.693010986328124,0.006100070440769195,-0.0011652378226353903,0.026492285606265067
1760554748812015900,12.703015869140625,0.02047638631761074,0.011788235612399875,0.015012860214710235
1760554748822019800,12.713019775390626,0.011980360651016235,0.01484955256191315,0.012898352278769015
1760554748832024800,12.72302490234375,-0.01615735407471657,0.0063693626436230255,0.013326222302019596
1760554748842028800,12.73302880859375,-0.008221884900331497,0.016895847249985673,0.018429682920873165
1760554748852033000,12.743032958984376,-0.0025426702201366423,0.009873740335652838,0.01720773991048336
1760554748862038000,12.7530380859375,0.0010392799198627471,0.014155741061875596,0.01866816785186529
1760554748872042000,12.7630419921875,0.010581599768996239,0.004571631037151382,0.018536358165740965
1760554748882046000,12.7730458984375,0.006713818424940109,-0.005623727341514314,0.017574819657206534
1760554748892051000,12.783051025390625,-0.004043137910962105,0.01775155418880167,0.023473814567923544
1760554748902055000,12.793054931640626,-0.003586626315116882,0.02638701458390569,0.011832184351980685
1760554748912060000,12.803059814453125,-0.004813537761569023,0.014795220567280193,0.025633622950315474
1760554748922064000,12.81306396484375,0.005317980152368545,0.010372972261795075,0.021573241643607615
1760554748932067800,12.82306787109375,0.018757891961932182,-0.009745207168714841,0.011889467497169971
1760554748942072800,12.83307275390625,0.015268880802392958,-0.000016089014960562053,0.02966536268442869
1760554748952076800,12.843076904296876,0.007024199548363685,-0.005348805119717144,0.013897007927298545
1760554748962081000,12.8530810546875,0.017464929541945458,-0.010981436716072494,0.03725888655334711
1760554748972086000,12.8630859375,0.02028290957212448,-0.00857418549056456,0.00992751977443695
1760554748982089700,12.87308984375,0.019101006311178205,-0.012379777472984278,0.012230536019802092
1760554748992094700,12.8830947265625,0.02192424703836441,-0.012344871698028873,0.0275692671880126
1760554749002098700,12.8930986328125,0.009510755667090415,-0.025611178223066963,0.016817571549117564
1760554749012103000,12.90310302734375,0.012524550530314444,-0.019622148675029163,0.01300882691591978
1760554749022108000,12.91310791015625,0.02030219879448414,-0.01325057352472213,0.02691080327928066
1760554749032111900,12.92311181640625,0.019137831190228462,-0.011444555007573217,0.01371989779472351
1760554749042115800,12.93311572265625,-0.008799392527341842,0.0033791333169545393,0.01194791968613863
1760554749052120800,12.943120849609375,0.011734276935458183,-0.011353914157120743,0.008784487219154834
1760554749062125000,12.953125,0.014887772530317306,0.002127176620208047,0.016158815379440784
1760554749072130000,12.963130126953125,0.01521218217909336,0.0036476392122858667,0.032416999480128286
1760554749082133800,12.9731337890625,0.010716039803624152,-0.006447026993960025,0.022513445103168488
1760554749092137700,12.9831376953125,0.007296002227067947,0.0124487225148594,0.019005729243159294
1760554749102142700,12.993142822265625,0.0035661680489778515,0.0009141722566942917,0.014411094929277895
1760554749112147000,13.00314697265625,-0.0005026888251304626,0.009602678584109526,0.026870471268892287
1760554749122151000,13.01315087890625,0.015502105036377906,-0.005664406411774689,0.0008113163828849792
1760554749132156000,13.023156005859375,0.0163911628305912,-0.004006527661043219,0.021279227133095262
1760554749142160000,13.033159912109374,0.0039782559812068935,-0.0061103800597629735,0.019960253489017487
1760554749152164900,13.043164794921875,0.01178454581797123,-0.0011538085359788966,0.01751256807595491
1760554749162169000,13.053169189453126,-0.008882394635677337,0.00426459293369553,0.007723579989373683
1760554749172172800,13.0631728515625,-0.009621814826130866,-0.00047481500833819153,0.02780921342372894
1760554749182177800,13.073177734375,-0.00032850130200386043,0.026022871146362737,0.012905366541445255
1760554749192181800,13.083181640625,0.001034019222855568,0.006462546506788931,0.023590718945860862
1760554749202186000,13.09318603515625,0.00836158563196659,0.011866803574212825,0.022523674236238002
1760554749212191000,13.10319091796875,0.005615501794219017,0.02909023881074972,0.01857873600274324
1760554749222195000,13.11319482421875,0.010057868155837058,0.016612583603995153,0.01091653081178665
1760554749232200000,13.123199951171875,-0.01030044474005699,0.020002113019500393,0.026445816116034984
1760554749242204000,13.133203857421876,-0.013330021694302557,0.018401977496617473,0.027948329633474347
1760554749252207900,13.143207763671874,0.009845686709880829,0.003777373103632999,0.026231881104409695
1760554749262212900,13.153212890625,0.007560206121206283,-0.006578055224550189,0.025776830813288687
1760554749272216800,13.163216796875,0.01379179398715496,-0.01372466986796353,0.027964696246385572
1760554749282220800,13.173220703125,0.006099485918879509,-0.014245191177306696,0.02414192308783531
1760554749292225800,13.183225830078126,0.012951251509785652,-0.030782863506232386,0.022074176903069016
1760554749302229800,13.193229736328124,0.017114216408133504,-0.021661091173707972,0.019129063361883164
1760554749312234800,13.20323486328125,0.022517536756396294,-0.02532744079468539,0.011710603798925875
1760554749322239000,13.213239013671876,0.019381576818227768,-0.022917507275857497,0.01697276211082935
1760554749332243000,13.223242919921875,0.01159457620382309,-0.024241759883251505,0.020091770914196967
1760554749342248000,13.233248046875,-0.0042442134410142895,-0.0143498137456947,0.031551907083392144
1760554749352251600,13.243251708984374,-0.005697334858775139,0.003757465966287418,-0.004943009360134601
1760554749362256000,13.253255859375,-0.005855740290880203,-0.008211397755646612,0.018515607638657092
1760554749372260900,13.2632607421875,0.0110451256275177,0.008276191778789507,0.021626433135569095
1760554749382264800,13.273264892578124,-0.0034276363611221313,-0.0005646482524663952,0.019243629652261732
1760554749392269800,13.283269775390625,0.012742577195167542,0.005270282252854667,0.034543197853863235
1760554749402273800,13.293273681640626,0.007358546069264412,0.00840235317966144,0.030514380729198452
1760554749412278000,13.303278076171875,0.006314005452394485,0.019919727399095425,0.01840542526245117
1760554749422283000,13.313282958984376,0.010348960056900978,0.00786524263676547,0.018085399527847767
1760554749432287000,13.323286865234374,0.0016594576448202133,0.024277717112621756,0.022983985224366187
1760554749442290700,13.333290771484375,0.006281856748461723,0.020096310091996566,0.0134916419968009
1760554749452295700,13.343295654296876,-0.016477672070264817,0.022715504730620884,0.021217852334678173
1760554749462300000,13.3532998046875,-0.020545944422483444,0.02804463874795474,0.037269992469251154
1760554749472305000,13.363304931640625,-0.001463058289885521,0.005742460633645532,0.03265957606434822
1760554749482308900,13.373308837890624,-0.011392916151881217,0.028811047410033642,0.008961889612674712
1760554749492312800,13.383312744140625,-0.003946691799163818,0.01824649239067221,0.017655483677983284
1760554749502318600,13.393318603515626,-0.0009966098219156266,0.01901681004288839,0.031711481559276576
1760554749512322600,13.403322509765625,-0.0008832125753164291,0.01341238676510984,0.017510814510285855
1760554749522326800,13.413326904296875,-0.006289455533027648,-0.0010253564257873221,0.01534896030128002
1760554749532331800,13.423331787109374,0.0073036010116338725,-0.0023647164124122352,0.010923837335407733
1760554749542335700,13.433335693359375,0.008886486288905144,0.01532549722730182,0.029546120218932628
1760554749552340700,13.4433408203125,-0.001045125138759613,-0.005739131598820677,0.026949381723999976
1760554749562344700,13.4533447265625,0.0019084639698266981,0.002500246717361733,0.0326473011046648
1760554749572348700,13.4633486328125,0.007819733840227126,-0.010295321040367707,0.031928923702239986
1760554749582353700,13.473353759765626,0.007026537635922431,-0.005007062456116546,0.027581542147696016
1760554749592357600,13.483357666015625,0.004456394886970519,-0.003171086050476879,0.009539104978740215
1760554749602361600,13.493361572265625,-0.002763619494438171,-0.003115319008938968,0.009260288037359714
1760554749612366600,13.50336669921875,0.01381751295030117,-0.006225507468322757,0.021284780091047287
1760554749622370800,13.513370849609375,0.009444120171666145,-0.03122917108518304,0.023709084628522396
1760554749632375800,13.523375732421876,0.0170142631649971,-0.01672113000389654,0.014504910692572592
1760554749642379800,13.5333798828125,0.013679565784335136,-0.01663342203769134,0.02197919209599495
1760554749652383700,13.5433837890625,0.010717208847403526,-0.03344511868515983,0.011025251883268356
1760554749662388700,13.553388671875,0.020855741024017334,-0.030595078999304675,0.013876549661159514
1760554749672392700,13.563392822265625,0.020541268247365952,-0.04225293198097497,0.021743922035396098
1760554749682396700,13.573396728515625,0.022485972574353218,-0.027529069891653487,0.028914544317126274
1760554749692401700,13.583401611328124,0.016963994282484053,-0.026094157700729554,0.025816870562732217
1760554749702405600,13.593405517578125,0.016557751569151877,-0.013308896707883103,0.01803513064533472
1760554749712410600,13.60341064453125,0.017338088291883467,-0.021604872041021007,0.01739595595896244
1760554749722414800,13.613414794921875,0.0342898076146841,-0.018761184464138932,0.000632160423696041
1760554749732418800,13.623418701171875,0.026095395243167875,-0.013959127077809535,0.016764380057156084
1760554749742423800,13.633423828125,0.004736380872130394,-0.006621316694252891,0.013759060761332511
1760554749752427800,13.643427734375,0.018982932889461516,-0.020367857042374087,0.01640548361688852
1760554749762431700,13.653431640625,-0.001631400594115257,-0.011459017357765696,0.002614274151623249
1760554749772436700,13.663436767578125,0.0024298574954271317,-0.010040776598785306,0.03186404177248478
1760554749782440700,13.673440673828125,0.0009393266767263412,-0.002292922397147049,0.004641688326001167
1760554749792445700,13.68344580078125,0.006787468183040619,0.003182729680853663,0.023689503145217894
1760554749802449700,13.69344970703125,-0.0017021277427673339,0.02218435927927494,0.014860300001502036
1760554749812453600,13.70345361328125,-0.004216156390309334,0.017310768743406514,0.010931436119973659
1760554749822458600,13.713458740234374,-0.008073416340351105,0.01600793680830975,0.017492986592650413
1760554749832462800,13.723462890625,0.011564181065559386,0.040574367776885625,0.018525836771726607
1760554749842466600,13.733466552734376,-0.0123608844012022,0.030607984146650412,0.0052723874449729915
1760554749852471600,13.743471435546875,-0.009042553633451461,0.027804605747270398,0.014949147328734397
1760554749862475500,13.7534755859375,-0.011872808623313903,0.02203753240382066,0.009163841925561427
1760554749872480500,13.76348046875,0.0007072714865207671,0.022365691212529782,0.011599252378940581
1760554749882484700,13.773484619140625,0.0195195239841938,0.009912532267859205,0.022660744619369507
1760554749892488700,13.78348876953125,-0.005552957952022552,0.013872154330543706,0.03296674231737852
1760554749902493700,13.79349365234375,0.017757775008678436,0.018518130672594998,0.01698123767822981
1760554749912497700,13.80349755859375,0.013852584263682365,-0.0024952251948387127,0.009144260442256927
1760554749922502000,13.813501953125,0.005767477485537529,-0.013080908054730389,0.005536591339111328
1760554749932507000,13.8235068359375,0.007226444122195244,-0.028964450156746896,0.006889759513735771
1760554749942510600,13.833510498046875,0.008440496087074279,-0.02800633886444848,0.010996902571618556
1760554749952515600,13.843515625,0.010109890604019164,-0.03321380784704815,0.019616846878826616
1760554749962519600,13.85351953125,0.004616553884744644,-0.018443762820219853,0.009008066841959953
1760554749972523800,13.863523681640626,0.007601122653484344,-0.032147194678976664,0.008823942446708678
1760554749982528800,13.87352880859375,0.023157588225603102,-0.022548105424595996,0.010447159734368324
1760554749992532700,13.88353271484375,0.026719664621353147,-0.007303025622898712,0.010334347009658813
1760554750002536700,13.89353662109375,0.0034083471387624737,-0.003946066178078763,0.007163608019053936
1760554750012541700,13.903541748046875,0.003895253872871399,-0.019350896268885115,0.00042582419663667677
1760554750022546000,13.9135458984375,0.008555646899342536,-0.010771927859459537,0.008289104917645455
1760554750032551000,13.923551025390625,0.017124153280258177,-0.022619033502647653,0.010833528703451155
1760554750042554600,13.9335546875,0.009543488892912864,-0.009121912183953099,0.00698912823498249
1760554750052558600,13.94355859375,-0.0061596916735172265,-0.009817634225753135,0.011661503960192204
1760554750062563600,13.9535634765625,0.0028378537744283673,-0.007513371875617303,0.006499591152369976
1760554750072567800,13.96356787109375,-0.007312368839979171,0.000058498140152369156,0.010788520517945288
1760554750082571800,13.97357177734375,0.020687398719787597,0.0063266668586788,0.01205459493100643
1760554750092576800,13.98357666015625,0.013099720069766044,-0.0011994200805056606,0.020455635790526866
1760554750102580700,13.993580810546876,0.018644494715332985,-0.0022744705708930267,0.021535832242667675
1760554750112585700,14.003585693359375,0.002622165197134018,0.009164137611439218,0.008772796781361102
1760554750122589700,14.013589599609375,-0.005119242709875106,0.016507973593694623,0.007283142745494842
1760554750132593700,14.02359375,-0.004516016119718551,0.007825692081911256,0.009994447530806064
1760554750142598700,14.0335986328125,0.0020820669710636137,0.0014214881662366677,0.012590601503849028
1760554750152602600,14.0436025390625,0.00499532406926155,0.014385615711438003,0.01797112549841404
1760554750162606600,14.053606689453124,0.01576981606185436,0.011812842613982502,0.0074985390618443485
1760554750172611800,14.06361181640625,-0.0019219079732894896,0.0070226280749629945,0.024723230107128617
1760554750182615800,14.07361572265625,0.005112812969088554,0.003080613021738827,0.013055588667094708
1760554750192620800,14.083620849609375,0.007344517543911934,0.004015295489388518,0.0047772974044084544
1760554750202624800,14.093624755859375,0.002408230185508728,-0.010812648028915281,0.008074585384130478
1760554750212628500,14.10362841796875,0.005381693038344383,-0.002889888780697947,0.009944763170182704
1760554750222633700,14.1136337890625,0.014241291320323942,0.00479639996792248,0.017842822943627833
1760554750232637700,14.1236376953125,0.0118511813133955,-0.0044087378012409315,0.012623334729671478
1760554750242642700,14.133642578125,-0.0015741174489259718,-0.017814148263348033,0.02206014837771654
1760554750252646700,14.143646728515625,0.019203882163763047,-0.008394800631690303,0.022127952916920185
1760554750262650600,14.153650634765626,-0.000384030881524086,-0.002288047575918608,0.015150515119731426
1760554750272655600,14.163655517578125,0.009963760131597518,-0.012059593049820978,0.008805237746238708
1760554750282659800,14.173659912109375,0.01220890870988369,-0.0023523895079124485,0.02511836690455675
1760554750292663800,14.183663818359374,0.003511222991347313,-0.008430723040908923,0.014720014747977257
1760554750302668800,14.193668701171875,0.014846855998039244,0.0027590032556472576,0.006349661287665367
1760554750312672500,14.203672607421876,-0.006852934634685516,0.010060667467699385,0.012775018160045146
1760554750322677500,14.213677490234375,-0.00445814845263958,0.007013800310291116,0.007239888125658035
1760554750332681700,14.223681640625,-0.02018880154788494,0.0027048250975858536,0.02512450438439846
1760554750342685700,14.233685791015626,0.0016296470284461973,0.0160854784318828,0.01603577352166176
1760554750352690700,14.243690673828125,0.004757423660159111,-0.007113373956692521,0.011636954040825367
1760554750362694700,14.253694580078125,-0.007377250769734382,-0.003822985504393,0.027894845880568026
1760554750372699000,14.263698974609374,-0.004077624702453613,0.010034833198477281,0.00308130714148283
1760554750382703900,14.273703857421875,-0.003773673319816589,0.0014404588698322186,-0.003183306211233139
1760554750392707600,14.28370751953125,-0.00513736288845539,0.0033983120852266436,0.010665770921111106
1760554750402712800,14.293712890625,-0.0028857845693826675,0.0033736942380230175,0.00814940418601036
1760554750412716500,14.303716552734375,-0.010840542966127395,-0.003259570334816817,0.020328502279520034
1760554750422720800,14.313720703125,0.009895371070504188,-0.014728964097768766,0.018287936362624168
1760554750432725800,14.323725830078125,0.011975684475898743,-0.016568935116869396,0.03020341508388519
1760554750442729700,14.333729736328126,0.0004401449829339981,0.006179507764728623,0.019228139822185037
1760554750452733700,14.343733642578124,0.0071615621924400324,-0.0014846447860196348,0.005865384902060031
1760554750462738700,14.35373876953125,0.007165653845667839,0.012675785294472006,0.005133563496172428
1760554750472743000,14.363742919921876,-0.0036363106757402418,0.019479251339309847,0.015950725586712358
1760554750482748000,14.373747802734375,0.002768295669555664,0.012902282960148295,0.0167354462236166
1760554750492751600,14.383751708984375,-0.009726444244384765,0.02235557167731458,0.008221592639386653
1760554750502754800,14.3937548828125,0.0075683894276618955,0.026005410838196984,0.003045651306211948
1760554750512759800,14.403759765625,0.012165654090046881,0.028783647946454584,0.00903086319565773
1760554750522764000,14.413763916015625,-0.007286649876832961,0.014809252517565619,0.009190145410597324
1760554750532768000,14.42376806640625,0.008812252008914946,-0.011963842199411009,0.023025778539478778
1760554750542773000,14.43377294921875,0.028391981747746466,-0.0044774433832208155,0.02100274827927351
1760554750552777000,14.44377685546875,0.013988777863979339,-0.0286867177774664,0.016076105532050133
1760554750562782000,14.453781982421875,0.025190555357933044,-0.03942273179003969,-0.004649287110567093
1760554750572786000,14.463785888671875,0.009065349987149238,-0.03846630784804001,0.00791062699407339
1760554750582790000,14.473789794921874,0.042137598505616186,-0.06340982050918974,0.013155834171175955
1760554750592795000,14.483794921875,0.046369536986947055,-0.05622581815607845,0.010918284377455711
1760554750602798800,14.493798828125,0.042212417307496065,-0.05529613152395468,0.0161231595441699
1760554750612803000,14.503802978515624,0.027877017962932585,-0.03449094707681797,0.006948796224594116
1760554750622808000,14.51380810546875,0.00893324804008007,-0.036320087316294665,0.022431612038612363
1760554750632812000,14.52381201171875,0.013339374044537543,-0.037162865133234295,0.024172610487043857
1760554750642817000,14.533817138671875,0.012644962039589881,-0.032632108102110216,0.014046061009168625
1760554750652821000,14.543821044921875,0.005381693038344383,-0.02264749697872903,0.010562310546636582
1760554750662825000,14.553824951171874,-0.002610474759340286,-0.009839008090633433,0.02945581158697605
1760554750672830000,14.563829833984375,-0.008690671455860137,-0.005924649941781535,0.007669511714577674
1760554750682834000,14.573833984375,-0.005174772289395332,0.000050732960927416565,0.008707330329716205
1760554750692838000,14.583837890625,-0.014394436055421829,0.007732976292914827,0.02001052237153053
1760554750702843000,14.5938427734375,0.008232990816235542,0.009381054598017363,0.019393559516966342
1760554750712847000,14.60384716796875,-0.000848141261935234,0.02151754310072865,0.028261633366346357
1760554750722852000,14.61385205078125,-0.0031868133425712584,0.01694643579290714,0.019806524232029915
1760554750732856000,14.62385595703125,0.014974866291880606,0.011528962480061454,0.01838379795253277
1760554750742859800,14.63385986328125,-0.010723054066300391,0.008646294599660905,0.00971796867698431
1760554750752864800,14.64386474609375,-0.009497311663627625,0.009939513889618683,0.02061579478830099
1760554750762869000,14.653868896484376,0.0005634791016578674,0.0053280928377178495,0.0028042437657713887
1760554750772873000,14.663873046875,-0.0061596916735172265,0.02275485721018631,0.022604922778904437
1760554750782878000,14.6738779296875,-0.004623568147420883,0.044650083650043235,0.022464637525379656
1760554750792882000,14.6838818359375,0.0031517420291900635,0.03191677204014268,0.019751579174399375
1760554750802887000,14.693886962890625,-0.014656301862001418,0.05119096579402685,0.02034428437054157
1760554750812891000,14.703890869140626,-0.003915712139010429,0.027424381107895166,0.012431027027964591
1760554750822895000,14.71389501953125,0.000699088180065155,0.021853969697572754,0.019664485412836073
1760554750832900000,14.723900146484375,-0.005322656327486038,0.03051056992047233,0.011586977419257164
1760554750842903800,14.73390380859375,-0.009980711266398429,0.0254880107844132,0.017335457943379876
1760554750852907800,14.74390771484375,0.012252747851610183,0.036049355499958614,0.01753448764681816
1760554750862912800,14.753912841796875,-0.007702829462289809,0.019375124244554898,0.018811375714838503
1760554750872917000,14.7639169921875,0.0049479777961969375,0.026450798251829107,0.02003244194239378
1760554750882922000,14.773921875,0.013106734332442282,0.01552001058582682,0.026933599632978436
1760554750892926000,14.783926025390626,0.011088964769244194,-0.0013527623200701782,0.03323065395057201
1760554750902930000,14.793929931640625,0.0071639002799987785,-0.0026321534432529005,0.02216740814447403
1760554750912935000,14.803934814453125,0.018923311656713484,-0.007491451163109741,0.01608750370889902
1760554750922939100,14.813939208984374,-0.0010158990442752838,-0.03230817794394679,0.014594634802639483
1760554750932942800,14.82394287109375,0.007646130838990211,-0.023643086170626337,0.024554303281009195
1760554750942947800,14.83394775390625,0.023306056785583496,-0.030694347255851608,0.02330576452463865
1760554750952951800,14.843951904296874,0.019263503396511075,-0.03665282183542149,0.0027966449812054633
1760554750962956800,14.853956787109375,0.009085223731398582,-0.04246648340011015,-0.006191548116505146
1760554750972961000,14.8639609375,0.023751462465524672,-0.024788016138761304,-0.004389467130601406
1760554750982965000,14.873965087890625,0.023627543824911116,-0.00833511204192764,0.01905102968961
1760554750992970000,14.883969970703125,0.027385435053706168,-0.01541262409655028,0.016124328587949276
1760554751002974000,14.893973876953124,0.023225392764806747,-0.006032104929717025,0.002773556366562843
1760554751012979000,14.90397900390625,-0.007118307572603225,-0.0008079765024391236,0.015318857423961161
1760554751022983000,14.91398291015625,0.01697860732972622,-0.00402439068424137,0.008906360033154486
1760554751032987000,14.92398681640625,-0.0036468320697546,-0.004975539373268839,-0.0123980015411973
1760554751042991900,14.933991943359375,-0.003937339448928833,-0.0011898882067020167,0.01157791732996702
1760554751052995800,14.943995849609376,0.023049451676011082,-0.008113702114144689,0.005344868159294128
1760554751063000000,14.954,0.019313187757134437,-0.024837346589646765,-0.003462415413558483
1760554751073005000,14.964005126953126,0.011564181065559386,-0.017000771212473044,0.015814531986415387
1760554751083009000,14.974009033203124,0.029440029495954513,-0.016474156947416486,0.02072422359883785
1760554751093014000,14.984013916015625,0.0013619360029697416,-0.025214413440844508,0.010910393331944941
1760554751103018000,14.99401806640625,0.011720248410105705,-0.025052964384993538,0.03618541210293769
1760554751113022000,15.00402197265625,0.018214871126413346,-0.0002967613067361526,0.03253536516278982
1760554751123027000,15.01402685546875,0.016626140630245208,0.0027902175237075424,0.013759937544167041
1760554751133031000,15.024031005859374,0.0019710078120231626,0.027319660358096007,0.009018295975029468
1760554751143035000,15.034034912109375,-0.015360066217184066,0.029372174724400974,0.0209486800044775
1760554751153040000,15.044039794921876,0.005489245066046714,0.02829540320520755,0.013661445605754852
1760554751163044000,15.054044189453125,0.007729717469215393,0.055227358870371245,0.015590660102665424
1760554751173049000,15.064049072265625,-0.018783026403188706,0.05284459648625925,0.010546528455615043
1760554751183053000,15.074052978515626,-0.025253099200129508,0.0488118064393755,0.009053367288410663
1760554751193057000,15.08405712890625,-0.017216507738828657,0.038507059983536596,0.014708324310183525
1760554751203062000,15.09406201171875,-0.014429507368803024,0.034653202133555897,0.009542904371023177
1760554751213066000,15.10406591796875,-0.017504092508554458,0.0435715768314898,0.016100655451416968
1760554751223070000,15.114070068359375,0.004422492617368698,0.017599531690066214,0.008790624698996543
1760554751233075000,15.124074951171876,0.011128712257742882,-0.005091503036289941,0.018854630334675312
1760554751243079000,15.134078857421875,0.012116554251313208,-0.012147941478487335,0.02879880898296833
1760554751253084000,15.144083984375,0.02015957545340061,-0.03249451256259344,0.019377777425944803
1760554751263087900,15.154087890625,0.028062311401963233,-0.03602606595591642,0.008798223483562469
1760554751273092000,15.164092041015625,0.022810382223129273,-0.02974479144605575,0.019667115761339664
1760554751283097000,15.17409716796875,0.02966799303293228,-0.03533454916095361,0.01957096191048622
1760554751293101000,15.18410107421875,0.025412089154124257,-0.044485294142924243,0.02395721417069435
1760554751303104800,15.194104736328125,0.02076338656544685,-0.04196379457497969,0.026762042458355426
1760554751313109800,15.20410986328125,0.01613806485235691,-0.028886555765080264,0.022324936793744563
1760554751323114000,15.214114013671875,0.020925299128890035,-0.04213700028399471,0.018128069625794885
1760554751333119000,15.224118896484375,0.018427052572369575,-0.04117810125711839,0.014560732533037662
1760554751343123000,15.234123046875,0.011253215420246123,-0.03374272252540104,0.010851356621086597
1760554751353127000,15.244126953125,0.011134557476639747,-0.022044382269715425,0.00543020835518837
1760554751363132000,15.2541318359375,0.00849836375415325,-0.029033679468056652,0.02630085468739271
1760554751373136100,15.26413623046875,0.01485445478260517,-0.01959118728118483,0.0249310276389122
1760554751383139800,15.274139892578125,0.014893617749214171,-0.03655807677365373,0.014160919560492037
1760554751393144800,15.284144775390626,0.032733810344338414,-0.023192180048371664,0.01339753397256136
1760554751403148800,15.294148681640625,0.035652328139543533,-0.014353262653172714,0.022526889106631278
1760554751413153800,15.30415380859375,0.0009913491249084472,-0.008505710235325386,0.017365560820698737
1760554751423158000,15.314157958984374,-0.007471943315863609,-0.0021790051315620073,0.020781214483082292
1760554751433162000,15.324161865234375,-0.008019640326499938,-0.009562816931179259,0.012769465202093124
1760554751443167000,15.3341669921875,-0.004108019840717315,0.01755352114085108,0.011678455094993113
1760554751453171000,15.3441708984375,-0.002583586752414703,0.02292527730707079,0.007022445982694626
1760554751463176000,15.354176025390625,-0.009849778363108635,0.01755932982712984,0.013288228379189967
1760554751473180200,15.36418017578125,-0.0054500820994377135,0.02673028191349003,0.017435118925571442
1760554751483183900,15.374183837890625,-0.003615852409601211,0.02269410118298838,0.017310323502123356
1760554751493188900,15.38418896484375,0.004822890111804009,0.03487766767235007,0.01246814416795969
1760554751503193300,15.394193359375,0.0002449146717786789,0.04216272381371818,0.026482348734140394
1760554751513197300,15.404197265625,-0.00635433746278286,0.026505734176305123,0.020299276185035704
1760554751523202300,15.414202392578124,-0.0036140988439321516,0.02403481630141614,0.02048281605839729
1760554751533206500,15.42420654296875,-0.004508417335152626,0.021261054438876454,0.01376432145833969
1760554751543211500,15.43421142578125,-0.006920154651999473,0.007670975302590522,0.023414777857065198
1760554751553215500,15.444215576171874,-0.013667875346541404,0.01399276220264146,0.020658757147192952
1760554751563219500,15.454219482421875,0.004870236384868621,0.02833269844171591,0.01474339562356472
1760554751573224400,15.464224365234376,0.00632511136829853,0.027009993904014117,0.011727554933726786
1760554751583228400,15.474228515625,0.009411386945843696,0.014600575919658876,0.010598550903797148
1760554751593232400,15.484232421875,0.004458732974529266,0.011817817899910732,0.018303718453645704
1760554751603237400,15.4942373046875,-0.0011368950754404067,0.010042134013876785,0.020904548601806162
1760554751613241300,15.504241455078125,0.004198620733618736,0.014919928084115963,0.013205810792744159
1760554751623246300,15.514246337890626,0.009098083212971687,0.016164626349008174,0.023367139323055744
1760554751633250600,15.52425048828125,0.005470540365576744,-0.007582212457037531,0.017824410504102706
1760554751643254500,15.534254638671875,-0.016256722795963286,-0.004074674693541601,0.01993745713531971
1760554751653259500,15.544259521484374,0.00019230770170688627,0.00926036795246182,0.011796820777654647
1760554751663263500,15.554263427734375,0.004198620733618736,0.00889724971151445,0.007164777062833309
1760554751673267500,15.564267333984375,0.0011760580420494078,0.02780939608681947,0.02140080768615007
1760554751683272400,15.5742724609375,0.006523848810791969,0.018940091544867026,0.010465279912948608
1760554751693276400,15.5842763671875,0.0003121346890926361,0.024324830490245947,0.019137831190228462
1760554751703281400,15.594281494140626,-0.01111000755727291,0.02326532291639596,-0.0023111995518207548
1760554751713285400,15.604285400390625,0.006789806270599365,0.028450819812493863,0.007339256846904754
1760554751723289600,15.61428955078125,0.005222703084349632,0.01581672394350171,0.02816080334037542
1760554751733294600,15.624294677734374,-0.00023848493099212645,0.015845064121996984,0.015604688628017902
1760554751743298600,15.634298583984375,0.012450316250324249,-0.001718240625229373,0.005014613291621208
1760554751753303600,15.644303466796876,-0.004354688078165054,-0.017887239757378118,0.01561784037053585
1760554751763307500,15.6543076171875,0.023269816428422928,-0.009382241337283631,0.017947452361881732
1760554751773311500,15.6643115234375,0.011850596791505814,-0.007407626500044716,0.01897708767056465
1760554751783316500,15.67431640625,0.003131283763051033,-0.01569139993873541,0.019136954407393932
1760554751793320400,15.684320556640625,-0.0030418519139289854,-0.013861563296226086,-0.017206570866703987
1760554751803324400,15.694324462890625,0.0061871642023324964,-0.019472186844283715,0.019732874473929404
1760554751813329400,15.704329345703124,0.011986790391802787,-0.013284031694685108,0.012873802359402178
1760554751823333400,15.71433349609375,0.023466800305247306,-0.023807190691155847,0.0112280809789896
1760554751833337600,15.724337646484376,0.02269230880141258,-0.046114858972979705,0.012930500982701777
1760554751843342600,15.734342529296875,0.02659282337129116,-0.048472199221467595,0.01596592315584421
1760554751853346300,15.74434619140625,0.012249240720272064,-0.02314618091559969,0.024428046552836893
1760554751863351300,15.754351318359374,0.00418926838338375,-0.023255707987968343,-0.0037806875824928283
1760554751873355300,15.764355224609375,0.016070260313153267,-0.04150813236250542,0.009908522813022137
1760554751883359500,15.774359375,0.009964344653487205,-0.03415501138702966,0.011957564297318458
1760554751893364500,15.784364501953124,0.01688566834926605,-0.040810021429974586,0.014482698860764502
1760554751903368400,15.794368408203125,0.009607786300778388,-0.03853355526481755,0.041315468467772
1760554751913373400,15.80437353515625,0.013540449574589728,-0.030342517593898808,0.013029869703948496
1760554751923377400,15.81437744140625,0.025441899770498273,-0.03945347398817539,0.029183424386382103
1760554751933381600,15.824381591796875,0.006376549294590949,-0.02638755572331138,0.03504354859143495
1760554751943386600,15.83438671875,0.007079144605994224,-0.034090232205262874,0.02106763020902872
1760554751953390300,15.844390380859375,0.018539865297079086,-0.019999457554821857,0.04085515747964382
1760554751963394300,15.854394287109375,0.008317746490240096,-0.018798704604577506,0.01730652410984039
1760554751973399300,15.8643994140625,0.011730769804120062,-0.020675936610857024,0.010742051027715206
1760554751983403500,15.874403564453125,0.010359481450915337,-0.007755442140583181,0.004350304163992405
1760554751993408500,15.884408447265624,0.01291910280585289,-0.006189955522684613,0.03134089468121529
1760554752003412500,15.89441259765625,0.03641980538070202,-0.03304456592709757,0.03136924399286509
1760554752013416400,15.90441650390625,0.03817804722487926,-0.057557386420248074,0.10077741900086402
1760554752023421400,15.91442138671875,0.10548808090984821,-0.05653435438228771,0.2922363949239254
1760554752033425700,15.92442578125,0.13239654610157012,-0.06122740756934508,0.320823899243772
1760554752043429400,15.934429443359376,0.105178868830204,-0.07752437104415148,0.25274872640520335
1760554752053434400,15.944434326171875,0.09061609047055244,-0.09488105443865061,0.23083397784754633
1760554752063438300,15.954438232421875,0.09241641789078713,-0.1063484788651578,0.23599647517725825
1760554752073443300,15.964443359375,0.1145510928094387,-0.10076768305813893,0.26186945984140036
1760554752083447600,15.974447509765625,0.09799041863083839,-0.0920613482422661,0.2426842823781073
1760554752093451500,15.984451416015625,0.07563596348166465,-0.0954631560423877,0.19909487762898206
1760554752103454500,15.994454345703126,0.07888239805698394,-0.07406802917835302,0.21784794728532433
1760554752113458400,16.00445849609375,0.09162322168648242,-0.07822622657003812,0.24639950350895523
1760554752123463400,16.01446337890625,0.08943184912204742,-0.06915873942472972,0.24655747054964303
1760554752133467400,16.02446728515625,0.08980477408766746,-0.03110566115323454,0.26687223656475545
1760554752143472400,16.034472412109373,0.049590837121009826,-0.010085596412979066,0.30064284261092544
1760554752153476400,16.044476318359376,0.07337094115912914,-0.0073244063376449045,0.29257044918388125
1760554752163480600,16.05448046875,0.06287526610791683,0.0017359569471329449,0.2558054836273193
1760554752173485600,16.064485595703125,0.049828153008222575,0.018936116339359432,0.22211671064570546
1760554752183489500,16.074489501953124,0.04695464339852333,0.020450630821846425,0.2043001911871135
1760554752193493200,16.0844931640625,0.02229191130697727,0.02738457653718069,0.16308628339767456
1760554752203498200,16.094498291015626,0.005063713130354881,0.037337997937854375,0.16371537508144973
1760554752213502500,16.10450244140625,0.0018283844709396362,0.06459642734471709,0.1483373348161578
1760554752223507500,16.114507568359375,-0.021066168904304503,0.08935158696006983,0.09350275182276964
1760554752233511400,16.124511474609374,-0.034162381842732424,0.11236768435575067,0.08420227790549396
1760554752243515400,16.134515380859376,-0.027396540969610212,0.12137852767668664,0.08812120491489768
1760554752253520400,16.144520263671875,-0.027585926061868667,0.13772082813056186,0.08858736112192273
1760554752263524600,16.154524658203126,-0.04506546865105629,0.1323259102844633,0.05063464708551764
1760554752273528300,16.1645283203125,-0.03819967453479767,0.1391033137312159,-0.006420388436317443
1760554752283533600,16.174533447265624,-0.07374561969041823,0.14596260504145175,-0.042348610907793044
1760554752293537300,16.184537353515626,-0.060113984701037404,0.1412615512110293,-0.07276011578440665
1760554752303542300,16.194542236328125,-0.04015314669013023,0.1391598114251159,-0.04192702449485659
1760554752313546500,16.20454638671875,-0.044621232014894485,0.1585514164470136,0.011067191328853369
1760554752323550500,16.214550537109375,-0.038321255087852474,0.16153682546596973,0.03822437058463692
1760554752333555500,16.224555419921874,-0.026873978400230408,0.17281855459464712,0.08926073033884167
1760554752343559400,16.234559326171876,-0.018875380861759185,0.1746860837658867,0.09618088499084114
1760554752353563600,16.244563720703123,-0.031169629767537115,0.18674900813382117,0.11590908328965306
1760554752363568600,16.254568603515626,-0.0414484471976757,0.18744879043363033,0.08055822231471538
1760554752373572400,16.264572265625,-0.03659165481626987,0.18847734803007915,0.09754399003759026
1760554752383577300,16.274577392578124,-0.03783610191941261,0.19112890371847896,0.1083180436387658
1760554752393581300,16.284581298828126,-0.022720365852117536,0.1800370711387135,0.12908018809519708
1760554752403585500,16.29458544921875,-0.022092004820704458,0.1771202521102503,0.168421214684844
1760554752413590500,16.304590576171876,-0.008270400217175483,0.17157735889451578,0.1769900133267045
1760554752423594500,16.314594482421874,-0.023656769919395446,0.1641335639609024,0.19561141942739485
1760554752433598500,16.324598388671873,-0.0012444471031427384,0.14634383204453624,0.16315306502357124
1760554752443603500,16.334603515625,0.019269933137297628,0.12894130021431482,0.14058007175289094
1760554752453607700,16.344607666015627,-0.0037882863670587537,0.10351479894234798,0.1327446288868785
1760554752463612700,16.35461279296875,0.007661912930011749,0.07234891833474394,0.09942454308718442
1760554752473616400,16.364616455078124,0.01726443853378296,0.042528123060008506,0.09628661038763821
1760554752483621400,16.374621337890623,0.05945522853136062,0.009140397117892279,0.21376864208243787
1760554752493625300,16.384625244140626,0.041672319081425664,-0.055239757127640766,0.08134666927866638
1760554752503630300,16.39463037109375,0.050689153751730914,-0.06833875567819923,0.022965499719604848
1760554752513634000,16.404634033203124,0.039676176828145976,-0.09260613177660852,0.0494819699190557
1760554752523638000,16.414637939453126,0.0472562566936016,-0.10307954019708558,0.0341379049886018
1760554752533643000,16.42464306640625,0.05295768320560455,-0.10720648393398151,0.03475844803974032
1760554752543647000,16.43464697265625,0.06653495765924454,-0.15996826097499578,0.03113320674728602
1760554752553652000,16.44465185546875,0.07202770985662937,-0.19299091646438463,0.04343450644835829
1760554752563656200,16.45465625,0.0994102223008871,-0.28303477827124296,0.013673355239257216
1760554752573660000,16.464659912109376,0.12120587452352047,-0.3270846036063507,-0.028214086163882164
1760554752583665000,16.474664794921875,-0.16493804874420165,-0.3911500293469056,-0.1614137836081907
1760554752593668900,16.4846689453125,0.1309773269534111,-0.5851750563656911,-0.2213889626267366
1760554752603673000,16.494673095703124,0.2558674429476261,-0.565989184782654,-0.08551248372122645
1760554752613678000,16.504677978515623,0.23143501248061654,-0.534227288210392,-0.013874115675478242
1760554752623682000,16.51468212890625,0.23063421749174592,-0.5120793884839863,0.054902396665746346
1760554752633687000,16.52468701171875,0.1593067648589611,-0.4292072266710922,0.048676416556676844
1760554752643691000,16.53469091796875,0.14834171873033045,-0.3845108470607549,0.014862217963952571
1760554752653695200,16.5446953125,0.13306231653392314,-0.35394152127392586,-0.0009630546121858059
1760554752663700200,16.5547001953125,0.07706161237061024,-0.3158740217514336,-0.006456464396696537
1760554752673704000,16.564703857421875,0.05677694923281669,-0.24055243971487505,-0.002744531201478094
1760554752683708000,16.5747080078125,0.011983867782354354,-0.13536151512069627,0.07631799092907458
1760554752693713000,16.584712890625,0.03572890050709247,-0.13719023751835338,0.115012828569673
1760554752703717000,16.594717041015624,0.042379590567946435,-0.12116999949254095,0.1503342077217996
1760554752713722000,16.60472216796875,0.019163550153374672,-0.10598706167424098,0.16454839183948933
1760554752723726000,16.61472607421875,-0.003112579062581062,-0.060080146363517266,0.17458350017424673
1760554752733730000,16.62472998046875,-0.02415419804751873,0.004705026752641424,0.17522486681770533
1760554752743735000,16.634735107421875,-0.014352350479364393,0.02027468973305076,0.1582900255644694
1760554752753739000,16.644739013671874,-0.03159691526889801,0.0544398480547592,0.1592075788008049
1760554752763744000,16.654743896484376,-0.03350304115116596,0.09226913664089516,0.11792772963568568
1760554752773748000,16.664748046875,-0.02987374473810196,0.1018721919676289,0.03596380524151027
1760554752783752000,16.674751953125,-0.03258943343758583,0.12714436119440942,-0.02596621590554714
1760554752793757000,16.6847568359375,-0.02733399712741375,0.16976309428047387,-0.06944229647330939
1760554752803761000,16.694760986328124,-0.03440612747073173,0.1923057654781267,-0.08647833307869732
1760554752813765000,16.70476513671875,-0.03222819890975952,0.1820842311931774,-0.0711125677730888
1760554752823770000,16.71477001953125,-0.03648059565722942,0.1952518288673833,-0.09033822337724268
1760554752833774000,16.724774169921876,-0.04033902465105056,0.23138814113158732,-0.1411481539644301
1760554752843779000,16.734779052734375,-0.06301029066443443,0.24996976321116088,-0.059458881793171166
1760554752853782800,16.74478271484375,-0.07468728445470332,0.2543635046580806,0.09989062622897327
1760554752863787000,16.754787109375,-0.07574643811881542,0.2485621979681775,0.08914309530854225
1760554752873792000,16.7647919921875,-0.06870879456698895,0.2217119657697156,0.10374379452578723
1760554752883796000,16.7747958984375,-0.06107610773146152,0.22437164996564388,0.08100720819123089
1760554752893800000,16.784800048828124,-0.06353402227759361,0.1929552788954228,0.16621990524828434
1760554752903805000,16.794804931640623,-0.05591653301119804,0.18331114263962953,0.22286380268596112
1760554752913809200,16.80480908203125,-0.03966273282468319,0.14574647807274013,0.24035174777731297
1760554752923814100,16.814814208984377,-0.022330489751696585,0.08356295708864926,0.376132529489696
1760554752933818000,16.824818115234375,-0.013929156631231307,0.03351644862201065,0.48572336954325435
1760554752943821800,16.83482177734375,-0.007339841368794441,0.074762724311091,0.18031345866099
1760554752953826800,16.844826904296873,0.027222937968373297,-0.012709843969345092,0.4470113615721464
1760554752963831000,16.8548310546875,0.03980067999064922,-0.0347285643581301,0.5770452701956034
1760554752973835000,16.8648349609375,0.05497311468124389,-0.05713379984647035,0.7605319520652294
1760554752983840000,16.874840087890625,-0.03714168991446495,-0.06632127837594598,0.8692153218850492
1760554752993844000,16.884843994140624,-0.02878478045761585,0.02747990840412676,0.5128115752160549
1760554753003849000,16.894848876953127,-0.041586394363641734,0.050980464848503465,0.41717137297317386
1760554753013853200,16.904853271484374,0.04265431585609913,-0.017559658620692788,0.580482112776488
1760554753023857000,16.91485693359375,0.13067746722400186,-0.1049249671343714,0.7526191331140697
1760554753033862100,16.924862060546875,-0.14622750305533408,-0.09484375463556498,0.7193558920681477
1760554753043865900,16.934865966796874,0.17838906646966934,-0.0962399947669357,0.41738486959338184
1760554753053870000,16.9448701171875,0.058606502747535705,-0.20665526641327886,-12.047067458111046
1760554753063875000,16.954875,-0.014539982005953788,-0.11767088706409558,0.9689308107428252
1760554753073879000,16.964879150390626,0.15432780740261076,0.11459748923443257,3.3572155019402503
1760554753083884000,16.974884033203125,0.04074643640816211,-0.06727666113832965,0.8189844332948326
1760554753093888000,16.984887939453124,0.13290040397047995,-0.09486185654783622,1.2596784284137188
1760554753103892000,16.99489208984375,-0.06771569187641144,-0.052720495182555165,0.19908537914827465
1760554753113897000,17.00489697265625,0.01000116953253746,0.6933120808817446,-4.544063233551383
1760554753123901000,17.01490087890625,0.0689414342790842,-0.05234784421157092,1.5165399969652293
1760554753133906000,17.024906005859375,0.01830605654120445,-0.09650553210163489,-0.24873759106770157
1760554753143910000,17.034909912109374,0.050530163797736165,0.8202742539096624,0.01086772323399782
1760554753153913900,17.044913818359376,0.01091477724611759,0.5438740182820707,0.13540244991928338
1760554753163918800,17.0549189453125,0.10046060813665389,-0.31594938854258503,-0.06813610924556851
1760554753173923000,17.064923095703126,0.03197685449719429,-0.11453719214824959,0.0012687047615647315
1760554753183927000,17.074927001953125,0.03679448391199112,-0.12128682167208753,-0.003215454915165901
1760554753193932000,17.08493212890625,0.06123159055411815,-0.11058947743577882,-0.033198212985694406
1760554753203936000,17.09493603515625,0.04467676159441471,0.14126080229235813,0.02952157029956579
1760554753213941000,17.10494091796875,0.07349778240919112,-0.11200171885387972,0.04950082074999809
1760554753223945000,17.114945068359376,0.0823129570275545,-0.11742484901431016,-0.038385844756662846
1760554753233949000,17.124948974609374,0.09109072224497794,-0.10711439433689228,-0.05606894709393382
1760554753243954000,17.134953857421873,0.08413783436715602,-0.12157731991810723,-0.061383273984491823
1760554753253958000,17.1449580078125,0.07629121252000332,-0.11830174144669435,-0.07880816377699375
1760554753263962000,17.154962158203126,0.0828968943953514,-0.10676332501005381,-0.02210369525849819
1760554753273967000,17.164967041015625,0.05407938071191311,-0.09175305861122905,0.011669541136175394
1760554753283971000,17.17497119140625,0.05507599053382873,-0.10180374810760841,0.04135039365068078
1760554753293976000,17.18497607421875,0.035488662010431285,-0.08715800417223944,0.09261267111524939
1760554753303980000,17.19497998046875,0.013932663762569427,-0.09435436368342488,0.14577581376507878
1760554753313984000,17.20498388671875,0.03620645489096641,-0.10454795051552354,0.1102393670901656
1760554753323989000,17.214989013671875,0.03344868061542511,-0.08643506019255146,0.06248100609332323
1760554753333993000,17.224992919921874,0.04943710786402225,-0.07035542926285415,0.057615007492154834
1760554753343997000,17.234996826171876,0.03974164327979088,-0.05381687558451667,0.05459200640916824
1760554753354002000,17.245001953125,0.021282442003488538,-0.020681133375782517,0.0603961626432836
1760554753364006100,17.255006103515626,0.017438041535019874,-0.015652144498936833,0.03239741799682379
1760554753374011100,17.26501123046875,0.020860417199134826,-0.006074552407022565,0.0031008886247873304
1760554753384015000,17.27501513671875,0.01048223104774952,0.030429844250902532,-0.021002163757383823
1760554753394018800,17.285018798828126,-0.0025789105772972107,0.02322765778712928,-0.04441942583248019
1760554753404023800,17.29502392578125,0.004537643429636955,0.03362190002417192,-0.054566433576494454
1760554753414028000,17.305028076171876,-0.003980009546875953,0.044934700144547965,-0.009603548517078161
1760554753424032000,17.315031982421875,-0.011566519153118134,0.05069644200904295,0.030646628806740045
1760554753434037000,17.325037109375,0.004093406793475151,0.05133004547115415,0.002980477115511894
1760554753444041000,17.335041015625,-0.00528290883898735,0.0466179405237548,0.005206044210493564
1760554753454046000,17.3450458984375,-0.004869067341089248,0.020491474288888274,0.036139819395542144
1760554753464050200,17.35505029296875,-0.00253624047935009,0.017849307483341542,0.07653671171367168
1760554753474054100,17.36505419921875,-0.03219020498692989,0.00966092299381271,0.10210121495053172
1760554753484059100,17.37505908203125,0.04651625198125839,0.23326429200069979,-1.0014663220360875
1760554753494062800,17.385062744140626,0.0854459943562746,0.3844788444872945,-0.4745546175360679
1760554753504067000,17.395067138671877,-0.19836860918104648,0.036939536672178655,0.8970596066221594
1760554753514072300,17.405072265625,0.035495676273107526,0.3257362212046981,-0.6406390598364174
1760554753524076300,17.415076171875,-0.16067220799326895,0.13735038738297298,0.4512289792671799
1760554753534081300,17.425081298828125,0.01587912165522575,0.19209663450578227,-0.2480081077493727
1760554753544085200,17.435085205078124,-0.07270692429244519,0.11227795111252925,0.23215324375256893
1760554753554089200,17.445089111328127,-0.00452478394806385,0.15275079474369993,-0.16583602049723267
1760554753564094200,17.45509423828125,-0.03436462641656399,0.048420386835839595,0.14436623922809957
1760554753574098400,17.465098388671876,0.034627661266922946,0.06760965595236047,-0.1180129237011075
1760554753584102400,17.475102294921875,0.005573416218161583,0.004003299090918153,0.1023759402386844
1760554753594107400,17.485107421875,0.02843582088947296,0.017244884449942037,-0.05843216909393668
1760554753604111400,17.495111328125,0.015803718331456183,0.024728061545873058,0.0475701449483633
1760554753614116400,17.505116455078124,0.011103577816486358,0.04314064263489563,-0.015329524948447942
1760554753624120300,17.515120361328126,0.02219312710762024,0.013236840685247444,-0.01939852795302868
1760554753634124300,17.525124267578125,0.04765840775370597,-0.01968004830814898,0.0031619711622595786
1760554753644129300,17.53512939453125,0.05578793819546699,-0.0393033431940712,0.02956789365932345
1760554753654133200,17.54513330078125,0.06569266161620617,-0.04362598303300328,0.030073505093902348
1760554753664138200,17.55513818359375,0.0415139136493206,-0.04830382038461976,0.014805793335288761
1760554753674142500,17.565142578125,0.04294949941039085,-0.05845344934398308,0.03138984838947654
1760554753684146400,17.575146484375,0.05813362453877925,-0.041099131436506287,0.012074176414310932
1760554753694151400,17.5851513671875,0.028426468539237974,-0.008712307898933068,0.017233458873629568
1760554753704155400,17.5951552734375,0.01741758326888084,0.01685414069984108,0.021446984915435313
1760554753714159400,17.605159423828123,0.010590952119231223,0.05355563083244487,0.008397679858654737
1760554753724164400,17.615164306640626,-0.005269464835524559,0.06576284077558667,0.014023118524998426
1760554753734168300,17.625168212890625,-0.00800736536681652,0.07597401806330308,0.018815613498538733
1760554753744173300,17.63517333984375,-0.0020434885263442993,0.06820526549164205,0.02833528312444687
1760554753754177300,17.64517724609375,-0.004826981765031814,0.06808286295467987,0.01823766748011112
1760554753764181200,17.65518115234375,0.00047463177442550657,0.06486947213243693,0.02459463529139757
1760554753774186500,17.6651865234375,-0.0014221417576074599,0.04810965865254402,0.008579612296819687
1760554753784190500,17.6751904296875,0.03558919977545738,0.03990684377886355,0.006656535279750824
1760554753794194200,17.685194091796873,0.042212417307496065,-0.0021666947809047994,0.02354074232429266
1760554753804199200,17.69519921875,0.03465980997085571,-0.017008217016700654,0.02136690541654825
1760554753814203100,17.705203125,0.0468511830240488,-0.031040486962534485,0.00857099059894681
1760554753824208400,17.71520849609375,0.054983051553368564,-0.049306960412021726,0.004808277064561843
1760554753834212400,17.72521240234375,0.033387305817008016,-0.043610630200244485,0.017177344772219657
1760554753844216300,17.73521630859375,0.04802607202231884,-0.041455205732025206,0.018995207849144935
1760554753854221300,17.74522119140625,0.04741173951625824,-0.03705704383831471,0.03365224036350846
1760554753864225300,17.755225341796876,0.03047229515314102,-0.039416320315562185,0.022799860829114914
1760554753874229500,17.7652294921875,0.03545183713138103,-0.03744885616749525,0.03386325276568532
1760554753884234500,17.775234375,0.03831190273761749,-0.03581029518023133,0.019923574740439653
1760554753894238200,17.78523828125,0.04717676171660423,-0.04663439846821129,0.02630874573290348
1760554753904243200,17.7952431640625,0.0335100554138422,-0.058533291380852455,0.016086042404174803
1760554753914247200,17.8052470703125,0.042189036431908605,-0.07796915566958487,0.017775310665369033
1760554753924251400,17.81525146484375,0.06531798308491707,-0.12826445126552133,0.02189326737821102
1760554753934256400,17.82525634765625,0.10126432573497295,-0.16925189335532487,0.02044277630895376
1760554753944260400,17.83526025390625,0.11439560998678207,-0.1969227942869067,0.03713482178226113
1760554753954264300,17.845264404296874,0.10425181711316107,-0.1838261429570615,0.035642245136946436
1760554753964269300,17.855269287109376,0.0875894361257553,-0.17210311806797982,0.03644406303912401
1760554753974273500,17.8652734375,0.07981061881780624,-0.14670136764477937,0.03549859888255596
1760554753984278500,17.875278564453126,0.06937105786800384,-0.1115050396444276,0.02007233556136489
1760554753994282200,17.8852822265625,0.028628128591179847,-0.05842212262395769,0.014169687388837336
1760554754004286200,17.8952861328125,0.03712415425777435,-0.03110668406654149,0.004550356780737638
1760554754014291200,17.905291259765626,0.04100771769285202,-0.030234760070219635,0.027763328455388543
1760554754024295400,17.91529541015625,0.04955225867629051,-0.033020372200757264,0.035210283460468055
1760554754034299400,17.92529931640625,0.038621114817261694,-0.03109762397725135,0.021187018804997206
1760554754044304400,17.935304443359374,0.02978957358598709,-0.014806889313831924,0.009514262798428534
1760554754054308400,17.945308349609373,0.00971533832848072,-0.00903221490252763,0.024817338131368157
1760554754064313300,17.955313232421876,0.025545944666862486,0.002905219922214746,0.002976823853701353
1760554754074317300,17.9653173828125,0.009615969607234001,0.031076197596732524,0.01922550947368145
1760554754084321300,17.9753212890625,-0.011579963156580924,0.043209301124047486,0.006449760661274194
1760554754094326300,17.985326171875,-0.0021054478466510772,0.06663315733671188,0.022348756060749292
1760554754104330200,17.995330322265627,-0.0007452654093503951,0.0496801411059685,0.013887071055173873
1760554754114334500,18.00533447265625,-0.003487257593870163,0.05904752451330423,0.0016642799504101276
1760554754124339500,18.01533935546875,-0.010250760379433631,0.06278689370471983,-0.00008680150061845779
1760554754134343400,18.025343505859375,0.007028291201591492,0.05452672262061387,0.0015418226145207882
1760554754144348400,18.035348388671874,-0.0036889176458120344,0.04910321800084785,0.01213525895178318
1760554754154352400,18.045352294921877,-0.01729834080338478,0.04350099581331014,0.010735767417401074
1760554754164356400,18.0553564453125,0.0023076924204826353,0.04952058489639312,0.004199205255508423
1760554754174361300,18.065361328125,0.004846855509281158,0.0305879391557537,0.0219005739018321
1760554754184365300,18.075365234375,-0.005485737934708595,0.016991558142844587,0.00801350284665823
1760554754194370300,18.085370361328124,0.006151508367061615,0.025543570046685636,0.021876900765299797
1760554754204374300,18.095374267578126,0.013141221123933792,0.020740060488786547,0.010739566809684038
1760554754214378200,18.105378173828125,0.016059154397249222,0.03158971834313124,0.01900353728607297
1760554754224383200,18.11538330078125,0.0070446578145027154,0.02262479652315378,0.018709522775560615
1760554754234387500,18.125387451171875,0.025412673676013946,0.006339030295796692,0.027228783187270164
1760554754244391400,18.135391357421874,0.03811901051402092,0.0037814730337820943,0.0073753510735929005
1760554754254396400,18.145396484375,0.025351298877596854,0.007947506672050804,0.0250694131962955
1760554754264400100,18.155400146484375,0.030855156990885733,-0.012282777663692832,0.03776479024887085
1760554754274405000,18.165405029296874,0.03213642897307872,-0.020220840653963387,0.022037498154491186
1760554754284409300,18.175409423828125,0.030166005682945248,-0.025061175090912727,0.02295139812901616
1760554754294413300,18.185413330078124,0.03267477363348007,-0.013665610324218869,0.016134119329601525
1760554754304418300,18.195418212890626,0.029342998862266538,-0.012070651016663759,0.01755421526059508
1760554754314422300,18.20542236328125,0.032445056530833245,-0.00955885085882619,0.024978666172921656
1760554754324426500,18.215426513671876,0.0342114816814661,0.005283475094567984,0.02757993471249938
1760554754334431500,18.225431396484375,0.016227496701478956,-0.002685348360147327,0.02165259049013257
1760554754344435200,18.235435302734373,0.02412146482169628,0.001030713020917028,0.03192190943956375
1760554754354440200,18.245440185546876,0.03907528832554817,-0.016405830676760522,0.015924275971204042
1760554754364444200,18.255444091796875,0.045374096208810805,-0.017541702838893978,0.0019451427184045314
1760554754374448400,18.265448486328125,0.031903789260983466,-0.03198631644528359,0.017415099050849675
1760554754384453400,18.275453369140624,0.03282674932479858,-0.021632534082792698,0.02112272139713168
1760554754394457300,18.285457275390623,0.025084172374010085,-0.018002360886894164,0.03109992553219199
1760554754404461300,18.29546142578125,0.025424364113807676,-0.01816542422780767,0.028688626606762406
1760554754414466300,18.30546630859375,0.01035363623201847,-0.0134555295038037,0.020121873791515827
1760554754424470500,18.315470458984375,0.025075404545664787,-0.025893698658607897,0.014055413359403609
1760554754434475500,18.3254755859375,0.034850948628783227,-0.00992381171369925,0.012060440149903297
1760554754444479200,18.335479248046877,0.014042553877830504,0.0005143244639970361,0.038871290186047555
1760554754454483200,18.345483154296875,0.0035328503012657165,-0.00027240546690300105,0.020725392642617226
1760554754464488200,18.35548828125,0.017321137157082556,-0.007466225961130112,0.00776142778173089
1760554754474492400,18.365492431640625,0.025315058520436286,-0.004147146274708211,0.011239479155838488
1760554754484496400,18.375496337890624,0.023106150299310683,0.0027353980469517407,0.02244008760601282
1760554754494501400,18.38550146484375,0.016090718579292295,-0.017449622374959287,0.01876402944177389
1760554754504505300,18.39550537109375,0.012954174119234085,-0.0082526270984672,0.01738704200014472
1760554754514510300,18.40551025390625,0.007145780101418495,-0.028578352899011224,0.0050236733809113495
1760554754524514600,18.4155146484375,0.01679506745636463,-0.009001180443447082,0.02138736368268728
1760554754534518300,18.425518310546874,0.022847791624069212,0.0022069171934388575,0.02100727832391858
1760554754544523300,18.435523193359376,0.030827099940180777,-0.0022966778361238538,-0.0014474223293364048
1760554754554527200,18.44552734375,0.01662906323969364,0.01010453857546672,0.0221435888774693
1760554754564531200,18.45553125,0.014311433947086333,0.00905713014807552,0.00792392486706376
1760554754574536400,18.465536376953125,-0.0013332944303750991,0.007728676289599388,0.02529591542854905
1760554754584540400,18.47554052734375,0.01784253068268299,0.0073506732900626955,0.011247224070876836
1760554754594545400,18.48554541015625,0.02073299142718315,0.014000048176664857,0.018933248528838157
1760554754604549400,18.49554931640625,0.014302666118741035,0.007783091624267399,0.02317965392693877
1760554754614553000,18.505552978515624,0.008321838143467902,-0.00019979688841849564,0.02575856450423598
1760554754624558300,18.515558349609375,0.010762217032909393,-0.0011696465675719082,0.0238373871833086
1760554754634562300,18.525562255859374,0.011391747108101844,-0.0032969409198500216,0.014042700008302926
1760554754644566300,18.535566162109376,0.02097089183628559,0.0055163888012990355,0.006119798054546118
1760554754654571300,18.5455712890625,0.012724457016587257,0.018784688637312502,0.009032032239437103
1760554754664575200,18.5555751953125,0.005514964029192924,0.0021980397672392428,0.02752396674156189
1760554754674580200,18.565580322265625,-0.0003337619990110397,0.0178287761519663,0.010775807166844606
1760554754684584400,18.57558447265625,0.003977671459317207,0.012560133300349115,0.034168519322574135
1760554754694588400,18.58558837890625,0.017139935371279714,0.0038181700486689804,0.03185644298791885
1760554754704593400,18.595593505859377,0.019962591576576233,0.02006782378302887,0.011480448304861784
1760554754714597000,18.60559716796875,0.017557868522405623,-0.007152392505295574,0.01154328440800309
1760554754724601300,18.615601318359374,0.013451017725467682,0.006948102104850113,0.01659150770828128
1760554754734606300,18.6256064453125,0.0314881941974163,-0.0012741115890443325,0.015217589006572961
1760554754744610300,18.6356103515625,0.022184943801164626,-0.004486022840254009,0.016525602865219115
1760554754754615300,18.645615234375,0.02243921082317829,-0.01281615388803184,0.020773323437571524
1760554754764619300,18.655619384765625,0.026911387801170347,-0.017581395528465507,-0.00004427753314375877
1760554754774623500,18.66562353515625,0.03679448391199112,-0.009092420657165349,0.01389832310155034
1760554754784628500,18.67562841796875,0.03837444657981395,-0.01187008694326505,0.005853109942376613
1760554754794632400,18.685632568359374,0.01471416952908039,-0.017957864158041775,0.023242051638662813
1760554754804637400,18.695637451171876,0.005551788908243179,-0.01595355686461553,0.01583791286200285
1760554754814641200,18.70564111328125,0.0028320085555315015,0.009293057795800268,0.002893821745365858
1760554754824645400,18.715645263671874,0.011762918508052824,0.008986622195132077,0.0167800160177052
1760554754834650400,18.725650390625,0.023852000230550764,0.002367989506665617,0.027315438557416197
1760554754844654300,18.735654296875,0.009587912556529044,0.013222213938273488,0.028610154543071982
1760554754854658300,18.745658203125,0.013320084822177886,0.02044670356540009,0.026891660187393425
1760554754864663300,18.755663330078125,0.0077414079070091246,0.027238080738577992,0.018685557378083466
1760554754874667500,18.76566748046875,0.007102525481581688,0.014442293785139917,0.021526041501015423
1760554754884671200,18.775671142578126,0.010056114590168,0.0025345965115353463,0.020303952360153196
1760554754894676500,18.785676513671874,0.02182312475144863,-0.012575787527207285,0.01600757034048438
1760554754904680200,18.79568017578125,0.023691256710886954,0.00860103867733851,0.03305295929610729
1760554754914685200,18.805685302734375,0.019756839871406553,0.013599340154975652,0.018080869483202696
1760554754924689400,18.815689453125,0.005653495717048645,0.018942180753964928,0.01207315350100398
1760554754934693400,18.825693359375,0.02403203297257423,-0.0012211392927914857,0.01347834412381053
1760554754944698400,18.835698486328123,0.024250059637427327,0.0017413272419944405,0.02122121333554387
1760554754954702300,18.845702392578126,0.011608604729175567,0.007944218736421316,0.029361411301791665
1760554754964707300,18.855707275390625,0.020507950499653815,0.01209415975641459,0.02239303359389305
1760554754974711300,18.865711181640624,0.0009907646030187607,-0.0011349223140627144,0.01654737630560994
1760554754984715300,18.87571533203125,0.013488427126407623,0.004351929865498095,0.014185761740803719
1760554754994720300,18.88572021484375,0.026763503763079642,0.0032505079622380433,0.01814516689106822
1760554755004724200,18.89572412109375,0.03837503110170364,-0.010308025258313864,0.026066023018211124
1760554755014728200,18.905728271484374,0.03485854741334915,-0.010798256460670381,0.02911664276048541
1760554755024733200,18.915733154296873,0.027584757018089292,-0.027503216214478016,0.029860300734639165
1760554755034737400,18.9257373046875,0.024238953721523283,-0.029981716890912502,0.01296893329694867
1760554755044742400,18.935742431640627,0.039596681851148605,-0.017057572583761064,0.013623597813397646
1760554755054746400,18.945746337890625,0.03732055361270904,-0.034850601568911226,0.015129180070757866
1760554755064750300,18.955750244140624,0.030729484784603116,-0.03878280818499624,0.026626871771365402
1760554755074755300,18.96575537109375,0.03731529291570186,-0.016768380378838627,0.01088803536966443
1760554755084759300,18.97575927734375,0.017715689432621,-0.0165646562339738,0.019268764093518256
1760554755094763300,18.98576318359375,0.033120763835310936,-0.00693674046061933,0.024117227037996052
1760554755104768300,18.995768310546875,0.02624503284692764,-0.0016465981632471083,0.040148908906430004
1760554755114772200,19.005772216796874,0.037349195185303684,-0.0042477753712795675,0.024209581496566532
1760554755124777200,19.015777099609377,0.009967267262935639,-0.013100414189510046,0.012272621595859528
1760554755134781400,19.025781494140624,0.018656185153126715,-0.01668177980761975,0.011243278548121452
1760554755144785400,19.035785400390626,0.020640052446722984,-0.008293945489544421,0.022686317452043293
1760554755154790400,19.045790283203125,0.026615035203099248,-0.02361115894569084,0.01039002271965146
1760554755164794400,19.05579443359375,0.018408347871899603,-0.006883329772949218,0.00981558383256197
1760554755174798300,19.06579833984375,0.023528759625554084,-0.009230039029568433,0.019256781394779682
1760554755184803300,19.07580322265625,0.03776595929265022,-0.008495094084832816,0.025456366687268018
1760554755194807300,19.085807373046876,0.010856325057148933,-0.00564131208891049,0.016545038218051193
1760554755204812300,19.095812255859375,0.03288052533864975,0.002888871575612575,0.020943127046525477
1760554755214816300,19.105816162109374,0.026935937720537186,-0.0098971429024823,0.036815234439074994
1760554755224820500,19.115820556640625,0.014458148941397667,0.0010836305182427167,0.023482290135324
1760554755234825500,19.125825439453124,0.022023615759611127,-0.010961100605875252,0.013021101875603198
1760554755244829400,19.135829345703126,0.011768179205060004,-0.007631554324366152,0.02295125199854374
1760554755254833200,19.145833251953125,0.022315292182564735,0.008496299661230295,0.017147241894900796
1760554755264838100,19.155838134765624,0.02386836684346199,-0.004226915246341377,0.009885726459324359
1760554755274842400,19.16584228515625,0.009681436058878898,0.01602159886583686,0.025303514213114976
1760554755284847400,19.175847412109373,0.024974866780638694,0.012812591957766562,0.0052300096079707144
1760554755294851300,19.185851318359376,0.004940963533520699,0.025201076751947403,0.011369681406766176
1760554755304855300,19.195855224609375,0.01993570356965065,0.025615721967443824,0.006536562161892652
1760554755314860300,19.2058603515625,0.022920856860280035,-0.0026053053938783705,0.018449556665122508
1760554755324864500,19.215864501953124,0.0248830968439579,-0.003522000113688409,0.01574658131673932
1760554755334868500,19.225868408203127,0.01274608432650566,-0.012146237003523856,0.015424948146939278
1760554755344873500,19.23587353515625,0.013626958814263342,-0.0012831168794073164,0.03440393551364541
1760554755354877200,19.245877197265624,0.018731003955006598,-0.0027746523451060057,0.008071955035626887
1760554755364882200,19.255882080078123,0.02398936287462711,-0.011799085799977183,0.01642667253538966
1760554755374886400,19.265886474609374,0.00710544809103012,0.009895060543250293,0.012490648260712623
1760554755384890400,19.275890380859376,0.009644611179828642,0.016304014270100742,0.012096826637536287
1760554755394895400,19.285895263671875,0.01537117213308811,0.008620163502916693,0.011066606806963681
1760554755404899300,19.2958994140625,0.005086509484052658,0.009050810005143285,0.005691489639878273
1760554755414903300,19.3059033203125,0.02964753476679325,0.00449433401087299,0.008593933083117008
1760554755424908300,19.315908203125,0.02591653154492378,0.014436284169461577,0.0027111586548388003
1760554755434912500,19.32591259765625,0.0303992299169302,0.016664079754147677,0.027693478089570997
1760554755444917500,19.33591748046875,0.012428104418516158,0.010110128066036849,0.03338087607622146
1760554755454921200,19.345921142578124,0.006888590469956398,0.016427330122515557,0.013304156600683927
1760554755464925200,19.35592529296875,0.027832594299316404,0.009506152557209133,0.017782617188990116
1760554755474930200,19.36593017578125,0.02062368583381176,-0.004105444291140884,0.02381795183047652
1760554755484934400,19.375934326171876,0.03464578144550323,0.0017731836849823593,0.014671791692078112
1760554755494938400,19.3859384765625,0.0173977095246315,-0.0016003296024166046,0.01388677879422903
1760554755504943400,19.395943359375,0.015846388429403304,-0.00456049458226189,0.027211393661051988
1760554755514947000,19.405947021484376,0.024377485409379004,0.0055191287476569414,0.001892828009277582
1760554755524952000,19.4159521484375,0.026487609431147575,-0.0053025451212190084,0.0108000648252666
1760554755534956300,19.425956298828126,0.0058352820247411724,-0.006434106434416026,0.02681391877606511
1760554755544960300,19.435960205078125,0.01362403620481491,-0.008153075714129954,0.014371639701724052
1760554755554965200,19.44596533203125,0.024380408018827435,-0.0049608920766972,0.016248247228562832
1760554755564969200,19.45596923828125,0.019137831190228462,-0.008360562718659639,0.009563070376217364
1760554755574973200,19.46597314453125,0.01690145044028759,0.0020571334592066706,0.026482348734140394
1760554755584978200,19.475978271484376,0.027108371677994725,0.0051484322717413305,0.019534867683798075
1760554755594982100,19.485982177734375,0.01977320648431778,-0.013105072098318486,0.021392916640639303
1760554755604987100,19.495987060546874,0.011404022067785262,0.0028068010490387677,0.027252017932385204
1760554755614991000,19.5059912109375,0.015960370197892187,0.004928469378128648,0.020773177307099103
1760554755624995300,19.515995361328127,0.020792028138041495,-0.008346917785797268,0.013916735541075467
1760554755635000300,19.526000244140626,0.026370705053210257,-0.010682411528658122,0.011852788748592137
1760554755645004300,19.53600439453125,0.004965513452887535,0.006801825501956045,0.006080196696519852
1760554755655008300,19.54600830078125,0.013942600634694099,0.0008141293944790959,0.009710077631473541
1760554755665013200,19.55601318359375,0.031280104404687877,0.013272227092459798,0.011934329552203415
1760554755675017200,19.566017333984377,0.027250995019078253,-0.012443009726703166,0.019385083949565885
1760554755685022200,19.576022216796876,0.01229600247144699,0.006710293027292937,0.0024596681118011473
1760554755695026200,19.586026123046874,0.02053308494091034,0.012288878610916435,0.01503112652376294
1760554755705030100,19.596030029296877,0.032221769168972965,-0.003641845367383212,0.032033553120493885
1760554755715035100,19.60603515625,0.035684476843476295,-0.015131627756170928,0.007257569912821054
1760554755725039400,19.616039306640626,0.023283260431885718,-0.009413743299711496,0.01724047313630581
1760554755735043300,19.626043212890625,0.022968203133344647,-0.008872658692952244,0.014798779072612523
1760554755745048300,19.63604833984375,0.019397358909249304,-0.007634367335960269,0.026287995205819606
1760554755755052000,19.646052001953127,0.01420095930993557,-0.010884875298198312,0.024229162979871034
1760554755765057000,19.65605712890625,0.017346856120228765,-0.015939272610936313,0.014252689497172831
1760554755775061200,19.666061279296876,0.021833646145462987,-0.008168328082188963,0.03064268328398466
1760554755785065200,19.676065185546875,0.001225157880783081,-0.01887245825231075,0.013798369858413933
1760554755795070200,19.6860703125,0.010808394262194633,-0.014310721561033277,0.018040245211869477
1760554755805074200,19.69607421875,0.019674422284960746,-0.012190386672504246,0.021850305019319057
1760554755815078100,19.706078125,0.030926468661427495,-0.0019227847561240196,0.03843567524775862
1760554755825083100,19.716083251953126,0.023071663507819175,-0.015017664253991096,0.008903583554178475
1760554755835087400,19.72608740234375,-0.0006441431224346161,-0.006828348182700574,0.01378200324550271
1760554755845092400,19.73609228515625,0.022169161710143086,-0.018640859719831496,0.0264810335598886
1760554755855096000,19.746095947265626,0.0225344878911972,-0.004635806574486196,0.030836744551360606
1760554755865100000,19.75610009765625,0.02809036845266819,-0.004043813764397055,0.02264876192063093
1760554755875105000,19.76610498046875,0.03587853811085224,-0.0040861733350902795,0.02272343459203839
1760554755885109200,19.776109130859375,0.014227847316861152,0.0038628677069209513,0.028923458275943992
1760554755895113200,19.78611328125,-0.005202829340100288,0.011687789178919047,0.012338088047504425
1760554755905118200,19.7961181640625,0.019985972452163697,0.0057713499430567024,0.035277941869199275
1760554755915122200,19.8061220703125,0.011201777493953704,0.014065569427236914,0.005551642777770757
1760554755925127200,19.816127197265626,0.013357494223117827,0.016346519971266387,0.006124620360136032
1760554755935131400,19.82613134765625,0.029093408015370366,0.00406052743718028,-0.0025995149739086627
1760554755945135000,19.836135009765623,0.012645546561479568,0.01763884307043627,0.022663521098345518
1760554755955140000,19.84614013671875,0.005036825123429298,0.0037092115151695906,0.02796118911504745
1760554755965144000,19.85614404296875,0.01148994678556919,0.015304554903972893,0.03100742494314909
1760554755975149000,19.866149169921876,0.020894319468736648,0.010613090885803103,0.012199702490121126
1760554755985153300,19.8761533203125,0.0261117618560791,0.001925104577373713,0.017915011397004126
1760554755995157200,19.8861572265625,0.0229354699075222,-0.008512282681651414,0.021303484791517256
1760554756005162200,19.896162353515624,0.03771569041013718,-0.013321893186774104,0.010032733714580536
1760554756015166200,19.906166259765627,0.01975041013062,-0.020648016557469964,0.029652503202855587
1760554756025170200,19.916170166015625,0.026352000352740285,-0.010348594730719923,0.015802257026731967
1760554756035175200,19.926175048828124,0.03666530457437038,-0.02282556152595207,0.023486089527606963
1760554756045179100,19.93617919921875,0.037727380847930904,-0.009820552268624305,0.018225392520427704
1760554756055183000,19.94618310546875,0.030427286967635154,0.009308401495404541,0.022193565499037504
1760554756065188000,19.95618798828125,0.021297639572620392,-0.0018952939609996973,0.0186547238484025
1760554756075192300,19.9661923828125,0.022197218760848045,-0.009685619043651967,0.02317161675095558
1760554756085197300,19.976197265625,0.0093371526658535,0.00003322641616687179,0.010135755697637796
1760554756095201300,19.986201171875,0.008600070562958717,0.009564823941886425,0.0018660861328244208
1760554756105205200,19.996205322265624,0.027893969097733496,0.013768869769293814,0.007454115398228168
1760554756115209200,20.006209228515626,0.010236147332191466,0.013564634167775511,0.027663082951307295
1760554756125214200,20.016214111328125,0.02115910788476467,0.002515069827158004,0.042660599466413256
1760554756135218200,20.02621826171875,0.01576981606185436,-0.0007505078400485217,0.02713715938106179
1760554756145222100,20.03622216796875,0.026983868515491484,0.001123158811032772,0.002354892563074827
1760554756155227100,20.04622705078125,0.019525953724980352,0.0010202829584479332,0.01949541245624423
1760554756165231000,20.056231201171876,0.007596446478366851,0.0012842128579504787,0.02625540811046958
1760554756175235300,20.0662353515625,0.005213350734114647,0.014440942078270017,0.02817293216958642
1760554756185240300,20.076240234375,0.028411270970106123,-0.008006470317672938,-0.0007058101817965508
1760554756195244300,20.086244384765624,0.007778232786059379,0.0049032618716359135,0.0008687456585466861
1760554756205249300,20.096249267578123,0.004943886142969131,0.008665263019967824,0.030144378373026845
1760554756215253000,20.1062529296875,0.010592121163010596,-0.012418605937808752,0.017557868522405623
1760554756225257200,20.11625732421875,0.0021826047360897064,0.003960263666789979,0.015537614741176367
1760554756235262200,20.12626220703125,-0.0009749825119972228,0.00952847398687154,0.02695069689825177
1760554756245266200,20.13626611328125,0.014005144476890562,-0.002158474941831082,0.02492664372473955
1760554756255270100,20.146270263671877,0.031080782440304756,0.00379480743939057,0.03382642788663506
1760554756265275100,20.156275146484376,0.023711130455136297,0.0073267809578217566,0.030788521495461463
1760554756275279400,20.166279296875,0.020094693523645398,0.01302327556638047,0.009154051183909178
1760554756285284400,20.176284423828125,0.01965337949693203,0.006021817572787404,0.017171061161905525
1760554756295288000,20.1862880859375,0.01416647251844406,-0.008788907665945589,0.012122107209265232
1760554756305292000,20.1962919921875,0.01553074660897255,0.009685326782707124,-0.007173398760706186
1760554756315297000,20.206297119140626,0.02599894913136959,0.020151026820763945,0.005790273839235306
1760554756325301200,20.21630126953125,0.016868132692575453,0.015203523948602377,0.01380158472880721
1760554756335305200,20.22630517578125,0.01685702677667141,-0.006224208277091384,0.030509266162663695
1760554756345310200,20.236310302734374,0.030609657797217367,-0.013567301048897206,0.015501666644960641
1760554756355314200,20.246314208984376,0.02504559392929077,-0.005320829696580767,0.021624679569900034
1760554756365319200,20.256319091796875,0.0030260698229074476,-0.008707001536153256,0.0171209384098649
1760554756375323400,20.266323486328126,0.010175357055664061,0.015447543571237473,0.018322569284588096
1760554756385327000,20.2763271484375,0.014018003958463667,-0.003145622815657407,0.018995207849144935
1760554756395332000,20.28633203125,0.034438276174664495,-0.011298844660259783,0.014560148011147975
1760554756405336000,20.296336181640626,0.02346387769579887,-0.001893704792112112,0.026630671163648364
1760554756415340300,20.30634033203125,0.010868015494942665,-0.011284633471816777,0.02425020576789975
1760554756425345300,20.31634521484375,0.020408581778407094,-0.01610726785529405,0.02627338215857744
1760554756435349200,20.326349365234375,0.041458968591690064,-0.02123465733900666,0.011451952862739562
1760554756445354200,20.336354248046874,0.019454057532548905,-0.012878697730228305,0.02896042928546667
1760554756455358200,20.346358154296876,0.01572597692012787,-0.010065266011003405,0.024706863494217395
1760554756465362400,20.356362548828123,0.02154255424439907,-0.0024315745284780857,0.02431508769765496
1760554756475367400,20.366367431640626,0.0115156657487154,-0.0037801578595302995,0.007095218957960605
1760554756485371100,20.37637109375,0.017071546310186383,0.006954020388983189,0.03156476656496525
1760554756495375000,20.386375,0.02994680997431278,-0.0026731647320091725,0.02911766567379236
1760554756505380000,20.396380126953126,0.027965865290164947,-0.00732579457713291,0.008441665130853652
1760554756515384300,20.40638427734375,0.010151391658186912,0.014825393084902315,0.010565233156085013
1760554756525389300,20.416389404296876,0.020648235753178597,0.005190225586853921,0.019148644845187662
1760554756535393300,20.426393310546874,0.013617606464028358,-0.016637465741857885,0.017341010901331902
1760554756545397200,20.436397216796873,0.014768530064821242,-0.0029106450160034,0.0028439912542700765
1760554756555402200,20.44640234375,0.007747837647795677,0.011265325983148068,0.023000059576332568
1760554756565406200,20.45640625,0.023183891710638997,-0.0035742600238882,0.02140051542520523
1760554756575410400,20.466410400390625,0.004062427133321762,0.020518471893668174,0.010914484985172748
1760554756585415400,20.47641552734375,0.029803017589449882,0.010214757484290748,0.02224032725021243
1760554756595419400,20.48641943359375,0.014504326170682907,-0.011943152179475874,0.010523878232389688
1760554756605424400,20.49642431640625,0.015705518653988837,-0.006996233829203993,0.01361424546316266
1760554756615428400,20.506428466796876,0.029966683718562124,-0.00013073197389021514,0.015350129345059393
1760554756625432300,20.516432373046875,0.015876783567667006,-0.018336579543631524,0.0035823885314166543
1760554756635437300,20.526437255859374,0.01691314087808132,-0.009445946802571416,0.012896014191210269
1760554756645441300,20.536441162109377,0.019893033471703528,-0.006668225717544555,0.014581775321066378
1760554756655445200,20.5464453125,0.02049158388674259,-0.008694817908015101,0.021457506309449672
1760554756665450200,20.5564501953125,0.020061375775933265,-0.0036764234904199835,0.01809986644461751
1760554756675454500,20.566454345703125,0.02782324194908142,0.0021005342095158992,0.012048895842581987
1760554756685459500,20.57645947265625,0.017932547053694722,-0.01132812555367127,0.0386022639863193
1760554756695463400,20.58646337890625,0.021417466560006142,0.005359645603317767,0.020654227102547884
1760554756705467100,20.596467041015625,0.01872866586744785,0.004531834743358195,0.02618102770000696
1760554756715472100,20.60647216796875,0.02083352919220924,0.005247618329897522,0.021358283718675375
1760554756725476400,20.616476318359375,0.01800502776801586,0.009369337902404367,0.0030520810469985005
1760554756735481300,20.6264814453125,0.025016952356696126,0.0019238624683581291,0.007486702493578195
1760554756745485300,20.6364853515625,0.027868250134587286,-0.01145611758120358,0.012567951280623674
1760554756755489300,20.6464892578125,0.02069850463569164,-0.007232727732509374,0.012248363937437534
1760554756765494300,20.656494384765626,0.026995558953285214,-0.013809694970026612,0.019099837267398834
1760554756775498500,20.66649853515625,0.02400514496564865,-0.015655468967184425,0.016419073750823736
1760554756785502500,20.67650244140625,0.02313771448135376,0.007734649372659623,0.027719050922244786
1760554756795507500,20.686507568359374,0.03674363050758839,0.004312565969489515,0.012531564792990684
1760554756805511200,20.69651123046875,0.016107669714093206,-0.005049447142984718,0.0003660568334162235
1760554756815516200,20.70651611328125,0.02524725398123264,0.003887655088305473,0.015589783319830894
1760554756825520400,20.716520263671875,0.006090133568644523,-0.0014257767531089484,0.019933803873509168
1760554756835524400,20.7265244140625,0.026145079603791234,0.0032274558802135285,0.022444471520185468
1760554756845529300,20.736529296875,0.009974281525611877,0.012260255304630844,0.01602554438859224
1760554756855533300,20.746533203125,0.015170096603035926,0.016224902885593473,0.0043066111527383325
1760554756865537300,20.756537353515625,0.01915828945636749,0.01601931557720527,0.02044175339564681
1760554756875542500,20.76654248046875,0.024777882903814313,0.006898582141008228,0.0189672969289124
1760554756885546500,20.77654638671875,0.009321955096721648,0.00951948696281761,0.029349866994470356
1760554756895551500,20.786551513671874,0.01869827072918415,0.01885172599153593,0.012062632106989622
1760554756905555200,20.79655517578125,0.00532908606827259,0.011836823994480073,0.015731822139024732
1760554756915559200,20.80655908203125,0.021456045004725456,0.0032251908578909932,0.02275017646849155
1760554756925564400,20.816564453125,0.023651509222388265,0.008217574051395058,0.027283289853483435
1760554756935568400,20.826568359375,0.008959551525115966,0.0018309600205160675,0.010652180787175893
1760554756945572400,20.836572265625,0.022696400454640386,-0.0017370163930580018,0.025886720928549763
1760554756955577300,20.846577392578126,0.03029752310812473,0.000038998569827526807,0.011069675546884535
1760554756965581300,20.856581298828125,0.007695230677723884,-0.008546970402542502,0.0031979192584753032
1760554756975586300,20.86658642578125,0.030699089646339415,0.007481039937771856,0.018210487212240695
1760554756985590300,20.87659033203125,0.03220423351228237,-0.002038136497791856,0.019427461786568165
1760554756995594200,20.88659423828125,0.034569793599843975,-0.0062452327988110476,0.03112126058116555
1760554757005599200,20.89659912109375,0.027967618855834004,-0.01697188532799482,0.01089504963234067
1760554757015603200,20.906603271484375,0.015232640445232391,-0.006686473760288208,0.013732611145824193
1760554757025607400,20.916607421875,0.016111761367321013,-0.006118336749821901,0.016896774265170098
1760554757035612400,20.9266123046875,0.024158289700746533,-0.027840686274226752,0.02522577280178666
1760554757045616400,20.936616455078124,0.04450315859317779,-0.0198898003350012,0.01791515752747655
1760554757055621400,20.946621337890626,0.016947043147683142,-0.018024481387156992,0.013224223232269286
1760554757065625300,20.956625244140625,0.032792262533307075,-0.014213471731636673,0.014346943651884794
1760554757075629300,20.96662939453125,0.034463410615921015,-0.011308489271439612,0.010985212133824824
1760554757085634300,20.97663427734375,0.03493278169333935,-0.010587682449910788,0.02022065799087286
1760554757095638300,20.98663818359375,0.020129764837026595,-0.01022286772551015,0.0046808512926101685
1760554757105642200,20.996642333984376,0.01657470270395279,-0.007637929266225546,0.022862258540838957
1760554757115647200,21.006647216796875,0.018557400953769683,0.009463208464626222,0.02485825466364622
1760554757125651500,21.0166513671875,0.02035831289589405,0.010467581467889248,0.004978080673515796
1760554757135656400,21.026656494140624,0.028766660279035565,0.007139277295395732,0.017925532791018484
1760554757145660400,21.036660400390623,0.048070495685935015,0.012862349383626133,0.014213088139146566
1760554757155664400,21.046664306640626,0.017815642675757408,0.01218258695853874,0.008066402077674865
1760554757165669400,21.05666943359375,0.01934358289539814,0.005093870806600898,0.011092764161527156
1760554757175673300,21.06667333984375,0.024762685334682462,0.009730901223793626,0.008573620947450398
1760554757185677300,21.07667724609375,0.02092296104133129,0.004032324256002902,0.019899170951545236
1760554757195682300,21.086682373046877,0.0009071779727935791,-0.011017488701920956,0.01825432635396719
1760554757205686300,21.096686279296875,0.021879238852858543,-0.011676792860869317,0.020567279471457003
1760554757215691300,21.106691162109374,0.03568739945292473,-0.00043064650222659107,0.02058729934617877
1760554757225695500,21.116695556640625,0.024801848301291465,-0.004263886255864054,0.005073065480589866
1760554757235699500,21.126699462890624,0.034576807862520216,-0.02237845707926899,0.010923691204935311
1760554757245704400,21.136704345703127,0.02275602168738842,0.0049369632118381555,0.03311097309365869
1760554757255708200,21.146708251953125,0.02379120995402336,0.02607274501994252,0.028534458958357573
1760554757265712400,21.15671240234375,0.0043874213039875026,0.026688027374073862,-0.008767974475771188
1760554757275717400,21.16671728515625,0.00797813927233219,-0.0016268888157792388,0.006201046597212553
1760554757285721300,21.176721435546874,0.02117255188822746,-0.02258771591577679,0.020948826134949923
1760554757295726300,21.186726318359376,0.036761750686168666,-0.023179617394320666,0.0217938986569643
1760554757305730300,21.196730224609375,0.01795709697306156,-0.022461386122368275,-0.0039123511381447314
1760554757315734300,21.206734375,0.03086567838490009,0.0035778584867715833,0.002718026787042618
1760554757325739300,21.2167392578125,0.02210018812716007,0.02254869907964021,0.012201163794845342
1760554757335743500,21.226743408203124,-0.0006073182433843612,0.06596627265950665,0.017218407434970138
1760554757345747200,21.236747314453126,-0.01886427494585514,0.10232340633384883,0.005207359384745359
1760554757355752200,21.246752197265625,-0.034060675033926964,0.12196558858333155,0.011436170771718025
1760554757365756200,21.256756103515624,-0.04768821837007999,0.13148586099743842,0.018799246885627507
1760554757375761200,21.26676123046875,-0.042323476466536517,0.12672050975915045,-0.01899929950237274
1760554757385765400,21.276765380859374,-0.03566869475245476,0.12366868444047867,-0.02443491468504071
1760554757395769300,21.286769287109376,-0.019244798696041107,0.10389653740208596,-0.010610387472063302
1760554757405774300,21.2967744140625,-0.009435352343320847,0.06924538566172123,-0.018341127854585648
1760554757415778300,21.3067783203125,0.015661094990372656,0.03080868750065565,-0.01744578645005822
1760554757425782500,21.316782470703124,0.032868834900856014,0.023127850674465298,-0.038442981771379704
1760554757435787500,21.32678759765625,0.050449499776959415,0.008573219088651239,-0.08025280962735414
1760554757445791200,21.336791259765626,0.0857943694025278,-0.012400558824464678,-0.20668489436656234
1760554757455796200,21.346796142578125,0.0898158800035715,-0.022591551840677855,-0.2859893172279
1760554757465800200,21.35680029296875,0.10073241081535815,-0.01570223071835935,-0.3186291656784713
1760554757475804400,21.366804443359374,0.08809797016978263,-0.003372435575164854,-0.3396636242702603
1760554757485809400,21.376809326171873,0.08594634509384631,0.020754143813066183,-0.3198679136931896
1760554757495813400,21.3868134765625,0.06516250026226043,0.05406286796852946,-0.29017449395805595
1760554757505818400,21.396818359375,0.036727848416566844,0.09789532422591,-0.2621039992496371
1760554757515822300,21.406822265625,0.008628127613663673,0.1336055930977687,-0.188997846506536
1760554757525826600,21.41682666015625,-0.02443944472968578,0.15856785612516106,-0.1218805589146912
1760554757535831600,21.42683154296875,-0.04116904573440552,0.1737117953736335,-0.06124824942797422
1760554757545835500,21.43683544921875,-0.037650223958492275,0.17522161541469394,-0.05064253813102841
1760554757555839500,21.446839599609376,-0.02300911966562271,0.15729593649320303,-0.027734833013266322
1760554757565844500,21.456844482421875,-0.032934301352500917,0.14903982052970677,-0.04631488419026136
1760554757575848700,21.4668486328125,-0.022631518524885177,0.1471059298576787,-0.02099032718911767
1760554757585852400,21.476852294921876,-0.044914077481627464,0.15062409404646604,-0.007237403907626867
1760554757595857400,21.486857421875,-0.03636486032307148,0.15128233875948935,-0.051857905270159245
1760554757605861400,21.496861328125,-0.0431914914727211,0.16565069052558393,0.04102028491348028
1760554757615866400,21.506866455078125,-0.04023205714523792,0.1426549783308059,0.00046381811946630475
1760554757625870600,21.51687060546875,-0.023420623075962065,0.12538381779529154,-0.04178323210999369
1760554757635874600,21.52687451171875,-0.02457271572053432,0.09930003992468119,-0.06690466775447129
1760554757645879600,21.536879638671873,0.0008557400465011596,0.07578172862790525,-0.06642316784784197
1760554757655883500,21.546883544921876,0.020191139635443688,0.048654213858023286,-0.0141593121252954
1760554757665887500,21.556887451171875,0.030410335832834243,-0.01016023255176842,-0.002695668824762106
1760554757675892500,21.566892578125,0.0322159239500761,-0.0369361574050039,0.05227963781356811
1760554757685896400,21.576896484375,0.04179097702503204,-0.019072730064764617,0.07181465162783861
1760554757695901400,21.5869013671875,0.0145873282790184,0.002239449489861727,0.09574746200963855
1760554757705905400,21.596905517578126,0.006053893211483955,0.05602583860456943,0.10533566682711243
1760554757715909400,21.606909423828125,-0.023700024539232253,0.0757617818184197,0.08470116733834147
1760554757725914400,21.616914306640624,-0.01825637218058109,0.10130728809386491,0.03534983806163072
1760554757735918600,21.626918701171874,-0.019565116691589356,0.13151245674341916,-0.046872664203494785
1760554757745922600,21.636922607421877,-0.03461538630723953,0.1677601204276085,-0.09324410088658332
1760554757755927600,21.646927490234376,-0.03876958337724209,0.2021283270407468,-0.13826923752725123
1760554757765931500,21.656931640625,-0.0566764114677906,0.20573453483916818,-0.14356471358686684
1760554757775936500,21.6669365234375,-0.07291267599761486,0.20350670272186397,-0.07767813683375716
1760554757785940500,21.6769404296875,-0.07817980274558067,0.21931217461898922,-0.011992781741172074
1760554757795944400,21.6869443359375,-0.08615794201791285,0.21942359910421072,0.056741293397545814
1760554757805949400,21.696949462890625,-0.09249941999912262,0.21187413357272744,0.06837605548128485
1760554757815953400,21.706953369140624,-0.0960246715158224,0.2009684164159,0.06351385627239942
1760554757825957600,21.71695751953125,-0.08230769633054733,0.18624723262414336,0.08285875434204935
1760554757835962600,21.726962646484374,-0.0867184985101223,0.17979732583239674,0.1817500673353672
1760554757845966600,21.736966552734376,-0.08439853112995624,0.16409736013635992,0.23154694842249154
1760554757855971600,21.7469716796875,-0.06963818437159061,0.14242986433804034,0.23389584963619708
1760554757865975300,21.756975341796874,-0.041111178067326545,0.09313874081596732,0.18716347068622707
1760554757875979500,21.7669794921875,-0.0004278700232505798,0.05206190340965986,0.14618052210845053
1760554757885984500,21.776984619140624,0.02724281171262264,0.0184488260127604,0.0988322762824595
1760554757895988500,21.786988525390626,0.04203063099980354,-0.0004791618190705776,0.08546900990568101
1760554757905992400,21.796992431640625,0.04141279136240482,0.013460370075702666,0.0697508509658277
1760554757915997400,21.80699755859375,0.05701777225136757,0.013541326357424258,0.022293372611701487
1760554757926001700,21.817001708984375,0.03270107711851596,0.03424129229784011,-0.04624262267164886
1760554757936006700,21.827006591796874,0.02259527816772461,0.0524240147203207,-0.036940833580121395
1760554757946010600,21.8370107421875,-0.00007774141132831573,0.08080635185688734,-0.010609583754464984
1760554757956014300,21.847014404296875,0.015290508112311363,0.09050956135615706,-0.01569675082564354
1760554757966019300,21.857019287109374,0.023072832551598546,0.07217530163377522,-0.06544913518391549
1760554757976023600,21.8670234375,0.03574117546677589,0.04745601704940199,-0.08294153725467622
1760554757986027500,21.877027587890623,0.04104688065946102,0.05751461585760116,-0.07723733426369726
1760554757996032500,21.887032470703126,0.025770401072502135,0.06049173197224736,-0.02714147022999823
1760554758006036500,21.897036376953125,0.019017419680953024,0.04919949971586465,0.022105010432749986
1760554758016041500,21.90704150390625,0.02245148578286171,0.04981061735153198,0.05902735850811004
1760554758026045400,21.91704541015625,0.02903787843585014,0.03778773273304105,0.1025965972520411
1760554758036049700,21.927049560546877,0.03703706049621105,0.029311873071640727,0.0633300972033292
1760554758046054700,21.9370546875,0.050849897271394724,0.008519406542181968,0.04267323975227773
1760554758056058400,21.947058349609375,0.04171031300425529,-0.004144698589295149,-0.009080328360572456
1760554758066062300,21.957062255859373,0.06608546032607555,-0.015062836836278438,-0.07314356214404105
1760554758076067300,21.9670673828125,0.08238952939510345,-0.004534428559243679,-0.08244425525702535
1760554758086071600,21.977071533203127,0.0699479809731245,-0.01387976453155279,-0.06144194536916911
1760554758096076500,21.98707666015625,0.04088029192090034,-0.0023654139570891855,-0.0415334951326251
1760554758106080500,21.99708056640625,0.03099953389763832,0.01045475851893425,0.02148212929405272
1760554758116084500,22.00708447265625,0.039914661759138104,0.006911094562709331,0.020469883511587975
1760554758126089500,22.01708935546875,0.04185176730155945,0.010960077692568302,0.009785261759534477
1760554758136093400,22.027093505859376,0.03450315810441971,-0.016488485725224017,0.029983854049071668
1760554758146097400,22.037097412109375,0.04190378974974155,-0.008655015620589256,0.019258169634267686
1760554758156102400,22.047102294921874,0.5865431663811207,-0.019040800556540487,-0.14864537785202264
1760554758166106400,22.0571064453125,1.3225164312511681,0.8892281823441386,-0.18960618766322732
1760554758176111400,22.067111328125,-0.5870429325968026,1.072760749182105,0.35244923688955604
1760554758186115600,22.077115478515626,0.15486264493167398,1.3079334868863224,0.10235979282148182
1760554758196119600,22.08711962890625,-0.08021393892168999,0.4087941513806581,-1.2503417141392825
1760554758206124500,22.09712451171875,-0.8623182558476924,0.7535553910508751,0.4948937142748385
1760554758216128500,22.10712841796875,0.32102935868799687,1.3487374987006187,0.9953236545626073
1760554758226132500,22.117132568359374,0.03925181393623352,0.9376780327364802,0.8325080047998576
1760554758236137500,22.127137451171876,0.8882803801000118,-3.5682732045635577,1.6685548512503503
1760554758246141400,22.137141357421875,-0.7067734738707542,-8.85363031348586,-4.67019896569252
1760554758256145400,22.1471455078125,0.7817103491723537,4.970364984571933,0.8664147313810885
1760554758266150400,22.157150390625,-0.4376940826505422,1.2320292278572915,1.4449980247989296
1760554758276154600,22.167154541015623,0.03115677028596401,1.0133259789168834,0.09771766610406339
1760554758286159600,22.17715966796875,-0.05506196200847625,-3.5433141198739406,-1.424909176494181
1760554758296163600,22.18716357421875,0.07463760009407996,1.9635797078490256,0.8771163042679428
1760554758306167600,22.19716748046875,-0.051962826949357985,-0.8995069997742772,-0.1341227123070508
1760554758316172500,22.207172607421874,0.001426233410835266,0.0441758263349533,0.13867650315389035
1760554758326176500,22.217176513671873,0.01714753415584564,0.045698505857586856,-0.06286912862807512
1760554758336181500,22.227181396484376,-0.016088965013623238,-0.026283611291646955,-0.012534560467675327
1760554758346185500,22.237185546875,0.029492636466026304,-0.015927344711124895,0.05961801787763834
1760554758356189400,22.247189453125,-0.030978491109609603,0.0688698303475976,0.12191921042464673
1760554758366194400,22.2571943359375,0.03688508480489254,-0.021081950995326042,0.10457129485849291
1760554758376198700,22.26719873046875,-0.008426467561721801,0.04401157568395137,0.11128960679545997
1760554758386202600,22.27720263671875,0.04014437886178493,-0.02905103017836809,0.0718545087141916
1760554758396207600,22.28720751953125,-0.018461539363861083,0.049941550254821776,0.06852251474726945
1760554758406211600,22.297211669921875,0.03402268111109733,0.002031213566660881,0.0017829378940165041
1760554758416215300,22.30721533203125,-0.029458149674534796,0.04874123455435037,0.017024090439267454
1760554758426220500,22.317220458984377,0.027213585618138313,0.02222352224588394,0.013513963426463306
1760554758436224500,22.327224609375,-0.010099369210004806,0.05748860463351011,0.02454853112734854
1760554758446229500,22.3372294921875,0.02740413975417614,0.012781740161776542,0.03629040684737265
1760554758456233500,22.3472333984375,-0.004638765716552734,0.03471387824565172,0.03496650129985064
1760554758466237400,22.357237548828124,0.0038145898520946502,0.02288929267823696,0.054165122766606504
1760554758476242400,22.367242431640626,-0.0001391162097454071,0.03495937743932009,0.06647771104667335
1760554758486246700,22.37724658203125,-0.0019277531921863555,0.037568975415825843,0.07545834189243614
1760554758496250400,22.38725048828125,-0.001052139401435852,0.038244098198413845,0.04688979800138622
1760554758506255400,22.39725537109375,0.005368249034881592,0.04739245029389858,0.03189111244250089
1760554758516259300,22.40725927734375,-0.017384850043058394,0.038111703990399835,0.03511770980618894
1760554758526264300,22.417264404296876,-0.008735095119476318,0.020141163013875484,0.04715506134144962
1760554758536268300,22.427268310546875,0.00023205519020557403,0.02940086652934551,0.07598590943049639
1760554758546272300,22.437272216796874,0.005894903257489204,0.027235505189001558,0.09068948450032621
1760554758556277200,22.44727734375,0.010178279665112495,0.00797989283800125,0.08440039429347962
1760554758566281200,22.45728125,0.003178630036115646,0.03631751405000686,0.0945719154242426
1760554758576285400,22.467285400390626,0.005064297652244568,0.01975654761046171,0.10226385816633701
1760554758586290400,22.47729052734375,0.011786883905529975,0.023335282880067823,0.12321820072662085
1760554758596294400,22.48729443359375,0.012534487402439117,0.034872283677756785,0.10370594673343002
1760554758606299400,22.49729931640625,-0.0000263034850358963,0.04439356073886156,0.03800601512622088
1760554758616303400,22.507303466796873,-0.026042788273096085,0.04418342511951923,0.0273194936780259
1760554758626307300,22.517307373046876,-0.01601122360229492,0.04009937067627906,0.031800584614835675
1760554758636312300,22.527312255859375,-0.0022609306693077086,0.03728255968987942,0.034982940977998075
1760554758646316300,22.53731640625,0.009855039060115813,0.024976035824418066,0.04488152691889554
1760554758656320300,22.5473203125,-0.007477204012870788,0.04153524869829416,0.060635159030929205
1760554758666325200,22.5573251953125,0.0007762450695037841,0.051746553850173946,0.06319671661462635
1760554758676329500,22.56732958984375,-0.005844634374976158,0.046292672358453274,0.04294789197519421
1760554758686334500,22.57733447265625,-0.008963058656454085,0.058765492701530454,0.017398220981284976
1760554758696338400,22.58733837890625,0.005595043528079986,0.04997808287292719,-0.007289353290572762
1760554758706342100,22.597342041015626,0.0015448913544416428,0.05176292046308517,0.0035844343580305575
1760554758716347100,22.60734716796875,-0.0033685996502637863,0.05706161139309406,-0.007646350034698843
1760554758726351400,22.617351318359376,-0.0026017069309949873,0.0452566073089838,-0.01339234634079039
1760554758736355300,22.627355224609374,-0.007515197935700416,0.05895341648906469,-0.039822453431040045
1760554758746360300,22.6373603515625,0.0038221886366605756,0.05827215622663497,-0.014184519631788134
1760554758756364300,22.6473642578125,0.0032207156121730803,0.051321021914482116,0.022966705296002327
1760554758766369300,22.657369384765627,0.008584872993826865,0.04317629390358925,0.05285378443971276
1760554758776373500,22.66737353515625,0.005168927070498466,0.010584230117499828,0.05976217558868229
1760554758786377500,22.67737744140625,-0.010088263294100761,0.029352351212501526,0.04758716914840042
1760554758796382500,22.687382568359375,-0.022654314878582955,0.03914806130081415,0.028235001087747513
1760554758806386200,22.69738623046875,-0.009594342297315596,0.05106354002207517,0.003129457132145762
1760554758816390400,22.707390380859376,-0.011931845334172249,0.04976327107846737,0.01302482820264995
1760554758826395400,22.7173955078125,-0.0005564648389816284,0.04147124355137348,0.014375292963534592
1760554758836399400,22.7273994140625,-0.007419920867681503,0.03731616969853639,0.027210663008689878
1760554758846404400,22.737404296875,-0.01859071870148182,0.04575783482939005,0.026180406645499168
1760554758856408300,22.747408203125,-0.0007528641939163207,0.04769260228425264,0.027979638087190686
1760554758866412300,22.757412353515626,0.00005786766707897186,0.036194179931282995,0.02261756306476891
1760554758876417300,22.767417236328125,0.004225508740544319,0.030565818655490875,0.012107859488204122
1760554758886421500,22.77742138671875,-0.0003109656453132629,0.03896393690556287,0.0007162950431928039
1760554758896425200,22.78742529296875,0.0077817399173974984,0.04300795159935951,0.025145949031226335
1760554758906430200,22.79743017578125,0.008690671455860137,0.04629501044601202,0.055469300700351595
1760554758916434200,22.80743408203125,0.010979074653983116,0.0316103592723608,0.046738114571012554
1760554758926439200,22.817439208984375,-0.0020306290447711945,0.022998598271608352,0.05407287790589034
1760554758936443400,22.827443359375,-0.0002408230185508728,0.042975510634481906,0.04908880588300526
1760554758946447400,22.837447265625,-0.0005009352594614029,0.041404023534059524,0.0389621102746576
1760554758956452400,22.847452392578123,-0.013183306699991225,0.034786358959972855,0.025518106811866163
1760554758966456300,22.857456298828126,-0.010931143859028816,0.052706923314929,-0.0235160462744534
1760554758976460300,22.867460205078125,-0.016017068821191787,0.051691316531598565,-0.011914675003662705
1760554758986465300,22.87746533203125,0.0017985738545656202,0.03450871106237173,0.014394947512075304
1760554758996469200,22.88746923828125,0.0016308160722255706,0.0350479325056076,0.04087349685393274
1760554759006474200,22.89747412109375,0.003558569264411926,0.034062136338651176,0.04476224792078137
1760554759016478200,22.907478271484376,0.012384849798679352,0.027479835338890552,0.03881678351983428
1760554759026482400,22.917482421875,-0.007491817060112952,0.04492401435375214,0.02266848953440785
1760554759036487400,22.9274873046875,-0.008089198431372641,0.040922085236012935,0.0038704847577959297
1760554759046491400,22.937491455078124,-0.009755670338869094,0.042431613016128536,-0.008038198896497487
1760554759056495400,22.947495361328127,-0.00832242266535759,0.04277735771387815,0.0024623715255409477
1760554759066500400,22.957500244140626,-0.0011146832436323166,0.04420271434187889,0.022440452932193874
1760554759076504300,22.96750439453125,-0.0013975918382406233,0.0389019775852561,0.0386602777838707
1760554759086508300,22.97750830078125,-0.01122983454465866,0.034657179622352124,0.037194479547627265
1760554759096513300,22.98751318359375,-0.001388239488005638,0.02461597034037113,0.05477704411987215
1760554759106517200,22.997517333984376,0.0029342998862266537,0.05011953717023134,0.04291581633649766
1760554759116522200,23.007522216796875,-0.011708557972311974,0.03458323760330677,-0.008855031704716384
1760554759126526500,23.0175263671875,0.005346037203073501,0.052040860621631144,-0.03954623030554503
1760554759136530400,23.027530517578125,-0.007383095988631248,0.04014408660084009,-0.03616126404237002
1760554759146535400,23.037535400390624,-0.004094575837254524,0.04684621458798647,0.002901749323494732
1760554759156539400,23.047539306640626,0.00038169279396533964,0.05354658900946378,0.02718724560048431
1760554759166543400,23.05754345703125,-0.01068739823102951,0.039837797130644316,0.03724255647305399
1760554759176548400,23.06754833984375,0.012198971837759018,0.0449906498491764,0.019817082158662378
1760554759186552300,23.07755224609375,-0.015949848803877828,0.028001521125435826,0.028279790077544747
1760554759196557300,23.087557373046874,-0.010526070189476013,0.035358021368086336,0.03767305684480816
1760554759206561300,23.097561279296876,-0.00887830298244953,0.021683424019813536,0.05591540050003677
1760554759216565200,23.107565185546875,-0.0010942249774932862,0.03834171335399151,0.04792633797489106
1760554759226570200,23.1175703125,-0.0042430443972349165,0.032089959482848644,0.05277560463696718
1760554759236574500,23.127574462890625,0.012355623704195021,0.03389642438292503,0.04380144006460905
1760554759246578200,23.137578125,0.002045242092013359,0.0417360319674015,0.03669190032035112
1760554759256583200,23.147583251953126,0.0013227730363607406,0.028886487266421318,0.022268822692334652
1760554759266587100,23.157587158203125,-0.020512626674771307,0.027852175782620905,0.025074162436649203
1760554759276592000,23.167592041015624,-0.011391162586212157,0.03388970238119363,0.03147993782572448
1760554759286596400,23.177596435546874,0.01092880577147007,0.03634118718653917,0.06758888715896755
1760554759296600300,23.187600341796873,-0.004160626810789108,0.03590250350832939,0.033061727124452586
1760554759306605300,23.197605224609376,0.00007072714865207672,0.03836334066390991,0.04227788375914097
1760554759316609300,23.207609375,0.006709142249822616,0.04193506167083978,0.0423159142145887
1760554759326613500,23.217613525390625,0.012740823629498481,0.03283288680464029,0.03642751376312226
1760554759336618500,23.227618408203124,-0.006211714121699333,0.04754764085561037,0.004076784452237189
1760554759346622200,23.237622314453127,0.0005126256972551345,0.06132482179552316,-0.0126963999658823
1760554759356627200,23.247627197265626,0.002777063497900963,0.06040449208021163,0.006623838586546481
1760554759366631200,23.257631103515624,-0.01230301673412323,0.04331599463522434,-0.0016949673496186731
1760554759376635400,23.267635498046875,-0.0215717803388834,0.03247136001586914,0.0010676292315125464
1760554759386640400,23.277640380859374,0.006248539000749588,0.03485591706484556,0.026523520994745194
1760554759396644400,23.287644287109377,-0.005559387692809104,0.025791151599586008,0.031076252395659684
1760554759406648300,23.2976484375,-0.013067571365833282,0.040383156053721905,0.017230865057744085
1760554759416653300,23.3076533203125,0.005486322456598282,0.04561287340074777,0.02056841198261827
1760554759426657500,23.317657470703125,0.0007248071432113647,0.031300270409882064,0.025202866850234568
1760554759436661200,23.3276611328125,0.010126841738820076,0.01911386579275131,0.03701718675196171
1760554759446666200,23.337666259765626,-0.007412906605005264,0.03328092283308506,0.022099384409561752
1760554759456670200,23.347670166015625,-0.008325929796695709,0.025576924327015874,0.009044818655773997
1760554759466675200,23.35767529296875,0.0035182372540235518,0.05134644861668348,-0.005897460540756583
1760554759476679400,23.367679443359375,-0.011336217528581619,0.05392740502059459,-0.023623561769537626
1760554759486683400,23.377683349609374,-0.00396188936829567,0.04698679210245609,-0.02067676772791892
1760554759496688400,23.3876884765625,-0.011569441762566565,0.02606996854096651,0.013491057474911212
1760554759506692400,23.3976923828125,0.011176058530807494,0.03242635183036327,0.028625753971002994
1760554759516696000,23.407696044921874,0.012851882788538932,0.03416442766934633,0.05663958658874035
1760554759526701000,23.417701171875,0.00847965905368328,0.030358021123707293,0.08602353851590305
1760554759536705000,23.427705078125,0.007142272970080375,0.031256723529100416,0.07541252998933196
1760554759546710000,23.4377099609375,0.0013940847069025038,0.02617576700299978,0.09294968451727181
1760554759556714000,23.4477138671875,0.006600421178340912,0.030935528750717638,0.077147135229595
1760554759566718200,23.45771826171875,-0.012080313894152641,0.035007892756164075,0.06240322814937681
1760554759576723200,23.46772314453125,0.003333528336882591,0.03315992680191993,0.041011663215607404
1760554759586727200,23.47772705078125,-0.009816460615396498,0.052393327321112154,0.02160177361834794
1760554759596731100,23.487731201171876,-0.005445405924320221,0.04260404697358608,-0.008625826058723031
1760554759606736100,23.497736083984375,-0.012495908957719803,0.04274491674900055,-0.01991878896746784
1760554759616740000,23.507739990234374,-0.003675473642349243,0.024507249268889426,0.005507803636044264
1760554759626744000,23.517744140625,0.001554243704676628,0.045214229471981525,0.005533595664426684
1760554759636749000,23.5277490234375,-0.0023427637338638303,0.028840894559025762,0.005794402025081217
1760554759646753000,23.5377529296875,0.005296937364339828,0.03248480401933193,0.006966149218194186
1760554759656758000,23.547758056640625,0.015911854881048203,0.029140169766545293,0.02021842950116843
1760554759666762200,23.55776220703125,-0.003084522011876106,0.05446867229044437,0.01700947739202529
1760554759676766200,23.56776611328125,-0.001737199056148529,0.04988982006758451,0.029064949105866253
1760554759686771200,23.577771240234377,0.0009504325926303862,0.036921617422997946,0.03610599019117653
1760554759696775200,23.587775146484375,-0.0024918168157339097,0.03140519208908081,0.030649332220479844
1760554759706779000,23.59777880859375,-0.011299392649531365,0.03535480649769306,0.04308255120553076
1760554759716784000,23.6077841796875,-0.0004985971719026565,0.0328369784578681,0.05665029064584523
1760554759726788000,23.6177880859375,-0.003967734587192536,0.029277824671566484,0.03002539163585752
1760554759736793000,23.62779296875,0.004087561574578285,0.036944413776695724,0.02593819538746029
1760554759746797000,23.637797119140625,-0.010268296036124228,0.026110300551354885,0.02422090660817921
1760554759756801000,23.647801025390624,0.010552958196401596,0.04368658151328563,0.005428600919991732
1760554759766806000,23.657805908203127,-0.001585223364830017,0.03956804027855396,0.011237835188023746
1760554759776810200,23.667810302734374,-0.0051256724506616586,0.04181844955384731,0.004002477107010781
1760554759786814000,23.67781396484375,0.0049503158837556835,0.04244651832431554,0.005605345726385712
1760554759796819000,23.68781884765625,0.0022936638951301575,0.03354191185683012,0.032503070328384634
1760554759806823000,23.697822998046874,0.002268529453873634,0.0483066425293684,0.046802192783169445
1760554759816828000,23.707827880859377,0.00828793587386608,0.04035889839529991,0.06855842631086707
1760554759826832100,23.71783203125,-0.00395662867128849,0.025975568255782126,0.047417730865627526
1760554759836836000,23.727836181640626,0.010839958444237708,0.03837123170942068,0.04441906050629914
1760554759846841000,23.737841064453125,0.0022919103294610976,0.031178397595882413,0.02281922311671078
1760554759856845000,23.747844970703124,0.007919687083363533,0.029356442865729332,-0.0019104732638224957
1760554759866849300,23.757849365234375,-0.007495908713340759,0.04879033439308405,0.013733122602477669
1760554759876854300,23.767854248046874,-0.012726210582256316,0.03709346685856581,0.01569211118314415
1760554759886858000,23.77785791015625,-0.0019499650239944457,0.0329193960443139,0.012382255982793867
1760554759896863000,23.787863037109375,-0.0011719663888216018,0.047670682713389395,0.026910912877134978
1760554759906867000,23.797866943359374,0.010063713374733925,0.04825345103740692,0.03148925364334136
1760554759916871200,23.80787109375,0.008130699485540389,0.04087678478956222,0.044360279523767525
1760554759926876200,23.817876220703123,0.005328501546382904,0.022744038988649844,0.0422065355559811
1760554759936880000,23.827880126953126,0.006641922232508659,0.020724808120727536,0.04038209660779685
1760554759946884000,23.837884033203125,-0.007291910573840141,0.034682021802663804,0.01059982954543084
1760554759956889000,23.84788916015625,-0.01627659654021263,0.055502399252355096,-0.008409589492157102
1760554759966893300,23.857893310546874,0.00736906746327877,0.033817513927817344,0.013105638353899121
1760554759976897000,23.86789697265625,0.002274959194660187,0.040409751799702645,0.02650730051230639
1760554759986902000,23.877902099609376,0.0082914430052042,0.03740238667726516,0.060402592384070156
1760554759996906000,23.887906005859374,0.006080781218409538,0.028216917441785335,0.0707392044160515
1760554760006911000,23.897910888671873,0.014057751446962356,0.02594868024885654,0.05915620905216783
1760554760016915200,23.907915283203124,-0.004438274708390235,0.03568330779969692,0.06784355603978037
1760554760026919200,23.917919189453126,0.011012392401695251,0.02287088023871183,0.07402450969703495
1760554760036924200,23.927924072265625,0.011633154648542404,0.026399054364860057,0.056438255330361425
1760554760046928100,23.93792822265625,0.010243746116757392,0.03164864545613527,0.021484467381611465
1760554760056932000,23.94793212890625,0.004879004213213921,0.03639905485361814,0.020175211413949727
1760554760066937000,23.95793701171875,-0.00755728351175785,0.028574060316383838,0.02971281855534762
1760554760076941000,23.967941162109376,-0.0054787236720323556,0.025558219626545906,0.02729209421444684
1760554760086945000,23.977945068359375,0.0030745851397514343,0.026294717207551,0.019171368133649228
1760554760096950000,23.987949951171874,-0.014578560450673102,0.03637216684669256,0.010025938647612928
1760554760106954000,23.9979541015625,-0.010807809740304946,0.04416355137526989,0.007880597181990742
1760554760116959000,24.007958984375,0.011930091768503188,0.03343143721967935,-0.009155987412668765
1760554760126963200,24.017963134765626,-0.023412439769506452,0.03853168296813965,-0.013635470914281904
1760554760136967200,24.02796728515625,-0.0075695584714412685,0.03885843070447444,-0.005904547868669033
1760554760146972200,24.03797216796875,-0.01026654247045517,0.03170183694809675,0.005662446208484471
1760554760156975900,24.047975830078126,-0.002026537391543388,0.03135492320656776,0.027434936751239
1760554760166980000,24.05797998046875,0.011133388432860374,0.04285042295008897,0.045627851774170995
1760554760176985000,24.067985107421876,-0.0005284077882766723,0.01787380260378122,0.054558761726692315
1760554760186989000,24.077989013671875,0.005294599276781082,0.028399872793257234,0.058842868786677716
1760554760196994000,24.087994140625,0.006057984864711761,0.05104717340916395,0.03866988586243242
1760554760206998000,24.097998046875,0.011453121906518935,0.024916414591670034,0.04137505316790193
1760554760217002200,24.108002197265623,0.002363222000002861,0.0454854476287961,0.0492490744786337
1760554760227007200,24.11800732421875,0.008083353212475776,0.048882688851654525,0.023607012493535875
1760554760237011200,24.12801123046875,-0.013194997137784957,0.02960048075467348,0.018955460360646246
1760554760247015000,24.138014892578123,-0.01719020425379276,0.03342383843511343,0.025804960929229855
1760554760257020000,24.14802001953125,0.010514379751682281,0.019838672935962677,0.04571545699238777
1760554760267024100,24.158024169921877,-0.006335048240423202,0.03932312560677528,0.030876236311532555
1760554760277028000,24.168028076171876,0.007789338701963424,0.04263531889468431,0.043363888897560536
1760554760287033000,24.178033203125,-0.007727379381656646,0.06286825184524059,0.035895598843507466
1760554760297037000,24.188037109375,-0.011100655207037924,0.045185003377497195,0.03126505296602845
1760554760307042000,24.1980419921875,0.004927519530057906,0.023622867649793624,0.020928404401428995
1760554760317046300,24.20804638671875,0.00313011471927166,0.04087649252861738,-0.0017954685820266603
1760554760327050000,24.218050048828125,-0.005257774397730827,0.027339842346310615,0.03001505290493369
1760554760337055000,24.228054931640624,-0.010193477234244346,0.047614860872924325,0.03377860668953508
1760554760347059000,24.238058837890627,-0.009725275200605392,0.03023088761270046,0.025107260988652704
1760554760357063200,24.248063232421874,-0.004724105912446976,0.0533867222726345,0.042519364364817736
1760554760367068200,24.258068115234376,0.00011982698738574981,0.04303454734534025,0.025637495407834648
1760554760377072000,24.268072021484375,-0.01542962432205677,0.03629354865252971,0.003809000361524522
1760554760387077000,24.2780771484375,-0.022283143478631973,0.04465571880638599,-0.0018805530495941637
1760554760397081000,24.2880810546875,-0.011658289089798927,0.03582330079227686,-0.014901508794724941
1760554760407085000,24.2980849609375,0.0064496145308017725,0.04050006043165922,-0.02163377619180828
1760554760417090300,24.30809033203125,0.00044072950482368465,0.03978197529017925,-0.007498246800899505
1760554760427094000,24.318093994140625,-0.0049801265001296995,0.03719751175493002,-0.014895992369391023
1760554760437098000,24.328097900390624,-0.0046831893801689145,0.0360240840613842,0.002506247199885547
1760554760447103000,24.33810302734375,0.004587327790260315,0.043859015470743175,0.0225162215821445
1760554760457107000,24.34810693359375,0.00817512314915657,0.04239040422290563,0.021957783981785176
1760554760467111200,24.358111083984376,-0.004998246678709984,0.03348521323353052,0.022475706908665596
1760554760477116200,24.3681162109375,0.00011222820281982422,0.03137742729932069,0.021401976729929446
1760554760487120100,24.3781201171875,0.005775076270103454,0.028562077617645263,0.004247684039734303
1760554760497125000,24.388125,-0.0005494505763053894,0.027329613213241098,0.001250365387275815
1760554760507129000,24.398129150390623,-0.009376900154352188,0.03238368173241615,0.004275558427348732
1760554760517133800,24.4081337890625,-0.008896423161029815,0.03057955491989851,0.03028798809479922
1760554760527138800,24.418138916015625,-0.003914543095231056,0.03948270008265972,0.03972611691709608
1760554760537142800,24.428142822265624,0.011523264533281325,0.03537994093894958,0.056871678311564026
1760554760547146800,24.438146728515626,-0.0046545478075742715,0.02463701312839985,0.0528399020448327
1760554760557151700,24.44815185546875,-0.00004442366361618042,0.03317717019766569,0.06347757938262075
1760554760567155700,24.45815576171875,0.009814122527837752,0.030417934617400166,0.05942600243687629
1760554760577160000,24.468159912109375,-0.0017377835780382155,0.025407120718061924,0.05932992165125906
1760554760587165000,24.4781650390625,-0.011486439654231071,0.029791034890711304,0.041766390573047096
1760554760597169000,24.4881689453125,-0.004651625198125839,0.03380114731490612,0.026857684852555394
1760554760607174000,24.498173828125,0.018387889605760575,0.03950783452391624,0.005428199061192572
1760554760617177600,24.508177490234374,0.007906827601790428,0.037597324727475644,-0.003183963798359036
1760554760627181800,24.518181884765625,0.004202127864956855,0.03779313956052065,0.012959434816241264
1760554760637186800,24.528186767578124,-0.009380407285690307,0.028891747963428496,0.0003359904887154698
1760554760647190800,24.538190673828126,0.0072474869102239605,0.047046413335204124,-0.007501826997473836
1760554760657194800,24.54819482421875,0.0013040683358907699,0.03339958077669143,0.00046129736881703133
1760554760667199700,24.55819970703125,0.023917466682195663,0.031097441314160822,0.01698741169068962
1760554760677204000,24.568203857421874,0.011346738922595977,0.028850831431150435,0.03628898207526654
1760554760687209000,24.578208984375,0.0011754735201597213,0.03208148391544818,0.04001691655721515
1760554760697213000,24.588212890625,-0.01035538979768753,0.03288140212148428,0.09521759291663766
1760554760707216600,24.598216552734375,0.018202596166729926,0.0315165435090661,0.08936039132103324
1760554760717221600,24.6082216796875,0.003980009546875953,0.01655365991592407,0.1008008729416877
1760554760727225900,24.618225830078124,0.006517419070005416,0.03278466374874115,0.10459789060447365
1760554760737229800,24.628229736328127,0.004292728757858276,0.038703240142762656,0.07038951419554651
1760554760747234800,24.63823486328125,0.014185177218914031,0.03580108896046877,0.02153174058943987
1760554760757238800,24.64823876953125,-0.017387772652506826,0.02297638643980026,-0.004032872245274484
1760554760767243000,24.658242919921875,-0.0024351181924343107,0.03691577220410108,-0.011372457885742187
1760554760777248000,24.668248046875,0.00040390462577342983,0.05808627826571464,-0.02776957553308457
1760554760787251700,24.678251708984376,0.008588380125164986,0.044153614503145214,-0.021898637673072516
1760554760797257000,24.688257080078124,0.004519523251056671,0.04446516467034817,-0.03147898797765374
1760554760807260700,24.6982607421875,-0.003883563435077667,0.05021481423825025,-0.013563465123996138
1760554760817265000,24.708264892578125,-0.010936989077925681,0.039221126537024975,-0.02157386269811541
1760554760827270000,24.718269775390624,-0.016032850912213324,0.04258475775122642,-0.020417349606752396
1760554760837273900,24.72827392578125,0.006858779853582382,0.038082770156860346,0.0025799700232222674
1760554760847277800,24.73827783203125,0.0023147066831588742,0.03498363509774208,0.018508337647654114
1760554760857282800,24.74828271484375,0.012184358790516853,0.0354813554868102,0.0022056933507323263
1760554760867287000,24.758287109375,-0.005087094005942344,0.036490824790298935,0.007031652202457189
1760554760877290800,24.768290771484374,0.0003226560831069946,0.04323123896121978,-0.0009223390093073249
1760554760887295700,24.778295654296876,-0.0008662614405155182,0.030742636527121066,0.000359444429539144
1760554760897299700,24.7882998046875,0.0034890111595392223,0.03737725223600864,0.005986125204898417
1760554760907304700,24.7983046875,-0.014461071550846099,0.03190408152192831,0.021764343768917022
1760554760917309000,24.808308837890625,-0.004435352098941803,0.03644844695329666,0.02666040871478617
1760554760927313000,24.81831298828125,-0.008908698120713234,0.03701338735967874,0.06399974009320139
1760554760937318000,24.82831787109375,-0.0014303250640630722,0.028932372234761715,0.061468102723732584
1760554760947321900,24.83832177734375,-0.0018728081345558165,0.030759295400977132,0.06660977646112441
1760554760957325800,24.848325927734376,-0.00010813654959201812,0.02516366735100746,0.07110471326019614
1760554760967330800,24.858330810546875,0.0030260698229074476,0.022571897292137145,0.09342190513890236
1760554760977334800,24.868334716796873,0.009309095615148543,0.02229892556965351,0.09415763553492724
1760554760987338800,24.8783388671875,0.014062427622079848,0.04062865524739027,0.056392626090347765
1760554760997343700,24.88834375,-0.0007382511466741561,0.041213761658966536,0.06776314774733036
1760554761007347700,24.89834765625,-0.0029869068562984463,0.03674538407325744,0.061862691531889134
1760554761017352700,24.908352783203124,0.0022504092752933503,0.031637247279286386,0.04897953682225197
1760554761027357000,24.91835693359375,-0.0041653029859066,0.044564533391594885,0.023263788546435533
1760554761037361000,24.92836083984375,0.010963877084851264,0.0346320451810956,0.036407055496983226
1760554761047366000,24.938365966796876,0.0050052609413862225,0.03558773847073316,0.024673034289851785
1760554761057369900,24.948369873046875,-0.0008043021202087402,0.0365600906342268,0.013592435490153728
1760554761067373800,24.958373779296874,-0.01260579907298088,0.021291794353723525,0.018871544936858116
1760554761077378800,24.96837890625,-0.006312836408615112,0.03630202421993017,0.008830262589640914
1760554761087382800,24.9783828125,-0.0066284782290458675,0.039170565393567086,0.00038512686006724834
1760554761097387800,24.9883876953125,-0.008447510349750519,0.04555266764611005,0.013136471883580088
1760554761107391700,24.998391845703125,0.007700491374731063,0.034385376943647857,0.008106441827118397
1760554761117396000,25.00839599609375,0.030300445717573163,0.02509966220408678,0.02526000386495143
1760554761127401000,25.01840087890625,-0.002761281406879425,0.035222120028734205,0.03398888843934983
1760554761137405000,25.028405029296874,-0.005557634127140045,0.037542671930789945,0.04221943157017231
1760554761147408600,25.03840869140625,0.002539163088798523,0.025318565651774406,0.04498283186890185
1760554761157413600,25.04841357421875,-0.0010293430477380753,0.031046880170702933,0.03396203696504235
1760554761167417900,25.05841796875,0.0054524201869964595,0.04135667726099491,0.024683373020775615
1760554761177421800,25.068421875,-0.0034627076745033262,0.03622399054765701,-0.0067854223564267156
1760554761187426800,25.0784267578125,-0.0026700959920883177,0.03551321192979812,-0.0006778261963278054
1760554761197430800,25.0884306640625,-0.012803951993584632,0.03184562933295965,0.017944420154578984
1760554761207435800,25.098435791015625,-0.006372457641363144,0.04492547565847635,0.04645078552961349
1760554761217440000,25.10843994140625,0.011430325552821159,0.01709229683727026,0.05986965455114841
1760554761227444000,25.11844384765625,-0.013400164321064948,0.03690875794142484,0.054877143493480975
1760554761237449000,25.128448974609373,-0.0011053308933973312,0.034625323179364204,0.053730567274242635
1760554761247452700,25.13845263671875,0.00651332741677761,0.03185615072697401,0.04058357399664819
1760554761257457000,25.148456787109374,0.0026730186015367506,0.04577244787663221,0.04453117911126464
1760554761267462000,25.1584619140625,0.0012064531803131103,0.02594400407373905,0.022396759920939802
1760554761277465900,25.1684658203125,-0.0047679450541734695,0.020884382596611975,-0.004648337262496352
1760554761287469800,25.1784697265625,-0.0007242226213216781,0.042507893122732635,0.0015116101393476127
1760554761297474800,25.188474853515626,0.0003717559218406677,0.027062778970599173,0.0075840619208291165
1760554761307478800,25.198478759765624,-0.004072364005446433,0.04338233786970377,0.014945895925723015
1760554761317483800,25.20848388671875,-0.012613982379436492,0.037761575378477574,0.014323124384880065
1760554761327488000,25.218488037109374,0.017468436673283575,0.04346212510764599,0.021848551453649997
1760554761337491700,25.22849169921875,0.0162953012406826,0.0341048064365983,0.03169580906610936
1760554761347496700,25.23849658203125,-0.0037421091377735135,0.030749650789797304,0.03839121505152434
1760554761357500700,25.248500732421874,-0.005089432093501091,0.038026363794505594,0.049747123661264776
1760554761367505000,25.2585048828125,0.013763736936450003,0.005788520273566245,0.04518222689852118
1760554761377510000,25.268510009765624,-0.0031540801167488095,0.02819265978336334,0.04214424744211137
1760554761387513900,25.278513916015626,-0.005765139397978783,0.029181086298823353,0.04536744727231562
1760554761397517800,25.288517822265625,0.0041477673292160035,0.027810966989398,0.02355075226165354
1760554761407522800,25.298522705078124,0.000011690437793731688,0.03613602000325918,0.024724216487817464
1760554761417526800,25.30852685546875,0.00019406126737594602,0.036629941000044346,0.012092844582162797
1760554761427531800,25.31853173828125,0.01327507663667202,0.02819616691470146,0.034272271957993504
1760554761437535700,25.32853564453125,0.0011807342171669005,0.029900048223137854,0.0350168432475999
1760554761447539700,25.338539794921875,0.01063771387040615,0.04134118743091821,0.027813706935755907
1760554761457544700,25.348544677734374,-0.006239771172404289,0.04081979390531778,0.01496854614894837
1760554761467549000,25.358548828125,-0.0037882863670587537,0.028558570486307142,0.012868578195013105
1760554761477553000,25.368552978515623,-0.016767010405659675,0.025778292118012903,-0.0004005801575258374
1760554761487558000,25.378557861328126,0.0016845920860767364,0.048752924992144106,-0.0004910714525729417
1760554761497561900,25.388561767578125,0.00020458266139030456,0.03696224169433117,0.02743661725167185
1760554761507566800,25.39856689453125,-0.0008364508241415023,0.04109071980118751,0.012674224666692315
1760554761517570300,25.4085703125,0.005759294179081917,0.030253391705453395,-0.0025100831247866153
1760554761527574300,25.41857421875,0.0011427402943372726,0.027057810534536837,-0.014012341402657329
1760554761537579300,25.428579345703124,0.0003057049483060837,0.03888268836289644,0.0037957390211522577
1760554761547583200,25.438583251953126,-0.019265841484069825,0.04276362144947052,0.006671002196520567
1760554761557587500,25.44858740234375,-0.011937106031179428,0.03376315339207649,-0.00015829583425074816
1760554761567592400,25.458592529296876,-0.004129062628746033,0.03258621856719255,0.020227453057840464
1760554761577596400,25.468596435546875,0.017382511955499648,0.037409985461831094,0.030151794494502244
1760554761587600100,25.47860009765625,0.011411620852351189,0.016203531304001807,0.02270505868513137
1760554761597605000,25.488605224609376,0.02596153973042965,0.026063246539235113,0.03937142172791064
1760554761607609300,25.498609375,0.0032078561305999755,0.03558540038317442,0.0415679453914985
1760554761617613300,25.50861328125,-0.003970072674751282,0.01822246991097927,0.05374810293093323
1760554761627618300,25.518618408203125,0.0015554127484560011,0.03232172241210937,0.04958952194675803
1760554761637622300,25.528622314453123,-0.0020306290447711945,0.02000146228224039,0.03921758287306875
1760554761647627300,25.538627197265626,-0.005620177969336509,0.020249591824412345,0.044058008641563354
1760554761657631500,25.548631591796877,0.02131634427309036,0.03079261314868927,0.04630038074087351
1760554761667635500,25.558635498046876,-0.005748772785067558,0.026278935116529463,0.05522741823587566
1760554761677640400,25.568640380859375,-0.007877016985416412,0.03674742989987135,0.03645224634557962
1760554761687644200,25.57864404296875,-0.0038169279396533962,0.026216099013388155,0.01524465967658907
1760554761697648400,25.5886484375,-0.002127075156569481,0.024013620533049104,0.012178696234710514
1760554761707653400,25.5986533203125,0.009866729497909545,0.02549567578434944,0.01928903969656676
1760554761717657300,25.6086572265625,0.004233692046999931,0.024655425567924976,0.023613369169086216
1760554761727662300,25.618662353515624,0.001000116953253746,0.02482990535199642,0.030140615513361987
1760554761737666300,25.628666259765627,-0.008241174122691155,0.029100130017101763,0.03447988682668656
1760554761747670500,25.63867041015625,-0.003421206620335579,0.03129062579870224,0.048222982833907004
1760554761757675500,25.648675537109376,-0.011027005448937416,0.03345277226865291,0.03709533002208918
1760554761767679200,25.65867919921875,-0.012613982379436492,0.020794658486545086,0.052030668021179734
1760554761777683200,25.66868310546875,0.006578793868422508,0.03437397876679897,0.06651227090340107
1760554761787688200,25.678688232421877,0.004175239858031273,0.03523322594463825,0.05661620571315288
1760554761797692400,25.6886923828125,0.015443068325519562,0.021688100194931028,0.03593077975474298
1760554761807696400,25.6986962890625,0.015481646770238876,0.030316227808594703,0.02120535817928612
1760554761817701400,25.708701416015625,-0.002762450450658798,0.026624387553334235,0.020797581095993518
1760554761827705300,25.718705322265624,0.005476970106363296,0.019667992544174194,0.024266974239610134
1760554761837710300,25.72871044921875,0.0005476970106363296,0.03353811246454715,0.01825597032178193
1760554761847714300,25.73871435546875,0.0011497545570135115,0.03816284965574741,0.030842005248367783
1760554761857718300,25.74871826171875,0.007416413736343383,0.02853898900300264,0.011527502316981554
1760554761867723300,25.75872314453125,-0.026833646389842033,0.030634499977529046,-0.001230930034443736
1760554761877727200,25.768727294921874,-0.0052589434415102,0.03643967912495136,0.01275843235142529
1760554761887731200,25.778731201171876,-0.0015489830076694487,0.02450666474699974,0.016015242190286515
1760554761897736200,25.788736083984375,-0.00421674091219902,0.025831483609974382,0.04103880695085972
1760554761907740400,25.798740478515626,-0.015002923342585562,0.0380412691026926,0.045894284158013755
1760554761917744400,25.808744384765625,-0.002422258710861206,0.04015285442918539,0.03557151798829436
1760554761927749400,25.818749267578124,-0.005250760135054588,0.022916765207052228,0.03806855896841734
1760554761937753300,25.82875341796875,0.0058341129809617994,0.03310439722239971,0.03313457316495478
1760554761947757300,25.83875732421875,-0.00012625672817230223,0.03353431307226419,0.011790719830431043
1760554761957762300,25.84876220703125,0.001855272477865219,0.030802842281758783,0.012397417019307612
1760554761967766300,25.858766357421874,-0.003361585387587547,0.023845278228819367,-0.018440533108450473
1760554761977771300,25.868771240234373,0.013560323318839072,0.029213819524645804,-0.014227664653770625
1760554761987775200,25.878775146484376,0.015101123020052908,0.03795739021152258,0.010741028114408253
1760554761997779500,25.888779541015627,-0.003848492121696472,0.0246893278375268,0.010972571847960352
1760554762007784400,25.898784423828126,0.0035386955201625824,0.02696224120557308,0.012099383920803666
1760554762017788400,25.908788330078124,0.005378185907006263,0.029720015481114387,0.02132653687354177
1760554762027792100,25.918792236328127,0.01729658723771572,0.022121815437078474,0.0076103288732469075
1760554762037797000,25.928797119140626,0.006288871011137962,0.020324995148181913,0.02749543476682156
1760554762047801300,25.93880126953125,0.009598433950543403,0.01701777029633522,0.03734758775010705
1760554762057805300,25.948805419921875,0.005767477485537529,0.02748509603589773,0.029301534340716896
1760554762067810300,25.958810302734374,0.010017536145448685,0.02717822204381227,0.044903008098341524
1760554762077814300,25.968814208984377,-0.0001239186406135559,0.024567455023527144,0.01904089188808575
1760554762087819300,25.9788193359375,0.011154431220889091,0.028031331741809842,0.02176695585111156
1760554762097823500,25.988823486328126,-0.00021451953351497648,0.033278000223636625,0.040438576035387815
1760554762107827500,25.998827392578125,-0.009342997884750365,0.021458967614173888,0.05825704998904839
1760554762117832400,26.00883251953125,0.015507950255274771,0.026299685643613336,0.06371661230288446
1760554762127836200,26.018836181640626,0.0023719898283481597,0.028922727623581886,0.0940219351249747
1760554762137840400,26.02884033203125,0.010592705684900283,0.029077333663403985,0.07885317196249961
1760554762147845400,26.038845458984376,0.013398995277285575,0.03658580959737301,0.0962416935336776
1760554762157849300,26.048849365234375,0.006824293062090874,0.028774259063601492,0.06971627284279093
1760554762167853300,26.058853271484374,0.012943652725219726,0.031678456072509284,0.035692386155296116
1760554762177858300,26.0688583984375,0.014859130957722663,0.02458294485360384,0.051065859843324866
1760554762187862300,26.0788623046875,-0.009577975684404372,0.031603637270629405,0.03883355199154466
1760554762197867500,26.088867431640626,-0.012007248657941817,0.03397153544574976,0.014109810427762567
1760554762207871500,26.09887158203125,0.00891629690527916,0.03734364222735166,0.009513495613448322
1760554762217875200,26.108875244140624,0.00980593922138214,0.02106938377469778,0.012693733084760605
1760554762227880200,26.118880126953126,0.0005225625693798065,0.021107377697527407,0.011449395579472183
1760554762237884200,26.12888427734375,0.013068740409612655,0.02286971119493246,-0.010005261185765266
1760554762247888400,26.138888427734376,-0.008373860591650009,0.0228024911776185,-0.02405691168550402
1760554762257893400,26.148893310546875,-0.012573065847158432,0.023857553188502786,-0.009772767604142427
1760554762267897300,26.1588974609375,-0.007174421674013137,0.030739129395782945,-0.0032279856031760573
1760554762277901300,26.1689013671875,-0.02177811656594276,0.037190497492253775,-0.008405863165110349
1760554762287906300,26.17890625,-0.010686229187250137,0.02254588606804609,0.023795411205105484
1760554762297910300,26.18891015625,-0.004064765220880508,0.03256605256199836,-0.000925809608027339
1760554762307915300,26.198915283203124,0.00362637380361557,0.026393501406908035,-0.006149499073065817
1760554762317919200,26.208919189453123,0.012018939095735549,0.03267652719914913,-0.01982647104151547
1760554762327923200,26.218923095703126,0.01149345391690731,0.033086277043819425,0.023773272438533603
1760554762337928200,26.22892822265625,-0.0032429274439811705,0.026122867771983145,0.04646598309874534
1760554762347932400,26.238932373046875,0.0017547347128391265,0.03951309522092342,0.06175926769003272
1760554762357936400,26.248936279296874,0.008954290828108787,0.013944061939418315,0.052398551485501224
1760554762367941400,26.25894140625,0.015667524731159208,0.025564649367332458,0.06996568102659657
1760554762377945300,26.2689453125,0.0041249709755182265,0.011709434755146502,0.057923415854200716
1760554762387949300,26.27894921875,-0.0014274024546146393,0.022347440886497497,0.06383616529563442
1760554762397954300,26.288954345703125,-0.0062421092599630355,0.022200725892186163,0.061330794878583395
1760554762407958300,26.298958251953124,-0.003245265531539917,0.03193476892113686,0.05512607675325125
1760554762417962200,26.308962158203126,0.0005167173504829406,0.00893763195425272,0.07331404160642996
1760554762427967200,26.31896728515625,-0.005047346517443657,0.01733838055282831,0.08936667493134737
1760554762437971500,26.328971435546876,-0.0009118541479110718,0.01982990510761738,0.03881214387733489
1760554762447976400,26.3389765625,0.008248188385367393,0.01918751555085182,0.017151406613364815
1760554762457980400,26.34898046875,0.002881692916154861,0.03000087824910879,-0.011746369232051074
1760554762467984400,26.358984375,0.014462240594625472,0.0101911391466856,0.018756430657207966
1760554762477989400,26.3689892578125,-0.005845218896865845,0.04152355826050043,0.04257328650914132
1760554762487993300,26.378993408203126,0.0024468086302280425,0.02975947070866823,-0.027399536644294856
1760554762497997300,26.388997314453125,-0.02709083602130413,0.03808540050536394,-0.05860449345353991
1760554762508002300,26.399002197265624,0.00552256281375885,0.03321925577372312,-0.08663593479320407
1760554762518006800,26.4090068359375,0.00559270544052124,0.03368950363397598,-0.1407195898214355
1760554762528010800,26.4190107421875,0.002911503532528877,0.025202245795726774,-0.14015737109510226
1760554762538015700,26.429015625,0.04363631263077259,-0.04519347894489765,-0.08611251370729878
1760554762548019700,26.439019775390626,0.11797872917056083,-0.13048895891457796,-0.03902737579690292
1760554762558024700,26.449024658203125,0.15205693986117838,-0.1992167504429817,-0.05784456019802019
1760554762568028700,26.459028564453124,0.19066461067497728,-0.27264029857218264,-0.0010056516448967159
1760554762578032600,26.46903271484375,0.22771102352142333,-0.32321196342408653,0.029097243940271435
1760554762588037600,26.47903759765625,0.26661270884573457,-0.361439987270534,0.022894717772025612
1760554762598041900,26.489041748046876,0.2971598228007555,-0.4477519508063793,-0.013396602390799671
1760554762608045800,26.4990458984375,0.360065484046936,-0.5345633882969617,-0.02598174226824194
1760554762618050800,26.50905078125,0.4097270483165979,-0.6194377202451229,0.022163864480517805
1760554762628054800,26.5190546875,0.45508594695627685,-0.6683873368531466,0.1310159053981304
1760554762638058800,26.529058837890624,0.44394905139207835,-0.682426091338694,0.14073928090259433
1760554762648063700,26.539063720703126,0.41841655072867867,-0.632961657076329,0.11985625001285224
1760554762658067700,26.549067626953125,0.38357144731879234,-0.583811257199198,0.11591333933966233
1760554762668072700,26.55907275390625,0.35274317833483215,-0.5448173635467887,0.09807911982759833
1760554762678076700,26.56907666015625,0.31772154931426044,-0.4831522038809955,0.100473467618227
1760554762688081000,26.579080810546873,0.3064385232776403,-0.4502490283191204,0.07084114868687465
1760554762698086000,26.5890859375,0.2757172217994928,-0.40190146925747394,0.05874602081608027
1760554762708089900,26.59908984375,0.24782091461420058,-0.36261020009368655,0.05868990671467036
1760554762718093600,26.609093505859374,0.2128939781397581,-0.3264718420028686,0.09721698657292872
1760554762728098600,26.6190986328125,0.18826281023025512,-0.27216698197200895,0.13426117092967033
1760554762738102800,26.629102783203123,0.12493629322350025,-0.21460180497094988,0.1145895981889218
1760554762748106800,26.639106689453126,0.061059741118550295,-0.14648527720868587,0.07146529020089655
1760554762758111700,26.64911181640625,0.08990998802781104,-0.08270531734600663,0.025337270352244375
1760554762768115700,26.65911572265625,0.07811608985960483,-0.06726297967284918,-0.02223075570426881
1760554762778119700,26.66911962890625,0.05856909334659576,-0.05436272769793868,-0.05289239941705018
1760554762788124700,26.679124755859377,0.04499649506807327,-0.052614934182539576,-0.04351940825283527
1760554762798129000,26.68912890625,0.03709317459762096,-0.016474018808454276,-0.0016668920326046645
1760554762808134000,26.6991337890625,0.0021767595171928405,0.013323811149224637,0.04962740627173334
1760554762818137600,26.7091376953125,-0.07325169869363307,0.07243022624291479,0.08462159929610788
1760554762828141600,26.7191416015625,-0.044778468403220174,0.11872947447262704,0.09865328472005203
1760554762838146600,26.729146484375,-0.05362579172551631,0.14993023003078995,0.10680014988910407
1760554762848150800,26.73915087890625,-0.09838029473125934,0.17518793234080074,0.0961518598257564
1760554762858154800,26.74915478515625,-0.09982055666744709,0.17849742221496998,0.09540025600716472
1760554762868159700,26.75915966796875,-0.09333236369192599,0.19609339425805955,0.07094396974053234
1760554762878163700,26.769163818359374,-0.2155857014417648,0.20656272929161787,-0.02261615655897185
1760554762888168000,26.77916796875,-0.33436990177631376,0.29582983457231893,-0.1090726979309693
1760554762898173000,26.7891728515625,-0.19206103346943854,0.3438470839673653,-0.11358429360389709
1760554762908176600,26.7991767578125,-0.30720307790935036,0.35552689076922833,-0.07469407952167094
1760554762918181600,26.809181640625,-0.3431874144822359,0.42347251894399524,-0.02946364783355966
1760554762928185600,26.819185546875,-0.17736381507515905,0.440815575671941,0.03884785451153293
1760554762938189800,26.82918994140625,-0.1719201627165079,0.40220735686887055,0.053889027505274856
1760554762948194800,26.83919482421875,-0.1270072542786598,0.39047063224799927,0.03496399881551042
1760554762958198800,26.84919873046875,-0.12950725440084934,0.3679982132749632,0.05349955326365307
1760554762968202800,26.85920263671875,-0.13433423616588114,0.35961474460475146,0.10073533342480659
1760554762978207700,26.869207763671874,-0.11241349625885486,0.3538123419363051,0.11046601545289159
1760554762988211700,26.879211669921876,-0.09977613300383091,0.31338863467648626,0.09215453381789848
1760554762998215700,26.889215576171875,-0.09160860863924027,0.30488471796438094,0.10161370542822405
1760554763008220700,26.899220703125,-0.06546177546977996,0.26083078270973636,0.09753313985001295
1760554763018224600,26.909224609375,-0.06576689589619636,0.21057461354779078,0.10723539950121193
1760554763028228900,26.919228759765623,-0.03222819890975952,0.16667274531600995,0.0933546485889703
1760554763038233900,26.92923388671875,-0.032627427360415455,0.11836551826475188,0.07668881526915355
1760554763048237800,26.93923779296875,-0.010579261681437491,0.05050835382472724,0.08161982366424053
1760554763058242800,26.949242919921875,-0.0014133739292621612,-0.020099497562926262,0.05997636632863432
1760554763068246800,26.959246826171874,0.030624855366349218,-0.07541369903311133,0.05052892168872058
1760554763078250800,26.969250732421877,0.04122282174825668,-0.13716313944887368,0.033329840008728205
1760554763088255700,26.979255859375,0.061328621187806125,-0.1940981653202325,0.007147789395414292
1760554763098259700,26.989259765625,0.06321721141338348,-0.27683442579377443,0.04186250789128244
1760554763108263700,26.999263671875,0.08636486276686191,-0.3224987371208146,0.0601017828065902
1760554763118268700,27.0092685546875,0.09915595527887344,-0.36032965140845624,0.05216719041503966
1760554763128273000,27.01927294921875,0.10396014069020748,-0.3744493621757254,0.047422955030016596
1760554763138276900,27.02927685546875,0.08910802399516105,-0.3456655680987984,0.010108538897149265
1760554763148281900,27.03928173828125,0.07076455805301665,-0.3203028345117345,-0.0513890821820125
1760554763158285800,27.049285888671875,0.06611059476733207,-0.29059056394565846,-0.054500638331286606
1760554763168290800,27.059290771484374,0.06974164474606513,-0.28020755548868326,-0.024471958759799597
1760554763178294800,27.069294677734376,0.06502806022763252,-0.2576363523162901,-0.0022372210001572967
1760554763188298800,27.079298828125,0.03310381270051002,-0.22159356355443596,-0.006350501537881791
1760554763198303700,27.0893037109375,0.0370960972070694,-0.20524434016942977,0.0018755846135318278
1760554763208307700,27.0993076171875,0.05079261412620544,-0.19114304184168576,0.03377846055906266
1760554763218311700,27.109311767578124,0.050125090128183364,-0.17546331521607936,0.01937551240362227
1760554763228316700,27.119316650390626,0.03566986379623413,-0.1765533024098724,0.018257285496033726
1760554763238321000,27.12932080078125,0.03646013739109039,-0.16991700620055197,0.024335217170231044
1760554763248324600,27.13932470703125,0.03649287061691284,-0.14379764555990696,0.015146715727448462
1760554763258329600,27.14932958984375,0.033524668461084366,-0.13532441624701022,-0.013083937978744506
1760554763268333600,27.15933349609375,0.023668460357189176,-0.11095986338444054,0.011950385637860744
1760554763278337800,27.169337890625,-0.0021305822879076003,-0.09473448557481169,0.012027542527299373
1760554763288342800,27.1793427734375,0.00880816035568714,-0.05450089405961334,-0.008844455511774867
1760554763298346800,27.1893466796875,0.009832827228307724,-0.019948782246932386,0.011265691309329121
1760554763308351700,27.199351806640625,-0.017127660411596298,-0.012431465419381857,0.01946746500339359
1760554763318355700,27.209355712890623,-0.004544657692313194,-0.007144903318583965,0.0208298759303987
1760554763328360000,27.21935986328125,0.017675357422232627,-0.013708938009291887,0.000268496476765722
1760554763338365000,27.229364990234377,-0.001202361527085304,-0.025313158824294805,-0.03337260143822059
1760554763348368600,27.23936865234375,-0.010575170028209686,-0.09767273098379373,0.0057874425613321364
1760554763358372600,27.24937255859375,-0.01228431203365326,-0.5106665260113775,0.09533520968062803
1760554763368377600,27.259377685546873,0.007266776132583618,-0.4239132484488189,0.13412695009075104
1760554763378381800,27.2693818359375,0.054881929266452786,-0.5187620080530643,0.08851031383033842
1760554763388385800,27.2793857421875,0.08725625864863396,-0.7957046799942851,0.1775997792555019
1760554763398390800,27.289390869140625,0.10444821646809577,-0.7371569216966629,0.1869108293657191
1760554763408394800,27.299394775390624,-0.016133973199129105,-0.9962417192555963,0.08434004240836948
1760554763418399000,27.30939892578125,-0.10124562103450298,-1.0312611563190817,0.20200760500421747
1760554763428404000,27.319404052734374,0.14541326406300067,-0.8067885301969945,-1.0986005622290074
1760554763438407700,27.32940771484375,-0.10388590641021728,-0.8654195828638971,0.5489497141111642
1760554763448412700,27.33941259765625,-0.08939034806787967,-0.6331317529462277,0.321022125229612
1760554763458416600,27.349416748046874,0.4241548021197319,-0.8804797893516719,-0.44285117315277456
1760554763468420900,27.3594208984375,0.08634908067584038,-0.6320987566366791,0.29172152247065675
1760554763478425900,27.36942578125,0.0794160665422678,-0.5471018212221562,-0.08122326209470629
1760554763488429800,27.379429931640626,0.17849778754115103,-0.524650481569767,0.06889368614722043
1760554763498433800,27.389433837890625,-0.2622247030198574,-0.5539325440250337,-0.411809626744315
1760554763508438800,27.399438720703124,0.2770511007517576,-0.719373719985783,-0.11199486898798496
1760554763518442500,27.4094423828125,0.5133949280619621,-1.14757545940876,0.4935097491031512
1760554763528446500,27.419446533203125,-0.5144266091972589,-0.7997465027309953,0.5693601590530947
1760554763538451500,27.429451416015624,0.7173544891178607,-0.9570932195633649,0.20120175024773923
1760554763548455400,27.439455322265626,-0.5283534277409315,-0.6346474182061851,-1.094733365406841
1760554763558459600,27.449459716796873,-0.07508359029591083,22.51847900568247,-0.48910614384934303
1760554763568464600,27.459464599609376,-0.3939543096452951,-3.196258924047649,-1.4170352282486856
1760554763578468600,27.469468505859375,-1.6631448089003562,-3.926118966734409,1.4671154563218354
1760554763588473600,27.4794736328125,-1.052560841718316,-1.1505626585260034,0.00011867620991542935
1760554763598477300,27.489477294921876,2.562020232772827,-1.2840006765045224,-0.03328074016999453
1760554763608481300,27.499481201171875,-1.5014853434354065,6.466550468033552,-1.6419925691477952
1760554763618486500,27.509486572265626,1.0145382773160934,-3.46221550707221,1.4644798471212386
1760554763628490500,27.519490478515625,-0.2082622266858816,-1.5600835167460143,0.9607814065568149
1760554763638494500,27.529494384765623,-0.4314046271175146,0.4508939020939171,-0.2907445123983547
1760554763648499500,27.53949951171875,-0.055931730580329894,2.0937487871594724,-0.06723881334597244
1760554763658503400,27.54950341796875,0.16497604266703128,-0.8469891692906618,0.4597982528330758
1760554763668507400,27.55950732421875,-0.03807341780662536,0.040139410425722596,-0.14444051004070788
1760554763678512400,27.569512451171875,-0.09485562773644923,0.6565851092480123,0.04929220123430714
1760554763688516400,27.579516357421873,0.1330646546214819,-0.646492169778794,0.09123261493369936
1760554763698521300,27.589521240234376,-0.09066694387495518,0.4619888582125306,-0.017643482712935657
1760554763708525300,27.599525390625,0.07169862403273582,-0.4432435334712267,0.04645783632490784
1760554763718529500,27.609529541015625,-0.05207447063028812,0.2475724928110838,-0.012871646934933959
1760554763728534500,27.619534423828124,0.04195756576359272,-0.28950404735058544,0.03438429923141375
1760554763738538500,27.62953857421875,-0.02096563113927841,0.12262874693349003,0.01028396852929145
1760554763748542500,27.63954248046875,0.008081599646806716,-0.1911899497233331,0.022035817654058334
1760554763758547500,27.64954736328125,-0.006904957082867622,0.04015972256138921,0.052609710018150506
1760554763768551400,27.659551513671875,0.023090952730178832,-0.09870236629247665,0.08696578780207782
1760554763778555400,27.669555419921874,0.0031277766317129134,-0.04003258905038237,0.08031201073499396
1760554763788560400,27.679560302734377,-0.011936521509289741,-0.05316285038888454,0.06369208064982668
1760554763798564400,27.689564453125,0.0018149404674768447,-0.08855097463428974,0.02842230382077396
1760554763808568600,27.699568603515626,-0.0008645078748464583,-0.028231968880444762,0.011794117363914846
1760554763818573600,27.709573486328125,0.0018406594306230545,-0.09513298337310552,-0.005768135072663426
1760554763828577500,27.71957763671875,-0.007754851910471916,-0.0469753939256072,-0.0005428564387373626
1760554763838582500,27.72958251953125,0.00315057298541069,-0.05884396476522088,0.015949355613533407
1760554763848586500,27.73958642578125,0.0011965163081884384,-0.049741059246659274,0.01130854407036677
1760554763858590500,27.749590576171876,0.006022913551330566,-0.05212064785957336,0.01361261976165697
1760554763868595500,27.759595458984375,0.006450199052691459,-0.06390636272132397,0.0027095146870240567
1760554763878599400,27.769599365234374,-0.0022264438778162,-0.04686901094168424,0.00501921640150249
1760554763888603400,27.779603271484376,0.015467618244886397,-0.05765022493600845,0.04017506626099348
1760554763898608400,27.7896083984375,0.005573416218161583,-0.0595185030259192,0.05091954670781269
1760554763908612600,27.799612548828126,0.0054500820994377135,-0.051181613443791865,0.03183974758144468
1760554763918616600,27.809616455078125,0.004542319604754447,-0.057347880988568065,0.03260923411659896
1760554763928621600,27.81962158203125,0.002470189505815506,-0.06484539713710546,0.034899043820519
1760554763938625300,27.829625244140626,-0.0073988780796527855,-0.06608838293552398,0.05468847078727558
1760554763948630500,27.839630615234373,0.016084288838505743,-0.06690437549352646,0.06380715839685872
1760554763958634500,27.849634521484376,0.011749474504590034,-0.06463248503878712,0.04802313114656135
1760554763968638500,27.859638427734374,-0.003064648267626762,-0.05187339510023593,0.05700383505756035
1760554763978643500,27.8696435546875,0.007552022814750671,-0.0663889733172953,0.02638564689401537
1760554763988647400,27.8796474609375,0.004696633383631706,-0.06014642566591501,0.015575827859714626
1760554763998651400,27.8896513671875,0.0075157824575901025,-0.04935410575568676,-0.009774776898138224
1760554764008656400,27.899656494140626,0.010661679267883301,-0.05599091342166066,-0.012359459629096091
1760554764018660600,27.90966064453125,0.008126023310422897,-0.06680106124952435,0.025100264992285518
1760554764028664300,27.919664306640627,0.003347556862235069,-0.05770400094985961,0.01482460763361305
1760554764038669300,27.92966943359375,0.009636427873373031,-0.05253346644416451,0.019803692954126744
1760554764048673300,27.93967333984375,0.009666823011636733,-0.06762172998264432,0.006916848450060934
1760554764058677500,27.949677490234375,-0.005275310054421425,-0.06463920704051852,0.024272381067089736
1760554764068682500,27.9596826171875,-0.0035860417932271956,-0.05452434800043702,0.03112279495112598
1760554764078686500,27.9696865234375,0.025778584378957747,-0.06880334098264575,0.040816597301233555
1760554764088691500,27.97969140625,0.006954641443490982,-0.059425856306403874,0.05261588403061032
1760554764098695400,27.9896953125,0.001273088675737381,-0.04611205509454012,0.039481914631370456
1760554764108699600,27.99969970703125,0.007407061386108398,-0.06632131490856409,0.0318064846326597
1760554764118704600,28.00970458984375,0.008891746985912323,-0.06318652401417493,0.06507175323888659
1760554764128708400,28.019708251953126,0.008454524612426757,-0.048821167922765016,0.07243020797660574
1760554764138712300,28.02971240234375,0.008303133442997932,-0.05947977845072746,0.04460055455304682
1760554764148717300,28.03971728515625,-0.0011696283012628554,-0.04845861822068691,0.048332982547022396
1760554764158721500,28.049721435546875,-0.0000017535656690597534,-0.04245192515179515,0.02204725236352533
1760554764168725500,28.0597255859375,-0.010909516549110413,-0.07112652323320508,0.011122593044210224
1760554764178730500,28.06973046875,0.005842296287417411,-0.05908595682755112,0.007385726337134838
1760554764188734500,28.079734375,0.000045008185505867,-0.07110270396620035,0.014744783863052726
1760554764198738400,28.089738525390626,-0.0020475801795721052,-0.06128551269844174,0.024067159084882585
1760554764208743700,28.09974365234375,-0.004734042784571647,-0.055939183234423394,0.01811546587254852
1760554764218747400,28.109747314453124,0.004994739547371864,-0.06587605535909533,0.012293573052342981
1760554764228752400,28.11975244140625,-0.0009790741652250289,-0.046915480431914326,0.013412895938474684
1760554764238756400,28.12975634765625,0.006051555123925209,-0.050339901922643183,0.009804331786185502
1760554764248760600,28.139760498046876,0.00007423427999019622,-0.045368250989913934,0.0014165887996554374
1760554764258765600,28.149765625,0.0021796821266412735,-0.054636430072784424,-0.010028605528734623
1760554764268769500,28.15976953125,0.01549625981748104,-0.06352569284066557,0.01699230706151575
1760554764278773500,28.1697734375,-0.004984218153357506,-0.057243251570314166,0.013785967034567147
1760554764288778500,28.179778564453127,0.0128881231456995,-0.04824219899103045,0.0010978782393038272
1760554764298782500,28.189782470703125,0.008451602002978325,-0.06443477050960064,0.012650113138742744
1760554764308786400,28.199786376953124,0.014473346510529518,-0.06020312428921461,0.016485581382084637
1760554764318791400,28.20979150390625,0.0023977087914943693,-0.061783817609399556,0.0229725870475173
1760554764328795400,28.21979541015625,-0.011480009913444519,-0.052786564422398805,0.0347613523828797
1760554764338800400,28.22980029296875,-0.011881576451659203,-0.054519817955791944,0.008616857300978154
1760554764348804400,28.239804443359375,0.00046411038041114806,-0.06274710968360304,0.03240536384126171
1760554764358808600,28.24980859375,-0.0020107553005218504,-0.05961684883385896,0.011281309003569185
1760554764368813600,28.2598134765625,0.0025379940450191494,-0.0547287845313549,0.0220426675199531
1760554764378817500,28.269817626953124,-0.0002624503284692764,-0.06951309668719768,0.02694335384201258
1760554764388821200,28.2798212890625,0.005586275699734688,-0.05479673520103097,0.023967041444964705
1760554764398826200,28.289826171875,0.004867898297309875,-0.04615019514784217,0.01630865391260013
1760554764408830500,28.29983056640625,-0.002429272973537445,-0.05230784099474549,0.012183171480428428
1760554764418834400,28.30983447265625,0.0027238720059394833,-0.058157736066728825,0.019534520623926074
1760554764428839400,28.31983935546875,-0.007392448338866233,-0.06044526248201727,0.029554741916805505
1760554764438843400,28.329843505859376,-0.007604629784822464,-0.06768003604114055,0.028322423642873764
1760554764448847600,28.33984765625,0.013522913917899131,-0.055555006222426886,0.028446050022542475
1760554764458852600,28.3498525390625,-0.002614566412568092,-0.06961714158356189,0.048125385944638395
1760554764468856600,28.359856689453125,0.009372223979234694,-0.06528393468484282,0.040566056606266644
1760554764478861600,28.369861572265624,0.005634206494688988,-0.05754822586625814,0.0324596330454573
1760554764488865300,28.379865234375,-0.002109539499878883,-0.05204509840533137,0.03911509061297402
1760554764498869500,28.389869384765625,0.00497837293446064,-0.05947612518891692,0.030312063090130684
1760554764508874500,28.39987451171875,0.007879939594864846,-0.05299216999709606,0.03224516831086948
1760554764518879000,28.40987890625,0.006734276691079139,-0.04774111760109663,-0.008405570904165506
1760554764528882700,28.419882568359377,0.012160393393039703,-0.05047361130490899,0.024690259419288485
1760554764538887700,28.4298876953125,-0.00031038112342357635,-0.040549890922755,0.011829499204549938
1760554764548892000,28.439891845703126,0.004256488400697708,-0.059318888800591225,0.008963917172979563
1760554764558895900,28.449895751953125,0.002068038445711136,-0.03986161639764905,0.02157320511098951
1760554764568900900,28.45990087890625,0.006733107647299766,-0.042403848226368425,-0.0038957105305977165
1760554764578904800,28.46990478515625,-0.016583470532298087,-0.048425592733919616,-0.019942096777819097
1760554764588908800,28.47990869140625,-0.003989361897110939,-0.057900692565739154,-0.01839137847078964
1760554764598913800,28.489913818359376,0.009373977544903754,-0.060862318850308655,-0.023734620928578077
1760554764608917800,28.499917724609375,-0.0009235445857048034,-0.05028408008217811,0.028742859278339892
1760554764618922800,28.5099228515625,0.0029588498055934903,-0.054206221961975096,0.044332067209435624
1760554764628926700,28.5199267578125,-0.013071078497171401,-0.05381634586155414,0.02640771259535104
1760554764638930700,28.5299306640625,0.00041091888844966884,-0.042810383200645445,0.011670043459674343
1760554764648935700,28.539935791015626,0.005913023436069489,-0.05430003772526979,0.016314563063578678
1760554764658940000,28.54993994140625,0.005627776753902435,-0.04838029228746891,0.031206171518797052
1760554764668944000,28.55994384765625,0.0056540802389383315,-0.04944119951725006,0.013329930362757295
1760554764678948900,28.569948974609375,0.007929039433598517,-0.056004649686068296,0.05526198722575791
1760554764688952800,28.579952880859373,-0.006292962664365768,-0.055981999462842935,0.03275221365070902
1760554764698956800,28.589956787109376,-0.0040390462577342984,-0.06233414496853947,0.020318172681750728
1760554764708961800,28.5999619140625,0.0024181670576334,-0.059786652442812914,0.022480383083783088
1760554764718965800,28.6099658203125,0.01772621082663536,-0.050408729375153775,0.01215166209731251
1760554764728969700,28.6199697265625,-0.006201777249574661,-0.04999868726953864,0.003982612495915964
1760554764738974700,28.629974609375,0.0008469722181558609,-0.05108049115687609,0.008940161838056519
1760554764748979000,28.63997900390625,0.0015647650986909865,-0.04454933582246303,0.024883115110266953
1760554764758984000,28.64998388671875,0.010435469296574592,-0.04817717093080282,0.05981468209405429
1760554764768988000,28.65998779296875,-0.00677694678902626,-0.05915083875730633,0.0594954235444311
1760554764778991900,28.669991943359374,-0.007977554750442505,-0.06157046711966395,0.07038571480326354
1760554764788996900,28.679996826171877,-0.004824643677473068,-0.055077890229970214,0.04895021026306785
1760554764799000800,28.690000732421876,-0.008851999497413634,-0.059952364398539064,0.026083120283484456
1760554764809004800,28.7000048828125,-0.011862287229299544,-0.04805164485499262,0.0017472272598184643
1760554764819009800,28.710009765625,0.00789279907643795,-0.0694349168844521,0.022148118922114372
1760554764829013800,28.720013671875,0.015824176597595215,-0.05552841047644615,-0.0016776326223276554
1760554764839018000,28.73001806640625,0.00338847339451313,-0.04304170773848891,0.012922372475173324
1760554764849023000,28.74002294921875,0.018806991800665855,-0.04992489138096571,0.018782788941171018
1760554764859027000,28.75002685546875,0.019433599266409873,-0.06659238693490624,0.019322631438914686
1760554764869030700,28.76003076171875,-0.0008785364001989365,-0.048664369925856585,0.005021207429189234
1760554764879035600,28.77003564453125,0.006014145722985267,-0.057181292250007384,0.04400227813264355
1760554764889040000,28.780039794921876,-0.0014718261182308195,-0.050050563587248326,0.01682804727735929
1760554764899044900,28.790044921875,0.01258358724117279,-0.05013488086983561,-0.013842236399604007
1760554764909048800,28.800048828125,0.011368950754404068,-0.04547784884423017,-0.0005755439987871796
1760554764919052800,28.810052734375,-0.004908814829587936,-0.04211304858624935,0.011499509198358281
1760554764929057800,28.820057861328124,-0.00684182871878147,-0.04304667617455125,0.011558518509753047
1760554764939061800,28.830061767578126,-0.0008148235142230987,-0.06032499710321426,0.013758932897169143
1760554764949066000,28.84006591796875,-0.0037602293163537977,-0.05914879293069243,0.045288198890490454
1760554764959071000,28.850071044921876,0.001173135432600975,-0.050832946136593816,0.06247786428816616
1760554764969074700,28.86007470703125,-0.0015308628290891647,-0.060036535550653934,0.07768652106961235
1760554764979078700,28.87007861328125,-0.005548866298794746,-0.05756254665255546,0.02940952475983649
1760554764989083600,28.880083740234376,0.0013449848681688307,-0.05916515954360366,0.021924329236755146
1760554764999087900,28.890087890625,0.0020955109745264054,-0.06171104463413357,0.026753347695246336
1760554765009091800,28.900091796875,-0.00101999069750309,-0.05713379984647035,-0.016085667944839222
1760554765019096800,28.910096923828124,-0.008062894946336746,-0.05557108057439327,0.0027735654997173695
1760554765029100800,28.920100830078123,0.005097615399956703,-0.04802037293389439,0.01862863042592071
1760554765039105800,28.930105712890626,-0.0037239889591932293,-0.04518193463757634,0.04009756231168285
1760554765049110000,28.940110107421877,-0.0007078560084104537,-0.052734541974216696,0.043554379101516674
1760554765059113700,28.95011376953125,0.005007014507055282,-0.05757116835042834,0.03646649406664073
1760554765069118700,28.96011865234375,0.022798107263445853,-0.04508052008971572,0.009385266123898327
1760554765079122700,28.970122802734377,0.004839841246604919,-0.0335842896938324,0.02217344515961595
1760554765089127000,28.980126953125,-0.008037175983190536,-0.0626597236610949,0.041506935919262467
1760554765099132000,28.9901318359375,0.022498247534036633,-0.05051175135821104,0.025067887959489596
1760554765109136000,29.000135986328125,0.01607493648827076,-0.04448693811073899,0.020123682156112044
1760554765119139800,29.010139892578124,0.0017523966252803802,-0.05852393903061747,0.031534307494619856
1760554765129144800,29.020144775390627,-0.0025490999609231947,-0.06180705235451459,0.033798370835930104
1760554765139148800,29.030148681640625,0.001817278555035591,-0.053014089567959305,0.0436161100929603
1760554765149152800,29.04015283203125,-0.0010398644417524336,-0.06443345533534885,0.02719245149856433
1760554765159157800,29.05015771484375,0.009420739296078682,-0.0552080924808979,0.017948749269824475
1760554765169161700,29.06016162109375,0.010524316623806953,-0.05392988923862576,0.02340087719587609
1760554765179166700,29.070166748046876,0.007871171766519545,-0.06440393697991967,-0.005690411927644163
1760554765189171000,29.0801708984375,0.00312660758793354,-0.05781359880417585,-0.001508404402108863
1760554765199175000,29.0901748046875,0.008280921611189842,-0.04306172761321068,0.0131578251988627
1760554765209180000,29.100179931640625,0.014479191729426383,-0.04898161918148398,0.003419005530094728
1760554765219183900,29.110183837890624,0.01693009201288223,-0.05539601626843214,0.002695577493216842
1760554765229187800,29.120187744140626,0.010883797585964201,-0.061535980328172445,-0.014338605081802232
1760554765239192800,29.13019287109375,0.013638064730167388,-0.05178688586056232,0.002390164805855602
1760554765249196800,29.14019677734375,0.011317512828111649,-0.04601896998360753,0.023171087027993052
1760554765259200800,29.15020068359375,0.006901449951529502,-0.04563640040680766,0.02581345476293936
1760554765269205800,29.160205810546874,-0.0029489129334688184,-0.05590177383348346,0.036299503469280896
1760554765279209700,29.170209716796876,0.013833879563212394,-0.05315452095195651,0.02699754998097196
1760554765289215000,29.180215087890623,0.021306991922855376,-0.0559162407502532,0.04577480423050001
1760554765299219000,29.190218994140626,0.014744564667344093,-0.056296326109021896,0.04018095714566298
1760554765309223000,29.200222900390624,0.005345452681183815,-0.05485547965094447,0.02626992982616648
1760554765319228000,29.210227783203123,-0.013176292437314987,-0.048305619616061446,0.031702823328785594
1760554765329231600,29.220231689453126,0.004444119927287101,-0.0357560807749629,0.03456865195552818
1760554765339235800,29.23023583984375,0.0072808046579360955,-0.047752515777945516,0.03816432922678068
1760554765349240800,29.24024072265625,0.012227613410353659,-0.06191475051268935,0.08602969426205381
1760554765359244800,29.250244873046874,-0.005884381863474846,-0.04754822537750005,0.05224765350641682
1760554765369248800,29.260248779296877,0.011638415345549583,-0.058526715509593485,0.028507671416131777
1760554765379253800,29.270253662109376,0.01611585302054882,-0.052414954631030554,0.029886321091884747
1760554765389258000,29.280258056640626,0.001169043779373169,-0.050973377520591015,0.015258770400332286
1760554765399261700,29.29026171875,-0.0024041385322809217,-0.04489975669533014,0.014231564510753377
1760554765409266700,29.3002666015625,0.000602057546377182,-0.04992459912002086,0.01918091228012927
1760554765419270700,29.310270751953126,0.0006453121662139892,-0.03985153339505195,0.035152598456479604
1760554765429275600,29.320275634765625,0.00483282698392868,-0.03311345731168985,0.04133727844078094
1760554765439279900,29.33027978515625,-0.0018733926564455032,-0.06081015027165412,0.025811874727206304
1760554765449283800,29.340283935546875,0.010272387689352035,-0.05081292626187205,0.027598228421015662
1760554765459288800,29.350288818359374,0.01609364118874073,-0.04740998595058918,0.03977937234113924
1760554765469292800,29.360292724609376,0.0062122986435890195,-0.06070683602765202,0.03318110658726655
1760554765479297000,29.370297119140623,0.004857961425185203,-0.04721475563943386,0.05266378742610104
1760554765489302000,29.380302001953126,0.002958265283703804,-0.042325376162678,0.03759951668456197
1760554765499305700,29.3903056640625,0.01417524034678936,-0.0478368330605328,0.01076027167099528
1760554765509309700,29.400309814453124,-0.00003974748849868774,-0.05033624866083264,0.014575491710752248
1760554765519317200,29.410317138671875,0.007628595182299613,-0.054176119084656235,0.019781956046354025
1760554765529321200,29.4203212890625,-0.0033750293910503387,-0.051304216910153626,0.02558071458614431
1760554765539325000,29.430324951171876,0.020741174733638762,-0.05340235823318362,0.008604372278740629
1760554765549330000,29.440329833984375,-0.0049777884125709534,-0.061364861544966696,0.014316493714693932
1760554765559334100,29.450334228515626,-0.002121229937672615,-0.05678688610494136,0.006615728345327079
1760554765569339100,29.460339111328125,0.01228431203365326,-0.041032267612218856,0.004613923536241054
1760554765579343000,29.470343017578124,-0.005327332502603531,-0.049055853461474175,0.02411219466985203
1760554765589347000,29.48034716796875,0.01790390548110008,-0.04634951711222529,0.011552371896756812
1760554765599352000,29.49035205078125,-0.0018178630769252776,-0.0355947527334094,-0.0027300003526266664
1760554765609356300,29.500356201171876,-0.00015957447588443754,-0.040333910084515805,0.02953381785978563
1760554765619360000,29.510360107421874,0.003454524368047714,-0.04458469939678907,0.04272859580186195
1760554765629365000,29.520364990234373,-0.002679448342323303,-0.046974955534189934,0.0347378527762834
1760554765639369000,29.530368896484376,0.010379939717054367,-0.05129281873330473,0.03010670411060564
1760554765649373000,29.540373046875,0.019405542215704917,-0.055441901236772534,0.013947770000156014
1760554765659378200,29.550378173828125,0.01558861427605152,-0.051851475529372686,0.02647769995848648
1760554765669382100,29.560382080078124,-0.006552490383386612,-0.039564240886270995,0.03686023349142633
1760554765679386000,29.57038623046875,0.004553425520658493,-0.03687003336623311,0.03806675973697565
1760554765689391000,29.58039111328125,0.011042787539958953,-0.04186681874021887,0.026441733595961702
1760554765699395000,29.59039501953125,0.005490414109826087,-0.04416618172377348,0.029695100235566495
1760554765709400000,29.600400146484375,0.01400748256444931,-0.03657558046430349,0.02467823105477728
1760554765719404000,29.610404052734374,0.0025350714355707165,-0.04967603118643164,0.029054802171187475
1760554765729408000,29.620407958984377,0.002602291452884674,-0.04656169855818152,-0.010329415106214582
1760554765739413000,29.6304130859375,-0.0021340894192457198,-0.04217018560096621,0.003699155912036076
1760554765749417000,29.6404169921875,-0.0065974985688924785,-0.04762231352701783,0.019541827147547153
1760554765759421200,29.650421142578125,0.0004734627306461334,-0.04628244322538375,0.031597353660315276
1760554765769426200,29.66042626953125,0.004250643181800842,-0.06858078427314758,0.036282798929652194
1760554765779430100,29.67043017578125,0.004003974944353103,-0.04906052963659167,0.03219644293147139
1760554765789434000,29.68043408203125,0.01125555350780487,-0.05431479690298438,0.03054646550104953
1760554765799439000,29.690439208984376,-0.004866144731640816,-0.04847893035635352,0.015751924212137235
1760554765809443000,29.700443115234375,0.014021511089801788,-0.04206687135696411,-0.00768855434176512
1760554765819447000,29.710447021484374,0.016744798573851586,-0.041368513829261065,-0.0016203768766019492
1760554765829452000,29.7204521484375,0.003440495842695236,-0.048087300690263506,-0.03788480903250165
1760554765839456000,29.7304560546875,0.0037321722656488416,-0.05746916928067803,-0.03139976699529216
1760554765849461000,29.7404609375,0.011377718582749366,-0.04717062423676252,-0.019424100785702465
1760554765859465200,29.75046533203125,0.014545242702960967,-0.04430792828202247,-0.011091394188348203
1760554765869469200,29.76046923828125,0.01258709437251091,-0.0404040527112782,0.022563531322591004
1760554765879474200,29.77047412109375,0.00002104278802871704,-0.04479717310369014,0.028088523555453864
1760554765889478000,29.780477783203125,0.012176760005950927,-0.03497968957498669,0.049392181876907124
1760554765899482000,29.790482177734376,0.011747720938920974,-0.04151493656262755,0.06288881057607941
1760554765909487000,29.800487060546875,-0.00736906746327877,-0.03765226978510618,0.04173277143123559
1760554765919491000,29.810490966796873,0.023302549654245375,-0.03889978562816977,0.023969827057095244
1760554765929495000,29.8204951171875,0.013289105162024497,-0.048307080920785665,0.01166769623896107
1760554765939500000,29.8305,0.0036918402552604673,-0.050215252629667514,0.015751924212137235
1760554765949504300,29.840504150390625,0.007398293557763099,-0.059056876863539214,0.033085007535340265
1760554765959508200,29.85050830078125,0.014118541723489761,-0.052233460584282874,0.050146114649903026
1760554765969513200,29.86051318359375,0.010671616140007972,-0.05000263279229402,0.03168967158626765
1760554765979517000,29.870516845703126,0.004672083464264869,-0.03597892974540591,0.05386358253676444
1760554765989522000,29.88052197265625,-0.0030979660153388974,-0.03620587036907673,0.04264814184363931
1760554765999526100,29.890526123046875,0.005734159737825394,-0.05517521312460303,0.021471297372784463
1760554766009530000,29.900530029296874,0.014747487276792525,-0.03885433905124664,0.022401911020092664
1760554766019535000,29.91053515625,-0.0024129063606262205,-0.03954275970682502,0.017432424644986167
1760554766029539000,29.9205390625,0.004640519282221794,-0.05531520611718296,0.025322976965410634
1760554766039543000,29.93054296875,0.0034913492470979688,-0.047018940806388854,0.030032771224714813
1760554766049548000,29.940548095703125,-0.006533785682916641,-0.046105917614698406,0.009104147627577185
1760554766059552300,29.95055224609375,0.004115618625283241,-0.04794263152256608,0.003807676054118201
1760554766069556000,29.960555908203126,0.015067220750451088,-0.04513838775679469,-0.0037455432038754222
1760554766079561000,29.97056103515625,0.007176759761571884,-0.046033875291794535,-0.005644161633122712
1760554766089565000,29.98056494140625,0.01123158811032772,-0.0458547193326056,-0.00909456694847904
1760554766099569200,29.990569091796875,-0.0013116671204566955,-0.04054769896566868,-0.001031662868987769
1760554766109574100,30.00057421875,0.013991700473427772,-0.04026756685003638,0.029023119258135555
1760554766119578000,30.010578125,0.01939852795302868,-0.05607201583385467,0.053756733761960634
1760554766129583000,30.0205830078125,0.008176292192935943,-0.04710661908984184,0.06595734043437987
1760554766139587000,30.030587158203126,0.01626958227753639,-0.03387231285497546,0.060996868482790886
1760554766149591000,30.040591064453125,0.01825637218058109,-0.036976854741573334,0.030265164341637864
1760554766159596000,30.050595947265624,-0.000002922609448432922,-0.03667480305507779,0.02531249210401438
1760554766169600000,30.06060009765625,-0.002410568273067474,-0.03073869100436568,-0.006571304681710899
1760554766179604000,30.07060400390625,0.01821545564830303,-0.04566153484806418,-0.026632105068909003
1760554766189609000,30.08060888671875,0.008938508737087248,-0.04374927148595452,-0.026395775562385097
1760554766199613200,30.09061328125,0.00774549956023693,-0.036915187682211394,-0.027998105325642973
1760554766209617200,30.1006171875,0.01058978307545185,-0.029965806935727594,-0.02591648587915115
1760554766219622100,30.1106220703125,0.0019335984110832214,-0.035956279522180556,0.00035181824550963936
1760554766229626000,30.120626220703127,0.0170534261316061,-0.04081234125122428,0.014774585346272214
1760554766239630000,30.130630126953125,0.007965279790759085,-0.05644640210419893,0.03070087974462658
1760554766249635000,30.140635009765624,-0.0002326397120952606,-0.04591375604346394,0.013340931247384287
1760554766259639000,30.15063916015625,0.00965220996439457,-0.04729717322587967,0.021469123682007193
1760554766269644000,30.16064404296875,0.0023357494711875914,-0.05687339534461498,0.04294374552303925
1760554766279648000,30.17064794921875,0.005018120422959327,-0.0438186834603548,0.02661405795556493
1760554766289652200,30.18065234375,0.009060089290142058,-0.051651422912627455,0.023928052008291706
1760554766299657200,30.1906572265625,0.013864859223365783,-0.050884968584775925,0.032377580785192546
1760554766309661200,30.2006611328125,0.0005319149196147918,-0.04590966439023614,0.037465035550738685
1760554766319665200,30.2106650390625,-0.0027478374034166334,-0.043500849682837725,0.037355433129845184
1760554766329670100,30.220670166015626,0.009559270983934403,-0.046369244726002214,0.06095009759846143
1760554766339674000,30.230674072265625,-0.0034422494083642956,-0.04915229957327246,0.06408154575829393
1760554766349678000,30.240677978515624,-0.0031628479450941083,-0.042361324258893725,0.03136329830926843
1760554766359683000,30.25068310546875,0.009985387441515921,-0.04768704932630062,0.03744237162778154
1760554766369687000,30.26068701171875,0.0061047466158866874,-0.04480579480156302,0.020272351645492015
1760554766379691000,30.27069091796875,0.0038800563037395476,-0.04398088828474283,-0.0024605768606765195
1760554766389696000,30.280696044921875,0.0006236848562955855,-0.034719869595021005,-0.004049814246920869
1760554766399700200,30.2907001953125,-0.008949030131101607,-0.044444560273736715,0.019510157934227026
1760554766409704000,30.300703857421876,0.006313420930504798,-0.048057197812944645,0.016854766320926137
1760554766419709000,30.310708984375,-0.0015823007553815841,-0.04911854343414306,0.024902664627530612
1760554766429713000,30.320712890625,-0.0011316343784332275,-0.04972483876422047,0.02160401580778416
1760554766439718000,30.3307177734375,0.013541618618369103,-0.03713321434706449,0.018264532654150387
1760554766449722000,30.34072216796875,0.014914076015353201,-0.044371933428943154,0.012027889587171376
1760554766459726000,30.35072607421875,-0.0012122983992099762,-0.038266310030221934,0.005002443363214842
1760554766469731000,30.36073095703125,-0.001662380254268646,-0.04772343581393361,0.01352757182670757
1760554766479735000,30.370735107421876,0.013462123641371726,-0.039764439633488656,0.043814189948327836
1760554766489739300,30.3807392578125,0.012127075645327567,-0.04541413595825433,0.035029182139365
1760554766499744300,30.390744140625,0.0004997662156820296,-0.04718713698014617,0.03949250909062102
1760554766509748000,30.400748046875,0.009358779975771904,-0.040486908689141274,0.02635187705515418
1760554766519752000,30.410751953125,0.006365443378686905,-0.039901363886147734,0.025835666594747453
1760554766529754000,30.420754150390625,-0.0012415244936943054,-0.03277560365945101,0.02476189075023867
1760554766539758000,30.430758056640624,-0.0012198971837759018,-0.032245734566450114,0.0388581019109115
1760554766549762000,30.440761962890626,0.013145897299051284,-0.04227364597544074,0.028181613232963715
1760554766559767000,30.45076708984375,0.00898468596637249,-0.0396196243353188,0.0028822637383127585
1760554766569771000,30.46077099609375,0.004365793994069099,-0.03520151563212275,0.03451033219730015
1760554766579776000,30.47077587890625,0.0005061959564685822,-0.045103462573885915,0.043474861291632985
1760554766589780000,30.480780029296874,-0.005589782831072807,-0.04763634205237031,0.00864741683602333
1760554766599784200,30.4907841796875,0.005647650498151779,-0.036209231369942425,-0.0002295938050607219
1760554766609789200,30.5007890625,0.021979776617884635,-0.043915129572153086,-0.015450822373712434
1760554766619793200,30.510793212890626,0.006862871506810188,-0.04724222816824913,0.003024293424352072
1760554766629796900,30.520796875,0.014685527956485747,-0.03975231080427766,0.0384902686789399
1760554766639801900,30.5308017578125,0.015616671326756476,-0.05144800929501652,0.023675776013964787
1760554766649806000,30.54080615234375,0.009062427377700804,-0.04789367781430483,0.025127646189555524
1760554766659810000,30.55081005859375,0.008359832066297531,-0.04112111493945122,0.04172738743664231
1760554766669815000,30.56081494140625,0.0019359364986419676,-0.044514849030971526,0.04701353854548652
1760554766679819000,30.570819091796874,0.011033435189723969,-0.04987900641262531,0.03425519752560649
1760554766689823200,30.5808232421875,0.0037257425248622893,-0.04828106969669461,-0.002111343297897838
1760554766699828200,30.590828125,0.01105856963098049,-0.022702976325899363,-0.043018641956732606
1760554766709832200,30.600832275390626,0.009250058904290199,-0.03908478680625558,-0.006832544867205433
1760554766719837200,30.610837158203125,0.011647183173894881,-0.03819163735881448,0.022885392821254208
1760554766729841000,30.6208408203125,-0.001654196947813034,-0.0417326709665358,0.01441991527326172
1760554766739845000,30.63084521484375,0.0029939211189746857,-0.042607407974451776,0.030927397959900554
1760554766749850000,30.64085009765625,0.009758008426427841,-0.02708104527965188,0.021043584896449464
1760554766759854000,30.65085400390625,0.004236030134558678,-0.04199424451217055,0.018188937534135766
1760554766769858000,30.660858154296875,0.009305588483810424,-0.04193213906139135,0.03926121195224114
1760554766779863000,30.670863037109374,0.005103460618853569,-0.03989610318914055,0.042843006828613577
1760554766789867300,30.6808671875,0.016927753925323485,-0.051414107025414706,0.050752784439316016
1760554766799871000,30.69087109375,0.01704874995648861,-0.03537526476383209,0.0516618347087875
1760554766809876000,30.7008759765625,0.010765139642357825,-0.04135623886957764,0.029033300442143806
1760554766819880000,30.7108798828125,-0.006906126126646995,-0.03453501454740762,0.016181753297033717
1760554766829884200,30.72088427734375,0.0019072949260473251,-0.043879327606409786,0.005609624609281308
1760554766839889200,30.73088916015625,0.0041787469893693925,-0.057242959309369325,-0.00860783831088338
1760554766849893000,30.74089306640625,-0.008977087181806565,-0.05241247041299939,-0.011539014658262021
1760554766859898000,30.750898193359376,0.0068944356888532635,-0.04535071533322334,0.002307422992424108
1760554766869902000,30.760902099609375,0.005869768816232681,-0.050654520829766986,0.01462929284077836
1760554766879906300,30.77090625,0.007826163581013679,-0.03774696233123541,0.03408962941706413
1760554766889911300,30.780911376953124,0.0012292495340108871,-0.05397051350995898,0.02709210324649466
1760554766899915000,30.7909150390625,0.019491466933488844,-0.05829027640521526,0.02448522923332639
1760554766909919000,30.8009189453125,0.0055395139485597605,-0.04991524676978588,0.006071543032606132
1760554766919924000,30.810924072265625,-0.0013356325179338453,-0.039564240886270995,0.004628828844428062
1760554766929928200,30.82092822265625,-0.0011234510719776152,-0.05262801285982131,0.012916406241978984
1760554766939932200,30.83093212890625,0.009533552020788193,-0.031099341010302303,0.0365658011390944
1760554766949937200,30.840937255859377,-0.004839256724715232,-0.033679274500906464,0.04707503664148971
1760554766959941000,30.850941162109375,0.016530863562226293,-0.04113309763818979,0.022961008490866516
1760554766969946000,30.860946044921874,0.003093289840221405,-0.03397796518653631,0.01971417890661396
1760554766979950000,30.8709501953125,0.01061199490725994,-0.03980959394946694,0.045998338187532496
1760554766989954000,30.8809541015625,0.006743629041314125,-0.038368747491389514,0.03122454057583818
1760554766999959000,30.890958984375,0.01407236449420452,-0.046761020522564645,0.03483294489792315
1760554767009963000,30.900962890625,0.020661679756641387,-0.052572921671718356,0.04310578138406854
1760554767019967000,30.910967041015624,0.012004326048493384,-0.051136751388758415,0.005006870659871493
1760554767029972000,30.920971923828127,0.02563771460354328,-0.04389028739184141,0.00010768217515433207
1760554767039976200,30.93097607421875,0.004406126004457473,-0.039631607034057374,0.022667473470966797
1760554767049980200,30.940980224609376,0.0041226328879594805,-0.04421016699597239,0.02124628841129597
1760554767059985200,30.950985107421875,0.003379705566167831,-0.043591304445266724,0.038632161367661316
1760554767069988900,30.96098876953125,0.015663433077931402,-0.04293810123354196,0.03408907914450392
1760554767079993900,30.970993896484377,-0.001969254246354103,-0.035656127531826495,0.006402900728688109
1760554767089998000,30.980998046875,-0.002227612921595573,-0.04626446917727589,0.0012646884568617677
1760554767100002000,30.991001953125,-0.0015904840618371963,-0.041618250806629654,0.028972354901989454
1760554767110007000,31.001007080078125,0.016387071177363394,-0.04019040996059775,0.02738474778382806
1760554767120011000,31.011010986328124,0.013834464085102081,-0.03319777459427714,0.032446595467370935
1760554767130015200,31.02101513671875,0.02165536696910858,-0.03213920545205474,0.029005218275263905
1760554767140020200,31.031020263671873,0.013621698117256163,-0.05184913744181394,0.019347946259973103
1760554767150024200,31.041024169921876,0.0060381111204624175,-0.03653729428052902,0.02377748282277025
1760554767160028000,31.05102783203125,0.012207155144214629,-0.043279315886646505,0.04221497459076345
1760554767170033000,31.061032958984374,0.011356091272830963,-0.03934270709007978,0.025133169464755335
1760554767180037000,31.071037109375,-0.004471592456102371,-0.04474266643747687,0.014715083986177342
1760554767190042000,31.0810419921875,-0.00324643457531929,-0.042380467350780965,0.01919184009952005
1760554767200046000,31.091046142578126,0.010970306825637816,-0.029662440074980256,-0.005588467656821012
1760554767210050000,31.101050048828125,-0.003194412127137184,-0.02810717345699668,-0.007723425867391051
1760554767220055000,31.111054931640624,0.0006213467687368392,-0.061915335034579036,0.0043070866475958605
1760554767230059300,31.121059326171874,0.0030640637457370755,-0.0415139136493206,0.031948541718162596
1760554767240063200,31.131063232421877,0.014329554125666617,-0.042087183492630714,0.04287009576493874
1760554767250068200,31.141068115234376,0.01362052907347679,-0.044319618719816205,0.01519143051036517
1760554767260072000,31.151072021484374,0.014220833054184912,-0.04057341792881489,0.03950731393410824
1760554767270076200,31.161076171875,0.016800912675261497,-0.044314358022809024,0.03026162296097027
1760554767280081200,31.1710810546875,0.016060323441028593,-0.03141498283073306,0.021359464178897905
1760554767290085000,31.181085205078126,0.02073299142718315,-0.03935425139740109,0.03967432279777713
1760554767300089000,31.191089111328125,0.011316343784332274,-0.04873626611828804,0.023437631292978767
1760554767310094000,31.201093994140624,0.004929273095726967,-0.04464709710851311,0.03380234375814907
1760554767320098000,31.21109814453125,-0.016548399218916893,-0.03447802366316318,0.024989491244324015
1760554767330103000,31.22110302734375,-0.0032207156121730803,-0.041618835328519344,0.020379958472121505
1760554767340107000,31.23110693359375,-0.005877367600798607,-0.0345807533852756,0.02764032998009352
1760554767350111000,31.241111083984375,0.0005728314518928528,-0.04992796012088656,0.03543345437460812
1760554767360116000,31.251115966796874,0.0004056581914424896,-0.0401272815965116,0.04658391038998961
1760554767370120000,31.261119873046876,0.003994038072228432,-0.062433952081203455,0.03996583482394926
1760554767380124200,31.271124267578124,0.00864215613901615,-0.04443710761964321,0.023325999028491785
1760554767390129200,31.281129150390626,0.008666706058382987,-0.0435870666615665,0.02125794688304886
1760554767400133000,31.291133056640625,-0.010777414602041244,-0.04444792127460241,0.011981898445909609
1760554767410137000,31.30113720703125,-0.003904606223106384,-0.03746010821387172,0.013702923827036284
1760554767420142000,31.31114208984375,0.011997896307706831,-0.040876930920034645,-0.007733411830221302
1760554767430146000,31.32114599609375,0.007740823385119438,-0.039635406426340336,-0.003590453106863424
1760554767440151000,31.331151123046876,0.015233809489011764,-0.04273103435412049,-0.023322781874809878
1760554767450155000,31.341155029296875,0.006411036086082458,-0.029837942772358655,-0.0274893224031548
1760554767460159000,31.351158935546874,0.0005862754553556442,-0.03847162334397435,-0.001743299147138896
1760554767470164000,31.3611640625,0.011219897672533988,-0.04277151249498129,0.04130765505407471
1760554767480168200,31.371168212890623,0.010758125379681587,-0.05135258609652519,0.05977048219272401
1760554767490172200,31.381172119140626,0.012852467310428618,-0.053000207173079246,0.06436755049228668
1760554767500177200,31.39117724609375,0.021374211940169332,-0.04644961648583412,0.058828584532998496
1760554767510181000,31.40118115234375,0.014942717587947844,-0.05092880772650241,0.01309216695097275
1760554767520185000,31.41118505859375,0.007608721438050269,-0.049139147830754515,0.008306822095782262
1760554767530190300,31.4211904296875,-0.0037882863670587537,-0.030686668556183575,-0.013203232959879095
1760554767540194300,31.4311943359375,0.0017471359282732008,-0.04655424590408802,-0.002340511412334308
1760554767550198300,31.4411982421875,-0.004395604610443115,-0.04269494012743234,-0.017680553045513806
1760554767560203300,31.451203369140625,0.0023228899896144866,-0.03482756775319576,-0.026475450919184365
1760554767570207200,31.461207275390624,0.003381459131836891,-0.04136398378461599,-0.0000727716909161245
1760554767580212500,31.47121240234375,-0.00003974748849868774,-0.03933554669693112,0.030628412730037233
1760554767590216400,31.481216552734374,0.004029109385609626,-0.03337736894488334,0.032905440584197636
1760554767600220400,31.491220458984376,0.009720014503598213,-0.03934446065574884,0.023298866709682623
1760554767610225400,31.501225341796875,-0.009551672199368475,-0.022899375680834052,0.026563558460900093
1760554767620229000,31.51122900390625,0.01876315265893936,-0.03173617760911584,0.02156991489207139
1760554767630233300,31.5212333984375,0.010073650246858596,-0.039112113204598425,0.026950829328992402
1760554767640238300,31.53123828125,0.013087445110082625,-0.03902341200783849,0.028380811899760737
1760554767650242300,31.5412421875,0.01132744970023632,-0.03932297947630286,0.00829762900492933
1760554767660246300,31.551246337890625,0.014613631764054297,-0.029019027604907748,0.02184393921061419
1760554767670251300,31.561251220703124,0.010765724164247512,-0.02404679215028882,0.016613470661628525
1760554767680255500,31.57125537109375,0.005769231051206588,-0.0389269658960402,0.025199327752855605
1760554767690259200,31.58125927734375,0.021866379371285438,-0.055026160042732954,0.059851977330562654
1760554767700264200,31.59126416015625,0.0006599252134561538,-0.03764379421770572,0.10842667337870225
1760554767710268200,31.60126806640625,-0.0019727613776922225,-0.04023892527744174,0.18203102143490685
1760554767720273200,31.611273193359374,0.0015834697991609571,0.005758271265774965,0.2002569802109152
1760554767730277400,31.62127734375,-0.039298575687408445,0.16144991436749695,0.22362057587001472
1760554767740281300,31.63128125,-0.06904080300033093,0.30119682323187585,0.15210570177319457
1760554767750286300,31.641286376953126,-0.11153262177109717,0.4148312395878136,0.025591630989091934
1760554767760290300,31.651290283203124,-0.11986848843991756,0.4255025634668767,-0.09933249915586784
1760554767770294500,31.66129443359375,-0.11682020678520202,0.40452670319452877,-0.19861657432643695
1760554767780299500,31.671299560546874,-0.09444880050122738,0.365796721175313,-0.13901203698487952
1760554767790303200,31.68130322265625,-0.06801145995259285,0.3251614900566637,-0.08408798560975118
1760554767800307200,31.69130712890625,-0.05915946045517921,0.25620588112175463,-0.06639360839321744
1760554767810312200,31.701312255859374,-0.06790683053433895,0.2324810144022107,-0.06725780574081
1760554767820316400,31.71131640625,-0.06368950510025025,0.23732377825826406,-0.06856556843770667
1760554767830320400,31.7213203125,-0.053178047958016395,0.24351693380996584,0.00970349034377141
1760554767840325400,31.731325439453126,-0.06334639075100422,0.2769615227721631,0.030320255529740825
1760554767850329300,31.741329345703125,-0.05170271470844745,0.30163550691008567,-0.023680292358878068
1760554767860333600,31.75133349609375,-0.047054596641659736,0.28133623072504993,-0.02244967741826549
1760554767870338600,31.761338623046875,-0.05121989962756633,0.23771613857671617,-0.017987198708736104
1760554767880342300,31.77134228515625,-0.010081833553314209,0.1808171703994274,0.0011165954978612717
1760554767890346200,31.78134619140625,-0.005059621477127075,0.12750424401536584,0.03830816271083895
1760554767900351200,31.791351318359375,0.023469722914695738,0.06926569779738784,0.11831665588803589
1760554767910355500,31.80135546875,0.050213937455415726,0.051140843041986225,0.14658623509882018
1760554767920359400,31.811359375,0.03641863633692265,0.0646269320808351,0.17017215000540017
1760554767930364400,31.821364501953123,0.006270166310667991,0.1368681385576725,0.21001434931652618
1760554767940368400,31.831368408203126,0.00040974984467029567,0.22477526233047246,0.09882228461140766
1760554767950373400,31.841373291015625,-0.027546178573369978,0.2457121057666838,-0.06911739363418892
1760554767960377300,31.85137744140625,-0.026046879926323888,0.21108429836928844,-0.08659099053977988
1760554767970381300,31.86138134765625,-0.011693360403180121,0.1471025323241949,-0.03765455764031503
1760554767980386300,31.87138623046875,0.022592940080165862,0.07353416889682411,-0.015241098887968109
1760554767990390300,31.881390380859376,0.05744856488406658,0.03488616607263684,0.0070739238665380975
1760554768000394200,31.891394287109375,0.07069149281680584,-0.015198665110394357,-0.026511547429161144
1760554768010399200,31.901399169921874,0.07335925072133541,-0.02622881236448884,-0.013075530910002998
1760554768020403500,31.911403564453124,0.08476385731101035,-0.060671837779507035,0.032781551626336294
1760554768030407400,31.921407470703127,0.0854980168044567,-0.05803988184072077,0.061420299792941654
1760554768040412400,31.931412353515626,0.0817249280065298,-0.057616176535934205,-0.022175004645751322
1760554768050416000,31.941416015625,0.082875267085433,-0.06460303974859416,-0.11104587943376973
1760554768060420400,31.95142041015625,0.09282382964789866,-0.1174742137145251,-0.06951296882303432
1760554768070425300,31.96142529296875,0.11890110471248626,-0.1825899522256106,-0.038312816053070124
1760554768080429300,31.97142919921875,0.14554361244440078,-0.23639252529013902,0.016060551769891754
1760554768090433300,31.981433349609375,0.14347206686735153,-0.28093798865508285,0.05470343546096701
1760554768100438300,31.991438232421874,0.15718261231184005,-0.28091643441040065,0.08234127893974073
1760554768110442500,32.0014423828125,0.1429109258532524,-0.24150804167296736,0.10462295198049396
1760554768120446500,32.01144653320313,0.10446575212478637,-0.1807888576203957,0.11226480850316584
1760554768130451500,32.02145141601562,0.07975450471639632,-0.08811919562090188,0.02791787056312896
1760554768140455200,32.031455078125,0.04906301385462284,-0.0659061947690323,-0.033139473102358166
1760554768150460200,32.041460205078124,0.034551673421263696,-0.02096135682296008,0.012836265094298869
1760554768160464400,32.05146435546875,0.037888124367594714,0.009301350700110197,-0.011029932624963112
1760554768170468400,32.06146826171875,0.024658640438318252,0.009211845785751939,-0.01822295853474643
1760554768180473300,32.071473388671876,0.015211597657203674,0.024920086119789627,-0.07185503843715414
1760554768190477300,32.081477294921875,0.004465747237205505,0.0420030306068249,-0.0909511767769698
1760554768200481500,32.0914814453125,0.006486439409852027,0.05466961995633319,-0.10655687918514013
1760554768210486500,32.10148657226563,-0.017485387808084486,0.0747057151605375,-0.09066687080971896
1760554768220490200,32.111490234375,-0.004157704201340675,0.07108032773761078,-0.05260244916030205
1760554768230494200,32.121494140625,0.012360299879312515,0.0047181465291185306,0.04450909514361992
1760554768240499200,32.13149926757813,0.0323772519916296,0.0003043075756635517,0.11653041179208085
1760554768250503400,32.14150341796875,0.05081833308935165,-0.025916138819279146,0.1752236429749988
1760554768260507400,32.15150732421875,0.06993570601344108,-0.04050431191509123,0.14712364817745982
1760554768270512400,32.16151245117187,0.0734293933480978,-0.034678797799116,0.15130894363862463
1760554768280516400,32.17151635742187,0.05920680672824383,-0.0363751625213772,0.16524123294185847
1760554768290520300,32.18152026367188,0.025766309419274328,0.02024674228020012,0.12211803919868543
1760554768300525300,32.191525390625,-0.0031149171501398086,0.04618901105457916,0.05293901503775268
1760554768310529300,32.201529296875,-0.008443418696522712,0.06117122040269896,0.011772937578568234
1760554768320533200,32.211533203125,-0.0074228434771299355,0.036139819395542144,-0.04238968270369805
1760554768330538200,32.221538330078126,0.024821137523651123,-0.10139072859361767,0.01359837204059586
1760554768340542200,32.231542236328124,0.09970131420195102,-0.2097514788629487,-0.010324483202770351
1760554768350546400,32.24154638671875,0.13437749078571795,-0.2905036528471857,-0.0786750663160812
1760554768360551400,32.25155151367188,0.23830080659687516,-0.43086818215325473,-0.05201289490247145
1760554768370555400,32.261555419921876,0.30436756222248074,-0.49218613581657406,-0.0022750916254008187
1760554768380559400,32.271559326171875,0.31718554274141786,-0.48708778976425526,0.013838030581944622
1760554768390564400,32.281564453125,0.2908107460349798,-0.47027485785763706,0.04849158434194978
1760554768400568300,32.291568359375,0.27640111241042614,-0.4355277349295094,0.06378426614503842
1760554768410572300,32.301572265625,0.2152642144024372,-0.36389994764328,0.11379512334298342
1760554768420577300,32.31157739257812,0.1399737033575773,-0.2735094278232194,0.13396723861754872
1760554768430581200,32.32158129882812,0.06963409271836281,-0.14477279246868566,0.12816225126637146
1760554768440586200,32.331586181640624,-0.005668108764290809,-0.028837752753868698,0.09683976902468129
1760554768450590500,32.341590576171875,-0.09196107533872128,0.09786302939150482,0.018287260509189218
1760554768460594400,32.35159448242187,-0.10829378598034381,0.18276536359144374,-0.033605195484543215
1760554768470599400,32.361599365234376,-0.08264028928577899,0.17495616941154002,0.00610062299661804
1760554768480603100,32.37160302734375,-0.07918810300529003,0.1997704570692964,0.028108150704530998
1760554768490607400,32.381607421875,-0.08326865031719208,0.2035723153039813,0.041826144236535766
1760554768500612400,32.3916123046875,-0.08365268119871616,0.20255037011140956,0.025768028735613915
1760554768510616300,32.4016162109375,-0.0960509750008583,0.2068187864119187,0.02058058876089053
1760554768520620300,32.411620361328126,-0.09487608600258826,0.21575309389792383,0.03673055411359528
1760554768530625000,32.421625,-0.0880605607688427,0.23249937204280866,0.0314436677858117
1760554768540629200,32.43162915039063,-0.1043424180060625,0.24665165163911879,0.044531699701072645
1760554768550633200,32.44163330078125,-0.08537000651061534,0.23320560234971344,0.012759649344265926
1760554768560638200,32.45163818359375,-0.0936976898729801,0.234496774671413,0.00010141568950493819
1760554768570642200,32.46164208984375,-0.09595745149850844,0.2272182167694904,-0.04813984829483088
1760554768580646400,32.471646484375,-0.11872574814558029,0.05344192305859178,-0.2011736566644162
1760554768590651400,32.4816513671875,0.15109890848398208,-0.26640195217188445,-0.27458978867214173
1760554768600655400,32.4916552734375,0.19264497083723545,-0.2634438512849621,-0.12398287408933974
1760554768610659000,32.5016591796875,0.17261574376523495,-0.2544505253544077,-0.04847565612045582
1760554768620664000,32.5116640625,0.14696516968011855,-0.24726576494947075,0.02366682323924033
1760554768630668300,32.521668212890624,0.15774550689160824,-0.215003517639637,0.0542134508537827
1760554768640672300,32.53167236328125,0.1494330210983753,-0.2057282694951631,0.09811824626158923
1760554768650677200,32.54167724609375,0.12666530897319317,-0.21012981065604835,0.12851387771563605
1760554768660681200,32.55168115234375,0.11202420468032359,-0.19948844352383166,0.10805857985182665
1760554768670685200,32.561685302734375,-0.0039139585733413695,-0.02919206435056403,0.1636683941345662
1760554768680690200,32.57169018554688,-0.08728373117744923,0.1978137517772615,0.27894370956532655
1760554768690694100,32.58169409179688,-0.1247813949227333,0.2706025456668809,0.1834085203331895
1760554768700698000,32.591697998046875,-0.1054793130815029,0.24622568131200967,0.06273613163186237
1760554768710703000,32.601703125,-0.09879588979482651,0.1917971766351722,-0.008497274625475984
1760554768720707000,32.61170703125,-0.02927110266983509,0.04664539478626102,-0.10126723007811232
1760554768730711300,32.62171118164063,0.07456161224842071,-0.13079311122661455,-0.1583892116226256
1760554768740716300,32.63171630859375,0.12382511711120604,-0.21600180796198545,-0.12134543825783767
1760554768750720300,32.64172021484375,0.08304010225832462,-0.1481272722620517,-0.008863038056303047
1760554768760725200,32.651725341796876,0.011880991929769515,-0.0020745595180429515,0.08133054012777283
1760554768770729200,32.661729248046875,-0.04254384121894836,0.09410804250584914,0.13785633674426934
1760554768780733200,32.671733154296874,-0.040434301719069476,0.12409299253346398,0.07943688100143335
1760554768790738200,32.68173828125,-0.02442424716055393,0.07800567002138123,-0.013256059125659522
1760554768800742100,32.6917421875,-0.003481412374973297,0.013835797525662928,-0.0719541788295377
1760554768810746000,32.70174609375,0.019710662642121315,-0.02604264214262366,-0.08059877352081239
1760554768820751000,32.71175122070313,0.03736789988577366,-0.02008077459614724,-0.07288767398709897
1760554768830755300,32.72175537109375,0.004893617260456085,0.0006434307363815605,-0.027594582009071018
1760554768840759300,32.73175927734375,-0.003949614408612251,0.05960008036214858,0.038784648515633305
1760554768850764300,32.74176440429687,-0.016699790388345716,0.06554720699721947,0.022967145970708223
1760554768860768300,32.75176831054687,-0.008960720568895339,0.049371294352505354,-0.015958674856083235
1760554768870772200,32.76177221679688,0.00864917040169239,0.017813998707942664,-0.030237840226583646
1760554768880777200,32.77177709960937,0.0184825821518898,-0.0053092671229504045,-0.03111433308345731
1760554768890781200,32.78178125,0.020836451801657677,-0.007054010164737701,-0.024441211995086632
1760554768900785200,32.79178515625,0.015707272219657897,0.005281228338554501,0.006383079500077292
1760554768910790100,32.8017900390625,0.011624386820197105,0.017951872808672487,0.03246026094983099
1760554768920794400,32.81179443359375,0.019057167169451713,0.02230816832203418,0.029309507584618404
1760554768930798300,32.82179833984375,0.01451893921792507,0.017551895439345388,0.036395390175364445
1760554768940803300,32.83180322265625,0.007592939347028732,-0.002758249199576676,0.03599552012060303
1760554768950807000,32.84180712890625,0.01848375119566917,-0.02182602909458801,0.0260756927455659
1760554768960811300,32.851811279296875,0.03222644534409046,-0.028519553650170563,0.0314235657126992
1760554768970816300,32.86181616210938,0.025920623198151586,-0.011055519157368689,0.05638301801178604
1760554768980820200,32.8718203125,0.026658289822936058,-0.01755615148935467,0.0667865212675184
1760554768990824200,32.88182421875,0.029045477220416067,-0.012798508633486926,0.06760981121598743
1760554769000829200,32.8918291015625,0.02456102528274059,-0.015182901285681873,0.06789652833603323
1760554769010833200,32.90183325195313,0.030553543695807456,-0.016444938844442366,0.06100197391617111
1760554769020837400,32.91183740234375,0.0399976638674736,-0.001867620502784848,0.08318183055026457
1760554769030842400,32.92184228515625,0.021166706669330595,-0.008283424095530062,0.07429539906028658
1760554769040846000,32.93184619140625,0.025239070674777028,-0.026960067514795807,0.018797125710488763
1760554769050850000,32.94185009765625,0.02437280923426151,-0.019748693097569048,0.001437983214133419
1760554769060855000,32.95185498046875,0.0016600421667098998,0.0011575908035971224,-0.030616722292243503
1760554769070859300,32.961859375,-0.011186579924821853,0.019152992226742206,-0.016260515338380355
1760554769080863200,32.97186328125,-0.019866729986667633,0.08938828397495671,0.04470485517773777
1760554769090868200,32.9818681640625,-0.03710311146974563,0.07522740094708279,0.015449941024300641
1760554769100872200,32.9918720703125,-0.025020459488034247,0.042697150350827724,-0.0452878335643094
1760554769110877200,33.00187719726563,0.00291267257630825,0.003721669137943536,-0.06519179028882645
1760554769120881400,33.01188134765625,0.005550619864463806,0.018346169355884193,-0.0016101500268210656
1760554769130885000,33.021885009765626,0.00654079994559288,0.030352322035282847,0.04366521449827123
1760554769140890000,33.03189013671875,0.011411620852351189,0.031154834057204425,0.07103179415445775
1760554769150894000,33.04189404296875,0.03004968582689762,-0.006338263110816479,0.05926486619156785
1760554769160898300,33.05189819335938,0.008737433207035064,-0.00234917520834133,0.02281232301846612
1760554769170903300,33.0619033203125,0.016605682364106176,-0.02835616151569411,-0.0020432373645948246
1760554769180907300,33.0719072265625,0.012815057909488677,-0.031219588122796266,-0.019212741323653606
1760554769190911200,33.0819111328125,0.05033434896469116,-0.04139089005785063,0.0015236659033223987
1760554769200916200,33.091916259765625,0.03145429192781448,-0.04563165116645396,0.03256634482294321
1760554769210920200,33.101920166015624,0.024558687195181846,-0.02604728178512305,0.05374114803376141
1760554769220924200,33.11192407226562,0.028751462709903714,-0.03674333824664354,0.07529188101803884
1760554769230929200,33.12192919921875,0.016947627669572828,-0.03190413632085547,0.06236105124177411
1760554769240933000,33.13193310546875,0.03658464055359363,-0.04668581812819466,0.04537787276820745
1760554769250937300,33.141937255859375,0.033784196180105204,-0.0471603220384568,0.03689906309789512
1760554769260942300,33.1519423828125,0.02590484110713005,-0.02165712053477764,0.032671974321617746
1760554769270946300,33.1619462890625,0.02490998485088348,-0.013436751738097517,0.03554481721103657
1760554769280950300,33.1719501953125,-0.004819967502355575,0.016845171942096202,0.03813813077302184
1760554769290955300,33.18195532226562,0.007490648016333579,0.03199093782147393,0.03502334605362266
1760554769300959200,33.19195922851563,-0.0023509470403194426,0.021183657804131506,0.038776551974145694
1760554769310963200,33.20196313476563,-0.009811199918389319,0.03851811110051349,0.019441433229704853
1760554769320968200,33.21196826171875,0.007408814951777458,0.026039098478667436,-0.025779388096556066
1760554769330972200,33.22197216796875,-0.009645780223608017,0.02738671369533986,-0.02659877590475371
1760554769340976000,33.23197607421875,-0.004720014259219169,0.04249187356969342,-0.031157375357451382
1760554769350981000,33.241981201171875,-0.007434533914923667,0.040229938253387804,-0.005479417791776358
1760554769360985300,33.2519853515625,-0.004917582657933235,0.025614315461646765,0.004352181027247571
1760554769370989300,33.2619892578125,0.0008820435315370559,0.032454390614759174,0.016204129525623282
1760554769380994300,33.27199438476563,-0.008138298270106314,0.023394958911743015,0.03615368809069041
1760554769390998000,33.281998046875,0.01277355685532093,0.018063699152693152,0.03591079641263932
1760554769401002200,33.292002197265624,0.018273323315382003,-0.009737093502562492,0.03726209229058586
1760554769411007200,33.30200732421875,0.03321019568443298,-0.02505748529648408,0.04485587645440828
1760554769421011200,33.31201123046875,0.04052373356819153,-0.02438765974352136,0.019204238356789572
1760554769431016200,33.32201611328125,0.01911561935842037,-0.04291274759657681,0.027048736745514907
1760554769441020200,33.33202026367187,0.020164251628518103,-0.0244179635502398,0.03691140655623749
1760554769451024400,33.3420244140625,0.01852875938117504,-0.016294643653556703,0.04874993388403672
1760554769461029400,33.352029296875,0.025723054799437522,-0.03032167116869241,0.04048687215652316
1760554769471033000,33.362033203125,0.019606033223867416,-0.02539400550816208,0.04033865019171499
1760554769481037000,33.372037109375,0.023519991797208786,-0.004695774867106229,0.0271161257261876
1760554769491042000,33.3820419921875,0.015319149684906004,-0.005777724884916097,0.031788428386161104
1760554769501046300,33.39204638671875,0.008915712383389472,0.00085689082397148,0.021059086142969318
1760554769511050200,33.40205029296875,0.023607670080661773,0.009578322744276373,0.017882040709163993
1760554769521055200,33.41205517578125,0.011953472644090652,0.010476111834216862,0.03200595272751525
1760554769531059200,33.42205908203125,-0.0005991349369287491,0.014785097607132047,0.016844395623961464
1760554769541063400,33.4320634765625,0.002851297777891159,0.028541254025325178,0.018354722555098124
1760554769551068400,33.442068359375,0.0070423197269439694,0.013546915847994386,0.010266076679574325
1760554769561072000,33.452072021484376,-0.010770400339365004,0.0218533006940037,0.0062373874190729105
1760554769571076000,33.462076171875,-0.011978022563457489,0.008640566970128565,-0.0020244413325795903
1760554769581081000,33.4720810546875,0.013449264159798621,0.02129391324557364,-0.0012950676121050492
1760554769591085300,33.48208520507813,-0.004372808256745338,0.021084800539538262,0.013786364326789043
1760554769601089300,33.49208935546875,0.007577157256007194,0.011811945281550287,0.017605438557756134
1760554769611094300,33.50209423828125,0.006057984864711761,0.0018793474731966851,0.027844723128527402
1760554769621098200,33.51209814453125,-0.01341185475885868,-0.0036532435442321,0.021615902608400208
1760554769631102200,33.52210229492187,0.022484803530573843,-0.01786041339924559,0.030968494871980508
1760554769641107200,33.532107177734375,0.013943769678473472,-0.019548256888333705,0.03624976430973038
1760554769651111200,33.54211108398437,0.0280026901692152,-0.010927709792926907,0.03455233100838959
1760554769661115100,33.552115234375,0.027407646885514256,-0.0188305736056529,0.022012628574715927
1760554769671120100,33.5621201171875,0.014994740036129951,-0.013720482316613197,0.02066461606582161
1760554769681124000,33.5721240234375,0.011412789896130562,-0.008515077426936477,0.020011636616382746
1760554769691128300,33.58212841796875,0.01830430297553539,-0.01582468805424869,0.029086275021685287
1760554769701133300,33.59213330078125,0.0005114566534757614,-0.01556242038886994,0.026350059557403438
1760554769711137300,33.60213720703125,0.0027700492352247235,-0.015460001194011419,0.021676377791096456
1760554769721141000,33.61214111328125,0.002933715364336967,0.010982106861285864,0.03767920345780439
1760554769731146000,33.62214599609375,-0.0015425532668828963,0.012311090442724526,0.012540944542689248
1760554769741150200,33.63215014648438,-0.008415361645817757,0.011331011630501597,0.02785067337870132
1760554769751154200,33.642154296875,0.009998246923089028,0.010717062716931104,0.028453288047504608
1760554769761159200,33.6521591796875,0.011797405299544334,0.01986205381155014,0.02260895506662782
1760554769771163100,33.6621630859375,0.01404138483405113,0.019741605769656598,0.02292620888883248
1760554769781167400,33.67216748046875,0.005058452433347702,0.015730817492026834,0.0013735031431773676
1760554769791172400,33.68217236328125,0.01657587174773216,0.015854188143368808,0.012561092281574383
1760554769801176300,33.69217626953125,0.006239186650514602,0.012098616735823452,0.01662727770798374
1760554769811181300,33.70218139648438,0.015509119299054144,-0.004392608935758471,0.017437639676220713
1760554769821185000,33.71218505859375,0.0059200376987457275,-0.005444547407794743,0.0155302442854736
1760554769831189200,33.722189208984375,0.0030658173114061354,-0.001176551232393831,0.015667469932232052
1760554769841194200,33.7321943359375,0.005606149443984031,0.0017725078315474093,0.023157232032576573
1760554769851198200,33.7421982421875,0.014433014500141143,-0.014185067621059715,0.03771158505717758
1760554769861202200,33.7522021484375,0.029995909813046454,-0.0037407026319764554,0.021996211729454807
1760554769871207200,33.76220727539062,0.011739537632465363,-0.009586688713822513,0.03493313331978861
1760554769881211400,33.77221142578125,0.02326397120952606,-0.0032314927345141768,0.03002425455811899
1760554769891215000,33.78221508789063,0.01848082858622074,-0.01704511496098712,0.03736371233442332
1760554769901220400,33.792220458984374,0.008008534410595894,-0.0130798463255167,0.03644564307485707
1760554769911224000,33.80222412109375,0.016695114213228224,-0.0067677040366455905,0.031157866264507172
1760554769921228300,33.81222827148437,0.008621113350987433,-0.005201514165848493,0.022438589768670497
1760554769931233300,33.8222333984375,0.017159224593639374,-0.002710994258057326,0.008226656973571516
1760554769941237200,33.8322373046875,0.005348959812521934,-0.008072813552152365,0.018790300960768943
1760554769951241200,33.8422412109375,0.015228548792004585,0.010202226796280592,0.018188421510905026
1760554769961246200,33.85224609375,0.025260113462805746,0.013862977793533354,0.023101053999084978
1760554769971250200,33.862250244140625,0.009399696508049964,0.015466230005398391,0.015371345663024111
1760554769981254100,33.872254150390624,0.00251227508187294,0.009182820620667189,0.01419637446636334
1760554769991259100,33.88225903320313,0.026151509344577786,0.00020299349250271916,0.016861378724803217
1760554770001263000,33.89226318359375,0.025694997748732566,0.010181494535505771,0.031603742301906455
1760554770011267000,33.90226708984375,0.018206103298068047,-0.004380498372856527,-0.002393064582417719
1760554770021272000,33.91227197265625,0.009966682741045951,-0.00001768178716301918,0.02040686474535614
1760554770031276300,33.9222763671875,0.01205634849667549,0.006766260998230427,0.011620578294759615
1760554770041280300,33.9322802734375,0.006961655706167221,-0.003914744024630636,0.026228556636162102
1760554770051285200,33.94228515625,0.009350012147426605,-0.0022360336900688707,0.025819793172180652
1760554770061289200,33.95228930664062,0.027600539109110832,-0.006658087916020304,0.012782027856144122
1760554770071293200,33.96229321289063,0.011140402695536613,0.0005218684496358036,0.04148596619646996
1760554770081298200,33.972298095703124,0.009941548299789427,0.00016291721044108272,0.03171319402575027
1760554770091302100,33.98230224609375,0.010693827971816063,-0.007025368592143058,0.006624436808167956
1760554770101307100,33.99230712890625,0.0165349552154541,-0.015921042834501714,0.02542287540961988
1760554770111311000,34.00231103515625,0.012800444862246513,0.010887797907646745,0.011233821166609414
1760554770121315300,34.0123154296875,0.012504092264175414,0.0023961561552248893,0.0020176097329938783
1760554770131320300,34.0223203125,0.02238134315609932,-0.005890172283444553,0.014249333062884397
1760554770141324300,34.03232421875,0.0039794250249862665,-0.006909724589530378,0.016615934330062008
1760554770151328000,34.042327880859375,-0.013375614401698111,0.008511223235726355,0.023049492775206452
1760554770161333200,34.05233325195312,0.01954348938167095,0.013763079349324107,0.005215533558046445
1760554770171337200,34.06233715820313,0.011164368093013763,0.0014724654390476644,0.010839136460330337
1760554770181341200,34.07234106445313,0.011762333986163139,0.001332801240030676,0.017052800510521045
1760554770191346200,34.08234619140625,-0.00006195932030677795,-0.011576839617732912,0.019990776491444557
1760554770201350100,34.09235009765625,0.007868249157071114,-0.0014148900329135359,0.014166878943820483
1760554770211354400,34.10235424804687,0.0008294365614652633,0.01719126369971782,0.018766641523968428
1760554770221359400,34.112359375,0.024618308427929878,0.003531882186885923,0.02322105908298399
1760554770231363300,34.12236328125,0.017286065843701362,-0.019685966592282056,0.02314174220249988
1760554770241367000,34.13236694335937,0.022673019579052923,-0.0012934008114039897,0.013327642507548443
1760554770251372000,34.1423720703125,0.0030699089646339414,-0.007167809270136058,0.013836989402328618
1760554770261376300,34.152376220703125,0.016236849051713943,-0.008331391423102468,0.013872508240281604
1760554770271380200,34.162380126953124,0.024314357045292855,-0.003278966871742159,0.02436393637463916
1760554770281385200,34.17238525390625,0.012344517788290977,-0.008252736696321516,0.021366334594390354
1760554770291389200,34.18238916015625,-0.010096446600556372,0.01523108780896291,0.012086355475871823
1760554770301393200,34.19239306640625,0.000678045392036438,0.016704356965608895,0.02337669260269031
1760554770311398100,34.20239819335937,0.014297989943623543,0.002396192687842995,0.03990352844377048
1760554770321402400,34.21240234375,0.01460135680437088,-0.0169416911191307,0.020468125379341652
1760554770331406000,34.222406005859376,0.01849602615535259,-0.013701357491035014,0.005506657425151207
1760554770341411000,34.2324111328125,0.011616203513741492,-0.0021712248255498705,0.003933823184436187
1760554770351415000,34.2424150390625,0.01730360150039196,0.006145297821983695,0.013488947716215624
1760554770361419300,34.25241918945313,0.01895136870741844,0.0038345001289620995,0.019565819944487882
1760554770371424300,34.26242431640625,0.020298107141256332,0.0079646952688694,0.0158504937823629
1760554770381428200,34.27242822265625,0.0018926818788051604,-0.003889445186592638,0.026263737547397612
1760554770391432200,34.28243212890625,0.0165524908721447,0.002257734065223485,0.01640573934521526
1760554770401437200,34.292437255859376,0.012060440149903297,-0.004972345052473247,0.025408865150576457
1760554770411441200,34.302441162109375,0.008466215050220488,0.00259639143506065,0.009114623355818911
1760554770421446100,34.31244604492188,0.004572130221128463,0.0034956600960344072,0.02633160601868294
1760554770431450000,34.3224501953125,0.005768062007427215,0.005031089502386748,0.023173064355948007
1760554770441454000,34.3324541015625,0.005321487283706665,0.0022344810537993907,0.019818429298955016
1760554770451459000,34.342458984375,0.03480184879004955,-0.002187847166787833,0.023321363952569663
1760554770461463300,34.35246337890625,0.015347206735610961,-0.004704031238798052,0.011268166394205763
1760554770471467300,34.36246728515625,0.006818447843194008,0.012022263563983141,0.012857116086082532
1760554770481472300,34.37247216796875,0.010412088420987129,0.0005543094145134091,0.011381833068863489
1760554770491476200,34.38247631835937,0.007867664635181426,0.005672328281681984,0.018196901644882746
1760554770501480200,34.39248022460937,0.013255202892422675,0.0119328682474792,0.004716671524662524
1760554770511485200,34.402485107421874,0.03226502378880977,0.004068747276253998,0.023793502375809475
1760554770521489200,34.4124892578125,0.0006961655706167221,0.0025571188705973327,0.010632014781981705
1760554770531493400,34.422493408203124,0.015211597657203674,-0.006865191328059882,0.031720190022117456
1760554770541498400,34.43249829101563,0.004884264910221099,-0.004861870415322482,0.02155474700569175
1760554770551502300,34.44250244140625,0.002042319482564926,-0.0004188829991966486,0.019898029307229444
1760554770561506300,34.45250634765625,0.005034487035870552,0.004223207185603678,0.023089838485326617
1760554770571511300,34.46251123046875,0.012064531803131103,-0.007351732735987752,0.02407836546548642
1760554770581515300,34.47251538085938,0.009368716847896575,-0.0023288630726747213,0.013687858688645064
1760554770591519200,34.482519287109376,0.01206160919368267,0.007712948997505009,0.016574812301807105
1760554770601524500,34.4925244140625,0.018944938966631887,0.005867759522236883,-0.00028651162406895307
1760554770611528400,34.50252856445312,0.005025134685635566,0.0013294037065468727,0.012701720028393901
1760554770621532400,34.51253247070313,0.02747194429337978,0.005758106868993491,0.02532804586617276
1760554770631537400,34.522537353515624,0.015802549287676812,-0.0030308555958792564,0.026121429300145244
1760554770641541000,34.532541015625,0.01475683962702751,0.0025589272351935503,0.02228187397015281
1760554770651545300,34.54254541015625,0.013263386198878287,0.008123027635738253,0.014594447572971693
1760554770661550300,34.55255029296875,0.011019991186261176,0.0002967179242521524,0.011478772371006198
1760554770671554300,34.56255419921875,0.01042377885878086,0.005756006243452429,0.026963149954448453
1760554770681558300,34.57255834960937,0.020599135914444924,0.002054685773793608,0.028471220996417104
1760554770691563300,34.582563232421876,0.016856442254781723,-0.001782956160325557,0.022328430225350894
1760554770701567500,34.5925673828125,0.007878770551085471,0.0027136794054880738,0.030470336091495118
1760554770711571200,34.6025712890625,-0.00035071313381195067,0.005949482988938689,0.0248269188104663
1760554770721576200,34.612576171875,0.012519289833307266,-0.0000690649145282805,-0.004935355776641517
1760554770731580200,34.622580078125,0.007132336097955703,-0.002019614460412413,-0.0031536325921770183
1760554770741585200,34.63258520507812,0.012666004827618598,-0.007000636009685695,0.013036628238297997
1760554770751589400,34.64258935546875,0.016554828959703446,0.001134264726936817,0.020693216539220884
1760554770761593300,34.65259326171875,0.017152794852852822,0.012222736305836587,0.03766500140251591
1760554770771598300,34.662598388671874,0.009668576577305793,0.007200323300249874,0.007316752754151821
1760554770781602300,34.67260229492187,0.005028057295084,-0.004995798993296921,0.010776117694098503
1760554770791606500,34.6826064453125,0.016703297519683837,-0.010999459854885936,0.00865510695213452
1760554770801611500,34.692611572265626,0.013560323318839072,0.004096877392195165,0.021543120499979702
1760554770811615200,34.702615234375,0.013109656941890716,-0.0121323546086438,0.023312723988387733
1760554770821619200,34.712619140625,0.01684533633887768,-0.001446527280192822,0.013774030001601203
1760554770831624200,34.72262426757813,0.011157353830337524,-0.003641461774893105,0.023371281208633445
1760554770841628400,34.73262841796875,0.005917699611186981,-0.0005851429441943764,0.03180678602675907
1760554770851632400,34.74263232421875,0.01893792470395565,0.010140760666318237,0.018661185555229894
1760554770861637400,34.75263745117188,0.010258943685889244,-0.01051708316542208,0.016330272089364006
1760554770871641300,34.76264135742188,0.004274608579277992,0.000701882925350219,0.011521839761175214
1760554770881645600,34.7726455078125,0.007566635861992835,-0.006187840055767446,0.023760938113345762
1760554770891650600,34.78265063476562,0.009212064981460572,0.0015633403265848755,0.01232044279295951
1760554770901654300,34.792654296875,0.01654196947813034,-0.00012921587023884059,0.014188949211733415
1760554770911658200,34.802658203125,0.010552373674511908,-0.006258055747766047,0.015856681494554502
1760554770921663200,34.812663330078124,0.002618658065795898,0.003740483436267823,0.016830220968136564
1760554770931667200,34.82266723632812,0.02401683540344238,-0.000890793093573302,0.022373748938110654
1760554770941671400,34.83267138671875,0.011146247914433478,-0.003216404763236642,-0.001851829278608784
1760554770951676400,34.842676513671876,0.0035147301226854323,0.00292218932332471,0.03209839395105373
1760554770961680400,34.852680419921874,0.019230770170688628,0.007802855770662426,0.013702471735887229
1760554770971684000,34.86268408203125,0.022972294786572454,-0.0034487704806961117,0.015520435277512297
1760554770981689000,34.872689208984376,0.014743980145454406,0.0075381586861796674,0.028042492456641047
1760554770991693300,34.882693359375,0.018935586616396903,0.005539824475813656,0.019524629417574033
1760554771001697300,34.892697265625,0.01280278294980526,0.003974876714032143,0.012836434057657607
1760554771011702300,34.90270239257813,0.003226560831069946,0.002021916015353054,0.015590185178630053
1760554771021706200,34.91270629882813,-0.001115267765522003,0.0006490567595697938,0.008601207640697248
1760554771031711200,34.92271118164062,0.015647650986909865,0.0015430281909182668,0.0020883962471503763
1760554771041715500,34.93271557617187,0.005773907226324081,-0.009165759888011962,0.008021996680367738
1760554771051719400,34.94271948242187,0.0071212301820516586,0.005949976179283112,0.003320376594364643
1760554771061724400,34.952724365234374,0.019544658425450324,-0.011388203444145619,0.007604406022536568
1760554771071728000,34.96272802734375,0.027031799310445782,-0.008451273209415376,0.02529203383787535
1760554771081732400,34.972732421875,0.02479775664806366,-0.008300850154366343,0.022907499621785246
1760554771091737300,34.9827373046875,0.012989245432615279,-0.0003933832317590713,0.032232948150113225
1760554771101741300,34.9927412109375,0.014348258826136589,0.010993669434916227,0.02058592023984529
1760554771111745300,35.002745361328124,0.009721768069267273,0.004731266305595636,0.020806376323802396
1760554771121750300,35.012750244140626,0.01735971560180187,0.019652393116243182,0.005859530550008639
1760554771131754500,35.02275439453125,0.007787000614404678,0.004701729683857411,0.004669978272146545
1760554771141758500,35.032758544921876,0.01421791044473648,0.0168029585018754,0.009000970380892977
1760554771151763500,35.04276342773438,-0.007191372808814048,0.009579765782691537,-0.008211039279331452
1760554771161767200,35.05276708984375,-0.002717442265152931,0.017472089935094116,0.005868595205876044
1760554771171771400,35.062771484375,0.010429624077677726,0.022421894362196326,0.00006769037477206439
1760554771181776400,35.0727763671875,0.025076573589444158,0.006412040733080357,0.022026310040196402
1760554771191780400,35.0827802734375,0.02580897951722145,0.004578395565133541,0.023691201911959794
1760554771201784300,35.09278442382813,0.026698621833324433,-0.003544741668459028,0.024560057168360797
1760554771211789300,35.102789306640624,0.008275660914182663,0.006606668256036937,0.01933360949065536
1760554771221793500,35.11279345703125,-0.0016319851160049438,0.03142170483246445,-0.042606640789471566
1760554771231797200,35.12279736328125,-0.029360534518957135,0.05582463521035388,-0.04241570762752089
1760554771241802200,35.13280224609375,-0.008765490257740021,0.038262656768411396,0.03280069700151216
1760554771251806200,35.14280615234375,0.00928220760822296,0.014891590188909322,0.04592144615957513
1760554771261810200,35.15281005859375,0.006238017606735229,-0.015610972238332032,0.02421165928922128
1760554771271815400,35.1628154296875,0.031038112342357635,-0.025117343991249798,0.03180327432884369
1760554771281819400,35.1728193359375,0.04628185870349407,-0.053221814034506675,0.04537922447507735
1760554771291823400,35.1828232421875,0.052263855722546576,-0.06432968443362042,0.07120471216910518
1760554771301828400,35.19282836914063,0.06365326474308967,-0.06054883245434612,0.061950949770654545
1760554771311832300,35.20283227539063,0.04049509199559689,-0.052081156099401414,0.061567033053562044
1760554771321837300,35.21283740234375,0.05461597180664539,-0.04614396633645519,0.060793966321833426
1760554771331841300,35.22284130859375,0.021156769797205925,-0.01999788208566606,0.051195313175581396
1760554771341845200,35.23284521484375,0.015076573100686072,0.02115888868905604,0.025791005469113587
1760554771351850200,35.242850341796874,-0.019893617993593214,0.024627076256275176,0.020037296214024534
1760554771361854200,35.25285424804687,-0.025398645150661467,0.03629115576604381,0.0157996860437328
1760554771371858400,35.2628583984375,-0.017011925077438355,0.044819001343008126,0.012879720643535255
1760554771381863400,35.272863525390626,-0.021366028633713723,0.0654276174718514,-0.02860619532058481
1760554771391867400,35.282867431640625,-0.03037818712890148,0.06440556268142536,-0.03780191195544321
1760554771401871400,35.292871337890624,-0.018758476483821868,0.04211156901521608,-0.01383186113606207
1760554771411876400,35.30287646484375,-0.017478373545408248,0.046639403436891734,0.007840744662215002
1760554771421880300,35.31288037109375,0.0001052139401435852,0.032700602194480594,0.028010859775939024
1760554771431884300,35.32288427734375,0.031461890712380404,-0.014150124171841888,0.03494507948590908
1760554771441889300,35.33288916015625,0.04188450052738189,-0.03911319091683253,0.03222833590707742
1760554771451893200,35.34289331054688,0.04649111754000187,-0.06372729809368029,0.035812783964839764
1760554771461897500,35.3528974609375,0.06818447843194007,-0.06805385605590418,0.06481390145372133
1760554771471902500,35.36290234375,0.06088029289841652,-0.09348910688990726,0.05493818949833512
1760554771481906400,35.37290649414062,0.07081541145741939,-0.10766348872017115,0.09155134376036003
1760554771491910100,35.38291015625,0.047692310023307795,-0.047381490508466954,0.09978200562219135
1760554771501915100,35.3929150390625,0.013490765213966369,0.03423877154719084,0.08080282645924017
1760554771511919400,35.40291943359375,-0.055308045724034305,0.11332016277499496,0.06983470245753415
1760554771521923300,35.41292333984375,-0.08913608104586601,0.13309599960781632,-0.010120384598569943
1760554771531928600,35.422928466796876,-0.0511690462231636,0.06185311998594552,-0.08055863330666907
1760554771541932500,35.4329326171875,0.0036947628647089003,0.020742690837290138,-0.13052627698397262
1760554771551936500,35.4429365234375,0.02819616691470146,-0.02884924226226285,-0.10409107359349727
1760554771561941500,35.45294140625,0.046131052055954934,-0.06307606764333322,-0.0038582965630805117
1760554771571945700,35.46294580078125,0.040435470762848855,-0.03847385183367878,0.07373356392644345
1760554771581949400,35.472949462890625,0.02397299626171589,-0.0034423042072914537,0.1144780367063824
1760554771591954400,35.48295434570313,0.011098317119479178,0.0017863171611912547,0.10266990908342413
1760554771601958400,35.49295849609375,0.007054010164737701,0.008940225770138203,0.06105792818737681
1760554771611962600,35.50296264648438,0.018266309052705765,-0.007438424638751894,-0.0052739446478197345
1760554771621967600,35.51296752929687,0.0276847102612257,-0.009534775863494724,-0.053266593891149384
1760554771631971600,35.5229716796875,-0.002713350611925125,0.010287968850973992,-0.06304862708055879
1760554771641976600,35.5329765625,-0.017864157992601392,0.0455738930972293,-0.014272654572967438
1760554771651980500,35.54298046875,-0.027944237980246544,0.06498193779727443,0.04063324465753976
1760554771661984800,35.55298486328125,-0.01633797133862972,0.05493146749660372,0.04454614835153334
1760554771671989800,35.56298974609375,-0.01253039574921131,0.04846013432433829,0.06130756470004562
1760554771681993500,35.572993408203125,-0.010530746364593505,0.03931318873465061,0.04201887662992813
1760554771691997400,35.58299755859375,0.004925765964388847,0.05289121210696175,0.008049683838314376
1760554771702002400,35.59300244140625,0.004518354207277297,0.02309298029048368,0.015377793670119717
1760554771712006700,35.60300659179688,0.01637713430523872,-0.00935726387212053,0.02366157852525357
1760554771722010600,35.6130107421875,0.031081951484084127,-0.0179010011379607,0.03198977334427181
1760554771732015600,35.623015625,0.027384850531816482,-0.012992405504081397,0.028332374214730224
1760554771742019600,35.63301953125,0.019348843592405317,0.0042924730295315384,0.014648904006835073
1760554771752023800,35.64302392578125,0.01654547660946846,0.0163516528041102,0.012033346647000872
1760554771762028800,35.65302880859375,0.01673193909227848,0.009134323570132255,0.0012317794178146868
1760554771772032500,35.66303247070312,0.011681085443496704,-0.002398969166819006,-0.017072313495166597
1760554771782036500,35.67303637695313,0.01650748268663883,-0.021642708416935056,-0.0011536407142644747
1760554771792041500,35.68304150390625,0.02852817534804344,-0.02310147412419319,0.016986219814023932
1760554771802045700,35.693045654296874,0.04355447956621647,-0.032425219319202,0.007387525568576529
1760554771812049700,35.70304956054687,0.05919336272478103,-0.04510039383396506,0.01549877600155305
1760554771822054700,35.7130546875,0.05645663123726844,-0.05416494010351598,0.030422140435059555
1760554771832058600,35.72305859375,0.03758884916007518,-0.054340077474713325,0.036682356173871083
1760554771842062600,35.7330625,0.05585515821278095,-0.06145341661125421,0.02508784390212968
1760554771852067600,35.74306762695313,0.059634676751494406,-0.05440028322935104,0.04348734174729325
1760554771862071600,35.753071533203126,0.04787643441855907,-0.06953527198638766,0.045062746971007435
1760554771872075500,35.763075439453125,0.032845454025268554,-0.04866228756662458,0.03765171722925734
1760554771882080500,35.77308056640625,0.015285247415304183,-0.025983331437129525,0.012362418771162629
1760554771892084500,35.78308447265625,0.023323007920384407,-0.02968364725979045,-0.003106112789176404
1760554771902088700,35.79308862304688,0.019537644162774086,-0.02947296365117654,0.006196580484649166
1760554771912093700,35.80309375,0.01889700817167759,-0.010516626507695763,0.009275056348228826
1760554771922097700,35.81309765625,0.014663900646567344,-0.005094126534927636,0.00110750001759734
1760554771932101400,35.82310131835938,0.015213351222872732,0.014289167316351084,0.022460637203697113
1760554771942106400,35.8331064453125,-0.0066857613742351526,0.02162687152698636,0.02621055518859066
1760554771952110600,35.84311059570312,0.009710662153363227,0.028165388183947652,0.03618700583840254
1760554771962114600,35.85311450195312,0.008894085073471069,0.0037263453130610283,0.021638224038062617
1760554771972119600,35.86311962890625,-0.0004524199426174164,-0.0026966917380690575,0.0027316077878233045
1760554771982123500,35.87312353515625,0.0062122986435890195,-0.0045745413739234205,-0.007261300806445069
1760554771992128500,35.88312841796875,-0.006736030256748199,0.007927779058273882,-0.008087047573481686
1760554772002132700,35.8931328125,0.0014086977541446686,0.01699550366559997,0.0007714227639138698
1760554772012136700,35.90313671875,-0.009016250148415565,0.031149829088523984,0.01856978551130742
1760554772022141700,35.9131416015625,-0.011973930910229682,0.033253285907488314,0.022509248418663627
1760554772032145400,35.9231455078125,-0.0038707039535045623,0.025022468782030044,0.027720343263610264
1760554772042149600,35.93314965820313,0.009760931035876273,0.03473371545728296,0.03429553866914939
1760554772052154600,35.94315454101562,-0.007445055308938026,0.026507537974324077,0.012813418508251196
1760554772062158600,35.95315869140625,0.010661094745993614,0.027585250208433717,-0.0027634733639657497
1760554772072162600,35.96316259765625,0.004667407289147376,0.005539367818087339,-0.026562656561890614
1760554772082167600,35.97316748046875,-0.00731762953698635,0.0036844971990212796,-0.0214857277569361
1760554772092171800,35.983171875,-0.002697568520903587,0.0019150763737037777,-0.014980953539372422
1760554772102175500,35.99317553710937,-0.004965513452887535,0.004310702805966139,-0.0003515442508738488
1760554772112180500,36.003180419921875,-0.013825111734867095,0.01414338390380144,0.02197340167602524
1760554772122184400,36.013184326171874,-0.017300094369053838,0.02587912214398384,0.017564859952195547
1760554772132188700,36.023188720703125,0.00360416197180748,0.011706329482607542,0.02164626578062307
1760554772142193700,36.03319360351563,0.011193009665608405,0.003875124400295317,0.025632449339958837
1760554772152197600,36.04319775390625,0.03479892618060112,-0.011634067963995038,0.023720715700811704
1760554772162201600,36.05320166015625,0.021301731225848195,-0.04126370174791664,0.03710274614356458
1760554772172206600,36.06320654296875,0.04971417123973369,-0.0392243596737273,0.0388591065579094
1760554772182210600,36.07321044921875,0.019783727878332137,-0.02256234401250258,0.02215443906504661
1760554772192214500,36.08321459960938,0.025024551141262053,-0.00907784414254129,0.04188265563016757
1760554772202219500,36.09321948242187,0.031322774502635,-0.011992708675935864,0.044447875608829776
1760554772212223500,36.10322338867188,0.02415419804751873,-0.01388232181482017,0.04364652349753305
1760554772222227500,36.1132275390625,0.0003758475750684738,-0.0073533767038024955,0.03450491623666603
1760554772232232400,36.123232421875,0.0021884499549865723,-0.0013606025624088942,0.01890431012872141
1760554772242236700,36.13323657226562,0.0034019173979759213,-0.0037285372701473534,0.019700109282066114
1760554772252240600,36.14324072265625,-0.002722118440270424,0.006413812565058469,0.002694207520037889
1760554772262245600,36.15324560546875,0.00028057050704956055,0.006078333532996475,0.0008065854088403284
1760554772272249300,36.163249267578124,0.003728665134310722,-0.0025690285040996966,-0.001022301385598257
1760554772282254600,36.17325463867188,0.017800445106625557,0.009262078135646879,-0.007194048823090269
1760554772292258600,36.18325854492188,0.0029909985095262527,0.00031114830840379,-0.0019261548901442437
1760554772302262500,36.193262451171876,0.011369535276293754,-0.013069361464120447,0.008242973354132845
1760554772312267500,36.203267578125,0.02722761414349079,0.0001292341365478933,0.006289761493704281
1760554772322271500,36.213271484375,0.019592589220404622,0.005964388297125697,0.009816300785192288
1760554772332275700,36.22327563476563,0.01704991900026798,-0.0027240729353390633,0.02877148258462548
1760554772342280700,36.23328076171875,0.0029845687687397003,-0.0076272434754297135,0.02693786024956498
1760554772352284700,36.24328466796875,0.022587094861268996,-0.008749653367791325,0.030289221070660278
1760554772362288400,36.25328833007813,0.01690437304973602,-0.02014412215594202,0.03182564599085599
1760554772372293400,36.26329345703125,0.010925883162021637,0.0016454473857767879,0.04586248708053026
1760554772382297600,36.273297607421874,0.004940963533520699,0.036705764448922124,0.026588256794027983
1760554772392301600,36.28330151367187,-0.0012017770051956176,0.028013723019883034,0.025322072783112524
1760554772402306600,36.293306640625,-0.012880524361133575,0.019346615102700887,0.02271268030258361
1760554772412310500,36.303310546875,-0.004818213936686516,0.02202281204201281,0.004937926759640686
1760554772422314800,36.313314697265625,0.01011924295425415,-0.008169369261804968,-0.020791484715347176
1760554772432319700,36.32331982421875,0.01443009189069271,-0.01086832602219656,-0.03778048557492438
1760554772442323700,36.33332373046875,0.006474748972058296,-0.021744579622521996,-0.022533903369307516
1760554772452327400,36.343327392578125,0.023065233767032622,-0.03363928955039009,-0.009028315045544877
1760554772462332400,36.35333251953125,0.027098434805870056,-0.034930681067798286,0.017420935136592014
1760554772472336600,36.36333666992188,0.014078209713101386,-0.0219093417301774,0.016468598281242884
1760554772482340600,36.37334057617188,0.028003859212994572,-0.01585723861698061,0.034033257304038854
1760554772492345600,36.383345703125,0.02472936758697033,-0.026074261123593893,0.03971172763213981
1760554772502349600,36.393349609375,0.018317746978998184,-0.01921288745412603,0.055359008726291355
1760554772512353500,36.403353515625,0.027175007173418995,0.008142280325479805,0.05310968172980938
1760554772522358500,36.413358642578125,0.008798808005452156,-0.012040365476254374,0.04577539331896696
1760554772532362800,36.42336279296875,0.0188572606831789,-0.0011797478364780544,0.049239137606509026
1760554772542366700,36.43336669921875,0.015899579921364784,0.0054701385067775846,0.052815178595529866
1760554772552371700,36.44337182617188,0.00934767405986786,0.009492343227565288,0.04058838716908358
1760554772562375700,36.453375732421875,0.018950784185528754,0.003773490656726062,0.05155469367303885
1760554772572380700,36.46338061523438,0.02585632579028606,0.017434077745955436,0.07588629411407746
1760554772582384600,36.47338452148438,0.0013438158243894577,0.015360212347656487,0.0724404553759843
1760554772592388600,36.483388671875,0.0010696750581264496,0.028587796580791473,0.06507232862762174
1760554772602393600,36.4933935546875,0.012317629781365394,0.012590930297411977,0.07775206058649346
1760554772612397600,36.5033974609375,0.013235329148173332,-0.0031511575073003765,0.053756815960351374
1760554772622401800,36.51340185546875,0.01534896030128002,-0.010423285668436437,0.02842831800302956
1760554772632406800,36.52340673828125,0.01581950042247772,-0.008551646577659994,-0.008417284174845554
1760554772642410800,36.53341064453125,0.0071627312362194055,-0.007734503242187202,-0.0352356005648151
1760554772652414700,36.54341479492187,0.03397007414102554,-0.021084690941683946,-0.09956232585636898
1760554772662419700,36.553419677734375,0.024563947892189023,-0.03284265927998349,-0.10081928538121282
1760554772672423700,36.563423583984374,0.004229015871882439,-0.003852090584579855,-0.06753467732027638
1760554772682427600,36.573427734375,-0.008037760505080222,0.05366230607731268,0.006922871765471063
1760554772692432600,36.5834326171875,-0.004908814829587936,0.042081137344334274,0.0085129539685091
1760554772702436600,36.5934365234375,0.0011865794360637664,0.057977484128996726,0.025003951311227863
1760554772712440800,36.60344091796875,-0.030450667843222617,0.09660614293189719,0.04415612612063996
1760554772722445800,36.61344580078125,-0.041458968591690064,0.10099628591593354,0.017098772243829444
1760554772732449800,36.62344970703125,-0.024797172126173973,0.05788502007257193,-0.0054512602763716125
1760554772742453800,36.63345385742188,0.02448796004652977,-0.0035546785405836997,-0.03013017631773837
1760554772752458800,36.64345874023437,0.04356090930700302,-0.06946459963666275,-0.045095023539103565
1760554772762462700,36.65346264648438,0.05516776047050952,-0.07980477359890938,-0.03725799150420352
1760554772772466700,36.663466796875,0.044352351945638656,-0.05512695353608578,-0.011745839509088545
1760554772782471700,36.6734716796875,0.027716274443268775,-0.02614226659219712,0.027610745409294028
1760554772792475600,36.6834755859375,0.03998129725456238,-0.06228500859718769,0.029221788201970047
1760554772802479600,36.69347973632812,0.03415302949249744,-0.2630205478389747,-0.12276755261598155
1760554772812484900,36.70348486328125,0.06142857443094253,-1.0056039332974702,-0.7135965978890657
1760554772822488800,36.71348876953125,0.041592239582538604,-1.025776733558625,-0.9714585025895386
1760554772832492500,36.72349243164062,0.13275661158561705,2.840179879288375,2.070128695988655
1760554772842497500,36.73349755859375,0.14946049362719058,-0.7548329367060214,0.7062055377896874
1760554772852501500,36.74350146484375,-0.009320786052942275,-0.13318471907088533,-0.5249523871257901
1760554772862505700,36.753505615234374,-0.2757838572949171,0.01972905681533739,0.03161967965655494
1760554772872510700,36.7635107421875,-0.10325053111612796,0.10286712128911167,0.1584048841157928
1760554772882514700,36.7735146484375,-0.016814941200613973,0.13914881510706617,0.38663456121645867
1760554772892519700,36.78351977539062,-0.0477706359565258,0.1767138997990638,0.40521428359989076
1760554772902523600,36.79352368164062,0.08239771270155906,0.12570346907055935,0.3424046300740912
1760554772912528000,36.80352783203125,0.31973814983367915,-0.06256472972086631,0.43462340650092807
1760554772922532900,36.813532958984375,0.2874468225598335,-1.0744377424836158,0.17051099003832787
1760554772932536600,36.82353662109375,-0.8632938228815793,0.24978567534852772,-0.7329509213741868
1760554772942540500,36.83354052734375,-0.6831839239686727,0.4732824787084013,-0.5226544123817235
1760554772952545500,36.843545654296875,0.7146820550382137,-0.12099414973529055,0.5604182527825236
1760554772962549800,36.8535498046875,0.9252087195247412,-0.432575497527793,0.10348006555568426
1760554772972553700,36.8635537109375,0.1403840377241373,0.23689378934316335,-0.42713389099575577
1760554772982558700,36.87355883789063,-0.49582946075499057,-0.10982355283088982,0.03015643413700163
1760554772992562700,36.883562744140626,-0.8457938220262528,-0.3699500049298629,-0.24372080408530308
1760554773002567000,36.89356689453125,-2.192804643064737,0.1476480373777449,-0.712695265135169
1760554773012572000,36.90357202148437,-0.28368542419970033,0.14482801152095198,-0.3023082916051149
1760554773022575600,36.91357568359375,-0.6815741506844759,-0.24373503354005513,0.466144735782966
1760554773032579600,36.92357958984375,-0.4618254843443632,-0.13855558018796146,0.0638637108896859
1760554773042584600,36.93358447265625,-0.414846291026473,-0.23354104484915733,-0.597411766397953
1760554773052588800,36.9435888671875,-0.31265549809634685,-0.3042211394891143,-0.35245069819428027
1760554773062592800,36.9535927734375,-0.37433892407119274,-0.45502164954841134,-0.6316180604476481
1760554773072597800,36.96359765625,-0.4383557614296674,-0.3653099605716765,-0.2588868090351112
1760554773082601700,36.97360180664062,-0.39816228272914883,-0.5369732259176672,-0.4461432004354894
1760554773092605700,36.98360571289062,-0.20746786143779752,-0.31743323389217254,-0.18615928034605458
1760554773102610700,36.993610595703124,-0.2603869661986828,-0.6404471905261278,0.1871899933669716
1760554773112614700,37.00361474609375,-0.37480771062672136,-0.3536830895334482,0.7354770057857036
1760554773122618600,37.01361865234375,-0.39925709222853184,-0.3456608188584447,0.5435998775158077
1760554773132623600,37.02362353515625,-0.18595804041922093,-0.6057905954256654,-0.2024075275746174
1760554773142627800,37.0336279296875,-0.06384732601046562,-0.5412178777500987,0.5095356222853065
1760554773152631800,37.0436318359375,0.2765682856708765,-0.39256431659162044,0.3351751172119751
1760554773162636800,37.05363671875,0.6252315012156963,-0.3395940661653876,-0.4588323304103687
1760554773172640800,37.06364086914063,0.6250637434333562,-0.6797229698598385,-0.4466666397877037
1760554773182644500,37.07364453125,0.4297381552100181,-0.2941775921195745,0.01800616027917713
1760554773192649700,37.08364965820312,0.30093758777379986,-0.17685323520451784,0.05905284000923857
1760554773202653700,37.09365380859375,-0.5723036286264658,-0.4695250989362597,0.1005294355891645
1760554773212658700,37.10365869140625,-0.2439420273542404,-0.09590747487694025,-0.0859269280073233
1760554773222662700,37.11366259765625,-0.4079734826475382,-0.3806441616952419,0.7146596970759331
1760554773232666600,37.12366650390625,-0.2915957589328289,-0.4181389028310776,0.4502046046555042
1760554773242671600,37.133671630859375,0.9458651385843754,0.1407148771136999,1.2232090848028658
1760554773252675800,37.14367578125,0.7225193245351315,-0.44870062983334064,0.34650413781479
1760554773262679800,37.1536796875,0.056931263011693954,-0.9935644628703594,-0.14186936264475808
1760554773272684800,37.16368481445313,-0.5917167696267366,-0.3926742067068815,-0.4406668513836339
1760554773282688500,37.1736884765625,-0.4728846384972334,-0.41956338267624377,-0.7671293775688857
1760554773292692700,37.183692626953125,-0.38217210191488266,0.17076280937492846,-1.0115106000579892
1760554773302697700,37.19369775390625,0.08970774345397949,-0.6412029773294925,-3.607361060109734
1760554773312701700,37.20370166015625,-0.1608189229875803,-0.2504360655486584,-3.148777334165573
1760554773322705700,37.21370556640625,-0.06634498804509639,-0.13760931231379508,1.356041976495087
1760554773332710700,37.22371069335937,-0.5825193176925182,-0.14090601577162742,1.5543597322717309
1760554773342715000,37.23371484375,-0.47359483259320256,0.2889683330386877,-1.1925533959068357
1760554773352718600,37.24371850585938,-0.9668073888480663,1.1224006861418485,4.419706201520562
1760554773362723600,37.2537236328125,-0.7486632350951433,1.117261569687724,3.126149030511081
1760554773372727600,37.2637275390625,0.36418870145678517,2.1795681448727846,-1.1945623245764523
1760554773382731800,37.27373168945312,-0.513695372313261,1.127002626979351,0.6182727681189775
1760554773392736800,37.28373681640625,2.2762352059453725,3.0693215201348063,0.4049973894461989
1760554773402740700,37.29374072265625,1.0240198068886994,4.588683296522498,0.14161007238775492
1760554773412744700,37.30374462890625,1.2342249843358992,6.01322685457468,-0.6215891991905867
1760554773422749700,37.31374975585938,0.9987211149811744,7.337966807094216,-0.5871672896288335
1760554773432754000,37.32375390625,-0.3223234901517629,7.932640672960877,-1.8704073570244013
1760554773442759000,37.33375903320312,-3.0953382971838117,7.199754852712154,-4.3103313423052425
1760554773452762600,37.3437626953125,-5.829220532745123,6.440241722300648,-5.822739938554167
1760554773462766600,37.3537666015625,-7.633845942434668,6.267444776749611,-4.524750045794248
1760554773472771600,37.363771484375,-9.767610952031612,5.207731725189089,-3.8077968309536576
1760554773482775800,37.37377587890625,-11.79938799779415,3.3327707965135573,-2.7197192701742052
1760554773492779800,37.38377978515625,-12.43461014714837,3.1224826169580218,-0.6713970400631427
1760554773502784800,37.39378466796875,-11.661768164086341,2.8053596180588007,0.8265954928204416
1760554773512788700,37.403788818359374,-9.828567232775688,1.3073434120386838,1.090424416166544
1760554773522792700,37.41379272460937,-7.1575500341892235,0.1764513764053583,0.3409636009529233
1760554773532796700,37.42379663085938,-4.110720916369557,-0.20253157407939432,-0.9317100642427801
1760554773542800600,37.43380053710938,-2.1038038788363336,0.5072814136177302,-1.0406225666433573
1760554773552804400,37.443804443359376,-1.1152151585519312,2.8361528157293794,-0.3184288208007812
1760554773562809300,37.45380932617188,0.10653729770183562,4.4310780748844145,-1.4735884517282247
1760554773572813600,37.4638134765625,1.1477034697026014,4.682121458676457,-2.793161815264821
1760554773582817500,37.47381762695313,1.7779244497686624,5.022114461031556,-2.457517071247101
1760554773592822500,37.48382250976562,2.7216671893715856,4.756346386316419,-1.128401387861371
1760554773602826500,37.49382641601562,4.433854553860425,3.573979891772568,0.7139099016219377
1760554773612830700,37.50383081054687,4.789898527306318,3.3209985256552694,2.8739164369344707
1760554773622835700,37.513835693359376,4.462705385291576,3.1366765620052814,4.405104844716191
1760554773632839700,37.523839599609374,4.1918817807525395,2.5522914504408836,5.3472331348598
1760554773642843400,37.53384350585937,4.024567650526762,1.9740145926237105,5.911479713758826
1760554773652848400,37.543848388671876,3.8585532047227025,2.112943170842528,6.4851102070748805
1760554773662852600,37.5538525390625,3.6232647316843267,2.183906027946621,7.549045260244608
1760554773672856600,37.563856689453125,3.6103391991376874,2.453667410081625,8.72436446662545
1760554773682861600,37.57386157226563,3.5169361082971093,2.3088956587925553,8.474076869636773
1760554773692865500,37.58386547851563,2.9957115095227955,1.8178654150128364,7.629103716343641
1760554773702869800,37.59386987304688,2.790100966389477,1.6081410068199038,6.746790720215439
1760554773712874800,37.60387475585937,2.6601468450039625,1.6360326378300785,6.181993521696329
1760554773722878700,37.61387866210937,2.534322663030028,0.7115180380493402,5.97324146566689
1760554773732882400,37.62388232421875,2.584364751049876,-0.7232654667273163,5.820303066796064
1760554773742887400,37.63388745117187,2.7480492926016447,-2.0889494240537285,5.788914241319895
1760554773752891600,37.6438916015625,3.1889322344213724,-3.1180490184247494,5.377562222149968
1760554773762895600,37.6538955078125,4.045718575105071,-3.5236560642018913,4.753305118924379
1760554773772900600,37.663900634765625,4.804582886219024,-3.1578476525887846,4.4496798995018
1760554773782904600,37.673904541015624,3.7646681755840774,-0.965349298994243,1.705868682861328
1760554773792909600,37.68390966796875,-4.543839361667633,8.216127359718083,-22.26855848844051
1760554773802913800,37.69391381835938,7.152378769031166,7.4081193707287305,-17.329236292386053
1760554773812917500,37.70391748046875,7.019955919444561,4.962434191572666,-3.4665158346146345
1760554773822922500,37.71392260742188,0.9863514627516269,6.979409974044561,2.2125796031147242
1760554773832926500,37.72392651367188,0.36766602217853067,7.0916527899116275,3.8452690679967403
1760554773842930400,37.733930419921876,0.02042319482564926,6.672595603191852,2.9239310524255036
1760554773852935700,37.74393579101562,1.8311229559928177,3.920863238163292,1.0684013849288225
1760554773862939600,37.75393969726562,-0.5339782818853854,1.9092355387210844,-2.0318302372545003
1760554773872943600,37.76394360351563,-1.3322317695796488,0.8609367383614182,-1.9097341358929871
1760554773882948600,37.77394848632812,-1.428061210784316,1.4417165189102292,-1.6839578798264263
1760554773892952600,37.78395263671875,-0.6583896744519472,1.9216241879120468,-2.0776713664531705
1760554773902956500,37.79395654296875,-0.6354027666181326,2.648004571789503,-2.4099440036892887
1760554773912961500,37.80396142578125,-1.2035001757264137,1.9205168111920357,-2.752313087525964
1760554773922965500,37.813965576171874,-1.7208406265437601,1.8441767910942435,-2.7482103283822537
1760554773932969500,37.82396948242187,-1.0025643464058638,1.3080381163045762,-1.8350370606966315
1760554773942974500,37.833974365234376,-1.283592534095049,-1.1736375369042158,-0.35057387147173286
1760554773952978700,37.843978759765626,-1.0069909306764602,-2.4561826077729463,0.41739217611700297
1760554773962982700,37.853982666015625,-0.24338556251525878,-1.155209023027122,0.012137597039341926
1760554773972987600,37.86398754882813,0.3153507285296917,-0.768171653163433,-0.001981967597454786
1760554773982991600,37.87399169921875,0.7437778011411428,-1.2782020732283592,0.06536167609617113
1760554773992995600,37.88399560546875,1.2096738959252833,-1.7232625929936765,0.5439886576376856
1760554774003000600,37.89400048828125,2.1023492961138484,-1.9524843133389949,1.07676121699512
1760554774013004500,37.90400463867188,2.416089082315564,-1.6671616433262824,1.4348137537844479
1760554774023008500,37.91400854492188,2.284490408593416,-1.0007391768053173,1.3394864168830216
1760554774033013500,37.92401342773437,1.5263164178311823,-0.1517024273350835,1.1418364773653447
1760554774043017700,37.93401782226562,0.8350982404887676,0.3539844105675816,1.2628724021494389
1760554774053021700,37.94402172851562,0.5234539652615785,0.3091124186620116,1.3949642662160098
1760554774063026700,37.954026611328125,0.21370938617587087,0.17223492775410412,1.1686756767131388
1760554774073030400,37.964030517578124,0.2856950104564428,0.607432517413795,0.615590835558623
1760554774083034600,37.97403466796875,0.20155542252361774,0.8176900095701217,0.5076379719704389
1760554774093039600,37.98403955078125,-0.020241408517956732,0.7299734399333596,0.23184198584631083
1760554774103043600,37.994043701171876,-0.28644670560657975,0.7644991021305322,-0.07362330848500132
1760554774113047600,38.004047607421874,-0.5103565832793713,0.9438175584048032,0.06791223736181855
1760554774123052500,38.01405249023438,-0.6421978335857391,0.9998197238728403,0.20520240072384474
1760554774133056800,38.02405688476563,-0.6851555163025855,1.2191184544883669,0.12332871189638972
1760554774143061800,38.03406176757812,-0.7547083604782819,1.4826945721171796,0.15217209067344664
1760554774153065700,38.04406567382812,-0.6222469324469566,1.4651923793047665,-0.00974193407446146
1760554774163069400,38.0540693359375,-0.5050345114737749,1.3437773920752107,-0.4423283913876861
1760554774173074400,38.06407446289062,-0.5155769482761621,1.0394557148210704,-0.6505556198254228
1760554774183078400,38.07407836914062,-0.6020534547239542,0.6116029349662363,-0.6601489392094314
1760554774193082600,38.08408251953125,-0.6885287921279668,0.6963511563166975,-0.20838892180547117
1760554774203087600,38.094087646484375,-0.6147428404271602,0.03608794307783246,-0.2610490833692252
1760554774213091600,38.104091552734374,-0.6380395448625087,-0.9057562694273888,-0.34696773673854764
1760554774223095600,38.11409545898437,-0.5272995347738265,-1.1722210942350326,-0.47873186668809503
1760554774233100500,38.1241005859375,-0.12356851200163364,-1.0989840085886418,-0.5512946332694962
1760554774243104800,38.134104736328126,0.4073521358788013,-0.8732486690543592,-0.1788201878959313
1760554774253108500,38.1441083984375,0.8005559194177388,-0.6660002955861389,-0.06819870788669213
1760554774263113500,38.15411352539063,1.012189083841443,-0.4643346176210791,-0.08404445699527859
1760554774273117400,38.164117431640626,0.8660679637700319,-0.5249559673223644,-0.0017385142304003239
1760554774283121700,38.17412158203125,0.5655734435886144,-0.6645891866791993,-0.08404018267896025
1760554774293126700,38.18412670898437,0.26755378908813,-0.821460468019545,-0.06398330041505396
1760554774303130600,38.19413061523438,0.061521513411402697,-1.151717308453843,0.03049801411628723
1760554774313134600,38.20413452148438,-0.05756663830578327,-1.4808233714178203,0.19764603052753954
1760554774323139600,38.2141396484375,-0.18324293624162674,-1.5438851000085472,0.4936909508889541
1760554774333143600,38.2241435546875,-0.27493162437975405,-1.2988909332528709,1.006304701977968
1760554774343147500,38.2341474609375,-0.38667292046546936,-0.9893187150593846,1.4803275507248936
1760554774353152500,38.244152587890625,-0.6391840387225151,-0.7863131667926907,1.6441916866272688
1760554774363156500,38.254156494140624,-0.9339993442237376,-0.6693167266577482,1.7081211379632353
1760554774373160700,38.26416064453125,-1.2715426153391598,-0.5657535493958741,1.5298200420379637
1760554774383165700,38.27416577148438,-1.4149059611350296,-0.39578013683296737,1.1201929469645022
1760554774393169700,38.284169677734376,-1.3940876295119524,-0.043455110844969745,0.5729165728930383
1760554774403173600,38.294173583984374,-1.30639940918684,0.28109928016401825,0.03663019672837108
1760554774413178600,38.3041787109375,-1.1773358069002628,0.48375670911278573,-0.29925160744823515
1760554774423182600,38.3141826171875,-1.0085656326472758,0.5398982099862769,-0.4409469469666481
1760554774433187600,38.3241875,-0.8392454232960939,0.4551286901194602,-0.6074670042052864
1760554774443191600,38.33419165039062,-0.5539601626843214,0.2883857108451426,-0.5364505172178149
1760554774453195500,38.34419555664063,-0.34244682524800296,0.12399711267724632,-0.3661599649971351
1760554774463200500,38.35420043945312,-0.21429566163122651,0.041898748248443,-0.20905840029856188
1760554774473204700,38.364204833984374,-0.05637655173838138,0.06912888314258307,-0.03050885517071001
1760554774483208700,38.37420874023437,0.11390636516511439,0.19408654794767496,0.168010880318284
1760554774493213700,38.384213623046875,0.36427696426212786,0.3084407299455255,0.3565785917792469
1760554774503217700,38.3942177734375,0.49460605643987654,0.4427403331894427,0.42671712688840924
1760554774513221400,38.40422143554687,0.578521187967062,0.4875695088665932,0.3684682054068893
1760554774523226600,38.4142265625,0.6077151337474584,0.4089938386712223,0.2181312577387318
1760554774533231000,38.42423120117188,0.6183750594496726,0.32324703473746774,-0.029940343700908124
1760554774543235000,38.43423510742188,0.5469505761831999,0.1917469260189682,-0.1628446018625982
1760554774553240000,38.44423999023437,0.41178281180262566,0.07533120838142932,-0.28282993988152594
1760554774563244000,38.454244140625,0.32929566725194453,0.007811842794716358,-0.37815972446836527
1760554774573248000,38.464248046875,0.32539106102883814,-0.07456709214113652,-0.394314703922905
1760554774583253000,38.4742529296875,0.3864145617902279,-0.14386764205619693,-0.35753907084185627
1760554774593257000,38.48425708007812,0.38831308888792987,-0.2253103921204805,-0.2725011458298191
1760554774603262000,38.494261962890626,0.349998263540864,-0.21735826407223938,-0.09542286969777196
1760554774613266000,38.504265869140625,0.30679508163034913,-0.12566548428088425,0.0997173154886812
1760554774623270100,38.514270263671875,0.20380583179891107,0.007708382420241832,0.1721172561911866
1760554774633275100,38.52427514648438,-0.05340601149499416,0.12180055248104035,0.04501337313763797
1760554774643279000,38.53427905273438,-0.39464053834378715,0.12835560014769434,-0.2409715601760894
1760554774653282800,38.54428271484375,-0.499668600526452,0.04122537903152406,-0.3665338032782078
1760554774663287800,38.55428784179688,-0.39319969188570975,-0.032904271540418265,-0.20386348027028142
1760554774673292000,38.5642919921875,-0.3160422179251909,-0.055915510097891086,-0.2362770456843078
1760554774683296000,38.5742958984375,-0.2889478747725487,-0.15238354146704078,-0.45404849366731936
1760554774693301000,38.58430102539062,-0.22016776853501796,-0.22317608350552617,-0.5367280920501798
1760554774703305000,38.59430493164062,-0.1327460901916027,-0.24291809113398194,-0.3959139923457056
1760554774713309000,38.60430883789063,-0.09248831408321857,-0.14485665309354662,-0.16008286379799247
1760554774723314000,38.61431396484375,-0.09827624983489512,0.014582067582011223,-0.011994681437313555
1760554774733318100,38.624318115234374,-0.10719546934962272,0.22304303171038625,0.09587401099875568
1760554774743323100,38.6343232421875,-0.019713585251569746,0.3840528010949492,0.1878328213151544
1760554774753326800,38.644326904296875,0.11006664087176322,0.3494629145551473,0.2109800342772156
1760554774763330800,38.654330810546874,0.1475029298186302,0.20688041693866252,0.28360870570167895
1760554774773335800,38.66433569335938,0.07141863804757595,0.15267083397582173,0.33497532032355665
1760554774783340000,38.67434008789063,0.07621113302111625,0.11538542474173008,0.3352881856650114
1760554774793344000,38.684343994140626,0.19832243195176125,0.08395407529808581,0.22232326606847344
1760554774803349000,38.69434887695313,0.18072949211597442,0.017379516280815004,0.2246540471035987
1760554774813353000,38.70435302734375,0.08580021462142468,-0.17908647414930165,0.20273856789357958
1760554774823357200,38.71435717773438,0.023670213922858237,-0.40642208848707373,0.22949264624118804
1760554774833362200,38.72436206054687,0.07499649653434753,-0.5836424034383147,0.31413536139056086
1760554774843366000,38.73436596679687,0.13061258529424666,-0.6687979634806513,0.3466019721660763
1760554774853369900,38.74436987304688,0.2046978122025728,-0.5943317744307219,0.2755859966352582
1760554774863374800,38.754374755859374,0.2413806524336338,-0.4214537264674902,0.18457345419302582
1760554774873379000,38.764379150390624,0.283156431889534,-0.34682065641805526,-0.054210971202328796
1760554774883384000,38.77438403320313,0.2342699436455965,-0.21334946682229636,-0.3798877903699875
1760554774893388000,38.784387939453126,0.1055149689167738,-0.0854682061880827,-0.4899017512064427
1760554774903392000,38.79439208984375,0.04574234499931335,0.007015870111435651,-0.4438743056554347
1760554774913397000,38.80439697265625,0.03496609944105148,0.1366501118928194,-0.3426455626904964
1760554774923401000,38.81440087890625,0.13799918841421605,0.23782924356237053,-0.30728293821252883
1760554774933405000,38.82440502929688,0.18392565780878065,0.2579949564956128,-0.39594869833290575
1760554774943410000,38.83440991210937,0.08803075015246868,0.2232398694567382,-0.3893783800318837
1760554774953414000,38.84441381835938,-0.05421557431221008,0.28542452295199033,-0.2237365669324994
1760554774963418000,38.85441821289062,-0.17671031960248945,0.29869068562984463,-0.08555749190673231
1760554774973423000,38.864423095703124,-0.1293652155816555,0.13646832558512687,-0.20020459243655203
1760554774983427000,38.87442700195312,-0.5297445898383856,-0.022720365852117536,-0.43443281583227217
1760554774993432000,38.88443212890625,-0.6388122828006744,-0.3277345554150641,-0.22543138815164565
1760554775003436000,38.89443603515625,-0.33567338559031484,-0.48398894696608186,0.22880225282423197
1760554775013440000,38.90443994140625,-0.35831250289976596,-0.5521292939953506,0.3349591729063541
1760554775023445000,38.91444506835938,0.025465865167975422,-0.39180560717880725,0.2307495144344866
1760554775033449000,38.924448974609376,0.3013192805677652,0.31538302336409685,0.036754078836366534
1760554775043453000,38.934452880859375,0.45750937471091746,1.7222135223321615,-0.259513690495491
1760554775053458000,38.9444580078125,0.6003098259270191,1.4681659882880747,-0.39486996318548917
1760554775063462100,38.95446215820313,0.5965133562535048,0.18130568456873297,-0.3012503800500184
1760554775073466000,38.96446606445313,0.6026110886067152,-0.5868744441621006,-0.14704269189573824
1760554775083471000,38.97447119140625,0.5550988113254308,-0.7845198536351322,0.0381013287268579
1760554775093475000,38.98447509765625,0.3591203121513128,-0.5741555401034653,0.2500362525761127
1760554775103478800,38.99447875976563,0.1413940915495157,-0.3541672197885811,0.32258367545790967
1760554775113484000,39.004484130859375,0.0018307225584983824,-0.1621738447278738,0.2589161629937589
1760554775123488000,39.01448803710937,-0.12096388246119022,-0.044099546228349204,0.23714805636517702
1760554775133493000,39.024492919921876,-0.16468553528785704,-0.12928469769135117,0.14159670144952832
1760554775143497000,39.0344970703125,-0.10628361520171165,-0.23276567656248806,0.03250409324169159
1760554775153501000,39.0445009765625,0.004933949270844459,-0.2722984993971884,0.0019831366412341594
1760554775163506000,39.054505859375,0.08925064733624458,-0.28480390683561563,0.018642083562538027
1760554775173510100,39.06451025390625,0.08826923508346081,-0.10214344665706157,0.06147891637869179
1760554775183513900,39.074513916015626,0.03318506124317646,0.01602817473709583,-0.006132146079465746
1760554775193518800,39.08451879882813,0.008126023310422897,0.07038768756464123,-0.11027253870740532
1760554775203522800,39.09452270507813,0.02523556354343891,0.0743441701054573,-0.2229198437221348
1760554775213527000,39.10452709960938,0.05076689516305923,0.0774238698117435,-0.27324133320525285
1760554775223532000,39.11453198242187,0.046513913893699646,0.010656418570876122,-0.28771416825912893
1760554775233536000,39.12453588867187,0.08515665602087974,-0.03721636258587241,-0.291576396645233
1760554775243540000,39.1345400390625,0.06622457653582095,-0.03958353010863065,-0.23910583936944602
1760554775253545000,39.144544921875,-0.034278117176890374,-0.024546266105026006,-0.15600545829124748
1760554775263549200,39.154549072265624,-0.136570616915822,-0.034559710597246884,-0.057080827550217504
1760554775273554200,39.16455419921875,-0.211042212793231,-0.11394874300211667,-0.04839468613900244
1760554775283558000,39.174557861328125,-0.24251637846529484,-0.20370587855577468,-0.05659479759894311
1760554775293561900,39.184561767578124,-0.18403963957726954,-0.22612799211367962,-0.13150894961208104
1760554775303566800,39.19456689453125,-0.10785831717252731,-0.251143629296124,-0.16388006412386893
1760554775313571000,39.20457104492188,-0.08856208055019378,-0.1984342217631638,-0.16709793019182978
1760554775323575000,39.214574951171876,-0.10601298156678676,-0.09520341826081276,-0.1294854809604585
1760554775333580000,39.224580078125,-0.09976561160981655,0.03628916473835706,-0.11099113530553877
1760554775343584000,39.234583984375,-0.08861001134514808,0.06691358171328902,-0.09998955655880272
1760554775353588200,39.24458813476563,-0.053935588327050206,-0.01303542266190052,-0.06852342806272209
1760554775363593200,39.25459326171875,-0.010972644913196564,-0.04911006786674261,0.0024708470929414032
1760554775373597000,39.26459692382812,0.018399580043554305,0.0037641748391091822,0.06631978053860366
1760554775383601000,39.27460083007813,0.03321019568443298,0.104748076197505,0.08925305848903954
1760554775393606000,39.28460595703125,0.01303542266190052,0.19336963184997438,0.14328501986265182
1760554775403610000,39.294610107421875,-0.06384615696668625,0.1711648143045604,0.2255000694736838
1760554775413615000,39.30461499023438,-0.12681027040183543,0.06813157920092344,0.2306184354007244
1760554775423619000,39.314619140625,-0.11424947951436042,-0.007731032643467187,0.17244243302494286
1760554775433623000,39.324623046875,-0.021392332118749618,-0.0393354005664587,0.11886946746520698
1760554775443628000,39.3346279296875,0.06449965243935585,-0.05456716422885656,0.056085752098262304
1760554775453632000,39.34463208007813,0.0966653075069189,-0.1023563587553799,-0.03622062954679131
1760554775463636000,39.35463598632813,0.10416998404860496,-0.12291150939762592,-0.11743548913933335
1760554775473641000,39.36464086914062,0.14893500844836235,-0.09025237172469497,-0.1182863338150084
1760554775483645000,39.37464501953125,0.16489070247113705,-0.034611148523539303,-0.09681004973985254
1760554775493649000,39.38464892578125,0.1421574771374464,-0.05213043860122561,-0.09844298470392823
1760554775503654000,39.39465380859375,0.10799626433849334,-0.0531625581279397,-0.052900911517068744
1760554775513658000,39.404658203125,0.04244330345392227,0.006891366948932409,0.0045113399446010585
1760554775523662000,39.414662109375,-0.10067337410449981,0.001781330458819866,0.06848850287981331
1760554775533667600,39.42466748046875,-0.19021277525424957,-0.018110241708159447,0.09480170559212565
1760554775543671600,39.43467163085938,-0.17098317412734032,-0.04660100765526294,0.12739011611640452
1760554775553676500,39.44467651367187,-0.06352759253680705,-0.02151756593361497,0.17562917330227792
1760554775563680800,39.4546806640625,0.08736264163255691,0.0534467818967998,0.1719350680246949
1760554775573684700,39.46468481445312,0.1915577601224184,0.05510375532358885,0.11590659907162189
1760554775583689700,39.474689697265624,0.26094869173467156,-0.00003331774771213531,0.060047495336085555
1760554775593693400,39.484693359375,0.20848726761341094,-0.04227466888874769,0.03841879717819392
1760554775603697700,39.49469775390625,0.1319184071958065,-0.015983897203952074,0.07074950661435724
1760554775613702700,39.50470263671875,0.04544131622612476,0.06324015389755368,0.09053812986351549
1760554775623706600,39.51470654296875,-0.048424131429195404,0.10281886170059441,0.07993504891507328
1760554775633710600,39.524710693359374,-0.1424748725235462,0.0934011911444366,0.06850764597170055
1760554775643715600,39.53471557617188,-0.21563830841183662,0.013183160569518803,0.013109656941890716
1760554775653719600,39.544719482421876,-0.2319856321007013,-0.08012012315839528,-0.010449132495746015
1760554775663723500,39.5547236328125,-0.12129881350398063,-0.09205372205823659,0.040361017287150025
1760554775673728500,39.564728515625,0.018132453539967536,0.021889321855455637,0.060998220189660786
1760554775683732500,39.574732421875,0.1347498312294483,0.17267098108381032,0.06649995941109955
1760554775693737500,39.58473754882812,0.20443828448355197,0.15084011141732334,0.045793344534188506
1760554775703741400,39.59474145507812,0.17208850502073764,-0.014715192442387342,0.03853234055526554
1760554775713745700,39.60474560546875,0.027900983360409734,-0.22388649679720402,0.06294233999475836
1760554775723750700,39.614750732421875,-0.16220190177857874,-0.325035087198019,0.14005619400925934
1760554775733754600,39.624754638671874,-0.2505775198459625,-0.2875594891540706,0.05297141947001219
1760554775743758600,39.63475854492187,-0.2514402741551399,-0.1465826001033187,-0.057221112803742286
1760554775753763600,39.644763671875,-0.1451022984176874,0.02580284203737974,-0.10634732808768749
1760554775763767600,39.654767578125,-0.062194298106431956,0.19809300711005925,-0.09205481803677976
1760554775773771500,39.664771484375,-0.024235446590185165,0.2675081963807344,-0.03763151925802231
1760554775783776500,39.67477661132813,0.1185989068955183,0.1948942110687494,-0.017517098120599983
1760554775793780500,39.684780517578126,0.18781798907220362,0.11090879078432916,0.05716565628945827
1760554775803784700,39.69478466796875,0.20137305169403552,0.028640988072752952,0.09592150340229272
1760554775813789700,39.70478979492187,0.2107376768887043,0.04721139463856816,0.08916925266310573
1760554775823793700,39.71479370117188,0.24908640450537203,0.14784750547260045,0.047575259514898056
1760554775833797600,39.72479760742188,0.05723112274110317,0.13934665750041603,-0.041066827468946576
1760554775843802600,39.734802734375,0.4594593397349119,-0.040837914083898065,-0.16818134151436387
1760554775853806600,39.744806640625,0.5629834270954132,0.11170330216288565,0.24958076389357445
1760554775863811600,39.7548115234375,0.28422493790388104,0.1920014122366905,0.48201428589224815
1760554775873815600,39.764815673828124,0.2186538568407297,0.21614903441295027,0.15272680194675922
1760554775883819500,39.77481958007812,-0.08047288211882114,0.05803177159950137,-0.12310140594653785
1760554775893824500,39.784824462890626,-0.2694792041927576,-0.1519219153046608,-0.3057834203697741
