time,seconds_elapsed,z,y,x
1760555327303004700,0.077004638671875,0.04552724094390869,-0.058109165950957685,-0.001880169457104057
1760555327313010700,0.0870107421875,0.026577041280269623,-0.03986453900709748,0.050985853409674015
1760555327323016700,0.0970166015625,0.0569464605808258,-0.030972280564531683,0.07029321421422063
1760555327333022700,0.107022705078125,0.04494505714178085,-0.030541725393850354,0.09918055999716743
1760555327343028500,0.117028564453125,0.016395839005708693,-0.011076561945397407,0.07336825601169839
1760555327353034800,0.12703466796875,0.02768938643634319,-0.024469164014514534,0.04805264950199052
1760555327363041500,0.13704150390625,-0.012055763974785805,0.03539952242225408,0.06032976460987702
1760555327373047600,0.147047607421875,0.046157940062880515,0.05633974512564018,0.06864990398660302
1760555327383053800,0.1570537109375,-0.0002624503284692764,0.050155193005502224,0.11139792600814252
1760555327393059800,0.167059814453125,0.04446165753901005,0.01217374606495723,0.09700844012247398
1760555327403065600,0.177065673828125,0.005256020832061767,0.009131400960683822,0.04896833957480266
1760555327413071600,0.187071533203125,-0.010438976427912711,0.02146311406632885,0.06480093694087118
1760555327423077600,0.19707763671875,0.04701718724071979,-0.01531385245528072,0.06416873998455704
1760555327433083600,0.207083740234375,0.018260463833808898,-0.013737743978668003,0.06575686769252642
1760555327443090700,0.217090576171875,0.04876958386600017,-0.016623565080668777,0.06257712341155856
1760555327453096700,0.2270966796875,0.026796821510791775,-0.028105821750126776,0.03690775329442694
1760555327463102500,0.2371025390625,0.040625440376996995,-0.05345304724080488,0.051161520503833886
1760555327473108700,0.247108642578125,0.03440788103640079,-0.0690133122052066,0.06210106686502695
1760555327483114800,0.25711474609375,0.026215222230553625,-0.01876368238190189,0.08361536312932148
1760555327493120800,0.267120849609375,0.03534545414745807,-0.014649561593960969,0.09592238018512725
1760555327503126500,0.27712646484375,0.027855975174903867,0.025399193139933048,0.06795826846063137
1760555327513132500,0.287132568359375,-0.010729483807086944,0.030821894042100756,0.053317766955960536
1760555327523138800,0.297138916015625,-0.023104396733641622,0.046814029351435596,0.03966273282468319
1760555327533144800,0.307144775390625,-0.01018938558101654,0.037574948498886075,0.03557308889087289
1760555327543151600,0.317151611328125,0.027666590082645416,0.009393705158680677,0.07528782589742913
1760555327553157600,0.32715771484375,0.023430559948086738,0.02396519654775038,0.10011321947108953
1760555327563163600,0.33716357421875,0.02426175007522106,0.02859873809991404,0.09455649865940213
1760555327573169700,0.347169677734375,0.001315174251794815,0.058702875794097775,0.08560931342551484
1760555327583175700,0.35717578125,-0.02191197207868099,0.0401947938747704,0.05364314471911639
1760555327593181700,0.367181640625,0.022053426375985143,0.031471316127851603,0.05139563978696242
1760555327603187500,0.3771875,0.005102291575074196,0.013898743226658553,0.08670311827789992
1760555327613193700,0.38719384765625,0.022547931894659996,-0.006233761556725948,0.07702518935035914
1760555327623200800,0.39720068359375,0.01740297022163868,-0.008243475677631795,0.07783394844997674
1760555327633206500,0.40720654296875,0.050288171735405916,-0.03928626419510692,0.07428549872078001
1760555327643212500,0.417212646484375,0.04458382261395454,-0.03939430941315367,0.06775821584388614
1760555327653218800,0.42721875,0.03380056279301643,-0.055738016372825945,0.07217409605737775
1760555327663224600,0.437224609375,0.0448556252926588,-0.031076672520767897,0.06593501900471746
1760555327673230600,0.447230712890625,0.01655073730647564,-0.012805340233072638,0.05757619158541783
1760555327683236600,0.457236572265625,0.03570025893449783,0.0044913383361883455,0.053630047775525595
1760555327693242600,0.46724267578125,0.013569675669074058,-0.014994319911021738,0.04861490476094186
1760555327703248600,0.47724853515625,0.018078093004226685,-0.012594784488622099,0.041478531808685506
1760555327713255700,0.487255615234375,0.02361176173388958,0.013237301909551023,0.06923659956706688
1760555327723261700,0.49726171875,0.0035427871733903884,0.022590072269644587,0.06588643062263727
1760555327733267500,0.507267333984375,0.032115386185050006,-0.012019231356680392,0.04607152215475216
1760555327743273700,0.517273681640625,0.018351064726710317,0.002572937494236976,0.07239747475078329
1760555327753279700,0.52727978515625,0.015504443123936652,0.041893341420963404,0.08367072831206024
1760555327763285800,0.53728564453125,0.0015513210952281952,0.038042218950763346,0.08557999599948525
1760555327773291500,0.54729150390625,0.031279519882798194,0.021522589168604462,0.07454846050590276
1760555327783297800,0.5572978515625,0.025698504880070683,0.013571867626160382,0.07486037599928677
1760555327793303800,0.5673037109375,0.0137029466599226,-0.012699651368893682,0.062246777212340385
1760555327803310600,0.577310546875,0.028967151287198064,-0.027674280198756604,0.0447060790204443
1760555327813316600,0.587316650390625,0.04587853859961032,-0.057490394731797276,0.06381596275782213
1760555327823323000,0.597322998046875,0.061281274914741515,-0.03099840138647705,0.06744021766958758
1760555327833328600,0.60732861328125,0.0038087446331977843,0.00031065511805936693,0.06192819451615214
1760555327843334700,0.617334716796875,0.03897591960430145,-0.015470102462917565,0.057866534567810594
1760555327853340700,0.627340576171875,0.026729016971588134,-0.01769678380275145,0.06850812089573592
1760555327863346700,0.6373466796875,0.03901332900524139,-0.025256533266231417,0.06441668686363845
1760555327873352700,0.647352783203125,0.043513563033938406,-0.036422691457532345,0.06186607079906389
1760555327883358700,0.657358642578125,0.033497195932269096,-0.031611948441248386,0.0443965198809281
1760555327893365500,0.667365478515625,0.013919219759106635,0.012267214768379926,0.055009647299349304
1760555327903371500,0.67737158203125,0.026240941193699834,-0.0065049431809224185,0.039692214647494256
1760555327913377800,0.687377685546875,0.03990764749646187,-0.06345067310938611,0.04349694069270044
1760555327923383800,0.6973837890625,0.02377601238489151,-0.017177856228873134,0.05977004836788401
1760555327933389600,0.7073896484375,0.022898645028471946,0.032690683588664976,0.07951437581758945
1760555327943395600,0.7173955078125,-0.006560673689842224,0.041227223928738385,0.06426096657896414
1760555327953401600,0.727401611328125,0.008727496334910392,0.017045334156695752,0.06675998032046482
1760555327963408000,0.737407958984375,0.024891280150413513,0.026253216153383253,0.07903550625946372
1760555327973413600,0.74741357421875,0.022487726140022278,0.016504541810881346,0.085865827203542
1760555327983420700,0.757420654296875,0.02860650128126144,0.0007768661240115762,0.05591868843566626
1760555327993426700,0.7674267578125,-0.00044423663616180415,0.03026983138360083,0.06651641735555604
1760555328003432700,0.7774326171875,-0.006132803666591644,0.03417712275413796,0.04710378781193867
1760555328013438700,0.787438720703125,0.032929040655493735,-0.003633862990327179,0.04419721618285402
1760555328023444700,0.79744482421875,0.025305121648311613,-0.019086027937754987,0.05729799569854512
1760555328033450500,0.807450439453125,0.04416355137526989,-0.025660985881276428,0.047923579762224104
1760555328043456500,0.81745654296875,0.015576339316368102,0.015116484985966235,0.06360816522603854
1760555328053462800,0.827462890625,0.0004576806396245956,0.03491835130918771,0.08125771235357969
1760555328063468800,0.83746875,0.005095277312397957,0.01564428998604417,0.061169101510848846
1760555328073475600,0.8474755859375,0.010483400091528892,0.011960066781658679,0.04984797195354476
1760555328083481600,0.857481689453125,0.005850479593873023,0.022745098434574902,0.04036739222900942
1760555328093487600,0.867487548828125,0.025762802287936207,0.017285828381683677,0.03742746631959453
1760555328103493600,0.87749365234375,0.02486789927482605,-0.0013894998633302747,0.040685500001162285
1760555328113499600,0.887499755859375,0.013349895438551902,0.03746385280722752,0.03364959174869582
1760555328123505700,0.897505615234375,0.005132686713337898,0.05168397347535938,0.07652377916686236
1760555328133511400,0.907511474609375,0.03161678901314735,0.019153028759360313,0.09042926266156137
1760555328143517700,0.917517578125,0.03502747423946857,0.0038383908527903255,0.08529166231108828
1760555328153523700,0.927523681640625,0.037514030358195304,0.003818261380214244,0.08326002861931919
1760555328163530500,0.937530517578125,0.009926935252547264,0.009860719882231205,0.08273328306516632
1760555328173536800,0.947536865234375,0.005399228695034981,0.02306441178312525,0.07457613396411761
1760555328183542800,0.957542724609375,-0.0009282207608222961,0.051232412049267435,0.05820128294751048
1760555328193548800,0.967548828125,0.015782675543427466,0.025902667416352776,0.040759113226644696
1760555328203554600,0.977554443359375,0.00886485897898674,0.005609272982832044,0.03945301733044907
1760555328213560600,0.987560546875,0.013045944055914879,-0.038862869417574254,0.03197141113709658
1760555328223566800,0.99756689453125,0.05045592951774597,-0.06032256768411025,0.025011728192307053
1760555328233572600,1.007572509765625,0.02308101585805416,-0.04912769485497847,0.05355468098437413
1760555328243578600,1.01757861328125,0.06514671817123889,-0.06887372107142582,0.05930615718318149
1760555328253585700,1.027585693359375,0.052901569104194635,-0.056900867873430246,0.09091801429288461
1760555328263591700,1.037591796875,0.03453063063323498,-0.07279306820593774,0.08212633014796301
1760555328273597700,1.04759765625,0.052362639921903605,-0.07070424270052462,0.06505796217555179
1760555328283603500,1.057603515625,0.020523148068785666,-0.025894027452170846,0.04978522718194872
1760555328293609500,1.067609375,0.036138650351762766,-0.013276757137104868,0.028202724519651383
1760555328303615500,1.077615478515625,0.008080430603027343,0.00828718695519492,0.03988781028483063
1760555328313621500,1.08762158203125,0.03734042735695839,-0.02784658629205078,0.02380114682614803
1760555328323627500,1.09762744140625,0.029342414340376852,-0.0354603857640177,0.03127740099094808
1760555328333633500,1.107633544921875,0.016553075394034385,-0.004384242966212332,0.047270888007152824
1760555328343640600,1.117640625,0.011536708536744118,0.035024935222510246,0.053140437627676874
1760555328353646600,1.127646484375,-0.014275778111815452,0.05640444439230487,0.06892296704063192
1760555328363652400,1.13765234375,0.00585457124710083,0.004810195027012377,0.0516365358707495
1760555328373658400,1.147658447265625,0.030624270844459532,-0.019892869074922055,0.045872072326205666
1760555328383664400,1.157664306640625,0.030239070919156074,-0.00914502762723714,0.07101338171493261
1760555328393670700,1.167670654296875,0.014120879811048507,0.06164281996982172,0.07272930052103474
1760555328403676400,1.177676513671875,0.005935819789767265,0.058601753507182,0.03155419037202373
1760555328413682400,1.187682373046875,0.006155600020289421,0.017225823556445537,0.047389436352904886
1760555328423688400,1.1976884765625,0.023458616998791693,-0.018374683064315465,0.027391700397711244
1760555328433694500,1.207694580078125,0.03971650883853435,-0.046464722723420705,0.034089444470684974
1760555328443701500,1.217701416015625,0.06194120012819767,-0.05985814677644521,0.03951667541749775
1760555328453707500,1.22770751953125,0.03850362591743469,0.004406089471839368,0.05757167980708182
1760555328463713300,1.23771337890625,0.010885551151633262,0.049306211493350564,0.07839223991986363
1760555328473719300,1.24771923828125,0.03820376618802547,0.009142835670150815,0.07642194449389353
1760555328483725600,1.2577255859375,0.027356793481111526,-0.05303984506372362,0.07122050339328125
1760555328493731600,1.267731689453125,0.05569675278067589,-0.05223079370316118,0.09185107562560588
1760555328503737300,1.2777373046875,0.056359016081690784,-0.06047216875525191,0.08058275396777316
1760555328513743400,1.287743408203125,0.05331365703642368,-0.08362009410336613,0.07657360965795815
1760555328523749400,1.297749267578125,0.04446574919223785,-0.09776464705094695,0.08028713202206418
1760555328533755600,1.307755615234375,0.05160393050909042,-0.05227711706291884,0.11031765649076551
1760555328543762400,1.317762451171875,0.03937631709873676,0.008173004257306457,0.13637918599694968
1760555328553768400,1.3277685546875,0.011525018098950386,0.04137929095160216,0.12655470647187902
1760555328563774500,1.3377744140625,0.015386369702219961,0.06801693984530865,0.04336007123896852
1760555328573780500,1.347780517578125,-0.058229486128687856,0.13111658929362893,-0.014036124137043951
1760555328583786500,1.357786376953125,-0.10084171640872955,0.25273880779938773,-0.039053642749320716
1760555328593792500,1.36779248046875,-0.1277571958631277,0.33032121090739963,-0.02175893694143742
1760555328603798300,1.37779833984375,-0.06733224551677704,0.2450225708662532,0.05614849686985835
1760555328613804300,1.38780419921875,-0.005934650745987892,0.1168163525939919,0.12351139325322583
1760555328623810600,1.397810546875,0.038489012870192525,0.03962508596172556,0.2547016140386462
1760555328633817300,1.4078173828125,0.09348843103647231,-0.19586504712859168,0.28178335343804206
1760555328643823400,1.4178232421875,0.22840660457015036,-0.42447734860498454,0.08116446284586563
1760555328653829400,1.427829345703125,0.2805103012949228,-0.32568609845265745,-0.07874446915732697
1760555328663835600,1.437835693359375,-0.1664133819937706,-0.0914758125724271,0.006074296678695828
1760555328673841400,1.44784130859375,0.016128127980232238,0.03623297757171094,-0.004407696907036006
1760555328683847400,1.457847412109375,-0.01806464900076389,0.06319417759766802,-0.020606533769611267
1760555328693853400,1.467853515625,-0.021176059019565582,0.02500299689657986,0.026795835130102932
1760555328703859500,1.477859375,0.1616682332932949,-0.04361733393566683,0.044106030768062916
1760555328713865500,1.487865478515625,-0.08580255270898342,-0.007818729193229228,0.04949738668389618
1760555328723871500,1.49787158203125,0.095963881239295,0.01287738255597651,0.02466600176086649
1760555328733877500,1.50787744140625,-0.03903086466193199,-0.031949418500997126,0.07292632093047723
1760555328743884500,1.517884521484375,0.04197919307351112,-0.052274578045960515,0.0853933143209666
1760555328753890600,1.527890625,0.09596680384874344,0.020775296198949217,0.0933442185265012
1760555328763896600,1.537896484375,-0.047263270956277845,0.06060790569782257,0.09249673485169187
1760555328773902300,1.54790234375,0.04659574695825577,0.04172505391566082,0.018858995982538908
1760555328783908400,1.557908447265625,-0.03531155187785625,0.06090590226370841,-0.020088172451313585
1760555328793914600,1.56791455078125,-0.011734861457347869,0.07256252911938355,0.002850914185401052
1760555328803920400,1.57792041015625,-0.004825228199362755,0.09160031573493033,0.05051308479877188
1760555328813926400,1.587926513671875,0.0172843122780323,0.07215986660262569,0.08718202436864375
1760555328823932400,1.597932373046875,0.054500820994377135,0.020519348676502704,0.06917447584997863
1760555328833938400,1.6079384765625,0.014254735323786735,-0.0177963351870887,0.06541709607783705
1760555328843945500,1.617945556640625,0.029115619847178458,-0.06189305013753473,0.048637006994895635
1760555328853951500,1.627951416015625,0.03439151442348957,-0.027279088602401316,0.054347347465716296
1760555328863957500,1.63795751953125,0.006242693781852722,0.05319578454410657,0.08539459296260028
1760555328873963300,1.64796337890625,0.021754151168465612,0.04504554010787978,0.09229889245834201
1760555328883969500,1.657969482421875,0.04658464104235172,-0.036544564271532,0.039929932393506166
1760555328893975600,1.6679755859375,-0.0009399111986160278,-0.05617498301798477,0.026592859903909263
1760555328903981600,1.677981689453125,0.004989478850364684,-0.020477884154953063,0.023526896462030707
1760555328913987300,1.6879873046875,0.03065700407028198,-0.040529962379578496,0.04015435226652771
1760555328923993300,1.697993408203125,0.05658288796544075,-0.05677223652508109,0.08097394524244592
1760555328933999600,1.70799951171875,0.06244914965033531,-0.0918069990218617,0.08576254949215799
1760555328944005400,1.71800537109375,0.07058277174532412,-0.08869533327473327,0.05448279214734211
1760555328954012400,1.728012451171875,0.009928104296326637,-0.028840711895935237,0.02794098657723516
1760555328964018400,1.738018310546875,0.05284487048089504,-0.04378711927831173,0.040530674765631554
1760555328974024400,1.7480244140625,0.029745734444260596,-0.025493483827263116,0.034561884288024154
1760555328984030500,1.758030517578125,0.015902502530813215,0.017445603786967693,0.06457204182213172
1760555328994036500,1.768036376953125,0.026427403676509857,0.003940700449794531,0.11074278656765818
1760555329004042500,1.77804248046875,0.021366028633713723,0.005061831700522453,0.13541315397638826
1760555329014048300,1.78804833984375,0.055334349209070204,0.013334186412766576,0.0956891194185242
1760555329024054500,1.798054443359375,0.028088614886999128,0.02795395565666258,0.09928652285598218
1760555329034060500,1.808060546875,0.0048895256072282785,0.07104539342154749,0.060677153275441376
1760555329044066300,1.81806640625,0.012677110743522643,0.07883962749433704,0.04759233851386234
1760555329054072300,1.828072265625,-0.02427227146923542,0.06774383112550712,0.05467581223510205
1760555329064079600,1.83807958984375,0.02793956180512905,0.057069182778196406,0.06517285725949332
1760555329074085400,1.84808544921875,0.011426233899593352,0.044699210888240484,0.1074268669527024
1760555329084091400,1.85809130859375,0.01103109710216522,0.07326700586061924,0.07763617912186309
1760555329094097400,1.868097412109375,-0.015996610555052755,0.13590628952188416,0.059297973876725876
1760555329104103700,1.878103759765625,-0.05032265852689743,0.1487945313985925,0.06268392652058974
1760555329114109400,1.888109375,-0.0033791210442781446,0.06900679113287478,0.059137175558134907
1760555329124115500,1.898115478515625,0.02514671621620655,-0.03969437007196247,0.055313014160096645
1760555329134121500,1.90812158203125,0.0768447547495365,-0.11397700098222122,0.08566950091384351
1760555329144127500,1.91812744140625,0.06271159997880459,-0.11295094587011262,0.07880299441153184
1760555329154133500,1.928133544921875,0.034545828202366825,-0.0630155148288235,0.04749101529754698
1760555329164139500,1.938139404296875,0.017754267877340316,-0.03137399323321879,0.051517859660834074
1760555329174145500,1.9481455078125,0.013514146089553833,-0.0043364217691123485,0.06070736575061455
1760555329184152300,1.95815234375,0.04863280574381351,-0.03756835436131805,0.028432770415861158
1760555329194158600,1.96815869140625,0.05910100826621055,-0.0735715234988369,-0.008290054765716195
1760555329204164600,1.97816455078125,0.028926234754920004,-0.05791311365589499,-0.012938026702031492
1760555329214170400,1.98817041015625,0.03290682882368565,-0.07239537412524223,-0.011247972989547998
1760555329224176400,1.99817626953125,0.05858779804706573,-0.11121973816333337,0.01733001458328217
1760555329234182400,2.008182373046875,0.05327507859170436,-0.07591869854633695,0.054856411232706154
1760555329244188700,2.018188720703125,0.03285246828794479,-0.018171315112477167,0.05669995674015954
1760555329254194400,2.0281943359375,0.05300269139111042,-0.05435127472216263,0.059832391280680894
1760555329264200400,2.038200439453125,0.044911739394068714,-0.07513681832049042,0.055105234894622115
1760555329274206500,2.04820654296875,0.0450561163008213,-0.09825320688602514,0.061024706337787206
1760555329284212200,2.058212158203125,0.03677051851451397,-0.047020484309503806,0.10067772148605436
1760555329294218000,2.068218017578125,0.012853051832318305,0.0406719190003816,0.14895831625871359
1760555329304225300,2.078225341796875,-0.015122750329971313,0.10845823756074532,0.1324199269771576
1760555329314231000,2.08823095703125,-0.008203764721751213,0.025915344234835356,0.09656212112708017
1760555329324237000,2.098237060546875,0.009185761496424675,-0.016272294824430718,0.09685454646870494
1760555329334243000,2.1082431640625,0.019180501288175583,0.049523041714960706,0.14104894963996484
1760555329344249300,2.118249267578125,0.035850481060147286,0.06913546814699657,0.11869920719852671
1760555329354255000,2.128255126953125,-0.009442951127886772,0.09530129827787168,0.10731960718594491
1760555329364261000,2.13826123046875,-0.02791910353899002,0.11244221089668571,0.05357517578313127
1760555329374267100,2.14826708984375,-0.020793197181820867,0.07760154619989916,0.022053718636929988
1760555329384273200,2.158273193359375,0.00803308432996273,0.05730464463504031,-0.02075284690512344
1760555329394279200,2.168279052734375,0.012928455156087875,0.08167805665750057,0.0120486583805643
1760555329404285200,2.17828515625,0.01634673916697502,0.01639972972953692,0.021741456083673984
1760555329414291200,2.188291259765625,0.03950432739257812,-0.0341027606099844,0.043887072521448134
1760555329424298000,2.198298095703125,0.0325602073431015,-0.008842035225825384,0.04346672821752727
1760555329434304300,2.20830419921875,0.03550502862334251,0.004568221230991184,0.015448548218235372
1760555329444310300,2.218310302734375,-0.009694295540452003,0.012556343041220679,0.045683911076653747
1760555329454316000,2.22831591796875,0.02187280911207199,-0.03828690529367886,0.056274844929575914
1760555329464322000,2.238322021484375,0.0641705666154623,-0.04597812651656568,0.07443148306272923
1760555329474328300,2.248328369140625,0.023251696249842642,0.008268482254724948,0.08342192291645333
1760555329484334300,2.258334228515625,0.002412321838736534,0.02551468187891878,0.04279388872357085
1760555329494340000,2.268340087890625,0.00016600421667099,0.015923335256287828,-0.008193298126664013
1760555329504346000,2.27834619140625,-0.00791501090824604,0.017085629634466023,0.003168583566136658
1760555329514352000,2.28835205078125,0.017359131079912184,-0.0009699592770077288,0.04141209724266082
1760555329524358400,2.2983583984375,0.054601358759403223,-0.04075752405775711,0.04848716846173629
1760555329534364200,2.3083642578125,0.024825813698768615,-0.00017015980198048055,0.051526645755488425
1760555329544370200,2.3183701171875,0.028132454028725624,-0.02199656335590407,0.05349681331729516
1760555329554377000,2.328376953125,0.019454057532548905,0.012444681093981488,0.04497393617639318
1760555329564383200,2.33838330078125,0.004326631027460098,0.03977102463790215,0.08363189413901417
1760555329574389200,2.34838916015625,0.03782090435028076,0.007033716295380145,0.07509632191332057
1760555329584395300,2.358395263671875,0.00517009611427784,0.060567336225416504,0.07983938825456426
1760555329594401000,2.368401123046875,-0.00487725064754486,0.058092205683002246,0.08256059337938204
1760555329604407000,2.378406982421875,0.04072831622958183,-0.03090554460440762,0.0999623762909323
1760555329614413300,2.388413330078125,0.05698620806932449,-0.07535703694242983,0.10909859955720602
1760555329624419300,2.39841943359375,0.03509352521300316,-0.05083280000612139,0.07795240546418354
1760555329634425000,2.408425048828125,0.019056582647562027,-0.01831697979401797,0.08621955427834764
1760555329644431000,2.41843115234375,0.03670329849720001,-0.040760300536733116,0.05126225919825956
1760555329654437000,2.42843701171875,0.06827975549995899,-0.0907575447678566,0.02673899037633091
1760555329664443100,2.438443115234375,0.04585691128969192,-0.07677031954014674,0.03033403745992109
1760555329674449200,2.44844921875,0.030772739404439923,-0.04466245907442644,0.048747719094064085
1760555329684456200,2.458456298828125,0.04277706545293331,-0.05105637049577199,0.050442759508918966
1760555329694462000,2.4684619140625,0.047452071526646614,-0.07127321082805282,0.07372664099531248
1760555329704468200,2.47846826171875,0.05467150138616562,-0.0771643238264136,0.06882215528097003
1760555329714474200,2.48847412109375,0.044700142470002174,-0.04052049129833467,0.03460928536001592
1760555329724480300,2.498480224609375,-0.0052127662122249604,-0.0020374423780478534,0.05824557874696329
1760555329734486000,2.508486083984375,0.023857260927557945,0.009800185334030539,0.06904460239261388
1760555329744492000,2.518491943359375,0.029690789386630057,0.039357100941613314,0.07838496992886065
1760555329754498300,2.528498291015625,0.0008083937734365463,0.0452413914735429,0.07702643145937473
1760555329764504300,2.53850439453125,0.014584405669569969,0.026882974557438863,0.05800356841832399
1760555329774510000,2.548510009765625,0.015498597905039786,0.0580112311349716,0.0608943944890052
1760555329784516000,2.55851611328125,0.02552490187883377,0.032694345983630045,0.05292242922913283
1760555329794522000,2.568522216796875,0.004852116206288337,0.04624214774761349,0.07302353422725573
1760555329804528000,2.578528076171875,0.0030219781696796417,0.10380215538321062,0.051465015228744596
1760555329814535200,2.58853515625,-0.013442834419012069,0.10231695832675322,0.033489651946630325
1760555329824541200,2.598541259765625,-0.0005652326673269272,0.05022849570373073,0.04051892952891067
1760555329834547000,2.608546875,0.041913726621866224,-0.02293657501921989,0.04949585231393575
1760555329844553200,2.61855322265625,0.04919453127980232,0.010857503234082832,0.054739908713568
1760555329854559200,2.628559326171875,-0.003215454915165901,0.04213062990871258,0.08390870178639888
1760555329864565200,2.638565185546875,-0.0041261400192975995,0.02415184169365093,0.05096073723472654
1760555329874571000,2.648571044921875,0.012909165933728216,0.019620143947610632,0.051460284254699944
1760555329884577300,2.658577392578125,0.03442892382442951,-0.014001436416152865,0.06870450198436155
1760555329894583300,2.668583251953125,0.04876023151576519,-0.039297141782147806,0.0832543112645857
1760555329904589000,2.678589111328125,0.02823006918430328,-0.02909530771151185,0.06690388230318203
1760555329914595000,2.688594970703125,0.02387128945291042,-0.027268567208386957,0.038648514280840755
1760555329924601000,2.69860107421875,0.04706219542622566,-0.04106200516335666,0.04149055104004219
1760555329934607400,2.708607421875,0.059034957292675966,-0.053309510584268714,0.053200077126733955
1760555329944613000,2.718613037109375,0.035846973928809166,-0.04024296213174239,0.046447095735184844
1760555329954620200,2.7286201171875,0.01744505579769611,-0.0035427506407722828,0.06304453999390826
1760555329964626200,2.738626220703125,0.039305005428195,-0.04994753247103654,0.05493725791657343
1760555329974632200,2.748632080078125,0.04890227033495903,-0.05948227180191315,0.059772532585915174
1760555329984638200,2.75863818359375,0.018570844957232473,-0.05003846215750091,0.022340408357512203
1760555329994644200,2.768644287109375,0.030597382837533948,-0.030097105165198444,0.028470143284182993
1760555330004650200,2.778650146484375,0.0016086042404174804,0.024745606335718182,0.06910254312492907
1760555330014656000,2.788656005859375,0.02347615265548229,0.017887073077308014,0.08281581024946645
1760555330024662300,2.798662353515625,0.05327566311359405,-0.009808377773640676,0.0516263798029162
1760555330034668300,2.808668212890625,0.03132160545885563,-0.012018071446055545,0.0315938282626681
1760555330044674000,2.818674072265625,0.012211246797442435,0.0256825675254222,0.045094219821505244
1760555330054680000,2.82868017578125,0.016881576696038247,0.025883186397748066,0.05189310444770381
1760555330064686000,2.83868603515625,-0.0012152210086584091,0.056084509989246724,0.07808677243357524
1760555330074692400,2.8486923828125,0.013304887253046035,0.06551440070616081,0.08728510115062818
1760555330084698000,2.858697998046875,0.026615619724988937,0.029208641026029363,0.0581673258789815
1760555330094705200,2.868705078125,0.016130466067790984,0.026213514330657196,0.04570990403443575
1760555330104711200,2.878711181640625,0.008339958322048186,0.043211082089180126,0.059109922225028276
1760555330114717200,2.88871728515625,0.015962123763561247,0.01584487232575193,0.08467427933141589
1760555330124723200,2.89872314453125,0.046916064953804015,-0.03862116048303432,0.0687735851651989
1760555330134729200,2.908729248046875,0.05497077659368515,-0.048303975648246705,0.048752924992144106
1760555330144735000,2.91873486328125,0.020544190856814384,0.00432695068786852,0.06025176747022196
1760555330154741000,2.928740966796875,0.00004208557605743408,0.01993868097802624,0.06878916632682085
1760555330164747300,2.938747314453125,0.009454057043790817,0.006616997853806242,0.06558151112562045
1760555330174753300,2.948753173828125,0.021698621588945387,0.010690485237259417,0.060408875994384284
1760555330184759000,2.958759033203125,0.011950550034642219,0.009800523260748014,0.05122969036921859
1760555330194765000,2.96876513671875,0.009541735327243804,0.020563014288293196,0.03583910114960745
1760555330204771000,2.97877099609375,0.013121347379684447,0.021087659216905013,0.05858087511593476
1760555330214777300,2.98877734375,0.03809855224788189,-0.032098398517630994,0.051313477928843346
1760555330224783000,2.998783203125,0.04542027343809604,-0.049138672906719146,0.05168185458350926
1760555330234789000,3.0087890625,0.028957214415073394,-0.031186964494828134,0.0686103208948858
1760555330244796200,3.018796142578125,0.04033259491026401,-0.01171643075151369,0.06652997095687314
1760555330254802200,3.02880224609375,0.0014157120168209075,0.025823866559099403,0.07630653795329853
1760555330264808200,3.03880810546875,0.019953823748230935,0.029112240580003706,0.06089348117355257
1760555330274814200,3.048814208984375,0.0013823942691087723,0.039526119099278,0.06705463415179401
1760555330284820500,3.058820556640625,-0.009265840995311737,0.048203821475710715,0.06894817454712465
1760555330294826500,3.068826416015625,0.03529284717738628,0.0094563037998043,0.040200109370704736
1760555330304832500,3.07883251953125,0.03137479695081711,0.01984004290914163,0.023426102968677878
1760555330314838500,3.088838623046875,0.004425999748706817,0.027439448529575017,0.004880976974591613
1760555330324844500,3.098844482421875,0.01114449434876442,0.011860533663630485,0.030292974797170608
1760555330334850600,3.1088505859375,0.004081131833791733,0.036169867473933845,0.04178111321814358
1760555330344856600,3.118856689453125,0.019760347002744674,0.05326800953010097,0.04249835810940712
1760555330354862300,3.1288623046875,0.019879589468240737,-0.0020306107784621415,0.01678021694710478
1760555330364868600,3.13886865234375,0.02077741509079933,0.02598324010558426,-0.003054346069321036
1760555330374874600,3.14887451171875,0.00970657050013542,0.003213098561298102,0.02315008077258244
1760555330384880600,3.158880615234375,0.03677928634285926,-0.01344007620634511,0.048045781369786704
1760555330394887400,3.168887451171875,0.04754910216033458,-0.019654438942857084,0.09942046970026568
1760555330404893700,3.178893798828125,0.06774725605845451,-0.11776835608920082,0.07567591189956292
1760555330414899700,3.188899658203125,0.07536065367162227,-0.08068944747895002,0.11465563089614733
1760555330424905500,3.198905517578125,0.01757598870098591,0.00024736235719174146,0.11511922981990501
1760555330434911500,3.208911376953125,0.02384381692409515,-0.01179082942828536,0.07826992871444671
1760555330444917500,3.21891748046875,0.028787118545174597,-0.03801684704748914,0.04636820354638621
1760555330454923500,3.228923583984375,0.03793430159687996,-0.0775443726525642,0.03318003800818697
1760555330464929500,3.238929443359375,0.0615869798630476,-0.046564767298102376,0.03369184172153473
1760555330474935600,3.248935546875,0.002503507253527641,0.017013002789672462,0.026447880208957938
1760555330484941600,3.258941650390625,0.010779168167710304,-0.005282744442205876,0.033750019915867596
1760555330494947300,3.268947265625,0.016059154397249222,-0.014327581364288926,0.033755426743347194
1760555330504953600,3.27895361328125,0.02716097864806652,0.023644020035676658,0.03276504573281854
1760555330514959600,3.288959716796875,0.015685644909739494,0.012701130939926952,0.032286011777911336
1760555330524965600,3.298965576171875,0.01815232728421688,0.019900760120432823,0.030030414870847014
1760555330534971400,3.308971435546875,0.014646364989876747,-0.02758588952925056,0.018457100650761275
1760555330544977400,3.318977294921875,0.030867431950569152,-0.03564124048994854,0.03807866023732349
1760555330554984400,3.328984375,0.02477496029436588,0.026718623441737144,0.05937365119513124
1760555330564990500,3.338990478515625,0.010628361520171164,0.03497839266704395,0.03402695542741567
1760555330574996500,3.34899658203125,0.01943944448530674,-0.005836706796847283,-0.019755707360245286
1760555330585002500,3.35900244140625,0.04639116429686546,-0.1516654197929427,-0.03604839651873335
1760555330595008500,3.369008544921875,0.08903905041217804,-0.1810070852146484,0.04210908479718491
1760555330605014500,3.3790146484375,0.06058218673467636,-0.09573014554865658,0.11597829433465376
1760555330615020500,3.3890205078125,0.04346212510764599,-0.018168913092836737,0.15622456266833468
1760555330625026600,3.399026611328125,-0.010941665253043175,0.04645538863949478,0.18317915029041468
1760555330635032600,3.409032470703125,-0.002233458140492439,0.04760549938953482,0.1478865771076642
1760555330645038600,3.41903857421875,0.023220132067799566,0.030600999566726385,0.10518677814202383
1760555330655044600,3.429044677734375,0.008113163828849792,0.03883004486020654,0.09433394194990397
1760555330665050600,3.439050537109375,-0.009087561818957328,0.05735241103321313,0.08055617648810148
1760555330675056400,3.449056396484375,0.015447744500637054,0.05837739756624214,0.04503056173445657
1760555330685062700,3.459062744140625,0.010184709405899047,0.07590625918987207,0.0591651412772946
1760555330695068700,3.469068603515625,0.014793079984188079,0.06200322338058613,0.07092075326172635
1760555330705074400,3.479074462890625,0.010572247418761253,0.030404326217155903,0.06831199553543701
1760555330715080400,3.48908056640625,0.019826397976279258,-0.009978838969720526,0.07480387830538675
1760555330725087700,3.499087646484375,0.0295277077794075,-0.03295659538269974,0.03842139099407941
1760555330735093500,3.509093505859375,0.0356318698734045,0.022171755526028573,0.04460391555391252
1760555330745099500,3.519099609375,-0.011682254487276077,0.043933067087642844,0.04841445028539747
1760555330755105500,3.52910546875,-0.0018429975181818007,0.014930013370001688,0.06013077143905684
1760555330765111600,3.539111572265625,0.003032499563694,0.022634605531115085,0.05767934143263846
1760555330775117600,3.54911767578125,0.019441782572865485,0.053574225935060525,0.02962108515128493
1760555330785123600,3.55912353515625,0.017339841857552527,0.011355269288923591,-0.010617876658774911
1760555330795129600,3.569129638671875,-0.009732289463281632,-0.006314041985012591,-0.00901703559970483
1760555330805135600,3.579135498046875,0.022432781082391738,-0.018137111448775976,0.04240375689482316
1760555330815141400,3.589141357421875,0.06371054788827896,-0.035438155665900556,0.05374291529916227
1760555330825147600,3.599147705078125,0.050104047340154646,-0.04208753055250272,0.018640640524122863
1760555330835153700,3.609153564453125,-0.002366144609451294,-0.031673871228937056,0.03614811229985207
1760555330845159400,3.619159423828125,0.044504327636957164,-0.04630388787221163,0.060628765822760756
1760555330855165400,3.62916552734375,0.08162439024150371,-0.04872265771804377,0.08002824362386017
1760555330865171500,3.63917138671875,0.06832184107601642,-0.04540018049813807,0.06586034633331
1760555330875177700,3.649177734375,-0.022296002960205077,-0.02137594723952934,0.048600620507262646
1760555330885183500,3.65918359375,0.008905190989375113,-0.000948587695416063,0.029233346209023146
1760555330895189500,3.669189453125,0.03244739461839199,-0.05578574623838067,0.03983072806904092
1760555330905196500,3.679196533203125,0.07212824762165546,-0.05850721622467972,0.08379077449515461
1760555330915202600,3.68920263671875,0.03834229787588119,0.014389632016140966,0.09629693085225298
1760555330925208600,3.69920849609375,-0.013833879563212394,0.032900746142771095,0.09156601160652934
1760555330935214600,3.709214599609375,-0.010244330638647079,0.055601320449030024,0.09083276542853563
1760555330945220400,3.719220458984375,0.03026654344797134,0.07830801396882162,0.11553506234548985
1760555330955226400,3.729226318359375,0.026197686573863028,0.06285392192578874,0.03707306339135393
1760555330965232600,3.739232666015625,-0.03783259478807449,0.08523346585044637,0.008747863269504158
1760555330975238700,3.74923876953125,-0.0013087445110082625,0.04257276591933332,0.0019550247916020453
1760555330985244400,3.759244384765625,0.03234101163446903,0.007187281155586242,0.04369591559721157
1760555330995250400,3.76925048828125,0.07346446466147899,0.010522106400411575,0.03911191227519884
1760555331005256700,3.779256591796875,-0.008083937734365464,0.018862777108512817,0.041492889127600935
1760555331015262700,3.7892626953125,-0.006120528706908226,0.035432657506875694,0.024875169265829025
1760555331025268500,3.7992685546875,0.03503974919915199,-0.01484283741004765,0.026165263875294477
1760555331035274500,3.8092744140625,0.03864215760529041,-0.05094645298104733,0.02725300431307405
1760555331045280500,3.819280517578125,0.053043023401498794,-0.045113198516611004,-0.01688343985956162
1760555331055286500,3.82928662109375,0.006287117445468902,-0.027635738286655394,-0.04461008956637233
1760555331065292500,3.83929248046875,-0.004093406793475151,-0.014635679199080914,-0.025515202468726784
1760555331075298600,3.849298583984375,0.031465397843718525,-0.019278262574225664,-0.011688501564972103
1760555331085304600,3.8593046875,0.08648235166668891,-0.06226086053662002,0.0014160225440748035
1760555331095311600,3.8693115234375,0.05173310984671116,-0.054525608375761654,0.008717175870295614
1760555331105317600,3.879317626953125,0.02149462344944477,-0.037434590180125085,-0.002798270682711154
1760555331115323600,3.88932373046875,0.04136544508934021,-0.01972096484042704,0.024515414309035984
1760555331125329400,3.899329345703125,0.0305342544734478,0.027756862181983886,0.07293748164530843
1760555331135335400,3.90933544921875,0.03047054158747196,0.05767833678564056,0.03474379845988005
1760555331145341700,3.919341796875,-0.0026519758135080335,0.05238136288868263,-0.0018419746048748491
1760555331155347700,3.92934765625,-0.021859949630498886,0.09002733079716563,-0.02389803132936358
1760555331165353500,3.939353515625,-0.013242927932739257,0.08863390367738902,-0.01906032724091783
1760555331175359500,3.949359375,0.012268529942631721,0.03200231773201376,0.008632885987171903
1760555331185365500,3.959365478515625,0.03328559900820255,0.0060847632737830275,0.02240660546151921
1760555331195371500,3.96937158203125,0.004757423660159111,0.05847732340991497,0.019100366990361363
1760555331205377500,3.97937744140625,-0.0037362639188766476,0.08744710504561662,0.04113451327714138
1760555331215383600,3.989383544921875,-0.0005851064115762711,0.05614356496641412,0.06856860977816395
1760555331225389600,3.9993896484375,0.017044658303260803,0.05208406044254079,0.11671470971726812
1760555331235395300,4.009395263671875,0.011902034717798233,0.10336836707582697,0.13465211560917087
1760555331245401600,4.019401611328125,-0.012259762114286423,0.09355504826558754,0.11849245084635912
1760555331255407600,4.02940771484375,0.0019055413603782652,0.01375560842892155,0.02584719263575971
1760555331265413600,4.03941357421875,0.04932137252986431,-0.10596077645551413,-0.05576726073361933
1760555331275419400,4.04941943359375,0.07116612459123134,-0.12794751253714784,-0.08987221330069005
1760555331285425700,4.05942578125,0.058304889452457424,-0.0648122437861748,-0.07638555343968327
1760555331295432400,4.069432373046875,0.010136778610944747,-0.02979530920702964,-0.11281462440565228
1760555331305438500,4.0794384765625,-0.00585281768143177,-0.00964579848991707,-0.08502707482445984
1760555331315444500,4.089444580078125,0.017370821517705918,-0.08306825064057484,-0.025857152340770698
1760555331325450800,4.09945068359375,0.05721007995307445,-0.10162190700098872,-0.026081028791097922
1760555331335456500,4.10945654296875,0.06635200230777263,-0.04206246917648241,0.06518774886794854
1760555331345462500,4.119462646484375,0.00947568435370922,0.034514008291997016,0.17934022971466182
1760555331355468500,4.129468505859375,0.008394318857789039,0.07739603195674717,0.21091719817407428
1760555331365474600,4.139474609375,0.04560907400846481,0.06617396059343592,0.2275239034514874
1760555331375480600,4.14948046875,0.08043430367410183,-0.0033532742169685658,0.29837544566821306
1760555331385486600,4.159486572265625,0.06739303579330444,-0.05000919039724394,0.34836087159737944
1760555331395492600,4.16949267578125,0.10119593667387962,0.031456958808936175,0.35958719901069996
1760555331405498600,4.17949853515625,0.04849135144650936,0.11955372340232133,0.2965251598927192
1760555331415504600,4.189504638671875,-0.0030471126109361648,0.07683847113922238,0.22644673920664934
1760555331425510700,4.1995107421875,-0.017782909449934957,0.01593835929548368,0.12319115745606832
1760555331435516700,4.2095166015625,-0.000042670097947120666,0.02197763945972547,0.08057667128685861
1760555331445522400,4.2195224609375,0.052879941794276235,0.01784099631272256,-0.07780477715441957
1760555331455528400,4.229528564453125,-0.02037526403069496,0.04082810507593676,-0.2780002729690634
1760555331465534700,4.23953466796875,-0.1258306117147207,0.09754305845582857,-0.38701680199969557
1760555331475540700,4.249540771484375,-0.10952478908002376,0.09346684025917201,-0.295427829642687
1760555331485546500,4.25954638671875,-0.0538747980505228,0.12167272485028952,-0.08245752573055215
1760555331495552500,4.269552490234375,0.032788170880079265,0.015906849912367762,0.03726893758990336
1760555331505558500,4.27955859375,0.10989011526107788,-0.11631474148109555,0.09944584160353988
1760555331515565600,4.289565673828125,0.04770575402677059,-0.1377522461821325,0.10778444821871816
1760555331525571600,4.299571533203125,0.08295300849676132,-0.12891743528153746,0.05471091094794683
1760555331535577600,4.30957763671875,0.04320844260752201,0.006559559444990009,0.04203748999885283
1760555331545583400,4.319583251953125,-0.03712181617021561,0.09991968792667612,0.06352370181297883
1760555331555589600,4.329589599609375,-0.012294833427667616,0.07203205723818391,0.09969017175342887
1760555331565595600,4.339595703125,-0.010796703824400901,-0.01881106518758461,0.2316965129610151
1760555331575601700,4.3496015625,0.0968617068618536,-0.03377075217664242,0.3269561549210921
1760555331585607400,4.359607421875,0.14666004925370216,0.03856324715018272,0.3533263485176489
1760555331595613400,4.369613525390625,0.04786708206832409,0.04437677400084212,0.3538620262969285
1760555331605619700,4.37961962890625,0.05781272202134132,-0.010781761983595787,0.3239027952324599
1760555331615625700,4.389625732421875,0.021986790880560873,-0.1198802154103294,0.35437158325426277
1760555331625631500,4.399631591796875,0.1529717166185379,-0.22599053813805803,0.40103261400107293
1760555331635637500,4.409637451171875,0.2626514039993286,-0.19589244659217073,0.43613289774842556
1760555331645643500,4.4196435546875,0.15715163265168666,-0.11172328550498932,0.34429084567949175
1760555331655649500,4.4296494140625,0.07849310647845267,-0.028238398621231314,0.1757827016298659
1760555331665655600,4.439655517578125,-0.13934768041372297,0.006842486305907368,-0.042910103548341426
1760555331675661600,4.44966162109375,0.008085691300034522,-0.06186464602695778,-0.15471328132255002
1760555331685667600,4.45966748046875,0.057791094711422915,-0.0408026783737354,-0.15459882463002578
1760555331695673300,4.46967333984375,-0.023627543824911116,0.12472431270694359,-0.2630571717886254
1760555331705679600,4.4796796875,-0.12271861717402935,0.20275590262087062,-0.3465378939539194
1760555331715685600,4.489685546875,-0.13755319821238518,0.1411995553581044,-0.32840997045859693
1760555331725691600,4.499691650390625,-0.05019114110171795,0.043715898939315226,-0.2085505055753514
1760555331735697400,4.509697509765625,0.052629766425490374,-0.0129255873455666,-0.06440555811484809
1760555331745703400,4.519703369140625,0.11116671106815337,-0.07475198372136801,-0.03336820839089341
1760555331755710700,4.529710693359375,-0.027805706292390823,-0.06987904392275959,0.018510109479632227
1760555331765716500,4.539716552734375,0.029986557462811467,-0.03713491311380639,0.06748210688282269
1760555331775722500,4.549722412109375,-0.006236848562955856,0.07868713121321051,0.15512754294555633
1760555331785728800,4.559728759765625,0.029533552998304364,0.0591982398292981,0.1592038342074491
1760555331795734500,4.569734619140625,0.08834639197289944,-0.052313558349478984,0.15150579965128563
1760555331805740500,4.579740478515625,0.009807108265161514,-0.09136226919535546,0.21483685583584008
1760555331815746600,4.58974658203125,0.10173428133428096,-0.1263030149994418,0.22805008275005964
1760555331825752600,4.599752685546875,0.12857844911813734,-0.14686762758977712,0.21924267131304367
1760555331835758600,4.609758544921875,0.11068448050916194,-0.08185390641475096,0.17389844051953404
1760555331845764600,4.6197646484375,0.050419104638695714,-0.033767774768266826,0.1360250753296539
1760555331855770600,4.6297705078125,-0.06251636966764927,0.011410524873808026,0.0920726094217971
1760555331865776600,4.639776611328125,0.03223930482566356,0.0008273907348513603,0.04251348261330277
1760555331875782400,4.649782470703125,0.035246085426211354,-0.0037266923729330297,0.08166366280596703
1760555331885788700,4.65978857421875,0.026546061620116232,0.06036426966767758,0.08389305669269524
1760555331895794700,4.669794677734375,-0.0037169746965169904,0.10120894228592514,0.02405154139064252
1760555331905800700,4.67980078125,-0.06957388696372509,0.059171150892972944,-0.036769605199061334
1760555331915806500,4.689806396484375,-0.02801613417267799,0.04776760374922305,0.0018960794122889638
1760555331925812500,4.6998125,0.012476035213470458,0.05014317377414554,0.04607081890185363
1760555331935818800,4.70981884765625,0.04755027120411396,0.06343386810505762,0.0282848681114614
1760555331945824500,4.719824462890625,-0.03961772463917732,0.10051465814514085,-0.024094823409942907
1760555331955830500,4.72983056640625,-0.04102291526198387,0.124124538449198,-0.09899835356436669
1760555331965836500,4.73983642578125,-0.026102994027733802,0.03437030723867938,-0.11494914308316073
1760555331975842600,4.749842529296875,0.05513444272279739,-0.02838688544752076,-0.09880913286888972
1760555331985848600,4.7598486328125,0.03898527195453644,-0.02961595231844112,-0.09330869055539369
1760555331995854600,4.7698544921875,-0.00421498734652996,-0.03291758767971769,-0.08900291051971726
1760555332005861600,4.779861572265625,0.012290741774439812,-0.012558836392406373,-0.010791041268594563
1760555332015867400,4.789867431640625,0.04959375973045826,-0.03331840529926121,0.07304609311893583
1760555332025873700,4.799873779296875,0.07148118188977241,-0.06779412740748375,0.14538796522496267
1760555332035879700,4.809879638671875,0.0794680889904499,-0.0869831407956779,0.18209718200629577
1760555332045885400,4.819885498046875,0.0992839655727148,-0.1568160622880794,0.2306234586357139
1760555332055891500,4.829891357421875,0.09232055630087851,-0.13618596497979013,0.2271652992721647
1760555332065897500,4.8398974609375,0.11530395700335502,-0.13642021212708205,0.160295154841803
1760555332075903700,4.84990380859375,0.08398527415394783,-0.12453611492477357,0.07401533087673597
1760555332085909500,4.859909423828125,0.025019290444254872,-0.09341357570197432,0.03551412524525076
1760555332095915500,4.86991552734375,0.03145136931836605,-0.05944720962168649,0.03315994506822899
1760555332105921500,4.879921630859375,0.033093291306495666,-0.05380452755959704,0.08226659713517874
1760555332115927800,4.889927734375,0.08561492118239403,-0.1237289267277345,0.14561647675121203
1760555332125933600,4.89993359375,0.08556465229988097,-0.12022742141280322,0.1618192774028517
1760555332135939600,4.909939697265625,0.05956394960284233,0.030354532258678225,0.18198433274896814
1760555332145945600,4.919945556640625,-0.057901569348573684,0.14067580547863617,0.142362863516435
1760555332155951600,4.92995166015625,-0.05505436322391033,0.1573956705406308,0.062426389829255635
1760555332165957600,4.93995751953125,-0.020641221490502355,0.08506771736210211,-0.018541271802876142
1760555332175963600,4.949963623046875,0,0.04749461376043036,-0.02904313913285732
1760555332185969700,4.9599697265625,0.04264028733074665,0.052906930265901604,-0.04577113270238042
1760555332195975400,4.969975341796875,-0.021245617124438284,0.07002303723702206,-0.04642654613750055
1760555332205981400,4.9799814453125,-0.00955634837448597,0.07772834178418853,-0.03238189163412899
1760555332215987700,4.98998779296875,-0.0005740004956722259,0.055487420878931874,-0.015528883445449173
1760555332225993700,4.99999365234375,0.00030804303586483,0.08085694953296334,0.028430669790320096
1760555332235999500,5.00999951171875,0.005695581293106078,0.09631095024445094,-0.02603157275933772
1760555332246005500,5.020005615234375,-0.001744213318824768,0.0502136177950073,-0.050234267857391386
1760555332256011500,5.030011474609375,0.006263736569881439,-0.01614164504893124,-0.02840422017481178
1760555332266017800,5.040017822265625,0.044354105511307716,-0.11072020940966903,0.031081129500176757
1760555332276023600,5.0500234375,0.0843652133822441,-0.16010365085769443,0.0945357298660092
1760555332286029300,5.060029296875,0.12687865946292876,-0.08044466980448924,0.05114093437353149
1760555332296036600,5.07003662109375,-0.000436053329706192,0.07173836238807998,0.019207937284372745
1760555332306042400,5.08004248046875,-0.08517945237457751,0.1134865962499287,-0.03205454110959544
1760555332316048400,5.09004833984375,-0.05153904857933521,0.04971650932729244,-0.03895599106112495
1760555332326054400,5.100054443359375,0.02425648937821388,-0.018816526813991367,0.018828418181184678
1760555332336060400,5.110060302734375,0.07965279790759086,0.0058619965017307546,0.019631496458686885
1760555332346066400,5.12006640625,0.000834112736582756,0.1131830375929363,-0.008649316532164811
1760555332356072400,5.130072509765625,-0.08047638925015926,0.13577292719949036,-0.017328407148085534
1760555332366078500,5.140078369140625,-0.07608136916160584,0.10024971446548588,0.02343488906333223
1760555332376084200,5.150084228515625,0.024034955582022666,0.10735840482637285,0.06290882131764665
1760555332386090500,5.160090576171875,0.06700023708343505,0.010737639714078977,-0.03852115244097076
1760555332396096500,5.170096435546875,-0.026471827340126035,0.03738656805362552,-0.032331631884770465
1760555332406102500,5.1801025390625,-0.023562077373266217,0.035087469931552186,0.005044122513895854
1760555332416108300,5.1901083984375,-0.00575695609152317,0.044416448424104596,0.08676141520324163
1760555332426114300,5.2001142578125,0.07216331893503665,0.08238267039605415,0.16279460697472095
1760555332436120600,5.21012060546875,0.06985971816778183,0.05928323296532034,0.15091541427639313
1760555332446126300,5.220126220703125,-0.06442600268125534,0.06720686557143926,0.11713720031250267
1760555332456132400,5.23013232421875,0.027666005560755727,0.08420194911193102,0.13390516056623308
1760555332466138400,5.240138427734375,-0.045316813063621515,0.055888275031093504,0.14611356695261782
1760555332476144400,5.250144287109375,0.09523907409608363,-0.037659010053146626,0.17736969682667403
1760555332486150400,5.260150390625,0.14229133265018462,-0.21197693636007606,0.12105610905559733
1760555332496156400,5.270156494140625,0.10691372979879378,-0.17409272098261863,0.05696587766734883
1760555332506162400,5.280162353515625,0.04538169499337673,-0.09879037336949259,0.016203531304001807
1760555332516168400,5.29016845703125,-0.005035656079649925,-0.10284291842961683,-0.026952395664993672
1760555332526174200,5.30017431640625,0.05707973157167434,-0.06758552615810186,-0.0382309464558959
1760555332536180500,5.310180419921875,0.02523556354343891,-0.024170564660429952,-0.040771872243518005
1760555332546186500,5.3201865234375,0.005087678527832031,-0.019737678513210264,-0.06157760924650356
1760555332556192500,5.330192626953125,0.023712299498915672,-0.03487484096102416,-0.06428169883973896
1760555332566198300,5.3401982421875,-0.018270985227823257,0.02258240041984245,-0.07169559182543307
1760555332576204300,5.350204345703125,0.006606266397237777,0.05094732976388186,0.024259284123498946
1760555332586210600,5.36021044921875,0.0018248773396015165,0.10602317416723817,0.14581634670486673
1760555332596217300,5.37021728515625,-0.0016308160722255706,0.08175565193835646,0.16936799401566385
1760555332606223400,5.380223388671875,0.039919337934255596,0.10484258608054368,0.15537956321155652
1760555332616229400,5.3902294921875,-0.02391103694140911,0.15333850410431624,0.1533362390819937
1760555332626235400,5.4002353515625,-0.010540683236718177,0.1123827723270282,0.11973220350807531
1760555332636241400,5.410241455078125,-0.015907763227820396,0.12075241340128705,0.08276631768508813
1760555332646247400,5.420247314453125,-0.032817981496453284,0.1428123243169859,0.11302348138336092
1760555332656253400,5.43025341796875,0.005794950014352798,0.043789658295270054,0.10959719672910868
1760555332666259500,5.440259521484375,0.07854863605797291,-0.10583965256018564,0.045742144069913775
1760555332676265500,5.450265380859375,0.10939093356728553,-0.060850317885261025,0.0718684733074624
1760555332686271500,5.460271484375,0.00959375777542591,0.025577399251051246,0.10176452120891771
1760555332696277500,5.470277587890625,0.018445757272839546,0.01763007524209097,0.05422468006727285
1760555332706283300,5.480283203125,0.03178220870792865,-0.020674155645724383,0.04784408478522673
1760555332716289500,5.49028955078125,-0.01669043803811073,-0.0323620361561887,0.10080269957259297
1760555332726295600,5.500295654296875,0.04374678726792335,0.06256588963149115,0.15739442843161522
1760555332736301300,5.51030126953125,0.02965630259513855,0.032981775489728894,0.11700106151113286
1760555332746307300,5.520307373046875,0.03756546828448772,0.010769030366186053,0.09664135124259628
1760555332756313300,5.530313232421875,0.0004611877709627151,-0.077291311206948,0.0947877227325458
1760555332766319600,5.540319580078125,0.05823942300081253,-0.09311214506998658,0.11963126388425006
1760555332776325400,5.550325439453125,0.09717033441960811,-0.14381837782068177,0.16625917781274765
1760555332786331400,5.560331298828125,0.14225041611790656,-0.1485906337237917,0.19288427775213493
1760555332796337400,5.57033740234375,0.10398410608768463,-0.12134637897275388,0.1130399393278174
1760555332806343400,5.580343505859375,0.007210662031173706,-0.023299079055525362,0.05139755774941295
1760555332816349400,5.590349365234375,-0.05844459018409252,0.06518838362218812,-0.021343104415852576
1760555332826355500,5.60035546875,-0.0910842925041914,0.20862267576241864,-0.02787793127838522
1760555332836361500,5.610361572265625,-0.031104747837781905,0.1597159301817417,-0.07546071651261299
1760555332846367200,5.6203671875,-0.025872692403197287,0.09455542094716801,-0.11001986085427924
1760555332856373200,5.630373291015625,-0.026740707409381864,0.04858050930099562,-0.09656970164533704
1760555332866379500,5.640379638671875,0.010969137781858443,0.10419316399479284,-0.06700911450963468
1760555332876385500,5.650385498046875,-0.014167057040333747,0.04191115107228979,0.022845417003892362
1760555332886391300,5.660391357421875,0.07080255197584628,0.054518466248922044,0.05193027638662606
1760555332896397300,5.670397216796875,-0.013618190985918044,0.055887800107058135,0.055508189672324806
1760555332906403300,5.6804033203125,0.019471008667349816,-0.004270626523904502,0.03401511885914951
1760555332916409600,5.69040966796875,0.050205169627070424,-0.10555983097180724,0.005855174035299569
1760555332926415400,5.700415283203125,0.06709200702011585,-0.18389383789841085,0.005428381724283099
1760555332936421400,5.71042138671875,0.1440226864874363,-0.1940177204951644,0.06956042469395324
1760555332946427400,5.720427490234375,0.09169277979135512,-0.16354385443944483,0.08282954651387407
1760555332956433400,5.730433349609375,0.09582651859521865,-0.1353436689367518,0.08387556670177727
1760555332966440400,5.7404404296875,0.05497253015935421,-0.16948150086011737,0.06629723991323262
1760555332976446500,5.750446533203125,0.08363631458580494,-0.22900552031137048,0.07912400652682408
1760555332986452200,5.7604521484375,0.15889584597051143,-0.30984628589451313,0.06941716203205286
1760555332996458200,5.770458251953125,0.17040274389088153,-0.2805835309279151,0.11232497772518545
1760555333006464500,5.780464599609375,0.07752981440424919,-0.06013732904400676,0.1910506873831153
1760555333016470500,5.790470458984375,-0.055335518252849575,0.21090601919293403,0.1140100264689885
1760555333026476300,5.800476318359375,-0.07261047818064689,0.11051960880365222,-0.008369312280695885
1760555333036482300,5.810482421875,-0.028700024783611295,-0.03340312444064766,-0.023121475732605902
1760555333046488600,5.820488525390625,0.03657645724713802,-0.02703576309951022,0.03710807990580797
1760555333056494600,5.83049462890625,0.10437456670999526,0.007551858417969196,0.019812862641271203
1760555333066500400,5.840500244140625,-0.01488017374575138,0.03609775208579376,0.047115003325697034
1760555333076506400,5.85050634765625,-0.04476034822463989,0.037508459133934226,0.03945508142337203
1760555333086512400,5.860512451171875,-0.001647182685136795,-0.023248992836102843,0.039529260904435065
1760555333096518400,5.870518310546875,0.04443009335696697,0.008039678467530757,0.06275469020185992
1760555333106524400,5.8805244140625,0.08180617654919624,0.06435629844591022,0.030426538048963992
1760555333116530400,5.890530517578125,-0.05932429562807083,0.06839019360449165,0.02030722202947363
1760555333126536400,5.900536376953125,0.004720014259219169,0.052279436884168536,0.02264799473565072
1760555333136542200,5.910542236328125,-0.026278935116529463,-0.003360215414408594,0.05763981313984841
1760555333146548500,5.920548583984375,0.051336219483613964,-0.048285417078249154,0.10382223005685955
1760555333156554500,5.930554443359375,0.11484978349506854,-0.047400925861299036,0.10570639983564614
1760555333166560500,5.940560546875,0.020064882907271386,-0.008716226022224874,0.057772590940352524
1760555333176566300,5.950566162109375,-0.02216740814447403,0.028090752045158294,0.04245817222949117
1760555333186572300,5.960572265625,-0.040621348723769185,-0.01112400868316181,0.06915770737826823
1760555333196578600,5.97057861328125,0.056523266732692715,0.004488835851848125,0.10698230152297765
1760555333206584600,5.98058447265625,0.05815057567358017,0.11133802164760417,0.10004967098189517
1760555333216590300,5.99059033203125,-0.044212651214003564,0.14989844665303825,0.08922693766709416
1760555333226596400,6.000596435546875,-0.07039280213117599,0.12856569010126404,0.04512887100977823
1760555333236602400,6.010602294921875,-0.01730360150039196,0.1060546561508905,0.03047256914777681
1760555333246608400,6.0206083984375,0.01483048938512802,0.09478919317042454,0.02805312344850972
1760555333256614400,6.030614501953125,0.048920975035429,-0.024111756278434766,0.023075663829501717
1760555333266620400,6.040620361328125,-0.007679448586702347,0.013609295293409377,0.04376256935894489
1760555333276626400,6.05062646484375,0.007710428246855736,0.057358018790092315,0.05247209164574742
1760555333286632000,6.0606318359375,0.029840426990389822,-0.028374628754146397,0.06308629677640273
1760555333296638000,6.070637939453125,0.006167874979972839,-0.046542783795157444,0.09081614308729767
1760555333306644000,6.08064404296875,0.047405309775471687,-0.02780315814227797,0.08280313343098386
1760555333316650200,6.090650146484375,0.041781040152907366,0.05747455784184858,0.0738095152394846
1760555333326656000,6.100656005859375,-0.045510874330997465,0.09167425775397568,0.019275120769068597
1760555333336662000,6.110662109375,-0.030566987699270246,0.05374920804263092,-0.019514117156714198
1760555333346668000,6.12066796875,0.0003653261810541153,0.05803982704179361,0.00705548973577097
1760555333356674300,6.13067431640625,0.004046645042300224,0.033730557163571935,0.06062591627854853
1760555333366680000,6.14068017578125,0.06487666905820369,-0.017483268916234373,0.040499274980369954
1760555333376686000,6.15068603515625,0.02440904959142208,-0.0005662921132519841,0.046448374376818535
1760555333386692000,6.160692138671875,-0.016624387064576147,0.01678615349754691,0.022628468051273373
1760555333396699100,6.17069921875,-0.007246902388334274,0.01012242129202932,0.04453538036234676
1760555333406704000,6.1807041015625,0.0038753801286220547,0.06992454529860988,0.07869356095399707
1760555333416711200,6.190711181640625,0.043565585482120514,0.0892925867818296,0.07604200526559725
1760555333426717000,6.200717041015625,0.031494623938202855,0.01637353584235534,0.08218637150581926
1760555333436723000,6.210722900390625,0.01914659901857376,-0.019464816388580948,0.0437376175807789
1760555333446729200,6.220729248046875,0.047504678496718404,-0.0350421420856379,0.05188587098931893
1760555333456735200,6.2307353515625,0.05445698185265064,-0.050975131086260075,0.05268454708633944
1760555333466741000,6.240740966796875,0.05002279879748821,-0.003996631888113915,0.0598935286170803
1760555333476747000,6.2507470703125,0.013739187017083166,0.019655498388782142,0.06756532362028957
1760555333486753000,6.2607529296875,0.03374854034483433,-0.044088805638626216,0.027535949440300463
1760555333496759300,6.27075927734375,0.03938683849275112,-0.027171956699807195,0.026492559600900856
1760555333506765000,6.28076513671875,0.027674773389101025,-0.01597638975093141,0.028384017636999485
1760555333516771000,6.29077099609375,0.06939560778737068,-0.035847448852844535,0.011470255704410374
1760555333526777000,6.300777099609375,0.01702595360279083,-0.051514644790440794,0.010344028153456747
1760555333536783000,6.310783203125,0.03726093237996101,-0.03496820006659254,-0.01289015070600435
1760555333546789000,6.3207890625,0.017257424271106717,-0.04079383748015389,0.017691285643726587
1760555333556795100,6.330795166015625,0.009826982009410857,-0.0637973128562793,0.02871511275488883
1760555333566801200,6.34080126953125,0.05760229414105415,-0.03481890952270478,0.021131251763459293
1760555333576807000,6.350806884765625,0.02279343108832836,-0.027751802414376286,0.007182130056433379
1760555333586813000,6.36081298828125,0.00388473247885704,-0.009840626942273228,-0.021181264917645604
1760555333596819200,6.370819091796875,0.013397826233506202,0.007892232820857315,0.010759513619169592
1760555333606825200,6.3808251953125,-0.010941665253043175,0.05192631259756163,0.06422395903682336
1760555333616831000,6.3908310546875,0.013773673808574676,0.053448517196159805,0.08083121230350807
1760555333626837000,6.4008369140625,0.025468787777423858,0.024744619955029336,0.06675232673697173
1760555333636843000,6.410843017578125,-0.00037818566262722014,0.03367008654745295,0.05975532572278752
1760555333646849300,6.420849365234375,0.012382511711120604,0.030649752345588057,0.05396702464492991
1760555333656855000,6.43085498046875,0.023170447707176207,0.02643478326536715,0.08611965583413839
1760555333666861000,6.440861083984375,0.03960837228894234,0.04067516127023846,0.11061052022380753
1760555333676867000,6.4508671875,0.014283961418271063,0.05287433403739705,0.09712996587660164
1760555333686872800,6.460872802734375,0.011411620852351189,0.027591570351365953,0.07569317356161773
1760555333696879000,6.470879150390625,0.008526420804858208,0.04290783395944163,0.07797534794835373
1760555333706885000,6.480885009765625,0.0008458031743764876,0.027602931995596734,0.09917186523405834
1760555333716891100,6.49089111328125,0.08592997848093509,-0.021414178624376654,0.0671534366174601
1760555333726897000,6.50089697265625,0.04082067068815231,-0.002149853243958205,0.09163007155237719
1760555333736903200,6.510903076171875,0.0027571897536516187,-0.005065064837224781,0.07695621576737612
1760555333746909200,6.5209091796875,0.01930909610390663,0.020623868496902287,0.030852526642382142
1760555333756915200,6.530915283203125,-0.02340074933171272,0.07152874735854566,0.04695533751826733
1760555333766921000,6.5409208984375,0.033708792856335636,0.03327018224336207,0.02862032887721434
1760555333776927000,6.550927001953125,0.043241760355234145,-0.03503532875236123,0.022105978547129777
1760555333786933200,6.560933349609375,0.054880760222673415,-0.06550937747117132,0.04535301688816398
1760555333796939000,6.57093896484375,0.05186053561866283,-0.04868747680680826,0.03819638659916818
1760555333806945000,6.580945068359375,0.03836860136091709,-0.05040622689081355,0.048071189805679024
1760555333816951000,6.590950927734375,0.02697393164336681,-0.0017098909241147339,0.06935156771624461
1760555333826957000,6.60095703125,0.022609891214966774,0.015106201053969561,0.05213884110338986
1760555333836963000,6.610963134765625,0.010274141255021095,0.03851809283420443,0.059554962578788395
1760555333846969000,6.620968994140625,-0.005233224478363991,0.12163873124914243,0.0653435376512818
1760555333856975000,6.63097509765625,-0.0011105915904045104,0.07847279434278608,0.012544351209327578
1760555333866981000,6.640981201171875,0.008591887256503105,-0.02347863687351346,-0.02330507040489465
1760555333876987000,6.65098681640625,0.0025970307558774944,-0.060194045933615416,0.005548427907377481
1760555333886993200,6.6609931640625,0.04791267477571964,-0.053286769029498096,0.045363775744196026
1760555333896999200,6.670999267578125,0.08063654824793338,-0.024569153790269044,0.07510571079617366
1760555333907005200,6.681005126953125,0.049181087276339526,-0.01622793509289622,0.05152229837393388
1760555333917011000,6.691010986328125,0.012653145346045494,-0.008262326508574187,0.018541892857383935
1760555333927017000,6.701016845703125,-0.044807694497704505,0.038034218307398254,-0.009257274096366017
1760555333937023200,6.711023193359375,0.00410392818748951,0.0498110740092583,-0.0007871317896991968
1760555333947029000,6.721029052734375,0.029071780705451963,0.0470627982144244,0.00831453161984682
1760555333957035000,6.731034912109375,0.01994037974476814,-0.006377334745880216,-0.010124083526153117
1760555333967041000,6.741041015625,0.01801028846502304,-0.03574316649446264,-0.000771660225931555
1760555333977048000,6.751048095703125,0.007423427999019622,-0.023376729135308413,-0.0007670753823593258
1760555333987054000,6.76105419921875,0.031409283742308614,-0.0573481001842767,0.059965954532474275
1760555333997059000,6.77105908203125,0.052832010999321936,-0.08390840952545404,0.13755392886474727
1760555334007066000,6.781066162109375,0.08471475747227668,-0.0688029391238466,0.1843175066705793
1760555334017071900,6.79107177734375,0.08578034087717533,-0.074905512048956,0.1706626552023925
1760555334027078100,6.801078125,0.04106792344748974,-0.07638581373458728,0.13818731313114985
1760555334037084200,6.811084228515625,0.021786884394288063,-0.04332644296400249,0.11589355692695825
1760555334047090200,6.821090087890625,0.01732405976653099,-0.008994659371115267,0.07592126496275886
1760555334057096000,6.831095947265625,0.03709375911951065,0.00398788232607767,0.06584938654787838
1760555334067102200,6.841102294921875,0.02395195347368717,-0.01954840301880613,0.060735970790591086
1760555334077108200,6.851108154296875,0.02140928325355053,0.001701926813367754,0.06656425681896508
1760555334087114000,6.861114013671875,0.0011994389176368714,0.0800408656434156,0.0765567133220844
1760555334097120000,6.8711201171875,0.028595979887247085,0.03415354094915092,0.027145835877861825
1760555334107126000,6.8811259765625,0.024431845945119858,-0.05169902491401881,0.03644897667625919
1760555334117132300,6.89113232421875,0.04451426450908184,-0.04862520695924759,0.059547345527913416
1760555334127138000,6.901137939453125,0.07595452791154385,-0.03203649399625137,0.040897370919864624
1760555334137144000,6.91114404296875,0.04455693460702896,-0.002731178529560566,0.032103147757984694
1760555334147150000,6.921150146484375,-0.015993103423714638,0.00838379746377468,0.00752109795352444
1760555334157156000,6.931156005859375,0.00009819967746734619,-0.012389197180233895,0.0037978579130023716
1760555334167162000,6.941162109375,0.021439093869924545,-0.046398817880358545,0.04502966668531298
1760555334177168100,6.951168212890625,0.08197627241909504,-0.1177989521568641,0.11187491413643583
1760555334187174100,6.961174072265625,0.10299275696277618,-0.12323562678545713,0.11269371970603242
1760555334197180200,6.97118017578125,0.0740302818506956,-0.08411923926454037,0.10374178523179144
1760555334207186000,6.98118603515625,0.027860066828131674,-0.027222846636828033,0.11452924630381166
1760555334217192200,6.991192138671875,-0.026532033094763756,-0.0016239114074036477,0.08217908324850723
1760555334227198200,7.0011982421875,0.008844400712847708,-0.00811226877970621,0.0846605613333173
1760555334237204000,7.011203857421875,0.05496551589667797,-0.02946783081833273,0.1046620236155577
1760555334247210000,7.0212099609375,0.07336918759346008,-0.0343201662203297,0.06228464327100664
1760555334257216000,7.031216064453125,0.024869652840495107,0.043540177046228194,0.03781526006078347
1760555334267222300,7.04122216796875,-0.06714286042451859,0.12411650127321482,-0.016358721865713594
1760555334277228000,7.05122802734375,-0.057387190085649485,0.13557429935485124,-0.09814975564470514
1760555334287234300,7.061234375,-0.048859600237011906,0.16161306903995573,-0.04770000013941899
1760555334297240300,7.071240234375,-0.032440964877605435,0.17374827319281175,0.027279088602401316
1760555334307246300,7.081246337890625,-0.0326385332763195,0.16906037110490724,0.019585374028328804
1760555334317252400,7.09125244140625,-0.04389876295924187,0.15249343158230186,0.023450945148989558
1760555334327258400,7.10125830078125,0.016539046868681906,0.04017840899555012,0.006198050922527909
1760555334337264400,7.111264404296875,0.07924772423803805,-0.1359631708082743,0.011559358759969472
1760555334347270100,7.121270263671875,0.1244242520481348,-0.13213846142096444,0.024818872501328585
1760555334357276200,7.131276123046875,0.05991875438988208,-0.0223234937553294,-0.013818590662535279
1760555334367282400,7.141282470703125,-0.02532791800200939,0.04601392848230898,-0.06627100949343294
1760555334377288400,7.151288330078125,-0.053062897145748134,0.04725766319939866,-0.05573966034064069
1760555334387294200,7.161294189453125,0.012259177592396735,-0.00509469279050827,-0.032194406238012015
1760555334397300200,7.17130029296875,0.06829495306909084,-0.0555223643281497,0.0328245025687851
1760555334407306200,7.18130615234375,0.08496434831917285,-0.09987013143021613,0.06729500051261857
1760555334417312300,7.191312255859375,0.03968260656893253,-0.05422598610837012,0.09323467547111212
1760555334427318300,7.201318359375,0.024928105029463767,-0.004324092010501772,0.10229019818399102
1760555334437324300,7.21132421875,-0.0280026901692152,0.04370643699122592,0.07711918777674436
1760555334447330300,7.221330322265625,0.009751578685641289,0.04131274678772315,0.04614561030426994
1760555334457336000,7.231336181640625,0.006196516552567481,0.020919800969865173,0.04548818757515401
1760555334467342300,7.24134228515625,0.014904723665118217,0.004127400394622237,0.08150509297708049
1760555334477348400,7.251348388671875,0.05008475811779499,0.00729156351396814,0.08737376581477001
1760555334487354400,7.261354248046875,0.02481120065152645,-0.0008284501807764172,0.07357327706450596
1760555334497360100,7.271360107421875,0.042188451910018916,-0.0037112208091653882,0.07013532023876905
1760555334507366100,7.2813662109375,-0.012418752068281172,0.046322318578045814,0.045718891058489676
1760555334517372400,7.291372314453125,-0.007770049479603767,0.05142550520226359,0.07342334719980136
1760555334527378400,7.30137841796875,0.0010386953979730606,0.009304529037885367,0.125346207464952
1760555334537384200,7.31138427734375,0.04797463409602642,-0.0025101927226409315,0.15811870585186405
1760555334547390200,7.32139013671875,0.07753682866692542,-0.008708408041950316,0.16446865940047428
1760555334557396200,7.331396240234375,0.013736264407634735,-0.04320738316159695,0.11851658064061775
1760555334567402200,7.34140234375,0.051425651332736015,-0.06118915791818872,0.08159136475473641
1760555334577408300,7.351408203125,0.03976560867726803,-0.12864073723200709,0.09518630272923037
1760555334587414300,7.361414306640625,0.08422668169438838,-0.18281353184841573,0.08282751895356923
1760555334597420300,7.371420166015625,0.09977321039438247,-0.1262203964835964,0.12487727477895096
1760555334607426000,7.381426025390625,0.05275602315366268,-0.0951264988333918,0.14533040808513759
1760555334617432300,7.391432373046875,0.0414922863394022,-0.04291328645269386,0.15447654995722696
1760555334627438300,7.401438232421875,-0.02440729602575302,0.027538899449212475,0.11635207781679928
1760555334637444400,7.4114443359375,0.018913374784588814,0.0482239874809049,0.09842373201418668
1760555334647450000,7.4214501953125,0.02464695000052452,0.029709393622400236,0.054429892916325474
1760555334657456400,7.431456298828125,0.00987958897948265,0.07263441617866047,0.03879170387750491
1760555334667462400,7.44146240234375,-0.023277999734878537,0.08859116964736022,0.026917251286376266
1760555334677468400,7.451468505859375,-0.024740473502874373,0.10823727002013474,-0.00038061508173123
1760555334687474200,7.46147412109375,-0.022797522741556168,0.1619724221379496,0.010524006096553056
1760555334697480200,7.471480224609375,-0.036862872973084444,0.19738184489971025,0.0007902187959291041
1760555334707486500,7.481486572265625,-0.06738719057440758,0.18264621245749293,0.042899541055131704
1760555334717492200,7.4914921875,-0.01907996352314949,0.13803017720752395,0.07605784215554595
1760555334727498200,7.501498291015625,0.017819734328985214,0.02047463275194168,0.1124259538816288
1760555334737504300,7.511504150390625,0.08925532351136208,-0.049191444273572416,0.09794623242923989
1760555334747510300,7.52151025390625,0.08046294524669646,-0.031419001418724654,0.07010432231230661
1760555334757516300,7.531516357421875,0.022498247534036633,-0.008451930796541274,0.02404754106895998
1760555334767522300,7.541522216796875,-0.02059621330499649,-0.00624652970675379,-0.03041422655666247
1760555334777528300,7.5515283203125,0.022186112844943998,0.039878275271505115,0.0011698840295895933
1760555334787534300,7.561534423828125,0.02080605666339397,0.008973653115704656,0.024223153364192694
1760555334797540000,7.5715400390625,0.059814124971628184,-0.030505119710508732,0.020613675896450877
1760555334807546400,7.58154638671875,0.022231705552339553,0.006917085912078618,-0.009748948337137698
1760555334817552400,7.591552490234375,-0.02141571299433708,0.020166078259423376,-0.04221497459076345
1760555334827558400,7.601558349609375,0.007983984491229057,-0.007973773624468595,-0.009976984939351678
1760555334837564200,7.611564208984375,0.03169394590258598,-0.051942916672490534,0.03665808938229456
1760555334847570200,7.621570068359375,0.10448270325958728,-0.09402009022776037,0.001438088245410472
1760555334857576400,7.631576416015625,0.10604805288016796,-0.07746887799724936,-0.01678602563338354
1760555334867582200,7.641582275390625,-0.03044190001487732,0.028632549037970603,-0.009428301548026501
1760555334877588200,7.651588134765625,-0.026857611787319182,0.08760099869938567,-0.013988175075780599
1760555334887594200,7.66159423828125,-0.026357845571637152,0.1446161223359406,0.050195780744217336
1760555334897600300,7.671600341796875,-0.04449497528672218,0.20730930987522006,0.10796197847640142
1760555334907606300,7.681606201171875,-0.02615267838835716,0.1650590265090577,0.1279069430647418
1760555334917612300,7.6916123046875,-0.007797522008419037,0.07344007913889362,0.11468659228999167
1760555334927618300,7.701618408203125,0.06330956587195397,-0.09317448798278347,0.034570268523879344
1760555334937624300,7.711624267578125,0.15648995387256145,-0.30158209622241555,-0.043272228558734055
1760555334947630000,7.721630126953125,0.1649701974481344,-0.26746930740876124,0.015953209804743528
1760555334957636400,7.73163623046875,0.0595563508182764,-0.06264058056920767,0.08193104503788054
1760555334967642400,7.741642333984375,0.02675707402229309,0.03220834343181923,0.08482040980383754
1760555334977648400,7.7516484375,-0.014375146833062171,-0.002269351437781006,0.06185111069194972
1760555334987654100,7.761654052734375,0.02470306410193443,-0.09582717618234456,0.06757084004562348
1760555334997660400,7.771660400390625,0.10564590182006359,-0.12383912737024948,0.08759049557168036
1760555335007666400,7.78166650390625,0.0985737714767456,-0.10597405606219544,0.08503160486910492
1760555335017672200,7.791672119140625,0.05262625929415226,-0.07781926233749836,0.07943334647063166
1760555335027678200,7.80167822265625,-0.004018003469705582,-0.0670126581735909,0.05215769193433225
1760555335037684200,7.811684326171875,0.015993687945604323,-0.12249872734565287,0.0584532484145835
1760555335047690500,7.8216904296875,0.07383563606142997,-0.13250864644022659,0.09456866402123122
1760555335057696300,7.8316962890625,0.10606851114630698,-0.1552810347405262,0.07316774673722684
1760555335067702300,7.841702392578125,0.10496259573101997,-0.16806964303450658,0.03730060680322349
1760555335077708300,7.851708251953125,0.044186932250857354,-0.1452650146987289,-0.009920140185579657
1760555335087714300,7.86171435546875,-0.007910919255018235,-0.014993881519604473,0.00479461386539042
1760555335097720300,7.87172021484375,-0.0339981311917305,0.12249609699714928,0.024175131237693128
1760555335107726300,7.881726318359375,-0.0487421113371849,0.1406018543264363,0.026169519925303756
1760555335117732400,7.891732421875,-0.00035188217759132384,0.06598240181040019,0.016113916791789234
1760555335127738000,7.901738037109375,0.021107669958472252,0.05032698764214292,-0.006701105073839426
1760555335137744100,7.911744140625,-0.0038204350709915157,0.0543330358125735,-0.01427658182941377
1760555335147750400,7.92175048828125,0.0013385551273822783,0.12807450905083678,-0.04633073934651911
1760555335157756400,7.93175634765625,-0.050502691268920895,0.1581925748056732,0.01812079963479191
1760555335167762200,7.94176220703125,-0.04823065468370914,0.1591872301325202,0.04014043333902955
1760555335177768200,7.951768310546875,-0.016990882289409637,0.18992592113688586,0.02979552840273827
1760555335187774200,7.961774169921875,-0.046049218991398806,0.21069385601328686,0.05481507457531988
1760555335197780500,7.971780517578125,-0.06298164909183979,0.21345217827809973,0.043765163174830375
1760555335207786200,7.9817861328125,-0.033407764083147044,0.203969388330169,0.07005041843429208
1760555335217792300,7.991792236328125,-0.021086627170443534,0.03861422841874882,0.15360292719416319
1760555335227798300,8.00179833984375,0.10834347034096717,-0.07411821586247533,0.13667115468084812
1760555335237804300,8.01180419921875,0.10682195986211299,-0.13694824545602313,0.08684943141341209
1760555335247810300,8.021810302734375,0.05278641829192638,-0.0756302917927038,0.09192563869915903
1760555335257816300,8.03181640625,-0.054496729341149325,0.0551476857968606,0.07449172534998506
1760555335267822300,8.041822265625,-0.01528407837152481,0.05875804004743695,0.06246306857783347
1760555335277828000,8.051828125,0.02944353662729263,-0.010555168419796973,0.06176675687674433
1760555335287835000,8.0618349609375,0.05245324081480503,-0.030770657045207917,0.038463476570136844
1760555335297841000,8.0718408203125,0.06968143899142741,-0.026883001956902443,0.00861095728315413
1760555335307847000,8.081846923828126,0.006218728384375572,-0.12696633774638175,-0.025491109207086263
1760555335317853000,8.09185302734375,0.065325581869483,-0.19019118447694927,0.029404264062829314
1760555335327859000,8.10185888671875,0.08440379182696342,-0.1288772859342396,0.0861393469152972
1760555335337865000,8.111864990234375,0.10674012679755687,-0.06107342258403077,0.043666525105945764
1760555335347871000,8.12187109375,0.01604044969677925,-0.0006776435332372785,0.035779278987459834
1760555335357877000,8.131876953125,-0.0522673628538847,0.0016036175380460917,-0.03643818128760904
1760555335367883000,8.141883056640625,0.002382511222362518,0.006534972993005067,-0.02280355062354356
1760555335377889000,8.151888916015626,0.04696107313930988,0.03350521484194323,0.011669431538321078
1760555335387894800,8.161894775390625,0.05189560693204403,0.05073651829110458,0.0033666999541223045
1760555335397901000,8.171901123046876,-0.029391514179110526,0.02584059849819168,-0.02625277776196599
1760555335407907000,8.181906982421875,0.04079670529067516,-0.037007377744000404,-0.07156593756377697
1760555335417913000,8.1919130859375,0.01744388675391674,-0.013245905341114849,-0.06130381554011255
1760555335427918800,8.2019189453125,0.044995910546183585,0.017942301262728867,-0.06367938556503504
1760555335437924900,8.2119248046875,-0.02062719296514988,0.042444563829246905,-0.035910686814785
1760555335447931100,8.22193115234375,-0.012592355069518089,0.014694880306720733,-0.029151312215067445
1760555335457937000,8.23193701171875,0.04911094464957714,-0.0034539033135399222,0.012788973620161414
1760555335467943000,8.24194287109375,0.01756371374130249,0.012903832171484827,0.08116649040617048
1760555335477949000,8.251948974609375,0.039546997490525246,0.01245714784990996,0.12316942968145012
1760555335487955000,8.261954833984374,-0.0005927051961421966,0.0054449675329029555,0.13641484183222055
1760555335497961000,8.2719609375,0.050838206833601,-0.015268168416339904,0.08174666491430252
1760555335507967000,8.281967041015625,0.007236380994319915,0.010352978644892572,0.061663333034887906
1760555335517973000,8.291972900390626,0.0007645546317100524,0.018319464012049137,0.03064007120179012
1760555335527979000,8.30197900390625,0.004323708418011665,0.02185640596654266,0.00317298574661836
1760555335537984800,8.31198486328125,-0.009468670091032982,0.03899778437623754,0.006226053174305707
1760555335547991000,8.321990966796875,0.03179915984272957,0.01710904704267159,0.012937040321342646
1760555335557997000,8.3319970703125,0.0034703064590692516,0.021060506348498164,0.050350313718803226
1760555335568002800,8.3420029296875,0.032445056530833245,0.03470682745035737,0.0374508837278001
1760555335578008800,8.3520087890625,-0.005613748228549957,0.04588094975240528,0.043495114061795175
1760555335588014800,8.362014892578125,-0.0222732066065073,-0.03439332278808579,0.1365674203117378
1760555335598021000,8.372021240234375,0.06542553511261939,-0.02336421671360731,0.17101161477053536
1760555335608027000,8.38202685546875,0.05353109917938709,0.040782494102232156,0.17414034125031902
1760555335618033000,8.392032958984375,0.039841012001037596,0.050522199686989185,0.114923762046732
1760555335628039000,8.402038818359374,-0.04814414544403553,0.03437306545134634,0.060964263121131804
1760555335638045000,8.412044921875,0.005593874484300613,-0.027161289175320416,0.012423683971725403
1760555335648051000,8.422051025390624,0.02037058785557747,-0.014122834306117146,0.04675882856547832
1760555335658057000,8.432056884765625,0.079119129422307,-0.03143712159730494,0.07662756833489984
1760555335668063000,8.44206298828125,0.10342588768303394,-0.019311434191465377,0.07007365317940711
1760555335678069000,8.452069091796876,-0.03442307860553264,0.03862067642584443,0.05259356260094791
1760555335688075000,8.462074951171875,-0.005848141506314277,0.04650910985441878,0.03569085178533569
1760555335698081000,8.4720810546875,-0.022350948017835617,0.032139863039180636,0.05453375514959916
1760555335708087000,8.482087158203125,0.03815934252440929,0.028452571094874292,0.07189078560397029
1760555335718092800,8.4920927734375,0.03758475750684738,0.04546824076566845,0.09466942098196596
1760555335728098800,8.502098876953125,-0.03569616728127002,0.04628653487861156,0.11661525879763066
1760555335738105000,8.51210498046875,0.019973697492480277,0.07709332268312573,0.09675990872150286
1760555335748111000,8.522111083984376,-0.012103694769740103,0.0955973129492253,0.14204835420716552
1760555335758116900,8.532116943359375,0.02819265978336334,0.0384098466867581,0.15997165850847958
1760555335768123000,8.542122802734376,0.09798691149950027,-0.020705738094076512,0.12321820072662085
1760555335778129000,8.55212890625,0.06668810239434242,-0.1709007930735126,0.038133440898172555
1760555335788135200,8.56213525390625,0.08507073130309581,-0.09900774244721978,0.03984258290361613
1760555335798141000,8.572140869140625,-0.008445172262191773,-0.019729641337227075,0.027527985329553483
1760555335808147000,8.58214697265625,0.05414192455410957,-0.053816163198463614,0.004987012898642569
1760555335818153000,8.592153076171876,0.07129355036318302,-0.08612438680818305,-0.03372683996967971
1760555335828159000,8.602158935546875,0.042560207831859584,-0.09879850187702104,-0.04732592439632863
1760555335838165000,8.6121650390625,0.04107902936339378,-0.0631062801185064,-0.03357431628908962
1760555335848171000,8.6221708984375,0.016139818418025968,-0.027357414535619316,0.0005730871802195907
1760555335858177000,8.632177001953124,0.04793664017319679,-0.06455881701437756,-0.002444233080651611
1760555335868182800,8.642182861328125,0.04967968444824218,-0.08048258152892812,-0.014404464259091764
1760555335878188800,8.652188720703125,0.06686696609258651,-0.0809259413822554,-0.0029949074996635317
1760555335888195000,8.662195068359376,0.07961421946287155,-0.14078122034817933,0.0011716010626405477
1760555335898201000,8.672201171875,0.06153729550242424,-0.11065596680073067,-0.005326419187150895
1760555335908206800,8.682206787109376,0.027304186511039732,-0.0006491298248060048,0.006403583431988954
1760555335918212900,8.692212890625,-0.006601590222120285,0.026445962246507405,0.0064135020378045735
1760555335928219000,8.702218994140624,-0.0014198036700487136,-0.016260339525155723,-0.02817052101679146
1760555335938225200,8.71222509765625,0.046129883012175556,-0.05896048555066809,-0.01604929059036076
1760555335948231000,8.72223095703125,0.027222937968373297,-0.0608812244801782,0.028348654062673447
1760555335958237000,8.73223681640625,0.047912090253829955,-0.012570599895436315,0.10488353914543985
1760555335968243000,8.742242919921875,0.03323708369135856,0.02185182112297043,0.13058617221135646
1760555335978249000,8.7522490234375,0.0008767828345298766,0.06514996957425027,0.08366040784744545
1760555335988255000,8.7622548828125,-0.036110008779168125,0.10010520056141539,0.08086637494843453
1760555335998261000,8.772260986328124,-0.0339022696018219,0.11337603941438719,0.0373067442830652
1760555336008267000,8.78226708984375,-0.04986673145294189,0.13713977683959527,0.05907607475435361
1760555336018272800,8.792272705078124,-0.009179916277527808,0.16850334001034498,0.08961621097931638
1760555336028279000,8.802279052734375,0.005585691177845001,0.14268420442529023,0.08945174113260582
1760555336038285000,8.81228515625,-0.007142272970080375,0.06209443619484081,0.06650956748966128
1760555336048291000,8.822291015625,0.042108956933021545,-0.04220381387593224,0.016414488907251504
1760555336058296800,8.832296875,0.04975508777201176,-0.07475779240764677,0.009982300435286015
1760555336068302800,8.842302734375,0.09978139370083808,-0.11185832832781598,-0.012098214877024293
1760555336078309000,8.85230908203125,0.06139467216134071,-0.10807345776055008,-0.016338610659446567
1760555336088315100,8.862315185546874,-0.021537878069281577,-0.03429331474602222,-0.022641966853663324
1760555336098321000,8.87232080078125,0.025157237610220907,-0.04195827814964577,-0.021568054011836646
1760555336108327000,8.882326904296875,0.02231295409500599,-0.11157172993877902,-0.017316862840764224
1760555336118333000,8.8923330078125,0.08500292676389216,-0.07371248460579663,0.03787031471626833
1760555336128339000,8.9023388671875,0.06913958719968795,-0.08992233605273067,0.0497948535268195
1760555336138345000,8.912344970703124,0.036214638197422024,-0.08754778894111513,0.0832570877435617
1760555336148351000,8.92235107421875,0.02599894913136959,0.015657651791116223,0.13301789287030696
1760555336158357000,8.93235693359375,-0.006722001731395721,0.0897713102094829,0.16970128109063953
1760555336168362800,8.94236279296875,0.015585691666603087,0.0789418548929505,0.15677130983090026
1760555336178369000,8.952369140625,-0.01660334427654743,0.046015353254415095,0.09120727956304327
1760555336188375000,8.962375,-0.0006347907721996307,0.10715483594513497,0.07484245675010606
1760555336198381000,8.972381103515625,-0.025210429102182387,0.1219187537669204,0.028151706718467173
1760555336208386800,8.98238671875,-0.004276946666836738,0.07979543038182892,0.016986498375236986
1760555336218392800,8.992392822265625,0.023698270973563192,0.02274311654004268,0.011312032935395837
1760555336228399000,9.002399169921874,0.010352467188239097,0.03244841753169894,0.04459730315003544
1760555336238404900,9.01240478515625,0.04322305565476417,-0.0006494951509870588,0.06797925644973292
1760555336248411000,9.022410888671875,0.05843582235574722,0.003856227903580293,0.04180584580060094
1760555336258417000,9.0324169921875,-0.011472411128878594,0.0052131498047150665,0.06564001811351627
1760555336268423000,9.0424228515625,0.003770750710368156,0.004927985320938751,0.06713067679638042
1760555336278429000,9.052428955078126,0.035898411855101585,-0.010503584363032132,0.05829736373312771
1760555336288434700,9.0624345703125,0.05933247893452644,-0.060968199510732665,0.09345805416451766
1760555336298440700,9.072440673828124,0.06826105079948902,-0.0865327392802108,0.07723002774007617
1760555336308447000,9.082447021484375,0.04356032478511333,-0.10121791104367002,0.04139467118382454
1760555336318452700,9.09245263671875,0.04402852681875229,-0.13400824648137202,0.054412594721652566
1760555336328458800,9.102458740234376,0.05929682309925556,-0.09658059749868698,0.030279969185125082
1760555336338464800,9.11246484375,0.05721709421575069,-0.026708120314031837,-0.01949831679938361
1760555336348470800,9.122470703125,0.006105915659666061,-0.02577409086693078,-0.04036859780540689
1760555336358476800,9.132476806640625,-0.0036398178070783612,-0.05834787921081297,-0.03743038892904296
1760555336368482800,9.14248291015625,0.0361287134796381,-0.10087544514839537,0.025297577662672845
1760555336378488800,9.15248876953125,0.05411328298151493,-0.04164160428275354,0.09235012945523485
1760555336388494800,9.162494873046874,0.04061725707054138,0.029047586979111653,0.12160665561044588
1760555336398500600,9.17250048828125,-0.0002653729379177093,0.07812845615083351,0.15457895088577642
1760555336408507000,9.1825068359375,-0.0582014290779829,0.10571222678823396,0.12074850441114976
1760555336418513000,9.192512939453126,-0.028047698354721068,0.10295175823210738,0.08155377269070595
1760555336428518700,9.2025185546875,0.040652328383922576,0.08875089025371707,0.08178940807748586
1760555336438524700,9.212524658203124,0.02285539040863514,0.09951239490057341,0.06085977983335033
1760555336448530700,9.22253076171875,-0.001743044275045395,0.025932952956762165,-0.0061334247210994355
1760555336458537000,9.232536865234374,0.021009470281004906,-0.06261116267847829,-0.043354116422217336
1760555336468542700,9.242542724609375,0.02684241421818733,-0.11445167842241935,-0.005013736508786678
1760555336478548700,9.252548828125,0.10369184514284133,-0.04494871040359139,0.05104216844048351
1760555336488554800,9.2625546875,0.03791267428696155,0.03864491581795737,0.03943747270144522
1760555336498560800,9.272560791015625,-0.02120703867971897,0.04794104235367849,0.02481039693392813
1760555336508566800,9.28256689453125,-0.007250409519672393,0.009135693543311209,0.004526026057079434
1760555336518572800,9.29257275390625,0.006985621103644371,-0.023758750722836702,-0.001129789481218904
1760555336528578800,9.302578857421874,0.046486441364884376,-0.034580068398686124,0.022905129568185655
1760555336538584800,9.312584716796875,0.0786357298195362,-0.10045446152365765,0.030841420726478098
1760555336548590800,9.3225908203125,0.038678982484340665,-0.031044770412007344,0.053086552015971386
1760555336558596900,9.332596923828126,-0.03415887471139431,0.0027666517017409203,0.04785617708181962
1760555336568603000,9.342602783203125,-0.015713117438554764,0.018401826799567787,-0.010486450565140694
1760555336578608600,9.352608642578126,0.01992868930697441,0.05884367250427603,0.008067607654072344
1760555336588614700,9.36261474609375,-0.01087561427950859,0.07563502276674844,0.002818820280395448
1760555336598621000,9.372620849609374,-0.0017149872243404387,0.09821535909366794,-0.0029946517713367936
1760555336608627000,9.382626953125,-0.024272855991125105,0.1210979663027916,0.008764321213960646
1760555336618632700,9.3926328125,-0.011363105535507201,0.11683643640079534,0.02324331201398745
1760555336628638700,9.402638671875,0.006917816564440727,0.05516375101567246,0.07309462670208886
1760555336638644700,9.412644775390625,0.014547580790519713,0.001815387992048636,0.09934988868208601
1760555336648651000,9.422651123046874,0.07211129648685455,-0.03960692011737264,0.08699220088496804
1760555336658656800,9.43265673828125,0.037920857593417165,0.041724560725316405,0.0833734258659184
1760555336668662800,9.442662841796874,-0.0296060337126255,0.10028420125697739,0.04644364340277388
1760555336678668800,9.452668701171875,-0.013881810358166694,0.07224833947052248,-0.0070611522915773085
1760555336688674800,9.4626748046875,-0.002647299638390541,0.025099141614278776,-0.026978699150029567
1760555336698680800,9.472680908203126,0.060658174580335615,-0.017015286078304052,-0.01696169272754341
1760555336708686800,9.482686767578125,0.061870472979545586,-0.08551854813583194,0.03222717599645257
1760555336718692900,9.49269287109375,0.06295125395357608,-0.12632924541924148,0.026681725497450678
1760555336728698600,9.50269873046875,0.06569383065998553,-0.1142974742413964,0.03781794520821422
1760555336738704600,9.51270458984375,0.022932547298073768,-0.08250875359429045,0.09514900292614474
1760555336748711000,9.5227109375,0.033711130943894385,-0.036413530903542414,0.10462600245410576
1760555336758717000,9.532717041015625,0.04836158758699894,-0.0043360290434677155,0.08838440416203812
1760555336768722700,9.54272265625,0.03131283763051033,-0.012822181770019233,0.040689189795590934
1760555336778728700,9.552728759765625,-0.0047165071278810495,-0.016811224006721748,0.03964344360232353
1760555336788734700,9.562734619140626,-0.0036462475478649136,0.039018306574458254,0.005666008138749748
1760555336798740700,9.57274072265625,0.0025029227316379545,0.0520616750807967,-0.011698639366496354
1760555336808746800,9.582746826171874,-0.004665653723478317,0.08668077858192845,0.012007193859014659
1760555336818752800,9.592752685546875,-0.023940263035893437,0.10129199006003327,0.0549836178089492
1760555336828758800,9.6027587890625,0.006580547434091567,0.07361233956641518,0.10042873342735692
1760555336838764500,9.6127646484375,0.013681319350004195,0.10653796442211605,0.12247158361040054
1760555336848769800,9.622769775390625,0.021923662516474724,0.10733167208307422,0.13908537621572614
1760555336858775800,9.63277587890625,-0.0021767595171928405,0.16700745716309173,0.10688311546482145
1760555336868781800,9.64278173828125,-0.04763035070300102,0.10713712675850838,0.10129430074812844
1760555336878787800,9.652787841796876,0.022279051825404166,-0.008021055965451523,0.04385448542609811
1760555336888793600,9.662793701171875,0.07538929524421692,-0.01704366278941743,0.04844431570069864
1760555336898799900,9.6727998046875,0.060844637063145635,0.009025310237705707,0.043734183514676984
1760555336908806000,9.682805908203125,-0.0003787701845169067,0.028482911434210834,0.045248789328709245
1760555336918812000,9.69281201171875,-0.02550210552513599,0.05229752053013071,0.04933826886573806
1760555336928817700,9.702817626953125,0.014639350727200507,-0.015315934814512728,0.03513281604377553
1760555336938823700,9.71282373046875,0.048909284597635265,-0.051691316531598565,0.06190828423928469
1760555336948830000,9.722829833984376,0.08255553361177444,-0.044194549301732326,0.09057024203483015
1760555336958836000,9.7328359375,0.06613046851158141,-0.11597177326232194,0.0671287588339299
1760555336968841700,9.742841796875,0.10591010571420192,-0.3000045995063148,0.008664148775115609
1760555336978847700,9.75284765625,0.12429624175429344,-0.2555531345677562,-0.00463461926439777
1760555336988853800,9.762853759765624,0.05051087457537651,-0.09201518014613538,0.06982300288658588
1760555336998859800,9.77285986328125,0.0636778146624565,-0.033575759327504784,0.043927075738273556
1760555337008865800,9.78286572265625,0.03036240503787994,-0.08989219664279371,0.0351359943815507
1760555337018871800,9.792871826171876,0.03734977970719337,-0.13903037635916843,0.01765038737775758
1760555337028877800,9.8028779296875,0.07573825481235981,-0.15390863214246928,0.055897517783474175
1760555337038883600,9.812883544921876,0.09627543140649795,-0.08303001925572752,0.05837532434016466
1760555337048889900,9.822889892578125,0.045132688668370245,0.013066858979780226,0.051526243896689264
1760555337058896000,9.832895751953124,-0.046804421272873875,0.066830049881991,0.053469432120025154
1760555337068902000,9.84290185546875,-0.0058615855097770685,0.05042569877626374,0.02521408236399293
1760555337078907600,9.85290771484375,0.007914426386356354,0.056583545552566644,0.046600678861699996
1760555337088913700,9.86291357421875,0.024616554862260817,0.11451340028070844,0.07775982376784085
1760555337098920000,9.872919921875,0.0019610709398984907,0.14142727229990995,0.07736808450389653
1760555337108925700,9.88292578125,-0.04504617942869663,0.07771144544831476,0.03309402195885777
1760555337118931700,9.892931640625,0.010435469296574592,0.09441080657839775,0.03393339539244771
1760555337128937700,9.902937744140624,-0.02105973916351795,0.04287796854414046,0.05908508004471659
1760555337138943700,9.91294384765625,0.05484393534362316,0.06048832530560903,0.03604151012022048
1760555337148949800,9.92294970703125,0.005378185907006263,0.09084841965539381,0.01459839766230434
1760555337158955800,9.932955810546876,-0.014508417823910713,-0.01257957778633572,0.02619911134596914
1760555337168961800,9.9429619140625,0.06421732836663722,-0.09764633616721256,0.022980514625646174
1760555337178967800,9.9529677734375,0.07494739669561386,-0.10052269532112404,0.05458345777653158
1760555337188973800,9.962973876953125,0.10523732101917266,-0.05243899309374392,0.07510594825819135
1760555337198979800,9.972979736328124,0.034001638323068614,-0.09348272281489334,0.015407266359776257
1760555337208985900,9.98298583984375,0.01599427246749401,-0.11380247553237713,-0.03745846424605697
1760555337218991900,9.992991943359375,-0.014410802668333052,-0.07751955787171609,0.021049144704267383
1760555337228997600,10.00299755859375,0.03966390186846256,-0.13250226236521265,0.04620199840031564
1760555337239004000,10.01300390625,0.13345569976568222,-0.03739003865234554,0.05642510358784347
1760555337249010000,10.023010009765626,-0.00045709611773490905,-0.0018001995560713111,0.10083587118983268
1760555337259015700,10.033015625,-0.02027647983133793,-0.02619028871869668,0.05839136215951293
1760555337269021700,10.043021728515624,-0.004049567651748657,-0.008483887704228981,0.034728418227657674
1760555337279027700,10.05302783203125,0.01821720921397209,0.026407429467560722,0.0995039649989456
1760555337289033700,10.06303369140625,0.05071370367109775,0.09489075384875759,0.14567377816271035
1760555337299039500,10.07303955078125,-0.03351414706707,0.1723734411756508,0.11230634608995169
1760555337309045800,10.083045654296875,-0.06994213575422763,0.15857041340842842,0.06562639144696295
1760555337319051800,10.0930517578125,-0.002377250525355339,0.07957270014239474,0.04093914596866816
1760555337329057800,10.103057861328125,0.006761164698004722,0.06709513055896386,0.0459168613160029
1760555337339063600,10.1130634765625,0.03636310675740242,0.14529846944375893,0.0712434276111424
1760555337349069600,10.123069580078125,-0.024239538243412972,0.09508225783286615,0.07229958560056984
1760555337359075800,10.133075927734374,-0.012677110743522643,0.016973803290445358,0.03935099999438971
1760555337369081900,10.143081787109375,0.0693383246421814,-0.0024063578888308254,-0.0024778978882357477
1760555337379087600,10.153087646484375,0.036411622074246405,0.06509281429322436,0.033874979736097155
1760555337389093600,10.16309375,0.01115618478655815,0.07434317459161392,0.019388225754722953
1760555337399099600,10.173099609375,-0.018377368211746216,0.01712442727489397,0.0025145766368135807
1760555337409105700,10.183105712890624,0.007163315758109092,-0.038718949168547984,0.011516104140132665
1760555337419110700,10.193110595703125,0.067556117400527,-0.05173912859554402,-0.016603417341783642
1760555337429116700,10.20311669921875,0.06363689813017845,-0.08026018008305691,-0.0053747518409043545
1760555337439122700,10.213122802734375,0.03717500766217709,-0.13902449460765345,0.024812588891014457
1760555337449128700,10.223128662109374,0.07119008998870849,-0.1185907601216808,0.00988094068635255
1760555337459134700,10.233134765625,0.04101180934607982,-0.10502134018093347,0.01101772616393864
1760555337469140700,10.243140625,0.0654518385976553,-0.07561606233795173,0.008355448152124882
1760555337479146800,10.253146728515626,0.016891513568162916,-0.026869265692494808,0.006877521086670458
1760555337489152800,10.26315283203125,0.0027870003700256347,-0.003054647463420406,0.020933774696290493
1760555337499158500,10.273158447265626,-0.005336100330948829,0.017661210165871306,0.006229505506716668
1760555337509164800,10.283164794921875,-0.010350713622570036,0.06687769754915497,0.011089987682551145
1760555337519170800,10.2931708984375,0.0036287118911743164,0.09317299014544114,0.0371008829800412
1760555337529176800,10.3031767578125,-0.01680208171904087,0.09599931787885725,0.04015683648455888
1760555337539182600,10.3131826171875,0.004541735082864761,0.03195495319264009,0.008270619412884116
1760555337549188600,10.323188720703126,0.022895137897133825,0.01630276302793063,0.00415153018888086
1760555337559195000,10.33319482421875,0.02448445291519165,-0.010000740274274722,0.008083535875566303
1760555337569200600,10.34320068359375,0.058388476082682605,0.015171767970314248,-0.00011420096419751644
1760555337579206700,10.35320654296875,0.0017816227197647093,0.026643886838247997,0.028562333345972
1760555337589212700,10.363212646484374,0.01896831984221935,0.019045211870176715,0.028380839299224317
1760555337599218700,10.37321875,0.013687749090790747,0.0042697314747609195,0.03915664646606892
1760555337609224700,10.383224609375,0.03906184432208538,0.007198377938335761,0.048554297147504984
1760555337619230700,10.393230712890626,0.05127484468519687,-0.024118487413320688,0.04699946892093867
1760555337629236700,10.40323681640625,0.0331266090542078,-0.09071629030886105,0.06787362238448112
1760555337639242800,10.41324267578125,0.05400280834436416,-0.05825230074869468,0.06057181147113442
1760555337649248500,10.42324853515625,0.03775017720162868,-0.02088356974585913,0.05007681227335706
1760555337659254800,10.4332548828125,0.0319850378036499,-0.009335280369175598,0.026287575080711393
1760555337669260800,10.4432607421875,-0.013239420801401138,-0.007476482493663206,0.01726754380632192
1760555337679266800,10.453266845703125,-0.010290507867932319,-0.000037153672613203525,0.03993130236668512
1760555337689272600,10.4632724609375,0.025392215409874914,0.01992418666179292,0.048369186371564864
1760555337699278600,10.473278564453125,0.04910626847445965,0.013840327570307998,0.02071403099838644
1760555337709284900,10.483284912109376,0.024071195939183235,0.00494468986056745,0.02410511647509411
1760555337719290600,10.49329052734375,-0.031166122636198997,0.027281892480840904,0.016835527330916374
1760555337729296600,10.503296630859374,-0.0005476970106363296,0.06574640109743922,0.021483298337832094
1760555337739302700,10.513302734375,0.014466916769742965,0.03278089175592176,0.07677749819960444
1760555337749308700,10.52330859375,0.03559212238490581,0.017812373006436972,0.08846075733387843
1760555337759314700,10.533314697265626,0.010343114838004111,0.019078374354261903,0.05433043286353349
1760555337769320700,10.54332080078125,-0.009804185655713081,0.025144295930257066,0.06820426084464415
1760555337779326700,10.55332666015625,0.005036825123429298,0.025558146561309694,0.06695723819192499
1760555337789332700,10.563332763671875,0.03768237266242504,0.014624427152704447,0.027982871223893015
1760555337799338800,10.5733388671875,0.04055003705322742,-0.0364118960688822,0.024647041332069783
1760555337809344800,10.5833447265625,0.012755436676740646,-0.004323799749556928,0.030375045323744413
1760555337819350800,10.593350830078125,0.005929974570870399,-0.002184568364312872,0.020305870322603732
1760555337829356500,10.6033564453125,0.03845043442547321,-0.02273648586985655,0.018277067908737808
1760555337839362600,10.613362548828125,0.039240123498439784,-0.004085817142063752,0.020786018522363156
1760555337849368800,10.623368896484376,0.04168284047544002,0.019044928742386398,0.01800886369291693
1760555337859374800,10.633374755859375,0.0068956047326326365,0.0039672870626207436,0.02364904327066615
1760555337869380600,10.643380615234374,-0.003206687086820602,-0.0016250621848739682,0.03852735385289416
1760555337879386600,10.65338671875,0.032892800298333164,-0.025215771997580304,0.08864877245295792
1760555337889392600,10.663392578125,0.0644797786951065,-0.005580540078692138,0.08204299924606456
1760555337899397600,10.673397705078125,0.05119125805497169,-0.049344214549334714,0.06523547416692599
1760555337909404000,10.68340380859375,0.024597850161790846,-0.04073712059054523,0.060155686684604734
1760555337919409700,10.69340966796875,-0.006357260072231292,0.03751226765937172,0.07154241055771708
1760555337929415700,10.703415771484375,0.008588380125164986,0.0342820079007186,0.12303741906592622
1760555337939421700,10.713421630859376,0.05402268208861351,0.01718622219841927,0.1188905833184719
1760555337949427700,10.723427734375,0.021938275563716886,0.04669422976351343,0.08075462166965007
1760555337959433700,10.733433837890624,-0.0032341596156358716,0.04478852400635369,0.01913377606961876
1760555337969439700,10.743439697265625,-0.013132453295588492,0.049562588274059814,0.015104502287227659
1760555337979445800,10.75344580078125,0.0030079496443271635,0.034610116477077825,0.0424164885122329
1760555337989451500,10.763451416015625,0.06310965938568115,-0.03274460573298856,0.06820858995988964
1760555337999457500,10.77345751953125,0.056012394601106644,-0.051318044506106525,0.06218355751670897
1760555338009463800,10.7834638671875,0.05478489863276481,-0.061121344245830544,0.03625436741961166
1760555338019469800,10.7934697265625,0.003599485796689987,-0.027111011159652844,0.04766644492968917
1760555338029475600,10.8034755859375,0.02455751815140247,-0.0421466494617518,0.04702548014502972
1760555338039481600,10.813481689453125,0.08724749082028865,-0.07587792814453131,0.008341090833209455
1760555338049487600,10.823487548828124,0.07483867562413216,-0.0855121914602816,-0.014468670335412024
1760555338059494000,10.833493896484375,0.032550854992866515,-0.06525142978788354,-0.03644767976831645
1760555338069499600,10.843499755859375,-0.017769465446472166,-0.06037926630740985,-0.008873170149605722
1760555338079505700,10.853505615234376,0.024685528445243833,-0.07054458602624945,-0.003301434431876987
1760555338089511700,10.86351171875,0.07129471940696239,-0.06938482153187506,0.03121777975820005
1760555338099517700,10.873517578125,0.06012567513883114,-0.058829570913687346,0.0643559148534201
1760555338109523700,10.883523681640625,0.030866262906789777,-0.02331887060138397,0.04805475012753158
1760555338119529700,10.89352978515625,-0.015440145716071128,0.04195164747945964,0.04908973746476695
1760555338129535700,10.90353564453125,-0.03601648527681827,0.08380799049143679,0.043572508413251484
1760555338139541500,10.91354150390625,0.006676409024000168,0.0737966922905296,0.059474061095993964
1760555338149547800,10.9235478515625,0.028836802905797956,0.04538735754918307,0.06816031210506335
1760555338159553800,10.9335537109375,0.013421207109093666,0.04260412003882229,0.06627241599922999
1760555338169559800,10.943559814453126,0.01913140144944191,0.03860667529995553,0.04424173117801547
1760555338179565600,10.953565673828125,-0.01839198125898838,0.05715660533332265,0.025120284867007285
1760555338189571600,10.963571533203124,-0.015666355687379837,0.019497403483930975,0.05150375807024538
1760555338199577900,10.973577880859375,0.0745709645986557,-0.03573018828188069,0.03025430502090603
1760555338209583900,10.983583984375,0.042377837002277374,0.04862393745076842,0.06315143443448469
1760555338219589600,10.993589599609376,-0.011934183421730995,0.07127611517119221,0.06902127631595358
1760555338229595600,11.003595703125,-0.015347791257500647,0.046244787229271604,0.03761644955305382
1760555338239601700,11.0136015625,-0.02594225050806999,0.035977294910745694,0.05130465530157089
1760555338249607700,11.023607666015625,0.03869651814103126,-0.043467294473107904,0.07550590736120939
1760555338259613700,11.03361376953125,0.08488543786406516,-0.06870322334272787,0.09179793893257156
1760555338269619700,11.04361962890625,0.05581190359294414,-0.01417977039143443,0.07745753461932763
1760555338279625700,11.053625732421875,0.005521393769979476,-0.005582485440606251,0.05663372310353443
1760555338289631200,11.06363134765625,-0.01587619904577732,0.030297340445034203,0.045852399511355904
1760555338299636200,11.07363623046875,0.0041501054167747495,0.08285833421694114,0.028195655458047985
1760555338309642000,11.08364208984375,0.020865677896142003,0.05034418537211604,0.04069196627456695
1760555338319648000,11.09364794921875,0.016480010157823563,0.04245126756466925,0.03340650370782241
1760555338329654000,11.103654052734376,-0.0030067806005477904,0.06259275023895315,0.01919325117189437
1760555338339660000,11.113659912109375,0.0005804302364587784,0.04853005775539204,0.0038179143203422427
1760555338349666000,11.123666015625,-0.016486439898610115,0.033514521526405584,0.005430299686733633
1760555338359672000,11.133672119140625,0.026415713238716124,0.05866735695614479,0.05236894179852679
1760555338369678000,11.143677978515624,0.048345220974087715,0.04344375833389349,0.0736299574214965
1760555338379684000,11.15368408203125,0.019405542215704917,0.043316104233078655,0.053408203452080485
1760555338389689900,11.16368994140625,-0.011611527338624,0.07039462876208126,0.02304119530431926
1760555338399696100,11.173696044921876,-0.011644260564446448,0.04201540603120811,0.015302837870921938
1760555338409702100,11.1837021484375,0.024680267748236655,-0.0037129743748344477,0.008566076961811631
1760555338419708000,11.1937080078125,0.041843583995103836,-0.01797628573072143,0.013595102371275425
1760555338429714000,11.2037138671875,0.04001870665550232,-0.03894006283963099,0.03336313949013129
1760555338439720200,11.21372021484375,0.026235680496692657,-0.07257736136233434,0.030661808109562844
1760555338449726200,11.223726318359375,0.03416121279895305,-0.05750258749308996,0.024232396116573362
1760555338459732000,11.23373193359375,0.07996025642156601,-0.0895971226863563,0.024410437830910084
1760555338469738000,11.243738037109376,0.04824877486228943,-0.09949361713486723,0.03503423277381807
1760555338479744000,11.253743896484375,0.03300269041359424,-0.07278145083338022,0.029553846867661923
1760555338489750300,11.263750244140626,0.03199088302254677,-0.008098605580534785,0.02389030468063429
1760555338499756000,11.273756103515625,0.0019844518154859543,-0.011787687623128294,0.029101299060881138
1760555338509762000,11.283761962890624,0.031090719312429425,-0.03625538119976408,0.021631492903176695
1760555338519768000,11.29376806640625,0.04908171855509281,-0.03458526516361162,0.04373116957368329
1760555338529773800,11.30377392578125,0.0553781883507967,-0.009858957183407619,0.06351900737155229
1760555338539780000,11.313780029296876,0.015601473757624626,0.03797332756617106,0.048520833269320426
1760555338549786000,11.3237861328125,-0.03879997851550579,0.06413935862644575,0.02093761062119156
1760555338559792000,11.333792236328126,-0.028864275434613226,0.05678554353122599,0.02823498282143846
1760555338569798000,11.3437978515625,0.0064507835745811455,0.05301376077439636,0.07337201887136324
1760555338579804000,11.353803955078124,0.05503858113288879,0.0751157755324617,0.0803274092335254
1760555338589810200,11.36381005859375,0.033005613023042675,0.05257114983974024,0.0629861608701758
1760555338599816200,11.373816162109375,-0.004247136050462723,0.014921930528245865,0.04176200665887445
1760555338609822000,11.383822021484375,-0.0150187054336071,0.02155326743465848,0.04824305750755593
1760555338619828000,11.393827880859375,0.020257190608978272,0.02503048769170418,0.06436605265494436
1760555338629834000,11.403833984375,0.06731997055709361,0.05432298934259452,0.03967197557706385
1760555338639840000,11.413840087890625,0.027179098826646802,0.026780774558288974,0.034208467740472405
1760555338649846000,11.423845947265624,0.007426350608468055,-0.026621063085086643,0.023244006133731454
1760555338659852000,11.43385205078125,0.006976853275299072,-0.007621827514795586,0.03368210577880963
1760555338669857000,11.44385693359375,0.05049509248435497,0.0010192691782955079,0.04396556285144761
1760555338679863000,11.453863037109375,0.0559925208568573,-0.0345569432514254,0.04938280212720856
1760555338689868800,11.463868896484374,0.03188157742917538,-0.056073732866905625,0.05609051960492506
1760555338699875000,11.473875,0.023361001843214033,-0.01994709261334501,0.04515510142957791
1760555338709881000,11.483881103515625,0.0016816694766283035,-0.020787653357023372,0.04074064598819241
1760555338719887000,11.49388720703125,0.008419453299045563,-0.023389570350572465,0.053778534601815045
1760555338729892900,11.503892822265625,0.057170332464575764,-0.020692084028059617,0.05894139725770801
1760555338739899000,11.51389892578125,0.026616204246878623,0.018978183649107812,0.04792672156738117
1760555338749905200,11.5239052734375,0.005075403568148612,0.01875611099679954,0.045052444772701705
1760555338759911200,11.5339111328125,-0.020795535269379616,0.00999488592222333,0.030579317457880822
1760555338769917000,11.5439169921875,-0.0006114098966121674,0.017672955402592196,0.04541002603871747
1760555338779923000,11.5539228515625,0.049155952835083006,0.046327040418935934,0.06678801910486072
1760555338789929200,11.56392919921875,0.020956278789043426,0.09158098084679804,0.04718215027777478
1760555338799935000,11.57393505859375,-0.03639233285188675,0.08088381014042534,0.062064077589195216
1760555338809941000,11.58394091796875,-0.015324410381913183,0.02132693873234093,0.045337709721177816
1760555338819947000,11.593947021484375,0.03292436448037624,0.027122820328455418,0.07963637649575248
1760555338829953000,11.603953125,0.05254501075148582,0.06429281388879753,0.0949404930083081
1760555338839959000,11.613958984375,0.03417933297753334,0.041052515815803776,0.04163109202189371
1760555338849965000,11.623965087890625,0.00823649794757366,-0.04424068999839947,-0.002544259389024228
1760555338859971000,11.63397119140625,-0.011870470535755157,-0.000053209758270531886,0.014711922773066908
1760555338869977000,11.64397705078125,0.04938625445961952,0.012101046154927462,0.05411474428623914
1760555338879982800,11.65398291015625,0.06452654044628144,0.0036574995942413803,0.09229330296777188
1760555338889989000,11.663989013671875,0.042592941057682035,-0.0629283845346421,0.06125298040201887
1760555338899995100,11.6739951171875,0.056302317458391184,-0.08424129474163054,0.024156116009969263
1760555338910001200,11.684001220703125,-0.009590835165977477,-0.029429782096575943,0.03860975317303091
1760555338920007000,11.6940068359375,0.06070084467828273,-0.02399663286563009,0.01943465871233493
1760555338930013000,11.704012939453126,0.06096738665997982,-0.05783979269135743,-0.0023977087914943693
1760555338940019200,11.714019287109375,0.016994973942637444,-0.08896278857188299,-0.0008599595638923346
1760555338950025000,11.72402490234375,0.05355331101119518,-0.09810810846006497,0.006459240875672549
1760555338960031000,11.734031005859375,0.01918225485384464,-0.07439867677167057,0.021804255654197184
1760555338970037000,11.744037109375,0.08042495132386684,-0.057829161699488756,0.044031467694509774
1760555338980043000,11.75404296875,0.049773207950592036,-0.05170691595952957,0.05037975900899619
1760555338990048000,11.764048095703124,0.04533434872031212,-0.0366380695075728,0.04981980530498549
1760555339000054000,11.774053955078125,0.02414543021917343,0.00863013690765947,0.020669041079189626
1760555339010060000,11.78406005859375,-0.01650046842396259,0.05056655941852368,0.02945235925456509
1760555339020066000,11.794066162109376,0.014057751446962356,0.09616609841366298,0.02809329106211662
1760555339030072000,11.804072021484375,-0.02527472651004791,0.09526367881437763,0.019980291630048302
1760555339040077800,11.814077880859376,-0.005198737686872482,0.09815596618978306,0.029603074570558965
1760555339050084000,11.824083984375,-0.01519347747862339,0.09725852415971457,0.019877689772099257
1760555339060090000,11.834090087890624,-0.01695931810736656,0.0756286660911981,0.029049788069352506
1760555339070096100,11.84409619140625,0.040491584864258766,0.038514302575075994,0.06684795086486264
1760555339080102000,11.854101806640625,0.038670214655995364,-0.011174862087564541,0.06929638519659638
1760555339090108000,11.86410791015625,0.04492927505075931,0.015578531273454427,0.06061568714547902
1760555339100114200,11.8741142578125,0.003331190249323845,0.0007245696811936795,0.03832965759001672
1760555339110120000,11.884119873046876,0.009789572608470916,-0.012685403647832572,0.01887454061154276
1760555339120126000,11.8941259765625,0.04257540540099144,-0.04178746989369392,0.030472733544558286
1760555339130132000,11.904132080078124,0.042563714963197705,-0.03933925475766882,0.04452358032669872
1760555339140138200,11.91413818359375,0.06648936495184898,0.008340853371191769,0.04495123115424066
1760555339150144000,11.92414404296875,0.013248188629746437,-0.00468032156964764,0.013887692109681665
1760555339160150000,11.93414990234375,-0.022896891462802885,-0.03962267480893061,0.021336692941375076
1760555339170156000,11.944156005859375,0.0446598104596138,-0.06889103753240779,0.020264972056634724
1760555339180162000,11.954162109375,0.07657119850516318,-0.07926815510471351,0.01795346197756007
1760555339190168000,11.96416796875,0.07123100652098656,-0.045772667072340845,0.026988471625372767
1760555339200174000,11.974174072265624,0.01595160236954689,-0.0506219154681079,0.024664394325669855
1760555339210180000,11.98418017578125,-0.011335633006691931,-0.023159898913698268,0.017550507199857384
1760555339220186000,11.99418603515625,0.009543488892912864,0.014485658002831041,0.018420093108620493
1760555339230191900,12.00419189453125,0.0389303268969059,-0.003457529175886884,0.01915523898275569
1760555339240198100,12.0141982421875,0.03854804958105087,0.0011581387928687036,0.02028459007255733
1760555339250204200,12.0242041015625,0.023672552010416983,-0.017701980567676946,0.018853972747549415
1760555339260210000,12.0342099609375,-0.023389643415808677,0.025033958290424197,0.05252230572933331
1760555339270216000,12.0442158203125,-0.0006143325060606002,0.07131169794122688,0.09590078940782695
1760555339280222000,12.054221923828125,0.017028291690349577,0.10429744635317474,0.10112137360032647
1760555339290228500,12.064228515625,0.007744915038347244,0.061977011227095494,0.058108764092158524
1760555339300234200,12.074234130859375,0.009572714987397193,0.01988256687661633,-0.00206266815084964
1760555339310240500,12.084240478515625,0.013975918382406234,-0.042967409526417026,-0.016874964292161166
1760555339320245500,12.09424560546875,0.0415618444442749,-0.024745396273164078,-0.00813117440957576
1760555339330251500,12.10425146484375,0.021227496945858,0.029512263615103437,0.030155721750948578
1760555339340257300,12.11425732421875,0.02708031462728977,0.017027396641205995,0.06555517110796645
1760555339350263300,12.12426318359375,0.010496844094991683,0.05458184120818041,0.04476279591005295
1760555339360269300,12.134269287109374,-0.025239070674777028,0.035674686101824046,0.0627488632492721
1760555339370275600,12.144275634765625,0.034762101301550864,0.014305689192889258,0.0793671311003156
1760555339380281300,12.15428125,0.04205693448483944,0.002339329667761922,0.1012423330988735
1760555339390287400,12.164287353515626,0.06131108553111553,-0.009297651772527024,0.1106520578105934
1760555339400293400,12.17429345703125,0.035377602851390834,0.0030121508954092857,0.05456831500632688
1760555339410299400,12.18429931640625,-0.0002589431971311569,0.006029836482461541,0.03365328154312446
1760555339420305400,12.194305419921875,0.02321604041457176,0.00595836954829283,0.011694273718632757
1760555339430311400,12.2043115234375,0.0059749827563762665,0.029245000114198772,0.02403895590370521
1760555339440317400,12.2143173828125,0.05410919132828712,-0.005807535501290113,0.04112480473387986
1760555339450323500,12.224323486328124,0.03356324690580368,0.017882780494680627,0.02237790908999741
1760555339460329200,12.2343291015625,-0.007464344531297683,0.022781996378861365,0.04184290814166888
1760555339470335500,12.24433544921875,0.0007505261063575744,0.00033931495696306224,0.010900547791365534
1760555339480341500,12.254341552734376,0.012098434072732926,0.012570627294899895,0.017405600570142267
1760555339490347300,12.26434716796875,0.04184299947321415,-0.028960657614329827,0.031289475021231916
1760555339500353300,12.274353271484374,0.06007423721253872,-0.04839858599598519,0.0218256089694798
1760555339510359600,12.284359619140625,0.017404723787307737,0.0045502106502652165,0.024619294808618724
1760555339520365600,12.294365478515624,0.020682138022780416,0.02260271255550906,0.044070831590518354
1760555339530371300,12.304371337890625,0.036838907575607295,-0.014586058770539239,0.028472134311869738
1760555339540377300,12.31437744140625,0.05732523076534271,-0.052118611166113986,0.0475394392828457
1760555339550383400,12.32438330078125,0.07002572238445282,-0.05651547615188174,0.026700850323028862
1760555339560389600,12.3343896484375,0.03844458920657635,-0.02349987145778723,0.026804895219393072
1760555339570395400,12.3443955078125,0.023791794475913047,-0.01473324868888594,0.03765353016043082
1760555339580401400,12.3544013671875,0.03008008096516132,-0.02418314101421274,0.040762054102402176
1760555339590406400,12.364406494140624,0.0359065951615572,-0.015210529078124091,0.0430234048968181
1760555339600412400,12.374412353515625,0.04577215561568737,-0.0070376344186719505,0.0435314092178829
1760555339610418400,12.38441845703125,-0.0000339022696018219,0.026574292200757188,0.0439469129499048
1760555339620424400,12.394424560546875,-0.009471008178591728,0.03955695262895897,0.048471806495822965
1760555339630430500,12.404430419921875,0.029414310532808303,0.004716360997408628,0.04291331385215744
1760555339640436500,12.4144365234375,0.05510404758453369,-0.009894613018678501,0.0646700771028176
1760555339650442200,12.424442138671875,0.04022796549201012,0.024447107446333393,0.04094738407405093
1760555339660448300,12.4344482421875,0.001432078629732132,0.07013591389381327,0.03576676656575873
1760555339670454500,12.44445458984375,-0.01669043803811073,0.06301347813536412,0.03443981054462492
1760555339680460500,12.45446044921875,-0.00189443544447422,0.01781639159442857,0.01720843403022736
1760555339690466300,12.46446630859375,0.06733692169189452,-0.04735897728255949,0.04070053317351267
1760555339700472300,12.474472412109375,0.08386544716656208,-0.028300851131882517,0.08700906068822369
1760555339710478300,12.484478271484376,0.03323299203813076,0.002703979995381087,0.08258960027815773
1760555339720484600,12.494484619140625,0.028414193579554554,-0.02885693237837404,0.05669133504228666
1760555339730490400,12.504490478515624,0.00623626404106617,-0.00916436251536943,0.04013544663665816
1760555339740496400,12.514496337890625,0.03926058176457882,-0.04396302383448928,0.022611918775271623
1760555339750502400,12.52450244140625,0.08200666755735873,-0.03764408647865057,0.01156589809861034
1760555339760508400,12.53450830078125,0.00642272652387619,-0.016495719183608887,-0.0017037717105820773
1760555339770514400,12.544514404296875,-0.004615384840965271,-0.004656410971097648,0.008011457020044327
1760555339780520400,12.5545205078125,0.005004676419496536,-0.08517936104303225,0.01911256888480857
1760555339790526500,12.5645263671875,0.08999357465803623,-0.07862790270610712,0.04111008208878338
1760555339800532200,12.5745322265625,0.05404430939853191,-0.03051178691331297,0.06304103286257014
1760555339810538200,12.584538330078125,0.034143677142262456,-0.019827895813621578,0.029969295800756662
1760555339820544500,12.59454443359375,0.0023129531174898147,-0.02574579635420814,0.006087558019068092
1760555339830550500,12.604550537109375,-0.02054828251004219,0.004942388305626809,-0.003997654801420867
1760555339840556300,12.614556396484375,0.031518589335680004,0.04718320059054531,0.0025644984594546255
1760555339850562300,12.624562255859376,0.01849427258968353,0.07462993737743236,0.01765796789601445
1760555339860568600,12.634568603515625,-0.007823825493454933,0.08332503841323778,0.006932374812755733
1760555339870574600,12.64457470703125,-0.025293431210517883,0.07731621731934137,-0.014075086174253373
1760555339880580400,12.654580322265625,-0.02242518229782581,0.09113138304892927,0.02238667691834271
1760555339890585300,12.66458544921875,0.002273205628991127,0.06663642700603231,0.005604907334968447
1760555339900591400,12.67459130859375,0.03339841173291206,0.04926131290569901,0.00375200947728008
1760555339910597400,12.684597412109374,0.009923428121209143,0.04075473844562657,0.023844511043839157
1760555339920603400,12.694603271484375,-0.0012695815443992614,0.027112161937123163,0.0018508337647654115
1760555339930609400,12.704609375,-0.005437807139754295,0.07263197762640193,-0.0016021014343947171
1760555339940615400,12.714615478515626,0.0008808744877576828,0.06091942846556194,0.03579986511776224
1760555339950621400,12.724621337890625,0.057632689279317854,-0.06432091660527513,0.03015782237648964
1760555339960627200,12.734627197265626,0.07185235328972339,-0.04139347474058158,0.053462618786748496
1760555339970633500,12.744633544921875,0.03757832776606083,-0.020944661416485905,0.056554648251645266
1760555339980639500,12.754639404296874,0.04731880053579807,-0.018896816375432536,0.027533720950596034
1760555339990645500,12.7646455078125,0.02672960149347782,-0.04450394404446706,-0.027160321060940622
1760555340000651300,12.7746513671875,0.0323380890250206,-0.03192218343419954,-0.0002427592473104596
1760555340010657300,12.7846572265625,0.028043022179603576,-0.008078357376949862,0.05649522794829681
1760555340020663600,12.79466357421875,0.05318973839581012,-0.03264532834328711,0.07816531756250188
1760555340030669600,12.804669677734376,0.04285422234237194,0.0018561675270088015,0.09657077935757115
1760555340040675300,12.81467529296875,0.00170621939599514,0.010055776663450524,0.0802379591180943
1760555340050681300,12.824681396484374,0.002170329776406288,0.02799851631759666,0.026339013007003812
1760555340060687400,12.834687255859375,-0.01786474251449108,0.05343545678518712,0.02831869731582701
1760555340070693400,12.844693359375,0.005480477237701416,0.023548806899739427,0.021544289543759077
1760555340080699400,12.854699462890625,0.0431780474692583,0.020394836380844935,0.005975841272901744
1760555340090705400,12.864705322265625,0.017431027272343635,0.07068631431818939,0.02285946379555389
1760555340100711400,12.87471142578125,-0.017559622088074683,0.061283823064854366,-0.0008948116815648972
1760555340110717200,12.88471728515625,0.02003624133467674,-0.010812896907376125,-0.0016240575378760694
1760555340120723500,12.894723388671874,0.032008418679237365,-0.0021405282931867987,0.041170178245566784
1760555340130729500,12.9047294921875,0.03721826228201389,0.011753602690435945,0.06586493117688223
1760555340140735500,12.914735595703124,0.05229834251403808,0.006845098388101905,0.07364175745714456
1760555340150740500,12.924740478515625,0.007855389675498009,0.017313072581635787,0.05303202708344906
1760555340160746200,12.934746337890624,0.00021919570863246916,-0.0005066434810403734,0.03841165505135432
1760555340170752500,12.94475244140625,0.04717500815093517,-0.006268860269570723,0.04259882280919701
1760555340180758500,12.954758544921875,0.06134966397583484,-0.01261974539994262,0.02996469269087538
1760555340190764500,12.9647646484375,0.05010989255905151,-0.020225041905045506,0.022720639846753328
1760555340200770300,12.974770263671875,0.01826514000892639,-0.044153166978573424,0.0072144979560747734
1760555340210776300,12.9847763671875,0.029230186137557027,-0.08091846132869832,-0.006638780427351594
1760555340220782600,12.994782470703125,0.058881812557578087,-0.07142648342731409,0.011672390680387616
1760555340230788400,13.004788330078124,0.05380290185809135,-0.01434519921937026,0.02258859269861132
1760555340240794400,13.01479443359375,0.006696867290139198,0.036105286938278004,0.049341136676259334
1760555340250800400,13.02480029296875,0.0009153612792491912,0.0403491898520384,0.046791123399883505
1760555340260806400,13.034806396484376,-0.0017389526218175887,0.020103096025809643,0.02464923328915611
1760555340270812400,13.0448125,0.043460956063866615,0.00011472155400551855,0.05013221398871392
1760555340280818400,13.054818359375,0.05572422530949116,0.010183713892055675,0.04893082057600841
1760555340290824400,13.064824462890625,0.02237082176208496,0.0059400575734674926,0.034486901089362795
1760555340300830500,13.07483056640625,0.008653846576809883,-0.0034324860661756247,0.0024703904352150856
1760555340310836200,13.084836181640625,0.0007826748102903366,-0.029115455450396982,-0.01006111955884844
1760555340320842200,13.09484228515625,0.0674076488405466,-0.05495811804151162,0.00833444189671427
1760555340330848300,13.10484814453125,0.06324351489841938,-0.025394827492069453,0.008730839069467037
1760555340340854500,13.1148544921875,0.03248421949744224,-0.035568924172408874,0.009110285107418894
1760555340350860300,13.1248603515625,-0.032521628898382185,-0.018700289156334475,0.05566922545293346
1760555340360866300,13.1348662109375,0.0016606266885995863,-0.0018957323524169624,0.04941977313673124
1760555340370872300,13.144872314453124,0.07769172696769237,-0.0017377653117291627,0.0670305043575354
1760555340380878300,13.15487841796875,0.028318916511535643,0.0241401512558572,0.0845386702530086
1760555340390883300,13.16488330078125,0.00993453403711319,0.0041312637189868835,0.09285422478616237
1760555340400889300,13.174889404296875,0.006064999127388,0.01916688375477679,0.09736039536530151
1760555340410895400,13.184895263671875,0.022210662764310836,0.002425564912799746,0.07122477770959958
1760555340420901400,13.1949013671875,0.05448620794713497,0.02091692402618937,0.0536284220740199
1760555340430907100,13.2049072265625,0.011826046872138977,0.03187391471252776,0.007319730162527412
1760555340440913400,13.214913330078126,-0.009522446104884147,0.01137943561580032,-0.04035749188950285
1760555340450919400,13.22491943359375,-0.02499415600299835,-0.06032952714785933,-0.025372232067771255
1760555340460925400,13.234925537109374,0.05197451738715172,-0.0389651607482694,-0.009463573790807277
1760555340470931200,13.24493115234375,0.09538403552472591,-0.03874426627289503,0.020023107858467847
1760555340480937200,13.254937255859375,0.048723406636714935,-0.006296259733149782,0.016946422093175352
1760555340490943500,13.264943603515626,0.007354454416036605,-0.013218314081290736,-0.0031906675337813792
1760555340500949500,13.274949462890625,-0.0010720131456851958,-0.03421212100228294,0.01645472958609462
1760555340510955300,13.284955322265626,0.013515315133333206,-0.030948881422635167,0.04215201062345877
1760555340520961300,13.294961181640625,0.07188859364688396,0.015758687313064002,0.04919422075254842
1760555340530967300,13.30496728515625,0.006045709905028343,0.06322561391554772,0.07531104237623512
1760555340540973300,13.314973388671875,-0.018609423401951788,0.06656538019697182,0.06225265896385535
1760555340550979300,13.324979248046875,-0.016754735445976256,0.06202124766104389,0.030465719281882044
1760555340560985300,13.3349853515625,-0.032734979388117785,0.06621058454308658,0.0660064220068045
1760555340570991400,13.344991455078125,0.03758592655062675,0.05656516507908236,0.034268636962492015
1760555340580997000,13.3549970703125,0.02395370703935623,0.056208122669183645,0.03792540590437129
1760555340591003400,13.36500341796875,-0.013286182552576064,0.024551714031700974,0.05577736200252548
1760555340601009400,13.375009521484374,0.025344284614920616,-0.026382998279202728,0.021720522893499582
1760555340611015400,13.385015380859375,0.03909516206979751,0.0406538262212649,0.02931439382229
1760555340621020400,13.3950205078125,0.035918285599350924,0.06178026937886606,0.05154540525488555
1760555340631026200,13.405026123046875,0.009695464584231376,0.07116413813012186,0.052631501724850385
1760555340641032200,13.4150322265625,-0.011560673934221267,0.08551169826993718,0.036904026967380196
1760555340651038500,13.42503857421875,-0.02218260571360588,0.09109346219133585,0.025860417443513868
1760555340661044500,13.43504443359375,-0.008133622094988822,0.04377005397907924,0.05680981032280251
1760555340671050200,13.44505029296875,0.07021218486726284,-0.02183924476918764,0.08286659058863297
1760555340681056300,13.45505615234375,0.06817395703792571,0.007689924314944073,0.0691297964580357
1760555340691062300,13.465062255859374,0.00886310541331768,0.03441248414628208,0.044903172495122996
1760555340701068300,13.475068359375,-0.007018354329466819,0.023981937619997187,0.027175390765909104
1760555340711074300,13.48507421875,-0.021854688933491705,0.011171711149252951,0.05644678569668904
1760555340721080300,13.495080322265625,0.08044365602433681,-0.07090705352993681,0.01663993169358
1760555340731086300,13.50508642578125,0.09471125082969666,-0.05806413036598824,0.045379302106890826
1760555340741092400,13.51509228515625,0.037632103779911996,0.00499389929715544,0.04276228800890967
1760555340751098400,13.525098388671875,-0.010861585754156113,0.0235319196970202,-0.009561645604111253
1760555340761104400,13.5351044921875,-0.032254502394795416,0.003954491513129324,0.004274498981423676
1760555340771110400,13.5451103515625,0.025032149925827977,0.010427331655891612,0.02127144568543881
1760555340781116200,13.5551162109375,0.056845338293910024,-0.007865235216077416,0.05589923481652513
1760555340791122400,13.565122314453125,0.05498889677226543,-0.0030039401894900947,0.05723004502886906
1760555340801128400,13.57512841796875,0.005877952122688293,0.011202572078397496,0.059974393567256624
1760555340811134500,13.585134521484376,0.012462591210007666,-0.0038286549100652336,0.045752701996546234
1760555340821140200,13.59514013671875,0.03982990608513355,-0.01965595504650846,0.06359757076678797
1760555340831146200,13.605146240234374,0.07705810523927212,-0.08336246608048677,0.027378530388884246
1760555340841151200,13.615151123046875,0.09495382741391659,-0.06448151399446651,0.04054154321951792
1760555340851157500,13.625157470703124,0.004686696511507034,0.011919323779316619,0.05966799449920654
1760555340861163300,13.635163330078125,-0.010436638340353965,0.03482606078269891,0.05888941134214401
1760555340871169300,13.645169189453124,-0.019289806881546974,0.032953060851898044,0.047754214544687416
1760555340881175300,13.65517529296875,0.05562836371958255,0.004352441322151571,0.04126392094362527
1760555340891181300,13.665181396484375,0.07113339136540889,-0.02127059630206786,0.012692783236689865
1760555340901187300,13.675187255859376,0.04074935901761055,-0.02703556217011064,-0.014482223936729132
1760555340911193300,13.685193359375,0.014440613284707068,-0.018036464085895567,-0.03928200814509764
1760555340921199400,13.695199462890624,-0.01947860745191574,0.03964285908043384,-0.06378697412535547
1760555340931205400,13.705205322265625,0.01886778207719326,0.019996895704977213,0.0064398237891495225
1760555340941211100,13.715211181640624,0.029046646264195442,0.011058094706945121,0.05932935539567843
1760555340951217400,13.725217529296875,0.034873744982481,0.038539656212041154,0.05500813119569793
1760555340961223400,13.735223388671875,0.011230419066548347,0.006848231060104445,0.041744836328364905
1760555340971229400,13.7452294921875,0.012577742022275924,0.020306107784621417,0.0540456245727837
1760555340981235200,13.755235107421875,0.01077975268959999,0.02030471954513341,0.036873102106153965
1760555340991241200,13.7652412109375,0.04533142611086368,-0.01881313841366209,0.036187677125260234
1760555341001247500,13.77524755859375,0.04843991352021694,-0.008482554263668134,0.027725608527194707
1760555341011253200,13.785253173828124,-0.02026069774031639,0.05392609897949732,0.034005492514278736
1760555341021259300,13.79525927734375,-0.004841594812273979,0.052133361210674044,0.02350536048365757
1760555341031265300,13.805265380859375,-0.010372925454378127,0.0038948611472267654,0.016506149246077982
1760555341041271300,13.815271240234376,0.05410509967505932,-0.0010447050136514007,0.02156626391354948
1760555341051276500,13.825276611328125,0.05273264227807521,-0.010024449943425133,0.030985121779795736
1760555341061282300,13.8352822265625,0.0409083489716053,0.007013659888040274,0.014221746369637548
1760555341071288300,13.845288330078125,0.0038444004684686658,-0.008420576677052304,0.003978456910606473
1760555341081294300,13.85529443359375,0.011984452304244041,-0.061765660898201166,0.00189841749984771
1760555341091300400,13.86530029296875,0.07007306865751743,-0.036959017690783365,0.008801383555028587
1760555341101306400,13.875306396484374,0.04838613750636577,0.004568979282816871,0.04289258159138262
1760555341111312400,13.8853125,0.02057224790751934,0.028669574846420437,0.0523271119507961
1760555341121318400,13.895318359375,-0.008570259946584701,0.03490925468727946,0.03282638399861753
1760555341131324400,13.905324462890626,-0.006887421426177025,0.02899096142104827,0.007308204121515154
1760555341141330200,13.915330078125,0.017069792744517327,0.044256344225257635,0.03093346465779468
1760555341151336400,13.92533642578125,0.044160044243931766,0.03008148747095838,0.026842669946514068
1760555341161342500,13.935342529296875,0.03026186727285385,0.02610046414393,0.011056688201148062
1760555341171348200,13.94534814453125,0.003967734587192536,0.028343475564057006,0.01062036087680608
1760555341181354200,13.955354248046875,0.005645896932482719,0.012363021559361368,0.017945388268958775
1760555341191360300,13.9653603515625,0.019411387434601784,0.017180906702484934,0.06127071698810905
1760555341201366500,13.975366455078126,0.013994038560986518,0.07000077973944134,0.060272919856104994
1760555341211372300,13.985372314453125,-0.011924246549606322,0.1050824135852512,0.044325062079913914
1760555341221378300,13.99537841796875,-0.0011474164694547653,0.08064243913260288,0.015952333021908998
1760555341231384300,14.00538427734375,-0.003988777375221252,0.030566832435643298,0.010166516162082553
1760555341241390300,14.015390380859374,0.028907530054450032,0.026527201656019312,0.03796283357162028
1760555341251395300,14.025395263671875,0.08363982171714306,-0.02362815574626438,0.06395341673344374
1760555341261401300,14.0354013671875,0.06175473764538764,-0.07409714567498303,0.027495398234203456
1760555341271407400,14.045407470703125,0.04077449345886707,-0.008537563253380358,0.02236125021614134
1760555341281413400,14.055413330078125,-0.004422492617368698,0.035304829876124856,0.02563428053744137
1760555341291419400,14.06541943359375,0.007994505885243416,0.008256453890213742,0.023163908368535338
1760555341301425200,14.075425048828125,0.04673837029933929,0.013964401474548502,0.029400756931491193
1760555341311431200,14.08543115234375,0.03354395768344402,-0.01842558213449083,0.06640904799094423
1760555341321437200,14.095437255859375,0.05520984604656696,-0.01743842512750998,0.07198971593379974
1760555341331443000,14.10544287109375,0.04083119208216667,-0.04378932036855258,0.05462375325430184
1760555341341449200,14.11544921875,0.020030980637669563,-0.07115553926513529,0.03066982701923698
1760555341351455200,14.125455322265625,0.06027881987392902,-0.028102552080806344,0.02289373139133677
1760555341361461200,14.135461181640625,0.03439619059860706,-0.019067779895011336,0.020465134271234274
1760555341371467000,14.145467041015625,0.05011515325605869,-0.023118735786248,0.002207099856529385
1760555341381473000,14.15547314453125,0.008531681501865387,0.013773226284002885,0.03139041464505717
1760555341391479300,14.165479248046875,-0.009109773650765419,0.040965531652094794,0.028946163298096506
1760555341401485300,14.1754853515625,0.016942951494455336,0.011823252126853912,0.02122952450616285
1760555341411491000,14.185490966796875,0.02145370691716671,0.00811291723367758,-0.014046937792003155
1760555341421497000,14.1954970703125,0.022525135540962218,0.01590464882212691,0.004257602645549923
1760555341431503000,14.205503173828125,-0.005109305837750435,0.008850675190007314,-0.0012536350565962493
1760555341441508000,14.215508056640624,0.02143500221669674,-0.01692455732123926,-0.015485464428830892
1760555341451514400,14.225514404296876,0.028667876079678533,-0.04724286748906597,0.01996494793044403
1760555341461520100,14.23552001953125,0.047536827200651166,-0.015912019277829675,0.05685551262805238
1760555341471526100,14.245526123046876,0.02404313888847828,0.05196173097081482,0.09292498846743255
1760555341481532200,14.2555322265625,-0.0027279636591672897,0.042034001133823766,0.06471482955999672
1760555341491538000,14.265537841796874,-0.0209790751427412,0.020065321298688647,0.05130911228097975
1760555341501544200,14.275544189453125,0.01715980911552906,0.051573992028553034,0.0449301700999029
1760555341511550200,14.28555029296875,0.03148293350040912,0.06383751700250431,0.037374950681068
1760555341521556200,14.29555615234375,0.02037000333368778,0.03905295776273124,0.05390592384114861
1760555341531562000,14.30556201171875,0.008986439532041549,-0.001596950335241854,-0.007843242579977958
1760555341541568300,14.315568359375,0.011684592574834823,-0.028744046588428315,0.008112579306960105
1760555341551574300,14.32557421875,0.04161620498001575,-0.03005105580007657,0.013725889144092798
1760555341561580300,14.335580322265624,0.030515549772977827,-0.013483166429400444,0.06680301574459299
1760555341571586000,14.3455859375,0.047107788133621216,0.002418788112141192,0.09100324489092454
1760555341581592000,14.355592041015624,0.02720014161467552,-0.04312626248309388,0.05591775685390457
1760555341591598300,14.365598388671875,0.022412907338142395,-0.061126230483502145,0.035813948442041874
1760555341601604000,14.37560400390625,0.06206804137825966,-0.02345766715072095,0.015317049059364944
1760555341611610000,14.385610107421876,0.030798458367586132,-0.005268953378871083,0.01028957628617063
1760555341621616000,14.3956162109375,0.024846271964907643,-0.007563859383016824,0.008809073671139776
1760555341631621000,14.40562109375,0.004839256724715232,-0.01539769481383264,0.009317498117312788
1760555341641627100,14.415627197265625,0.02880757681131363,-0.008910177691746502,0.03414579603411257
1760555341651633200,14.425633056640624,0.05545008454322815,0.009196913078101351,0.07113414028408005
1760555341661639200,14.43563916015625,0.025824761608242985,0.010747677050903438,0.05599871313562616
1760555341671645200,14.445645263671874,0.015365911436080931,0.03251971093593165,0.012238317467458546
1760555341681651200,14.455651123046875,-0.024247137027978895,0.020994236179254947,-0.016526278718654065
1760555341691657000,14.465656982421875,0.019188684594631192,0.024532849501026792,-0.0005167356167919934
1760555341701663200,14.475663330078126,0.029678514426946637,0.05827125204433687,0.015236311973351985
1760555341711669200,14.485669189453125,0.02488251232206821,0.06313506782157347,0.053313492639642204
1760555341721675300,14.49567529296875,0.013651508733630179,0.0552504429184366,0.050902065850049256
1760555341731681000,14.505680908203125,-0.006999065107107162,0.044654778091469775,0.04140232476731762
1760555341741687000,14.51568701171875,0.006471241840720177,-0.013187106092274189,0.023701303180865944
1760555341751693300,14.525693359375,0.02935001312494278,-0.004839201925788074,0.026315394669398664
1760555341761699000,14.535698974609375,0.02992109101116657,0.05838031104253605,0.04229514542119577
1760555341771705000,14.545705078125,0.018401333609223365,0.02442788215605542,0.021055172586254774
1760555341781711000,14.555711181640625,0.011532032361626624,-0.04207934724604711,0.017368775691092013
1760555341791717000,14.565717041015626,0.041620296633243556,-0.04726911617517471,0.04274215853633359
1760555341801723100,14.57572314453125,0.06884615721106528,-0.023349201807565986,0.031938367384020235
1760555341811728100,14.58572802734375,0.03712064712643623,-0.0178638474653475,0.03534792009918019
1760555341821734100,14.595734130859375,0.035789106261730194,-0.020125910645816474,0.026647001243941485
1760555341831740200,14.605740234375,0.017419336834549902,-0.018665007780399173,0.014831347901653498
1760555341841746200,14.61574609375,0.04306406570076942,-0.05421837819064967,-0.025542127008270472
1760555341851752000,14.625751953125,0.05346329464018344,-0.10980326809468678,-0.03656111354753375
1760555341861758200,14.63575830078125,0.05278349568247795,-0.05423357575978152,-0.01153720172708854
1760555341871764200,14.64576416015625,0.018287936362624168,0.004276079017156735,0.020514343707822263
1760555341881770200,14.655770263671876,0.02210194169282913,0.015643139208573846,0.01599407153809443
1760555341891776000,14.66577587890625,0.003919803792238235,0.05483676581731997,0.027119952517934143
1760555341901782300,14.6757822265625,-0.01576981606185436,0.04830283400393091,0.04599794546188787
1760555341911788300,14.685788330078125,0.022117723783850667,0.04853441427010111,0.0685043032371439
1760555341921794300,14.695794189453125,0.003423544707894325,0.06408840475734323,0.054189818816445766
1760555341931800000,14.705800048828126,0.009556932896375655,0.07547211468946188,0.04007555140927434
1760555341941806000,14.71580615234375,-0.022615736433863637,0.08532034954945557,0.022477058615535495
1760555341951812400,14.725812255859376,-0.027110125243663786,0.10976536550340242,0.014583857680298387
1760555341961818000,14.735818115234375,-0.019487959802150723,0.10960595542429946,0.002542798084300011
1760555341971824000,14.74582421875,-0.0004921674311161041,0.04425209730840288,0.014966372458171099
1760555341981829000,14.7558291015625,0.05785363855361938,-0.058433648664969945,0.028952702636737375
1760555341991835100,14.765835205078124,0.0802870041579008,-0.09888675554920918,0.03297417670516297
1760555342001841200,14.775841064453125,0.06248188287615776,-0.10047525771651417,0.02880529352268204
1760555342011847200,14.78584716796875,0.05740180313289165,-0.01937939399429597,0.02849757928038016
1760555342021853200,14.795853271484376,-0.025766893941164014,0.010102310085762291,0.028778149787429718
1760555342031859200,14.805859130859375,0.02424479894042015,-0.01569085994097404,0.00441933254590258
1760555342041865200,14.815865234375,0.018430559703707695,-0.0067242119547910985,0.017718283248506484
1760555342051871000,14.82587109375,0.022934885385632514,-0.024372845766879616,0.0387939506335184
1760555342061877200,14.835877197265624,0.024904724153876304,-0.0202844074094668,0.03189648273736238
1760555342071883300,14.84588330078125,0.02808160062432289,-0.05502335616429336,0.043404257440567015
1760555342081889300,14.85588916015625,0.040683308044075966,-0.016555294750584287,0.04829084217203781
1760555342091895000,14.86589501953125,0.033683658415079115,-0.05932172007849439,0.03639348362935707
1760555342101901000,14.875901123046875,0.05809387705028057,-0.033842648369073865,0.0226424783103168
1760555342111907300,14.8859072265625,-0.0029430677145719526,0.06336909577315673,0.043375433204881846
1760555342121913000,14.8959130859375,-0.025076573589444158,0.08368330466584302,0.07343132957685738
1760555342131919000,14.905919189453124,-0.013111410507559776,0.10806231531202792,0.08122687882389873
1760555342141925000,14.915925048828125,0.009898878201842307,0.10720446550683117,0.06835072011062875
1760555342151930000,14.92593017578125,0.042757191708683966,0.055336349369911476,0.081049878289178
1760555342161936100,14.93593603515625,0.029365795215964316,0.04359070165706798,0.09455752157270908
1760555342171942100,14.945942138671874,0.015983166551589965,0.013394200371159239,0.08273258894542232
1760555342181948200,14.9559482421875,0.036734278157353396,-0.07280547102978453,0.06198516713408753
1760555342191954200,14.9659541015625,0.06195639769732952,-0.10985233140080235,0.06603367533991113
1760555342201960200,14.975960205078126,0.09374445162415504,-0.10339494455549865,0.04913849024362862
1760555342211966200,14.98596630859375,0.05191548067629337,-0.02000654031615704,0.010105415358301251
1760555342221972200,14.99597216796875,-0.028920974057912826,0.04229209494758397,-0.011391838439647108
1760555342231978200,15.005978271484375,-0.023665537747740745,0.014556047224765643,-0.0454824336878024
1760555342241984300,15.015984375,-0.005392798954248428,-0.0205033017239999,-0.04068206593506038
1760555342251990000,15.025989990234375,0.03948094651699066,-0.0030683015294373033,0.02730113603742793
1760555342261996300,15.035996337890625,0.033142391145229336,0.034231775550823657,0.056536381942592556
1760555342272002300,15.046002197265626,-0.006557751080393791,0.06790050125825219,0.06750425934912636
1760555342282008000,15.056008056640625,-0.008826280534267424,0.055729129813471806,0.04457638822617009
1760555342292014800,15.066014892578124,-0.0247217688024044,0.03432333542495034,0.012767693370115012
1760555342302020900,15.076020751953125,0.06649053399562835,0.04383261152100749,0.00593450461551547
1760555342312025900,15.08602587890625,0.03244797914028168,0.06553503250223584,0.008305161003302782
1760555342322031600,15.096031494140625,-0.003041267392039299,0.05788561372761614,-0.03228557338649407
1760555342332038000,15.106037841796875,-0.03431318849027157,0.04205640476187691,-0.007559457202535122
1760555342342044000,15.1160439453125,0.009832827228307724,-0.01758815406281501,0.0008950308772735298
1760555342352050000,15.1260498046875,0.10226385816633701,-0.012048530516400932,0.0017963088322430847
1760555342362055700,15.1360556640625,0.044750995874404904,0.0239536613735836,0.028881354433577505
1760555342372061700,15.146061767578125,0.023479075264930725,0.03493825245290063,0.02134577129697427
1760555342382068000,15.15606787109375,-0.03323708369135856,0.03375825802125036,0.020645915931928903
1760555342392074000,15.166073974609375,0.0017488894939422606,0.03369937657401897,0.015278306217864156
1760555342402079700,15.176079833984375,0.06812251911163329,0.022877191248489543,0.024596023530885577
1760555342412085800,15.186085693359376,0.02961655510663986,0.007698984404234215,0.025184344812855124
1760555342422091800,15.196091796875,0.014796002593636512,-0.031517895215936,0.006422050670441239
1760555342432097800,15.206097900390626,0.02304477550089359,-0.05750432279244996,0.011695387963484972
1760555342442103800,15.216103759765625,0.04997837513387203,-0.08165326927611603,0.02249537972351536
1760555342452109800,15.22610986328125,0.08974456833302974,-0.048903183650411665,0.04305347124151885
1760555342462115800,15.23611572265625,0.061276598739624016,0.01879387659076601,0.03367039707470685
1760555342472120800,15.246120849609374,-0.004551087433099747,0.016620752069074658,0.0422190479776822
1760555342482126600,15.256126708984375,-0.020987258449196813,0.00005815992802381515,0.00846305497875437
1760555342492132900,15.2661328125,0.008489011403918266,-0.0027597287706099447,-0.006448792546894401
1760555342502139000,15.276138916015626,0.05858312187194824,0.015207067612558602,0.027636158411763607
1760555342512145000,15.286144775390625,0.02039572229683399,0.041376578404707834,0.027288861077744513
1760555342522150700,15.296150634765626,-0.016098901885747908,0.044947705756593494,0.010105963347572832
1760555342532157000,15.306156982421875,-0.006487023931741714,0.0327262846250087,0.006598338819108903
1760555342542163000,15.316162841796874,0.026280104160308838,0.03011654965118505,0.033818390710651874
1760555342552169000,15.3261689453125,0.0802478411912918,0.030063257694523778,0.0515551959965378
1760555342562174700,15.3361748046875,0.042934301841259,0.03664504723763093,0.06410254288055002
1760555342572180700,15.3461806640625,-0.004800678279995918,0.033866065777279436,0.03272475025504827
1760555342582187000,15.35618701171875,-0.0007522796720266342,-0.040860052850469945,0.009048873776383698
1760555342592192800,15.36619287109375,0.02195639574229717,-0.011415456777252257,0.03116162912417203
1760555342602198800,15.37619873046875,0.07591594946682453,0.01042918568626046,0.04342115377644077
1760555342612204800,15.386204833984374,0.01376607502400875,0.01366588431885466,0.04860283073065802
1760555342622209800,15.396209716796875,-0.032329321196675295,0.01770635534869507,0.02066330545814708
1760555342632215800,15.4062158203125,-0.004051905739307403,-0.004201981734484434,0.009497877919208258
1760555342642221800,15.416221923828125,0.0400631303191185,-0.006441193762328475,0.03401851639263332
1760555342652227800,15.426227783203124,0.06754150435328483,-0.017543894795980303,0.04007704924661666
1760555342662233900,15.43623388671875,0.039360535007715226,0.029761589600518345,0.048708647459000345
1760555342672239900,15.446239990234375,-0.015574001228809356,0.03433899878496304,0.043382538799103344
1760555342682245600,15.45624560546875,-0.013200842356681824,0.013077855297829954,0.04788076353380456
1760555342692252000,15.466251953125,0.04406359813213348,-0.018694873195700346,0.06806790284756571
1760555342702258000,15.4762578125,0.09217208774089812,-0.010339899967610835,0.06020215617483481
1760555342712264000,15.486263916015625,0.062197805237770076,-0.04982992484020069,0.02015268905488774
1760555342722269700,15.496269775390624,0.032570728737115855,-0.03757920454889536,-0.006236574568320065
1760555342732275700,15.506275634765625,-0.01753974834382534,-0.0034847368432208894,-0.020467454092483968
1760555342742282000,15.516281982421875,0.03513210365772247,-0.004721183302998542,0.02640630608955398
1760555342752287700,15.526287841796876,0.051421559679508205,-0.030068408793676643,0.040551808885205536
1760555342762293800,15.536293701171875,0.05289806197285652,-0.03107791462978348,0.03703313323976472
1760555342772299800,15.5462998046875,0.054255906322598454,-0.006302077552583068,0.02485266517307609
1760555342782304800,15.5563046875,-0.017386603608727454,-0.01263672393420711,0.03911722777113318
1760555342792310800,15.566310791015624,0.019897125124931334,-0.03417140539940446,0.011836422135680914
1760555342802316800,15.57631689453125,0.050123921084403986,0.009034589522704481,0.005376998596917837
1760555342812322800,15.58632275390625,0.028733927053213117,0.043237321642134334,-0.0014968326953239738
1760555342822328800,15.596328857421875,-0.000405073669552803,0.0528385503379628,-0.015507055206131189
1760555342832334800,15.6063349609375,-0.023107319343090058,0.05153780647031963,0.011783358507882803
1760555342842340900,15.6163408203125,0.01071311719417572,0.050839942132961,0.06791187203563749
1760555342852347000,15.626346923828125,0.04749474162459373,0.03399820425696671,0.06317755525643005
1760555342862353000,15.636352783203124,0.041029345002770425,0.013426431273482739,0.05757449281867593
1760555342872359000,15.64635888671875,0.005413841742277145,0.042573779699485746,0.030214393135625867
1760555342882364700,15.65636474609375,-0.018950784185528754,-0.002783182711433619,0.005402827157918363
1760555342892371000,15.666370849609375,0.06845102041363715,-0.03535891641722992,-0.0019048289743252098
1760555342902377000,15.676376953125,0.07099076802432537,-0.029639113998319953,0.008327482432965189
1760555342912382700,15.6863828125,0.04644552483260631,0.0109209147259593,0.01599169691791758
1760555342922388700,15.696388671875,0.013722235882282257,-0.0061981239877641195,0.010271693569608033
1760555342932393700,15.706393798828126,-0.007762450695037841,-0.025566238536220042,-0.032111751189548524
1760555342942399700,15.716399658203125,0.022798107263445853,-0.0021686127433553338,0.011759484441950916
1760555342952406000,15.726406005859374,0.04600771793723106,0.02032293105525896,0.02612242938056588
1760555342962411800,15.736411865234375,0.030313889721035957,0.021162779412884265,0.029805008617136627
1760555342972417800,15.746417724609374,0.002539163088798523,0.02201660149693489,0.011829206943605095
1760555342982423800,15.756423828125,-0.014586743757128715,-0.038330899699032306,0.0069250500228255985
1760555342992429800,15.766429931640625,0.06914718598425387,-0.08031796555174514,-0.00838535010004416
1760555343002435800,15.776435791015626,0.09165186325907707,-0.09027114949040115,0.015115425540041177
1760555343012441900,15.78644189453125,0.05324994415044784,-0.0028520101639442144,0.01988156222961843
1760555343022447900,15.79644775390625,-0.0009802432090044021,0.06208042593579739,-0.006811634509917348
1760555343032454000,15.806453857421875,-0.05548749394416809,0.09443563049240038,-0.01395894898129627
1760555343042459600,15.816459716796874,-0.019500234761834143,0.09041125208083539,0.01301969536980614
1760555343052466000,15.8264658203125,0.034092823737859726,0.09489595974683761,0.04362011041464284
1760555343062472000,15.836471923828125,0.018683657681941985,0.09809981555575505,0.04738565522693097
1760555343072477000,15.846476806640625,-0.032309447452425956,0.07356814423166215,0.020438027068600057
1760555343082482700,15.856482666015625,-0.04317512485980987,0.014961056962236761,-0.033009996937215326
1760555343092488700,15.86648876953125,0.00011690437793731689,0.007839370122458784,-0.018451237165555356
1760555343102494700,15.87649462890625,0.06150339323282242,0.012211776520404964,-0.02446677112802863
1760555343112501000,15.8865009765625,0.03294131561517715,0.012826383021101355,0.030855047393031416
1760555343122506800,15.8965068359375,-0.017164485290646552,0.04648231317903846,0.0986531751221977
1760555343132512800,15.9065126953125,0.02249357135891914,0.013822718848381191,0.06998904363587498
1760555343142518800,15.916518798828125,0.035333763709664345,0.038198523757327345,0.06397431339100003
1760555343152524800,15.92652490234375,0.02316810961961746,0.0482979112336412,0.08592535710474476
1760555343162530800,15.93653076171875,0.0018576105654239655,0.05038560422789305,0.05863898024503141
1760555343172536800,15.946536865234375,-0.001346153911948204,0.05051549595156684,0.041117224215622986
1760555343182542800,15.95654296875,-0.008034253373742103,0.09247176480721682,0.042756369724776595
1760555343192548900,15.966548828125,0.0015548282265663146,0.149773249370791,0.054778377560432995
1760555343202555000,15.976554931640624,-0.00007715688943862914,0.12751741402419284,0.05874750038711354
1760555343212560000,15.986559814453125,-0.006430909830331802,-0.04985266639497131,0.04346417093425989
1760555343222566000,15.99656591796875,0.11669979527592658,-0.27846281244689597,0.043448498441092664
1760555343232572000,16.006572021484374,0.18743863436579702,-0.31906408649701623,0.07487221256755291
1760555343242577700,16.01657763671875,0.17734277228713036,-0.08093182313377037,0.055658758857846255
1760555343252583700,16.026583740234376,-0.03877250598669052,0.0980147858871147,0.05629232578733936
1760555343262590000,16.03658984375,-0.12268705299198626,0.0700816172901541,-0.011976579525042325
1760555343272596000,16.046595947265626,-0.010156067833304404,0.0011263371488079428,-0.01990945488354191
1760555343282601700,16.056601806640625,0.1017284361153841,0.008693831527326255,0.026292178190592676
1760555343292607700,16.066607666015624,0.08862170178294182,0.06393082130914554,0.02569744543414563
1760555343302613800,16.07661376953125,-0.04641045351922512,0.12379963561007752,0.029489275465160607
1760555343312619800,16.086619873046875,-0.07858078476190566,0.06113799398653209,-0.03780221791611984
1760555343322625500,16.09662548828125,-0.010526070189476013,-0.019711959550064054,-0.002216105146892369
1760555343332631600,16.106631591796877,0.11872574814558029,-0.04577370825195685,0.04917964423792436
1760555343342637800,16.116637939453124,0.14531272629797456,-0.09373836894324049,0.051252450190298254
1760555343352642800,16.126642822265627,0.019583236870169638,-0.0017705716027878223,0.04744787027556449
1760555343362648800,16.13664892578125,-0.0670721332758665,0.08786198772313072,0.026463790164142846
1760555343372654600,16.146654541015625,-0.0638262832224369,0.09931282634101808,0.009846618291642517
1760555343382660600,16.15666064453125,0.04325637340247631,0.08266114941071719,0.0005944587618112564
1760555343392667000,16.1666669921875,0.0662228229701519,-0.0006132547938264906,0.018231365603487936
1760555343402672600,16.176672607421875,0.023640987828373906,0.031150833735521882,0.02778064491637051
1760555343412678700,16.1866787109375,-0.0424421344101429,0.12099027727777138,0.020401147390622643
1760555343422684700,16.1966845703125,-0.04866904610097408,0.07211566213471815,0.013127904984634368
1760555343432690700,16.206690673828124,0.0026899697363376614,0.06804744458142667,0.009437708697188645
1760555343442696700,16.21669677734375,0.03878770355582237,0.01792732288930565,0.023090149012580514
1760555343452702700,16.22670263671875,0.08685644567608833,-0.022113759994786233,0.024124478762689975
1760555343462708700,16.236708740234373,-0.004990063372254372,-0.0046588403902016575,0.03840761819705367
1760555343472714800,16.24671484375,-0.011859364619851112,0.09703885352704673,0.020572668032627552
1760555343482720500,16.256720458984375,-0.029649872854351996,0.07143898671586066,0.009010861587245017
1760555343492725500,16.2667255859375,0.03159399265944957,-0.018457648640032857,0.024426165123004464
1760555343502731800,16.276731689453126,0.11622516350150108,-0.1547199302590452,0.02810198582522571
1760555343512737800,16.28673779296875,0.12573065847158432,-0.11694595205672084,0.01771979935215786
1760555343522743800,16.296743896484376,0.024954993036389348,-0.012404577412456274,0.05297790400972589
1760555343532749600,16.30674951171875,0.028800562548637387,0.0248243523940444,0.02075540418839082
1760555343542755600,16.316755615234374,-0.011939444118738174,0.003352908890787512,-0.023345767741464078
1760555343552761900,16.326761962890625,0.02094692643880844,0.024846710356324908,0.008648110955767334
1760555343562768000,16.336767822265625,0.07583762353360653,-0.03716532651837915,-0.0006987045875750482
1760555343572773600,16.346773681640624,0.058467386537790295,-0.03493102812767029,0.010082016216404735
1760555343582779600,16.356779541015626,0.019119711011648177,0.007652706710249185,0.02541188822472468
1760555343592785700,16.36678564453125,0.022602292430400846,-0.0823635547036305,0.011049820068944245
1760555343602791700,16.376791748046877,0.07533551923036574,-0.10432473621889948,0.004242204147018492
1760555343612797700,16.386797607421876,0.08439794660806656,-0.09432327442541719,0.03458128310823813
1760555343622802700,16.396802734375,0.06564648438692093,-0.09871495177941396,0.017249697622377425
1760555343632808700,16.40680859375,0.018629297146201134,-0.0013870887105353175,-0.03728745506070554
1760555343642814700,16.416814697265625,-0.01145429095029831,-0.00037740021133795377,-0.041696074416348705
1760555343652820500,16.426820556640624,0.03583762157857418,-0.05475116075994447,-0.01416346771060489
1760555343662826800,16.43682666015625,0.07369359724223613,-0.050388819098286325,0.032497718299832196
1760555343672832800,16.446832763671875,0.07426292156279087,-0.028379432793427257,0.07752485510134138
1760555343682838800,16.4568388671875,0.006584054565429687,0.028816691699530928,0.111942380748922
1760555343692844500,16.466844482421877,-0.024119126734137533,0.006240848884638398,0.07334408055166713
1760555343702850800,16.476850830078124,0.021646014618873596,-0.0630819493948482,0.10563018366112373
1760555343712856800,16.48685693359375,0.0750631320297718,-0.1143374683250673,0.14245120852016843
1760555343722862800,16.49686279296875,0.1669482195228338,-0.17568775335540995,0.1461799558528699
1760555343732868600,16.50686865234375,0.12760346660614014,-0.1411035841703415,0.10792997590294107
1760555343742874600,16.51687451171875,-0.006917816564440727,0.0019528876334428786,0.0428213521192316
1760555343752879600,16.526879638671875,-0.06318214010000228,0.06972005396876484,0.0290517608307302
1760555343762886000,16.536885986328127,-0.039976621079444885,0.02272571788066998,0.041077357996115456
1760555343772891600,16.5468916015625,0.07749591213464736,-0.09321871071700007,0.06871566269919276
1760555343782897700,16.556897705078125,0.13764204553961754,-0.10988368552029132,0.10196077443337999
1760555343792903700,16.566903564453124,0.07446925778985022,-0.0663480385187082,0.07978447972955181
1760555343802909700,16.57690966796875,-0.007427519652247428,0.038355869743507354,0.03541652835598215
1760555343812915700,16.586915771484374,-0.1090957500129938,0.15903098012488334,-0.0003391505601815879
1760555343822921700,16.596921630859374,-0.05351590161025524,0.14710043169865383,0.018186339151673017
1760555343832927700,16.606927734375,-0.006204115337133408,0.09020498891901224,0.05313824567059055
1760555343842933800,16.616933837890624,0.03704758189022541,0.059906607294362035,0.07189272183272988
1760555343852939500,16.626939453125,0.06023673429787159,-0.026714038598164916,0.06107576067158952
1760555343862945800,16.63694580078125,-0.014025602743029594,0.06123367291335016,0.045078967453446236
1760555343872951800,16.646951904296873,-0.06272913563549518,0.17069809184195472,0.051818961499258874
1760555343882956800,16.656956787109376,-0.04682371049523353,0.22108137624859808,0.04860432856800034
1760555343892962800,16.666962890625,-0.0380979677259922,0.13675503357201813,-0.010422189689893275
1760555343902968600,16.676968505859374,0.01015022261440754,0.0576809488678351,-0.11185189858702942
1760555343912974600,16.686974609375,-0.011767594683170318,0.07275328418482095,-0.09362725498527288
1760555343922980900,16.69698095703125,-0.028427053061127663,0.05146802916973829,-0.04291099403090775
1760555343932986600,16.706986572265624,0.01654898374080658,0.057410443097073584,-0.03889969429662451
1760555343942992600,16.71699267578125,0.028752047231793403,0.04010072238314897,0.025060133911296724
1760555343952998700,16.72699853515625,0.06145370887219905,-0.04445000363383442,0.07980539465341717
1760555343963004700,16.737004638671873,0.050608489730954165,-0.05229284435501322,0.08336728838607668
1760555343973010700,16.7470107421875,0.06880524067878722,-0.07387448850078508,0.08159447002727538
1760555343983016700,16.7570166015625,0.0819207428395748,-0.07848063058936967,0.04300333022316918
1760555343993022700,16.767022705078126,0.024426585248112677,-0.07166304126270115,0.04085749556720256
1760555344003027700,16.77702783203125,0.03339899625480175,-0.055224038968700914,0.00037316242763772603
1760555344013033700,16.78703369140625,0.029216742134094236,-0.01777589518725872,0.007829287119861692
1760555344023039700,16.797039794921876,0.0349216757774353,-0.02416696619754657,0.012795732154510915
1760555344033045800,16.807045654296875,0.0491606290102005,-0.010397968564089387,0.010365874659083783
1760555344043051800,16.8170517578125,0.04710895717740059,-0.04969957645880058,0.024556440439168364
1760555344053057800,16.827057861328125,0.07993746006786823,-0.08621502423370256,-0.012584646687097847
1760555344063063600,16.8370634765625,0.03226911544203758,-0.06582887348281219,-0.04179926992934197
1760555344073069800,16.84706982421875,0.014239537754654884,0.014283249032218009,-0.0034314722860231996
1760555344083075800,16.857075927734375,-0.00289221431016922,0.07687531428458169,0.0038844036852940917
1760555344093081600,16.86708154296875,-0.018376783689856527,0.041374797439575194,-0.012552150923293082
1760555344103087600,16.877087646484377,0.0027817396730184553,0.053929432580899446,-0.0191363881518133
1760555344113093600,16.88709375,-0.0008878887504339218,0.044566414821427314,0.020528609695192424
1760555344123100000,16.897099853515623,0.02252279745340347,-0.01757507538553327,0.057138001097552474
1760555344133105000,16.90710498046875,0.017604045751690865,-0.002183298855833709,0.10684168747588992
1760555344143110700,16.917110595703125,0.01922550947368145,0.10062431079838424,0.12876617197627202
1760555344153116700,16.92711669921875,0.019660393759608267,0.06404394456110894,0.08341269843038171
1760555344163122700,16.937122802734375,0.029555764830112456,0.0020634718684479593,0.0016979447579942642
1760555344173128700,16.947128662109375,0.017903320959210395,0.00562240645904094,-0.02114195582056418
1760555344183134700,16.957134765625,0.03182429428398609,0.04525304537871852,0.007885218558181077
1760555344193140700,16.967140625,0.03826864811778068,0.03343989452077076,0.002313994297105819
1760555344203146800,16.977146728515624,0.03320785759687424,0.0005272935434244573,-0.010946798085886984
1760555344213152800,16.98715283203125,0.03415419853627682,-0.04308298959694803,0.027384412140399217
1760555344223158500,16.997158447265626,0.04333353029191494,-0.0639900041504763,0.028199929774366316
1760555344233164800,17.007164794921874,0.07614917370080948,-0.04448823501868173,0.046131709643080825
1760555344243170800,17.0171708984375,0.05240472549796104,-0.05548495492720976,0.03473839163240045
1760555344253175800,17.02717578125,0.03598725918233395,0.0032424890525639054,0.03656759808724746
1760555344263181600,17.037181640625,-0.030406828701496122,0.07211168007934465,0.05308547430373728
1760555344273187600,17.0471875,0.003004442512989044,0.05721386107904836,0.03040545872831717
1760555344283193600,17.057193603515625,0.01827916853427887,0.04547441477812826,0.04540167833548039
1760555344293199600,17.06719970703125,0.02845511011183262,0.05721552331317216,0.06038675549412146
1760555344303205400,17.077205322265623,0.018577859219908715,0.020134221816435455,0.07495967165529728
1760555344313211400,17.08721142578125,0.021568857729434964,0.002244271795451641,0.06632575362166389
1760555344323217400,17.097217529296874,0.03158990100622177,-0.04090937188491225,0.053917029757052655
1760555344333223400,17.107223388671876,0.07541326064169407,-0.05203653150638565,0.06523393979696557
1760555344343229400,17.1172294921875,0.03752630531787872,-0.0009041640317998825,0.07635196626391261
1760555344353235500,17.1272353515625,0.035112814435362814,-0.002162018605787307,0.0635896431886591
1760555344363241500,17.137241455078126,0.0011205284625291825,0.05081245133783668,0.04620775228766724
1760555344373246500,17.14724658203125,-0.01955050364434719,0.06398072486547753,0.03467718123076483
1760555344383252500,17.15725244140625,0.04296528150141239,-0.006862031256593764,0.026229908343032002
1760555344393258200,17.16725830078125,0.026456629770994184,0.013605167107563465,0.022688399811275302
1760555344403264500,17.177264404296874,0.014152443993091582,0.03632359673092141,0.010274543113820254
1760555344413270500,17.1872705078125,-0.003063479223847389,0.0063530770874582225,-0.025068956538569182
1760555344423276500,17.197276611328125,-0.009039046502113342,-0.013521799673046916,0.005039126678369939
1760555344433282300,17.2072822265625,0.0487204840272665,-0.06301843743827193,0.04568780180048197
1760555344443288600,17.21728857421875,0.07203413959741592,-0.055700113781541584,0.06875656096516176
1760555344453294600,17.227294677734374,0.04193418488800525,-0.035505923672486096,0.07412702022343874
1760555344463300400,17.23730029296875,0.011398176848888397,-0.004435954887140542,0.045881516007985915
1760555344473306400,17.247306396484376,-0.027356793481111526,0.06374994831690564,0.017056549670454113
1760555344483312400,17.2573125,0.0016828385204076767,0.005158469608565792,0.014211772964894771
1760555344493317400,17.2673173828125,0.029358780953288078,-0.04069740963466465,0.003102404728438705
1760555344503323600,17.27732373046875,0.054635845550894735,-0.010002776967734097,0.011039572669565676
1760555344513329400,17.287329345703125,0.02514671621620655,-0.004396883252076805,0.050130661352444435
1760555344523335400,17.29733544921875,-0.02123801833987236,0.05953210229300893,0.03805321526881307
1760555344533341400,17.307341552734375,-0.0002951835542917251,0.07218092765696346,0.05544286935115233
1760555344543347500,17.317347412109374,0.03544949904382229,0.028154537996370344,0.06194180291639641
1760555344553353500,17.327353515625,0.0813636934787035,-0.03710799770741723,0.062406516085006296
1760555344563359500,17.337359375,0.07401157715022563,-0.09316682526613584,0.05645917025422677
1760555344573365500,17.347365478515623,0.06695815150737762,-0.02320975680425763,0.06717579457974061
1760555344583371500,17.35737158203125,0.01590659418404102,-0.018943751656543464,0.08162932214494795
1760555344593377300,17.367377197265625,0.03129062579870224,-0.03051939483103342,0.04439058333048597
1760555344603382300,17.37738232421875,0.03933072439134121,0.04596755945677869,0.006115998662263155
1760555344613388500,17.387388427734376,-0.024443536382913588,0.06968540278049186,0.023551172386761753
1760555344623394600,17.39739453125,-0.0066571198016405105,0.07112591131185181,0.03756877448642626
1760555344633400300,17.407400390625,0.017851883032917976,0.018713733159797265,0.02692870426215231
1760555344643406300,17.41740625,0.049667409488558766,0.005461726871458813,0.04948934950791299
1760555344653412400,17.427412353515624,0.02894435493350029,0.019408674887707457,0.06742109284400939
1760555344663418600,17.437418701171875,0.03620645489096641,0.0313244367367588,0.022669640311878174
1760555344673424400,17.44742431640625,0.002806289592385292,0.051598688078392296,0.0006573131312616169
1760555344683430400,17.457430419921874,-0.005733575215935707,0.010315094319917261,-0.004242806935217231
1760555344693436400,17.4674365234375,0.03986205478906631,0.023472627257835117,0.019555271151009947
1760555344703442400,17.4774423828125,0.045191140857338906,-0.0029542466957122085,0.056423149092774835
1760555344713447700,17.48744775390625,0.07101239533424376,-0.0047616797101683915,0.03040405222252011
1760555344723453400,17.497453369140626,0.0022977555483579635,0.05409610351785086,0.00797731728842482
1760555344733459500,17.50745947265625,-0.031045126605033873,0.02346391422841698,-0.01628611328722909
1760555344743465500,17.517465576171876,0.030314474242925642,-0.03175871823448687,0.007945807905308902
1760555344753471500,17.527471435546875,0.06543488746285438,0.009186483015632256,0.04191467646993696
1760555344763477500,17.5374775390625,0.06193067873418331,0.04123071279376745,0.04776490033548325
1760555344773483500,17.5474833984375,-0.014703648135066031,0.0393890852487646,0.032481260355375706
1760555344783489500,17.557489501953125,-0.05389174918532371,0.03262667844174429,0.014910605416633188
1760555344793495300,17.567495361328124,0.0014747487276792525,0.02237958959043026,0.015123992438986896
1760555344803501300,17.577501220703127,0.052176177439093585,-0.02927961476985365,0.053855691491253674
1760555344813507600,17.587507568359374,0.0754769735276699,-0.08051862095668912,0.081528492118977
1760555344823513600,17.597513671875,0.05298340216875076,-0.05746821943260729,0.08824457556623964
1760555344833518600,17.6075185546875,0.010602642557024955,0.0020504114574752745,0.07806116306828334
1760555344843524400,17.6175244140625,-0.0027478374034166334,0.010020897146314382,0.06835992633039131
1760555344853530400,17.6275302734375,0.03132160545885563,-0.015424509755522012,0.047432800570596005
1760555344863536400,17.637536376953125,0.0677653762370348,0.003484901240002364,0.013253467593062668
1760555344873542700,17.647542724609377,0.0181862295538187,0.016854359895549714,0.02580108847171068
1760555344883548400,17.65754833984375,-0.007721534162759781,0.03835102917160839,0.028906854201015082
1760555344893554400,17.667554443359375,-0.006973346143960953,0.02321596734933555,0.02037478910665959
1760555344903560400,17.677560546875,0.05033434896469116,-0.05381048237634822,0.022132190700620412
1760555344913566500,17.68756640625,0.08651391584873198,-0.056111050936300304,0.04503768559498712
1760555344923572500,17.697572509765624,0.046535541203618046,-0.04144987196978182,0.06895067703146487
1760555344933578500,17.70757861328125,0.022889877200126647,-0.03958937532752752,0.04416862940918654
1760555344943583500,17.71758349609375,0.0002893383353948593,-0.0025769926148466763,0.05071801452003419
1760555344953589500,17.727589599609374,0.018231237739324568,0.006586684913933277,0.06903651041770353
1760555344963595300,17.73759521484375,0.04123334314227104,-0.012653346275445072,0.08253249979605898
1760555344973601300,17.747601318359376,0.026224574580788612,-0.008492098410148172,0.08390071940934285
1760555344983607600,17.757607666015623,0.018999884024262427,-0.01908597313882783,0.08724464127607644
1760555344993613600,17.767613525390626,0.02343172899186611,-0.05040051866923458,0.11913211872307583
1760555345003619300,17.777619384765625,0.03964110551476478,-0.007572517613507807,0.1263355290295556
1760555345013625300,17.787625244140624,0.03410919035077095,0.016591032784245906,0.1476669612739235
1760555345023631400,17.79763134765625,0.012996844217181206,0.047474045896437014,0.1382679406193085
1760555345033637600,17.8076376953125,-0.0031657705545425413,0.017264831259427592,0.08398677199129015
1760555345043643400,17.817643310546874,0.01942541595995426,-0.027950713386805725,0.05364179301224649
1760555345053648400,17.8276484375,0.03930149829685688,-0.04277784177106805,0.03256992501951754
1760555345063654400,17.837654296875,0.051686932617425914,0.03639210452302359,0.008565839499793946
1760555345073660400,17.847660400390627,-0.0018646248281002043,0.06596176088117063,-0.00180741474814713
1760555345083666700,17.857666748046874,-0.016599837145209313,0.025795371116977182,-0.05676514919716864
1760555345093672400,17.86767236328125,-0.003949029886722564,0.034319499500049276,-0.05278418980222195
1760555345103678500,17.877678466796876,0.03264320945143699,0.03066847531236708,-0.016691570549272
1760555345113684500,17.8876845703125,0.030175358033180236,0.026575479510845615,0.00285805631224066
1760555345123690200,17.897690185546875,-0.0048883565634489055,0.023880148612800984,0.04871555212382227
1760555345133696500,17.907696533203126,0.03679916008710861,-0.03273403867320157,0.05183627796024084
1760555345143702500,17.91770263671875,0.049722939068078995,-0.052717709570424626,0.06826258516944944
1760555345153708500,17.92770849609375,0.07175298456847667,-0.03638328189575113,0.11545282742213457
1760555345163713500,17.937713623046875,0.02972644522190094,-0.07187920476403087,0.12731230163984
1760555345173719300,17.94771923828125,0.03211363261938095,-0.0023951332419179377,0.11163184436187147
1760555345183725300,17.957725341796873,-0.005928221005201339,0.029143375503784045,0.12411544182728976
1760555345193731600,17.967731689453124,0.020934066957235334,-0.014169486459437757,0.10303184686414897
1760555345203737600,17.977737548828124,0.05899637884795665,-0.02429007198740728,0.04511478768549859
1760555345213743400,17.987743408203126,0.017465514063835143,0.005525887282006442,0.009680741939134895
1760555345223749400,17.997749267578126,-0.010984919872879981,0.05863391134426929,-0.026829700867086647
1760555345233755400,18.00775537109375,-0.04970832602083683,0.1280369078536518,-0.05340308888554573
1760555345243761700,18.01776171875,-0.025003508353233336,0.12410536795784718,-0.02733238969221711
1760555345253767400,18.027767333984375,0.020053776991367338,0.09065089692245237,-0.0018590718701481817
1760555345263773400,18.0377734375,0.0176589908093214,0.04506721308357082,-0.00541205164398998
1760555345273778400,18.0477783203125,0.007761866173148155,0.07742296562944538,0.03740874335281551
1760555345283784400,18.057784423828124,-0.007807458880543708,0.10938370924205519,0.05844144837893545
1760555345293791000,18.067791015625,-0.007978723794221878,0.04880567809268832,0.08030033856350928
1760555345303797200,18.07779736328125,0.03966857804358005,0.01687758550751023,0.07856982497647404
1760555345313803300,18.08780322265625,0.010336100575327873,0.1264605619150214,0.0700958650112152
1760555345323809000,18.09780908203125,-0.0686409900277853,0.18720179340261964,0.0904153802666813
1760555345333815000,18.10781494140625,-0.11473813981413841,0.22306727110249921,0.12482355356402694
1760555345343821000,18.117821044921875,-0.07127543018460274,0.20727272245818748,0.12093889415040611
1760555345353827300,18.127827392578126,0.12517594719827174,-0.1201270115119405,0.03188281953819096
1760555345363833000,18.1378330078125,0.15350012440681457,-0.2837553658970631,0.017586510095000268
1760555345373838000,18.147838134765625,0.08189911552965641,-0.041209067217539995,-0.04899893564246595
1760555345383844000,18.157843994140624,0.014982465076446532,0.032772699316311625,-0.10364771374017
1760555345393850000,18.16785009765625,-0.09981704953610897,0.06748977416604757,-0.12057470048051326
1760555345403856400,18.1778564453125,0.032220600125193594,-0.03614529928825795,-0.04174947597086429
1760555345413862100,18.187862060546873,0.14007774825394154,-0.1369663565014489,-0.012831680250726639
1760555345423868200,18.1978681640625,0.12803835089206694,-0.0713174244291149,0.015486286412738262
1760555345433874200,18.207874267578124,-0.038163434177637096,0.04022343544736504,0.09844521319363266
1760555345443880200,18.217880126953126,-0.08477788583636284,0.10013981521707027,0.15365385366380213
1760555345453886200,18.22788623046875,-0.06633622021675109,0.09345379811450838,0.26051574367750435
1760555345463892200,18.237892333984377,0.07308569447696209,0.05171285250997171,0.3371929233077913
1760555345473898200,18.247898193359376,0.025778584378957747,0.08428597413357347,0.4307089364709332
1760555345483903200,18.2579033203125,-0.041453123372793194,0.1649522781989537,0.37384288418255746
1760555345493909200,18.2679091796875,0.04532674993574619,-0.13430174040207637,0.1621306631732732
1760555345503915000,18.2779150390625,0.07880348760187625,-0.28815308939935635,0.02260974508449435
1760555345513921300,18.28792138671875,0.12326923679411411,-0.10517793724844232,-0.04875887980889529
1760555345523927300,18.29792724609375,0.11622457897961139,0.004313643681723624,-0.12104242759011685
1760555345533933000,18.30793310546875,-0.056311085286736486,-0.007248181029967963,-0.1515877879794687
1760555345543939000,18.31793896484375,0.026780454897880553,-0.06664185209982097,-0.12595887773688882
1760555345553945000,18.327945068359377,0.0323509485065937,-0.03696388566214591,-0.006320617856271565
1760555345563951400,18.337951416015624,0.08390051847994327,-0.009866839095763861,0.12333864876851439
1760555345573957000,18.34795703125,0.006506897675991058,0.03403985144160688,0.26871877774689346
1760555345583962000,18.357962158203126,-0.09025719403028487,0.07493793474752455,0.3607682254888117
1760555345593968000,18.367968017578125,-0.016880407652258872,0.12313581967279315,0.4083709209999069
1760555345603974100,18.37797412109375,-0.07754735006093978,0.16668556826496495,0.4345458477526903
1760555345613980200,18.387980224609375,0.02273380985558033,0.05961591725209728,0.36846586731933056
1760555345623986200,18.397986083984375,0.014339490997791289,-0.029736546490807085,0.23637539149224757
1760555345633992200,18.4079921875,0.08557575821578502,-0.21867365751974283,0.003481047048792243
1760555345643998200,18.417998291015625,0.13404255974292753,-0.17404771279711276,-0.11361330050267278
1760555345654004200,18.428004150390624,0.007312368839979171,-0.07196571400370448,-0.18082557290159165
1760555345664010000,18.438010009765627,0.1078852051794529,-0.07240549366045743,-0.27055706255733963
1760555345674016300,18.448016357421874,0.04331073393821716,-0.03798820547489449,-0.26179573701806363
1760555345684022300,18.458022216796873,0.08413724984526634,-0.08027321309456602,-0.2854370901726186
1760555345694027300,18.46802734375,0.08444061670601367,-0.0917070457787253,-0.23679025590345262
1760555345704033000,18.478032958984375,0.08380991758704184,-0.1551248943307437,-0.12052234923876821
1760555345714039000,18.4880390625,0.11768705274760723,-0.15484651578078046,-0.0587475917186588
1760555345724045300,18.49804541015625,0.07759411181211472,-0.0881173324573785,0.004673544768989086
1760555345734051300,18.50805126953125,0.05007949742078781,-0.1799560052591376,0.08420220484025775
1760555345744057000,18.51805712890625,-0.008140051835775375,-0.21311699150698257,0.2174717343840748
1760555345754063000,18.52806298828125,0.036059739896655084,-0.04337607252569869,0.33190804170742627
1760555345764069000,18.538069091796874,0.03228489753305912,0.1355558869153261,0.3290395005337894
1760555345774075400,18.548075439453125,-0.06253916602134704,0.18987545132497324,0.15636157825253902
1760555345784081200,18.5580810546875,-0.09422259052991866,0.18097342040706424,-0.11188486927486956
1760555345794086100,18.568086181640624,-0.010713701716065406,0.09133081461116671,-0.29616562413163483
1760555345804092200,18.578092041015626,0.12447861258387564,0.12474873476214707,-0.4242094549164176
1760555345814098200,18.58809814453125,0.06554477757811546,0.16454859276888892,-0.6166215668458491
1760555345824104200,18.598104248046877,0.04031038307845592,0.15990063909888266,-0.8268425994493067
1760555345834110200,18.608110107421876,0.0929530089855194,0.0750864946390502,-0.7370883134398609
1760555345844116200,18.6181162109375,0.06653554218113422,-0.0062538910293020306,-0.20921470510512588
1760555345854122200,18.628122314453126,0.18870120164752005,-0.006654946110863238,-0.2547312785245478
1760555345864128000,18.6381279296875,0.07347030988037585,0.037198644266091284,-0.12831241859309375
1760555345874134000,18.648134033203124,-0.09555413139462471,0.14131969287274404,-0.23078348976932464
1760555345884139000,18.658138916015623,-0.3826028945475817,0.1740285697052255,-0.4786082768410444
1760555345894145300,18.668145263671875,0.22469898222386836,0.11637693826342001,-0.7372866855561733
1760555345904151300,18.6781513671875,0.36543022595047947,0.1256389433338307,-1.0959687524206936
1760555345914157000,18.688156982421877,0.17030922038853166,0.10518327101068571,-0.7957241153471172
1760555345924163000,18.6981630859375,-0.2567132461220026,0.022355057937372476,0.30071926884800193
1760555345934169000,18.708169189453123,-0.6902876184940338,0.14838612412763758,0.7642810024004429
1760555345944175400,18.71817529296875,-0.05429506928920746,0.037844303492177274,1.1605645587109028
1760555345954181000,18.72818115234375,0.39105449655055996,-0.16233411332350223,0.8479446433845907
1760555345964187100,18.738187255859376,0.7247521981537342,-0.34552440606243906,0.4942905242173001
1760555345974193200,18.748193115234375,-0.23090485112667083,-0.18235186915341764,0.29496359139811246
1760555345984198100,18.7581982421875,-0.34155426032245156,0.14718211863273753,0.04130768702011555
1760555345994204200,18.7682041015625,-0.0604319646090269,0.010846497782878576,-0.09196865585697814
1760555346004210200,18.778210205078125,0.11445347765386103,-0.11615801654942333,0.025749614012800154
1760555346014216200,18.78821630859375,0.3936410059124231,-0.06808739299932494,-0.18971331956582144
1760555346024222200,18.79822216796875,-0.061953475087881085,-0.03987938951635733,-0.2756069663580507
1760555346034228000,18.80822802734375,-0.3180202399998903,0.004564768898580223,-0.2730437830728479
1760555346044234200,18.818234130859373,-0.054526539957523344,0.099347806322854,-0.030959822941757736
1760555346054240300,18.828240234375,0.04293313279747963,0.15808484011488033,0.38050468015931543
1760555346064246300,18.838246337890624,0.23227964661121367,0.14478614514060317,0.41987296008206904
1760555346074252000,18.848251953125,0.0211707983225584,0.07769472264237702,0.43857678376920517
1760555346084257000,18.858257080078126,-0.0704705435425043,0.026864224191196263,0.4377183403089642
1760555346094263000,18.868262939453125,0.0071627312362194055,-0.043173517424613235,0.5025809077765793
1760555346104269300,18.878269287109376,0.18063187696039676,-0.07377524764370173,0.60774962053895
1760555346114275300,18.888275390625,0.307328750115633,-0.09654752634614705,0.5441097997993231
1760555346124281000,18.898281005859374,0.1652536905646324,-0.1760912926550023,0.4230715003950521
1760555346134287000,18.908287109375,0.04619651850759983,-0.23298532892884685,0.2106777268623933
1760555346144293000,18.918293212890624,-0.03588262976408005,-0.17274397325478494,-0.0004096950457431376
1760555346154299100,18.928299072265624,0.04417991798818111,-0.0469379297257401,-0.0294612001481466
1760555346164305200,18.93830517578125,0.1084814175069332,0.04844044324317947,-0.051318903022632
1760555346174311200,18.948311279296874,-0.04663140279352665,0.06238638661243021,-0.0707485932989046
1760555346184316200,18.958316162109377,-0.0936368995964527,-0.011342829932458698,-0.1148653646566905
1760555346194322200,18.968322265625,-0.00019756839871406555,0.010181366671342403,-0.07522846039300785
1760555346204328000,18.978327880859375,0.06651274582743644,0.09060005265120416,0.022176011576037852
1760555346214334200,18.988334228515626,-0.04501286168098449,0.19145629077563062,0.10149864594750106
1760555346224340200,18.99834033203125,-0.11550269444584846,0.20996758756535128,0.10625711078727618
1760555346234346200,19.00834619140625,-0.05513502724468708,0.11554213140709325,0.17557351585859432
1760555346244352000,19.01835205078125,0.09950257675945758,-0.03459235249152407,0.2649044984220527
1760555346254358000,19.02835791015625,0.14582359842956066,-0.06426239135107024,0.2836631758352741
1760555346264364300,19.0383642578125,0.02024900730252266,0.033757527368888256,0.17294194351229816
1760555346274369300,19.048369384765625,-0.04671148229241371,0.010241079235635697,-0.012014847442507743
1760555346284375300,19.058375244140624,0.005278232663869857,0.008610610223282128,-0.14261336767878383
1760555346294380800,19.068380859375,0.023619360518455503,0.08499551064241677,-0.232412844536826
1760555346304386800,19.07838671875,-0.0018429975181818007,0.1118318239133805,-0.3354029711510986
1760555346314392800,19.088392822265625,-0.10146890839636326,0.10688534395452588,-0.3340838513765484
1760555346324398800,19.09839892578125,-0.057713937821984286,0.05996094956379384,-0.27519476882796734
1760555346334404600,19.108404541015624,0.05793254900872707,0.03712097591999918,-0.17480368226356804
1760555346344411000,19.118410888671875,0.06273614989817142,0.05410371143557131,-0.06980024306550621
1760555346354417000,19.1284169921875,-0.008320084577798844,-0.009519852288998662,-0.13278382838610558
1760555346364422000,19.138421875,-0.0028267478585243225,-0.05119911256786436,-0.2106707856649533
1760555346374428000,19.148427978515624,0.02377425881922245,-0.010527220966946332,-0.19654099189508706
1760555346384433700,19.15843359375,0.03409633086919785,0.0075848108395002774,-0.16183054771553723
1760555346394439700,19.168439697265626,0.006927168914675712,0.008035367618594318,-0.12487089983709156
1760555346404446000,19.178446044921873,-0.03685527418851852,0.01833035073224455,-0.042150567585043604
1760555346414451700,19.18845166015625,0.023863690668344498,0.011434472004976123,0.09169414976453408
1760555346424457700,19.198457763671875,0.07368015323877335,0.021173118143808095,0.27068706387886776
1760555346434463700,19.208463623046875,0.057740241307020185,0.02138701662281528,0.3213030975954607
1760555346444469800,19.2184697265625,0.048068742120265955,-0.05868879246981814,0.2758914458552375
1760555346454475800,19.228475830078125,0.04419453103542328,-0.07669190227538347,0.21687765921475363
1760555346464480800,19.238480712890624,0.0673462740421295,0.003538896449562162,0.19096693635610862
1760555346474486800,19.24848681640625,0.05293021067678928,0.04017223498309031,0.12717106653824448
1760555346484492800,19.258492919921874,0.03434884432554245,0.012883775764144956,0.04947793306475505
1760555346494498800,19.268498779296873,-0.0035199908196926113,0.011532452486734837,0.021177776052616535
1760555346504504600,19.278504638671876,0.016048633003234863,-0.00543669289490208,0.07068776648975908
1760555346514510800,19.2885107421875,0.06847206320166588,-0.028589842407405374,0.11863332062177359
1760555346524516900,19.298516845703126,0.03484101175665855,0.029149047192744908,0.13596947268489748
1760555346534523000,19.30852294921875,-0.02405482932627201,0.04783414791310206,0.1063022468369454
1760555346544528600,19.318528564453125,-0.017415245181322096,-0.014124332143459468,0.08716805064221844
1760555346554533600,19.32853369140625,0.05335749617815017,-0.00484923012945801,0.10622954692691564
1760555346564539600,19.33853955078125,0.04390928435325622,0.03580549114095047,0.0759926679648459
1760555346574546000,19.3485458984375,-0.011415127983689308,0.045330695458501574,0.023621936068031934
1760555346584552000,19.358552001953125,-0.029456396108865735,0.03436890073288232,0.013542933792620896
1760555346594557700,19.3685576171875,0.029978374156355857,0.014782394193392246,0.0275885381440632
1760555346604563700,19.378563720703124,0.08264613450467587,-0.009811638309806584,0.048748120952863246
1760555346614570000,19.388570068359375,0.04514788623750209,-0.037544827355258166,0.0406980489554815
1760555346624575700,19.39857568359375,0.040005847173929215,-0.07606211647186428,0.023259550762735306
1760555346634581800,19.408581787109377,0.02435235096812248,-0.02563236257499084,0.06250835075797513
1760555346644586800,19.418586669921876,0.05174947645962238,0.031049473986588416,0.07490664456011727
1760555346654592800,19.4285927734375,0.01855272477865219,0.041149719979427755,0.06587866744128987
1760555346664598800,19.438598876953126,-0.019265256962180136,0.04686939453417435,0.05815276763066649
1760555346674604800,19.448604736328125,-0.00011339724659919739,0.04401305525498465,0.07029577149748802
1760555346684610800,19.45861083984375,0.06314589974284171,0.029879169831890613,0.06645732584577053
1760555346694616800,19.468616943359375,0.013576689931750296,0.0615704488533549,0.06779009055318311
1760555346704622800,19.478622802734375,-0.01667524046897888,0.0355633529481478,0.08305855123046785
1760555346714628600,19.488628662109374,0.024242460852861403,0.02748631987860426,0.057387719808612014
1760555346724635000,19.498634765625,0.015109890848398208,0.09066080639511347,0.09880326938368379
1760555346734641000,19.508640869140624,-0.00632686493396759,0.09058936686040833,0.07451770004145801
1760555346744646000,19.51864599609375,-0.03942190980613231,0.1264535293860361,-0.01677851818036288
1760555346754652000,19.52865185546875,-0.05335808070003986,0.15332301427423953,-0.04158310642801225
1760555346764657700,19.53865771484375,-0.006602174744009971,0.07212634792551398,-0.048553310766816134
1760555346774663700,19.54866357421875,0.1222457389652729,-0.23847550557665526,-0.10959610075056553
1760555346784670000,19.558669921875,0.12676584673821925,-0.2092236190639436,-0.09516348810922354
1760555346794675700,19.56867578125,0.025385785669088362,-0.002449256315641105,-0.046899259949475525
1760555346804681700,19.578681640625,-0.06969488299489021,0.09089907213039695,0.025197240827046333
1760555346814687700,19.588687744140625,-0.035060791987180706,0.05632109522409737,0.06867657279781997
1760555346824692700,19.598692626953124,0.0705669896543026,-0.019459025968611238,0.0967220061302185
1760555346834698800,19.60869873046875,0.05689210004508495,-0.02563230777606368,0.12874942177087068
1760555346844704800,19.618704833984374,0.0034036709636449812,0.06577478694170713,0.10506320656128228
1760555346854710800,19.628710693359373,-0.07784779431223869,0.18967797425780444,0.07446469121258706
1760555346864716800,19.638716796875,-0.10576689785122871,0.2988064574966207,0.0796004101332277
1760555346874722800,19.648722900390624,-0.023820436048507688,0.16650986463818698,0.03374788275770843
1760555346884728600,19.658728515625,0.10528875894546508,-0.13257679803930222,-0.05070175750497728
1760555346894734800,19.66873486328125,0.18906652782857417,-0.4372896300354972,-0.0962075903346762
1760555346904740900,19.678740966796877,0.22141922990083693,-0.4266485551642254,-0.11502177906110882
1760555346914745900,19.688745849609376,0.12394669766426086,-0.1580246526265517,-0.1222167685991153
1760555346924752000,19.698751953125,-0.05364624999165535,0.07302943424507975,-0.08375194032210856
1760555346934757600,19.708757568359374,-0.08875672633945941,0.1432100549302995,-0.05854531061220914
1760555346944764000,19.718763916015625,0.011942951250076293,0.0500017925420776,0.021894326824136078
1760555346954770000,19.72877001953125,0.09222060305774211,-0.03322331089433282,0.07391575209293515
1760555346964775700,19.738775634765624,0.0700263069063425,-0.0007615589570254088,0.06742847243286669
1760555346974781700,19.74878173828125,-0.027663082951307295,0.014141447675041854,0.048832127708196636
1760555346984787700,19.75878759765625,0.005877367600798607,-0.0287716287150979,0.048749527458660305
1760555346994794000,19.7687939453125,0.11641337954998016,-0.11684285700842738,0.09004037294182926
1760555347004799000,19.778799072265624,0.10484978300631045,-0.12174750711955129,0.07628291961569339
1760555347014804700,19.7888046875,-0.002972293809056282,-0.021143800717778504,0.010472367240861058
1760555347024810800,19.798810791015626,-0.05780395419299602,0.011106975349970162,0.023912827039696275
1760555347034816800,19.808816650390625,0.005629530319571495,0.04782857668884098,0.06898910934571176
1760555347044822800,19.81882275390625,0.0654033232808113,0.03416303942985832,0.10079268963523208
1760555347054828800,19.828828857421875,0.028220716834068297,0.03950867477413267,0.06838372733108698
1760555347064834800,19.838834716796875,-0.05025076233446598,0.09904621129408478,0.05256448263693601
1760555347074840800,19.8488408203125,-0.052046998101472855,0.1506346154404804,0.07462444835156203
1760555347084846800,19.858846923828125,0.008452771046757698,0.1521960195383057,0.10819441725909709
1760555347094851800,19.868851806640624,0.03212999923229217,0.08077343596797436,0.11902633852735162
1760555347104857600,19.878857666015627,-0.008511807757616043,0.05354395866096019,0.06112473264615982
1760555347114863900,19.88886376953125,-0.03750292444229126,0.06624463294316082,0.03650313628260046
1760555347124870000,19.898869873046873,0.01154839897453785,0.06530822887588292,0.09139412563834338
1760555347134875600,19.908875732421876,0.03194529031515121,0.07826112435348331,0.1018816904483363
1760555347144881700,19.918881591796875,-0.0144043729275465,0.140685103029944,0.09467270891759544
1760555347154887700,19.9288876953125,-0.02256780563890934,0.09644245853647589,0.06212583598010241
1760555347164894000,19.93889404296875,0.004220832565426826,0.03537767591662705,0.03810542038008571
1760555347174899000,19.94889892578125,0.019842180067300794,0.10790701515246182,0.1291316990867257
1760555347184904700,19.95890478515625,-0.02054828251004219,0.15788867822196334,0.18983539330922067
1760555347194910700,19.96891064453125,-0.01339139649271965,0.03591726268604398,0.2138000601340085
1760555347204916700,19.978916748046874,0.03120119394958019,0.0029748145597055554,0.22910178376007823
1760555347214922800,19.9889228515625,0.049822892311215394,0.04469418765325099,0.22239782914202658
1760555347224928800,19.9989287109375,0.01230477029979229,0.04897475104928017,0.20816928770542142
1760555347234934800,20.008934814453124,-0.021502222234010694,0.05033453162778169,0.19086901067327708
1760555347244940800,20.01894091796875,0.022687632626295088,-0.011112857101485133,0.20488862206693736
1760555347254946800,20.02894677734375,0.08693535613119602,-0.021039171299524605,0.18805914088431744
1760555347264951800,20.038951904296876,0.01151391218304634,0.06560688302889466,0.10718469222728162
1760555347274957800,20.048957763671876,-0.11014555132687091,0.20224336825516073,0.07919796681217849
1760555347284963800,20.0589638671875,-0.15784078395962714,0.28761837973445653,0.10672529455460607
1760555347294969600,20.068969482421874,-0.146117612940073,0.3393610976597294,0.269059992399998
1760555347304975600,20.0789755859375,-0.1483528246462345,0.5816282871369272,0.36254740052316337
1760555347314981400,20.0889814453125,-0.1539209801673889,0.5224084382640197,0.3724930770087987
1760555347324987600,20.098987548828124,-0.09570786065161227,0.21350542456898838,0.2966513618219644
1760555347334993700,20.10899365234375,0.15788696118891238,-0.31768077891245483,0.19949461753629147
1760555347344998700,20.11899853515625,0.273141233831644,-0.4764378374667838,0.1633930112592876
1760555347355004700,20.129004638671876,0.137734399998188,-0.16173231150545178,0.13262224461622535
1760555347365010400,20.139010498046876,-0.010318564918637274,0.10851057053618132,0.025944369399920106
1760555347375016400,20.149016357421875,-0.09738076229989528,0.16693006281163542,-0.09339286170750856
1760555347385022700,20.159022705078126,0.022117723783850667,-0.07611362746339291,-0.2142926659565419
1760555347395028500,20.169028564453125,0.22356208714842796,-0.2641547942996025,-0.2961744650252163
1760555347405034500,20.179034423828124,0.21972528546452522,-0.31712394874729216,-0.3277705035112798
1760555347415040500,20.18904052734375,0.14625497558414935,-0.25705592207983136,-0.3962650708056986
1760555347425046500,20.199046630859375,0.0759217946857214,-0.2917733805220574,-0.3260639918543398
1760555347435051500,20.209051513671874,0.15747019708156584,-0.36670810039918866,-0.25378296482376755
1760555347445057500,20.2190576171875,0.2537070500433445,-0.42580903560016303,-0.14756547366082667
1760555347455063600,20.2290634765625,0.21300153016746043,-0.3642972033325583,-0.06377484529614448
1760555347465069600,20.239069580078127,0.11517068601250648,-0.26811449171081186,-0.04153239915408194
1760555347475075600,20.24907568359375,-0.004219663521647453,0.03439180668443441,-0.0846804898764938
1760555347485081300,20.259081298828125,-0.06327391003668308,0.17782956942338496,-0.09329853448756038
1760555347495087600,20.269087646484376,-0.01952127754986286,0.17862883004229516,-0.1179549099035561
1760555347505093600,20.27909375,0.011671148571372032,0.06811093827169389,-0.20281535945683715
1760555347515098600,20.2890986328125,0.10058978747427463,-0.02825078317876905,-0.32613581498153504
1760555347525104600,20.299104736328125,0.10543956559300421,-0.057133069194108245,-0.4695710569698363
1760555347535110400,20.3091103515625,0.07356032625138759,-0.11308204317018389,-0.5591860806390643
1760555347545116400,20.319116455078124,0.17213994294703006,-0.14095087782666085,-0.7253591510709375
1760555347555122700,20.329122802734375,0.20861761599481105,-0.1668232779689133,-0.8337806550841778
1760555347565128400,20.33912841796875,0.20171558152139185,-0.20980846974719314,-0.924710999135673
1760555347575134500,20.349134521484373,0.1920236240684986,-0.29919571254253385,-0.8568151283867657
1760555347585140500,20.359140380859376,0.14767945542931557,-0.35010764219947155,-0.7753530891001225
1760555347595145500,20.3691455078125,0.08353226968944072,-0.24345749524030832,-0.8082368293091654
1760555347605151700,20.37915185546875,-0.35808570840656756,-0.052417219653353095,-0.2704817322988063
1760555347615157500,20.389157470703125,-0.20349895780682561,-0.032315183073468506,0.8694028803464025
1760555347625163500,20.39916357421875,-0.11016250246167182,0.0810566002909094,1.0464222658980638
1760555347635169500,20.40916943359375,0.5322054269939661,-0.00006736614778637886,0.9960821447797119
1760555347645175600,20.419175537109375,0.20562018774449825,-0.01529164062347263,0.91716789027974
1760555347655181600,20.429181640625,0.08906886102855205,-0.03412044239714741,0.6577893704712391
1760555347665187600,20.4391875,-0.28163433688879014,0.001624642059765756,0.34917865425366906
1760555347675193600,20.449193603515624,-0.25705928308069703,0.3328877734597772,0.20479504376566035
1760555347685198600,20.459198486328123,-0.0416577060341835,0.5003573499755933,0.16442882058043032
1760555347695204600,20.46920458984375,-0.06992284653186798,0.49865533183068034,0.04120919508170336
1760555347705210400,20.47921044921875,-0.07989245188236237,0.4084200208386406,-0.19266099039027465
1760555347715216600,20.489216552734376,-0.20399580141305923,0.21698329328000543,-0.30354322196124117
1760555347725222700,20.49922265625,-0.1886860040783882,0.03489117104131728,-0.16511272945767266
1760555347735228400,20.509228515625,0.03857610663175583,0.033466289337351914,0.2244548347370699
1760555347745234400,20.519234375,0.17755436921119688,0.16150610153414308,0.4328297645498067
1760555347755240400,20.529240478515625,0.14099427857697008,0.17835070722065866,0.5214238842060789
1760555347765245400,20.539245361328124,-0.005808978539705276,0.21938487452901898,0.5187090722894295
1760555347775251700,20.549251708984375,-0.11655541836917399,0.18744952108599244,0.3422463707724586
1760555347785257500,20.559257568359374,-0.12835165462493897,0.16707633941452948,0.26904684065748
1760555347795263500,20.569263427734374,0.05310615176558494,0.1583394907293841,0.2788009400937706
1760555347805269500,20.57926953125,0.1570499258428812,0.06896021204479039,0.15935871424190698
1760555347815275500,20.589275634765624,0.11501929484307766,-0.11026709534730762,0.038836858193483204
1760555347825281500,20.599281494140627,0.06554127044677734,-0.2656745146801695,-0.07920160180767997
1760555347835287600,20.60928759765625,0.05183890830874443,-0.31689993073306977,-0.2352766730027273
1760555347845292500,20.61929248046875,0.1668354067981243,-0.33872908336650576,-0.4057908048462122
1760555347855298600,20.629298583984376,0.20853169127702711,-0.34702790596056726,-0.4578542426258325
1760555347865304600,20.6393046875,0.04895604634881019,-0.3068175126578659,-0.4380263833448291
1760555347875310300,20.649310302734374,-0.03995324020385742,-0.21817644858732818,-0.2770116272578947
1760555347885316600,20.659316650390625,-0.012534487402439117,-0.06801964325904845,0.050146562174474815
1760555347895322600,20.669322509765625,0.053150575429201125,0.013172967969067395,0.32241924214381723
1760555347905328600,20.67932861328125,0.17073825945556162,-0.051831674850359555,0.4188218435939401
1760555347915334400,20.68933447265625,0.12262100201845168,-0.09417339935963973,0.49814215814415364
1760555347925339400,20.69933935546875,0.07222703182101249,-0.06640561392484233,0.47855647358857095
1760555347935345700,20.709345703125,0.05723346082866192,-0.014312950050737709,0.4334927950358018
1760555347945351700,20.7193515625,0.058231239694356916,-0.03370431761061773,0.3613142785316333
1760555347955357400,20.729357421875,0.12727262721657753,-0.06475837644077836,0.2897376551770605
1760555347965363500,20.739363525390626,0.05888064351379871,0.005503565852344036,0.17952954174168406
1760555347975369500,20.749369384765625,-0.001779284632205963,0.11150682974271475,0.0015651212917175143
1760555347985375700,20.759375732421876,-0.1575116981357336,0.3048005833448842,-0.13003720569224095
1760555347995381500,20.769381591796876,-0.18261165260076523,0.3309331687932834,-0.2728712943164632
1760555348005386500,20.779386474609375,-0.11182079106271266,0.3247362503819167,-0.35607389366012066
1760555348015392500,20.789392578125,-0.1255704994738102,0.34466563380863513,-0.33831728769522157
1760555348025398500,20.7993984375,-0.05622106891572475,0.12632011226471512,-0.2982591440784745
1760555348035404500,20.809404541015624,-0.03661035951673984,0.0965215516546741,-0.06712537956675514
1760555348045410600,20.81941064453125,-0.060496846538782116,0.2361947011630982,0.17812873503305016
1760555348055416600,20.82941650390625,0.024168811094760892,0.22149892580723388,0.29331629911512136
1760555348065422600,20.839422607421874,0.05116320100426674,0.13652434835499153,0.32727596145998683
1760555348075428600,20.8494287109375,0.016057985353469847,0.010572064755670726,0.3130218471907079
1760555348085433600,20.85943359375,0.0756686967074871,-0.06508311488311737,0.24918036639913915
1760555348095439400,20.869439453125,0.06775602388679981,-0.083948248345498,0.21104740042500197
1760555348105445600,20.879445556640626,0.05008242003023624,0.011759411376714705,0.18759713112944737
1760555348115451600,20.88945166015625,0.01926759504973888,0.007794215806480496,0.058460828932840374
1760555348125457400,20.89945751953125,-0.008213117071986197,-0.059275305387191474,-0.03780585291162133
1760555348135463400,20.90946337890625,-0.01909340752661228,-0.00027934666434302924,-0.016779248832724986
1760555348145469400,20.919469482421874,0.039738720670342446,0.05303686765534803,0.01083935565603897
1760555348155474400,20.929474365234373,0.06290390768051148,0.056902383977081625,0.027601397625636306
1760555348165480700,20.939480712890624,-0.0077484221696853635,0.10212163668405264,0.024990046083461493
1760555348175486500,20.949486572265624,-0.05876257009208202,0.05873264987785369,0.025508955391030756
1760555348185492500,20.959492431640626,0.009449380868673325,-0.0032408816173672673,0.06821421598307788
1760555348195498500,20.96949853515625,0.09321955096721649,-0.026869448355585336,0.055247365045361214
1760555348205504500,20.97950439453125,0.08810264634490013,-0.08455028762556611,0.00586165857501328
1760555348215510500,20.989510498046876,-0.040625440376996995,0.08755578958448022,0.006589370061364025
1760555348225516500,20.9995166015625,-0.05856266360580921,0.14070179843641817,-0.09337753627421334
1760555348235521500,21.009521484375,-0.01628361080288887,0.04808492607008665,-0.21823015153594313
1760555348245527600,21.019527587890625,0.05126841494441032,-0.09034735653176904,-0.2574451405931264
1760555348255533600,21.029533447265624,0.0964607248455286,-0.185166159389168,-0.18622726754834876
1760555348265539600,21.03953955078125,0.04906944359540939,-0.17833426754251122,-0.052630972001887856
1760555348275545600,21.049545654296875,0.0970095908999443,-0.12460128911547362,0.019879571201931685
1760555348285551600,21.059551513671874,0.07507482246756553,-0.039172282426618035,0.015343772669509053
1760555348295557000,21.06955712890625,0.018643910193443296,-0.009447481172531842,-0.05613591138292104
1760555348305563000,21.07956298828125,-0.004913491004705429,-0.06493040853943675,-0.11442580419564619
1760555348315567900,21.08956787109375,0.06363806717395783,-0.19749160715080796,-0.04829405704243108
1760555348325574000,21.099573974609374,0.1838496699631214,-0.2925691340096295,0.01878204002249986
1760555348335580200,21.109580078125,0.18091653912067412,-0.22603640484008936,0.06912396950544789
1760555348345586200,21.119586181640624,0.0925438436627388,-0.07566928122937679,0.1259985886927694
1760555348355592000,21.129592041015623,-0.031363691034913065,-0.06728248809091747,0.08360697889346629
1760555348365598000,21.139597900390626,0.03496142326593399,-0.1708810654597357,0.026657595703192052
1760555348375604200,21.149604248046874,0.16570844859480857,-0.3157337364979088,0.03121692124167457
1760555348385610000,21.15960986328125,0.21492226909697054,-0.38095710010193284,0.05610569890774786
1760555348395615000,21.169614990234376,0.13744681522846222,-0.1584772552322596,0.07611793831232935
1760555348405621000,21.17962109375,-0.06923954044282436,0.18849579700222238,0.06952180971661583
1760555348415627000,21.189626953125,-0.21074235306382177,0.3527573529906571,0.06576745301862247
1760555348425633000,21.199633056640625,-0.15342238299548625,0.22242959425346925,0.08927018315377645
1760555348435639000,21.20963916015625,0.045671617850661275,0.05869664698271081,0.15980598308537156
1760555348445645000,21.21964501953125,0.10313947195708752,0.011236136421281843,0.20882716709226368
1760555348455651000,21.229651123046875,0.09460545236766338,-0.0030870975614525377,0.14242997393589465
1760555348465656000,21.239656005859374,-0.036926585859060286,0.022499051251634955,0.0917466288704425
1760555348475662000,21.249662109375,-0.11115911228358745,0.14371718246852977,0.027030995592847464
1760555348485667800,21.259667724609375,-0.017846622335910795,0.15196228384766727,0.012732640323042868
1760555348495674000,21.269674072265627,0.029191607692837712,0.1091787155887112,0.05963858574163168
1760555348505680100,21.27968017578125,0.06846095728576183,0.0345588155481033,0.027862678910326212
1760555348515686100,21.28968603515625,0.05150689987540245,-0.10926169943073764,-0.00541846311846748
1760555348525692000,21.29969189453125,0.032166824111342425,-0.11980922340019605,0.0006134922558441758
1760555348535698000,21.309697998046875,0.04557400269508362,-0.045451527092885226,-0.0012735270671546458
1760555348545703000,21.319702880859374,0.012997428739070891,0.10542578366282396,0.06818035024609416
1760555348555709200,21.329709228515625,-0.06674246293008328,0.1609511345325038,0.14647007963955402
1760555348565715200,21.339715087890625,-0.052991585475206375,0.13628189963493495,0.16172294088890776
1760555348575721000,21.349720947265624,0.01188683714866638,0.07676961628724821,0.1832487449279055
1760555348585727000,21.35972705078125,0.03510696921646595,0.0483717984537594,0.1928040338564664
1760555348595733000,21.36973291015625,0.011308160477876663,0.11010236977227031,0.1740731394993141
1760555348605739000,21.379739013671873,-0.01142155772447586,0.08752034381176345,0.13244659578837453
1760555348615744000,21.389743896484376,0.00428863710463047,-0.011536891199834644,0.09885828750655054
1760555348625750000,21.39975,0.054799511680006976,0.014580725008295848,0.07144227465149015
1760555348635756000,21.409756103515626,0.040163083562254905,0.10163196260412223,0.0846210147742182
1760555348645762000,21.419761962890625,-0.03193067726790905,0.19556171680046244,0.04400706390561536
1760555348655767800,21.429767822265624,-0.0515700282394886,0.08349155408656224,-0.09614974093390628
1760555348665774000,21.439774169921876,0.008866028022766113,-0.0069662314165849235,-0.1644031016172841
1760555348675780000,21.449780029296875,-0.03563011630773544,0.113836222538352,-0.05767313088756054
1760555348685786000,21.4597861328125,-0.020886136162281035,0.18099130312362685,-0.033962384024914354
1760555348695791000,21.469791015625,-0.03709434364140034,0.17145621673287822,0.027736732709407803
1760555348705796900,21.479796875,-0.03367255249917507,0.05005023479368537,0.014845887883659451
1760555348715803100,21.48980322265625,0.06996084045469761,-0.07890762382978574,0.018900076911598444
1760555348725809200,21.49980908203125,0.09438625665903091,-0.02582850620159879,0.03436627038437873
1760555348735815200,21.509815185546874,0.026781623941659925,0.10156066006673499,0.03504170369422063
1760555348745821000,21.519821044921876,-0.060361821982264516,0.10176138853691517,0.008390044541470706
1760555348755827000,21.529826904296876,-0.025364742881059645,0.007122673220466822,-0.04562441770806908
1760555348765832000,21.53983203125,0.05031739782989025,-0.04677287535713985,-0.03268089284701273
1760555348775838200,21.549838134765626,0.10147475361526012,-0.09378133130213245,-0.0275554395920597
1760555348785844000,21.559843994140625,0.08457797935009002,-0.1048905534081161,-0.023054073052201418
1760555348795850000,21.56985009765625,0.021965748092532156,-0.04387105296840891,-0.049414640303887425
1760555348805856000,21.57985595703125,-0.011148586001992224,-0.020215031967684625,-0.0182159305723384
1760555348815862000,21.589862060546874,0.030696167036890983,-0.00042896600179374216,0.029100659740064292
1760555348825868000,21.599867919921873,0.07373977447152137,-0.03528628957243636,-0.0006519245700910687
1760555348835874000,21.6098740234375,0.08180851463675498,-0.10281743692848831,-0.00952509471969679
1760555348845879000,21.619879150390624,0.03575871112346649,-0.08208051824485883,0.009189213828835635
1760555348855885000,21.629885009765626,0.006316343539953232,-0.026215806752443314,0.03510539831388741
1760555348865891000,21.63989111328125,0.020676877325773238,0.04576327818948775,0.0367515032867901
1760555348875896800,21.649896728515625,0.027992753297090528,0.03610235519567504,0.06882944353828206
1760555348885903000,21.659903076171876,0.011072013634443283,-0.001959500037319958,0.052707252108491955
1760555348895909000,21.6699091796875,0.03307575564980507,-0.010834222823195159,0.03976949940109625
1760555348905915100,21.6799150390625,0.06702946317791939,-0.03379791417820379,0.03547474308293313
1760555348915920100,21.689920166015625,0.03808101659119129,0.05536786788618192,0.05885264126202091
1760555348925926000,21.69992578125,-0.0004512508988380432,0.13983884319784118,0.042972460160870106
1760555348935932000,21.709931884765624,-0.04525543826520443,0.12033515610359609,0.05193703492097556
1760555348945938200,21.719938232421875,-0.027958851027488706,0.04523700755937025,0.042730194103904065
1760555348955944000,21.72994384765625,0.059167643761634824,-0.014669764131773263,0.01891185868093744
1760555348965950000,21.739949951171877,0.02670095992088318,0.06082474505258724,0.02747767991442233
1760555348975956000,21.7499560546875,-0.00751285984814167,0.08821343150930479,-0.010071695751789957
1760555348985961000,21.7599609375,-0.04840893386006355,0.05530943396352231,-0.029222075896337626
1760555348995967200,21.76996728515625,0.0006242693781852722,-0.01301969536980614,0.0032071072119288146
1760555349005973000,21.779972900390625,0.0839735837161541,-0.013197316959034651,0.04040936820721253
1760555349015979000,21.78997900390625,0.027187282133102415,0.1491635930398479,0.0696860421013087
1760555349025985000,21.799985107421875,-0.12223814018070697,0.2917461089226417,0.10013143098121509
1760555349035991000,21.809990966796875,-0.15154840581715107,0.2459292008497752,0.1614785194074735
1760555349045997000,21.8199970703125,0.014151274949312209,0.06964499770486728,0.13725081773232667
1760555349056002000,21.830001953125,0.09559504792690277,0.04792336056651547,0.15491665840754285
1760555349066008000,21.840008056640624,0.10175240151286125,0.061378762206155804,-0.021126447724178432
1760555349076014000,21.85001416015625,0.03736088562309742,-0.2370904444264248,-0.11140910498928278
1760555349086020000,21.86002001953125,-0.0343248789280653,-0.10760613250974566,-0.0663324756233953
1760555349096025900,21.87002587890625,0.08909341094791888,-0.08728990518990903,0.038984997959900645
1760555349106032000,21.8800322265625,0.2141051074951887,-0.20588629133477807,0.07844411623757332
1760555349116038100,21.8900380859375,0.1221539690285921,-0.1250790626950562,0.09686956137474625
1760555349126044200,21.900044189453126,0.0006587561696767807,-0.0355359717508778,0.06122220167126506
1760555349136049200,21.910049072265625,-0.054962593287229536,0.053551849706470964,-0.01844024084750563
1760555349146055000,21.920054931640625,-0.005439560705423355,0.07808116467669605,-0.023363632191717623
1760555349156061000,21.93006103515625,0.0409083489716053,0.08037300194092094,0.0019473712081089615
1760555349166067200,21.940067138671875,0.01654196947813034,0.036304471905343236,-0.004388371152058244
1760555349176073000,21.950072998046874,0.009300327786803245,-0.05294222990814596,0.004290792529098689
1760555349186079000,21.960078857421873,0.04339022891521454,-0.06948021733090282,0.015229571705311536
1760555349196085000,21.9700849609375,0.10022153868377208,-0.10247837769985198,0.04061104652546346
1760555349206090000,21.980090087890623,0.09529811080694198,-0.15366123325265943,0.0594327975038439
1760555349216096000,21.990095947265626,0.1060024601727724,-0.16869155605882405,0.028670360297709703
1760555349226102000,22.00010205078125,0.050607320687174794,-0.11233290530331431,-0.03415470999293029
1760555349236108000,22.01010791015625,0.011103577816486358,-0.0030864217080175875,-0.048921413426846264
1760555349246114000,22.020114013671876,0.020730068817734718,0.01279744918756187,-0.07781571867354213
1760555349256120000,22.0301201171875,0.04109773406386375,-0.06546327330712229,-0.14054149330817162
1760555349266125800,22.040125732421874,0.06434767674803733,-0.12477569583430885,-0.13411533271819354
1760555349276131000,22.050131103515625,0.06669803926646709,-0.11291479684449732,-0.109026849495247
1760555349286137000,22.06013720703125,0.040727147185802455,-0.026588731718063353,-0.08902641012631356
1760555349296144000,22.070143798828123,-0.059012160938978195,0.18103910605441778,-0.06362661419818177
1760555349306149600,22.080149658203126,-0.05481237116158008,0.10670377684254198,-0.10915980995884164
1760555349316155600,22.09015576171875,0.017471943804621696,-0.06536034265561029,-0.05664729497116059
1760555349326161700,22.10016162109375,0.06336217284202575,-0.07909056091494858,0.0980276088360697
1760555349336167700,22.110167724609376,0.1470288825660944,-0.07155346167469397,0.1775169050113298
1760555349346172700,22.120172607421875,0.07863865242898464,-0.026716340153105554,0.19321303478246554
1760555349356178700,22.1301787109375,0.0006967500925064087,-0.007004764195531607,0.17291299141244962
1760555349366184700,22.140184814453125,0.016837153032422066,-0.027880744289979338,0.15537121550831942
1760555349376190700,22.150190673828124,0.052044075492024416,0.03822778638442978,0.13637982531776652
1760555349386196700,22.16019677734375,0.07674597055017948,0.05054623814970255,0.09351329148309305
1760555349396202500,22.170202392578126,-0.0037052842587232586,0.012203812409657984,-0.000827902191504836
1760555349406208800,22.180208740234374,-0.032602292919158934,-0.0026067301659844816,-0.0727759709406644
1760555349416213800,22.1902138671875,0.01632452733516693,-0.0547892277480103,-0.08390897578103468
1760555349426219800,22.2002197265625,0.0662578942835331,-0.060862337116617704,-0.018760832837689666
1760555349436225500,22.2102255859375,0.06336334188580513,-0.01791579684829339,-0.011390687662176787
1760555349446231600,22.2202314453125,-0.0010270049601793288,0.04303078448567539,0.004053915033303201
1760555349456237600,22.230237548828125,-0.06719137574136257,0.02096736643863842,0.053167325634602455
1760555349466243800,22.240243896484376,0.020117489877343176,0.014885891100484877,0.10530121656823903
1760555349476249600,22.25024951171875,0.07011456971168517,0.004277859982289373,0.16748154094824566
1760555349486254600,22.260254638671874,0.07908230454325675,-0.0663261006815359,0.16103970786510036
1760555349496260600,22.270260498046873,0.033275662136077876,-0.011750643548369407,0.08436269263159484
1760555349506266600,22.2802666015625,-0.027032968354225157,0.05914724029442295,0.014361794161144643
1760555349516272600,22.290272705078124,-0.05696984145641327,0.12401848425883799,0.002027907364722341
1760555349526278700,22.300278564453127,-0.006565934386849403,0.040890977711696176,-0.029811547955777493
1760555349536284700,22.31028466796875,0.030775662013888358,0.05793921621153131,-0.008034162042196839
1760555349546290700,22.320290771484373,0.010354220753908157,0.1021142753615044,0.003823540343530476
1760555349556295700,22.330295654296876,-0.03250467776358128,0.0861785098819062,-0.005403722207061946
1760555349566301700,22.3403017578125,-0.03978197529017925,0.08727960299160331,0.036182051102071996
1760555349576307700,22.3503076171875,0.01665653576850891,0.09982523284256457,0.07308547528125345
1760555349586313700,22.360313720703125,0.04433949246406555,0.04683340990534052,0.06820471750237048
1760555349596319700,22.37031982421875,-0.014921674799919127,0.05700862083053216,0.09606078400881961
1760555349606325500,22.380325439453124,-0.0060977323532104485,0.06049505644049495,0.07261105356938205
1760555349616331500,22.39033154296875,0.020941081219911575,0.04986656705616042,0.07065306963571347
1760555349626336500,22.40033642578125,0.029704817911982536,0.10309844582695514,0.06026243499470874
1760555349636342800,22.4103427734375,0.03430032900869846,0.033656606011372055,-0.009214138207538053
1760555349646348800,22.420348876953124,-0.007165069323778152,-0.002282119587808847,-0.018799603078654036
1760555349656354600,22.4303544921875,0.01273907006382942,-0.038402613228373225,-0.0015097104432061313
1760555349666360600,22.440360595703126,0.08546177644729613,-0.0960968599691987,0.03373170794104226
1760555349676366600,22.45036669921875,0.07648293569982051,-0.06674076416334138,0.04789842705465853
1760555349686372900,22.460372802734376,0.029966683718562124,-0.026531412040255963,0.05044839466526173
1760555349696377900,22.4703779296875,0.0012853636354207992,-0.0609159487336874,0.05555059490879066
1760555349706383600,22.480383544921875,0.03335106545984745,-0.07589191100411116,0.06470488355471753
1760555349716389600,22.4903896484375,0.08245031967163086,-0.054593668643292036,0.0997367965072859
1760555349726395600,22.500395751953125,0.0680921239733696,-0.02461529448693618,0.10751813456588424
1760555349736401700,22.510401611328124,0.001972176855802536,0.0041618506534956395,0.07940531681939028
1760555349746407700,22.52040771484375,-0.022685879060626028,0.007532222135737538,0.04838988209972158
1760555349756413700,22.53041357421875,0.04482815276384353,-0.025933099087234585,0.02229013947499916
1760555349766418700,22.540418701171873,0.05156827467381954,-0.011912775307521222,0.02222575073558837
1760555349776424700,22.5504248046875,0.02987666734755039,0.041693635864090174,0.037740578256221485
1760555349786430700,22.5604306640625,-0.02591711606681347,0.03951587169989943,0.050721512518217785
1760555349796436500,22.5704365234375,-0.0075146134138107295,0.02526594041539356,0.04601907044830732
1760555349806442800,22.58044287109375,0.015035072046518326,0.08986642288072035,0.07983102228501811
1760555349816448800,22.59044873046875,0.020363573592901228,0.10572272991593927,0.08224959120145067
1760555349826454500,22.60045458984375,0.028102643412351608,0.05058761133970693,0.02251786554995924
1760555349836459500,22.61045947265625,0.008042436680197716,-0.030592761461343616,-0.005894866724871098
1760555349846465500,22.620465576171874,0.029407296270132062,-0.025428930691070852,-0.004942680566571653
1760555349856471800,22.630471923828125,0.03787526488602161,0.06936451852936297,0.052172250182647255
1760555349866477800,22.640477783203124,0.026915479454398154,0.04177117634601891,0.03282490442758426
1760555349876483600,22.650483642578124,-0.009307342049479484,-0.026112309845350682,0.018199125568009913
1760555349886489600,22.660489501953126,0.017916764962673186,-0.030257666021771726,0.043622247572802
1760555349896494600,22.67049462890625,0.07878127577006816,-0.04638884447561577,0.07228396790632978
1760555349906500600,22.68050048828125,0.06615501843094826,-0.005107862799335271,0.09160159437656402
1760555349916507000,22.6905068359375,0.006574117693305015,-0.01018054468743503,0.08125526466816663
1760555349926512600,22.7005126953125,0.0007376666247844696,-0.04073596981307492,0.03886243102615699
1760555349936518700,22.7105185546875,0.04651800554692745,-0.06248774636136368,0.02569697051011026
1760555349946524700,22.720524658203125,0.07327858670055866,-0.022835955055803058,0.03189060098584741
1760555349956530700,22.73053076171875,0.04544423883557319,-0.007639189641550183,-0.016510405296087265
1760555349966535700,22.74053564453125,-0.03502513615190982,0.012827588597498833,-0.044451885063666846
1760555349976541700,22.750541748046874,-0.026923662760853766,0.03448827106254175,-0.001599379754345864
1760555349986547700,22.760547607421874,0.024969021561741828,0.0791025618799962,0.0677782357186079
1760555349996553700,22.7705537109375,0.055904258051514624,0.05632498594792559,0.0704270149280317
1760555350006559500,22.7805595703125,0.02506955932676792,0.0042379298307001585,0.015295860140863805
1760555350016565500,22.7905654296875,-0.01443184545636177,-0.016811762862838805,0.016124821778293698
1760555350026571800,22.80057177734375,0.03656593585312366,0.008211674033571034,0.04321907359939068
1760555350036576800,22.81057666015625,0.02600537887215614,0.0778330716671422,0.101665673077479
1760555350046582800,22.820582763671876,0.009731120419502257,0.13585649556340648,0.11499611489688977
1760555350056588500,22.830588623046875,-0.028664368948340416,0.1270965217310004,0.060133383521251374
1760555350066594600,22.840594482421874,-0.016599252623319623,-0.0038868331043981014,-0.007008691451977938
1760555350076600600,22.8506005859375,0.04676292021870613,-0.06640060895616189,-0.010851502751559019
1760555350086606800,22.86060693359375,0.06640811640918254,0.00409117830377072,0.03972911259178072
1760555350096612600,22.870612548828124,0.020689152285456657,0.05610825619101524,0.0009303031200543046
1760555350106617600,22.88061767578125,-0.018228315129876136,-0.015978983566816894,-0.013371321819070726
1760555350116623600,22.89062353515625,0.022311785051226614,-0.0799095126150176,0.012772333012614398
1760555350126629600,22.900629638671877,0.09871113412082194,-0.04241921019228175,0.06506481204144657
1760555350136635600,22.9106357421875,0.08936229101717472,-0.016110829785559326,0.04779735956666991
1760555350146641700,22.9206416015625,0.006280103182792663,0.037761885905731464,0.022463139688037335
1760555350156647700,22.930647705078126,-0.040542438268661496,0.023755645450297742,-0.027692765703517943
1760555350166652700,22.940652587890625,0.025592706418037414,0.011304616813920438,-0.01505136559419334
1760555350176658700,22.95065869140625,0.07839782941043376,-0.028865809804573653,0.030769707197137175
1760555350186664700,22.960664794921875,0.08377659983932971,-0.055882758605759586,0.015403485233802347
1760555350196670700,22.970670654296875,0.02485036361813545,-0.05034487035870552,0.01750288693215698
1760555350206676700,22.9806767578125,0.00978548095524311,-0.02581559192109853,0.010192746581882238
1760555350216682800,22.990682861328125,0.02686345700621605,0.0012163535198196768,0.04330138158798218
1760555350226688500,23.0006884765625,0.0508159950017929,0.005666062937676906,0.047908345660474146
1760555350236693500,23.010693603515627,0.03780746034681797,-0.00010822788113728165,0.05172600425248965
1760555350246699500,23.020699462890626,-0.005848141506314277,0.008630557032767683,0.02702217296557501
1760555350256705800,23.030705810546873,0.01439092892408371,-0.05664291105698794,0.015138331491593271
1760555350266711800,23.0407119140625,0.025936405289173126,-0.005795370139461011,0.046195495594292875
1760555350276717600,23.050717529296875,0.06577157207131386,-0.006599215601943433,0.019195315264817325
1760555350286723600,23.0607236328125,0.03454173654913902,-0.017498137691803275,0.01619390495913103
1760555350296729000,23.07072900390625,0.016342647513747213,0.026457451754901558,0.02131517522931099
1760555350306734000,23.080734130859376,0.009356441888213158,-0.00826464632982388,0.0346603944927454
1760555350316740400,23.090740234375,0.046048049947619435,-0.028648860851954668,0.04881903076460585
1760555350326746000,23.10074609375,0.04876958386600017,-0.014275065725762396,0.05607638148171827
1760555350336752000,23.110752197265626,0.021430910563468932,-0.020538984958734362,0.04272723496183753
1760555350346758100,23.120758056640625,0.012663082218170165,-0.01972176855802536,0.016854907884821295
1760555350356764200,23.13076416015625,0.012717442753911018,0.018336743940412997,0.011320691165886819
1760555350366769200,23.14076904296875,0.04268471099436283,0.009624426908325403,0.0004234678427688777
1760555350376775200,23.150775146484374,-0.008002689191699027,0.04026608727900311,0.034943467484135175
1760555350386781200,23.16078125,-0.020080080476403236,0.025838187345396727,0.05871558914519846
1760555350396787200,23.170787109375,0.014663316124677658,0.0015118293350562452,0.03447354841744527
1760555350406793200,23.180793212890624,0.036682255709171295,0.021393848222400993,0.030433369648549705
1760555350416799000,23.190799072265627,0.04030804499089718,-0.0024909948318265376,0.01343454151470214
1760555350426805200,23.20080517578125,0.013412439280748367,-0.003605824205931276,0.022711287496518344
1760555350436810200,23.210810302734377,0.008506547060608863,0.03587466565333307,0.03337545098243281
1760555350446816300,23.220816162109376,0.017788170146942138,0.06067711674282327,0.04212709537791088
1760555350456822300,23.230822265625,-0.0018225392520427703,0.08363777589052915,0.06179311516070738
1760555350466828000,23.240828125,0.02181494144499302,0.059276364833116525,0.029797135837934908
1760555350476834000,23.250833984375,0.021966332614421845,-0.0021854725466109812,0.012542944703530519
1760555350486840300,23.26084033203125,0.026000118175148964,0.017473295511491595,0.01809182926863432
1760555350496845300,23.27084521484375,0.02270984445810318,0.013198906127922237,0.034408228096272794
1760555350506851000,23.28085107421875,0.027209493964910507,-0.040054526887554676,0.014534922238346189
1760555350516857000,23.290857177734374,0.023923311901092526,-0.020771314143575727,0.01471281782221049
1760555350526863000,23.300863037109377,0.003131283763051033,0.04531763504752889,0.04115779368802905
1760555350536869000,23.310869140625,0.003869534909725189,0.052721353699080646,0.049451483449246735
1760555350546875100,23.320875244140623,0.009686696755886078,0.06650003247633576,0.032433457424584776
1760555350556881200,23.330881103515626,0.003834463596343994,0.05916163414595648,0.026099724358413366
1760555350566886100,23.34088623046875,0.021349662020802497,0.0176198278427124,0.006019917876645922
1760555350576892200,23.35089208984375,0.030497429594397545,-0.07111302443081513,0.014573975607100872
1760555350586898200,23.360898193359375,0.06314414617717266,-0.07403855648869648,0.02013571965377778
1760555350596904200,23.370904296875,0.055386956179141994,-0.05766650021737441,0.01360513057494536
1760555350606910200,23.38091015625,0.02593348267972469,-0.01147765355957672,0.022990341899916528
1760555350616916200,23.390916259765625,-0.007846037325263023,0.041173100855015216,0.026320819763187318
1760555350626921200,23.400921142578124,0.008204349243640899,0.032722795759979634,0.01608931207349524
1760555350636927200,23.41092724609375,0.02498889530599117,0.0262231498086825,0.019586177745927125
1760555350646933000,23.42093310546875,0.050743514287471765,0.007137633327580988,0.02692179959733039
1760555350656939300,23.430939208984373,0.02277647995352745,0.029317736556846646,0.024719704709481448
1760555350666945300,23.4409453125,0.01053659158349037,0.006633099605236202,0.01601831093020737
1760555350676951300,23.450951416015624,0.017588848182559014,0.02120596096748486,0.032939708179980515
1760555350686957000,23.46095703125,0.024926351463794707,0.04227658685119822,0.05125044089630246
1760555350696962000,23.470962158203125,0.032848376634716986,0.021541385200619698,0.0510920719968155
1760555350706968000,23.480968017578125,-0.0036830724269151685,0.06501205894090235,0.061336530499625945
1760555350716974300,23.490974365234376,-0.009831073662638664,0.06713162664445117,0.05271039391364902
1760555350726980000,23.50097998046875,0.01751929007768631,0.056222110095340755,0.04759533418854698
1760555350736986000,23.510986083984374,0.015974983245134352,0.0623150566755794,0.04989730925429612
1760555350746992000,23.5209921875,0.026554244926571845,0.042889823378715664,0.031296324887126685
1760555350756997000,23.5309970703125,0.027884032225608823,-0.023046291604544966,-0.005774473481904715
1760555350767003100,23.541003173828123,0.015734160226583478,-0.02649060510583222,0.0034811383803375062
1760555350777009200,23.551009033203126,0.0213712893307209,0.04426545911347493,0.029517569977883247
1760555350787015200,23.56101513671875,0.006063830083608627,0.07771238616323098,0.015378241194691509
1760555350797021200,23.571021240234376,-0.00010346037447452545,0.0481594526110217,0.013709011074528097
1760555350807027200,23.581027099609376,0.012743161717057227,-0.018788688958995044,0.02683335412889719
1760555350817033000,23.591032958984375,0.05101882409751415,-0.041783085979521274,0.011641995542123914
1760555350827038000,23.601037841796874,0.06385726288259029,-0.02705497925663367,0.03757352372677997
1760555350837044200,23.611044189453125,0.033166941064596174,-0.030097817551251498,0.02183992975577712
1760555350847050200,23.62105029296875,0.026734862190484997,0.002246573350392282,0.027833598946314302
1760555350857056300,23.63105615234375,0.024499065962433814,-0.009518902440927922,0.02402843450969085
1760555350867062000,23.64106201171875,0.03841653215587139,-0.03629493689201772,0.02600178040927276
1760555350877068000,23.651068115234374,0.04529927740693092,-0.023555355371534824,0.047867228198796505
1760555350887073300,23.6610732421875,0.03677753277719021,-0.024581118222698567,0.02947161194430664
1760555350897079300,23.671079345703124,0.013445757028460502,-0.010479089242592454,0.037600649195723236
1760555350907085000,23.6810849609375,0.02706979323327541,-0.004192519786395133,0.04186164937475696
1760555350917091000,23.691091064453126,0.04517594328820705,0.014398016251996158,0.03787816922916099
1760555350927097000,23.70109716796875,0.03305471286177635,-0.008613185772858559,0.01442232870934531
1760555350937103400,23.711103271484376,-0.011534370449185372,0.03279242693008855,0.02548380268346518
1760555350947108400,23.7211083984375,0.011516834792494773,0.016268248836975543,0.013448844034690408
1760555350957114000,23.731114013671874,0.03112812871336937,-0.008233812800142914,-0.0022307729930616913
1760555350967120100,23.7411201171875,0.03787468036413193,-0.027097631088271734,0.03210099233351647
1760555350977126100,23.751126220703124,0.050612581384181975,-0.010084098575636745,0.025623777409736065
1760555350987132200,23.761132080078124,0.01232347500026226,0.03993183208964765,0.012470208260882645
1760555350997138200,23.77113818359375,-0.004421323573589325,0.05957783199772238,-0.00007852686261758207
1760555351007143200,23.78114306640625,-0.0035194062978029248,0.05267358730090782,0.010395648742839693
1760555351017149200,23.791149169921876,0.006647767451405525,0.045727384892199185,0.01962780666425824
1760555351027155200,23.8011552734375,0.0006388824254274368,0.06643986325431615,0.013172913170140237
1760555351037161200,23.8111611328125,0.0030126258194446563,0.062114949259907,0.016233908175956456
1760555351047167000,23.8211669921875,-0.01423486157953739,0.06200440155752003,0.05308096252540126
1760555351057173200,23.83117333984375,0.010424363380670546,0.0196410314720124,0.02971141204955056
1760555351067179300,23.84117919921875,0.04166588934063911,-0.0196433878258802,0.010762034369818865
1760555351077184300,23.851184326171875,0.021586393386125564,0.0030697811004705726,0.05101020239964127
1760555351087190300,23.861190185546874,0.03218026811480522,-0.006466930991783738,0.04856427055224776
1760555351097196000,23.871196044921874,0.017314122894406318,0.026669614934548735,0.0888977057127282
1760555351107202000,23.8812021484375,0.014404957449436187,0.009938607424031942,0.0825323353992775
1760555351117208300,23.891208251953124,0.022693477845191955,0.04016017921911552,0.057203083956707264
1760555351127214000,23.901214111328127,0.0018055881172418593,0.10255811013886705,0.024997316074464468
1760555351137219000,23.911218994140626,-0.001723170530796051,0.06633786418456585,0.016960907276254145
1760555351147225000,23.92122509765625,0.014952654460072516,0.020743695484288036,0.02296098794126883
1760555351157231000,23.931231201171876,0.0593126051902771,-0.020252971091587094,0.028693010520935057
1760555351167237000,23.941237060546875,0.06717968530356884,-0.07331287256265058,0.04121589881712571
1760555351177243100,23.9512431640625,0.08031506120860576,-0.12830394302569328,0.05981741290725767
1760555351187249200,23.961249267578125,0.08402911329567432,-0.11204455334860831,0.04617005062578246
1760555351197254100,23.971254150390624,0.06232698457539081,-0.07600969216488301,0.059237859453633426
1760555351207260200,23.98126025390625,0.05963584579527378,-0.06737378310356289,0.07152010739436372
1760555351217266200,23.99126611328125,0.03674363050758839,-0.008742036316916346,0.04916207204861566
1760555351227272200,24.001272216796874,0.03599602701067924,-0.002663976778555661,0.06463149865809828
1760555351237278200,24.0112783203125,0.03450491167008877,-0.02105170198753476,0.06155791816534474
1760555351247284200,24.0212841796875,0.03824877437353134,-0.0419854949501343,0.04993786046039313
1760555351257290200,24.031290283203123,0.030019290688633918,0.016828732263948768,0.02246405300348997
1760555351267295200,24.041295166015626,-0.00154021517932415,0.0379082903727889,0.006947663713432848
1760555351277301000,24.051301025390625,-0.014528876090049743,0.015979458490852267,-0.03273792026387527
1760555351287307300,24.061307373046876,0.020672201150655746,0.00525185611359775,-0.026621245748177168
1760555351297314000,24.07131396484375,0.04912029699981212,0.008643763574212789,-0.018593787441402672
1760555351307319800,24.08131982421875,0.024587328767776487,0.072419558718428,0.009783307264465838
1760555351317326000,24.091326171875,-0.01849485711157322,0.09399650842277332,-0.0007846110390499234
1760555351327331000,24.1013310546875,-0.015351298388838768,0.08847860351782291,-0.0071977112180553375
1760555351337337000,24.111337158203124,-0.01013794765472412,0.0780504407448694,0.02827719626165926
1760555351347342800,24.1213427734375,0.03666647361814976,0.05710375176807865,0.04612113345013931
1760555351357348900,24.131348876953126,0.030364158603549,0.010832670186925679,0.028407416778896
1760555351367355000,24.14135498046875,0.033197920724749565,-0.031314499864634124,0.018002068625949323
1760555351377361200,24.151361083984376,0.039625323423743246,-0.011663549786806105,0.019307561733946203
1760555351387366100,24.1613662109375,0.027950667721033096,0.012298395357932895,0.016708539950381962
1760555351397372000,24.171371826171875,0.02928980737030506,0.008243694873340427,0.03532028317358345
1760555351407378000,24.1813779296875,0.010437222862243651,0.020046799261309204,0.0015247253492474556
1760555351417384000,24.191384033203125,0.014188099828362465,0.0007436945067718625,-0.0032698154509067535
1760555351427390000,24.201389892578124,0.017631518280506134,0.01580868676751852,0.01214815496597439
1760555351437396000,24.21139599609375,0.02047463275194168,0.020424181206338106,0.03560094501217827
1760555351447401000,24.22140087890625,0.035890813070535654,-0.01673860629508272,0.018991244060080497
1760555351457407000,24.231406982421873,0.048043023157119745,-0.04485595408622175,-0.013289050363097339
1760555351467413000,24.2414130859375,0.02056348007917404,-0.050560157077200706,-0.008648110955767334
1760555351477419000,24.2514189453125,0.027059271839261052,-0.037354565480165185,-0.00011374430647119879
1760555351487424800,24.2614248046875,0.027432196804881095,-0.04693279689289629,-0.0034447518927045164
1760555351497431000,24.27143115234375,0.03605623276531696,-0.07431039570001885,-0.025871450294181704
1760555351507436000,24.28143603515625,0.02718962022066116,-0.0497452970303595,-0.02085802431264892
1760555351517442000,24.291442138671876,0.03447685461938381,-0.011496814917773008,-0.009231847394164652
1760555351527448000,24.301447998046875,0.024090485161542892,0.05513062506420537,0.03033706966722384
1760555351537453800,24.311453857421874,-0.0011094225466251372,0.05550581505214795,0.02539800582984462
1760555351547459800,24.3214599609375,0.021726678639650342,0.0013320340550504624,0.055801108204293993
1760555351557466000,24.331466064453124,0.034518940195441244,-0.03153875534087419,0.0822014594770968
1760555351567471900,24.341471923828124,0.03979074311852455,-0.013125238103512673,0.11662384396288543
1760555351577476900,24.351476806640626,0.024841011267900465,0.034296566149033605,0.12183478354420513
1760555351587483000,24.36148291015625,0.017236381483078003,0.03053756067538634,0.0608150273761712
1760555351597489000,24.371489013671876,-0.004420739051699638,0.010219141398463397,-0.0034929018833674487
1760555351607495200,24.3814951171875,0.018668460112810134,-0.0021899843249469993,-0.011186817386839538
1760555351617503000,24.3915029296875,0.028130700463056563,-0.01940798990111798,0.005481080025900155
1760555351627509000,24.401509033203126,0.028771920976042746,-0.024286135597806423,0.019605941892322152
1760555351637515000,24.411514892578126,0.030315643286705014,-0.008083755071274935,0.03612995558865368
1760555351647520000,24.42152001953125,0.0338064080119133,0.02654288328234106,0.03455861461870372
1760555351657526000,24.431526123046876,0.04118307425975799,-0.000014046791661530732,0.039697091752011325
1760555351667532000,24.441531982421875,0.029112112715840337,-0.023195490816887467,0.04441235677087679
1760555351677537800,24.451537841796874,0.019428338569402695,0.015813107214309275,0.09357137834588065
1760555351687543800,24.461543701171873,0.024543489626049995,0.02715390958646312,0.07239895432181656
1760555351697548800,24.471548828125,-0.005521978291869163,0.018080540689639747,0.06878723009806126
1760555351707555000,24.48155517578125,-0.0017728548914194106,0.045335499497782435,0.026310736760590224
1760555351717561000,24.49156103515625,0.024718261671066284,0.035987039986625315,0.046614396859798575
1760555351727566800,24.50156689453125,0.056440849146246905,-0.02480573902511969,0.030270452438108622
1760555351737572900,24.51157275390625,0.02636193722486496,-0.008466598642710595,0.010640289419982582
1760555351747579000,24.521578857421876,0.03204991973340511,-0.03800101015754044,0.0189740554632619
1760555351757585200,24.531585205078127,0.048991702184081075,-0.08054249502262101,0.01138449538340792
1760555351767590100,24.541590087890626,0.05021978267431259,-0.012444818091299385,0.06501149268532172
1760555351777596000,24.551595947265625,0.031233342653512953,0.014623897429741918,0.07849959101816639
1760555351787602000,24.561601806640624,-0.015008184039592741,0.05484996322561055,0.053846375673636794
1760555351797608000,24.57160791015625,-0.005299275451898574,0.06040790788000449,0.06768398156389593
1760555351807614000,24.581614013671874,0.015330840122699736,0.020329369929200036,0.04273339070798829
1760555351817620000,24.591619873046874,0.04716799388825893,0.02197931082700379,0.02452319575669244
1760555351827625000,24.601625,0.04578852222859859,-0.03499064936041832,-0.0005770692355930805
1760555351837631000,24.611630859375,0.01763385636806488,0.0018945541754830627,-0.03908303324058652
1760555351847637000,24.621636962890626,-0.0015308628290891647,0.07422380426195449,-0.0006332564022392034
1760555351857643000,24.63164306640625,-0.023695932886004446,0.11350761163849384,0.02786779347686097
1760555351867648800,24.641648681640625,-0.004577390918135643,0.10334566205367446,0.029773115641530602
1760555351877655000,24.651655029296876,0.004206804040074348,0.06860259424615651,0.05657751767057925
1760555351887660000,24.661659912109375,0.011035773277282715,0.01639121762951836,0.05089665902256965
1760555351897666000,24.671666015625,0.041949966979026795,-0.024239182050386443,0.03174699126407504
1760555351907671800,24.681671875,0.03693593820929527,-0.0033227238150779154,0.014405761167034506
1760555351917677800,24.691677734375,0.01920855833888054,-0.005692183759622276,-0.0024215463248081505
1760555351927684000,24.70168408203125,0.02470481766760349,-0.05247830219082534,-0.05223578040553257
1760555351937690000,24.711690185546875,0.029324294161796566,0.029478808870073408,-0.05417142464322969
1760555351947695000,24.721695068359374,-0.00376665905714035,0.07506740634609013,-0.03105610465677455
1760555351957700900,24.731700927734376,0.015385200658440588,-0.01818380013471469,-0.02239909800849855
1760555351967707000,24.741706787109376,0.03725391811728477,-0.03775956608448177,-0.019229217534419148
1760555351977713000,24.751712890625,0.05642214444577694,-0.005998619360290468,0.02593664275119081
1760555351987719200,24.76171923828125,0.042810967722535134,-0.03590073167635128,0.029829229742940513
1760555351997725000,24.771724853515625,0.027406477841734885,-0.014110577612742781,0.030244496012944728
1760555352007730000,24.78172998046875,0.008266893085837364,0.03633557942965999,0.05171758348401636
1760555352017736000,24.79173583984375,0.01231996786892414,0.004373538909107446,0.059162127336300906
1760555352027742000,24.801741943359374,0.04868658175766468,-0.025365455267112702,0.0612639767200686
1760555352037748000,24.811748046875,0.054820554468035694,-0.04347264650166034,0.023128563060518352
1760555352047754000,24.82175390625,0.05034487035870552,-0.03827091314010322,0.02935258867451921
1760555352057760000,24.831760009765624,0.025670447829365728,-0.004623641212657094,0.05889326553335413
1760555352067765000,24.841764892578126,0.024784897166490554,0.000892528392933309,0.034271267310995605
1760555352077771000,24.85177099609375,0.03555763559341431,0.04187927636299282,0.03765685462867841
1760555352087777000,24.861777099609377,-0.006045709905028343,0.06745625548893586,0.008484901484381408
1760555352097782800,24.87178271484375,-0.000654079994559288,0.051977878388017415,-0.003512209372036159
1760555352107789000,24.8817890625,0.010889642804861068,-0.007437219062354415,-0.02342078747274354
1760555352117795000,24.891795166015626,0.05415069238245487,-0.017867701656557617,0.002205017497297376
1760555352127800000,24.901800048828125,0.040837621822953224,-0.005847520451806486,0.025164982525259255
1760555352137805800,24.911805908203124,0.014966098463535308,-0.009449837526399642,0.04113660476952791
1760555352147811800,24.921811767578124,0.0300941094905138,-0.006129360467335209,0.0725730139807798
1760555352157817900,24.93181787109375,0.05794073231518268,-0.00022958923848345874,0.02845262589380145
1760555352167824100,24.94182421875,0.019626491490006445,0.026758991984743623,0.03995523123154417
1760555352177830000,24.951829833984377,0.012737901020050048,0.009387750341929495,0.029983360858727246
1760555352187835000,24.9618349609375,0.015004676908254622,-0.04327845737012103,-0.027116189658269285
1760555352197841000,24.9718408203125,0.048398996987938876,-0.01378591223563999,-0.012953553064726292
1760555352207847000,24.981846923828126,0.04466740924417972,0.03842143665985204,0.005248823906295001
1760555352217853200,24.991853271484374,0.004568038567900657,0.051604926022933796,-0.012435977197717874
1760555352227859000,25.00185888671875,0.002502338209748268,0.05507029144540429,0.003021886838134378
1760555352237864000,25.011864013671875,-0.004498480463027954,0.03629922034149058,0.05262286176066845
1760555352247870000,25.021869873046874,0.04968436062335968,-0.00046127910250797865,0.051441652619466184
1760555352257876000,25.0318759765625,0.05969195989668369,0.016838303809892385,0.0319600494928658
1760555352267882000,25.041882080078125,-0.006329787543416023,0.056665670878067606,0.02832227751240134
1760555352277888000,25.051887939453124,-0.005289923101663589,0.026492806196073068,0.008340232316683977
1760555352287894000,25.06189404296875,0.031080782440304756,-0.04379806993058882,-0.01376465025190264
1760555352297899000,25.07189892578125,0.08407236791551112,-0.07125625969325192,-0.01845437897071242
1760555352307905000,25.081905029296873,0.06537409718632697,-0.030257419426599517,-0.006604494565259665
1760555352317910800,25.091910888671876,-0.0067272624284029,-0.011513501191092654,-0.017069463950954378
1760555352327916800,25.101916748046875,-0.021637246790528294,0.01598370540770702,0.017006518249958753
1760555352337922800,25.1119228515625,0.01179272912442684,0.006793331668246537,0.022475104120466858
1760555352347929000,25.12192919921875,0.05910568444132804,0.0407596703490708,0.03580360971111804
1760555352357934000,25.13193408203125,0.01466799229979515,0.0021457341912668195,0.005669588335324078
1760555352367939800,25.14193994140625,0.023695932886004446,-0.07698094834983349,-0.02203388142529875
1760555352377945900,25.15194580078125,0.05475391897261143,-0.09019252216308377,-0.002170841233059764
1760555352387951900,25.161951904296874,0.055123921328783035,-0.01846951260776259,0.03889487199103459
1760555352397958000,25.1719580078125,0.014012158739566802,0.04519366160798818,0.04101264959629625
1760555352407964000,25.1819638671875,-0.017978139761090278,0.07826727096647955,0.02603904367974028
1760555352417969000,25.191968994140623,-0.04770692307054996,0.10773144852300173,0.03962683952739462
1760555352427975000,25.201974853515626,-0.028362755653262135,0.11212592975543811,0.047136447972524906
1760555352437981000,25.21198095703125,0.03449614384174347,0.08585226446907035,0.05425431715371087
1760555352447987000,25.221987060546876,0.009199205499887467,0.032835763748316094,0.023694855173770336
1760555352457992700,25.23199267578125,0.017739070308208465,-0.03908682349971496,0.003492152964696288
1760555352467999000,25.2419990234375,0.03048457011282444,-0.021543321429379283,0.030849841494951395
1760555352478004000,25.25200390625,0.025265958681702613,-0.01605074276193045,0.05033197434451431
1760555352488010000,25.262010009765625,0.030050270348787305,0.030232622912060466,0.050632619525212794
1760555352498016000,25.27201611328125,0.011628478473424912,0.012610511780716479,0.01366643230812624
1760555352508021800,25.282021728515623,-0.015139701464772224,0.028542706196894866,0.019246497462783008
1760555352518028000,25.292028076171874,-0.025446575945615765,0.07241038903128355,0.03693984719943255
1760555352528033000,25.302032958984373,0.043977673414349557,0.04608104803492315,0.0538335892572999
1760555352538039000,25.3120390625,0.027789924201369283,0.013615231843851506,0.058655255526397374
1760555352548044800,25.322044921875,0.015939327409863473,-0.03394183442723006,0.03503059777831659
1760555352558050800,25.33205078125,0.02925239796936512,-0.06939642063812353,0.018512465833500028
1760555352568056800,25.342056884765626,0.047209494942426676,-0.028616639082785694,0.02406706775333732
1760555352578063000,25.35206298828125,0.06217676244974136,-0.047618815528834235,-0.0034372261733748018
1760555352588068000,25.362068115234376,0.03764788587093353,-0.021332135497266425,0.006219477303046733
1760555352598073900,25.372073974609375,0.00968611223399639,0.028002032582089303,0.008556980339903384
1760555352608080000,25.382079833984374,-0.01303542266190052,0.04533390119574032,0.019478844913933424
1760555352618086000,25.3920859375,0.009270517170429229,0.04909122616895474,0.03991290819346904
1760555352628092000,25.402091796875,0.017796937975287436,0.05327074947645887,0.04732528507551178
1760555352638098000,25.412097900390624,-0.008996376404166222,0.06965075159221887,0.014221234912984073
1760555352648103000,25.42210302734375,0.003267477363348007,0.047397263466333966,0.01697396768722683
1760555352658109000,25.43210888671875,0.028256957191228865,-0.028772998688276857,0.04234652854856103
1760555352668115000,25.442114990234376,0.06536357579231261,-0.05969427971793338,0.05138778527406975
1760555352678121000,25.452120849609376,0.0719219113945961,-0.01654156761933118,0.04988297020168975
1760555352688126700,25.462126708984375,0.006938859352469444,0.019731047843024135,0.042907797426823525
1760555352698131700,25.472131591796874,-0.017467267629504204,-0.0005417147944215685,-0.008086495017632842
1760555352708138000,25.482137939453125,0.007971709531545638,0.01611051925830543,0.00395777944875881
1760555352718144000,25.49214404296875,0.06303367154002189,-0.01695812166412361,0.006565075870323926
1760555352728150000,25.50214990234375,0.06047521922886371,-0.051899488522717724,0.023409078768640755
1760555352738155800,25.51215576171875,0.023057634982466695,-0.011043061534594743,0.026026841785293072
1760555352748161800,25.522161865234374,0.01574117448925972,-0.03487908787787892,0.017007888223137705
1760555352758167000,25.5321669921875,0.05497369920313358,-0.02747630080808885,0.002750796545483172
1760555352768173000,25.542173095703124,0.04990472537577152,0.025842717390041795,0.016320910605974494
1760555352778178800,25.5521787109375,0.005319149196147919,0.04595827103862539,0.05061243525370955
1760555352788184800,25.562184814453126,-0.022962357914447784,0.08781158184329979,0.021494678248371927
1760555352798190800,25.57219091796875,-0.025953940945863722,0.0692862382619176,0.02729189328504726
1760555352808197000,25.582197021484376,0.022971710264682768,0.028401023570727556,0.0433933707203716
1760555352818202000,25.5922021484375,0.047342181411385534,0.014505988404806703,0.03029825376048684
1760555352828207900,25.602207763671874,0.031148586979508397,0.007040392631338909,0.026547888251021504
1760555352838214000,25.6122138671875,0.01600947003662586,-0.022754359453264622,0.020396726943831888
1760555352848220000,25.622219970703124,0.01706044039428234,-0.016819955302448942,0.01670804676003754
1760555352858226000,25.632225830078124,0.059254737523198125,0.004321388596761971,0.018461630695406347
1760555352868232000,25.64223193359375,0.03021042934656143,-0.01450299273012206,0.014855477695912122
1760555352878237000,25.65223681640625,0.02481412326097488,0.0025918065914884206,0.01599880251213908
1760555352888243000,25.662242919921876,0.025115152034163472,0.0033075079796370116,-0.017638751738891005
1760555352898249000,25.6722490234375,0.015243746361136436,0.02937905655633658,0.022740002134349197
1760555352908255000,25.6822548828125,0.028115502893924713,-0.004245893941447139,0.01470978561490774
1760555352918260700,25.6922607421875,0.027681203129887578,-0.03779879298317246,0.008764613474905491
1760555352928265700,25.702265625,0.012727379626035689,0.010825564592704177,0.045222266647964714
1760555352938272000,25.71227197265625,0.01407587162554264,0.02574236228810623,0.04070948366494849
1760555352948278000,25.722278076171875,-0.0020849895805120466,0.022917998182913287,0.026883732609264552
1760555352958283800,25.73228369140625,0.01722293747961521,0.023973051060643045,0.03543627423606813
1760555352968289800,25.742289794921874,0.026951719811558722,0.0007262410484720021,-0.004600534331705421
1760555352978295800,25.7522958984375,0.022024784803390502,-0.01640766644082032,0.007465531841386109
1760555352988300800,25.76230078125,0.012304185777902602,0.03395032826093956,0.01144201599061489
1760555352998307000,25.77230712890625,-0.009695464584231376,0.05362506107315421,0.02599314044509083
1760555353008312800,25.782312744140626,-0.006404021823406219,0.04233376953168772,0.04059670747285708
1760555353018318800,25.79231884765625,0.011394669717550278,0.04307779283202253,0.026461506875511256
1760555353028324900,25.802324951171876,0.02514145551919937,0.03660668798862025,0.048017815650627016
1760555353038331000,25.812330810546875,0.011342062747478484,0.039580808428581804,0.031748379503563046
1760555353048336100,25.822336181640626,-0.010246668726205825,0.05298248885329813,0.009038461980223655
1760555353058342000,25.832341796875,-0.0014449381113052367,0.007472107712645083,0.008749470704700796
1760555353068348000,25.842347900390624,0.04328092332184314,-0.01464062023567967,0.029413305885810405
1760555353078354000,25.85235400390625,0.07048691015541553,-0.02930813761143945,0.0033646541275084017
1760555353088360000,25.86235986328125,0.037545010018348694,-0.048980130477296185,0.02843837817274034
1760555353098365000,25.872364990234374,0.0071557169735431666,-0.016211851607775316,0.007998122614435851
1760555353108371000,25.882370849609377,0.031550153517723084,-0.020936167582776395,0.01993760326579213
1760555353118377000,25.892376953125,0.02647124281823635,-0.02547931830459274,0.032115568848140534
1760555353128383000,25.902383056640623,0.048315994879603384,-0.012582463863166048,0.029193580454215405
1760555353138389000,25.912388916015626,0.039647535255551335,-0.02681161722112447,0.004295870563015341
1760555353148394800,25.922394775390625,0.004201543343067169,-0.02121021701749414,0.016302552965376527
1760555353158399700,25.932399658203124,0.023983517655730247,-0.014947393763065336,0.03293581745615229
1760555353168406000,25.942406005859375,0.03388122681379318,-0.009023127413773908,0.03895423749545589
1760555353178412000,25.952412109375,0.030753450182080266,0.002671685160975903,0.01599326782049611
1760555353188417800,25.962417724609374,0.004877835169434547,0.04464002804690972,0.02303328599249944
1760555353198423800,25.972423828125,-0.025928221982717513,0.04792032835921272,0.016334062348492443
1760555353208428800,25.9824287109375,0.002220014137029648,0.057486513141123574,0.009750135647226125
1760555353218434800,25.992434814453127,0.009549918633699417,0.07174629909936338,0.04852346361782402
1760555353228441000,26.002441162109374,0.002644377028942108,0.07879536822750233,0.050343719581235194
1760555353238446800,26.01244677734375,-0.015196400088071823,0.09576765541429631,0.023741379462927578
1760555353248452900,26.022452880859376,-0.02240706211924553,0.06890108400238677,0.03595479995114729
1760555353258459000,26.032458984375,0.01900923637449741,0.033959918073192236,0.05669937221826985
1760555353268463900,26.0424638671875,0.06040332303643226,-0.013747790448646992,0.040518180610239506
1760555353278470000,26.052469970703125,0.05000350957512855,0.015019326488114892,0.05645356249734759
1760555353288476000,26.062475830078125,-0.02310147412419319,0.044023667980544266,0.07089872409300878
1760555353298481400,26.0724814453125,-0.003425298273563385,0.0512864985903725,0.05132721419325098
1760555353308487700,26.08248779296875,0.011446692165732382,0.09029138856083155,0.07535541124092414
1760555353318492700,26.09249267578125,0.02702420052587986,0.05779556995714083,0.03474460217747837
1760555353328498700,26.102498779296877,0.05412906507253647,-0.02409857713645324,-0.039228177332319314
1760555353338504400,26.11250439453125,0.0348912806391716,-0.13000254537081346,-0.043847525962349025
1760555353348510500,26.122510498046875,0.07839256871342659,-0.10023231580611318,-0.003994622594118118
1760555353358516500,26.1325166015625,0.10708207210302352,-0.12883068857984617,0.029912158786039797
1760555353368522800,26.142522705078125,0.10660860937237739,-0.1430059837255627,0.010551807418931275
1760555353378527700,26.15252783203125,0.040005847173929215,-0.08510698992656543,-0.02165847224164754
1760555353388533500,26.162533447265623,-0.0050040918976068495,-0.029332075609453022,-0.0386940704556182
1760555353398539500,26.17253955078125,0.006885083338618278,-0.012608338089939206,0.011753383494727312
1760555353408545500,26.182545654296874,0.04644786292016506,-0.024341263318527488,0.01775929111232981
1760555353418551600,26.192551513671877,0.04573416169285774,-0.010971640266198665,0.0285997975458391
1760555353428556500,26.202556640625,-0.0036152678877115246,0.010444054461829364,0.05964790155924856
1760555353438562600,26.2125625,-0.012998013260960579,0.053544049992505456,0.05412935733348131
1760555353448568600,26.222568603515626,-0.0002466682374477386,0.07405556242242455,0.051102648189757016
1760555353458574600,26.23257470703125,0.03700841892361641,0.07113446907764301,0.05784552831239998
1760555353468580600,26.24258056640625,0.018574352088570594,0.04853489832729101,0.04615368401287123
1760555353478586400,26.25258642578125,-0.0010533084452152251,0.0629344854818657,0.007226023997087031
1760555353488591400,26.26259130859375,-0.004671498942375183,0.08912364168940111,0.026780527963116762
1760555353498597600,26.27259765625,0.046316345494985575,0.028589714543242006,0.030587190237082538
1760555353508603600,26.282603759765625,0.046419221347570414,-0.005943327242787927,0.02383453763909638
1760555353518609400,26.292609375,0.001623217287659645,-0.007806271570455283,0.01634343296503648
1760555353528615400,26.302615478515627,0.012507014873623847,0.00921138912802562,0.012281407690513878
1760555353538620400,26.312620361328126,0.0055956280499696726,0.018350571536365896,0.05495139603978023
1760555353548626400,26.32262646484375,0.051342649224400516,-0.0015807298528030514,0.06596897607324645
1760555353558632700,26.3326328125,0.037215339672565455,-0.014896394228190182,0.061168754450976845
1760555353568638500,26.342638427734375,0.013498948520421982,0.0019830818423070013,0.009128295688144862
1760555353578644500,26.35264453125,-0.006157938107848167,0.022695578470733016,-0.0038958931936882435
1760555353588650500,26.362650390625,0.015202829828858375,0.04649409494837746,0.017582637637481094
1760555353598655500,26.372655517578124,0.02473404376208782,0.02518668290041387,0.013050474100559949
1760555353608661800,26.382661865234375,0.025712533405423163,0.02495831750463694,0.010593180608935654
1760555353618667500,26.39266748046875,0.019075287348031995,-0.01055069317407906,-0.011500486445892601
1760555353628673500,26.402673583984374,-0.0021966332614421842,-0.008272354712244122,0.006622395548131317
1760555353638679600,26.412679443359377,0.040734745970368386,0.006227240484394133,0.013875179687980561
1760555353648684500,26.4226845703125,0.03725508716106415,-0.0020740845940075813,0.04982080995198339
1760555353658690600,26.432690673828127,0.04258183514177799,-0.01293430037498474,0.036580512367747724
1760555353668696600,26.442696533203126,0.005870353338122368,0.04274710870608687,-0.01255584071772173
1760555353678702600,26.45270263671875,-0.017364391776919366,0.06563897693390026,-0.011452994042355566
1760555353688708600,26.46270849609375,0.008036591461300849,0.06762763000046834,0.01504988602316007
1760555353698713600,26.472713623046875,0.0094721772223711,0.05775637045791372,-0.0014951704612001775
1760555353708719600,26.4827197265625,0.0236281283468008,0.009870437558647244,-0.023071407779492438
1760555353718725400,26.492725341796874,0.02704115166068077,-0.017779493650142104,-0.023764924735296518
1760555353728731600,26.502731689453125,0.042295419415831564,-0.03792156997947022,-0.02927057294687256
1760555353738737700,26.512737548828124,0.04544306979179382,-0.02843003046950325,-0.024797884512227027
1760555353748743400,26.522743408203127,0.023745617246627805,-0.0007692673394456505,-0.029367347852233796
1760555353758748400,26.53274853515625,-0.0046603930264711374,0.012153817521780729,-0.008767079426627605
1760555353768754400,26.54275439453125,0.014543489137291907,-0.007285261637344956,-0.005039729466568678
1760555353778760400,26.552760498046876,0.041077860319614405,0.004730809647869319,-0.0037344190216623244
1760555353788766700,26.5627666015625,0.030638299369812008,0.01724978895392269,0.023369112084433433
1760555353798772500,26.5727724609375,0.00673252312541008,0.00991745503814891,0.021493837998155504
1760555353808777500,26.582777587890625,0.01650923625230789,-0.01121666453583166,0.03648874243106693
1760555353818783500,26.592783447265624,0.05037935715019703,-0.021271007294021545,0.03204891508640721
1760555353828789500,26.60278955078125,0.06882686798870563,0.0009946553268469869,0.040845932993572205
1760555353838795500,26.61279541015625,0.029357027387619018,0.005022303407732397,0.04893560634898021
1760555353848801500,26.622801513671874,0.0023065233767032623,0.03276752995084971,0.030954817973077295
1760555353858807600,26.6328076171875,-0.008732757031917572,0.040800650813430546,0.03329688758719712
1760555353868812500,26.6428125,-0.007360299634933471,0.041909689767565574,0.04429722422491759
1760555353878818600,26.652818603515627,0.04382920485436916,0.016997878285776823,0.030128778945095837
1760555353888824600,26.662824462890626,0.02484042674601078,-0.0014504362703301012,-0.02457207639971748
1760555353898830600,26.67283056640625,0.0009206219762563705,-0.009877232625614851,-0.0401384057787247
1760555353908836600,26.682836669921876,-0.004268763360381126,0.026719025300536305,-0.018252280527353285
1760555353918841600,26.692841552734375,0.02676058115363121,0.01916672849114984,0.012547913139592855
1760555353928847600,26.70284765625,0.04506020795404911,-0.006862834974192083,0.05738452320452779
1760555353938853400,26.712853271484374,0.04239186552762985,0.0058541693883016705,0.0686024846483022
1760555353948859400,26.722859375,0.03910743702948093,0.03222200663099065,0.06756888555055483
1760555353958865700,26.73286572265625,0.016057985353469847,-0.0024301680226810275,0.05592062466442585
1760555353968870700,26.74287060546875,0.037760698595643044,0.009975669765099882,0.04394329622071236
1760555353978876700,26.752876708984374,0.03564882100820541,0.02328057528445497,0.017151918070018292
1760555353988882400,26.76288232421875,0.032630934491753576,0.036612788935843854,-0.021201449189148843
1760555353998888400,26.772888427734376,-0.0026940613895654678,-0.004326722359005362,-0.07147951965564861
1760555354008894500,26.78289453125,0.007520458632707595,-0.033811065920721736,-0.10295660793716087
1760555354018900700,26.792900634765626,0.028090952974557874,-0.04065035562254488,-0.07812666605254635
1760555354028905700,26.80290576171875,0.05945055235624313,-0.03903729440271854,-0.039244032488577066
1760555354038911500,26.812911376953124,0.02691606397628784,-0.01717405683659017,0.009036982409190385
1760555354048917500,26.82291748046875,0.003657353463768959,-0.004120148669928312,0.04457081700190901
1760555354058923500,26.832923583984375,0.010478723916411399,0.01739237576238811,0.08404575390322133
1760555354068929500,26.842929443359374,0.03270049259662628,0.00714554263940081,0.0834230188949965
1760555354078934500,26.8529345703125,0.045482232758402824,0.0015039565558545292,0.062256093029957264
1760555354088940500,26.8629404296875,0.018285598275065422,0.04619876526361331,0.07005955158881842
1760555354098946600,26.872946533203127,0.016841829207539558,0.010130951658356934,0.03153034370555542
1760555354108952600,26.88295263671875,0.030811317849159237,0.022359661047253756,0.02799818752403371
1760555354118958600,26.89295849609375,0.05061725755929947,-0.020637367299292237,0.022158932577073572
1760555354128963600,26.902963623046876,0.01969721863865852,-0.01801286401459947,0.06190367199624888
1760555354138969300,26.91296923828125,0.019437106397747993,0.04969855354549363,0.06344754043738357
1760555354148975600,26.9229755859375,0.007194879940152167,0.07091635108124464,0.052050423034420236
1760555354158981600,26.932981689453126,0.005557049605250358,0.024820479936525225,0.03161529117580503
1760555354168987400,26.9429873046875,0.04493512026965618,-0.022797321812156587,-0.02585650845337659
1760555354178993400,26.952993408203124,0.022670681491494177,-0.024333938528597353,-0.04051085582030937
1760555354188998400,26.962998291015627,0.010894903501868248,0.021121113961935042,-0.009156992059666663
1760555354199004700,26.973004638671874,-0.007616904744505882,0.058680773560144006,0.040553480252483856
1760555354209010700,26.9830107421875,0.011712065103650093,0.0731131122068502,0.0487561124630738
1760555354219016400,26.993016357421876,0.002148117944598198,0.0725864945168607,0.04102407517260872
1760555354229022500,27.0030224609375,-0.0018950199663639068,0.06438848368246108,0.04527459049024619
1760555354239027500,27.01302734375,0.016651859593391417,0.06302713220138102,0.010476623290870337
1760555354249033500,27.023033447265625,0.04582008641064167,-0.017743070629891007,-0.03319723573816009
1760555354259039700,27.033039794921876,0.04298866237699985,-0.05025878124414011,-0.03991131902458146
1760555354269045500,27.04304541015625,0.062168579143285746,-0.09576353636160492,-0.024124286966444922
1760555354279051500,27.053051513671875,0.06327507908046245,-0.09197059208573773,0.030749751254497096
1760555354289056500,27.063056396484374,0.05240180288851261,0.0009460486784577369,0.06400267183580435
1760555354299062000,27.07306201171875,0.032090836265683174,0.029863132012542336,0.028129714082367717
1760555354309068000,27.083068115234376,-0.022492986837029456,0.031153409285098313,0.030596716117253526
1760555354319074000,27.093073974609375,-0.008384381985664368,0.00750982764083892,0.02459606919665821
1760555354329080000,27.103080078125,0.03909340850412845,-0.009433836239669471,-0.006686501159751787
1760555354339085000,27.1130849609375,0.05424830753803253,-0.02419195450833067,-0.0033708646725863216
1760555354349091000,27.123091064453124,0.021826047360897063,-0.010834624681994318,-0.0005801014428958297
1760555354359097000,27.13309716796875,0.00032908582389354704,0.0007820172231644392,0.004662685448257252
1760555354369102800,27.143102783203126,0.02073649855852127,0.0038095300844870504,0.04146436628601514
1760555354379109000,27.153109130859374,0.03230009510219097,0.05688934183241799,0.10118377131205052
1760555354389115100,27.163115234375,0.033362171375751495,0.0770634755341336,0.0714486039275769
1760555354399120100,27.1731201171875,-0.028593641799688336,0.08332049010228365,0.07325726991789415
1760555354409126100,27.183126220703127,-0.03802957866489887,0.07688066631313413,0.038627727221138775
1760555354419132000,27.1931318359375,0.007137012273073196,0.06410577601725236,0.046111406640568744
1760555354429138000,27.203137939453125,0.04300795159935951,0.04387260560467839,0.048311382636567576
1760555354439144200,27.213144287109376,0.01287117201089859,0.06039484746903181,0.027662279233708977
1760555354449149200,27.223149169921875,-0.009029694151878357,0.029791071423329412,-0.016424599309312178
1760555354459155200,27.2331552734375,-0.006070844346284866,-0.02543828304130584,-0.01430861180233769
1760555354469161000,27.243160888671873,0.057043491214513777,-0.03551785157229751,0.04544955433150753
1760555354479167000,27.2531669921875,0.10608370871543883,-0.045443398585356766,0.04458177678734064
1760555354489173000,27.263173095703124,0.03421498881280422,-0.037018392328359184,0.03398239476648159
1760555354499178000,27.273177978515626,-0.014003390911221504,0.01816381679261103,0.02160929020452313
1760555354509184000,27.28318408203125,0.028472645768523215,-0.013420001532696187,0.003124114236747846
1760555354519190000,27.29318994140625,0.04372165282666683,-0.008694708310160785,0.012551392871467396
1760555354529196000,27.303196044921876,0.06913783363401889,-0.023205811281502245,0.020989404740510507
1760555354539202000,27.3132021484375,0.04413783241212368,-0.06610009163962677,0.023974804626312105
1760555354549207800,27.323207763671874,0.00614215601682663,-0.05344994196826592,0.05041500385231338
1760555354559212800,27.333212890625,0.04835632688999176,-0.04292803649725392,0.06397016693884507
1760555354569219000,27.343218994140624,0.05913607957959175,-0.025848982734046875,0.053456353442743416
1760555354579225000,27.35322509765625,0.028166356298327443,-0.007646496165171266,0.018834665258880702
1760555354589231000,27.363231201171875,-0.011024082839488983,0.01731521887294948,-0.027655246704723684
1760555354599236900,27.37323681640625,-0.015033903002738951,0.022646496898308395,-0.046990865489374846
1760555354609241900,27.383241943359376,0.031986206847429276,0.01595525563135743,-0.0281901846984867
1760555354619248000,27.393248046875,0.028124855244159697,0.03128417779160663,-0.013334588271565735
1760555354629254100,27.403254150390627,-0.0038736265629529952,0.051308217231836165,0.009460578116122633
1760555354639260200,27.41326025390625,-0.026747137150168417,0.06105765875931829,0.05896503386162221
1760555354649266000,27.423265869140625,-0.008784194958209991,0.06914682065807283,0.09269440371510572
1760555354659271000,27.43327099609375,0.0312964710175991,0.05995309505090117,0.09411506590167991
1760555354669277000,27.44327685546875,0.03379647113978863,0.04734853808693588,0.0699027901245281
1760555354679283200,27.453283203125,0.006816694277524947,-0.0008934965073131025,0.05365650652418844
1760555354689289200,27.463289306640625,0.018746786046028138,-0.009022734688129275,0.04088856655890122
1760555354699295000,27.473294921875,0.05251227752566337,0.0243463961513713,0.02839427416953258
1760555354709300000,27.483300048828124,0.04242050710022449,-0.04014337421478703,-0.0011989457272924481
1760555354719306000,27.493305908203126,0.03054945204257965,-0.028759792146831747,-0.020368816023599357
1760555354729312000,27.50331201171875,0.0034340661019086837,-0.030300116924010214,-0.0008383779197465628
1760555354739318000,27.513318115234377,0.02272328846156597,-0.04975483204368501,-0.00045712351719848806
1760555354749324000,27.523323974609376,0.04516249928474426,-0.030115097479615358,0.0193024654337205
1760555354759329000,27.5333291015625,0.04036532813608646,-0.023702015566918998,0.008548596104048192
1760555354769335000,27.5433349609375,0.014319032731652259,0.008166939842700957,-0.0013252481212373821
1760555354779341000,27.553341064453125,-0.013666121780872344,0.025675617194827645,0.02385934328678995
1760555354789346800,27.563346923828124,0.029584406402707097,-0.026211495903506875,0.0011728431716561316
1760555354799353000,27.57335302734375,0.06790390792489051,-0.06770350824827327,0.005440930678602308
1760555354809358000,27.583358154296874,0.04906184481084346,-0.0589696735041216,0.02856684512430802
1760555354819364000,27.593364013671874,0.028128946897387503,-0.024939631070476025,0.0278565414304845
1760555354829370000,27.6033701171875,0.008545125505328178,0.02697290873005986,-0.0068461943666450675
1760555354839376000,27.6133759765625,0.0024368717581033706,0.02365253213569522,-0.03637286096643656
1760555354849382000,27.6233818359375,-0.005603811356425285,0.00685660616280511,-0.028914836578071115
1760555354859388200,27.63338818359375,0.030798458367586132,-0.00044063817327842116,-0.03400638756342232
1760555354869393200,27.64339306640625,0.03937339448928833,-0.004248853083513677,-0.04699680203981697
1760555354879399200,27.653399169921876,-0.028366262784600256,0.081140159521671,0.011491243693511932
1760555354889405000,27.663405029296875,-0.014413140755891798,0.09217448062738404,0.017578144125454127
1760555354899411000,27.673410888671874,0.021531448328495024,0.03814151460677385,0.04281927889315411
1760555354909417200,27.683417236328125,0.024532968232035636,0.05884773675804026,0.06867823503194376
1760555354919422200,27.693422119140624,0.024217910933494565,0.10284533871556632,0.05555487835826352
1760555354929428200,27.70342822265625,-0.018897592693567274,0.06234241960654035,0.018307700509019195
1760555354939434000,27.71343408203125,0.011025836405158041,0.008251759448787198,-0.0008819521999917924
1760555354949440000,27.72343994140625,0.0419932215988636,-0.0015243874225299805,-0.004792842033412307
1760555354959446000,27.733446044921877,0.06756663879454136,-0.05449345053867437,0.0037521556077525016
1760555354969451000,27.743450927734376,0.037484219741821284,-0.04448130295439623,-0.022533282314799726
1760555354979457000,27.75345703125,0.013107903376221657,-0.013046729507204145,-0.028699129734467713
1760555354989463000,27.763463134765626,0.019421324306726453,0.021142796070780605,0.006261033156141639
1760555354999469000,27.773468994140625,0.026472411862015724,0.01620189646934159,0.020099168769363313
1760555355009475000,27.78347509765625,0.04593582174479961,-0.0066069331175182015,-0.009419807714316993
1760555355019480000,27.79347998046875,0.015429039800167082,-0.028954711930733172,-0.02539353058412671
1760555355029485800,27.80348583984375,-0.010268296036124228,-0.03691884094402194,-0.054455858474643896
1760555355039492000,27.8134921875,0.02600537887215614,-0.013090605181548743,-0.009826972876256331
1760555355049498000,27.823498046875,0.02411094342768192,0.03706730950400233,0.04380244471160695
1760555355059504000,27.833504150390624,0.029379239219427106,0.028439309754502026,0.04032726114802062
1760555355069509000,27.843509033203127,0.010111644169688225,-0.022533684173598884,0.025904557979339733
1760555355079515000,27.853514892578126,0.019137831190228462,0.01539266244568862,0.014634364024829118
1760555355089521000,27.86352099609375,0.021121113961935042,0.028676406446006147,-0.007117458189232274
1760555355099527200,27.873527099609376,0.025342531049251556,0.022092689807293935,-0.021905432740040122
1760555355109533200,27.883533203125,0.02568739896416664,-0.006501043323939666,-0.05085667407205328
1760555355119538200,27.8935380859375,-0.006872808378934859,-0.015405686324043199,-0.017673055867291985
1760555355129544000,27.9035439453125,0.03898118030130863,-0.022332617776701227,-0.003516922079771757
1760555355139550000,27.913550048828125,0.06148878018558025,-0.016852843791898338,0.005952716125641018
1760555355149556000,27.923555908203124,0.020388123512268066,0.0059745808975771066,0.04979897257951088
1760555355159562000,27.93356201171875,-0.000654079994559288,0.021743547576060517,0.05764299147762358
1760555355169567200,27.943567138671874,0.0424900652050972,0.003715769120119512,0.08458290212037972
1760555355179573000,27.953572998046877,0.05179506916701793,0.03510321548995562,0.08568060682974755
1760555355189579000,27.9635791015625,0.02322480824291706,0.013809631037944928,0.012023432607762514
1760555355199585000,27.9735849609375,-0.017305939587950705,0.01042981587392278,-0.03392064550872892
1760555355209591000,27.983591064453126,-0.019065350475907326,0.0041069329953286795,-0.041764052485488354
1760555355219596000,27.993595947265625,0.03199672824144363,-0.002339028273662552,-0.029201864225370806
1760555355229600000,28.00360009765625,0.03202361624836921,-0.0027000618720892816,-0.03130417026686482
1760555355239606000,28.01360595703125,0.046422728478908534,-0.014958846738841384,-0.03482361309728585
1760555355249612000,28.023612060546874,0.005759878700971603,-0.004142835425771773,-0.0076221289088949555
1760555355259617000,28.033616943359377,-0.02249415588080883,0.027125679005822165,0.047131753531098365
1760555355269623000,28.043623046875,0.028545711004734037,0.0413483204246033,0.0648411502202507
1760555355279629000,28.053629150390623,0.06654781714081764,0.03787193128461949,0.0973027194944676
1760555355289634800,28.063634765625,0.023448095604777335,0.03434931924957782,0.05213579062977806
1760555355299641000,28.07364111328125,-0.004833996027708053,0.0077084189528599375,0.02559156477372162
1760555355309646600,28.083646484375,0.000848141261935234,0.0056850416327826675,0.05167376260859891
1760555355319652900,28.09365283203125,0.05619301186501979,0.036453314924659204,0.0561918336880859
1760555355329658600,28.10365869140625,0.04104629613757133,0.023313865632703528,0.08135504438136704
1760555355339664600,28.11366455078125,0.02141395942866802,0.03226566310962662,0.03187458143280819
1760555355349670700,28.123670654296873,-0.03142623487710953,0.02879995062728412,-0.020866034089168532
1760555355359675600,28.133675537109376,-0.02487257544994354,0.028921576846111564,0.008659993189806118
1760555355369681700,28.143681640625,0.023712884020805357,0.05793982813288457,0.046747594785410906
1760555355379687700,28.153687744140626,0.03383621862828731,0.038989107879437504,0.02839936133660376
1760555355389693700,28.163693603515625,0.012394202148914336,0.008953651507291943,0.015104566219309345
1760555355399699700,28.17369970703125,0.0060714288681745525,-0.022682956451177596,0.01604593872264959
1760555355409704700,28.18370458984375,0.032653730845451354,-0.004351564539317041,0.033821495983190834
1760555355419710700,28.193710693359375,0.04068272352218628,0.032108298857137556,0.07419676099140196
1760555355429716500,28.203716552734374,0.03494388760924339,-0.009376900154352188,0.043808719188766554
1760555355439722800,28.21372265625,0.04089607401192188,-0.010037921346351503,0.02205488768070936
1760555355449728800,28.223728759765624,0.039680268481373786,-0.07501605975134298,-0.005564739721361548
1760555355459733800,28.233733642578127,0.0627022476285696,-0.03798062495663762,-0.0022559622332453725
1760555355469739800,28.24373974609375,0.03080956428349018,0.007326251234859227,0.037845874394755806
1760555355479745500,28.25374560546875,0.013735679885745047,0.002478190149180591,0.029062282224744558
1760555355489751800,28.263751708984376,0.017018939340114593,-0.013655600386857985,0.011115332186361774
1760555355499757800,28.2737578125,0.04319909025728702,-0.032134072619210925,0.021348766971658915
1760555355509762800,28.2837626953125,0.04798223288059234,-0.020200455453060567,0.02740340910181403
1760555355519768800,28.293768798828125,0.05067629427015781,-0.0006289272869937122,0.004120605327654629
1760555355529774600,28.303774658203125,0.012970540732145309,-0.0019135237374342977,-0.0019854929951019585
1760555355539780600,28.313780517578124,0.007149871754646301,-0.01311785851465538,-0.0006498970097862184
1760555355549787000,28.323786865234375,0.04532382732629776,-0.026373974722530693,-0.009113947502383962
1760555355559791900,28.3337919921875,0.040703181788325306,-0.0036589426326565444,0.00426011426304467
1760555355569797600,28.343797607421877,0.014387421792745589,-0.006634104252234101,0.0020979221273213625
1760555355579803600,28.3538037109375,0.011565934631228446,0.0008650558641180396,-0.0029175405476707965
1760555355589809700,28.3638095703125,0.025806641429662703,0.01726513265352696,-0.020224731377791613
1760555355599816700,28.373816650390626,0.03256312995254993,-0.012459540736395864,0.004265292761661112
1760555355609822700,28.38382275390625,0.01462181507050991,0.0044595914910547435,0.03957636058232747
1760555355619828700,28.393828857421877,0.00026829554736614226,0.034779728289786725,0.044226908068219196
1760555355629833700,28.403833740234376,0.018680735072493553,0.023508557087741792,0.0553132059563417
1760555355639839700,28.41383984375,0.021228665989637373,0.02330954565061256,0.055959997693588955
1760555355649845500,28.423845458984374,0.02945931871831417,0.03907536139078438,0.027553740825317797
1760555355659851800,28.433851806640625,0.03738952719569206,0.028143340748921036,-0.00009282938260585069
1760555355669857800,28.44385791015625,0.004175824379920959,-0.0034228871207684277,-0.018992266973387448
1760555355679862800,28.45386279296875,0.008373276069760321,-0.008412329438515007,-0.02576998094739392
1760555355689868800,28.463868896484374,0.009878419935703276,0.022955800309497863,-0.007492456380929797
1760555355699874600,28.47387451171875,0.036217560806870455,0.02740077875331044,0.01872040949575603
1760555355709880600,28.483880615234376,0.011226911935210228,0.02715701485900208,0.02931890560062602
1760555355719886800,28.493886962890624,0.009437105908989905,0.011337203909270465,0.014745441450178622
1760555355729891800,28.503891845703127,0.03966740899980068,-0.0078418360741809,0.015162908810423686
1760555355739897600,28.513897705078126,0.04879121117591858,-0.00747296622917056,0.024159467877680436
1760555355749903600,28.523903564453125,0.034568040034174914,0.01152403171826154,0.038992980336956674
1760555355759909600,28.53390966796875,0.017805705803632735,-0.005797288101911545,0.047042193817812945
1760555355769916000,28.543916015625,0.014213234269618987,0.015764646696392447,0.008877709327405317
1760555355779921000,28.5539208984375,0.005529577076435089,0.04315906877415254,0.015536664893105625
1760555355789926700,28.5639267578125,0.019288053315877914,0.02176911127557978,0.02848951470493339
1760555355799932700,28.5739326171875,0.025561142235994337,0.022360866623651235,0.01984560500024818
1760555355809938700,28.583938720703124,0.011029343536496162,0.0162777290513739,0.02740684316791594
1760555355819944700,28.59394482421875,0.017137597283720968,0.03107168581839651,0.031747712783282624
1760555355829949700,28.60394970703125,0.020109306570887563,0.025731018910184502,0.03651647068820894
1760555355839955700,28.613955810546877,0.017540917387604712,0.02691038315417245,0.032060203665401785
1760555355849961700,28.623961669921876,0.007327566409111023,0.04628039739876985,0.02884708683779463
1760555355859967700,28.6339677734375,0.011170797833800315,0.07358407245315611,0.019329663967899976
1760555355869973800,28.643973876953126,-0.0062421092599630355,0.05220368650052696,0.023111018270673227
1760555355879978800,28.653978759765625,0.016593991926312446,0.01278422437980771,0.00823915569554083
1760555355889984500,28.663984619140624,0.02355155597925186,0.057691853854339566,0.01652982238261029
1760555355899990800,28.67399072265625,-0.014417816931009292,0.1160115755497478,0.03589125146195292
1760555355909996800,28.683996826171875,-0.049153614747524256,0.20007015240192413,0.099569440583745
1760555355920002800,28.6940029296875,-0.05880933184325695,0.2447496356763877,0.1652411781429313
1760555355930007800,28.7040078125,-0.03048281654715538,0.12338617770466953,0.16140245849657803
1760555355940013600,28.714013671875,0.06471475649476051,0.020269629965443164,0.1022016431177035
1760555355950019600,28.72401953125,0.06734861212968826,-0.07767499502860009,0.009714826871827243
1760555355960025900,28.73402587890625,0.10854629943668842,-0.29096473102029413,-0.11310300375982187
1760555355970031600,28.744031494140625,0.11523732150793074,-0.3681813512895256,-0.07143193592056632
1760555355980036600,28.75403662109375,0.12942074516117572,-0.20487000869801267,-0.014252497700927779
1760555355990042600,28.764042724609375,0.07147416762709617,-0.0347606582631357,0.01707950128777884
1760555356000048600,28.774048583984374,-0.01666004289984703,-0.013544121102709323,-0.013844528821390121
1760555356010054700,28.7840546875,-0.015565817922353743,-0.0673903871784918,-0.04863676039972342
1760555356020060700,28.794060791015625,0.03177811705470085,-0.10976858950695022,-0.04710075560463592
1760555356030065700,28.804065673828124,0.1150304007589817,-0.0899997669368051,-0.010560703111439943
1760555356040071700,28.81407177734375,0.08518529759347439,-0.04245062824385241,0.007247660440159961
1760555356050077700,28.82407763671875,-0.006413374173641204,-0.0891734721804969,-0.05157751742620021
1760555356060083700,28.834083740234377,-0.01136661266684532,-0.0758846775457263,-0.04573753182687797
1760555356070088700,28.844088623046876,0.07613982135057448,-0.057047381938342,0.015246303644403814
1760555356080094700,28.8540947265625,0.08474982878565787,0.006772014885582029,0.04799332053018734
1760555356090100700,28.864100830078126,-0.016179565906524657,0.0975192574551329,0.05429639359661378
1760555356100106800,28.874106689453125,-0.06023790334165096,0.09088086062027141,0.0008877608862705528
1760555356110112800,28.88411279296875,-0.02305880402624607,0.030575938190706073,0.0036601664753630756
1760555356120117800,28.89411767578125,0.06870061126053333,0.026387016867194323,0.034990028305910525
1760555356130123500,28.90412353515625,0.04941548055410385,0.056402709092944855,0.010742471152823417
1760555356140129800,28.9141298828125,-0.019973697492480277,0.05698008885579183,-0.02215373581214808
1760555356150135800,28.9241357421875,-0.06421966645419597,0.061322063582856204,-0.05080200300905853
1760555356160141800,28.934141845703124,-0.002233458140492439,0.06511340042352676,-0.017950922960601745
1760555356170146800,28.944146728515626,0.07214461423456668,0.016372403331194073,0.020222840814804657
1760555356180152600,28.954152587890626,0.04266717533767223,0.046915078573115165,0.018292557738814504
1760555356190158600,28.96415869140625,-0.001741290709376335,0.04137114417776465,-0.015514946251641957
1760555356200164900,28.974164794921876,-0.02039922942817211,-0.0016876060270704328,-0.030282106343284248
1760555356210170600,28.984170654296875,0.016595160970091817,-0.013491806393582374,0.027738504541385916
1760555356220175600,28.994175537109374,0.07511398543417454,-0.02661748288851231,0.06715123552721924
1760555356230181600,29.004181640625,0.06361234821081162,-0.040002741901390255,0.05187656430485658
1760555356240187600,29.014187744140624,0.0024456395864486695,-0.029933950492739676,0.053154183025239034
1760555356250193700,29.024193603515624,0.0024690204620361326,0.030273849971592423,0.047865584230981764
1760555356260199700,29.03419970703125,0.02656359727680683,0.029820279251504687,0.05074440020346083
1760555356270204700,29.04420458984375,0.06052782619893551,-0.0035515732680447398,0.04978286169492639
1760555356280210700,29.054210693359376,0.0446902055978775,-0.03827840232681483,0.004069852387951687
1760555356290216700,29.064216796875,0.019146014496684072,-0.06817735457140953,-0.05020752598093822
1760555356300223000,29.074222900390627,0.0019756839871406555,0.012904343628138302,0.0030732242997270074
1760555356310228700,29.084228759765626,0.03881868321597576,0.002259852957073599,0.028319957691151646
1760555356320233700,29.094233642578125,0.03869418005347252,-0.04774078880753368,0.040010724278446284
1760555356330239700,29.10423974609375,0.010889642804861068,-0.03057124374927953,0.03446185797965154
1760555356340245800,29.114245849609375,0.0011848258703947066,0.03843076161062345,0.029044828766444698
1760555356350251800,29.124251708984374,-0.017354454904794692,0.06036769460062496,0.03856901930384338
1760555356360256800,29.1342568359375,0.015723054310679434,0.04472232690234668,0.028009896228136492
1760555356370262800,29.1442626953125,0.039083471632003784,-0.037695076880371194,-0.0025906923466362058
1760555356380268800,29.154268798828124,0.05391629910469055,-0.0598437620580662,0.022318388321949167
1760555356390274800,29.16427490234375,0.03523088785707951,-0.041959520258661356,0.0327792751875706
1760555356400280800,29.17428076171875,0.03210135765969753,-0.00960931153758429,0.017395462768618017
1760555356410285800,29.184285888671877,-0.008450432959198952,0.06950781772388145,-0.0021126813050359487
1760555356420291800,29.194291748046876,-0.02266658983826637,0.10276079310411587,-0.01829291393184103
1760555356430297900,29.2042978515625,-0.004099252012372017,0.06497408328438177,-0.02087029927233234
1760555356440303900,29.214303955078126,0.006246200913190841,-0.019854034901876,-0.043120380731578915
1760555356450309600,29.2243095703125,0.06447451799809932,-0.047960797366918995,-0.04799532069102861
1760555356460314600,29.234314697265624,0.046857028242945666,-0.03980868976716883,-0.0312954298379831
1760555356470320600,29.244320556640623,0.005769815573096275,-0.062157719822553914,-0.03621067440835759
1760555356480327000,29.254326904296875,0.029775545060634612,-0.05570287199420854,-0.00785044863889925
1760555356490333000,29.2643330078125,0.04103811283111572,-0.032790107108838853,0.026438125999923793
1760555356500338000,29.274337890625,0.033439912787079806,0.016805780646624042,0.04872061189142987
1760555356510343700,29.28434375,0.006555997514724731,0.0035070034739561376,0.03427637274437584
1760555356520349700,29.294349609375,0.015744681620597837,-0.03882841002554632,-0.0017231339981779454
1760555356530355700,29.304355712890626,0.04437865543067455,-0.06356734915846027,0.005904283007187768
1760555356540362000,29.314362060546873,0.06477379320561885,-0.04571285404334776,0.001573423329181969
1760555356550367000,29.324366943359376,0.039545243924856185,-0.03900118190972134,-0.028730940511683
1760555356560372700,29.334372802734375,-0.010661679267883301,0.027640149600291625,-0.03352490592310205
1760555356570378800,29.344378662109374,-0.031097733575105667,0.06405897773345932,-0.01970276246345602
1760555356580384800,29.354384765625,0.002911503532528877,0.08156859580050223,-0.004624198335083201
1760555356590390800,29.364390869140625,0.01401098969578743,0.10860496168821118,0.021725774457352236
1760555356600395800,29.374395751953124,-0.005271802923083305,0.11701900815977714,0.036264039430255066
1760555356610401800,29.38440185546875,-0.04670797516107559,0.1186044507203158,0.054703613557480275
1760555356620407800,29.39440771484375,0.010895488023757933,0.04908666872484609,0.07210834647794254
1760555356630413800,29.404413818359377,0.0461760602414608,0.0510556489765644,0.08767013667915016
1760555356640418800,29.414418701171876,0.05438333209455013,0.0008238288045860826,0.03505918455198407
1760555356650424800,29.4244248046875,0.019363456639647482,-0.027727517356490716,-0.027648606901383026
1760555356660430600,29.4344306640625,-0.014750994408130646,0.004038425203226507,-0.03856808772208169
1760555356670436900,29.444436767578125,-0.006535539248585701,0.029286291105812413,-0.017556343285599723
1760555356680443000,29.45444287109375,0.03339198199212551,0.02500875078393146,0.043771665980853136
1760555356690448000,29.46444775390625,0.0333791225105524,0.0026033417656552045,0.016436846869532017
1760555356700453600,29.47445361328125,0.01885784520506859,-0.01500826623798348,0.01442235610880889
1760555356710459600,29.484459716796874,0.030372341910004614,-0.03465722528812475,0.009433379581943154
1760555356720466000,29.4944658203125,0.034085224953293795,0.012623563058534636,0.04187241736394353
1760555356730472000,29.504471923828124,0.018952537751197814,0.012053097093664108,0.05737469593025744
1760555356740477000,29.514476806640626,0.03076981679499149,-0.03753491788259707,0.007960439218860119
1760555356750482700,29.524482666015626,0.006837152543663978,-0.04038401457024738,-0.02831040441151708
1760555356760488700,29.53448876953125,0.03438040850758552,-0.052705708605377,-0.033320231930166484
1760555356770494700,29.54449462890625,0.02510872229337692,-0.011036704859044403,-0.0027474538109265264
1760555356780501000,29.5545009765625,0.018534604600071905,0.008530028400896117,-0.014200502652209252
1760555356790506000,29.564506103515626,0.0044768531531095505,0.01779091922645457,0.005837400916591286
1760555356800511700,29.57451171875,0.023038930281996727,0.01683526246943511,0.008802105074236169
1760555356810517800,29.584517822265624,0.023035423150658606,0.03898613047106191,0.02041225330652669
1760555356820523800,29.594523681640624,0.021836568754911422,0.018745324741303918,0.01676900143334642
1760555356830528800,29.60452880859375,0.02916998038291931,-0.015555214329948648,0.0008472462127916514
1760555356840534800,29.61453466796875,0.0269178175419569,0.012643802128965034,-0.0048220681278966365
1760555356850540800,29.624540771484376,0.007901566904783249,0.040632500305445865,0.01955477796066552
1760555356860546800,29.634546875,0.009386252504587174,0.040258634624909605,0.01588113094922155
1760555356870552800,29.644552734375,0.00757774177789688,0.02694097922183573,0.01626247668331489
1760555356880557800,29.654557861328126,0.005462357059121132,0.023736986415600403,0.02206277872622013
1760555356890563800,29.664563720703125,0.02369710192978382,0.010914996441826223,0.033565466262353585
1760555356900569600,29.674569580078124,0.018428221616148946,0.013736730198515578,0.022744778774166478
1760555356910575900,29.684575927734375,0.009868483063578605,0.04117661711950786,0.04431671437667682
1760555356920580900,29.694580810546874,0.0342418768197298,-0.016557989031169562,0.01222340302611701
1760555356930587000,29.7045869140625,0.045454760229587554,-0.06402342236288823,0.01152998653501272
1760555356940592600,29.714592529296876,0.06654314096570015,-0.05770889632068574,0.03945622306768782
1760555356950598700,29.7245986328125,0.03916062852144241,-0.04707703680233098,-0.000021124986419454216
1760555356960604700,29.734604736328127,0.016426234143972394,-0.06232357790875248,-0.0098994992563501
1760555356970610000,29.74460986328125,0.025413258197903632,-0.021832449702220036,0.00421781862443313
1760555356980616000,29.754615966796877,0.042321138378977774,-0.0038201884758193045,0.02005853536487557
1760555356990621700,29.76462158203125,0.03229308083951473,-0.002786214918736368,0.031256349069764836
1760555357000627700,29.774627685546875,0.007006079369783401,0.00872008934658952,0.029043385728029534
1760555357010633700,29.7846337890625,0.009548749589920044,0.018428924869047476,0.02146990000014193
1760555357020638700,29.794638671875,0.022561375898122786,0.01565374280097894,0.020128906320501117
1760555357030645000,29.80464501953125,0.04679331535696983,-0.003961441843723878,0.018806115017831325
1760555357040650800,29.814650634765623,0.024184593185782432,0.009455198688106611,0.00018817038270644844
1760555357050656800,29.82465673828125,0.0023141221612691877,0.06113808531807735,0.002419929756456986
1760555357060661800,29.834661865234374,-0.02450023500621319,0.07980033488580957,-0.0026551358849741516
1760555357070667800,29.844667724609376,0.002687047126889229,0.06641927712401374,0.02629810560788028
1760555357080673800,29.854673828125,0.006058569386601448,0.07944706446873023,0.05976688829641789
1760555357090679800,29.8646796875,0.0035860417932271956,0.10295417851805687,0.03690513207907788
1760555357100685800,29.874685791015626,-0.026884499794244766,0.09437891360279171,0.03850333365648985
1760555357110690800,29.88469091796875,-0.021140987706184385,0.04745696689747274,0.02462178815980442
1760555357120696800,29.89469677734375,0.012416998502612114,0.010386935713421553,0.010389639127161353
1760555357130702800,29.904702880859375,0.015611410629749297,0.018023549805395306,0.007632942563854157
1760555357140708600,29.91470849609375,0.050689153751730914,-0.032670955974888054,-0.0012218790783081203
1760555357150713600,29.924713623046873,0.02203179906606674,-0.04454482404412701,-0.013616738814348354
1760555357160720000,29.934719970703124,0.03274608530402184,-0.07463962765438482,0.0008002926653716713
1760555357170726000,29.944725830078124,0.053632221466302865,-0.05111212840415537,0.004128596837865189
1760555357180731600,29.954731689453126,0.029187516039609906,-0.015247710150200872,-0.005214985568774864
1760555357190737700,29.964737548828126,0.0110363577991724,-0.023597294817119835,0.018526192964753135
1760555357200742700,29.97474267578125,0.023269816428422928,-0.034614180730842055,0.018398977255355567
1760555357210748700,29.984748779296876,0.058097968703508376,-0.028198778996895997,-0.015162178158061578
1760555357220755000,29.9947548828125,0.03367430606484413,-0.009099087859969586,-0.0124629839356523
1760555357230760700,30.0047607421875,0.005083002352714539,0.020341946282982824,-0.025510937285562977
1760555357240766700,30.0147666015625,0.031577041524648665,-0.06016858269879594,-0.001006071770004928
1760555357250771700,30.024771728515624,0.07258592826128006,-0.09245974557586013,-0.01396728755137883
1760555357260777700,30.03477783203125,0.06435995170772076,-0.042672125507425517,0.026128923053434117
1760555357270784000,30.044783935546874,0.04193009323477745,-0.024960180668160317,0.0243362766161561
1760555357280789800,30.054789794921874,0.014717676660418509,-0.006996160763967782,-0.011596393701573834
1760555357290794800,30.064794677734376,-0.01953355250954628,0.007583057273831218,0.012831132261455058
1760555357300800300,30.07480029296875,0.03972352310121059,0.027165600024256855,0.00965441105463542
1760555357310806500,30.084806640625,0.035083588340878484,0.019097005989495663,0.007508320670342072
1760555357320812500,30.0948125,0.006501636978983879,0.023035149156022814,0.002616265179309994
1760555357330818300,30.104818359375,-0.012510522004961966,0.037192360655777155,0.013234059639694169
1760555357340823300,30.1148232421875,0.02699497443139553,0.028027276621200144,-0.016780006884550676
1760555357350829300,30.124829345703127,0.04749883327782154,-0.031716230799630284,-0.026639484657766294
1760555357360835300,30.13483544921875,0.025503274568915366,-0.00962007952677086,0.01603245818656869
1760555357370841600,30.144841552734373,0.005901917520165443,0.01943082278743386,0.00934073286242783
1760555357380846600,30.1548466796875,0.012032383099198341,0.019482169382181017,0.0049444341322407125
1760555357390852400,30.164852294921875,0.018456278666853905,0.02172616718299687,0.016877010118775067
1760555357400858400,30.1748583984375,0.022929624688625333,0.020604816736560314,0.018622072820970788
1760555357410864400,30.184864501953125,0.0043587797313928605,0.03266308319568634,0.03606015088860877
1760555357420870400,30.194870361328125,0.017367314386367797,0.005756901292596012,0.0228021441177465
1760555357430875400,30.20487548828125,0.03216039437055587,-0.014247940256819127,0.026211267574643714
1760555357440881400,30.21488134765625,0.04921615858972073,-0.030216767755802718,0.0008852766682393849
1760555357450887400,30.224887451171874,0.039485622692108154,-0.014960143646784127,0.017943963496852663
1760555357460893400,30.2348935546875,0.0106049806445837,0.021254987740982324,-0.0013571228305343538
1760555357470898400,30.2448984375,-0.0019581483304500578,0.019448011384252457,-0.006628368631191551
1760555357480904400,30.254904541015627,0.044595513051748276,-0.032247488132119174,0.0020696550140623
1760555357490910200,30.26491015625,0.061975102397799485,-0.06468043410005048,0.004162015050277114
1760555357500916500,30.27491650390625,0.057520461076498025,-0.05536403196128085,-0.016784591728122904
1760555357510922500,30.284922607421876,0.02046586492359638,-0.062089559090323744,-0.011196772525273263
1760555357520927500,30.294927490234375,0.03445055113434791,-0.05825754317939281,-0.02303239094335586
1760555357530933500,30.30493359375,0.03526712821424007,-0.04549673620779067,-0.017900334417680276
1760555357540939300,30.314939208984374,0.03666705814003944,-0.004387768363859504,0.02236393536357209
1760555357550945500,30.324945556640625,0.013366846573352813,0.04965562771921977,0.03863770062588155
1760555357560950500,30.334950439453124,0.017907412612438202,0.024719905638881025,0.02610444619930349
1760555357570956500,30.34495654296875,0.006287117445468902,-0.0002217712582089007,-0.010006338897999376
1760555357580962300,30.35496240234375,0.030731822872161862,-0.010645184790808707,0.009046353025734423
1760555357590968300,30.36496826171875,0.04395312349498272,-0.025386552854068576,-0.02058864191989414
1760555357600974300,30.374974365234376,0.029629999110102653,0.011215404160507023,-0.014514920629933476
1760555357610979300,30.384979248046875,-0.021654782447218895,0.061579161882773036,0.007139286428550258
1760555357620985600,30.394985595703126,-0.010105214428901672,0.07105972334099933,0.009786723064258694
1760555357630991400,30.404991455078125,0.007858896806836128,0.07549799804938957,0.025168014732562003
1760555357640997400,30.414997314453124,0.027169746476411818,0.07279116850979626,0.0028707239975687116
1760555357651002400,30.42500244140625,0.02927987049818039,0.0024833595146425066,-0.03758099464718252
1760555357661008400,30.43500830078125,0.0073047700554132455,0.01289899159958586,-0.05126465208474546
1760555357671014400,30.445014404296874,0.020800795966386794,-0.0035199725533835587,-0.04626362892705947
1760555357681020400,30.4550205078125,0.028304303464293478,-0.005523622259683907,0.011684053718717767
1760555357691026400,30.4650263671875,0.008122516179084778,0.016424462311994282,0.04812601613230072
1760555357701031400,30.475031494140627,0.016826631638407707,-0.0011079247092828154,0.03366046933573671
1760555357711037400,30.485037353515626,0.028530513435602187,-0.027465404954738912,0.04453277741330675
1760555357721043500,30.49504345703125,0.04158230271041393,-0.059644759754091496,0.040523002915829415
1760555357731049200,30.50504931640625,0.05298281764686107,-0.027630605453811585,0.046999706382956356
1760555357741054200,30.51505419921875,0.03476093225777149,-0.04726914357463829,0.04375275121782906
1760555357751060500,30.525060546875,0.023124854999780654,-0.03702828353471122,0.024349035633029415
1760555357761066500,30.53506640625,0.022268530431389807,-0.008565373708913103,0.016524917878629638
1760555357771072500,30.545072509765625,0.04251344608068466,-0.06259653136492707,0.015572275062603875
1760555357781078300,30.555078369140624,0.0367167425006628,-0.031106620134459806,0.02133828211026266
1760555357791083300,30.565083251953126,0.02777881828546524,0.007617452733777463,0.0018007018795702606
1760555357801089500,30.575089599609374,-0.004661562070250511,0.021250074103847143,0.012831241859309374
1760555357811095600,30.585095458984377,-0.004193360036611557,0.06551995366411283,0.02544428352382965
1760555357821101300,30.595101318359376,0.026045710882544516,0.06906035708417184,0.015592340603098272
1760555357831106300,30.605106201171875,0.010491583397984503,0.036390067829564214,0.026009771919483317
1760555357841112300,30.6151123046875,-0.0022258593559265137,0.027567477089725432,0.04466519902078434
1760555357851118300,30.625118408203125,0.010481062003970145,0.041075312169501554,0.07554180065849796
1760555357861124600,30.63512451171875,0.0318500132471323,0.04245803523217328,0.07936420849086716
1760555357871130400,30.64513037109375,0.03944762876927852,0.030901105891307814,0.05253075389727018
1760555357881135400,30.65513525390625,0.02445698038637638,0.023047049656370652,-0.006953837725892663
1760555357891141400,30.665141357421874,-0.013422960674762724,0.012833022824442014,-0.008191982952412217
1760555357901147400,30.6751474609375,0.04446574919223785,-0.0030745942729059604,-0.030076701697986572
1760555357911153400,30.6851533203125,0.05357493832111358,-0.043501936528226356,-0.009032333633536472
1760555357921158400,30.695158447265626,0.04667758002281189,0.0012411317680496722,0.0058894233647733924
1760555357931164400,30.705164306640626,-0.0013584288716316222,-0.009980592535389587,0.03302580642770044
1760555357941170400,30.71517041015625,0.03694295247197151,-0.032527574581978844,0.01896992727741599
1760555357951176400,30.725176513671876,0.037511692270636554,0.0071125719515606756,0.06052882171277888
1760555357961182500,30.735182373046875,0.022962357914447784,0.03258104920173064,0.04817266828562133
1760555357971187500,30.7451875,0.029682606080174444,-0.01780158675094135,-0.012977107470249756
1760555357981193200,30.755193115234373,-0.01341010119318962,-0.02504844347350299,-0.035745102723222226
1760555357991199500,30.765199462890624,0.00036591070294380185,-0.023618602466629817,-0.01844752910481766
1760555358001205500,30.77520556640625,0.05394727876484394,-0.049104350512009114,0.0001551814285572618
1760555358011210500,30.78521044921875,0.046641924187541005,-0.1097719413746614,-0.0075169515013694755
1760555358021216500,30.795216552734374,0.04861994626224041,-0.05497433852395042,-0.013700042316783219
1760555358031222300,30.80522216796875,0.013645663514733314,0.020220493594091383,-0.011999412411358207
1760555358041228300,30.815228271484376,0.009181669843196868,0.02939260102449916,-0.011769046854740008
1760555358051233300,30.8252333984375,0.005891980648040771,0.06872800159095786,0.03098235443397425
1760555358061239600,30.835239501953126,0.0030330840855836865,0.11091413367972709,0.027179573750682175
1760555358071245300,30.845245361328125,-0.024230185893177984,0.12601053485888988,0.01311899102581665
1760555358081251300,30.855251220703124,-0.04491933817863464,0.14775254806498997,-0.009881232947297394
1760555358091257300,30.86525732421875,-0.036899113330245016,0.1369739826854784,0.012009952071681618
1760555358101262300,30.875262451171874,0.0032850130200386047,0.10218293841723353,0.02355210396852344
1760555358111268600,30.8852685546875,0.03164659962952137,0.014492781863361595,0.012426734445337205
1760555358121274400,30.8952744140625,0.07349252171218394,-0.08514152238382958,-0.009630454790312796
1760555358131280400,30.9052802734375,0.04740414073169231,-0.01415623425222002,-0.04834843584448099
1760555358141285400,30.915285400390626,0.012525135052204131,-0.03251306199943647,-0.05999103417480364
1760555358151291400,30.92529150390625,0.03063654580414295,-0.10175867599002085,-0.04558985785134136
1760555358161297400,30.93529736328125,0.05473229166269302,-0.09279838467938825,0.022072852595662697
1760555358171303400,30.945303466796876,0.05936755024790764,-0.04671726357922889,0.05376178439641371
1760555358181309400,30.955309326171875,0.04636486081182956,-0.0639607506565284,0.03532410996532999
1760555358191314400,30.965314453125,0.04880816231071949,-0.10496618506074883,-0.016004382869554683
1760555358201320400,30.975320556640625,0.05710545053482055,-0.15187271500122732,-0.014977697569783776
1760555358211326500,30.985326416015624,0.08456395082473754,-0.1649985467597842,-0.0011737747534178197
1760555358221332200,30.995332275390624,0.08419277942478656,-0.1327448480825871,-0.0051503776336554435
1760555358231337200,31.005337158203126,0.04343231449127197,-0.058392403339128936,-0.011272650773078203
1760555358241343500,31.015343505859374,-0.0006073182433843612,-0.011688163638254628,-0.005939975375076755
1760555358251349500,31.025349609375,0.00457096117734909,0.005422015915578231,-0.016889659537794068
1760555358261355500,31.03535546875,0.027228198665380475,0.042500330870784815,-0.004160727275488898
1760555358271360500,31.045360595703126,0.004529460123181343,0.09030355392266064,0.03688773341970518
1760555358281366300,31.0553662109375,-0.019065350475907326,0.10265602668854408,0.04140937556261196
1760555358291372300,31.065372314453125,-0.014089315629005431,0.06442967420937493,0.02761491469433531
1760555358301378800,31.07537890625,0.012560206365585327,0.055439617948140944,0.035768136538937685
1760555358311384600,31.085384521484375,0.005223872128129005,0.1144230368498247,0.04595750385364517
1760555358321389600,31.0953896484375,-0.01258358724117279,0.14888589947647415,0.02269020817587152
1760555358331395600,31.1053955078125,-0.0435574021756649,0.11958157039047218,-0.01610748705100268
1760555358341401600,31.115401611328124,-0.022774141865968704,0.09980755105540155,0.006824685787735507
1760555358351407900,31.125407958984376,0.01655073730647564,0.08772966658035293,0.028042775584431363
1760555358361412900,31.135412841796875,0.04630056340396404,-0.013458342515397816,0.03826362488279119
1760555358371418600,31.145418701171874,0.04718903667628765,-0.07784806830687448,0.010848004753375426
1760555358381424600,31.155424560546876,0.045099955442547794,-0.09749916451517492,-0.005052241888269781
1760555358391430700,31.1654306640625,0.05108838220238685,-0.09072691216757521,0.009110102444328368
1760555358401436700,31.175436767578127,0.042698739519715305,0.0036464850098825987,0.015521449057664722
1760555358411441700,31.185441650390626,0.01007657285630703,0.026351278833532703,-0.008956099192705005
1760555358421447700,31.19544775390625,-0.0169967275083065,0.005485947997262701,-0.02158868580791168
1760555358431453700,31.20545361328125,0.01846855362653732,0.02523536261403933,-0.004444521786086261
1760555358441459700,31.215459716796875,0.03462006248235702,0.03359886620845645,0.021437285505328325
1760555358451464700,31.225464599609374,0.03341594738960266,0.003296931786695495,0.013834646748192608
1760555358461470700,31.235470703125,-0.003988192853331566,0.012528377322060986,0.0125225595026277
1760555358471476500,31.2454765625,-0.00039396775364875793,0.008283597625466063,0.001922720824042335
1760555358481482800,31.255482666015624,0.02667641000151634,0.01630409646849148,0.03056442128284834
1760555358491487700,31.26548779296875,0.04222235417962074,0.03498218292617239,0.012093876628624274
1760555358501493800,31.27549365234375,0.03653554071485996,-0.008878586110239848,0.01770512237283401
1760555358511499500,31.28549951171875,0.04163315611481666,-0.07222572577991522,0.018550167495384812
1760555358521505500,31.295505615234376,0.05569090756177902,-0.06227772947303019,0.025902393421716987
1760555358531511600,31.305511474609375,0.03427168743610382,-0.007702811195980757,0.04885559991532937
1760555358541516500,31.3155166015625,0.014514847564697266,0.0219435819264967,-0.004369575120043009
1760555358551522800,31.325522705078125,-0.02902326538860798,0.031414918898651376,-0.026317303498694673
1760555358561528600,31.335528564453124,-0.015555881050229071,0.05010204717931337,-0.023246627349080517
1760555358571534600,31.34553466796875,0.03156009038984775,0.0483679533957038,0.005522151821805164
1760555358581539600,31.35553955078125,0.03183013950288296,0.06933956675119697,0.0025062106672674414
1760555358591545600,31.365545654296874,-0.00859948604106903,0.07538913084743544,0.012791065112547947
1760555358601552000,31.3755517578125,-0.011910218024253844,0.04978729127487167,-0.011286560567421838
1760555358611557600,31.3855576171875,0.014697218394279479,0.027727042432455343,-0.009361026731785385
1760555358621562600,31.395562744140626,0.056114101409912104,-0.03515025123576634,0.008287342218821868
1760555358631568600,31.405568603515626,0.06834580647349357,-0.0074632211532909415,-0.008026234464067965
1760555358641574700,31.41557470703125,0.003384381741285324,0.023642905790824443,-0.019754784911638124
1760555358651580700,31.42558056640625,-0.035242578294873234,0.03645492235985584,0.012703606024803592
1760555358661585700,31.435585693359375,0.017243980267643927,0.020864335322426632,0.05323219843120314
1760555358671591700,31.445591796875,0.07735679592490195,-0.004564759765425697,0.047034284505993125
1760555358681597700,31.45559765625,0.03092763770520687,-0.037913688067113975,0.028575329824863
1760555358691603700,31.465603759765624,-0.010856325057148933,0.006705635118484497,0.009178464105958118
1760555358701609700,31.475609619140624,0.009914660292863845,0.00394771471247077,0.015617100585019215
1760555358711614700,31.48561474609375,0.042810967722535134,-0.050605786317214366,0.03214672203822993
1760555358721620500,31.495620361328125,0.0848363380253315,-0.09618747912840916,0.02083491743169725
1760555358731626800,31.505626708984376,0.05789104795455932,-0.048405344530334696,-0.005007644694717601
1760555358741632800,31.5156328125,-0.00017360300123691558,-0.019823767627775667,0.009878008943749591
1760555358751637800,31.5256376953125,0.011796820777654647,-0.016866022933879867,0.02016951232552528
1760555358761643800,31.535643798828126,0.0486029951274395,-0.03269047352611087,0.01555508646578528
1760555358771649500,31.5456494140625,0.04366261611580848,-0.03191053866217844,-0.014335499809263273
1760555358781655600,31.555655517578124,-0.001973345899581909,0.008504081108886749,0.004407614708645269
1760555358791660500,31.56566064453125,-0.008406593817472458,0.040422967474302275,0.01864853156963363
1760555358801666800,31.575666748046874,0.00968085153698921,0.03411724579306319,0.032154613083740693
1760555358811672600,31.585672607421873,0.03014905454814434,0.029335765403881667,0.046296362152881916
1760555358821678600,31.5956787109375,0.03310264365673065,0.025381447420688343,0.053691632636496796
1760555358831684600,31.6056845703125,0.017199556604027746,0.037482977632805704,0.029560230942675843
1760555358841689600,31.615689697265626,0.0020469956576824187,0.03814614511611871,-0.003646749871363863
1760555358851695900,31.62569580078125,0.008731003466248511,0.02936397771821357,-0.003659764616563916
1760555358861701600,31.63570166015625,0.007922025170922279,0.06680322580714709,0.016646297502284867
1760555358871707600,31.645707763671876,0.009209142372012138,0.056000156174041325,0.010103652659477665
1760555358881712600,31.655712646484375,0.015139116942882537,0.02896579044717364,-0.010614570456836373
1760555358891718700,31.66571875,0.010291676911711692,0.04759498712867498,0.0036390414889436212
1760555358901724700,31.675724609375,0.00035071313381195067,0.033583559041470284,0.04075285701579414
1760555358911730700,31.685730712890624,0.030961539974808692,-0.0332481165420264,0.03630628026993945
1760555358921735700,31.695735595703123,0.05589607474505901,-0.06200736069958657,0.03535793003654107
1760555358931741700,31.70574169921875,0.04432780202627182,-0.0887096905936487,0.03520580821475014
1760555358941747700,31.715747802734374,0.051173137876391404,-0.09342859060801566,0.0044137065227143465
1760555358951753700,31.725753662109376,0.05683306333422661,-0.05017680204911157,-0.03338717795284465
1760555358961759500,31.735759521484376,0.03797288004159927,-0.03461021694177761,-0.017186989383399486
1760555358971764500,31.745764404296875,0.018218378257751463,-0.029852738482691345,-0.020392891018930822
1760555358981770800,31.755770751953126,0.05143266559541225,-0.03693904348183423,-0.027506577215343712
1760555358991776800,31.76577685546875,0.03677402564585209,-0.024729979508323594,-0.013193389702588319
1760555359001782500,31.775782470703124,0.027374329137802123,-0.01948639803272672,-0.029546266349405048
1760555359011787800,31.785787841796875,-0.003868365865945816,0.01044166157534346,-0.01544191754804924
1760555359021793500,31.79579345703125,0.014704817178845404,0.025548027026094496,0.007381214558798819
1760555359031799600,31.805799560546873,0.026223990058898923,0.03918895956678316,0.009572166998125612
1760555359041805800,31.815805908203124,0.016044541350007057,0.04810393216465599,0.010621621252130717
1760555359051810800,31.825810791015623,-0.022109540477395058,0.045841147464979436,-0.0014039667801000178
1760555359061816600,31.835816650390626,-0.02540682845711708,0.05369491143897175,-0.006184241592884063
1760555359071822600,31.845822509765625,0.013625205248594284,0.052338784122280775,0.019088037231750784
1760555359081828600,31.85582861328125,0.026765841850638388,0.03963001786516979,-0.010001315663009882
1760555359091833600,31.86583349609375,0.015671616384387015,0.027033525476651266,-0.0038897557138465343
1760555359101839600,31.875839599609375,-0.006935936743021011,0.012276658450160174,-0.02070951922005042
1760555359111845600,31.885845703125,0.03524316281676292,0.006454674298409372,-0.03906511399140581
1760555359121851600,31.8958515625,0.03193827605247497,-0.0020834095447789876,-0.001812565847299993
1760555359131857700,31.905857666015624,0.01996785227358341,-0.019404400571389122,-0.009396956561692059
1760555359141862700,31.915862548828127,0.012779402074217796,0.012615379752079024,-0.007256291271187365
1760555359151868700,31.92586865234375,0.010519055926799773,0.038385917821899054,0.02861194464135915
1760555359161874700,31.935874755859373,0.02681494168937206,0.021742880855780095,-0.006741309220064431
1760555359171880700,31.945880615234376,0.01768003359735012,-0.014017236773483455,-0.025223873105645177
1760555359181885700,31.9558857421875,0.016777531799674034,-0.017381562107428906,0.005433952948544174
1760555359191891700,31.9658916015625,0.042815643897652626,-0.0018999153371900318,0.00874678555727005
1760555359201897700,31.975897705078125,0.038487259304523465,-0.0411811014983803,-0.013370700764562933
1760555359211903500,31.985903564453125,0.023998130702972412,-0.03587172477757558,-0.002844594042468816
1760555359221908500,31.995908447265624,0.027633856856822965,-0.051423842968139795,-0.024700926943775264
1760555359231913500,32.00591357421875,0.02812427072227001,-0.055301816912647336,-0.009028251113463193
1760555359241918500,32.01591845703125,0.026059739407896992,-0.009201251326501368,0.021098043613601476
1760555359251924700,32.0259248046875,0.03790449098050594,0.00014275120524689553,0.044999015818722544
1760555359261930800,32.0359306640625,0.007104863569140434,0.010697755228262395,0.037491051341407
1760555359271936800,32.04593676757813,0.002638531810045242,-0.01584980422919616,0.03294447568664327
1760555359281942500,32.055942626953126,0.030772739404439923,0.005936641773674637,0.0261148123296909
1760555359291947500,32.06594750976563,0.022996260184049606,0.04567433953071013,0.007643171696923673
1760555359301953500,32.07595361328125,-0.007066869646310806,0.037836321115121245,-0.0012825506238266825
1760555359311959600,32.08595947265625,-0.010948679515719413,0.02099593494599685,0.01185671600503847
1760555359321965600,32.09596557617188,0.032279636836051936,0.038250838466454294,0.021869895635778083
1760555359331970600,32.10597045898437,0.0320984350502491,0.04935233392370864,0.031916447813156994
1760555359341976300,32.11597631835937,0.009778466692566871,0.0408199035031721,0.012590035248268395
1760555359351982300,32.125982421875,0.004675590595602989,0.03024533626316115,-0.01707917249421589
1760555359361988600,32.13598852539062,0.005266542226076126,0.006958495634701103,-0.015088838927214965
1760555359371993600,32.14599365234375,0.036086043381690976,-0.03621303076222539,-0.0018168675630819051
1760555359381999600,32.15599951171875,0.08022738292515277,-0.06291152473138645,0.011119579103216528
1760555359392005400,32.16600537109375,0.057335167637467384,-0.03618055326472968,0.015050982001703232
1760555359402011400,32.176011474609375,0.011417466071248054,-0.00892345729842782,0.009016304947342723
1760555359412016400,32.18601635742188,0.015623685589432716,-0.0225027410460636,0.005976197465928271
1760555359422022400,32.1960224609375,0.04301613490581512,-0.014742226579785345,0.015367272276105359
1760555359432028400,32.2060283203125,0.04152618860900402,-0.014708086848165838,0.022779667424457146
1760555359442034400,32.21603442382813,0.008616437175869941,-0.0011291684267111122,0.0031403073197230694
1760555359452039400,32.22603930664062,0.008332359537482261,0.03879289118759334,-0.008323810904845595
1760555359462045400,32.23604541015625,0.01881634415090084,0.021684994922392068,-0.00022437420724891126
1760555359472051500,32.24605151367187,0.008795885396003723,0.01733777776462957,0.005258157990220934
1760555359482057500,32.25605737304687,0.024953823992609977,0.029724381128977982,0.0014278043134137988
1760555359492063500,32.2660634765625,0.015077742144465446,0.026337405571807176,0.01884341482091695
1760555359502068500,32.276068359375,-0.005874444991350173,0.009665873163565993,0.009441663353098555
1760555359512074500,32.286074462890625,0.02359948677420616,0.003615998540073633,0.014277942669438198
1760555359522080500,32.29608056640625,0.028238252490758894,-0.027838001126796005,0.01223432627893053
1760555359532086300,32.30608618164062,0.015816577813029288,-0.006457542108930647,0.006405236532958224
1760555359542091300,32.31609130859375,0.015524901390075682,0.0014851787901483476,0.0036188754837494343
1760555359552097500,32.32609765625,0.016882161217927932,0.026912520312331614,-0.017442571579664945
1760555359562103600,32.336103515625,0.02721884631514549,-0.010184800737444311,-0.021270587168913332
1760555359572109600,32.34610961914063,0.03456511742472648,-0.027976167488470673,0.0041712943352758885
1760555359582114600,32.35611450195312,0.045947512182593346,-0.01400633178697899,0.008746338032698258
1760555359592120300,32.36612036132812,0.025614918249845502,-0.01215962620805949,0.02021288567637093
1760555359602126300,32.37612622070313,0.031015315988659857,-0.016645685580931602,-0.004353966558957472
1760555359612132600,32.38613256835937,0.02953764465153217,0.0004964234811253845,-0.005618186941649764
1760555359622138600,32.396138671875,0.041081951972842215,-0.020847868244815618,0.006376905487617477
1760555359632144400,32.40614428710938,0.03588496785163879,-0.028755846624076365,-0.022432552753528578
1760555359642150400,32.416150390625,0.02380991465449333,-0.014727887527178973,-0.0504444674088154
1760555359652155400,32.4261552734375,0.03151391316056251,-0.04448063623411581,-0.06575579911344684
1760555359662161400,32.43616137695312,0.03875497032999992,-0.03541658315490931,-0.023825249220943076
1760555359672167400,32.44616748046875,0.027128245422244072,0.05808529188502579,0.01870488313306123
1760555359682173400,32.45617333984375,0.039305005428195,0.06014474516548216,-0.02150824098284356
1760555359692178400,32.466178466796876,0.007514028891921043,-0.04760630310713313,-0.027578738269256425
1760555359702184400,32.476184326171875,0.02599018130302429,-0.05203915272173471,-0.010888464627927169
1760555359712190500,32.4861904296875,0.041896775487065316,0.00622789807152003,0.02304425491108559
1760555359722196200,32.4961962890625,0.04387888921499252,0.012480766187515108,0.041488560012355444
1760555359732202500,32.506202392578125,-0.005915361523628235,0.04706311787483282,0.0402221020068042
1760555359742207500,32.51620751953125,-0.01769581568837166,0.038540560394339264,0.028456516617629674
1760555359752213500,32.52621362304688,0.018852584508061408,-0.013434103123284876,0.005801352355675772
1760555359762219500,32.53621948242188,0.04087327765822411,-0.005461051018023863,0.015285786271421237
1760555359772225300,32.54622534179688,0.03939794440865516,0.04273314411281608,0.011974807693064212
1760555359782230300,32.55623022460937,0.0014209727138280869,0.02291991614536382,-0.0017788827734068035
1760555359792236500,32.56623657226562,0.002947159367799759,0.01782845649155788,0.01867179371421225
1760555359802242600,32.57624267578125,0.02181786405444145,0.021712330453889442,0.014888567114761098
1760555359812248600,32.58624853515625,0.04786299041509628,0.011179693526308983,0.033855918842600655
1760555359822253600,32.596253662109376,0.024226678761839864,0.00937401407752186,0.045072473780578
1760555359832259300,32.60625927734375,0.01001636710166931,0.02447115504220128,0.03053927770843729
1760555359842265300,32.616265380859375,0.00478664975464344,0.002766669968049973,0.020607419685600325
1760555359852271600,32.626271728515626,0.04894494043290615,-0.027348445777874437,-0.004707319174427539
1760555359862276600,32.63627661132813,0.06543781007230282,-0.07384233066369779,-0.049738812490645795
1760555359872282600,32.64628271484375,0.01788870791196823,-0.03812522105909884,-0.03247343324194662
1760555359882288400,32.65628833007813,0.015839374166727066,-0.008064675911469385,-0.017928647196711972
1760555359892294400,32.66629443359375,0.050451253342628476,-0.05315740702878684,-0.010285183238843455
1760555359902299400,32.67629931640625,0.04391103791892528,-0.03606052534794435,0.02475372571009211
1760555359912305400,32.68630541992187,0.04740414073169231,-0.03861438368237577,0.01302755901585333
1760555359922311400,32.6963115234375,0.029800094980001447,-0.004588168040476739,-0.002282594511844218
1760555359932317400,32.7063173828125,0.01250292322039604,-0.019543032723944632,-0.008090760200796649
1760555359942322400,32.716322509765625,0.047426352563500404,-0.0542724190659821,-0.005354512770473957
1760555359952328400,32.726328369140624,0.04793079495429992,-0.05674781446987763,0.0023894067540299146
1760555359962334500,32.73633447265625,0.010868015494942665,0.007252802406158298,0.02744144869041629
1760555359972340200,32.74634033203125,-0.018712299254536626,0.0436385685199406,0.03533903353982605
1760555359982345200,32.75634521484375,0.006916647520661354,0.035201469966350124,0.022934282597433773
1760555359992351500,32.7663515625,0.006952303355932235,0.007190523425443097,0.015312555547337979
1760555360002357500,32.776357421875,0.02867547486424446,0.0020331406622659414,0.023109785294812172
1760555360012363500,32.78636352539063,0.031083705049753187,0.030654181925533337,0.04781671272111125
1760555360022368500,32.79636840820312,-0.011402853024005889,0.07693289882387035,0.033508758505899454
1760555360032374300,32.80637426757813,-0.018431728747487067,0.07453594808420166,0.03228987510227598
1760555360042380500,32.81638061523437,0.022418168035149573,0.06471963359927758,0.011403665874758735
1760555360052386600,32.82638647460937,0.02076397108733654,0.06500818648338318,0.005830852444795891
1760555360062391600,32.8363916015625,0.010579846203327178,0.04144164299755357,0.004788859978038817
1760555360072397600,32.8463974609375,0.0077174425095319745,0.028879637400526553,0.00979544522683136
1760555360082403300,32.8564033203125,0.011734861457347869,0.05228324540960602,0.02996840075161308
1760555360092409300,32.866409423828124,0.0154500825881958,0.040772246702853586,0.0043787904729600995
1760555360102415600,32.87641552734375,0.021861703196167946,0.013516475043958052,0.004821848932188004
1760555360112420600,32.88642065429688,0.026032266879081726,-0.0033118736275006082,-0.01740086959609762
1760555360122426600,32.89642651367188,0.03814239138960838,-0.01668060163068585,-0.02817242984608747
1760555360132432400,32.906432373046876,0.057599371531605714,-0.08493183428905904,-0.04100126968575641
1760555360142438400,32.9164384765625,0.05117606048583984,-0.08622822164199315,-0.05598771681757644
1760555360152443400,32.926443359375,0.040265374892950054,-0.06099605563203804,-0.006444280768558383
1760555360162449400,32.93644946289062,0.029801848545670508,-0.01970651618996635,0.029408163919812068
1760555360172455400,32.94645532226563,0.016194178953766823,0.0076358469069935375,0.008716226022224874
1760555360182461400,32.95646142578125,-0.0023497779965400696,0.008811247361917048,0.0332630218502134
1760555360192466400,32.966466552734374,0.024448797079920766,-0.0439437254789751,0.029127593412762505
1760555360202472400,32.97647241210937,0.047502340409159655,-0.055887882305448874,0.03277253491953015
1760555360212478500,32.986478515625,0.03194353674948215,0.003900797697668895,0.04480146568631753
1760555360222484200,32.99648413085937,0.017131167542934415,0.018260025442391633,0.041845355827081945
1760555360232489500,33.006489501953126,0.0038134208083152768,0.021452291278215123,0.018712874643271787
1760555360242495500,33.01649560546875,0.0195195239841938,0.025543095122650263,0.034487485611252484
1760555360252501500,33.02650146484375,0.030577509093284605,0.06648482577404938,0.028747855113865805
1760555360262507500,33.036507568359376,0.003925649011135101,0.04163344837576151,0.030538620121311394
1760555360272512500,33.04651245117188,0.006148585757613182,0.026334729557530953,0.02730709998733364
1760555360282518300,33.05651831054688,0.012855389919877051,0.04317963663814589,0.024379512969683853
1760555360292524300,33.06652416992188,0.030775662013888358,0.022985747923189772,0.0037125542497262356
1760555360302530600,33.07653051757813,0.01726560757756233,0.026795223208749667,0.04789987009307369
1760555360312535600,33.08653564453125,0.014528876090049743,-0.002380593259911984,0.025390735838841647
1760555360322541600,33.09654150390625,0.041860535129904744,0.007123266875511035,-0.006647118997434154
1760555360332547300,33.10654736328125,-0.016100070929527283,0.06381722313314676,0.0075421133420895785
1760555360342553300,33.11655322265625,-0.012103110247850418,0.04336487527824938,-0.006632122357701883
1760555360352558300,33.126558349609375,0.011944704815745354,0.02426901093306951,-0.016336007710406556
1760555360362564400,33.136564453125,0.021927754169702527,-0.002156657444080338,-0.014073350874893366
1760555360372570600,33.146570556640626,0.062141691136360165,-0.02539856295227073,-0.0391062131867744
1760555360382576400,33.156576416015625,0.014687281522154807,-0.03260427481369115,-0.05942105226712301
1760555360392581400,33.16658129882813,0.011240940460562706,-0.06291454780553467,-0.03171670572366565
1760555360402587400,33.17658740234375,0.048204351198673244,-0.09146543730888515,-0.026162131203291937
1760555360412593400,33.18659350585938,0.041324528557062146,-0.03895863054278306,-0.018372335843602195
1760555360422599400,33.19659936523438,0.033570845690369604,-0.06534708131523803,-0.016353433769242837
1760555360432604400,33.2066044921875,0.03825403507053852,-0.09759603988523595,-0.043344325680565086
1760555360442610400,33.2166103515625,0.057310617718100546,-0.0867764849082101,-0.04914297462250106
1760555360452616400,33.22661645507812,0.05361760841906071,-0.06730319295222871,0.0037077867430634795
1760555360462622500,33.23662255859375,0.06069324589371681,-0.0308159483585041,0.012693075497634708
1760555360472627500,33.24662744140625,0.016291209587454794,0.02262640395835042,0.0009423588840290904
1760555360482633500,33.256633544921876,-0.007907412123680114,0.03652440739949234,-0.010837812152924016
1760555360492639200,33.26663916015625,-0.00024257658421993254,0.04981192339262925,-0.013650969877513125
1760555360502645500,33.2766455078125,0.011004209095239638,0.0744141392022837,0.007325228321552277
1760555360512650500,33.286650390625,0.03526712821424007,0.04122404559096321,0.0002496639121323824
1760555360522656500,33.29665649414063,0.010903671330213546,-0.014425169120403005,-0.010333506759442388
1760555360532662300,33.30666235351563,0.025295184776186943,-0.031468557915184645,-0.015552410451509057
1760555360542668300,33.316668212890626,0.02725859380364418,0.014336942847678436,0.0033840803471859543
1760555360552673300,33.32667333984375,0.00796995596587658,0.04260792856425978,0.028453393078781662
1760555360562679600,33.33667944335937,0.0024409634113311766,0.030643660531518978,0.00911367350774817
1760555360572685600,33.346685546875,-0.0011439093381166458,0.047526205341937015,-0.000336227950733155
1760555360582691300,33.35669140625,0.00035714287459850307,0.03249611086463555,0.012897712957952171
1760555360592696300,33.3666962890625,0.012180851659178734,0.030040159946726635,-0.009361446856893598
1760555360602702300,33.376702392578125,0.006195347508788108,0.039103299710480495,-0.007108425499405711
1760555360612708400,33.386708251953124,0.018017887249588964,0.02140794981298968,0.03689736889773048
1760555360622714600,33.396714599609375,0.0442108976483345,-0.017857116330461574,0.018609651730814948
1760555360632719600,33.4067197265625,0.03628419630229473,-0.06279974405313841,0.036736269185040145
1760555360642725400,33.41672534179688,0.040028059005737304,-0.03558080640644766,0.05132816404132172
1760555360652731400,33.4267314453125,0.03779518538713455,-0.051766409328114237,-0.0018158172503113747
1760555360662737400,33.4367373046875,0.02329495086967945,-0.04161974864397198,0.005567150874156505
1760555360672742400,33.44674243164062,0.021514497193694113,-0.003102276864275336,0.011015881266724318
1760555360682748400,33.45674853515625,0.02975041061937809,-0.024680843136971813,-0.0077939692113082855
1760555360692754400,33.46675439453125,0.03783142574429512,0.02838416376747191,0.04305313331480138
1760555360702760400,33.47676049804687,0.0076028762191534035,0.06306819943070877,0.02931614738795906
1760555360712765400,33.486765380859374,-0.005119242709875106,0.07200705979424528,0.03169387283734977
1760555360722771500,33.496771484375,0.002800444373488426,0.08502707482445984,0.0016671203614678234
1760555360732777500,33.506777587890625,0.012356792747974394,0.06245911392192356,0.008893637548899278
1760555360742783200,33.516783203125,0.011291793864965437,0.02514696281137876,0.007273598599014803
1760555360752788200,33.526788330078126,0.04644143317937851,-0.038153369441349054,-0.0048797257324215025
1760555360762794500,33.53679443359375,0.027122400203347205,-0.05691896065254695,0.03544632070604711
1760555360772800500,33.54680053710938,0.03547814061641693,-0.024452450341731307,0.03862435708711855
1760555360782806300,33.55680615234375,0.046378889337182046,-0.006504952314076945,0.018405982384877277
1760555360792811500,33.5668115234375,-0.008397825989127158,-0.008051706832041964,-0.020673680721689014
1760555360802817300,33.5768173828125,-0.0040665187865495675,0.006418872332666069,-0.02340586389824748
1760555360812823300,33.5868232421875,0.017462591454386712,0.029209006352210416,0.00899677826296538
1760555360822829600,33.59682958984375,0.029408465313911437,0.044920023165224116,0.01074532069703564
1760555360832834600,33.60683447265625,0.0192103119045496,0.024152782408567143,0.004650373955955729
1760555360842840300,33.61684033203125,-0.002056348007917404,0.014634564954228699,0.004111755300918594
1760555360852846300,33.626846435546874,0.010042086064815521,0.011779686979763209,-0.01252884311294183
1760555360862852400,33.63685229492187,0.023483166918158528,0.022385955399135127,0.016365233804890886
1760555360872857300,33.646857421875,0.02226619234383106,-0.005149053326249122,0.03836546868891455
1760555360882863600,33.65686352539063,0.019850363373756407,-0.018048017526371404,0.010534975015139206
1760555360892869400,33.666869384765626,0.03119827134013176,-0.006652891151094809,0.04090771878394298
1760555360902875400,33.67687548828125,0.05091770181059837,-0.030983349947817623,0.05414605273995548
1760555360912880400,33.68688037109375,0.04774140986204147,0.010289877680270001,0.03401072581182234
1760555360922886400,33.69688647460937,0.019575053563714025,-0.00879529174095951,0.03529157766890712
1760555360932892400,33.70689233398438,0.016698621344566345,0.01002746388441883,0.017835324623761698
1760555360942898400,33.7168984375,0.04300912064313888,-0.007648514592321589,-0.013111812366358935
1760555360952903400,33.7269033203125,0.03056114248037338,-0.04369777876073494,-0.006733025448909029
1760555360962909400,33.73690942382812,0.028290859460830688,-0.02586980632636696,-0.0193453364610672
1760555360972915500,33.74691552734375,0.014047230052947998,-0.005042149752518162,-0.00016710019521415232
1760555360982921500,33.75692138671875,0.01716156268119812,0.00937110973438248,0.01099914932763204
1760555360992926500,33.766926513671876,-0.0032218846559524533,0.005837839308008551,-0.01122820884315297
1760555361002932200,33.77693212890625,0.008273907348513602,0.040995050007523966,-0.009649707480054347
1760555361012938500,33.7869384765625,-0.011498714613914489,0.0069576097187120465,-0.02584247992802411
1760555361022944500,33.796944580078126,-0.002547346395254135,0.026151116618933153,-0.0028915841225069013
1760555361032949500,33.80694946289063,0.027656653210520743,0.02432651327396743,-0.02131844489863142
1760555361042955500,33.81695556640625,0.008623451438546181,-0.010849338193936273,0.006798309237463399
1760555361052961300,33.82696118164063,0.0033481413841247557,0.016389573661703617,0.032004966346826404
1760555361062967300,33.83696728515625,0.01647007328569889,0.048269753718236455,0.04043302307743579
1760555361072972300,33.84697216796875,0.018965981754660605,0.02524187455321662,0.027610877840034662
1760555361082978600,33.856978515625,0.016527356430888176,0.010265830084402114,0.0017861344981007278
1760555361092984300,33.866984375,0.015429039800167082,0.039254855276690793,0.008417845863848925
1760555361102990300,33.876990234375,0.02182663188278675,-0.004424374047201127,-0.03369377795029432
1760555361112995300,33.886995361328125,0.009514847320318221,-0.0007456033360678702,-0.0048781091640703374
1760555361123001300,33.89700146484375,0.04703530741930008,-0.003512629497144371,-0.004759834812954068
1760555361133007600,33.907007568359376,0.04220598756670951,0.002641710147820413,-0.027726156516466288
1760555361143013400,33.917013427734375,0.013453355813026428,-0.01505930230547674,0.006629446343425661
1760555361153018400,33.92701831054688,0.041700960654020305,-0.019388618480367586,-0.0031088892681524157
1760555361163024400,33.9370244140625,0.021312837141752243,0.03655740548679605,-0.0007185235328972339
1760555361173030400,33.94703051757813,0.01499298647046089,0.027502330298488958,0.019056381718162447
1760555361183036400,33.95703637695313,0.025877953100204465,-0.0032985757545102388,0.037597196863312275
1760555361193041400,33.96704150390625,0.023431144469976423,0.004259383610682562,0.03770542474444955
1760555361203047400,33.97704736328125,0.017373159605264664,0.023214021987421438,0.06283813070161268
1760555361213053400,33.98705346679687,0.00442541522681713,0.0358669481377583,0.042685204184707254
1760555361223059500,33.9970595703125,0.015436638584733008,-0.009340066142147406,0.021381171403918414
1760555361233064400,34.007064453125,0.019257658177614212,-0.02446018612361513,0.01264366513164714
1760555361243070500,34.017070556640626,0.04177577945590019,-0.0009946918594650924,0.00979918068703264
1760555361253076200,34.027076171875,0.032276714226603505,0.02402858064016327,-0.02278952209819108
1760555361263082500,34.03708251953125,0.0009627075523138045,0.003921064167562872,-0.04498527955431491
1760555361273087500,34.04708740234375,0.004822890111804009,-0.030997743799351152,-0.05263559337807819
1760555361283093500,34.05709350585938,0.04097966064214706,0.013133540140977128,-0.038408805507142096
1760555361293099500,34.067099609375,0.02028466313779354,0.005919334445847198,0.009390307625196874
1760555361303104500,34.0771044921875,0.0383639251857996,-0.04928098572054877,0.011385025106370449
1760555361313110500,34.08711059570312,0.030257191097736356,-0.039292356009176,-0.004378324682079255
1760555361323116500,34.09711645507812,0.03860416368246078,-0.013019978497596457,0.013932188838534056
1760555361333122600,34.10712255859375,0.03841887024343014,-0.022751665172679347,0.021570867023430765
1760555361343127600,34.11712744140625,0.0389870255202055,-0.032759693704266096,0.019189506578538566
1760555361353133600,34.127133544921875,0.019202128598093986,-0.023070183936785907,0.04034452281007543
1760555361363139600,34.1371396484375,0.04879588735103607,-0.013854785353923215,-0.004635057655815035
1760555361373145600,34.1471455078125,0.023932079729437828,0.009990876467386261,-0.019379202198050914
1760555361383150600,34.15715063476563,0.020193477723002434,-0.020704422919824716,-0.035151776472572234
1760555361393156600,34.16715649414063,0.021089549779891966,-0.017919477509567513,-0.015146551330666988
1760555361403162400,34.17716235351563,0.047121232137084,-0.04477177380095236,0.004117262593097985
1760555361413168400,34.18716845703125,0.037217093238234515,-0.004230778570706024,0.017468564537446944
1760555361423173400,34.19717333984375,0.006829553759098053,0.05905100424517877,0.00242174725420773
1760555361433179600,34.2071796875,-0.018311901760101317,0.045285970400786024,0.0034229236533865333
1760555361443185700,34.217185546875,0.006527940464019775,0.014766420306125655,-0.0017224033458158373
1760555361453191400,34.22719140625,0.03824351367652416,0.005643549711769447,-0.019431535173486916
1760555361463196400,34.237196533203125,0.0427425786614418,-0.02008039100365713,-0.021517474602069705
1760555361473202400,34.247202392578124,0.04325169722735882,-0.08946913065882399,-0.051837830596510315
1760555361483208400,34.25720849609375,0.06218436123430728,-0.1668192228483036,-0.029808698411565273
1760555361493214700,34.267214599609375,0.07509703429937362,-0.1375008469706401,0.026814448499027636
1760555361503219700,34.2772197265625,0.07406243055462837,-0.0041807197507470846,0.025051640077587214
1760555361513225500,34.2872255859375,-0.002657236510515213,0.058746514006424694,0.011690127266477793
1760555361523231500,34.2972314453125,-0.04222819939851761,0.0121634073340334,-0.0007210808161646127
1760555361533237500,34.30723754882813,0.0046603930264711374,-0.0032593579889740793,0.0075158007238991555
1760555361543242500,34.31724243164062,0.08187865726351737,-0.07917943564164452,0.018905374141223726
1760555361553248800,34.32724877929687,0.10193068068921565,-0.03970918404860422,0.02579197358349338
1760555361563254500,34.33725463867187,0.013254033848643302,-0.05765629848376847,-0.011625848124921321
1760555361573260500,34.34726049804687,-0.01796235767006874,-0.006065903309686109,-0.04035338196996599
1760555361583265500,34.357265625,-0.008371522504091263,0.11912913218154571,0.02314460087986663
1760555361593271600,34.367271484375,0.0002899228572845459,0.15748561384640633,0.023412640698906032
1760555361603277600,34.377277587890624,-0.025457681861519813,0.15762944276388732,0.008066822202783078
1760555361613282600,34.38728247070313,-0.06315525209307671,0.1747988964905962,-0.02280504846088588
1760555361623288600,34.39728857421875,-0.04161445141434669,0.1804695260055363,-0.010367865686770528
1760555361633294600,34.40729467773438,-0.003801730370521545,0.12134484460279345,0.017278010401409118
1760555361643300600,34.41730053710938,0.049267596516013146,0.04333152099791914,0.0006195749367587268
1760555361653305600,34.4273056640625,0.06570961275100708,-0.10254188965642824,-0.009731065620575099
1760555361663311400,34.43731127929688,0.05086743292808532,-0.11971272248947061,-0.027518358984682707
1760555361673317400,34.4473173828125,0.02928103954195976,0.003958062576549127,-0.013756795739009975
1760555361683323600,34.45732373046875,-0.012183774268627165,0.1158703861139249,-0.053249761487357314
1760555361693328600,34.46732861328125,-0.05151040700674057,0.06417551678521559,-0.05538206080831587
1760555361703334700,34.477334716796875,0.013913959062099456,-0.05004744004840031,-0.039858693788200616
1760555361713340400,34.48734033203125,0.09052373601198196,-0.07253509312318637,0.00017188596818596124
1760555361723346400,34.49734643554687,0.08722294090092182,-0.05117900136159732,0.012182258164975791
1760555361733351400,34.507351318359376,0.030244916138052937,-0.0681594261890743,0.00233540241131559
1760555361743357400,34.517357421875,0.03419453054666519,-0.11245075952932237,0.0026242110237479207
1760555361753363700,34.52736376953125,0.04485094911754131,-0.10045036987042985,0.012738412476703523
1760555361763369500,34.537369384765626,0.05802431894540786,-0.030514453794434664,0.03541811752486974
1760555361773374500,34.54737451171875,0.03647884209156036,0.036145043559931214,0.03893728636065498
1760555361783380500,34.55738037109375,-0.01855973904132843,0.031207139633176846,0.0036672355369664726
1760555361793386500,34.56738647460938,0.0007692308068275451,0.001825352263636887,-0.005258833843655884
1760555361803392800,34.57739282226562,0.02500467739701271,-0.0023829678800888357,0.005060425194725394
1760555361813397800,34.587397705078125,0.06329670639038086,0.010444648116873576,0.008078403042722494
1760555361823403500,34.597403564453124,-0.005987842237949371,0.0037114308717194943,0.016482677038945258
1760555361833409500,34.60740942382812,-0.016013561689853666,0.03477251309771091,0.00995093718264252
1760555361843414500,34.61741455078125,0.005362988337874412,0.057550618752744045,0.00019959595901891588
1760555361853420500,34.62742065429688,0.00890402194559574,0.06384958189963363,0.04116822375049815
1760555361863426600,34.637426513671876,0.017987492111325262,0.06242894711252302,0.018813458074070512
1760555361873432600,34.6474326171875,-0.008068740165233611,0.058472291041770943,-0.02034209241345525
1760555361883437600,34.6574375,-0.007632102313637733,0.022411318169254808,-0.04267817165572196
1760555361893443600,34.66744360351562,0.02196224096119404,0.012063070498406886,-0.0034503596495836972
1760555361903449600,34.67744970703125,0.05378361263573169,0.013450962926540523,-0.010950780141260474
1760555361913455400,34.68745532226563,0.010651157873868942,0.04583036120948381,0.0078171948232688
1760555361923460600,34.697460693359375,-0.017947160100936888,0.010746836800687014,-0.016048523405380547
1760555361933466400,34.70746630859375,0.024812369695305824,0.00040105508156120775,0.0006027699324302375
1760555361943472600,34.71747265625,0.0662134706199169,-0.04259934339900501,0.021246968831308184
1760555361953478700,34.727478759765624,0.05897299797236919,-0.0313161894982215,0.01850592649485916
1760555361963483600,34.73748364257813,-0.013498363998532294,0.04469002293478697,0.01868552084546536
1760555361973489400,34.747489501953126,-0.010547697499394416,0.05792119649765081,0.02123122327290475
1760555361983495400,34.757495361328125,0.017824410504102706,0.006169747276650741,0.028025541321840135
1760555361993501400,34.76750146484375,0.07894377285540104,-0.057510825598472724,0.02268178740739822
1760555362003506400,34.77750634765625,0.0646370150834322,-0.02616009450983256,0.0317652758394368
1760555362013512700,34.7875126953125,0.012801029384136199,-0.03171571934297681,0.0028509507180191577
1760555362023518500,34.7975185546875,0.004662731114029884,-0.00037897111391648646,-0.005960862899478525
1760555362033523500,34.8075234375,0.04096329402923584,-0.029888074657553804,0.008829586736205965
1760555362043529500,34.817529541015624,0.0687017803043127,-0.031729053748585284,0.011108692383021116
1760555362053535500,34.82753540039062,0.021040449941158293,0.03015193149182014,-0.027894370956532657
1760555362063541800,34.837541748046874,0.0038151743739843367,-0.0022315036454237996,-0.0990990009272471
1760555362073546800,34.84754663085938,-0.018467969104647635,0.01186846124175936,-0.12082781672505662
1760555362083552500,34.857552490234376,0.011901450195908546,0.026917077756440266,-0.06513919245190918
1760555362093558500,34.86755859375,0.043424715706706044,0.02176605166881345,0.02798303562067449
1760555362103564500,34.877564453125,0.03169394590258598,0.006494686648389324,0.06388628804767504
1760555362113569500,34.88756958007812,-0.01489712488055229,0.02502620424223132,0.05744858315037563
1760555362123575600,34.89757543945313,-0.006707973206043243,0.01830999293080531,0.002779237188678235
1760555362133581600,34.90758154296875,0.046373628640174865,-0.011438426660886033,-0.06302399039622396
1760555362143587600,34.91758764648438,0.04232698359787464,-0.01202700367118232,-0.07849674147395416
1760555362153592600,34.927592529296874,0.008975333616137504,-0.010929061499796807,-0.05452918857233598
1760555362163598600,34.9375986328125,0.02755085474848747,-0.006607481106789782,-0.06321964083248749
1760555362173604600,34.9476044921875,0.039241877064108845,0.005640398773457855,-0.04353336371295154
1760555362183610400,34.9576103515625,0.014128478595614433,-0.017256428757263347,-0.02402216916568577
1760555362193615400,34.967615478515626,0.018355740901827813,0.026234155259886757,-0.04731227946346626
1760555362203621600,34.97762158203125,0.0040606735676527025,0.027975756496516985,-0.07489394947532564
1760555362213627600,34.987627685546876,0.03917348800301552,-0.03566537028420717,-0.10558776015834882
1760555362223633400,34.99763330078125,0.03641980538070202,-0.061853722774144256,-0.04297435985701158
1760555362233638400,35.00763842773438,0.03438625372648239,-0.009255922389496117,0.020952022739034144
1760555362243644400,35.01764453125,0.02905015339553356,0.050820707709528505,0.05706546558430418
1760555362253650400,35.027650390625,-0.002025368347764015,0.03120735882888548,0.06380381566230207
1760555362263655400,35.03765551757812,0.004271101447939872,0.03052633602847345,0.09706037123911082
1760555362273661700,35.04766162109375,0.02607084532380104,0.04647085107010789,0.12714313735170288
1760555362283667500,35.05766748046875,0.05083586874604225,0.07690000120126642,0.09637368588289245
1760555362293673500,35.06767358398437,0.014279285243153571,0.045164508578740055,0.007911722972616553
1760555362303678500,35.077678466796876,0.0047153380841016765,-0.026534535579103975,-0.1126490403140895
1760555362313684500,35.0876845703125,0.02539338445365429,-0.0561538854310289,-0.08797301034955307
1760555362323690800,35.097690673828126,0.06087912385463714,-0.0732032564420253,-0.07210873920358717
1760555362333696500,35.107696533203125,0.06643909606933593,-0.0528506791671738,-0.06268789030965417
1760555362343701500,35.11770141601563,0.008292612048983574,-0.012457878502272068,-0.0311290054962039
1760555362353707500,35.12770751953125,-0.009732289463281632,-0.006131013568304478,-0.045279896853026
1760555362363713500,35.13771362304688,0.01203764379620552,-0.015852124050445855,-0.03172720885137096
1760555362373718500,35.14771850585937,0.04306698831021785,0.01651044182870537,-0.020817948030587285
1760555362383724500,35.157724609375,0.030572832918167113,0.009475921815726906,-0.022510759955737737
1760555362393730600,35.16773046875,0.003449263671040535,-0.0016515118003822863,-0.06300709406035021
1760555362403736600,35.17773657226562,0.03097381493449211,-0.06793265909533948,-0.10685230020144953
1760555362413741600,35.187741455078125,0.05654197143316268,-0.07629513064329511,-0.07451231148028746
1760555362423747600,35.19774755859375,0.04574526760876178,-0.00041134814671240743,-0.028895035899057984
1760555362433753600,35.207753662109376,0.009514262798428534,0.02983196968929842,-0.030729155991040168
1760555362443759400,35.21775927734375,0.00021451953351497648,0.009668850571941584,-0.0022580811250954864
1760555362453764400,35.22776440429688,0.04926642747223377,-0.028878623620374126,0.007022765643103048
1760555362463770600,35.2377705078125,0.07735971853435039,-0.06649591342364437,0.023262135445466264
1760555362473776600,35.24777661132813,0.03602233049571514,-0.059280474752653384,0.05150907356617972
1760555362483782700,35.25778271484375,0.02894903110861778,-0.048158621493959795,0.03467058709319681
1760555362493787600,35.26778759765625,0.024858546924591062,-0.01958538316148333,0.07229881841558963
1760555362503793400,35.27779345703125,0.04379997875988483,-0.03711703953039832,0.07731252752491273
1760555362513799400,35.28779931640625,0.060031567114591594,-0.03123505055340938,0.05752694561621174
1760555362523804400,35.297804443359375,0.012068038934469222,0.013267569183651358,0.053205730549385766
1760555362533810700,35.307810791015626,0.004352934512495995,0.003996348760323599,0.03127899929299019
1760555362543816400,35.31781640625,0.031048049214482305,-0.00902024133694358,-0.00461153064975515
1760555362553822500,35.327822509765625,0.0053606502503156656,0.014873113817302509,-0.013657381351990624
1760555362563827500,35.33782739257813,0.002113631153106689,0.032184451099578286,0.02689227210874669
1760555362573833500,35.34783349609375,-0.0027870003700256347,0.015819938813894985,0.04304181733634323
1760555362583839500,35.35783959960938,0.02626023041605949,0.016685305205266922,0.06299107450731098
1760555362593845500,35.36784545898438,0.028053543573617935,0.04415109375249594,0.06617934915460645
1760555362603850500,35.3778505859375,0.012032967621088027,0.045482598084583874,0.028557766768708824
1760555362613856500,35.3878564453125,-0.019840426501631734,0.08040052013550884,-0.029184292036062105
1760555362623862500,35.39786254882812,-0.03822714706361294,0.08984427498099394,-0.07588908885936252
1760555362633868500,35.40786865234375,-0.009771452429890632,0.00617257855455391,-0.06496559858382679
1760555362643873500,35.41787353515625,0.039032033705711365,-0.012305382221145555,-0.08044277924150228
1760555362653879600,35.427879638671875,0.05327449406981468,-0.059301106548728416,-0.09318210503365844
1760555362663885600,35.437885498046874,0.038810499909520145,-0.03915018932581879,-0.09964383012736215
1760555362673890600,35.447890625,-0.03220774064362049,0.012522385972691698,-0.05763205909165554
1760555362683896600,35.457896484375,-0.01944412066042423,0.06457366752363741,-0.01718190221632831
1760555362693902600,35.46790258789063,0.040732407882809636,0.03965148077830672,0.01980738274855539
1760555362703908400,35.47790844726563,0.025926468417048452,0.06484771695835516,0.05285952006075531
1760555362713913300,35.48791333007812,-0.025097616377472876,0.10925253887674771,0.07772433232935146
1760555362723919600,35.49791967773437,-0.03139817782640457,0.12507203929922542,0.09480752341155893
1760555362733925600,35.50792553710937,0.01300619656741619,0.08337036625915206,0.07997681483072228
1760555362743931600,35.517931640625,0.0424245987534523,0.04653617139128036,0.08567849707105196
1760555362753936600,35.5279365234375,0.030699089646339415,0.03864384723887779,0.036223460824694485
1760555362763942400,35.5379423828125,0.007920271605253219,-0.0024321407840587196,-0.028175973510043695
1760555362773948400,35.547948486328124,-0.008724573725461959,-0.03509780866247601,-0.04329451345577836
1760555362783953400,35.55795336914063,0.04794599252343178,-0.008090139146288856,-0.025108064706251022
1760555362793959700,35.56795971679688,0.0702010789513588,-0.03065565236341208,-0.011390614596940577
1760555362803965700,35.57796557617188,0.009120295044779778,-0.04000255923829973,-0.008717833457421512
1760555362813971500,35.587971435546876,0.0025222119539976117,-0.025353399503137915,-0.022940520541975273
1760555362823976400,35.5979765625,0.03453472228646278,-0.05080312638706527,0.0016838979663327336
1760555362833982500,35.607982421875,0.05710661957859993,-0.05264953970503993,0.03451687610251829
1760555362843988500,35.61798852539062,0.04959726686179638,-0.014235190373100339,0.03655697622853331
1760555362853994500,35.62799438476563,0.029077041402459144,-0.006012145562143996,0.03929529688493348
1760555362863999500,35.63799951171875,0.01065992570221424,-0.03331237741727382,0.03264849754790775
1760555362874005500,35.648005615234375,0.046400516647100445,-0.04915471072606742,0.0208788113723509
1760555362884011500,35.658011474609374,0.05864391214847564,-0.026494185302406548,0.027153644724981857
1760555362894016500,35.6680166015625,0.021364275068044662,-0.009960362598113715,0.008587284146621823
1760555362904022500,35.6780224609375,-0.009471592700481415,0.010353097375901415,-0.039211007001809774
1760555362914028500,35.68802856445313,-0.000045592707395553586,0.022563777917763216,-0.06163304749447852
1760555362924034600,35.69803466796875,0.017456161713600156,0.040728106167027725,-0.06810575977307744
1760555362934039600,35.70803955078125,0.027034721919894217,0.028154428398516028,-0.05342615923387929
1760555362944045600,35.71804565429687,0.03243219704926014,-0.021191028259834273,-0.04214941680757329
1760555362954051600,35.72805151367187,0.01582183851003647,-0.005112538974452763,-0.00951149545260705
1760555362964057300,35.73805737304688,0.005328501546382904,0.027744523290218783,0.008464306220924481
1760555362974062300,35.748062255859374,0.006956979531049728,0.04729670743499882,0.013232443071343004
1760555362984068600,35.758068603515625,-0.0029372224956750867,0.06530683150324039,-0.013946701421076431
1760555362994074600,35.76807470703125,0.0001841243952512741,0.06550570594305172,-0.002454517012648284
1760555363004079600,35.77807958984375,0.009430091646313667,0.012444964221771805,-0.015828405248140914
1760555363014085600,35.78808569335938,0.02494797877371311,0.033086806766781954,0.0070117510587442665
1760555363024091400,35.79809130859375,0.009033785805106163,0.07955763957058079,-0.0032857436724007126
1760555363034097400,35.808097412109376,-0.042945407757163045,0.11056352101061492,-0.02802389735402539
1760555363044102400,35.81810229492187,-0.009306757527589797,0.05695349310981109,-0.064148802308226
1760555363054108700,35.82810864257812,0.056363107734918594,-0.07593389611546882,-0.08036013332619331
1760555363064114700,35.83811474609375,0.07984101395606995,-0.09883665106347761,-0.027031251321174204
1760555363074120400,35.84812036132813,0.09105506640970706,-0.09510388514278456,0.014466441845707594
1760555363084125400,35.85812548828125,0.04331950176656246,-0.0720173254599329,-0.008843578728940338
1760555363094131500,35.86813134765625,-0.0021668226450681687,0.00354661396513693,-0.017131843396369365
1760555363104137500,35.878137451171874,-0.0032230536997318268,0.07566608462529256,-0.007850567369908095
1760555363114142500,35.888142578125,0.013226561319828033,0.05194702659202739,0.007787694734148681
1760555363124148500,35.8981484375,0.03372223685979843,-0.018954072121158242,-0.02704801065973006
1760555363134154500,35.90815454101563,0.032227614387869835,-0.04291791696203872,-0.016986251780064774
1760555363144160500,35.918160400390626,0.024898878934979437,-0.007443922797776758,-0.006284487096965313
1760555363154165500,35.92816552734375,0.023254618859291077,0.004677837351616472,0.009520098884170875
1760555363164171500,35.93817163085937,0.03164016988873482,0.0023650486309081315,-0.013488335794862359
1760555363174177500,35.94817749023437,0.05037234288752079,-0.07067936398759483,-0.024620655648643148
1760555363184183600,35.95818359375,0.04293956253826618,-0.11333603619756176,-0.051806385145476086
1760555363194188500,35.9681884765625,0.057959437015652655,-0.08840919154342264,-0.10373056971803307
1760555363204194600,35.978194580078124,0.026742460975050925,0.01431674944302067,-0.07559706537653692
1760555363214200600,35.98820068359375,0.007206570377945899,0.013973141903430223,-0.05838966339277103
1760555363224205600,35.99820556640625,0.003231821528077125,-0.020532792679965495,-0.032914304310665464
1760555363234210600,36.00821044921875,0.03262684283852577,-0.055377165437489745,-0.006835809969948604
1760555363244216300,36.01821630859375,0.07263327453434466,-0.0348099407649599,0.057697507276991376
1760555363254222600,36.02822265625,0.031225743868947026,0.034585858818655835,0.08011765720667317
1760555363264228600,36.038228515625,-0.01153963114619255,0.05250583865172229,0.059854899940011086
1760555363274233600,36.048233642578126,-0.0014835165560245513,0.039516547553334384,0.03647684649729635
1760555363284239600,36.058239501953125,0.03863748143017292,0.007486528963642195,0.06460856987365987
1760555363294245400,36.068245361328124,0.03326221813261509,0.016748351370962335,0.08625522837992756
1760555363304250400,36.07825048828125,0.021591069561243056,0.030947301386902108,0.0635455437520286
1760555363314256400,36.08825634765625,-0.015829437294602393,0.056195569148287175,0.012568987893662415
1760555363324262400,36.09826245117188,-0.01195522620975971,0.09689139874721876,-0.03703356249802746
1760555363334268400,36.108268310546876,-0.0007557868033647537,0.068034037110582,-0.04484035465829074
1760555363344273400,36.1182734375,0.030796704801917076,0.02067048411760479,0.0010048981596482917
1760555363354279400,36.12827954101562,0.03167056502699852,0.008373513531778008,0.03368056227569468
1760555363364285400,36.13828540039062,0.05410860680639743,-0.05143732350422069,0.025395969136385244
1760555363374291500,36.14829150390625,0.05065466696023941,-0.053692902144975956,0.03982129808699246
1760555363384296400,36.15829638671875,0.020422610303759574,-0.018235219794698058,0.06858462933120317
1760555363394302500,36.168302490234375,0.03926876507103443,-0.01451102990610525,0.030013911260617896
1760555363404308200,36.17830810546875,0.014418401452898978,0.0006667568130418658,0.016011908588884398
1760555363414313200,36.188313232421876,0.0027349779218435286,0.005886025831289589,0.0015526499692117795
1760555363424319500,36.19831958007813,0.0025771570116281508,-0.008597896872181444,0.005660505413147621
1760555363434325500,36.20832543945313,0.04492576791942119,-0.025377090905979276,-0.010420618787314742
1760555363444331500,36.21833154296875,0.061091305300593375,-0.028740722120180723,-0.016635337716853243
1760555363454336500,36.22833642578125,0.015016951867938041,-0.04444909031838178,-0.011305543829104862
1760555363464342300,36.23834228515625,0.03194178318381309,-0.03324952304782346,-0.012665516203851439
1760555363474348300,36.24834838867187,0.03061784110367298,-0.010671817069407551,0.011305644293804653
1760555363484353300,36.258353271484374,0.049048400807380675,-0.032661110434308645,-0.014260671874228864
1760555363494359600,36.268359619140625,0.02931727989912033,-0.02707315423414111,-0.004625750971352681
1760555363504365600,36.278365478515624,0.013473814079165458,0.009686660223267972,-0.00034838874598499387
1760555363514371300,36.288371337890624,0.004206219518184662,0.04703464069901965,-0.006919592962996103
1760555363524376300,36.298376220703126,-0.003116670715808868,0.03750832213661633,-0.007876263500167988
1760555363534382300,36.30838232421875,0.014693126741051672,0.02197222349909134,-0.011385563962487502
1760555363544388400,36.31838842773438,0.03175532070100307,0.021120465507963673,-0.008136654302291572
1760555363554394400,36.328394287109376,0.021132804399728772,0.013470425678836181,-0.00027434626223985106
1760555363564399400,36.3383994140625,0.022784078738093374,-0.00027859774567186833,0.011568788742017931
1760555363574405400,36.3484052734375,0.02563888364732265,-0.03174552995935082,0.028863645246950908
1760555363584411400,36.35841137695313,0.057223523956537244,-0.04121656553740613,0.02022176766914781
1760555363594416400,36.36841650390625,0.04002104474306106,0.0005322985121048987,0.025179622971965
1760555363604424400,36.378424560546875,-0.002624503284692764,0.037517427891679105,0.009109508789284154
1760555363614429400,36.38842944335938,-0.009662731358408927,0.0383362699938938,0.0011704594183247535
1760555363624435500,36.398435546875,-0.00039572131931781766,0.043948365121474486,0.00046975010333117094
1760555363634441500,36.40844140625,0.010513210707902908,0.036805279300641265,0.013975311027630232
1760555363644446500,36.418446533203124,0.022914427119493482,0.002669191809790209,0.01789682728634216
1760555363654452200,36.4284521484375,0.002692307823896408,-0.006737254099454731,0.02028954937546514
1760555363664458500,36.43845849609375,0.0230225636690855,-0.019759196225274354,0.028419248780584893
1760555363674464500,36.44846459960937,0.04454875130057335,-0.01501562756053172,0.05032479568505659
1760555363684469500,36.458469482421876,0.05066051217913627,-0.010651367936423049,0.047733427484985436
1760555363694475500,36.4684755859375,0.032228783431649206,-0.011553897133562713,0.024527287409920245
1760555363704481300,36.478481201171874,-0.008799977049231529,0.027933150330651548,-0.006129497464653104
1760555363714486300,36.488486328125,0.017518121033906934,0.021771641159383577,-0.06075817348924465
1760555363724492300,36.4984921875,0.02080138048827648,-0.017741517993621527,-0.08549017142471857
1760555363734498600,36.50849853515625,0.00807926155924797,-0.02003731904691085,-0.08577353667705319
1760555363744504600,36.51850463867188,0.029775545060634612,-0.006377161215944215,-0.02629479940594174
1760555363754509600,36.528509521484374,0.04009937067627906,-0.0038315227205865084,0.010788602716336027
1760555363764515300,36.53851538085937,0.04712532379031181,-0.006347368865879252,0.03426542209209874
1760555363774521300,36.54852124023437,0.008806991311907767,0.004108732226770371,0.04365523652695119
1760555363784527400,36.55852734375,0.0023567922592163085,0.016024585407366974,0.050189533666521305
1760555363794532400,36.568532470703126,0.00547463201880455,0.002700125804170966,0.06825552524100058
1760555363804538400,36.578538330078125,0.04539513899683952,-0.0003439180668443441,0.06176640981687233
1760555363814544400,36.58854443359375,0.04027881889641285,-0.015110320106660946,0.05767869297866709
1760555363824549400,36.59854931640625,0.01855272477865219,-0.01001699728933163,0.0016814868135377765
1760555363834555400,36.60855541992188,-0.005720131212472915,0.0260110140284989,0.00024628464495763183
1760555363844561400,36.6185615234375,0.019528291812539098,0.04020336077371612,-0.011092709362599998
1760555363854567400,36.6285673828125,0.024423078116774556,0.02063855460938066,-0.022460134880198164
1760555363864572400,36.63857250976562,0.0089624741345644,0.01820846878509037,-0.0031770865330006926
1760555363874578400,36.64857836914062,0.004879004213213921,0.025661570403166113,0.00029064437649212773
1760555363884584400,36.65858447265625,0.03700841892361641,-0.014623888296587392,0.021350940662436185
1760555363894589400,36.66858935546875,0.047588265126943585,-0.025568741020560264,0.0022429200885817407
1760555363904595500,36.678595458984375,0.05218962144255638,-0.05255203414731659,-0.015383803285798057
1760555363914601200,36.688601318359375,0.018498364242911337,-0.02532386288139969,-0.036731912670331074
1760555363924607500,36.698607421875,-0.00035831191837787623,-0.01550379466996528,-0.04989787550987675
1760555363934612500,36.70861254882813,0.03151274411678314,-0.03521340699931606,-0.05601238546795211
1760555363944618500,36.71861840820313,0.024320202264189718,-0.0034853304982651024,0.01786359173702076
1760555363954624500,36.72862451171875,0.025348376268148422,-0.0019348496532533316,0.05179327906873077
1760555363964629500,36.73862939453125,0.02413549334704876,-0.0037697734628338365,0.03176296515134163
1760555363974635300,36.74863525390625,0.011850596791505814,-0.02147875002687797,0.040803007167298344
1760555363984641300,36.75864135742187,0.028279753544926643,-0.016306735950149594,0.016976433638948945
1760555363994647600,36.7686474609375,0.030627193453907964,0.04265726586501114,0.050609476111643015
1760555364004652500,36.778652587890626,0.011434417206048965,0.005479070731904357,0.03865853335135616
1760555364014658600,36.788658447265625,0.02218202119171619,-0.04423785872049629,-0.019001911584567276
1760555364024664300,36.798664306640624,0.04296177437007427,-0.06516003431053832,-0.03871041880222037
1760555364034670300,36.80867041015625,0.018688333857059477,0.011818712949054315,-0.014581939717847853
1760555364044675300,36.81867529296875,-0.012458499556779861,0.04182245900868438,-0.022641765924263743
1760555364054681300,36.82868139648438,-0.027882278659939766,0.03365268788808025,-0.04507056495128199
1760555364064687600,36.8386875,0.000986088427901268,0.011792984852753579,-0.009467610645107925
1760555364074692600,36.848692626953124,0.029829905596375463,0.02499948976524174,0.005213843924459069
1760555364084698400,36.85869848632812,0.019162381109595297,0.022979208584548903,0.02382123976610601
1760555364094704400,36.86870434570312,0.01284545304775238,-0.027677659465931353,0.011839143815729767
1760555364104710400,36.87871044921875,0.011622048732638359,-0.0032930684623308478,-0.023358645489346234
1760555364114715400,36.88871533203125,0.021324527579545973,0.02746944180903956,-0.01241528146956116
1760555364124721400,36.898721435546875,0.006792728880047798,0.011202380282152443,-0.03483399749398231
1760555364134727400,36.9087275390625,0.03297054170966148,-0.022969746636459603,-0.01578481270158663
1760555364144732400,36.918732421875,0.021736615511775016,-0.014591584329027681,0.002433729952946305
1760555364154738400,36.92873852539063,0.02127250513136387,-0.012762158678472042,0.004318027595896274
1760555364164744400,36.93874438476563,0.03771627493202686,-0.006394112350745126,-0.02008685727706179
1760555364174750200,36.948750244140626,0.019157704934477805,0.02771766268275678,-0.031063703441340476
1760555364184755200,36.95875512695312,-0.013761983370780944,0.03899883468900807,-0.02901066163536161
1760555364194761500,36.96876147460937,-0.0019441198050975798,0.029266125100618226,0.008185242684371768
1760555364204767500,36.978767578125,0.030945173361897466,0.023552441895240916,0.029455062668304888
1760555364214772500,36.9887724609375,0.017148703199625016,0.03311503734742291,0.02537024104008451
1760555364224778500,36.998778564453126,0.012485387563705444,0.019966591898258775,0.0397306652280502
1760555364234784300,37.0087841796875,0.006908464214205741,0.00329494075900875,0.06421084382692352
1760555364244790300,37.018790283203124,0.026884499794244766,0.03562426195568405,0.05238194741057232
1760555364254795300,37.02879516601563,0.03129997814893722,0.035627275896677746,0.02843622274827212
1760555364264801500,37.03880151367188,0.01733458116054535,0.01516512816697359,-0.03588294029133394
1760555364274807600,37.0488076171875,-0.005893149691820144,0.012785393423587083,-0.052041445143520826
1760555364284812500,37.0588125,0.00020049100816249847,0.028902123226970434,-0.058898160904180256
1760555364294818300,37.068818359375,0.045804888841509815,0.0038822025950532406,-0.07056786643713713
1760555364304824300,37.07882421875,0.020064882907271386,-0.028330177691066636,-0.057318581828847526
1760555364314830300,37.08883032226562,0.02067161662876606,-0.07360769079076125,-0.034470790204778314
1760555364324835300,37.09883544921875,0.03682604809403419,-0.06601544556347654,0.023487678696494547
1760555364334841300,37.10884130859375,0.06568097117841243,-0.04059386706179939,0.04186018807003274
1760555364344847400,37.118847412109375,0.030656419548392294,-0.01626940874760039,0.01448490908415988
1760555364354852400,37.12885229492188,0.0015028057783842085,-0.0399654329651501,0.008587430277094245
1760555364364858400,37.1388583984375,0.01602700569331646,-0.03266192328506149,-0.035390060474164785
1760555364374864400,37.14886450195313,0.06629062750935553,-0.011656909983465448,0.004710753240529448
1760555364384870400,37.15887036132813,0.05250818587243557,0.02552252725865692,0.015261482947226613
1760555364394875400,37.16887548828125,-0.006581131955981254,0.001643849083734676,-0.0440677628505975
1760555364404881200,37.17888110351562,0.00796995596587658,-0.01972682832563296,-0.07120174389388412
1760555364414887400,37.18888745117187,0.025669278785586357,-0.00917543189865537,-0.06568540989151224
1760555364424892400,37.198892333984375,0.0385860435038805,-0.03669333422561176,-0.05459416183363646
1760555364434898400,37.2088984375,0.02293430086374283,-0.022870076521113513,-0.060077196354605254
1760555364444904400,37.218904541015625,0.009987141007184982,0.004602096101129428,-0.04146516087045893
1760555364454910200,37.22891015625,0.011852350357174872,-0.009447919563949107,-0.03620274683022871
1760555364464915200,37.23891528320313,0.02372808158993721,0.024057888933038337,-0.01576581574017182
1760555364474921200,37.248921142578126,0.02169160732626915,0.03446673508416861,-0.04110750653920695
1760555364484927500,37.25892749023438,-0.0008323591709136962,0.02861870317570865,-0.023298640664108097
1760555364494932500,37.26893237304687,-0.0027010756522417067,0.03302792531955056,-0.030181513779330996
1760555364504938200,37.27893823242187,0.04255436261296272,-0.019183871422195804,-0.04233761458974331
1760555364514944300,37.2889443359375,0.05607201583385467,-0.01772941656387411,-0.008510437784437089
1760555364524950300,37.2989501953125,0.023361001843214033,0.01957917261640541,-0.02572573994686827
1760555364534955300,37.308955322265625,-0.0045434886485338204,0.022864989354042336,-0.04914674661532044
1760555364544961300,37.318961181640624,-0.0017559037566184997,0.005493948640627786,-0.055353327904175964
1760555364554967300,37.32896728515625,0.043377953955531116,-0.030956745068682356,-0.07847705039279534
1760555364564972300,37.33897216796875,0.04182780190408229,-0.028989792377268894,-0.07146581992385909
1760555364574978300,37.34897827148438,0.014400865796208381,-0.007923203347856178,-0.04830203941948712
1760555364584984300,37.358984375,0.004178162467479705,0.021305786346457897,-0.039947796843759716
1760555364594990300,37.368990234375,0.018776012140512464,0.03507554203174077,0.015443826377345248
1760555364604995300,37.37899536132812,0.03200198893845081,0.019213773370115084,0.06417167172715998
1760555364615001300,37.38900146484375,0.04895779991447925,0.018762513338122514,0.0944980921362061
1760555364625007400,37.39900732421875,0.035083003818988795,0.0005299604245461524,0.09666776432548649
1760555364635012400,37.409012451171876,0.024337737920880315,0.026609938902873543,0.06360538874706254
1760555364645018400,37.419018310546875,0.020315058276057243,0.03323838973245583,0.025949429167527703
1760555364655024400,37.4290244140625,0.01254910044968128,0.024678733378276228,0.009908276217849924
1760555364665030100,37.43903002929687,0.0013444003462791442,0.03432968296734616,-0.00930960707180202
1760555364675035100,37.44903515625,0.007198971593379974,0.04816726145814173,-0.0024582524728495626
1760555364685041400,37.45904150390625,0.0109492640376091,0.036773961713770405,0.0003893646437674761
1760555364695047400,37.46904736328125,0.028008535388112068,0.01767090957597829,0.006402679249690845
1760555364705052400,37.47905249023437,0.038326515784859655,0.022059938315162436,0.011051756297703831
1760555364715058400,37.48905834960937,0.005548866298794746,0.019411040374729783,0.01631896524406038
1760555364725064200,37.49906420898437,0.005984919628500938,0.0275335017548874,0.038172905258880924
1760555364735069200,37.509069091796874,0.03528291030526161,0.024547572146123273,0.0809887044201605
1760555364745075200,37.5190751953125,0.04721826277077198,0.028805476185772567,0.06898516382295639
1760555364755081500,37.52908154296875,0.03447159392237663,0.007607479329034685,0.02760880461395718
1760555364765087500,37.53908740234375,0.00961246247589588,-0.00016717326045036316,-0.033769975858507675
1760555364775092500,37.54909252929688,0.01454641174674034,-0.031041162815969435,-0.042292633803701025
1760555364785098200,37.55909814453125,0.08204115434885025,-0.0892612600618042,-0.01806295023402199
1760555364795104300,37.56910424804688,0.08280395541489124,-0.10777863039928488,-0.01999199120099656
1760555364805109200,37.57910913085937,0.04347849172055721,-0.08510497149941511,-0.02877075193226337
1760555364815115300,37.589115234375,0.031095980009436607,-0.052678427872806785,-0.011552764622401445
1760555364825121300,37.59912133789062,-0.0016349077254533767,-0.004414884699648246,-0.01598327614944428
1760555364835127300,37.60912719726562,0.027731472012400626,-0.00040200492963194843,-0.02682581927641295
1760555364845132300,37.61913232421875,0.047969957920908926,-0.008827741838991642,-0.012635500091500579
1760555364855138300,37.62913818359375,0.03454349011480808,-0.009345363371772691,0.0024515487374272196
1760555364865144300,37.639144287109374,0.010937573599815368,0.00040995990722440183,-0.0036311595765873787
1760555364875149300,37.6491494140625,0.024133155259490013,0.012762103879544883,0.025063604510016737
1760555364885155300,37.6591552734375,0.012922025415301323,0.029393998397141692,0.0514279346213676
1760555364895161300,37.66916137695313,0.005888473516702652,0.07333933131131343,0.0504112683921121
1760555364905167400,37.67916748046875,-0.025987843215465545,0.07528462016019039,0.008090075214207171
1760555364915172400,37.68917236328125,-0.021354922717809675,0.04797577574034221,0.0013053378443699329
1760555364925178400,37.69917846679687,0.012300678646564483,0.026614039689255877,-0.01237954343589954
1760555364935184100,37.70918408203125,0.038023733446002,0.003944262380059808,-0.028430742855556308
1760555364945189000,37.719189208984375,0.0025438392639160153,0.008952071471558883,-0.00576957811107859
1760555364955195400,37.7291953125,0.001782207241654396,0.030952105426182968,0.0011941234217025338
1760555364965201400,37.739201416015625,0.030043840608000753,0.0028767610127106305,0.024571409679437054
1760555364975206400,37.74920629882813,0.04917173492610454,-0.018624904098873955,0.039503724604379384
1760555364985212400,37.75921240234375,0.03957154740989208,-0.0029273221561685204,0.019560102589754387
1760555364995218200,37.76921826171875,0.0037912089765071866,-0.009573153378814458,-0.0030852343979291615
1760555365005224200,37.77922412109375,-0.0028027824610471724,-0.02216409280938096,-0.03583084477791562
1760555365015229200,37.78922924804687,0.03340425695180893,-0.031066078061517326,-0.020218539099022746
1760555365025235500,37.7992353515625,0.04656885895133018,-0.03581941006844863,-0.022800874609267337
1760555365035241500,37.80924145507812,0.030257775619626042,-0.04101903367131017,0.0019906258279457686
1760555365045246500,37.81924658203125,0.02457505380809307,-0.014611631603213026,0.004660557423252612
1760555365055252200,37.829252197265625,0.025773323681950566,-0.02096770436535589,0.00907325929896906
1760555365065258200,37.83925830078125,0.026523265266418454,-0.01024315246171318,0.01203706840747036
1760555365075264300,37.84926416015625,0.03041092035472393,-0.0015356029362883418,0.013186320640984921
1760555365085269200,37.85926928710938,0.01618891825675964,0.014917062556883319,0.01217424838845618
1760555365095275500,37.86927563476563,0.0033154081583023068,-0.0020780483830720184,0.008384966507554053
1760555365105281300,37.87928125,0.023656769919395446,0.012655099841114133,0.0008535298231057822
1760555365115286300,37.88928637695312,0.04219780426025391,0.011036275600781664,0.015766400262061504
1760555365125292300,37.89929223632812,0.04128653463423252,-0.0037702849194873123,-0.006351433119643479
1760555365135298300,37.90929833984375,0.019732874473929404,0.004497046557767316,-0.02981709178057499
1760555365145304300,37.91930419921875,-0.002874678653478622,0.036388131600804625,-0.011153152579255402
1760555365155309300,37.929309326171875,0.010280570995807647,0.0374422894293908,-0.02069092411743477
1760555365165315300,37.9393154296875,0.026725509840250013,0.008469776980485767,-0.0020946889906190333
1760555365175321300,37.9493212890625,0.01623041931092739,0.007642167049925774,0.02089809146155603
1760555365185326300,37.95932641601563,0.01739946309030056,0.032166002127435055,0.042338719701441
1760555365195332400,37.96933227539063,0.007646715360879897,0.02204406489259563,0.033990578072937205
1760555365205338000,37.97933813476563,0.014649872121214866,0.0013330935009755194,0.01578382632089779
1760555365215343400,37.98934326171875,0.014469839379191397,-0.011424233738752081,0.013535015347646548
1760555365225349400,37.99934936523437,0.02162789444029331,-0.010411165972379966,0.01842648631678894
1760555365235355400,38.00935546875,0.03372457494735718,-0.007418578293966129,0.0033629370944574474
1760555365245361400,38.019361328125,0.024871406406164167,-0.004745112167857587,0.019493065235530956
1760555365255366400,38.029366455078126,0.018262801921367644,-0.0031916356481611727,0.011011287289997562
1760555365265372200,38.0393720703125,0.018542787906527518,0.005500095253624022,0.02328983630314469
1760555365275378200,38.049378173828124,0.032735563910007474,-0.03392664599125273,0.028584362514689564
1760555365285383200,38.05938305664063,0.04422667973935604,-0.024875242331065237,0.024176117618381975
1760555365295389400,38.06938940429688,0.031179566639661788,0.012431447153072803,0.0039135201819241044
1760555365305395500,38.0793955078125,0.015144962161779402,0.00042492001433856784,-0.03369902038099244
1760555365315401200,38.089401123046876,0.01602349856197834,-0.0031972160055767744,-0.022735773483803495
1760555365325406200,38.09940625,0.03396189083456993,-0.007752577754994854,-0.021865073330188167
1760555365335412500,38.10941259765625,0.01763034923672676,-0.01999139754595235,-0.004312456371635198
1760555365345418500,38.11941845703125,0.013567337581515312,0.01312882743324153,-0.021133827313035727
1760555365355423500,38.12942358398438,0.020278817918896675,0.02262800226039253,0.025773049687314777
1760555365365429500,38.139429443359376,0.01426759480535984,-0.02550138400592841,0.014848655229480937
1760555365375435300,38.149435302734375,0.035781507477164264,-0.0034022644578479227,0.03492593182744458
1760555365385440300,38.15944018554688,0.04038520188033581,0.010399932192312554,-0.006331577641703188
1760555365395446300,38.1694462890625,0.017172668597102165,-0.007079062407603487,-0.03179125053090975
1760555365405452500,38.17945263671875,-0.005727729997038841,-0.0012659374157432467,-0.03224251056290232
1760555365415458600,38.18945849609375,0.005788520273566245,-0.030338357442012055,-0.0305541830166243
1760555365425463600,38.199463623046874,0.06428454838395119,-0.024833467282261698,-0.027336061220336706
1760555365435469300,38.20946923828125,0.01923603086769581,0.020107342942664398,-0.03174511896739714
1760555365445475300,38.21947534179687,-0.016668226206302643,0.039483713862812145,-0.03815952518749982
1760555365455480300,38.229480224609375,0.003394318613409996,0.021669432027079164,-0.012760067186085506
1760555365465486600,38.239486572265626,0.038110242685675616,-0.026466046053310856,-0.004677599889598786
1760555365475492400,38.249492431640626,0.0641401714771986,-0.0406955190716777,-0.00009591638883575797
1760555365485498400,38.259498291015625,0.04693126252293586,-0.006142219948908314,0.004321425129380077
1760555365495503400,38.26950341796875,-0.018301964887976644,0.00381691880649887,0.0016585625956766306
1760555365505509400,38.27950927734375,0.002647299638390541,-0.007189135185955092,0.011790244906395674
1760555365515515400,38.28951538085938,0.04587678503394126,-0.00921822986076586,0.01912012200360186
1760555365525520400,38.29952026367187,0.046753567868471145,0.003641964098392054,0.011581004336196929
1760555365535526400,38.3095263671875,0.012183774268627165,0.03115041361041367,-0.011640936096198855
1760555365545532400,38.31953247070312,-0.026415128716826438,0.015543560424773022,-0.02680174428108148
1760555365555537400,38.329537353515626,0.018024901512265205,-0.00138440356310457,-0.03902249869238585
1760555365565543400,38.33954345703125,0.04704349072575569,0.004665452794078737,-0.015005371027998626
1760555365575549400,38.349549560546876,0.01232522856593132,0.00997450072132051,-0.024814095861511305
1760555365585555200,38.35955517578125,-0.010559387937188148,-0.0021203622879926113,-0.022965390121750532
1760555365595560200,38.36956030273438,0.007395955470204353,0.008048702024202794,-0.0053610429759602994
1760555365605566500,38.37956640625,0.041052141356468196,0.027788061037845906,0.025309761290811
1760555365615572500,38.38957250976563,0.04193009323477745,0.02155124900750816,0.01658706899518147
1760555365625577500,38.399577392578124,0.011384732845425604,0.022074505696631965,0.008585859374515711
1760555365635583500,38.40958349609375,0.008231821772456169,0.013896396005945279,-0.011698082244070247
1760555365645589200,38.41958935546875,0.022740239596366882,-0.01757187878144905,-0.010749110956164076
1760555365655594200,38.42959423828125,0.06283668766319751,-0.05447933981493115,-0.013233867843449114
1760555365665600300,38.439600341796876,0.06462649368941784,-0.058356245180359104,-0.02006043506101705
1760555365675606500,38.4496064453125,0.03366729180216789,-0.04720595127847045,-0.03890250730821863
1760555365685612500,38.459612548828126,0.02815700394809246,-0.04728096187659539,-0.035570677738077934
1760555365695617500,38.46961743164063,0.027871172744035718,-0.011951618613721801,0.004729887199262157
1760555365705623300,38.47962329101563,0.040890228793025014,0.0024384700601454822,0.015316464537475257
1760555365715629300,38.48962939453125,0.016948796713352202,0.01883309435630217,0.0279118883469142
1760555365725634300,38.49963427734375,0.006475918015837669,0.012963480803696439,-0.008733021893398836
1760555365735640600,38.509640625,0.010508534532785415,0.02803985297498293,0.009575436667446046
1760555365745646600,38.519646484375,0.028000352081656455,0.027933113798033444,0.021285428545018657
1760555365755651600,38.52965161132813,0.019447043269872663,0.014104604529682546,0.011333331451751291
1760555365765657300,38.5396572265625,0.012693477356433868,0.01969534634198062,-0.00797340829828754
1760555365775663400,38.549663330078126,0.0004021510601043701,0.04171013947431929,-0.014171788014378397
1760555365785669400,38.55966943359375,-0.004263502663373947,0.043792105980683116,0.0047906683426350355
1760555365795674400,38.56967431640625,0.009914660292863845,0.0485689649936743,-0.004950462014228105
1760555365805680600,38.5796806640625,0.021391747596859932,0.04277015165495686,0.03175627054907381
1760555365815686400,38.58968627929688,0.006657704323530197,0.021089220986329017,0.08897312730280682
1760555365825691400,38.59969140625,0.0313970087826252,0.034518885396514085,0.12762474685618652
1760555365835697400,38.609697509765624,0.06136836867630481,-0.007434862708486616,0.061050187838915734
1760555365845703400,38.61970336914062,0.04137362839579582,-0.04909456890351139,0.03956175666823983
1760555365855708400,38.62970849609375,0.009555763852596282,-0.03351616549422033,0.03353825859501958
1760555365865714400,38.63971435546875,0.03174947548210621,-0.010768838569940998,0.008413991672638803
1760555365875720400,38.649720458984376,0.022221184158325195,-0.0006658252312801778,0.013549290468171238
1760555365885726500,38.6597265625,0.026318682605028152,-0.016699991317745296,-0.016810813014768063
1760555365895731500,38.6697314453125,0.025197569620609282,-0.009002870077034458,-0.04831701779291033
1760555365905737500,38.67973754882812,0.007330489018559455,-0.017100343146407977,-0.07397296217288822
1760555365915743200,38.6897431640625,0.007563128730654716,0.007141432719863951,-0.007804371874313801
1760555365925748200,38.699748291015624,0.03711597095131874,-0.013602637223759666,0.021292123147286474
1760555365935754200,38.70975415039062,0.043318917244672774,-0.018213492020079866,0.008519461341109126
1760555365945760500,38.719760498046874,0.04668517880737781,-0.04225254838848486,0.025606479215063153
1760555365955766500,38.7297666015625,0.011887421670556068,0.003857579610450193,-0.0034198549134656785
1760555365965771500,38.739771484375,0.01225333237349987,0.023459320251690223,-0.002188395156059414
1760555365975777300,38.74977734375,0.023099136036634445,0.008075060308165847,-0.03242211404666304
1760555365985783300,38.759783203125,0.026018822875618932,-0.021320746453572063,-0.025275475428719073
1760555365995788300,38.76978833007813,0.038814007040858266,-0.00942086716024205,-0.04451170722581446
1760555366005794600,38.77979467773437,0.03308393895626068,0.0026586247500032184,-0.06410948407799005
1760555366015800600,38.78980053710937,-0.005097615399956703,0.013936901546269654,-0.051171840968448665
1760555366025805600,38.7998056640625,0.008346388062834739,0.006858989916136488,-0.017068349706102163
1760555366035811300,38.80981127929687,0.04689677573144436,0.0006444445165339857,0.012169672678038477
1760555366045817300,38.8198173828125,0.037546763584017755,-0.01940432750615291,0.048744138897489755
1760555366055822300,38.829822265625,0.046020577418804165,-0.026077768254932014,0.008226780271157622
1760555366065828400,38.839828369140626,0.026851766568422315,-0.042739117195876315,-0.059845049832854415
1760555366075834600,38.84983471679688,0.014907646274566649,-0.05128229733929038,-0.10130328777218237
1760555366085840400,38.85984033203125,0.04908931733965873,-0.06635002041324041,-0.14154698055628687
1760555366095845400,38.86984545898437,0.05952244854867458,-0.07885103480434044,-0.1582912128745578
1760555366105851400,38.87985131835938,0.007732055556774139,-0.02801977830133401,-0.1057283559391275
1760555366115857400,38.889857421875,0.008770166432857513,0.015104328757291658,-0.08102479864684864
1760555366125862400,38.8998623046875,0.025515549528598785,-0.006737290632072836,-0.08383574614804237
1760555366135868400,38.909868408203124,0.0359849210947752,0.003931430297950282,-0.10603375036017969
1760555366145874400,38.91987451171875,0.006980944928526878,0.04611925202030688,-0.12614559594802557
1760555366155879400,38.92987939453125,-0.027202479702234265,0.01621617158986628,-0.16643457091227173
1760555366165885400,38.93988549804688,-0.017100187882781028,-0.019034042022190986,-0.13735128243211656
1760555366175891500,38.949891357421876,0.02751636795699596,0.0013220149845350534,-0.0011806611519306898
1760555366185897500,38.9598974609375,0.03302022607028484,0.08035393191426991,0.06682732820194213
1760555366195902500,38.96990234375,0.0027571897536516187,0.10487396759949624,0.07918393828682602
1760555366205908200,38.979908203125,-0.0375403338432312,0.07515091077792457,0.0757472966353409
1760555366215914500,38.98991455078125,0.0006786299139261245,0.057429796251514925,0.08212236635889858
1760555366225919500,38.99991943359375,0.047237551993131635,0.06815877773510291,0.07947935930313542
1760555366235925500,39.009925537109375,0.05593757579922676,0.011111331864679231,0.04478867926998064
1760555366245931300,39.01993115234375,0.010203414106369019,-0.011487499100156128,-0.025495831047976387
1760555366255936500,39.0299365234375,0.01910042178928852,-0.08017260226430371,-0.07110042067756876
1760555366265942300,39.0399423828125,0.030218028131127356,-0.02608904770077206,-0.013665537258982658
1760555366275948500,39.04994848632813,0.05478723672032356,0.022556727122468874,0.03706706290883012
1760555366285954600,39.05995458984375,0.026983868515491484,0.02056178131243214,0.03359855568120256
1760555366295959600,39.06995947265625,-0.012924948024749755,-0.018295635611889884,0.05255028058164753
1760555366305965300,39.07996533203125,0.04023205714523792,-0.06563487614751794,0.07262786770686507
1760555366315971800,39.089971923828124,0.08633972832560538,-0.09001676373737863,0.08389336721994914
1760555366325976800,39.099976806640626,0.08860299708247184,-0.09409138363199308,0.048806143883569165
1760555366335982800,39.10998291015625,0.012620412120223044,-0.0628408067158889,0.029379321417817843
1760555366345988900,39.11998876953125,-0.0031979192584753032,-0.007960274822078645,0.010964315476268529
1760555366355994000,39.129994140625,0.03978372885584831,-0.004202958982018753,-0.0006899641586933285
1760555366365999900,39.13999975585938,0.060608490219712256,-0.03302511230795644,0.012572892317222431
1760555366376006000,39.150005859375,0.05269990905225277,-0.018224479204975066,0.02035655019707046
1760555366386011000,39.160010986328125,-0.005170680636167526,-0.008969113937905058,-0.022178514060378074
1760555366396017000,39.170016845703124,0.008043021202087402,-0.03781297677215188,-0.0449273296888452
1760555366406023000,39.18002294921875,0.0011865794360637664,0.04997800067453645,-0.044994421841995785
1760555366416029000,39.19002880859375,-0.003739771050214767,0.11222487835157662,-0.009514354129973798
1760555366426034000,39.20003393554688,-0.02124620164632797,0.12429151078024879,0.019131209653196854
1760555366436040000,39.2100400390625,-0.015423194581270217,0.12189410338285378,0.026206445269053802
1760555366446046000,39.2200458984375,-0.013501871129870413,0.11250841713384724,0.021583361178822813
1760555366456051000,39.23005102539062,0.007864742025732993,0.05099147943286225,0.019552686468278988
1760555366466056700,39.240056640625,0.028479075509309767,0.022436827069846912,0.02922561956029385
1760555366476063000,39.25006298828125,0.04849076692461967,0.007427282190229743,0.01751863249056041
1760555366486068000,39.26006787109375,0.03153846307992935,-0.010880719712888821,0.004529460123181343
1760555366496074000,39.270073974609375,0.04436871855854988,-0.019598854564409702,-0.0005863119879737496
1760555366506080000,39.280080078125,0.036707974672317505,-0.012914454030198976,-0.01918108581006527
1760555366516085800,39.29008569335937,-0.0046270752787590025,0.022833187709981575,0.0023881555118598044
1760555366526090800,39.3000908203125,0.015680968734622002,0.04403024385180324,0.0129605216616299
1760555366536096800,39.3100966796875,0.034061259555816646,0.005272396578127518,-0.044378171373484654
1760555366546103000,39.32010302734375,0.019546411991119384,-0.0970340951535385,-0.03251346385823563
1760555366556108000,39.33010791015625,0.0587590629607439,-0.11034744884083048,-0.011656279795803129
1760555366566114000,39.34011401367187,0.0916857655286789,-0.10660884683439507,0.0016369444189127534
1760555366576119800,39.35011987304687,0.05818155533373356,-0.09011043337020092,-0.0027560207098722457
1760555366586124800,39.360124755859374,0.0205085350215435,-0.028264044519141315,-0.029426055769529193
1760555366596130800,39.370130859375,-0.00038812253475189204,-0.02431286834110506,-0.07624300773041322
1760555366606136800,39.38013671875,0.021509236496686936,-0.04543694144510664,-0.03992370358211919
1760555366616141800,39.39014184570313,0.04549392319619655,-0.0232034731939435,-0.0439220981690567
1760555366626148000,39.40014819335938,0.03610708616971969,0.013561364498455077,-0.009116367788333446
1760555366636153900,39.41015380859375,-0.012175590962171554,0.0416993988845963,-0.018057936132187022
1760555366646160000,39.420159912109376,-0.033383798685669895,0.06733094860883429,-0.025105525689292696
1760555366656164900,39.43016479492187,0.008083937734365464,0.07929101539049298,0.012125596074294299
1760555366666171000,39.4401708984375,0.016912556356191634,0.07702819415819831,0.04198058131299913
1760555366676177200,39.45017724609375,0.00523848517537117,0.08442391216638498,0.01587431761594489
1760555366686182100,39.46018212890625,0.000002922609448432922,0.03979350133119151,0.008928937191143632
1760555366696188000,39.47018798828125,0.005830021327733993,0.047557659926125775,0.000038898105127736925
1760555366706194000,39.48019384765625,0.02735562443733215,0.033154519974440334,0.008062876680027692
1760555366716199000,39.49019897460938,0.04303600865006447,0.03720150294345803,0.002679813668504357
1760555366726205000,39.50020483398438,0.031044542083144187,0.004199305720208213,0.006971008056402206
1760555366736211000,39.5102109375,0.023402502897381782,-0.02417928682300262,-0.06313676658831537
1760555366746216000,39.5202158203125,0.016510405296087265,0.0031608112516347316,-0.026353954847808926
1760555366756222000,39.53022192382812,0.04553951590359211,-0.007876660792389883,-0.03309350136904977
1760555366766228000,39.54022802734375,0.054227849271893495,-0.05082942073894664,-0.05806301612113602
1760555366776234000,39.55023388671875,0.030315643286705014,-0.05812125824755057,-0.046744672175962475
1760555366786239000,39.560239013671875,0.037680034574866295,-0.07408439579126425,-0.0359351910683792
1760555366796244700,39.57024462890625,0.06121814655065536,-0.07590158301475457,-0.017541237048013136
1760555366806250800,39.580250732421874,0.04691138877868652,-0.09519488789448514,-0.045546411435259504
1760555366816255700,39.590255859375,0.030370588344335554,-0.08567896286193281,-0.03536925514815375
1760555366826262000,39.60026196289063,0.026705051574110985,-0.057698858983861276,-0.04712722348645329
1760555366836268000,39.61026806640625,0.02453063014447689,-0.006290259250625967,-0.05687866517477669
1760555366846273000,39.62027294921875,0.02251812127828598,0.006723992759082466,-0.05886980245937593
1760555366856278800,39.63027880859375,0.012143442258238792,-0.05066953573580831,-0.09562409135829657
1760555366866284800,39.64028491210937,0.014929273584485054,-0.05141958691813051,-0.05316711557204835
1760555366876289800,39.650289794921875,0.03162204971015453,-0.010552784666465595,-0.012558498465688898
1760555366886295800,39.6602958984375,0.04381692989468574,0.015376862088358029,-0.012217530407756567
1760555366896302000,39.670302001953125,0.018597148442268372,0.014984611367760225,0.01724840984758921
1760555366906307800,39.680307861328124,-0.014115619114041328,0.0575317496554926,0.03422057830337435
1760555366916312800,39.69031274414063,0.010168927314877509,0.04694286162918433,0.05227707596372347
1760555366926318800,39.70031884765625,0.009895371070504188,0.07642510456535964,0.0630808442831505
1760555366936324900,39.71032495117188,0.016804419806599614,0.04363025734932162,0.04571390892269555
1760555366946329900,39.72032983398437,0.019669746109843254,-0.0009175989021081477,0.025843361277435906
1760555366956336000,39.730336181640624,0.009803016611933708,0.04552806292781606,0.07519846711354329
1760555366966342000,39.740341796875,0.02986263882219791,0.024082228789851067,0.02615441368771717
1760555366976347000,39.750346923828126,0.03361176222264767,-0.022501982994237914,-0.003987019242974929
1760555366986353000,39.760352783203125,0.011778700599074363,0.002740512613486498,0.004397385575575754
1760555366996359000,39.77035888671875,0.028104396978020665,-0.027216435162350533,-0.030482958111050538
1760555367006364000,39.78036401367188,0.03724573481082916,-0.016789140039077027,-0.0026764024352887643
1760555367016370000,39.79036987304688,0.03307107947468758,0.00478335725243669,0.013972338185831903
1760555367026376000,39.8003759765625,0.023210195195674896,-0.008065169101813808,-0.0017488894939422606
1760555367036381000,39.810380859375,0.028165771776437757,-0.004991579475905746,-0.005589449470932595
1760555367046387000,39.82038696289062,0.012322305956482886,0.015908137687155977,-0.01045202770573087
1760555367056393000,39.83039306640625,0.030902503263950346,-0.05743267319519072,-0.031542025010194624
1760555367066399000,39.84039892578125,0.04559387643933296,-0.07211642475312109,-0.01270176112758927
1760555367076404000,39.850404052734376,0.030207506737112998,-0.049950354615785175,0.01624401857801713
1760555367086409700,39.86040966796875,0.03636135319173336,-0.005560908363037742,-0.0031288680436788127
1760555367096416000,39.870416015625,0.01184592061638832,0.024466177472984418,0.01651515453644097
1760555367106421000,39.8804208984375,0.012167992177605629,-0.044054802904324605,0.011830115692480466
1760555367116427000,39.89042700195313,0.00724924047589302,-0.0414583932029549,0.0162524302133359
1760555367126432800,39.90043286132813,0.04347966076433658,-0.027126368558988905,0.028518174543837083
1760555367136438000,39.91043798828125,0.037813890087604524,-0.03169835721622221,-0.01497192541612312
1760555367146443800,39.92044384765625,0.03230126414597034,-0.05626783523347694,-0.03868282754239626
1760555367156449800,39.93044970703125,0.0053869537353515625,0.010093964665813837,-0.023881879345583727
1760555367166454800,39.940454833984376,-0.0022281974434852597,0.033327104628947564,0.0029028179025743154
1760555367176461000,39.9504609375,0.0007768295913934707,0.05984856609734706,-0.00739431150238961
1760555367186466800,39.960466796875,0.016805004328489304,0.03772332801060984,-0.013512828632013406
1760555367196472800,39.970472900390625,0.05872106903791427,-0.11703557570208795,-0.04774166559036821
1760555367206477800,39.98047778320313,0.06382277609109878,-0.08894152658814564,-0.023677513596613426
1760555367216483800,39.99048388671875,0.03674772216081619,-0.007030510558141395,0.024511738214339128
1760555367226487800,40.00048779296875,0.0027858313262462612,0.042825804532063194,0.01653895325384801
1760555367236493800,40.01049389648438,-0.017409399962425232,0.07458192438408733,0.018546363536524585
1760555367246500000,40.0205,-0.011118190863728523,0.07018405018474441,0.00713625650453614
1760555367256505000,40.03050512695312,0.02180617361664772,0.018456411097594536,0.0007445210572564974
1760555367266510800,40.0405107421875,0.03063654580414295,0.020924867587338667,0.008405840332224032
1760555367276516900,40.05051684570312,-0.01380523799061775,0.09335577196697704,0.05276244832787197
1760555367286521900,40.06052197265625,-0.026074936977028847,0.14074447766751982,0.06704308071131818
1760555367296528000,40.07052783203125,-0.011260814204812048,0.10998044215934351,0.043091081571858376
1760555367306534000,40.080533935546875,0.021807927182316778,0.009491044607156073,0.02233381878652144
1760555367316538000,40.0905380859375,0.044997664111852645,-0.04439731446537189,0.028815828616428188
1760555367326544100,40.100544189453124,0.03496609944105148,-0.0047790127249929355,0.010852685495070182
1760555367336550100,40.110550048828124,0.009973112481832504,0.033782182319532145,0.008427641172078438
1760555367346555100,40.12055517578125,-0.010976152044534683,0.020812374523037577,-0.02500258133804891
1760555367356561200,40.13056103515625,0.013413023802638053,-0.0068486563226120775,-0.019619721539213788
1760555367366567200,40.14056713867188,0.03944587520360946,-0.013314392583619336,-0.008112350978096946
1760555367376572200,40.150572265625,0.03899170169532299,0.011692922011762856,0.031451118156616574
1760555367386578200,40.160578125,0.022376082459092138,0.03718714790783124,0.040463235552608966
1760555367396584200,40.17058422851562,-0.008605331259965897,0.03315845636404119,0.04748247579806484
1760555367406590200,40.18059008789062,0.028494857600331304,-0.029941366614215075,0.049192124693584624
1760555367416595200,40.19059521484375,0.05197393286526203,-0.061751426876871844,0.03001481087633874
1760555367426601200,40.200601318359375,0.06018997254669666,-0.06881912764024455,0.042035622268752196
1760555367436607200,40.210607177734374,0.048207273808121676,-0.0794359950854443,0.036492866050335575
1760555367446612200,40.2206123046875,0.058819853237271305,-0.13971685165283268,0.0067465562173398205
1760555367456618000,40.230617919921876,0.09950433032512664,-0.1735258260811679,-0.0026754754201043394
1760555367466624300,40.24062426757813,0.09124854315519332,-0.14669268201482483,-0.034228190787672065
1760555367476629200,40.25062915039062,0.04079728981256485,-0.0730459469884634,-0.05657301959197502
1760555367486635300,40.26063525390625,-0.004556348130106926,-0.04801354133430868,-0.03399740510594565
1760555367496641300,40.27064135742187,0.03447802366316318,-0.11724907232229598,-0.006288702047779224
1760555367506646300,40.280646240234375,0.10177227525711059,-0.14947851334107107,0.012295997904869727
1760555367516652000,40.290652099609375,0.06758768158257007,-0.15973068935945628,0.04779508997777011
1760555367526658000,40.300657958984374,0.05328969163894653,-0.1566711556583643,0.0410836279066978
1760555367536663000,40.3106630859375,0.015192308434844017,-0.07586842966382391,0.021140503648994488
1760555367546669300,40.32066943359375,-0.019766776743531226,0.04938627272592857,0.026012657996313644
1760555367556675000,40.33067504882813,-0.05067863235771656,0.057360676538059485,-0.05208078164006583
1760555367566681000,40.34068115234375,0.01388414844572544,-0.01257369603482075,-0.06055699749449268
1760555367576686000,40.35068603515625,-0.0011778116077184677,-0.09134898045551963,-0.022336353236902504
1760555367586692000,40.36069213867187,0.05540273827016353,-0.07664016295499168,0.012967042733961716
1760555367596698000,40.37069799804687,0.04702303245961666,-0.06253498303657397,0.04942681479887105
1760555367606703000,40.380703125,0.009171732971072197,0.010220520504796876,0.01625160822942853
1760555367616709000,40.390709228515625,-0.022066870379447937,0.15313035951266063,0.012635691887745633
1760555367626715100,40.400715087890624,-0.04670446802973747,0.19886368095530196,0.0093347963119857
1760555367636720000,40.41072021484375,0.004072364005446433,0.13507419521245173,0.02766597816129215
1760555367646726100,40.42072607421875,0.031190088033676146,0.03353492499361746,-0.00017074432387016714
1760555367656732200,40.43073217773438,0.038697687184810634,-0.0457626023360528,-0.03059420449975878
1760555367666737200,40.44073706054687,0.05008183550834656,-0.1252029996019788,-0.0012691614192910491
1760555367676743200,40.4507431640625,0.06142506729960441,-0.18294685763819143,0.0023722455566748974
1760555367686749200,40.46074926757812,0.049369303324818606,-0.1974161672944203,0.02134749746317975
1760555367696754200,40.470754150390626,0.07500351079702376,-0.07671599553702399,-0.007324680332280695
1760555367706760200,40.48076025390625,0.0017658406287431715,0.017644615224096924,-0.033667465332103894
1760555367716766200,40.49076611328125,-0.0479272878229618,0.0933081425661221,-0.05640800632257014
1760555367726771200,40.50077124023438,-0.03131342215240002,0.09314911607950925,-0.017066513942042366
1760555367736777000,40.51077685546875,-0.0011170213311910628,0.05969311067415401,0.05939186270525679
1760555367746783200,40.520783203125,0.06720014356970787,0.03619790625832975,0.0762197090532165
1760555367756789200,40.53078930664063,0.04604045116305351,0.005324501224700361,0.04397470513912849
1760555367766794200,40.54079418945312,0.023704700714349745,-0.05853190314136445,-0.06517539627645165
1760555367776800300,40.55080029296875,-0.0012993921607732772,-0.012770670778490601,-0.0978321775955148
1760555367786806000,40.56080590820312,0.015616671326756476,0.11400324966832995,-0.06582870908603072
1760555367796811000,40.57081103515625,0.00445464132130146,0.2105727503842674,-0.032092005309462546
1760555367806817000,40.580817138671875,-0.03445055113434791,0.28713083367953074,-0.017201090973988174
1760555367816823300,40.5908232421875,-0.04633212758600712,0.33855127911418675,-0.036664126397436485
1760555367826828300,40.60082836914062,-0.04079378268122673,0.3590036269690841,-0.01482660779445432
1760555367836834300,40.61083422851563,-0.00018646248281002043,0.36412688826695083,0.02550343896569684
1760555367846840000,40.62084008789063,-0.02735387087166309,0.26266181579548864,0.056046315137017515
1760555367856845000,40.63084497070312,0.027639702075719832,0.2854888934250921,0.05025313695464283
1760555367866851000,40.64085107421875,-0.02192716964781284,0.2953387448534369,-0.003812964150588959
1760555367876857000,40.65085717773437,-0.021174889975786208,0.26144611986279487,-0.009913052857667207
1760555367886862300,40.6608623046875,-0.003208440652489662,0.17320689632510766,-0.05194059685124084
1760555367896868400,40.67086840820313,-0.005023381119966507,0.2938656583598815,-0.034873927645571526
1760555367906874000,40.6808740234375,-0.041539632612466806,0.46628436344936486,-0.05261630415571853
1760555367916879000,40.69087915039062,-0.1264841071873903,0.62370926008448,-0.1287604546215385
1760555367926885000,40.70088500976563,-0.26466274382174015,0.7426753197919577,-0.14643314516264944
1760555367936891100,40.71089111328125,-0.29385025986135005,0.3894426409071311,0.0778256190130487
1760555367946897200,40.72089721679688,0.02887596587240696,-0.6840016700923442,0.37283374367263167
1760555367956902100,40.730902099609374,0.5920125377029181,-2.0071527459852394,-0.04666082068425603
1760555367966908200,40.740908203125,1.0488029504895209,-1.1138369290012866,-0.025432437822408973
1760555367976914200,40.7509140625,-0.07850888856947422,0.08737101673525757,0.23270769929755478
1760555367986919200,40.760919189453126,-0.40427871978282925,0.4390109374027699,0.059750265955179925
1760555367996925200,40.77092529296875,-0.24705635998249054,-0.02355924609536305,-0.2588539662114344
1760555368006931000,40.780930908203125,0.0455441920787096,-0.44581082667596633,-0.20139957437478004
1760555368016936000,40.79093603515625,0.32507951086163517,-0.34057719545122234,0.07124768366115167
1760555368026942200,40.80094213867188,0.5001730429172515,-0.051461293468275104,0.03611033757273108
1760555368036948200,40.8109482421875,-0.29192718284428115,0.12537998187039046,0.06338858592491596
1760555368046953200,40.820953125,-0.2888935142368078,0.16153143690479918,-0.16477995383935048
1760555368056959200,40.830959228515624,-0.1287111355870962,0.24236232041474431,-0.12805575868459418
1760555368066965000,40.84096508789062,-0.016830138769745824,0.3124344026915729,0.0950906603350304
1760555368076970000,40.850969970703126,0.3762316059499979,-0.5101919673021883,0.18938655356317757
1760555368086976000,40.86097607421875,0.43074470190405845,-0.8949816313043236,0.03646841202909127
1760555368096982300,40.870982177734376,0.1318622930943966,-0.10075056752655655,0.11080383257251232
1760555368106987300,40.8809873046875,-0.1208078151166439,0.3475472536595538,0.15684706021454184
1760555368116993300,40.8909931640625,-0.2320902615189552,0.29569875553855673,-0.04840907999053597
1760555368126999000,40.9009990234375,-0.13320084822177886,0.09950539890420622,-0.085778495979961
1760555368137005000,40.91100512695313,0.15303542950451374,0.010649376908736304,0.013256408468820154
1760555368147010000,40.921010009765624,0.15040391195714473,0.11126323024518787,-0.00042094709211960434
1760555368157016300,40.931016357421875,-0.12305471726059913,0.21071409508371725,-0.09819392357999458
1760555368167022300,40.941022216796874,-0.2007815155416727,0.1885472349285148,-0.1939078303799033
1760555368177027300,40.95102734375,-0.0657914458155632,0.09002796098482795,-0.09219371505081653
1760555368187033000,40.961033203125,0.1123030216217041,-0.027974505254346877,0.03382580683212727
1760555368197039000,40.9710390625,0.22223463793694972,-0.09252607054403052,0.07975035826424136
1760555368207044000,40.98104418945312,0.060194648721814153,-0.09307554851979948,0.03734850106555968
1760555368217050000,40.99105004882812,-0.10350479813814163,0.00554447325146757,-0.031310645673424
1760555368227056400,41.00105639648437,-0.025400398716330527,-0.019474050007807088,-0.05731039852239191
1760555368237061400,41.011061279296875,0.09271920022964476,-0.025421861629467454,-0.026074407254066317
1760555368247067100,41.021067138671874,0.12209200970828532,-0.07082000543414614,-0.042429621988441794
1760555368257073200,41.0310732421875,0.021807927182316778,-0.04585424440857023,-0.07991985134594141
1760555368267078100,41.041078125,-0.07884849578738212,0.0444289608458057,-0.10677201977316289
1760555368277084200,41.05108422851563,-0.058933250483870506,0.1302211108917836,-0.08469066421063616
1760555368287090200,41.061090087890626,0.05820902786254883,0.039037020408082754,-0.023055132498126477
1760555368297095200,41.07109521484375,0.11129530588388442,-0.06050416219555772,-0.033069855631981046
1760555368307101200,41.08110107421875,0.012834931653738021,-0.03772631226885132,-0.027584665686544028
1760555368317108200,41.091108154296876,0.005084755918383598,0.005340785639220849,-0.054291288163233545
1760555368327113200,41.10111328125,0.0037497079223394393,0.052352474720915775,-0.028311993580404666
1760555368337119000,41.11111889648438,0.03967033160924911,-0.0010985084269661456,0.0062585672044195234
1760555368347125000,41.121125,0.0894891322672367,-0.07435142183015123,-0.018254709946457295
1760555368357130000,41.1311298828125,0.021990298011898994,-0.0016890673317946493,0.04439832824552432
1760555368367136000,41.14113598632812,-0.0048036008894443505,0.06979401425411924,0.009051942516304552
1760555368377142000,41.15114208984375,-0.01799509089589119,0.05398406711127609,-0.03832613219236955
1760555368387148000,41.16114794921875,-0.014281623330712317,0.0935278679977171,0.008714034065138548
1760555368397153000,41.171153076171876,0.016075521010160444,0.004462112241704017,-0.03148304309826344
1760555368407159000,41.181158935546875,0.04719429737329483,-0.07995698675224557,-0.020956534517370163
1760555368417165000,41.1911650390625,0.06753565913438797,-0.06556240456635132,0.008315444935299456
1760555368427170000,41.20117016601562,0.05256722258329391,-0.08555407610693946,0.09857225537309422
1760555368437176000,41.21117602539063,0.10836217504143714,-0.18207964634960516,0.09263731236616149
1760555368447181800,41.22118188476563,0.10755495031177997,-0.0229776468151249,0.06332885509431362
1760555368457186800,41.23118676757812,-0.002467266896367073,0.08717703766627237,0.06494684821758419
1760555368467193000,41.241193115234374,-0.06053367141783237,0.03878943885518238,-0.005666336932312697
1760555368477199000,41.25119921875,0.00918634601831436,-0.013453812470752745,-0.040226887779776004
1760555368487204000,41.2612041015625,0.08663608092367649,-0.005988810352329165,0.01237781726969406
1760555368497210000,41.27121020507813,0.05708557679057121,0.017579276636615394,0.057233241632953284
1760555368507216000,41.2812158203125,0.008701192849874495,0.019351309544127435,0.019689217995293436
1760555368517220900,41.29122094726562,-0.016024083083868025,-0.0023706563877873123,0.003153751323185861
1760555368527227000,41.30122680664063,0.021625556352734564,0.022037443355564026,0.009497512593027203
1760555368537233200,41.31123315429687,0.045617257314920424,-0.003271642081812024,0.10448789089135825
1760555368547238100,41.321238037109374,0.07946341281533241,-0.047730961533263325,0.09948582655405624
1760555368557244200,41.331244140625,0.048666123491525645,-0.030421204286720602,0.06633395519442856
1760555368567250000,41.34125,0.029593758752942085,-0.05516571464389562,-0.0299334390360862
1760555368577255000,41.3512548828125,0.019660978281497953,-0.05178666666485369,-0.09151419008774682
1760555368587261000,41.361260986328126,-0.008079846081137657,0.03158025639504194,-0.049642293313611294
1760555368597267200,41.37126708984375,0.03807400232851505,0.053453083773422984,-0.03487434777067974
1760555368607272200,41.38127221679687,0.01390811384320259,0.04658939028270542,-0.01576197981527075
1760555368617278200,41.3912783203125,-0.0008019640326499939,0.01436095391092822,-0.03605272563397884
1760555368627284000,41.40128393554688,0.0035042087286710735,0.006060359484888613,-0.048826154625136405
1760555368637289000,41.4112890625,0.06229483587145805,-0.06488631366938352,-0.059055415558815
1760555368647295000,41.421294921875,0.06692132662832737,-0.059075307569373396,-0.0555152587339282
1760555368657301000,41.431301025390624,0.04032967230081558,-0.10848181936573237,-0.05375279737235978
1760555368667306000,41.44130590820313,0.02228665060997009,-0.07708409819705411,-0.10676608322272077
1760555368677312300,41.45131225585938,0.01638648665547371,-0.035129217580892144,-0.04545958253517746
1760555368687318000,41.46131811523438,0.03725567168295383,-0.040259493141435086,-0.02390752981007099
1760555368697324000,41.471323974609376,0.039249475848674775,-0.009835859435610472,0.022264840636961162
1760555368707329000,41.4813291015625,0.031072599133849143,0.0027046923814341424,0.018307590911164878
1760555368717335000,41.4913349609375,0.012426935374736785,-0.0017794855616055428,0.009083853758219629
1760555368727341000,41.50134106445312,0.03331365605890751,-0.03268825416956097,-0.038554387990292156
1760555368737346000,41.511345947265625,0.04401683638095855,-0.06918921676138416,-0.02977823020806536
1760555368747352000,41.52135205078125,0.02029284644424915,-0.014455299397185444,-0.00027359277699142695
1760555368757358000,41.531358154296875,0.037571313503384586,0.037711032501328734,-0.019986977099161595
1760555368767363000,41.54136303710938,0.010282909083366393,0.01743226938135922,-0.039867205888219175
1760555368777369000,41.551369140625,-0.010444821646809578,0.05185181345609016,-0.026327852292172608
1760555368787374800,41.561374755859376,-0.012032967621088027,0.10421880075954831,-0.009706972358934581
1760555368797380000,41.57138012695312,0.011068506503105162,0.03774940088349394,-0.007127294596657156
1760555368807385900,41.5813857421875,0.02652618787586689,-0.020104676061542703,0.004215937194600701
1760555368817392000,41.59139208984375,0.024315526089072226,0.027822967954445627,0.004986574507225305
1760555368827397000,41.601397216796876,-0.010526070189476013,0.07075422845524736,-0.013088303626608103
1760555368837403100,41.611403076171875,-0.02996726824045181,0.1110723473155871,0.02553356010932475
1760555368847409000,41.621408935546874,-0.02278700134754181,0.11608889683596789,0.036273145185317844
1760555368857414000,41.63141381835938,0.018963059145212173,0.01589858440752141,0.006306224004738032
1760555368867420000,41.641419921875,0.04811316578388214,-0.021086828099843115,0.02133192543471232
1760555368877426200,41.65142626953125,0.03731587743759155,0.006717188558960333,0.014608078806102275
1760555368887431200,41.66143115234375,0.05019873988628387,-0.0874069282988552,-0.03478844131920487
1760555368897437200,41.671437255859374,0.0690852266639471,-0.14140865893098525,-0.03621460166480392
1760555368907443000,41.68144287109375,0.039623569858074185,-0.08812713233218528,0.022982487387023864
1760555368917448000,41.691447998046876,0.06730477298796177,0.007732101222546771,0.0034034700342454012
1760555368927454000,41.701453857421875,0.00492518144249916,0.03091951833083294,0.004324037211574614
1760555368937460000,41.7114599609375,-0.031247371178865432,0.03505162230003625,0.005273428624588996
1760555368947465000,41.72146484375,0.0350654681622982,-0.019003245025128124,-0.012873784093093126
1760555368957471200,41.73147119140625,0.08698971666693688,-0.04523847799724899,0.00504919141465798
1760555368967477000,41.74147705078125,0.06469546727240086,-0.07240115541205741,0.031211952805612234
1760555368977482000,41.75148193359375,0.023386720806360242,-0.031560181721393014,0.023837295851763335
1760555368987488000,41.76148803710937,0.006764087307453155,0.0749651880806312,0.020567169873602686
1760555368997494000,41.77149389648437,-0.021692191848158834,0.10801195509796961,0.01734038984682411
1760555369007499000,41.7814990234375,-0.017224106523394584,0.11570854661571793,-0.0025048041614703833
1760555369017505000,41.791505126953126,0.00010813654959201812,0.060691857654228805,-0.020811792284436522
1760555369027511000,41.801510986328125,0.0084352353900671,0.04355649799336679,0.003165660956688225
1760555369037516000,41.81151611328125,0.014799509724974631,0.056527650646865366,0.03729576623132452
1760555369047522000,41.82152197265625,0.03521218315660953,-0.042513099020812656,0.09177296888809651
1760555369057528000,41.83152807617188,0.07069850707948207,-0.06856180557804181,0.1008448216812685
1760555369067533000,41.841532958984374,0.05869710364043712,-0.006494851045170799,0.08870079490114002
1760555369077539000,41.8515390625,0.013940262547135353,0.0628969482167624,0.029317188567575064
1760555369087544800,41.861544921875,-0.03344751157164574,0.08237854221020825,-0.05919738131277263
1760555369097550000,41.87155004882813,-0.03726327046751976,0.04390535709680989,-0.05988034034194424
1760555369107556000,41.88155615234375,0.0241162041246891,0.022286486213188617,-0.041611748000606893
1760555369117562000,41.89156201171875,0.07185527589917183,0.010115270032035186,-0.03493875477639958
1760555369127567000,41.90156713867187,0.03674421502947807,0.016364146959502248,-0.07188185337884351
1760555369137573000,41.91157299804688,-0.056066755136847495,0.04216412118636072,-0.05191381844216957
1760555369147579000,41.92157885742188,-0.007639701098203658,0.01836788799734786,-0.0303938596220687
1760555369157584000,41.931583984375,0.07006488535106181,-0.00493675314928405,-0.007485752645507455
1760555369167590100,41.941590087890624,0.06023907238543033,-0.04730766722043044,-0.00040907399123534557
1760555369177596200,41.95159619140625,0.02831950103342533,-0.04623919773870148,-0.02203956224741414
1760555369187601200,41.96160107421875,0.01276478902697563,-0.04982751368740573,-0.038902178514655675
1760555369197607200,41.97160717773438,0.04401332924962043,-0.09158218642319552,-0.058362866717390716
1760555369207613000,41.981613037109376,0.07223287703990935,-0.013448844034690408,-0.026029947057832032
1760555369217618000,41.99161791992187,0.04931260470151901,0.0015291549291927367,-0.028841296417824923
1760555369227624000,42.0016240234375,-0.01502571969628334,0.009729923976259306,-0.01592836762443185
1760555369237630200,42.01163012695312,-0.008285013264417648,0.013392757332744075,-0.02010050220992416
1760555369247636000,42.02163598632813,0.056181321427226066,0.0007881273035425692,-0.028054201160743832
1760555369257641000,42.031640869140624,0.04239011196196079,-0.030278763608727603,-0.020324684620928016
1760555369267647000,42.04164697265625,0.01082943705022335,-0.002773373703472316,-0.041725510573387144
1760555369277653000,42.051653076171874,-0.006934183177351951,0.008577867864305153,-0.04118526621684432
1760555369287658000,42.06165795898438,0.03887830444872379,-0.03290753207658417,-0.03571653421586379
1760555369297664000,42.0716640625,0.05697159502208233,0.0018086203245446086,-0.017897128680441528
1760555369307670000,42.081669921875,0.05251227752566337,-0.0007445256238337606,-0.05360564398663118
1760555369317674200,42.09167431640625,-0.009517185407876967,-0.0011434526803903282,-0.07530196402063592
1760555369327680000,42.101679931640625,-0.025301029995083806,0.06976288846349343,-0.050298601797875014
1760555369337686300,42.111686279296876,0.025180033963918685,0.06167318770862184,-0.028442049700859933
1760555369347691300,42.12169116210937,0.03600888649225235,0.013148518514400347,-0.0270643133405596
1760555369357697300,42.131697265625,0.01676642588376999,0.004255164093291386,-0.02904070971375331
1760555369367703300,42.14170336914062,0.004704816690087319,0.003125593807781115,0.022823826226592063
1760555369377708300,42.151708251953124,0.032872342032194135,0.011634752950584516,0.01795446662455797
1760555369387714000,42.16171411132812,0.03634323301315307,0.010077467905450612,0.004129427954927087
1760555369397720000,42.17171997070312,0.031153263154625892,-0.025893461196590212,-0.012247487154603004
1760555369407725000,42.18172509765625,0.030481647503376005,-0.009636373074445873,-0.05695248846281319
1760555369417731300,42.1917314453125,0.026522096222639083,-0.006141160502983257,-0.0438385754709132
1760555369427737300,42.2017373046875,0.01597206063568592,0.022264922835351898,-0.032816045267693696
1760555369437742300,42.21174243164062,0.010661679267883301,-0.0049000835338607425,-0.024728052412718533
1760555369447748000,42.221748046875,0.01882102032601833,0.0012527582737617193,0.014098704511858523
1760555369457754000,42.23175415039063,0.025464111602306366,-0.021093084310693667,0.046078225890174504
1760555369467759000,42.241759033203124,0.05556640439927578,-0.013341794330487027,0.06188415444502607
1760555369477765000,42.25176513671875,0.040624855855107306,-0.019938927573198453,0.05084938581474125
1760555369487771400,42.261771484375,0.02463701312839985,-0.02347028917027637,0.027088881526235488
1760555369497776400,42.2717763671875,-0.004497895941138267,0.010165155322058125,-0.0008438669456169008
1760555369507782100,42.2817822265625,0.013510054436326026,0.012032830623770132,-0.04407296874867752
1760555369517788200,42.2917880859375,0.016854688689112662,0.017143542967317627,-0.012551767330802977
1760555369527793200,42.30179321289062,0.020182956328988075,0.04143164219334721,-0.002286357371509075
1760555369537799200,42.31179907226562,0.011077274331450462,0.05238466909062117,0.042488311639428136
1760555369547805200,42.32180517578125,0.018421791875362394,0.012346691479068249,0.042840559143200514
1760555369557810400,42.331810546875,0.04325929601192474,-0.0006504449990577995,0.041772783781215544
1760555369567816200,42.341816162109374,0.023800562304258345,-0.011857748051499948,0.03587437339238822
1760555369577822200,42.351822265625,0.011368950754404068,0.005213031073706224,0.038959699121862645
1760555369587827200,42.3618271484375,0.020322657060623167,0.003778970549441874,0.033411033752467484
1760555369597833200,42.37183325195313,0.01698854420185089,0.023570479875430463,0.02684464270789176
1760555369607839200,42.38183911132813,0.020837620845437048,0.023917512347968295,0.03626209406834095
1760555369617844200,42.39184423828125,-0.0001543137788772583,0.022941041131783274,0.017325977728981524
1760555369627850200,42.40185034179687,0.008473813834786414,0.040298500844417134,0.00547267752373591
1760555369637856300,42.41185620117187,0.01978840405344963,0.04974077611886896,0.010085121488943695
1760555369647861200,42.421861328125,0.012252747851610183,0.02394914959524758,-0.019698862606473265
1760555369657867300,42.4318671875,0.015794950503110885,0.0056623092111665755,-0.02944408461656421
1760555369667872300,42.44187231445313,0.008408347383141517,0.03994480116907507,0.003142645407281816
1760555369677878000,42.4518779296875,0.012085574591159819,0.04341982033587992,0.004858619012311101
1760555369687884000,42.46188403320313,0.03849778069853783,0.03155408990732394,0.014531469905935228
1760555369697889000,42.47188891601562,0.012250994285941123,-0.01702575267339125,-0.011686090412177145
1760555369707895300,42.48189526367187,0.03733165952861309,-0.024638246104260905,-0.016944303201325235
1760555369717901300,42.4919013671875,0.03847147721350193,0.022575696684420107,-0.03495053654573858
1760555369727906300,42.50190625,0.037542671930789945,0.003022745354659855,-0.04649356522541493
1760555369737912000,42.511912109375,0.015075988578796386,0.008966711918264626,-0.03230835147388279
1760555369747918000,42.52191796875,0.0065425535112619395,0.0016105770017951725,-0.04711620890209451
1760555369757924400,42.53192431640625,0.03361760744154453,-0.022912783151678738,-0.03472023492120206
1760555369767929300,42.54192944335937,0.02957388500869274,-0.015823939135577527,-0.009655096041224897
1760555369777935400,42.55193530273438,0.03030979806780815,-0.005261738186795264,-0.004056527115497738
1760555369787940400,42.5619404296875,0.032410569739341734,-0.012612959466129541,0.009298044498171657
1760555369797946000,42.57194604492187,0.02523731710910797,-0.05645275877974927,-0.005771715269237756
1760555369807952100,42.5819521484375,0.05261515337824821,-0.010323679485172033,-0.013351466341130434
1760555369817957000,42.59195703125,0.043054713350534436,-0.022374657686986026,-0.019188958589266985
1760555369827963100,42.601963134765626,0.01838379795253277,0.011782134665176271,-0.04446386776240542
1760555369837969400,42.61196948242188,-0.010748188507556915,0.038338060092180964,-0.03862527953572571
1760555369847974400,42.62197436523437,0.020548867031931876,0.0283179666634649,-0.021822540229558943
1760555369857980200,42.63198022460937,0.04405015412867069,0.02010724247796461,-0.0005746398164890706
1760555369867986200,42.64198608398438,0.04794190087020397,-0.009819876415189355,-0.0015583536242134868
1760555369877991200,42.6519912109375,0.019537059640884397,-0.007280348000209778,-0.007548680080194026
1760555369887997200,42.6619970703125,0.0023760814815759657,0.0070466671084985135,-0.063057271611318
1760555369898003200,42.672003173828124,0.0012122983992099762,0.04339072210555896,-0.0423385096388869
1760555369908008200,42.68200830078125,0.014865560698509216,0.028661519404128193,-0.03408951753592118
1760555369918014200,42.69201416015625,0.0416881011724472,-0.019435699891950934,-0.025643961681239304
1760555369928020200,42.702020263671876,0.029614217019081113,-0.0045258981929160655,-0.029669436071347442
1760555369938025200,42.71202514648437,0.03145020027458668,0.022928272981755433,0.00045121436621993775
1760555369948031200,42.72203125,0.02580196525454521,0.01367797661544755,-0.007319127374328672
1760555369958037200,42.73203735351562,0.017010171511769295,-0.007167535275500268,-0.007062156938575208
1760555369968042200,42.742042236328125,0.023013795840740203,0.014324074232950805,0.03145726933619007
1760555369978048000,42.752048095703124,0.019133739537000656,0.02532786320308223,0.0012833178088068962
1760555369988054300,42.76205419921875,0.005087094005942344,0.01260945233479142,0.012427866956498473
1760555369998059300,42.77205932617188,0.011848258703947066,-0.018930106723681093,0.0007284969376400112
1760555370008065300,42.78206518554688,0.0717605833530426,-0.08818975837277249,-0.036414782145712525
1760555370018071300,42.7920712890625,0.06418401061892509,-0.0967341349594295,-0.01606401323545724
1760555370028076300,42.802076171875,0.03518471062779426,-0.0017024565363302827,0.028486692560184747
1760555370038082000,42.81208203125,0.010818331134319304,0.068228810764011,0.029944435354135927
1760555370048088300,42.82208837890625,-0.011892682367563247,0.05605606934605166,0.04070334618510678
1760555370058093300,42.83209326171875,0.021197101807594296,0.006520049418509006,0.02582699009794742
1760555370068099300,42.842099365234375,0.06711071172058582,0.01681618330962956,0.0066265237339772284
1760555370078105000,42.85210498046875,0.012310030996799469,0.0802792044439353,0.026267865733243523
1760555370088110300,42.8621103515625,-0.020787351962924003,0.055865643074177206,0.0068740504879504435
1760555370098116000,42.8721162109375,-0.01633154159784317,0.06014900121549144,-0.001988123343605548
1760555370108122000,42.8821220703125,0.010853986969590187,0.04780956146111712,0.00969204878443852
1760555370118127000,42.89212719726562,0.06707914753854274,-0.02986439238786697,0.01987878575064242
1760555370128133400,42.90213330078125,0.07470598915517329,-0.15072616618145257,0.0013369842248037458
1760555370138139100,42.91213916015625,0.06991232513785361,-0.11418065206184982,-0.03186382257677615
1760555370148144000,42.92214404296875,0.0361024099946022,0.004903188806399702,-0.044696105615701524
1760555370158150100,42.932150146484375,-0.0014583821147680282,0.058438142176996916,0.009503540475014597
1760555370168156200,42.94215625,-0.009544657936692237,0.042629601539950816,0.032653255921415984
1760555370178161200,42.9521611328125,0.02842880662679672,0.0059459027923643585,0.007244253773521631
1760555370188167200,42.96216723632813,0.0267260943621397,-0.003206924548838287,0.043210123107954856
1760555370198173200,42.97217309570313,0.00031856442987918853,0.0447056954279542,0.04154692086977884
1760555370208178200,42.98217822265625,0.0006961655706167221,0.05458972312053665,-0.013075024019926785
1760555370218184200,42.99218408203125,0.010817746612429619,0.032412560767028475,-0.03212957910718396
1760555370228190200,43.00219018554687,0.01824117461144924,0.025022505314648148,-0.029078959364909677
1760555370238195200,43.0121953125,0.016537293303012846,0.043327520676236596,-0.04477103401543572
1760555370248201200,43.022201171875,0.014704817178845404,0.022392120278440415,-0.07482523162066936
1760555370258207200,43.032207275390626,0.017673603856563566,-0.01566367053994909,-0.043361258549056945
1760555370268212200,43.04221215820313,0.03469137415289879,-0.024322193291876463,-0.008248425847385079
1760555370278218200,43.05221826171875,0.045699674901366234,0.013846592914313078,-0.01468121710754931
1760555370288224300,43.06222436523438,0.02768821739256382,0.04975923422416672,-0.03455848675454035
1760555370298229200,43.072229248046874,-0.02830605702996254,0.06403448261301964,-0.01706442244965583
1760555370308235300,43.0822353515625,-0.008139467313885687,0.029675719681661574,-0.0311378098571673
1760555370318241000,43.09224096679687,0.030096447578072547,0.04759261250849813,-0.00036344475122168657
1760555370328246000,43.10224609375,0.04093465245664119,0.033506511749885975,0.014976053601969033
1760555370338252000,43.112251953125,0.007202478724718094,0.030819062764197585,-0.013153952741343527
1760555370348258300,43.12225830078125,0.0073334116280078885,0.006857008021604269,-0.05536233319453895
1760555370358263300,43.13226318359375,0.042811552244424816,-0.0838604969968088,-0.07221382527956739
1760555370368269300,43.14226928710937,0.0911579422622919,-0.11202758394749834,-0.04027757678739726
1760555370378275000,43.15227514648438,0.07142623683214187,-0.08147130030533298,-0.03186831608880311
1760555370388280000,43.16228002929687,0.02478840429782867,-0.006652169631887227,-0.03790651854081079
1760555370398286000,43.1722861328125,-0.010741174244880676,0.0031455132178030906,-0.05373018368175253
1760555370408291000,43.182291015625,0.029144845941662785,-0.020332137275021523,-0.07496502368384972
1760555370418297000,43.192297119140626,0.055700259912014,-0.026034422303549944,-0.035172271271329374
1760555370428303400,43.20230346679688,0.04948796126842499,0.003953011942096054,-0.013892605746816843
1760555370438308400,43.21230834960937,-0.0036982699960470197,0.028960685013793407,0.018189608820993453
1760555370448314000,43.22231420898437,0.015727730485796926,-0.04464390050442889,-0.038939076458942144
1760555370458320100,43.23232006835938,0.07139116551876068,-0.13200898982239886,-0.09400098366849124
1760555370468325000,43.2423251953125,0.06991583226919174,-0.09155974626252428,-0.0793296669004485
1760555370478331100,43.2523310546875,0.03852116157412529,-0.06403705816259607,-0.05584576932992786
1760555370488337200,43.262337158203124,-0.009804185655713081,0.003951075713336467,-0.007355440796725452
1760555370498342400,43.27234228515625,0.00917290201485157,0.09264452755823731,0.042414433552464464
1760555370508348200,43.28234814453125,-0.005104045140743255,0.08820384169705212,0.07670611346382647
1760555370518354200,43.29235424804688,0.001253214931488037,0.05532565444596112,0.08824204568243585
1760555370528359200,43.30235913085937,0.04351940825283527,-0.013398739548958837,0.05591401226054877
1760555370538365200,43.312365234375,0.039249475848674775,-0.018914945687167346,0.019693282249057663
1760555370548371200,43.32237109375,0.02960661823451519,-0.04813333178907633,-0.006668271383317187
1760555370558376200,43.332376220703125,0.032683541461825366,-0.029842892942111936,-0.011111614992469548
1760555370568382200,43.34238232421875,0.018680735072493553,0.04819381153834983,-0.009905664135655388
1760555370578388200,43.35238818359375,-0.015846388429403304,0.10362968489313497,-0.004444832313340157
1760555370588393200,43.36239331054688,-0.037836686441302295,0.11616479335008188,0.0344661414291244
1760555370598399200,43.37239916992188,-0.03188099290728569,0.12923539692321792,0.07619144193995743
1760555370608405000,43.382405029296876,-0.008141220879554748,0.11271870801681652,0.10426635709516703
1760555370618410000,43.39240991210937,0.04704115263819694,-0.005649184868112206,0.07533745545912533
1760555370628416000,43.402416015625,0.0830845259219408,-0.1310884043787606,0.053933085842709984
1760555370638422300,43.41242236328125,0.08411912966668605,-0.12853875642856583,0.06823819964686408
1760555370648427300,43.42242724609375,0.07302490420043468,-0.07021214833464473,0.07072095637330784
1760555370658433300,43.432433349609376,0.009386252504587174,0.024661307319439947,0.060570048772310835
1760555370668439000,43.44243896484375,-0.012193711140751838,0.04785847863676026,0.008392647490510717
1760555370678444000,43.45244409179688,-0.023448095604777335,0.049544806022197005,-0.011793478043098002
1760555370688450000,43.46244995117188,0.020555296772718428,-0.017391535512171683,-0.03913978666281327
1760555370698456000,43.4724560546875,0.0987134722083807,-0.20456404802137984,-0.06967767613176255
1760555370708461000,43.4824609375,0.1080418570458889,-0.17989483139012008,-0.01425419646766968
1760555370718467300,43.49246728515625,0.05662497354149818,-0.09021068800743669,-0.02853087876178324
1760555370728472300,43.50247241210938,0.015683891344070434,0.001287117201089859,-0.06573292056135834
1760555370738478000,43.51247802734375,-0.0575607930868864,0.10759321822924539,-0.08362159194070845
1760555370748484000,43.522484130859375,-0.036221067938208576,0.05324391626846045,-0.0961938997360412
1760555370758489000,43.53248901367188,0.03853109844624996,-0.043850046712998296,-0.04911794977909885
1760555370768495000,43.5424951171875,0.08019055804610252,-0.01799320946605876,0.010842853654222563
1760555370778501400,43.55250146484375,0.03536532789170742,0.0008340762039646506,0.0172522183730267
1760555370788506400,43.56250634765625,0.0035609073519706725,0.0003375065923668444,-0.003294319704500958
1760555370798512000,43.57251220703125,0.0027110125243663785,0.06533076950125395,0.031136750411242246
1760555370808518100,43.58251806640625,0.012592939591407774,0.0947707076656632,0.05356396940252743
1760555370818523100,43.592523193359376,0.0002811550289392471,0.14953193316189572,0.06420068775909021
1760555370828529200,43.602529052734376,-0.02907937949001789,0.17747195162475107,0.006170213067531585
1760555370838535200,43.61253515625,-0.063359834754467,0.08596934237694367,-0.08536422522380016
1760555370848540200,43.6225400390625,-0.03752162914276123,0.0823793550609611,-0.014096795682562514
1760555370858546200,43.63254614257813,0.025825346130132674,0.12001529476577415,0.04318276931014843
1760555370868552200,43.64255224609375,0.03528875552415848,0.09272416866570711,0.020987806438468395
1760555370878557200,43.65255712890625,-0.02389057867527008,0.03465615670904517,-0.054008416101243344
1760555370888563200,43.662563232421874,-0.02693476867675781,0.010500570422038434,-0.07310528509342111
1760555370898569200,43.6725693359375,0.021492285361886024,-0.04418643906051293,-0.030233280499186364
1760555370908574200,43.68257421875,0.08034954800009728,-0.01621198860509321,0.026956779579166323
1760555370918580000,43.692580078125,0.035808980005979534,0.05911976776560768,0.038415509242564434
1760555370928586200,43.702586181640626,0.006438508614897727,-0.02100727832391858,-0.02858429858260788
1760555370938591200,43.71259130859375,0.01166471883058548,-0.07377990555251017,-0.10055542854694649
1760555370948597200,43.72259716796875,0.05356207883954048,-0.07344080979125574,-0.09242426327052526
1760555370958602200,43.732602294921875,0.10804770226478576,-0.09154445736184716,-0.08372958235982805
1760555370968608300,43.742608154296875,0.06351882470846176,-0.09957083795638755,-0.07344387853117659
1760555370978614000,43.752614013671874,-0.019602526092529295,-0.05196010526930913,-0.05125933658881113
1760555370988619000,43.762618896484376,0.003959551280736923,-0.03592493453584611,0.01744300997108221
1760555370998625300,43.77262524414063,0.068192077216506,-0.013169022446312009,0.07564298687749542
1760555371008631300,43.78263134765625,0.06041968964934349,0.03747842932185158,0.11084747078483924
1760555371018636300,43.79263623046875,0.005202829340100288,0.07786629808330908,0.07766023585088551
1760555371028642300,43.80264233398437,-0.030685061120986935,0.014288801990170031,0.02853589286361821
1760555371038648000,43.81264794921875,0.04520166225135326,-0.09542696135099976,0.013415882480004802
1760555371048653000,43.822653076171875,0.08782558296918869,-0.020218466033786534,0.03395099498121999
1760555371058659000,43.8326591796875,0.042453824847936625,0.07820921150315553,0.031218939668824896
1760555371068665300,43.842665283203125,-0.04825286651551723,0.07711922430936247,-0.02476326985657215
1760555371078670300,43.85267041015625,-0.06429156264662743,0.08535040676100179,-0.04013439632388763
1760555371088676000,43.86267602539063,0.0044756841093301775,0.10345376207064837,0.003437673697946593
1760555371098682000,43.87268212890625,0.04403846369087696,0.060618682820163666,0.04583899204051122
1760555371108687000,43.88268701171875,0.06070259824395179,0.030990053683239965,0.024010433062119408
1760555371118693000,43.89269311523437,-0.023185060754418372,0.04547072498369962,-0.0018759316734038292
1760555371128699100,43.90269921875,-0.03405599885880947,0.07373922648224979,-0.030709181782091036
1760555371138704100,43.9127041015625,0.0065425535112619395,0.050948188280407335,-0.04526355763957835
1760555371148710100,43.922710205078126,0.07319149293899535,-0.023831304502394048,-0.017358181231841446
1760555371158716200,43.932716064453125,0.058151160195469856,-0.07500119097577408,-0.005757339684013277
1760555371168721200,43.94272119140625,0.025922376763820646,-0.06160519137317314,0.004538346682535484
1760555371178727200,43.95272705078125,0.04892857381999492,-0.06947004299676045,0.018778788619488476
1760555371188733200,43.96273315429688,0.06326572673022747,-0.08822665631705895,0.020363728856528176
1760555371198738200,43.97273828125,0.07161503740251064,-0.08637750305272639,0.05367206028634682
1760555371208744000,43.98274389648437,0.04135901534855366,-0.05304163516201078,0.04862471376890316
1760555371218749000,43.9927490234375,0.02397299626171589,-0.011973145458940416,0.009711411072034389
1760555371228755200,44.002755126953126,0.008388473638892174,0.002339786325488239,-0.02672717207437381
1760555371238761200,44.01276123046875,0.011210545322299002,0.016686656912136822,-0.007338306998834014
1760555371248766200,44.02276611328125,0.010426116946339607,0.031028540796414015,0.004487940802704543
1760555371258772200,44.03277221679687,0.013529343658685683,0.033546825493965295,-0.03207982168132439
1760555371268778000,44.04277807617188,0.00015957447588443754,0.03922677082652226,-0.01835526597779244
1760555371278783000,44.05278295898437,-0.006181903505325317,0.05397679712027311,0.018847049816418437
1760555371288789200,44.062789306640624,0.027411154016852377,0.021629136549308894,0.018377916201017797
1760555371298795300,44.072795166015624,0.02625730780661106,0.05480488197486847,0.04665518552791327
1760555371308800300,44.08280029296875,0.01580605641901493,0.07493769728550687,0.019373466577008367
1760555371318806500,44.092806640625,-0.019042554122209548,0.09985056821322068,-0.010455123845115303
1760555371328812500,44.1028125,-0.03936754927039146,0.09337616630103439,-0.04667270291829481
1760555371338817500,44.112817626953124,0.010636544826626777,0.047042376480903474,-0.04224473040821031
1760555371348823600,44.12282348632812,0.050023967841267586,-0.02328631090549752,-0.03177862851135432
1760555371358829600,44.13282958984375,0.05498948129415512,-0.03362277680700645,-0.02084289980875328
1760555371368834600,44.14283447265625,0.03620528584718704,-0.013831468410417437,-0.006940631184447556
1760555371378840300,44.15284033203125,0.02627951963841915,-0.08715740138404071,-0.010449625686090439
1760555371388845600,44.16284545898438,0.06781564511954784,-0.06785095389494672,-0.016491043008491395
1760555371398851600,44.1728515625,0.07374678873419761,-0.015080518623441458,-0.006167381789628416
1760555371408857600,44.18285766601562,0.028663784426450727,0.0046624205867759885,-0.00956230319123715
1760555371418862600,44.192862548828124,-0.008310732227563858,-0.0034681510346010326,-0.026317129968758672
1760555371428868600,44.20286865234375,0.032685879549384116,-0.0547156145225279,-0.036075558520294725
1760555371438874400,44.21287426757812,0.06439560754299163,-0.06238328133989125,-0.0047459341517649585
1760555371448879400,44.22287939453125,0.05734568903148174,-0.01444704302549362,-0.02147546209124848
1760555371458885400,44.232885498046876,0.0025707272708415984,0.040488077732920645,-0.01473523058341816
1760555371468891600,44.2428916015625,-0.0370610258936882,0.04657563575198874,-0.0387514266660437
1760555371478896600,44.25289672851562,0.01506838979423046,-0.05162199588874355,-0.05367593274386599
1760555371488902700,44.26290258789062,0.11135551163852214,-0.14882369356099515,-0.05416271161381155
1760555371498908400,44.27290844726563,0.10141279429495334,-0.09996086018728091,-0.03297101663369685
1760555371508913400,44.282913330078124,0.018783026403188706,-0.03678843776369467,-0.07140214357050136
1760555371518919400,44.29291943359375,-0.02387012040913105,-0.0009742335933260619,-0.05547403167439624
1760555371528925400,44.302925537109374,-0.0002449146717786789,-0.017143387703690678,-0.00919781726039946
1760555371538930700,44.3129306640625,0.053417117410898204,0.005792210067994893,0.00619171251328662
1760555371548936700,44.32293676757813,0.05308803158700466,0.011098846842441707,-0.017469660515990106
1760555371558941700,44.33294165039062,-0.002406476619839668,-0.03993636213429272,-0.06546276185046881
1760555371568947500,44.34294750976562,0.00841126999258995,-0.10363779513435438,-0.04159373741988093
1760555371578953500,44.35295336914062,0.07858838354647159,-0.0846143293051049,0.041477472362760455
1760555371588958500,44.36295849609375,0.10637246252894401,-0.01839826486930251,0.0847178810111247
1760555371598964500,44.372964599609375,0.029410803401470183,0.021061529261805115,0.06310105595411733
1760555371608970800,44.382970703125,-0.07102642385959625,0.07424412553077563,-0.0036832002910785373
1760555371618975700,44.39297583007812,-0.05821253499388694,0.11460063103958963,-0.020041520297992974
1760555371628981500,44.4029814453125,0.008869535154104232,0.13382847860082983,-0.0014196940721943974
1760555371638987500,44.41298754882813,0.034793080961704255,0.08275047166198492,-0.0015468458495102822
1760555371648992500,44.42299243164062,0.0020762217521667478,0.0009999342901632188,-0.02377445974862203
1760555371658998500,44.43299853515625,-0.02435410453379154,0.014489895786531268,-0.011905925441626459
1760555371669004500,44.44300463867187,0.012924363502860069,0.04364129933314398,0.02184568364312872
1760555371679009500,44.453009521484375,0.028766660279035565,0.07433399577131494,0.045317799444310365
1760555371689015600,44.463015625,0.018134207105636596,0.07179572773166,0.009109864982310681
1760555371699021600,44.473021484375,-0.0064963762819767,-0.047025151351466773,-0.07626730192145333
1760555371709026600,44.48302661132813,0.026509236741065978,-0.15429448965489864,-0.07829553807973862
1760555371719032600,44.49303247070313,0.10440496184825897,-0.13891445836191996,-0.04561740344539284
1760555371729037600,44.50303759765625,0.10162322217524052,-0.10117761556589976,0.004202328794356436
1760555371739043600,44.513043701171874,0.006966331881284714,0.03493318355213851,0.015651943569537252
1760555371749049300,44.52304931640625,-0.0740431413322687,0.08547311982521787,-0.026802684995997694
1760555371759054300,44.533054443359376,-0.03355857073068619,0.03586041793227195,-0.023125055929180235
1760555371769060600,44.543060546875,0.032768297135829925,0.030070984343253074,0.017501590024214236
1760555371779066600,44.553066650390626,0.0574561636686325,0.06528532292433083,0.010637695604097098
1760555371789071600,44.56307153320312,-0.0522235237121582,0.10946060127001254,-0.0029990722181275483
1760555371799077600,44.57307763671875,-0.07690671406984328,0.12930815163217485,-0.010091587762348354
1760555371809083400,44.58308349609375,-0.02427227146923542,0.11368495923308655,0.02962472014678642
1760555371819088400,44.59308837890625,0.03879179520905018,0.1088348157881759,0.056058553564082826
1760555371829094700,44.6030947265625,0.04739069672822952,0.02916344104427844,0.01966682350039482
1760555371839100700,44.6131005859375,-0.025568156498670575,0.08019030231777578,-0.016350995216984302
1760555371849105700,44.62310571289063,-0.07788578823506832,0.1254800081787631,-0.031783761344198136
1760555371859111400,44.633111328125,-0.014440613284707068,0.14016067729704082,-0.013401351631153375
1760555371869116700,44.64311669921875,0.008553893333673476,0.14248451713472604,0.04603637777613476
1760555371879122400,44.65312231445313,0.005649988585710525,0.1082782230850309,0.037632578703947366
1760555371889128400,44.66312841796875,-0.026696868267655372,0.013924809249676763,0.01474562411326915
1760555371899133400,44.673133544921875,0.058735682085156435,-0.11421115679796784,0.0175914785310626
1760555371909139700,44.6831396484375,0.11064940919578074,-0.12589806919405236,0.04056622100304812
1760555371919145500,44.6931455078125,0.11516600983738899,-0.1587979020213708,0.007045169271156192
1760555371929150500,44.703150390625,0.06703823100626469,-0.09970367055581882,-0.03064748732326552
1760555371939156500,44.71315649414063,0.0008691840499639511,-0.06786233380548655,-0.03053096653781831
1760555371949162500,44.72316259765625,0.048421793341636654,-0.07221470206240192,-0.029236067889071998
1760555371959167500,44.73316748046875,0.0835462982147932,-0.08323304928084835,0.04169348973361775
1760555371969173500,44.74317358398437,0.09921265390217304,-0.0712617304528132,0.0459134637825191
1760555371979179500,44.75317944335937,0.03875087867677211,-0.031376459184940905,-0.009121884213667362
1760555371989184500,44.7631845703125,-0.013455109378695488,-0.0197618813727051,-0.051035172444116324
1760555371999190500,44.7731904296875,-0.002377250525355339,0.007246080404426902,-0.01362348821554333
1760555372009196500,44.783196533203125,0.08637363059520721,-0.053575285380985584,0.021934567502979188
1760555372019201500,44.79320141601563,0.1007563762128353,-0.10888223512647673,-0.005761705331876874
1760555372029207600,44.80320751953125,0.03060907327532768,-0.027172833482641726,-0.017181089365575462
1760555372039213300,44.81321337890625,-0.04209317484200001,0.09428149937661365,-0.04433980299131945
1760555372049218600,44.82321850585937,-0.047640872097015376,0.13935851233499125,-0.01077975268959999
1760555372059224600,44.833224609375,-0.01476911458671093,0.12581696678185836,0.009531597525719552
1760555372069229600,44.8432294921875,-0.01442658475935459,0.1431252809899859,0.01899995708949864
1760555372079235600,44.853235595703126,-0.054368719047307966,0.20935075257495045,0.008922233455721289
1760555372089241600,44.86324169921875,-0.06050795245468616,0.1900155539154075,-0.008558478177245706
1760555372099246600,44.87324658203125,-0.03448503792583942,0.10073056591814383,-0.004218768472503871
1760555372109252400,44.88325244140625,0.04686228893995285,0.030970070341136306,-0.001595470764208585
1760555372119258600,44.89325854492188,0.055012277647852895,0.10000621543265878,-0.015785579886566845
1760555372129263600,44.903263671875,-0.0029559271961450573,0.07659401312517002,-0.04820162951862439
1760555372139269600,44.91326953125,-0.06767886699736118,0.12303688934296368,-0.06861150820497423
1760555372149275600,44.92327563476562,-0.08100245895087718,0.2094146481240168,-0.08996507921591401
1760555372159280600,44.93328076171875,-0.0908919848024845,0.38903782296590506,-0.0633864852993749
1760555372169286400,44.943286376953125,-0.16519874550700187,0.48434130406770853,0.09851486263005062
1760555372179291400,44.95329150390625,-0.0685842914044857,0.09072824560813605,0.14624679227769374
1760555372189297400,44.96329736328125,0.18814415228664874,-0.31344073018990454,0.08056492605013772
1760555372199303700,44.9733037109375,0.19342355399429798,-0.11966989712789654,0.1306878059549257
1760555372209308700,44.98330859375,0.12125146723091601,-0.064086249332875,0.07734824729226529
1760555372219314700,44.993314697265625,0.03563829961419105,-0.16038593839779494,-0.11207829122142865
1760555372229320400,45.003320556640624,0.052611061725020405,-0.36535832975804805,-0.20137688761893657
1760555372239325400,45.013325439453126,0.16927695473134516,-0.4247769160734489,-0.11779029392637312
1760555372249331500,45.02333154296875,0.23204992950856684,-0.2178708897694945,0.004012030386645347
1760555372259337500,45.03333740234375,0.08743862947821616,0.0949330403542146,0.04110750653920695
1760555372269342500,45.04334252929687,-0.21131576903760432,0.36360253559928385,0.012765063021611421
1760555372279348700,45.0533486328125,-0.23861527937352656,0.2960514962326735,-0.0659517326775007
1760555372289354500,45.0633544921875,-0.049205052673816675,0.12149871999025344,-0.009902695860434322
1760555372299359500,45.073359375,0.11739245371520518,0.06776881030313671,0.07696264550816267
1760555372309365500,45.083365478515624,0.15454232693612574,0.04282265816032886,0.041576585355680436
1760555372319370800,45.09337084960937,0.012765958070755003,-0.1232942616375163,-0.0627582886647433
1760555372329376800,45.10337670898438,0.04943301621079445,-0.31127858371995387,-0.19985439075939357
1760555372339382800,45.1133828125,0.1515688640832901,-0.39198801454100757,-0.11888267400665208
1760555372349387800,45.1233876953125,0.2046592337578535,-0.2792193116363138,0.003635360827669501
1760555372359393800,45.13339379882812,0.1729179415822029,-0.01139488891325891,0.05111669498141855
1760555372369399800,45.14339990234375,-0.09353402374386786,0.27697102125287054,0.05519318717271089
1760555372379404800,45.15340478515625,-0.25855390555262564,0.37530440810248256,-0.07743996243001892
1760555372389410800,45.163410888671876,-0.15268179376125335,0.3252862489474937,-0.08520559146283194
1760555372399416600,45.17341650390625,0.018069909697771072,0.184217589960061,0.008963643178343772
1760555372409421600,45.18342163085938,0.1357008483439684,-0.030505612900853154,0.05780833810716867
1760555372419427800,45.193427734375,0.12608546325862408,-0.1364766184894368,0.02666459169955924
1760555372429432800,45.203432861328125,0.050256023031473154,-0.1814138941835612,0.01324477282995358
1760555372439438800,45.21343896484375,0.03729132751822471,-0.14858696219567208,0.04102932673646137
1760555372449444900,45.22344482421875,0.09845043735802173,-0.00353361748624593,0.09238815991068258
1760555372459449900,45.23344995117188,0.01795358984172344,0.2197953915586695,0.07854240724658593
1760555372469455600,45.24345556640625,-0.11346037496328354,0.24780334242489188,-0.026159053330216554
1760555372479461600,45.253461669921876,-0.1992950763761997,0.25411055281031875,-0.10278868575803934
1760555372489466600,45.26346655273438,-0.07806172932386397,0.23150102692153304,-0.09714298975495621
1760555372499473000,45.27347290039062,0.07553191858530044,-0.01972326639536768,-0.05459217080594971
1760555372509479000,45.28347900390625,0.15844284150600432,-0.17716745225284247,-0.05278272849749773
1760555372519484000,45.29348388671875,0.12359540000855922,-0.2454184565823525,-0.05892117645358667
1760555372529489700,45.30348974609375,0.0944037923157215,-0.3004461144624278,-0.08255971659654751
1760555372539494700,45.31349462890625,0.09940846873521804,-0.2009484330737963,-0.05124214799199253
1760555372549500700,45.32350073242188,0.16692366960346697,-0.2101781798424199,-0.03833824275527149
1760555372559507000,45.3335068359375,0.11898410682082175,-0.21932667806837705,-0.02891154864244163
1760555372569512000,45.343511962890624,0.044510757377743716,-0.16481175548341123,-0.07642263861363753
1760555372579518000,45.35351806640625,0.0648719928830862,-0.18964275681395082,-0.08348444849234074
1760555372589523700,45.36352368164062,0.14357552724182604,-0.2889724612245336,-0.03662301806891337
1760555372599528700,45.37352880859375,0.22407120571434497,-0.374665489144437,0.005602057790756225
1760555372609534700,45.38353466796875,0.241259071880579,-0.4511187603583559,0.0316339593436569
1760555372619540700,45.393540771484375,0.23407822046577928,-0.5127329935545102,0.028885135559551415
1760555372629545700,45.40354565429688,0.21445465158522128,-0.534459854857251,0.00672686056960374
1760555372639552000,45.41355200195313,0.19993805045485497,-0.4444077184123918,0.07211509587913752
1760555372649557000,45.423556884765624,0.12218319512307643,-0.27438133355323224,0.20023586435765026
1760555372659562800,45.43356274414062,-0.005517302116751671,0.16516473363954573,0.2616112107640132
1760555372669568800,45.44356884765625,-0.1324929922133684,0.45163007088135926,0.1805153013760224
1760555372679573800,45.45357373046875,-0.23485212744772432,0.3715170715834945,0.08683958587283268
1760555372689579800,45.463579833984376,-0.18765140033364294,0.16771684754146263,0.040482451709732414
1760555372699585800,45.473585693359375,0.007528641939163207,0.17776218500928953,0.011227094598300754
1760555372709590800,45.4835908203125,0.03002221329808235,0.2722095242057927,-0.007300093880295753
1760555372719596800,45.4935966796875,-0.18878712636530398,0.48126569601465014,-0.07853932024035602
1760555372729602800,45.50360278320313,-0.3384422657817602,0.5648751591261476,-0.1282976411490701
1760555372739607800,45.51360791015625,-0.1867775401085615,0.36602735159341243,-0.11059177899071947
1760555372749613800,45.52361376953125,0.03569967441260814,0.15941756828967482,0.037497864674683655
1760555372759618800,45.53361889648438,0.15185761789679528,0.03750750928586349,0.11246548217441886
1760555372769624800,45.543624755859376,0.11179039592444896,0.03740286160130053,0.012140556181408465
1760555372779630800,45.553630859375,-0.06204524502456188,-0.015563169307541102,-0.12592318536899982
1760555372789635800,45.5636357421875,-0.09775953248441219,0.0051100182238034905,-0.13799295960282906
1760555372799641900,45.57364184570312,-0.012063947281241416,0.1495426372190006,-0.046912155963666734
1760555372809647900,45.58364794921875,0.08182020507454872,0.1527553156551905,-0.04949188852487132
1760555372819652900,45.59365283203125,-0.0211795661509037,0.049431573172379284,-0.023407946257479488
1760555372829658600,45.60365869140625,-0.05977554652690887,-0.020634682151861487,-0.016357571088243275
1760555372839664600,45.61366455078125,-0.005204582905769348,0.022414715702738612,-0.013081727755349128
1760555372849669600,45.62366967773438,0.08692951091229915,0.015147044521011411,0.020835684616677463
1760555372859676000,45.63367602539063,0.1465051509529352,-0.16441064560292287,-0.03470039770957082
1760555372869681000,45.64368090820312,0.06297112769782542,-0.2548725501587614,-0.06479704621704295
1760555372879687000,45.65368701171875,0.04438450064957142,-0.18920770813124252,-0.03426144003672525
1760555372889692700,45.66369262695312,0.04279869276285171,-0.029838910886738446,0.03279239039747044
1760555372899697700,45.67369775390625,0.03579553600251675,0.051043428815808145,0.030029739017412065
1760555372909703700,45.68370361328125,-0.02899754642546177,0.138574832877703,-0.02997494009025395
1760555372919709700,45.693709716796874,-0.1256704527169466,0.28932540284805,-0.009376662692334503
1760555372929714700,45.70371459960938,-0.10669278052449226,0.20084495443301273,-0.03641366790086031
1760555372939721000,45.71372094726563,0.012641454908251762,0.07670240540308877,-0.015547021890338509
1760555372949726700,45.72372680664063,0.05352934561371803,0.04902207905603573,0.04749744503833353
1760555372959731700,45.73373168945312,0.05567278738319874,-0.007983308637794107,0.0018675291712395845
1760555372969737700,45.74373779296875,0.014753332495689392,0.021633264735154808,-0.040703309652488674
1760555372979742700,45.75374267578125,-0.0008756137907505035,-0.0052515821189619595,-0.04116502714641392
1760555372989748700,45.763748779296876,0.001827215427160263,0.11589242441579699,-0.00861218112586066
1760555372999754800,45.773754638671875,-0.025133856734633444,0.2166222231489606,0.03871725040180608
1760555373009760000,45.78376000976562,-0.034443536871671676,0.12212287977058439,0.06515207019979134
1760555373019765800,45.79376586914063,0.009554010286927223,-0.051024870245810594,0.024662659026309847
1760555373029771800,45.80377172851563,0.11158522874116897,-0.14602582473708317,0.015385328522603959
1760555373039776800,45.81377685546875,0.08458031743764877,-0.025501977660972622,0.05869635472176596
1760555373049782800,45.82378271484375,0.0022246903121471403,0.05856025245301425,0.02207499888697639
1760555373059787800,45.83378784179688,-0.05074176072180271,0.07556826854031533,-0.03313124869670719
1760555373069793800,45.843793701171876,0.016717326045036316,-0.09821893015708774,-0.1097734300788492
1760555373079799800,45.8537998046875,0.15019874477386475,-0.3205646272530779,-0.10091571322670206
1760555373089804800,45.8638046875,0.13746727349460125,-0.22147134368056431,0.003923931978084147
1760555373099810800,45.87381079101562,0.07387713711559772,-0.06963217475591227,0.01776604964667931
1760555373109816800,45.88381689453125,-0.0029623569369316097,-0.022637034950219095,-0.026934640812594442
1760555373119821800,45.89382177734375,-0.015253683233261107,-0.08218443527705967,-0.03676823522588238
1760555373129827800,45.903827880859374,0.07656535328626632,-0.14437438600193708,-0.009901746012363582
1760555373139833600,45.91383349609375,0.12867489522993564,-0.07640780637068674,0.039737916952744125
1760555373149838600,45.923838623046876,0.03265256180167198,0.050405733700469135,0.008408511779922991
1760555373159844900,45.93384497070313,-0.10057985060214995,0.12375988812157883,-0.027593470047507434
1760555373169849900,45.94384985351562,-0.07461714182794094,0.11318919333908706,-0.04912095458693802
1760555373179856000,45.95385595703125,0.043588966357707974,0.05228405826035887,0.009955522026214749
1760555373189862000,45.96386181640625,0.10666998417079449,0.06692846875516698,0.04683355603581294
1760555373199867000,45.973866943359376,0.012948913422226906,0.1199217347308062,-0.0008704444252885877
1760555373209872600,45.98387255859375,-0.09087737175524234,0.11172507560327649,-0.07065369982337578
1760555373219878700,45.993878662109374,-0.05678805514872074,0.0947531354763545,-0.06544500699806959
1760555373229883600,46.00388354492188,0.023030162453651425,0.10651154220607131,-0.0242657138642855
1760555373239890000,46.01388989257813,0.05703413886427879,0.06782766435090452,-0.00406092929597944
1760555373249896000,46.02389599609375,-0.02786065135002136,0.012312661345303058,-0.027714246882963926
1760555373259901000,46.03390087890625,0.0014653963774442671,-0.04364100707219913,-0.07244440089873969
1760555373269906700,46.04390673828125,0.04182780190408229,-0.012193309281952678,-0.02143481955360621
1760555373279911700,46.05391162109375,0.07574877620637416,-0.018590499505773187,-0.010040405564382671
1760555373289917700,46.063917724609375,0.06867956847250462,-0.02738768180971965,-0.01322060650307685
1760555373299924000,46.073924072265626,-0.008366846328973769,0.003659819415491074,-0.01843196620950475
1760555373309929000,46.08392895507812,0.0008060556858777999,-0.027777795372158288,-0.03332728272546082
1760555373319934700,46.09393481445313,0.04003390422463417,-0.04219809652119875,-0.001463368817139417
1760555373329941000,46.10394091796875,0.09270692526996135,-0.05895051214592531,0.05716339126713574
1760555373339946000,46.113946044921875,0.07266308515071869,-0.022033443033881484,0.03920700668012723
1760555373349952000,46.123951904296874,-0.0029980127722024916,-0.02090263063935563,-0.00490742659009993
1760555373359957000,46.13395703125,-0.02461597034037113,-0.04968072562785819,-0.03237332473518326
1760555373369963000,46.143962890625,0.07317454180419444,-0.11121855085324496,-0.01702803596202284
1760555373379968800,46.15396875,0.09851473476588725,-0.05732998000569641,-0.03684714568099007
1760555373389973800,46.16397387695312,0.012241057413816451,0.05231427073553204,-0.05437955096857622
1760555373399980000,46.17397998046875,-0.08373100713193415,0.13493919805539772,-0.08898828833932057
1760555373409986000,46.18398608398437,-0.06299567761719227,0.11805911919670178,-0.08977910992344841
1760555373419991000,46.193990966796875,0.025195816054940222,0.054305992542020974,-0.060215380982588974
1760555373429997000,46.2039970703125,0.05937397998869419,0.010885149292834103,-0.04403190608592704
1760555373440002000,46.214001953125,0.05813245549499988,-0.06349456705003977,-0.01606702717645094
1760555373450007800,46.2240078125,0.03325988004505634,-0.07759075081124901,-0.01973711225762963
1760555373460013800,46.23401391601563,0.03887947349250316,-0.012301244902145117,0.032487489166762674
1760555373470018800,46.24401879882812,0.056121700194478034,0.046139436291810124,0.06519305979730561
1760555373480025000,46.25402514648437,0.019951485660672185,0.054889491518400606,0.06765369602348655
1760555373490031000,46.26403100585937,0.015686813953518865,-0.037659886835981156,0.016270422527752817
1760555373500036000,46.2740361328125,0.019770283874869347,-0.07170412219176069,0.057407557020243256
1760555373510041900,46.284041748046874,0.062440966343879696,-0.010226813248265534,0.0732012471480295
1760555373520047900,46.2940478515625,0.06739303579330444,-0.015919983388576656,0.0414146545259282
1760555373530052900,46.30405297851563,0.010411503899097441,0.012498484507296233,0.017152009401563553
1760555373540059000,46.31405883789063,-0.013926234021782875,0.023239037697669118,-0.04168258474711328
1760555373550063900,46.32406396484375,0.018009119421243665,-0.01574700144184753,-0.04011471437588334
1760555373560070100,46.334070068359374,0.06612579233646393,-0.09358642978454008,-0.036341698643192644
1760555373570076000,46.34407592773437,0.10096095887422561,-0.13958682293184102,-0.06693520902320742
1760555373580081000,46.354080810546876,0.05949146888852119,-0.13297841937644406,-0.051167804114148015
1760555373590087000,46.3640869140625,0.0006476502537727355,0.050685865816101426,-0.011256667752657086
1760555373600093000,46.374093017578126,-0.020036825856566427,0.07057042372040451,-0.004464085003081709
1760555373610098000,46.38409790039063,0.03678045538663864,-0.010704203235358,-0.004034918071888387
1760555373620104000,46.39410400390625,0.06473521476089954,-0.051253199108969416,0.029056199543830007
1760555373630109000,46.40410888671875,0.07295359252989292,-0.12434868432758375,0.0275352005216293
1760555373640115000,46.414114990234374,0.04271393708884716,-0.08065410217093304,0.0033733123579993843
1760555373650121000,46.42412084960937,0.0564542931497097,-0.03267948634121567,0.00993791330428794
1760555373660126000,46.4341259765625,0.004195113602280616,-0.00008360489653423428,0.030284919354878363
1760555373670132000,46.44413208007813,0.013567337581515312,0.02584704650528729,0.03554402719317004
1760555373680138000,46.454137939453126,-0.003428220883011818,0.07928739866130054,0.03458597754966467
1760555373690143000,46.46414306640625,-0.02103051306903362,0.061596441811136896,0.06285111804734915
1760555373700149000,46.47414892578125,-0.014581483060121535,0.059978722682502116,0.07990881849527358
1760555373710155000,46.48415502929687,0.013974164816737173,0.062355041626095765,0.07183682692702859
1760555373720160000,46.494159912109374,0.021719664376974104,0.09770593913365155,-0.022030812685377894
1760555373730166000,46.504166015625,-0.04949380648732185,0.08659613250577822,-0.05410955665446818
1760555373740171000,46.5141708984375,-0.013690087178349495,-0.015116265790257603,-0.07479324731351807
1760555373750177000,46.52417700195313,0.039732875451445576,-0.02820062389411032,-0.03715829398939386
1760555373760182800,46.53418286132813,0.0778694216221571,0.011178981140255928,0.001012464978173375
1760555373770187800,46.54418774414062,0.04480126475691795,-0.004922021371033042,0.020768756860308348
1760555373780194000,46.55419409179687,-0.011708557972311974,-0.0533627386088483,-0.01816535116257146
1760555373790199000,46.564198974609376,0.02350362518429756,-0.0726142593066208,-0.034403424056991934
1760555373800205000,46.574205078125,0.06255845524370669,-0.05371414586240426,0.06715656015630811
1760555373810210800,46.5842109375,0.049506081447005267,0.0049821175278164445,0.07592652565976604
1760555373820216000,46.59421606445313,0.0077414079070091246,0.044054346246598285,0.0010066562918946147
1760555373830221800,46.60422192382813,-0.04701309558749198,0.041210501122800634,-0.016330975342262535
1760555373840227800,46.61422778320313,-0.01006955859363079,0.05519458454535343,0.01822214111741632
1760555373850232800,46.62423291015625,0.013057634493708609,0.08764514836836605,-0.028760230538249013
1760555373860239000,46.63423901367187,0.0008773673564195632,0.12141615627333521,-0.0693127883421257
1760555373870244900,46.64424487304687,-0.06467091735303401,0.12436435682075098,-0.045511641515977676
1760555373880249900,46.654249755859375,-0.04776537525951862,0.05720193317923695,-0.046772619628813114
1760555373890256000,46.664255859375,0.06139408763945102,0.04934092661370523,0.017574015939608216
1760555373900260900,46.6742607421875,0.07189210077822208,0.024449080207711086,0.0810113363770768
1760555373910267000,46.68426684570313,0.0436357281088829,0.02127061456837691,0.012172284760233014
1760555373920273200,46.69427319335937,-0.04935761288702488,0.10334047442190349,-0.06144673114214092
1760555373930278100,46.704278076171875,-0.07889934919178486,0.1290025014827959,-0.03474620961267501
1760555373940284000,46.714283935546874,0.006724339818954468,0.08487648737262934,-0.01669730617031455
1760555373950290000,46.7242900390625,0.08782733653485775,0.02892101059053093,-0.026826193735748526
1760555373960295000,46.734294921875,0.046696869245171545,0.006930201121978462,-0.015329616279993205
1760555373970301000,46.74430102539063,-0.04587678503394126,0.03508119545439258,-0.02181671327697113
1760555373980306000,46.75430590820312,-0.016515665993094442,0.07244967986205593,-0.03236541542336344
1760555373990312000,46.76431201171875,0.02824059057831764,0.021711353206355123,0.025714962824527173
1760555374000318000,46.77431787109375,0.07119242807626724,-0.11763300273912027,0.03313822642676532
1760555374010323000,46.784322998046875,0.07238952890634537,-0.0852862920162268,0.034229802789445964
1760555374020329000,46.794328857421874,0.026185996136069298,-0.045890758760366586,0.008879472026228904
1760555374030335000,46.8043349609375,0.0035018706411123275,-0.03239946382343769,-0.03361609133789316
1760555374040340000,46.81434008789063,0.028857845693826673,0.009883881562110036,-0.06587242036359384
1760555374050346000,46.82434594726563,0.03718377549052238,-0.009426255721412598,-0.07402569700712337
1760555374060351000,46.83435107421875,0.038946693509817124,-0.03646147083165124,-0.11271669872282072
1760555374070356700,46.84435668945312,-0.004756254616379738,-0.0014626929637044667,-0.08410241599390282
1760555374080363000,46.85436303710937,0.010056114590168,0.03448474566489458,-0.06049189636902883
1760555374090368000,46.864367919921875,0.02695873407423496,0.013245357351843267,-0.006947718512360006
1760555374100374000,46.8743740234375,0.04205634996294975,-0.022960549549851564,0.004879844463430345
1760555374110380000,46.884380126953126,0.0520581040173769,0.009629267480224371,-0.014793975033331661
1760555374120385000,46.89438500976563,0.024212650236487387,0.0003265650732442736,-0.035551552912499756
1760555374130390800,46.90439086914063,0.005345452681183815,0.026984014645963905,-0.01328939742296934
1760555374140395800,46.91439575195312,0.027777649241685867,0.03034382820157334,-0.000941573432739824
1760555374150402000,46.924402099609374,0.04001695308983326,0.006424151295982301,0.01201523103499785
1760555374160408000,46.93440795898437,0.04117021477818489,-0.024394491343107075,0.06730183211220428
1760555374170413000,46.9444130859375,0.05068213948905468,-0.019878511756006627,0.043847069304622704
1760555374180419000,46.95441918945313,0.02712298472523689,0.030954142119642345,0.014059779007267206
1760555374190424800,46.9644248046875,-0.015868600261211393,0.04625122610321268,0.002283617425151169
1760555374200429800,46.97442993164063,-0.00485328525006771,0.03332213162630796,0.0006777896637097001
1760555374210435800,46.98443579101563,0.05659516292512416,-0.011241999906487762,0.0008743351491168141
1760555374220440800,46.99444091796875,0.0730026923686266,-0.03583119183778763,-0.020386917935870587
1760555374230447000,47.004447021484374,0.0053261634588241576,-0.013965470053628087,0.017298395602311938
1760555374240453000,47.014453125,0.028047113832831382,-0.046217689159791915,-0.0009617577042430639
1760555374250458000,47.0244580078125,0.04176701162755489,-0.012233367297705262,-0.004730864446796477
1760555374260463900,47.0344638671875,0.016868132692575453,0.03226648509353399,0.012189235895033925
1760555374270470000,47.044469970703126,0.009338906231522559,0.027683084559720007,-0.01768043545614928
1760555374280475000,47.05447485351562,-0.012249240720272064,0.027882753583975135,-0.015098109079059212
1760555374290481000,47.06448095703125,0.0005734159737825394,0.02973207124508917,-0.005988609422929584
1760555374300486000,47.07448583984375,0.04361351627707481,-0.029942371261212974,0.00189841749984771
1760555374310492200,47.0844921875,0.062406479552388185,-0.03258868451891467,0.02319558214843273
1760555374320497400,47.09449731445312,0.02957037787735462,0.022966760094929484,0.0021561916531994936
1760555374330502400,47.10450244140625,-0.018693594554066658,0.060778622622229155,0.018555884850118307
1760555374340508400,47.11450830078125,-0.0006692775636911391,0.06572475552121176,0.03416152332620695
1760555374350514700,47.1245146484375,0.018390812215209006,0.012268803937267512,0.007620046549662947
1760555374360519700,47.13451977539062,0.05929273144602775,-0.05657667742036283,0.030400143232382833
1760555374370525700,47.14452563476563,0.07115560319721698,-0.06418329823287204,0.03790940461764112
1760555374380530700,47.15453076171875,0.030490415331721303,-0.03067225643834099,0.038871472849138076
1760555374390536400,47.16453637695312,0.021405776122212408,0.021830248611979186,0.027545356589462607
1760555374400542500,47.17454248046875,0.013953122028708458,0.017075254370924085,0.03249786443030461
1760555374410547500,47.18454736328125,0.03071545625925064,0.002464234689064324,0.039087983410339804
1760555374420553500,47.194553466796876,0.04312485597729682,-0.00869231542367488,0.04994065520567819
1760555374430559700,47.20455981445313,0.039844519132375716,-0.024179003695212302,-0.004483337692823261
1760555374440564700,47.21456469726562,0.006091302612423896,-0.02584671771172434,-0.06824289408829062
1760555374450570500,47.22457055664062,0.005749941828846931,-0.030041959178168324,-0.12471340772043912
1760555374460575500,47.234575439453124,0.009179916277527808,-0.036593152653612196,-0.12020555664086714
1760555374470581500,47.24458154296875,0.03386310663521289,-0.025563133263681082,-0.0779413360808976
1760555374480587500,47.25458740234375,0.0299590849339962,0.024590342708770183,-0.01545170828970149
1760555374490592500,47.26459252929688,0.0054027358263731,0.02681709711384028,-0.00773948994455859
1760555374500598500,47.2745986328125,0.010915361768007278,0.024421580279432236,-0.01649862352674827
1760555374510603500,47.284603515625,0.006221066471934318,0.059633325044624506,0.01816272081406787
1760555374520609500,47.29460961914062,0.00987783541381359,0.05707971330536529,0.025142314035724846
1760555374530615600,47.30461547851562,-0.002923193970322609,0.06938055634871125,-0.012535638179909436
1760555374540620500,47.31462060546875,0.001064998883008957,0.05727602132875472,-0.05487264998145401
1760555374550626600,47.32462646484375,0.012553776624798774,0.010636855353880674,-0.06558372134901583
1760555374560632600,47.334632568359375,0.03766074535250664,-0.006414068293385207,-0.037296807410940526
1760555374570637600,47.34463745117188,0.05065349791646003,-0.041702476757671685,-0.02398039411688223
1760555374580643600,47.3546435546875,0.04373042065501213,-0.032830165124591436,-0.011683441797364502
1760555374590648600,47.364648681640624,0.00015898995399475096,0.03627013124432415,-0.007666260311566293
1760555374600654600,47.37465454101562,-0.001938274586200714,0.022258136901538817,-0.026556966606620696
1760555374610660600,47.38466064453125,0.011386486411094665,0.0012002974341623483,-0.036058753515966234
1760555374620665600,47.39466552734375,0.0287391877502203,-0.03501441382849589,-0.018629845135472715
1760555374630671600,47.404671630859376,0.0408516503483057,-0.023205153694376347,-0.00008086495017632841
1760555374640677400,47.414677490234375,0.05584054516553878,-0.0325834968871437,-0.04140371300680563
1760555374650682400,47.42468237304688,0.033007951110601425,-0.02672596649797633,-0.03906657529613003
1760555374660688600,47.43468872070312,0.031743045741319656,-0.06255650074863806,-0.031532873589359224
1760555374670693600,47.444693603515624,0.06186462776064872,-0.034279359285905954,-0.0033225137525238094
1760555374680699600,47.45469970703125,0.04349018215835094,0.0003174684513360262,0.05176695731738582
1760555374690705700,47.46470556640625,0.039915830802917475,-0.0005781834804452955,0.0512442851501517
1760555374700710700,47.47471069335938,0.0038742110848426817,0.04138690800247714,-0.004514700945466757
1760555374710716400,47.48471630859375,-0.008228899163007735,0.03148468706607818,-0.015730141638591884
1760555374720722400,47.494722412109375,0.010336100575327873,0.026975319882854818,-0.02536112615186721
1760555374730727400,47.5047275390625,0.024560440760850906,0.028103447129949926,-0.03639187619416043
1760555374740733700,47.51473364257812,0.015118658676743507,0.05498853144608438,-0.007994012694898993
1760555374750738700,47.52473876953125,-0.004348842859268188,0.06584032645858824,0.01328729679742828
1760555374760744400,47.534744384765624,-0.00004208557605743408,0.05777978786611929,-0.0054260253704153
1760555374770750500,47.54475048828125,0.02221826154887676,0.030386680962610987,0.006505619034357368
1760555374780755500,47.55475537109375,0.018572014001011848,0.023324889350216833,0.01508113967794925
1760555374790761500,47.56476147460938,0.03466273258030415,0.012307839039713143,0.03262751869196072
1760555374800766500,47.57476635742187,0.022903321203589438,0.030762546803988513,0.012447137912549078
1760555374810772500,47.5847724609375,0.0060690907806158064,0.02255788703309372,-0.001554554231930524
1760555374820778500,47.59477856445312,0.004795417582988739,0.02812980541391298,-0.03137450468987226
1760555374830783500,47.604783447265625,-0.017288988453149794,0.0573343091209419,0.010548355086520314
1760555374840789500,47.61478955078125,0.029478607940673827,-0.011272413311060518,0.005068133577145636
1760555374850795500,47.62479541015625,0.0447989266693592,-0.04624795643389225,-0.0014131547335535287
1760555374860800500,47.63480053710938,0.016401099702715874,-0.006019351621065289,0.05508347972054034
1760555374870806500,47.644806640625,0.04500000219941139,0.011612641583476215,0.05278004335006699
1760555374880811500,47.6548115234375,0.04381634537279606,-0.020429825495835392,0.05222677511516958
1760555374890817500,47.66481762695312,0.0577525162667036,-0.0356288193997927,0.009864446209277957
1760555374900823600,47.67482348632812,0.027426351585984228,-0.05096713044289499,-0.01571700816238299
1760555374910828500,47.68482861328125,0.007285480833053588,-0.05353820477360859,-0.014329809853993356
1760555374920834600,47.69483447265625,0.02020633720457554,-0.0019012305114418267,-0.01602181806154549
1760555374930840600,47.704840576171875,0.030289924323558804,0.02491780283115804,-0.0269137624213472
1760555374940845600,47.71484545898438,0.0038689503878355023,0.024672029642853883,-0.02563771460354328
1760555374950851300,47.72485131835938,0.011267828467488288,0.010333159699570387,-0.02005366739351302
1760555374960856300,47.73485620117187,0.01774491552710533,0.04549100058674812,-0.03818286953046918
1760555374970862600,47.744862548828124,-0.0033119010269641873,0.061187258222047236,-0.04282985508609563
1760555374980868600,47.75486865234375,-0.015228548792004585,0.08342068080743774,-0.04131981584932655
1760555374990873600,47.76487353515625,-0.009453472521901131,0.027019396486599,-0.0293062835810706
1760555375000879600,47.77487963867188,0.05586275699734688,-0.07152708512442187,-0.03343549234028905
1760555375010885400,47.784885498046876,0.06697802525162697,-0.04606746703414246,-0.009514080135338008
1760555375020890400,47.79489038085938,0.041891514790058135,-0.005187412575259805,-0.023753654422610997
1760555375030896400,47.804896484375,-0.022940146082639692,0.03615167423011735,-0.0769607458120212
1760555375040901400,47.8149013671875,-0.01755143878161907,0.034595147236809135,-0.06814542506318538
1760555375050907600,47.82490771484375,0.011138649129867553,0.01208820493966341,-0.04284830405823886
1760555375060913700,47.83491357421875,0.06988426808714866,-0.014553937466070055,-0.011888006192445755
1760555375070918700,47.84491870117188,0.039594343763589855,0.022398075095191598,-0.029945129473879933
1760555375080924400,47.85492431640625,-0.042720951351523394,0.051975613365694874,-0.025044753679074345
1760555375090929400,47.86492944335937,-0.0283773687005043,0.06684913817495107,-0.05404938743244856
1760555375100935400,47.87493530273437,0.02474456515610218,0.0401643987365067,-0.06016290187668055
1760555375110941700,47.88494165039062,0.08225859649181365,-0.08332399723362177,-0.10401066530104726
1760555375120946700,47.89494677734375,0.05437807139754295,-0.1014549894688651,-0.13057123037055135
1760555375130952700,47.90495263671875,0.00006254384219646453,-0.0028856749715283512,-0.12548159734765066
1760555375140958500,47.91495849609375,-0.002762450450658798,0.011596366302110254,-0.08543501630453393
1760555375150963500,47.92496337890625,0.02793956180512905,-0.01623034624569118,-0.0548786778634414
1760555375160969500,47.93496948242188,0.08989362141489982,-0.05103953809197992,-0.02067083117747679
1760555375170974500,47.94497436523437,0.041565936097502705,-0.027359679557941854,0.030779918063897637
1760555375180980500,47.95498046875,0.010753449204564093,0.014404665188491343,0.018965360700152815
1760555375190986800,47.96498681640625,0.00911795695722103,0.014471702542714774,0.027538926848676055
1760555375200991700,47.97499169921875,0.04667348836958408,-0.0558609303664416,0.06601005700230599
1760555375210997500,47.98499755859375,0.07475684255957603,-0.08931837881021201,0.12245386529061943
1760555375221002500,47.99500244140625,0.08963117108643054,-0.03824398860055953,0.12397037080079316
1760555375231008500,48.00500854492188,0.02384381692409515,0.019113646597042677,0.07787177797602489
1760555375241014500,48.0150146484375,-0.033093291306495666,0.04494684724006802,0.03761551797129214
1760555375251019500,48.02501953125,-0.006117021575570106,0.0468383235424757,0.023772340856771913
1760555375261025500,48.035025634765624,0.039836335825920104,0.028012079052068293,0.038506347597483545
1760555375271031600,48.04503149414062,0.052234629628062246,0.04243417029939592,0.016311613054666666
1760555375281036500,48.05503662109375,-0.007339841368794441,0.06818148275725543,0.0033719423848204313
1760555375291042600,48.06504248046875,-0.0468687186807394,0.10519322614911943,-0.049678935529571026
1760555375301047600,48.07504760742187,-0.023435820645093915,0.09762794199399649,-0.030176362680178134
1760555375311053600,48.08505346679687,0.014915245059132574,0.08362732756175101,0.019791162266116588
1760555375321059300,48.09505932617188,0.02104804872572422,0.09561031856127082,0.038301673604547976
1760555375331064300,48.10506420898437,-0.011870470535755157,0.0749173668835312,-0.006936923123709857
1760555375341070300,48.1150703125,-0.028316578423976897,0.053913449560478326,-0.02786057828478515
1760555375351075300,48.12507543945313,0.007731471034884452,0.06662698332425207,-0.019494773135427385
1760555375361081300,48.135081298828126,-0.0016208792001008987,0.07443791280351579,0.03442486870381981
1760555375371087400,48.14508740234375,0.01071136362850666,0.061913471871055656,0.057428910335525864
1760555375381092400,48.15509228515625,0.009130231916904449,0.03571794072166085,0.034896723999269304
1760555375391098400,48.16509838867187,0.04441080413460731,-0.06119936878494918,0.033340909392014145
1760555375401104100,48.17510424804688,0.07714461447894573,-0.15869425898380576,0.017289901768602428
1760555375411109000,48.185109130859374,0.08099135303497314,-0.07910290893986821,0.05664676524819806
1760555375421115400,48.195115478515625,0.05612812993526459,-0.014088877237588166,0.013569730468001216
1760555375431120400,48.20512036132813,-0.0173322430729866,0.0022506284710019824,0.009717786013893783
1760555375441126400,48.21512646484375,0.03405775242447853,-0.05990118220057338,-0.03531264785639941
1760555375451132400,48.22513232421875,0.07213818449378014,-0.10595865756366402,-0.032980770842730996
1760555375461137400,48.23513745117187,0.08226502623260021,-0.10081322096660733,-0.035216366141382606
1760555375471143200,48.24514306640625,0.05964987432062625,-0.06626045156680047,-0.034576698264665896
1760555375481148200,48.255148193359375,0.006002455285191536,-0.036521987113542854,-0.06671796780964359
1760555375491154400,48.265154541015626,0.028705285480618476,-0.08191687038205564,-0.08491523021413012
1760555375501160400,48.275160400390625,0.06400397787690162,-0.09308430721499025,-0.05959425340956077
1760555375511165400,48.28516552734375,0.11593991681933402,-0.11632760096266866,-0.04512662425376474
1760555375521171500,48.29517138671875,0.07004325804114342,-0.09359046663884073,-0.042070816879719496
1760555375531177200,48.30517724609375,0.025831775870919227,-0.04061663601603359,-0.04153356819786131
1760555375541182200,48.31518212890625,-0.007032382854819297,0.01151263354141265,-0.016502970908302814
1760555375551188200,48.32518823242187,-0.006575871258974075,0.09379314960408955,0.018837350406311452
1760555375561193200,48.335193115234375,-0.01050093574821949,0.09702095254417509,0.01285754534434527
1760555375571199500,48.345199462890626,-0.015011691170930862,0.07930489778537303,-0.025984372616745532
1760555375581205200,48.355205322265626,-0.028044775745272636,0.0639633536055684,-0.05962435628687963
1760555375591210200,48.36521020507813,-0.015512041908502578,0.06971614497862756,-0.05729753904081881
1760555375601216300,48.37521630859375,0.015694997259974478,0.07347443806622177,-0.038984705698955804
1760555375611221200,48.38522119140625,0.00393792397081852,0.08093454481381923,-0.02046862313626334
1760555375621227300,48.395227294921874,0.00012508768439292906,0.03520235588233918,-0.014142762849293649
1760555375631233300,48.4052333984375,0.0036059155374765393,0.010509667043946683,0.02235271984981373
1760555375641238300,48.41523828125,0.03771627493202686,0.05096596139911562,0.0748180346949026
1760555375651244300,48.42524438476563,0.030648820763826367,0.06088789168298244,0.045091863467637446
1760555375661250300,48.435250244140626,-0.021765257084369657,0.07399532013516873,0.028030272295884787
1760555375671255300,48.44525537109375,-0.01673018552660942,0.06157437610980123,0.016249653734359888
1760555375681261300,48.45526123046875,0.012986322823166847,0.02845985935218632,-0.007904635644704103
1760555375691266300,48.465266357421875,0.037326983353495595,-0.0003304740633815527,0.017151625809073447
1760555375701272300,48.475272216796874,0.026660627910494804,-0.014392390228807925,-0.01919595458563417
1760555375711278300,48.4852783203125,0.025604396855831144,-0.017740787341259417,-0.04772095159590244
1760555375721283300,48.49528344726563,0.01409808345735073,-0.0021769421802833675,-0.03193155405074358
1760555375731289300,48.50528930664063,0.053479076731204986,-0.05751596756447106,0.000286872383672744
1760555375741295400,48.51529541015625,0.07519640302062035,-0.05710534093696624,-0.011081932240258902
1760555375751300400,48.52530029296875,0.026742460975050925,-0.023959077334217725,0.002382273760344833
1760555375761306400,48.53530639648437,0.017971710020303726,-0.014401377252861856,-0.029561025527119634
1760555375771311400,48.545311279296875,0.00979249521791935,-0.01451360545568168,-0.024911080829426644
1760555375781317000,48.555317138671874,0.03420388289690018,0.0016566446332260964,0.012610292585007846
1760555375791323400,48.565323486328126,0.045262452527880664,0.021669358961842952,0.05494266474405303
1760555375801328400,48.57532836914063,0.006790975314378738,0.05024257902801037,0.037602366228774185
1760555375811334400,48.58533447265625,-0.025106968727707863,0.0692081223912537,-0.023341055033728478
1760555375821339400,48.59533935546875,-0.009723521634936332,0.07282401133347302,-0.02875904322816059
1760555375831345400,48.605345458984374,0.0047451487004756925,0.05271963666602969,-0.03980546576362103
1760555375841351200,48.61535107421875,0.006778115832805633,0.005187412575259805,0.01846480903318152
1760555375851356200,48.625356201171876,0.03439677512049675,-0.009137246179580689,0.04741228750552982
1760555375861362200,48.635362060546875,0.04255903878808021,-0.010221972676366566,0.04227121655633673
1760555375871367200,48.6453671875,0.055818333333730694,-0.037246794256754215,0.04861156202638522
1760555375881373400,48.65537353515625,0.056199441605806345,-0.040944187469966704,0.032533045341540126
1760555375891379500,48.66537939453125,0.029357027387619018,-0.009204721925221383,0.02087207110431045
1760555375901384400,48.675384521484375,0.02572013218998909,-0.001755757626146078,0.00378887088894844
1760555375911390200,48.68539013671875,0.04859656538665295,-0.0348406464304775,-0.004417323251906782
1760555375921395200,48.69539526367188,0.037222353935241696,-0.06914082930870354,-0.01527193127600476
1760555375931401200,48.705401123046876,0.06103168406784534,-0.09601170243639498,0.04970538514507934
1760555375941407500,48.71540747070313,0.09636194064617157,-0.1004538861349225,0.05249739048378542
1760555375951412500,48.72541259765625,0.05942307982742786,-0.04888466161303222,0.03581977539462969
1760555375961418500,48.73541845703125,0.018919220003485678,-0.05328399255052209,0.015243728094827384
1760555375971424300,48.74542431640625,0.017338672813773156,-0.053714237193949514,-0.008898176726698875
1760555375981429200,48.75542919921875,0.04538461760282516,-0.056607328286953265,0.0011132219389081
1760555375991435300,48.765435302734375,0.04648877945244312,-0.028395781140029427,0.031565515483636404
1760555376001440300,48.77544018554688,0.03428922309279442,-0.027989830687642096,-0.0032346893385984
1760555376011446300,48.7854462890625,0.002350362518429756,-0.02472154960669577,-0.03674490914922207
1760555376021452500,48.79545263671875,0.010218027153611182,-0.00906852832492441,-0.02075427167722955
1760555376031457500,48.80545751953125,-0.00006605097353458404,0.04869293843321502,-0.006052395374141633
1760555376041463300,48.81546337890625,-0.016657120290398595,0.09922244464382529,-0.030380232955515382
1760555376051468300,48.82546826171875,-0.030403321570158005,0.12028755410220474,-0.04124649488478899
1760555376061474300,48.835474365234376,-0.045483401802182195,0.08718315687980502,-0.008109565365966409
1760555376071480300,48.845480224609375,0.02321779398024082,0.012766250331699848,-0.01782019098671153
1760555376081485300,48.8554853515625,0.08034779443442822,-0.037921259452216326,-0.004759962677117437
1760555376091491300,48.8654912109375,0.021941782695055007,0.039034335260652,0.012602675534132867
1760555376101497300,48.87549731445313,-0.02836684730648994,0.11260945722237228,-0.030641094115097075
1760555376111502300,48.88550244140625,-0.05216331795752048,0.10213679772056639,-0.05230893697328865
1760555376121508400,48.89550830078125,0.014413725277781486,-0.006755465609580278,-0.042382933302503076
1760555376131513300,48.90551342773438,0.08439034782350063,-0.01812996932193637,-0.031018202065490184
1760555376141519400,48.915519287109376,0.0569727640658617,0.0008530731653794646,-0.019166217034496367
1760555376151525400,48.925525390625,-0.012283142989873885,-0.011918949319981038,-0.022922391230240462
1760555376161530400,48.9355302734375,-0.009396189376711845,-0.026358247430436313,-0.01400580206401646
1760555376171536400,48.94553637695312,0.06496434734165668,-0.05003116476703435,0.0326013796037063
1760555376181541400,48.955541259765624,0.09154197314381599,-0.02232106433622539,0.07246765391016378
1760555376191547400,48.96554736328125,0.02566518713235855,0.022459413360990582,0.046970662951562554
1760555376201553400,48.975553466796875,-0.02580196525454521,0.012690518214367329,0.03137538147270679
1760555376211558400,48.98555834960938,0.021015900021791458,-0.06072791534829884,0.018439327532052994
1760555376221564400,48.995564453125,0.08197451885342598,-0.028560214454121886,0.046203806764911856
1760555376231569400,49.0055693359375,0.07530980026721953,0.00534947126917541,0.018709796770196407
1760555376241575200,49.0155751953125,0.0005137947410345078,-0.023886158228479323,-0.051359709957055744
1760555376251581400,49.02558154296875,-0.0315799641340971,-0.03171016638502478,-0.10185549656115472
1760555376261586400,49.03558642578125,0.02275076099038124,0.015056224432401358,-0.04830726358387619
1760555376271592400,49.045592529296876,0.04888999537527561,0.07080956623852253,0.0037931817378848787
1760555376281597400,49.05559741210938,0.012362637966871261,0.05409711729800328,-0.006130355981178582
1760555376291603200,49.06560327148438,-0.036380057892203325,0.03769917766675353,-0.04407813811413944
1760555376301609200,49.07560913085938,-0.026761165675520896,0.0008040281255729496,-0.04234963382109999
1760555376311614200,49.0856142578125,0.06704466074705123,-0.011052651346847414,-0.028054055030271408
1760555376321620000,49.09561987304688,0.06357844594120979,0.021740177442040293,-0.03350143371596932
1760555376331626200,49.10562622070312,-0.013599486285448074,0.0421937491396442,-0.0418777785256505
1760555376341631200,49.11563134765625,-0.04900865331888198,0.06766969731021671,-0.03897924407254904
1760555376351637200,49.12563720703125,0.00561316370666027,0.04573034403426572,0.009478533897921443
1760555376361642200,49.13564233398437,0.07199322306513786,-0.02163355699609965,0.045008623897284265
1760555376371648000,49.14564794921875,0.053367433050274846,0.012200853267591447,0.04781228314116597
1760555376381654000,49.15565405273438,-0.010392799198627472,0.020218009376060216,0.00031768764704465867
1760555376391659000,49.16565893554687,-0.03359481108784675,0.006321147579234093,-0.019769735885597765
1760555376401665000,49.1756650390625,0.041030514046549796,0.0073322425842285155,-0.03483125754762441
1760555376411670000,49.185669921875,0.0534130257576704,0.012953406934253871,-0.0660978814162314
1760555376421676000,49.195676025390625,0.00867839649617672,-0.022186167643871157,-0.06167692316882312
1760555376431682000,49.20568212890625,-0.01969429602921009,0.017898443854693323,-0.0746500211842358
1760555376441687000,49.21568701171875,0.002323474511504173,0.03517822608808055,-0.049157377607189114
1760555376451693000,49.22569311523438,0.03822714706361294,0.010053228513337672,0.004546228594891726
1760555376461698000,49.235697998046874,0.026966917380690573,0.011233962730504572,0.04241415042467415
1760555376471704000,49.2457041015625,0.013777180939912795,-0.002393087415304035,0.05882467554286122
1760555376481710000,49.2557099609375,0.023627543824911116,-0.013028170937206596,0.029134032286703585
1760555376491715000,49.26571508789063,0.02566635617613792,0.01371976993056014,0.05412672698497772
1760555376501721000,49.27572119140625,0.029925767186284064,0.025106110211182385,0.009614106443710625
1760555376511726000,49.28572607421875,0.012061024671792984,0.015597363838087767,-0.024256525910831987
1760555376521732000,49.29573217773437,0.005627776753902435,-0.022673512769397348,-0.0576647283853963
1760555376531738000,49.30573803710938,0.01774140839576721,-0.03563639991804957,-0.02577211810555309
1760555376541743000,49.3157431640625,0.03490940081775188,-0.0053363195266574615,0.01563471844010055
1760555376551748900,49.32574877929687,0.05879705688357353,0.010834058426413684,-0.027910299178026614
1760555376561755100,49.335755126953124,0.004636427628993987,0.0262616186555475,-0.06824428232777863
1760555376571760000,49.34576000976563,-0.024941549032926558,0.02645849293451756,-0.061266296541318294
1760555376581766100,49.35576611328125,0.01277531042098999,-0.0010086655858904123,-0.017124409008584914
1760555376591771100,49.36577124023437,0.07300970663130282,0.017041845291666687,0.03146130619049072
1760555376601777200,49.37577709960937,0.022942484170198438,0.05451415539998561,0.05509425684288144
1760555376611783000,49.38578295898437,-0.029762685579061508,0.05325721414145082,-0.0009498115381225943
1760555376621788000,49.395787841796874,-0.005075988090038299,0.002144903074204922,-0.03319963775780052
1760555376631794000,49.4057939453125,0.04590191947519779,-0.026607107624970375,-0.014923976354859769
1760555376641799000,49.415798828125,0.06451017383337021,0.025169841363467275,0.014065605959855019
1760555376651805200,49.42580517578125,0.03288870864510536,0.003237447551265359,-0.004865706340223551
1760555376661811200,49.43581127929688,-0.010344283881783484,-0.010310089351236819,-0.03806103324908763
1760555376671816200,49.445816162109374,0.01453296774327755,-0.02700363266188651,-0.05976469633933156
1760555376681822000,49.45582202148437,0.07800035452544689,-0.04143098460622131,-0.056462512988783416
1760555376691827000,49.465826904296875,0.03926350437402725,-0.002248253850825131,-0.032350108256377276
1760555376701833000,49.4758330078125,0.026179566395282745,-0.016429047155566513,-0.04230707332100719
1760555376711839000,49.4858388671875,0.0031190088033676146,-0.047787550558708605,-0.061038990591466426
1760555376721844200,49.49584423828125,0.04859539634287357,-0.04771079552806914,-0.08768840298820287
1760555376731850200,49.50585034179687,0.06534896274507046,-0.04252930123694241,-0.08095131328552961
1760555376741855200,49.515855224609375,0.01345978555381298,-0.0015509192364290356,-0.0945994975509122
1760555376751861000,49.525861083984374,-0.021019407153129575,0.0184332996500656,-0.11556719278311356
1760555376761867000,49.53586694335937,0.004667407289147376,-0.01643982427790761,-0.0790610425595194
1760555376771872000,49.5458720703125,0.060707858940958974,-0.035392526425886896,-0.026237178334034977
1760555376781878000,49.5558779296875,0.05808335565626621,-0.04901738461460918,0.022045334401074795
1760555376791883000,49.56588305664062,0.024624153646826744,-0.02094004004029557,0.08393065788988023
1760555376801889300,49.57588916015625,0.021371873852610586,-0.0010090126457624137,0.07252528411522507
1760555376811895000,49.58589501953125,0.031551907083392144,-0.0013643836883828044,0.09821187936179339
1760555376821900000,49.595900146484375,0.05200374348163604,-0.006161664434894919,0.11320112123889849
1760555376831906000,49.605906005859374,0.0588029021024704,0.004216576515417546,0.08947079289294779
1760555376841911000,49.6159111328125,0.048103813433647155,0.011485928197577594,0.014264215538185089
1760555376851917000,49.6259169921875,0.0013864859223365782,0.016229414663929492,-0.05742059916490688
1760555376861923000,49.63592309570313,0.0045125089883804315,0.01820336335171014,-0.05267265571914613
1760555376871928000,49.64592797851562,0.03649871583580971,-0.02292958815600723,-0.014221307978220283
1760555376881934000,49.65593408203125,0.06771802996397018,-0.039830399275477976,-0.00980276088360697
1760555376891940000,49.66594018554687,0.03955693436264991,-0.0229867617033422,-0.007330616882722824
1760555376901945000,49.675945068359376,-0.01670095943212509,0.0018875855785794554,0.006345405237656086
1760555376911951000,49.685951171875,0.0229658650457859,-0.06430270509514957,0.014732855963241307
1760555376921956000,49.6959560546875,0.07605974185168743,-0.06851645033266394,0.032390988256037236
1760555376931962000,49.70596215820313,0.055983753028511996,-0.03350830184817314,0.021856826091650874
1760555376941967000,49.715967041015624,0.043731005176901816,-0.015859028715267776,-0.06057330930847674
1760555376951972900,49.72597290039062,-0.030884383085370063,0.0031062771859578786,-0.049330469151772555
1760555376961979100,49.735979248046874,-0.002122398981451988,-0.024423242513556032,-0.057283620113320645
1760555376971984100,49.74598413085938,0.04993336694836616,0.01411415780931711,-0.008816964716650545
1760555376981990100,49.755990234375,0.019838672935962677,0.02210004199668765,0.025620051082689315
1760555376991996200,49.76599609375,-0.01310205815732479,0.039140590380411594,0.0010137070871889592
1760555377002001200,49.77600122070312,-0.009680267015099525,0.038526751064695414,0.0012706044577062128
1760555377012007000,49.7860068359375,0.017180851903557778,0.027692583040427415,0.029918223200645296
1760555377022012000,49.796011962890624,0.027874095353484153,0.03395217315815389,0.0020385018239729106
1760555377032018200,49.80601806640625,0.01135842936038971,0.022823771427664903,-0.006914345965720713
1760555377042024200,49.816024169921874,-0.012471943560242652,-0.018224479204975066,-0.0027221549728885294
1760555377052029200,49.826029296875,0.025616671815514563,0.0067241936884820455,-0.02574734899047762
1760555377062035200,49.83603515625,0.040624855855107306,0.017525792883709073,0.023542276694253086
1760555377072040200,49.84604028320312,0.025551789885759353,0.03791378853181377,0.014212266155239194
1760555377082046000,49.8560458984375,-0.006257891350984573,0.04952155301077291,-0.02723552345531061
1760555377092052000,49.86605200195312,-0.0228004453510046,0.060634282248094674,-0.037778672643750906
1760555377102057000,49.876056884765624,0.005680968245863914,0.03135099595012143,-0.02131754984948784
1760555377112063200,49.886063232421876,0.035623686566948885,0.024025895492732523,0.0017475925859995185
1760555377122068200,49.89606811523438,0.012585925328731536,0.058868880010768766,0.0012297427243553101
1760555377132074200,49.90607421875,0.00376841262280941,0.05926894871164113,-0.017281371402274818
1760555377142080000,49.916080078125,-0.0016185411125421523,0.05607855517249554,-0.004497950740065425
1760555377152085000,49.9260849609375,0.018581366351246832,0.04367697343472391,-0.017670553382951766
1760555377162091000,49.93609106445312,0.059598436394333834,-0.030482104161102322,-0.03958641618546098
1760555377172096000,49.946095947265626,0.03837210849225521,-0.0349436136146076,-0.01318569958647713
1760555377182102000,49.95610205078125,0.4327823452115059,-0.07699687657132745,0.0911578691970557
1760555377192108000,49.96610791015625,-0.19423019420206544,-0.0823823690019548,0.18704939758619293
1760555377202113000,49.97611303710938,-0.4510469006985426,-0.408287078641355,0.5926974512271582
1760555377212119000,49.986119140625,0.08073299435973166,-1.08148912229985,0.9800476864323019
1760555377222124000,49.9961240234375,0.31943419845104215,-1.3492575770519672,0.5684449073716997
1760555377232130000,50.006130126953124,-0.05639817904829979,-1.539163332183659,0.33484632364902644
1760555377242136000,50.01613598632812,0.07916881378293036,-1.715924797451496,-3.8066649043142795
1760555377252141000,50.02614111328125,-0.6733195325583219,-1.879324530712515,0.5409715017735958
1760555377262147000,50.03614697265625,-0.17436171064972877,-1.6550404128998517,0.05634851295398548
1760555377272152000,50.04615209960937,0.8922709110409021,-1.1247324900902806,-0.5644100988976657
1760555377282158000,50.05615795898437,-0.26084172422885893,-0.530636460644193,-0.7085667870283127
1760555377292164000,50.0661640625,0.0072796356141567225,0.7327884973540901,-0.1758752387515269
1760555377302169000,50.076169189453125,0.2269797866374254,1.458492589405179,0.4806588526953011
1760555377312175000,50.086175048828125,0.13276947106719017,1.3875953448832035,0.4870820906758308
1760555377322180400,50.09618041992187,-0.3492816397041082,1.5116436032257974,0.4547342839743942
1760555377332186000,50.10618603515625,-0.0668371554762125,1.5365985962621866,0.2719947854765691
1760555377342192000,50.11619213867188,0.2769341963738203,1.7020653450556098,-0.16296855703582985
1760555377352197000,50.12619702148437,0.004809446108341216,1.3495169586405158,0.22166734117669984
1760555377362203400,50.136203369140624,-0.15677812316417694,1.2691545511588453,-0.03561130200941116
1760555377372208400,50.14620849609375,0.22222587010860442,0.7413841840028762,-0.11094853827282786
1760555377382214400,50.15621435546875,0.05766776059269905,-0.12892329876674338,-0.03036792146321386
1760555377392220200,50.16622021484375,-0.14354396305978298,0.029778266740683464,-0.061395165351685134
1760555377402225200,50.17622509765625,0.07998889799416065,0.013215985126886516,0.024728399472590534
1760555377412231200,50.18623120117188,0.07191197452247142,-0.008617679284885525,0.02646368056628853
1760555377422236200,50.196236083984374,-0.058225978997349735,0.02994438055520877,-0.012142729872185737
1760555377432242400,50.206242431640625,0.06878653597831726,-0.0038979207539930937,0.025396873318683354
1760555377442248400,50.21624853515625,0.08205635191798209,0.04264755732174962,0.04539449967602267
1760555377452253400,50.22625341796875,-0.06548749443292617,0.08286622526245191,-0.02419538857443258
1760555377462259200,50.23625927734375,-0.03979425024986267,0.07475371902072801,-0.031621848780754955
1760555377472264200,50.24626416015625,0.050643561044335365,0.027427995553798972,0.02246830905349925
1760555377482270200,50.25627026367187,-0.015214520266652107,0.02179207202605903,-0.014972382073849438
1760555377492276200,50.26627612304687,-0.022107786911725998,-0.03455631306376308,-0.06783073309082538
1760555377502281200,50.27628125,0.06714286042451859,-0.018234251680318263,0.027681897249631583
1760555377512287500,50.28628759765625,0.047483635708689687,0.02994640811551362,0.039745771465636785
1760555377522292500,50.29629248046875,-0.02030862853527069,-0.018233904620446263,-0.026970040919538585
1760555377532298200,50.30629833984375,0.04891688338220119,-0.023809658926166592,-0.005585983438789844
1760555377542304300,50.31630419921875,0.06396656847596169,0.01686784043163061,0.019220559303928166
1760555377552309200,50.326309326171874,-0.013701777616143225,0.040658429331146176,-0.034798706984892486
1760555377562315300,50.33631518554687,0.001689268261194229,0.014125775181874632,-0.04226635771812871
1760555377572320300,50.3463203125,0.07990589588582515,-0.04317713415380567,0.017422204645071177
1760555377582326300,50.356326171875,0.057471945759654045,-0.068515427419357,0.007504292949195951
1760555377592332300,50.366332275390626,0.027262685456871986,-0.026918785656336694,-0.02259631934734061
1760555377602337300,50.37633715820313,0.03471650859415531,0.009938497826177626,0.005328391948528587
1760555377612343300,50.38634326171875,0.011961655950546263,0.030850316418986765,0.0076295998292975125
1760555377622348300,50.396348388671875,0.009285714739561081,0.01092637635236606,-0.03499925279198214
1760555377632354300,50.406354248046874,0.020951602613925934,-0.0040339316911995405,-0.018412001133710144
1760555377642360300,50.4163603515625,0.04668751689493656,-0.010837967416550964,-0.0003936206937767565
1760555377652365300,50.426365234375,0.020082418563961982,-0.01476169846523553,-0.0284488995667547
1760555377662371300,50.43637133789063,0.009319032487273216,0.001444919844996184,-0.025911343913152814
1760555377672376300,50.44637622070312,0.059894204470515244,-0.002594857065100223,0.013802772038895636
1760555377682382300,50.45638232421875,0.010088263294100761,0.0043748540833592415,-0.013701960279233753
1760555377692388400,50.46638842773437,-0.02910626749694347,0.04647126206206158,-0.006138027830980718
1760555377702393300,50.476393310546875,0.013060557103157042,0.062142166060395534,-0.011237634258624165
1760555377712399400,50.4863994140625,0.024570962154865265,0.06125824109902605,-0.003449555931985378
1760555377722404400,50.496404296875,0.0009176993668079376,0.026516086606960743,-0.03394072018237784
1760555377732410000,50.50641015625,0.052961774858832356,-0.005991239771433174,-0.01790693768840283
1760555377742416400,50.51641650390625,0.052043490970134734,0.01601162546109408,0.0005918832122348248
1760555377752421400,50.52642138671875,0.007006079369783401,0.003939129547215998,-0.03308278817879036
1760555377762427400,50.536427490234374,0.022254501906037328,0.009225910843722521,-0.01901833299640566
1760555377772432400,50.546432373046876,0.043349896904826164,0.004577445717062801,0.0006612586540170013
1760555377782438400,50.5564384765625,0.03887538183927536,-0.01562892802013084,0.00237246475238353
1760555377792444200,50.566444091796875,0.010902502286434173,-0.02532028268482536,-0.02214163438240066
1760555377802449200,50.57644921875,0.03469663484990597,-0.0005168269483372569,0.008105802506301552
1760555377812455200,50.586455078125,0.02379647065103054,-0.004194474281463772,-0.015291969417035579
1760555377822460200,50.596460205078124,0.008726911813020705,-0.020788995930738748,-0.037441969768982376
1760555377832466400,50.606466552734375,0.02865677016377449,-0.029041696094442158,0.0014883571279235184
1760555377842472200,50.61647216796875,0.05621405465304851,-0.025460275677405296,0.03206888016220182
1760555377852477400,50.6264775390625,0.02123275764286518,-0.004309533762186765,0.01041338532892987
1760555377862483200,50.636483154296876,-0.01227203707396984,0.021797296190448102,0.00367362874513492
1760555377872488200,50.64648828125,0.020190555113554,0.030833657545130698,0.03178973442725837
1760555377882494200,50.656494140625,0.0200379949003458,0.022359825444035232,0.007831113750766963
1760555377892500500,50.66650048828125,-0.0034679683715105056,0.046627676466479896,-0.02908734360076487
1760555377902505500,50.67650537109375,0.01400046830177307,0.05499121659351512,0.0029503925045020877
1760555377912511200,50.68651123046875,0.018601824617385864,0.01824804274365306,0.004710333115421236
1760555377922516200,50.69651611328125,-0.00851239227950573,0.04710309369219467,-0.024832152108009903
1760555377932522200,50.70652221679688,0.0074514850497245785,0.01854854179387912,-0.023203217465616762
1760555377942528300,50.7165283203125,0.021447861698269843,0.04708455338850617,0.000785688751284033
1760555377952533200,50.726533203125,-0.007355038937926292,0.09087061322089283,-0.014702113765105605
1760555377962539300,50.73653930664062,-0.03094283527433872,0.09188189088897779,0.005204272378515452
1760555377972544300,50.746544189453125,0.04557750982642173,0.04654871121244505,0.013090897442493588
1760555377982550300,50.75655029296875,0.077533906057477,-0.03226811079503968,-0.0321150025925599
1760555377992556300,50.766556396484376,-0.005281739795207977,0.008315116141736507,-0.011859547282941639
1760555378002561300,50.77656127929688,0.05507657505571842,-0.01990534496400505,0.01993765806471929
1760555378012567300,50.7865673828125,0.04482581467628479,0.018717267690598963,0.005633421043399721
1760555378022572300,50.796572265625,-0.013892331752181053,0.008923968755081295,-0.03272783726127818
1760555378032578300,50.806578369140624,0.03736263918876648,-0.022604520920105276,-0.008143832961749285
1760555378042584000,50.816583984375,0.0684182871878147,-0.027798582431860265,0.0255642840411514
1760555378052589000,50.826589111328126,0.002824409770965576,0.0006633227469399571,-0.010403357125259935
1760555378062595300,50.83659521484375,0.005445405924320221,0.029807109242677685,-0.012970668596308677
1760555378072600300,50.84660034179687,0.03964285908043384,0.008827376512810587,-0.0008110241219401359
1760555378082606300,50.8566064453125,0.02958031474947929,-0.020519860133156178,0.0034120917321182787
1760555378092612400,50.8666123046875,0.05246376220881939,-0.06464760954268277,0.00787626806674525
1760555378102617300,50.876617431640625,0.10484218422174453,-0.12206391612496226,0.015225626182556152
1760555378112623000,50.886623046875,0.07043956388235091,-0.0984711513524875,0.010459507759287954
1760555378122628000,50.89662817382813,-0.004382160606980323,0.02921878796070814,0.014480031979642807
1760555378132634400,50.90663427734375,-0.009493804532289504,0.08773304584752768,0.0197318332943134
1760555378142640400,50.91664038085938,0.000962123030424118,0.04254219725113362,-0.01605272465646267
1760555378152645400,50.92664526367187,0.00019230770170688627,0.02327193532027304,-0.030298107630014417
1760555378162651400,50.9366513671875,0.015410919621586798,0.0391659622836858,-0.019588406235631555
1760555378172656400,50.946656494140626,0.0005529577076435089,0.05165503964181989,-0.026832057220954445
1760555378182662100,50.956662109375,0.004850947162508964,0.037569742600806054,-0.01772944396333769
1760555378192668200,50.966668212890625,0.04954992058873176,-0.009886968568339944,0.0019055961593054233
1760555378202673200,50.97667309570313,0.061789224436879155,-0.03358944079298526,0.015270890096388757
1760555378212679400,50.98667944335938,0.02091419321298599,-0.002646861246973276,-0.005314527819957584
1760555378222684400,50.996684326171874,0.011898527586460112,0.022771694180555642,0.012045388711243867
1760555378232690400,51.0066904296875,0.029663316857814787,0.03132978876531124,0.027592538465745744
1760555378242696200,51.0166962890625,0.028152327772974967,0.0018549802169203758,0.008916625698842108
1760555378252701200,51.026701171875,0.05777355905473232,-0.06346420844439417,0.01909095984119922
1760555378262707200,51.036707275390626,0.0664449412882328,-0.06589505232051014,0.028728830752987412
1760555378272712200,51.04671215820313,0.04699205279946327,-0.026604623406939205,0.03877888092854991
1760555378282718200,51.05671826171875,0.0243950210660696,-0.021128785811737178,0.034247356712445616
1760555378292723200,51.06672314453125,0.04233925855755806,-0.03831223153118044,0.0403864805219695
1760555378302729500,51.0767294921875,0.03979951094686985,-0.029156828640401363,0.0022700090249069033
1760555378312735200,51.0867353515625,-0.010634206739068031,0.04179430149327963,-0.0011952741991728543
1760555378322740700,51.09674072265625,-0.010979659175872802,0.07305643184985965,-0.004280344200320542
1760555378332746800,51.10674682617187,-0.02390752981007099,0.08833437274154275,0.01809283391563222
1760555378342751700,51.116751708984374,-0.004499649506807327,0.05395074936356395,-0.028628749645687637
1760555378352758000,51.126758056640625,0.023740941071510313,-0.002829816598445177,-0.06990222386894747
1760555378362763800,51.136763671875,0.022799860829114914,0.017533720461837946,-0.06048855363447219
1760555378372768800,51.14676879882813,-0.0029845687687397003,0.04492492766920477,-0.027033954734914004
1760555378382774800,51.15677490234375,0.001449029764533043,0.055494033282808955,-0.0014581811853684485
1760555378392779800,51.16677978515625,0.0013724573969841002,0.06281546221207827,0.015195523305237293
1760555378402785800,51.17678588867187,0.018044190734624863,0.04161236905511469,0.022500348159577695
1760555378412791800,51.18679174804687,0.01689443617761135,0.043232444537617265,0.012818144915718584
1760555378422796800,51.196796875,0.016490531551837922,0.027972002770006655,-0.017260547809954733
1760555378432802800,51.206802734375,0.027930209454894064,-0.00252827636860311,-0.01925137456730008
1760555378442807800,51.21680786132813,0.022491233271360395,-0.026364640638604758,-0.04567861384702846
1760555378452813800,51.22681372070313,0.06374152754843235,-0.05772299791127443,-0.024987379202339798
1760555378462819800,51.23681982421875,0.07286766781210899,-0.05641534937880933,-0.029383824062999338
1760555378472824800,51.246824951171874,0.038927404287457466,-0.050657626102305946,-0.025854389561526477
1760555378482830800,51.25683081054687,0.03415186044871807,-0.04876793989818543,-0.0019550795905292034
1760555378492835800,51.2668359375,0.05467676208317279,-0.017097411403805017,-0.0030367738800123334
1760555378502841600,51.276841552734375,0.02150982101857662,-0.024944690838083622,-0.03849783549746498
1760555378512848000,51.286847900390626,0.015703765088319777,0.013989837309904395,-0.02204948085322976
1760555378522852900,51.29685278320313,0.03847849147617817,0.028071809882670638,-0.02189284725310281
1760555378532859000,51.30685888671875,-0.005917115089297294,0.03634451165478676,-0.03813703936105594
1760555378542864000,51.31686376953125,0.008171616017818451,0.03159728059507906,0.004574577906541526
1760555378552870000,51.326869873046874,0.03466974684298038,-0.00196410314720124,0.01880432491954416
1760555378562875600,51.33687573242187,0.003731587743759155,0.0195532801233232,0.014279942830279469
1760555378572880600,51.346880615234376,0.013028992921113968,0.006570464431494474,0.00009482041029259562
1760555378582887000,51.35688696289063,0.028443419674038885,-0.008120470352470875,-0.006407748150452971
1760555378592892000,51.36689184570312,0.024873159971833227,0.018988485847413538,-0.003209317435324192
1760555378602898000,51.37689794921875,0.0004839841246604919,0.031925708831846714,-0.010461955444701016
1760555378612903000,51.38690283203125,0.016627309674024583,0.048684864724613724,0.0015457681372761725
1760555378622909000,51.396908935546875,0.03264028684198856,0.012880670491605996,0.0007697239971719682
1760555378632914700,51.406914794921875,0.014980126988887786,0.004850545303709805,-0.02087212590323761
1760555378642919700,51.41691967773438,0.030977322065830228,0.018751973677799103,0.019781207127682863
1760555378652925700,51.42692578125,0.0273883576631546,-0.004399257872253656,-0.00835678159268573
1760555378662930700,51.4369306640625,0.035194062978029246,-0.03203680452350527,-0.03128600442251191
1760555378672937000,51.44693701171875,0.06892097601294517,-0.09051971742399037,-0.032564280730020254
1760555378682943000,51.45694287109375,0.06751052469313144,-0.09749518245980143,-0.009311086642835288
1760555378692948000,51.46694799804688,0.0361807359278202,-0.04102552734417841,-0.0181676527175121
1760555378702953700,51.47695361328125,0.016806757894158364,0.0071533423533663145,-0.01489577317368239
1760555378712958700,51.48695874023438,-0.0018365677773952483,0.06437259199358522,0.014703063613176345
1760555378722964700,51.49696484375,-0.014817045381665228,0.04796308978870511,0.041636224854737516
1760555378732969700,51.5069697265625,0.03158522483110428,0.009563472235016524,0.061290481134504075
1760555378742975700,51.516975830078124,0.03489595681428909,-0.006621518765296787,0.058457193937338885
1760555378752982000,51.52698193359375,0.024596096596121785,-0.018167141260858624,0.0007903101274743676
1760555378762987000,51.53698706054688,0.05367196895480156,-0.019904541246406733,0.0009311251039616763
1760555378772992800,51.54699267578125,0.08231880224645137,-0.11334821982569993,-0.002175298212468624
1760555378782997800,51.55699780273437,0.03629354865252971,-0.0669957801040262,0.010315276983007788
1760555378793003800,51.56700366210937,-0.0049731122374534606,0.043578244034294035,0.023329894318897277
1760555378803009800,51.577009765625,-0.03399754666984081,0.12005438466714695,0.022738869623187927
1760555378813014800,51.587014892578125,-0.02039922942817211,0.09923064621658995,0.024686551358550784
1760555378823021000,51.59702099609375,0.01206160919368267,0.032663795581739395,0.014448650460690259
1760555378833026000,51.60702612304687,0.041838323298096655,-0.02338462018081918,-0.03723156015500426
1760555378843031800,51.61703173828125,0.017889292433857916,-0.030529834026657043,-0.020740023956168443
1760555378853037800,51.62703784179688,0.014579729494452475,0.02848031761832535,-0.022473350554797798
1760555378863042800,51.63704272460937,0.0036690439015626907,0.0609611761149019,-0.0528506791671738
1760555378873048800,51.647048828125,-0.0020195231288671492,0.03835407964522019,-0.04570599504429847
1760555378883053800,51.6570537109375,0.02698445303738117,0.024379512969683853,0.00021440993566066027
1760555378893059800,51.667059814453125,-0.001762333497405052,0.057293228191882366,-0.009656575612258165
1760555378903065900,51.67706591796875,0.002561374920606613,0.05794922614889219,-0.02978403889434412
1760555378913070800,51.68707080078125,0.033659693017601966,-0.0031821554337628185,-0.02022471311148256
1760555378923076900,51.69707690429688,0.023618775996565818,-0.015995076185092327,0.004815254794619977
1760555378933081900,51.707081787109374,0.04933657009899616,-0.016554262704122812,0.003570825957786292
1760555378943087900,51.717087890625,0.027771219500899315,0.011057199657801537,0.01222505612708628
1760555378953092900,51.7270927734375,0.0026110592812299727,0.02915600665649399,0.0173288455395028
1760555378963099000,51.73709887695313,0.005102291575074196,0.03045536228464916,0.02064772429652512
1760555378973104600,51.747104736328126,0.018654431587457655,0.012056111034657806,0.045305396620463574
1760555378983109600,51.75710961914063,-0.00998246483206749,0.010878135030157863,0.00423847781997174
1760555378993116000,51.76711596679687,0.015067220750451088,0.01213175182044506,0.018318294968269765
1760555379003121000,51.777120849609375,0.04010521589517593,0.007932930157426745,0.028242033616732803
1760555379013127000,51.787126953125,0.02489478728175163,0.03357322031054646,0.041800201511103655
1760555379023133000,51.7971328125,0.024048984107375142,0.0004892265553586185,0.022062943123001603
1760555379033138000,51.80713793945313,0.04009820163249969,-0.01765747470567003,0.0201530909136869
1760555379043143700,51.81714379882813,0.021604513564705847,0.017567038209550082,-0.01486227276287973
1760555379053148700,51.82714868164062,-0.009622399348020554,0.04419893321590498,-0.04142488365899771
1760555379063155000,51.83715502929687,0.0025298107385635375,0.07973126997128129,-0.039252928181085736
1760555379073160000,51.847159912109376,0.01289338384270668,0.053821770955342796,-0.006123451316356659
1760555379083166000,51.857166015625,0.009134908092021941,0.011193484589643777,0.06011201193965971
1760555379093171700,51.867171630859374,0.022080314382910728,0.042700712281093,0.09449618330691009
1760555379103177000,51.87717700195312,0.014061843100190163,0.03505175016419962,0.11007546349903569
1760555379113182700,51.8871826171875,0.01319616618156433,0.03359705784386024,0.05506714964024722
1760555379123187700,51.89718774414062,0.04854220485091209,-0.0034836225983686745,0.016520086439885198
1760555379133193700,51.90719384765625,0.04246785337328911,-0.018309801134560256,-0.022704876022040844
1760555379143200000,51.917199951171874,0.03458440664708614,-0.027892927918117493,0.0019446312617510556
1760555379153205000,51.927205078125,0.05497779085636138,-0.029850327329896387,-0.00018306494932621717
1760555379163210800,51.937210693359376,0.0037438627034425734,0.00859793340479955,-0.05781341614108532
1760555379173215700,51.9472158203125,-0.03806055832505226,0.051581828275136646,-0.08397625059727579
1760555379183221800,51.9572216796875,-0.00012684125006198882,0.05885108862575143,-0.05644695009347051
1760555379193226800,51.967226806640625,0.03173310886919498,-0.002681676832027733,-0.0788159452246502
1760555379203232800,51.977232666015624,0.0357797539114952,-0.06610113281924278,-0.045129766058921814
1760555379213238800,51.98723876953125,0.06014554888308048,-0.03759177176952362,0.007678316075541079
1760555379223243800,51.99724389648438,0.061194765675067896,-0.03673741996251047,0.007182020458579063
1760555379233249800,52.00724975585938,-0.015692074650526047,-0.005331278025358915,-0.0117256187049672
1760555379243254800,52.0172548828125,0.016754735445976256,0.02964307778738439,-0.013378756206855177
1760555379253260800,52.0272607421875,0.025281156250834463,0.017318543341197073,0.00010320464614778756
1760555379263266800,52.03726684570312,-0.014051321706175804,0.04531929728165269,-0.026065073170140386
1760555379273271800,52.047271728515625,0.015994856989383698,0.02781925989370793,-0.01145030889492482
1760555379283277800,52.05727783203125,0.03603577449917793,0.02292304881736636,-0.030927674237824974
1760555379293282800,52.06728271484375,-0.02629530172944069,0.04645754406396299,-0.08659509132616221
1760555379303288800,52.07728881835938,0.003541618129611015,0.02816328755840659,-0.10187573563158511
1760555379313293800,52.0872939453125,0.05419394700229167,-0.012683138625510036,-0.07111059501171112
1760555379323299800,52.0972998046875,0.024113866037130356,0.007815861382707952,-0.08568206813447177
1760555379333305000,52.10730517578125,0.044026773253083226,-0.027684673728607594,-0.10513101110048592
1760555379343310000,52.11731005859375,0.04360007227361202,-0.014647497501038014,-0.07930665135104209
1760555379353316000,52.12731616210937,0.021813772401213644,0.036854433938302095,-0.09550828295890242
1760555379363321000,52.137321044921876,-0.05999065058231354,0.09807024240139871,-0.10913067519590258
1760555379373327000,52.1473271484375,-0.025096447333693504,0.10451353678926825,-0.07921871733926236
1760555379383332900,52.157332763671874,0.003361585387587547,0.05768164298757911,-0.06522785711605102
1760555379393337900,52.167337890625,0.0012725041538476944,0.033964849976636464,-0.018205007319524884
1760555379403344100,52.17734423828125,0.006340308937430382,0.04273497987687588,-0.005886646885797381
1760555379413349000,52.18734912109375,-0.007114800441265106,0.021153080002777276,-0.008563866738416253
1760555379423355100,52.197355224609375,0.01866203037202358,-0.03699318482186645,-0.008703823198378086
1760555379433360100,52.20736010742188,0.06476794798672199,-0.05928012769278138,0.043820985015295445
1760555379443366100,52.2173662109375,0.10025018025636673,-0.11872863422241062,0.09462802952565252
1760555379453372000,52.227371826171876,0.0854939251512289,-0.13373769504483787,0.07074088491648435
1760555379463377000,52.237376953125,0.073738605427742,-0.07583758700098842,0.047265426380746066
1760555379473383200,52.24738305664062,0.08950082270503043,-0.07143566224761307,0.028630941602773963
1760555379483388200,52.25738818359375,0.05097790756523609,-0.026003150382451712,-0.0016613938735798
1760555379493394200,52.267394287109376,0.022508768928050992,-0.0036757659032940863,-0.03993775037378072
1760555379503399200,52.27739916992188,0.042344519254565234,-0.025857421768829224,-0.02348722203876823
1760555379513405200,52.2874052734375,0.058604164659976955,-0.021682620302215218,-0.001226217326708138
1760555379523411000,52.29741088867188,0.033142391145229336,-0.023872714225016533,-0.03047693479564041
1760555379533416000,52.307416015625,0.025044424885511396,-0.018878559199534354,-0.028112397621385753
1760555379543422000,52.317421875,0.05424246231913566,-0.04543086789734661,-0.04001395741514861
1760555379553427000,52.327427001953126,0.01371989779472351,-0.046585152499005196,-0.020976408261619506
1760555379563433200,52.33743310546875,0.026456629770994184,-0.01716306051854044,-0.005476641312800347
1760555379573439200,52.347439208984376,0.04412029675543308,-0.023329474193789064,0.016395638076309112
1760555379583444200,52.3574443359375,0.0056575873702764505,0.03461662841625512,0.04254128393568098
1760555379593450000,52.36744995117188,-0.010267711514234543,0.05285670704916119,0.07754643674548715
1760555379603455000,52.377455078125,0.008333528581261634,0.0738628163293004,0.07384951845631003
1760555379613461000,52.3874609375,0.007779401829838752,0.036514717122539876,0.04864323580628261
1760555379623466000,52.39746606445313,0.03580664191842079,-0.024869177916459737,0.009523724746517836
1760555379633472000,52.407471923828126,0.07403963420093058,-0.06853621447905897,-0.006660298139415681
1760555379643478300,52.41747827148438,0.023858429971337317,-0.04513155615720898,-0.02956847818121314
1760555379653483300,52.42748315429687,0.014511340433359145,0.01227331571560353,-0.015045666505768895
1760555379663489000,52.43748901367187,0.02747720499038696,0.019940306679531932,-0.0070137146869674325
1760555379673494000,52.447493896484374,0.015945757150650025,-0.014797792691923677,-0.048045288179442286
1760555379683500000,52.4575,0.02221826154887676,-0.007031798332929611,-0.052968277664855117
1760555379693506000,52.467506103515625,0.039700726747512814,-0.009948745225556194,-0.023942601123452187
1760555379703511000,52.47751098632813,0.00946224035024643,0.022471103798784316,-0.019512911580316723
1760555379713517300,52.48751733398438,-0.018402502653002736,0.046847712425328786,-0.0031499336645938454
1760555379723522300,52.497522216796874,0.003217208480834961,0.040304209065996105,0.011602339385170489
1760555379733528000,52.50752807617187,0.008533435067534446,0.02938749559111893,0.0020528774091973898
1760555379743533000,52.517532958984376,-0.010990765091776848,0.06376468922831117,-0.029455921184830366
1760555379753539000,52.5275390625,-0.0302682970136404,0.0966375792497769,-0.00882639013212174
1760555379763545000,52.537545166015626,-0.004527706557512283,0.09592077274993062,-0.0019389687059447169
1760555379773550000,52.54755004882813,-0.006769932526350021,0.02849394428487867,0.024853286227583885
1760555379783556000,52.55755615234375,0.0373398428350687,-0.0004946881817653775,0.028884733700752258
1760555379793561000,52.56756103515625,0.04390343913435936,0.0017324498157948254,0.018198522779811172
1760555379803567000,52.577567138671874,0.01846387745141983,0.026574228268675504,0.005040697580948472
1760555379813573000,52.58757299804687,0.004355272600054741,0.05913790621049702,-0.0016189429713413118
1760555379823578000,52.597578125,0.018649755412340163,0.05714439430572092,0.029424046475533393
1760555379833584000,52.60758422851563,-0.009076455903053284,0.06554043019656092,-0.03192841224558651
1760555379843589000,52.61758911132812,-0.004642857369780541,0.04790021715294569,-0.04086036337772384
1760555379853595100,52.62759521484375,0.04380056328177452,0.0011755100527778267,-0.01596239775819704
1760555379863600000,52.63760009765625,0.06175123051404953,-0.06387432361524552,-0.02888111697155982
1760555379873606000,52.64760595703125,0.058606502747535705,-0.06045603960435837,-0.030447653902228918
1760555379883612200,52.657612060546874,0.034947979262471195,0.00736819068044424,0.00036949089951813217
1760555379893617200,52.6676171875,-0.0002209492743015289,0.03237575415428728,-0.001955280519928783
1760555379903623200,52.677623046875,0.019224340429902075,-0.009621851358748972,-0.010486651494540273
1760555379913628200,52.687628173828124,0.02728898894190788,-0.01231719138994813,-0.012988386916089802
1760555379923634200,52.69763427734375,0.026684593307971953,0.023490984898433088,0.0037116957332007585
1760555379933639200,52.70763916015625,0.009176993668079376,0.009473017472587525,0.0013925686032511292
1760555379943645000,52.71764501953125,0.04269640143215656,-0.0272459169851616,0.010723492457717657
1760555379953651200,52.727651123046876,0.061436757737398144,-0.061256432734429836,-0.00456535342046991
1760555379963656200,52.73765625,0.04323883774578571,-0.03083312782216817,-0.04744220771975815
1760555379973662200,52.747662109375,0.045074821001291274,-0.022542744262889026,-0.03543899591611698
1760555379983667200,52.757667236328125,0.02881049942076206,0.015529833293519913,-0.02321300820726901
1760555379993673000,52.7676728515625,-0.0012187281399965286,0.06737458682116121,-0.020220968518126756
1760555380003678200,52.77767822265625,-0.0011924246549606323,0.04849317807741463,-0.022398659617081283
1760555380013684000,52.78768408203125,0.0064461073994636535,0.05375307136699557,0.0010967639944516122
1760555380023690000,52.79768994140625,-0.0037169746965169904,0.06711487643904984,-0.024749460526928304
1760555380033695000,52.80769506835937,0.009146014007925987,0.04450005332063883,-0.023619360518455503
1760555380043701200,52.817701171875,0.02229366487264633,0.027064422938413917,-0.020157730556186287
1760555380053706200,52.827706298828126,0.026039281141757964,0.008445683718845248,-0.03657874053576961
1760555380063712000,52.8377119140625,0.02605564775466919,0.003991809582524001,-0.031045455398596822
1760555380073718000,52.847718017578124,0.030995442244410514,0.015990180814266203,-0.02607908342918381
1760555380083723000,52.85772290039063,0.03264204040765762,0.03368037047944963,-0.0016618505313061177
1760555380093729000,52.86772900390625,-0.0025239655196666716,0.027538214462622997,-0.006643821928650141
1760555380103734000,52.87773413085937,0.024392682978510855,0.006366393226757645,0.0172940847533755
1760555380113740000,52.88773999023437,0.02945931871831417,0.007647080687060952,0.023170155446231362
1760555380123745000,52.8977451171875,-0.014417232409119605,0.03749192812424153,0.014173925172537565
1760555380133751000,52.9077509765625,0.02186930198073387,0.035057869377732274,0.030554950201604515
1760555380143757000,52.917757080078125,0.042916766184568404,-0.011572766230814158,0.031081275630649177
1760555380153762000,52.92776196289063,0.04139876283705234,-0.04520085853375494,-0.012650405399687587
1760555380163768000,52.93776806640625,0.029082886621356007,-0.03010875907037407,-0.020108849913161246
1760555380173773000,52.94777294921875,0.040866263395547865,0.0072843848545104265,0.03330510742627084
1760555380183779000,52.957779052734374,0.020658172625303266,0.00014375585224479437,-0.0072423906099982555
1760555380193784000,52.9677841796875,0.004175239858031273,-0.002308094279281795,-0.016157189677935092
1760555380203790000,52.9777900390625,0.031062077739834784,0.009733348909206688,0.017299875173345206
1760555380213796000,52.98779614257813,0.02325578790307045,0.02701247355546802,-0.00789685419704765
1760555380223801000,52.99780102539062,-0.007008417457342147,0.027997867863625285,-0.02182716160574928
1760555380233807000,53.00780712890625,0.01969897220432758,0.02076203485857695,0.0031646563096903264
1760555380243812000,53.01781201171875,0.013939678025245665,0.04911149263884872,0.01923975719474256
1760555380253818000,53.027818115234375,-0.015621347501873968,0.054538376525789495,0.0010746800268068909
1760555380263823000,53.03782299804688,0.005820084455609322,0.07399309164546429,-0.0217949033039622
1760555380273828900,53.04782885742188,0.016191256344318387,0.03914144889693707,-0.014103563350066541
1760555380283835100,53.05783520507813,-0.002305354332923889,0.04692329841218888,-0.014170637236908078
1760555380293840100,53.06784008789062,0.035876200023293496,-0.020487017309479414,-0.0017239011831581591
1760555380303846100,53.07784619140625,0.04458323809206485,0.00892035202588886,-0.0070956756156869225
1760555380313851100,53.08785107421875,0.008407762861251831,0.05435534810908139,-0.006174797911103815
1760555380323857200,53.097857177734376,0.02026245130598545,-0.011238127448968589,-0.014466697574034333
1760555380333862700,53.10786254882812,0.05906710599660873,-0.038802937657572326,0.010591098249703645
1760555380343868700,53.11786865234375,0.04131868333816528,-0.00997943262476474,0.007157050414104014
1760555380353874700,53.127874755859374,-0.0063923313856124875,0.041630964157730335,-0.003977233067899942
1760555380363879700,53.137879638671876,0.00919511384665966,0.05775898254010826,-0.008203618591278791
1760555380373885700,53.1478857421875,0.00895545987188816,0.010775222644954919,-0.046433779595885426
1760555380383890700,53.157890625,0.02712181568145752,-0.006719444448128342,-0.01946545570939779
1760555380393896700,53.16789672851562,0.07552841145396232,-0.07445208745934069,0.008461173548921942
1760555380403902700,53.17790283203125,0.0839209767460823,-0.1195346533756703,-0.0016636223632842302
1760555380413907700,53.18790771484375,0.11929799507558345,-0.19414357536453752,0.01236296676043421
1760555380423913700,53.197913818359375,0.08943009555637836,-0.12925086848698555,0.01008961500097066
1760555380433918700,53.20791870117188,0.009898878201842307,0.003641644437983632,-0.015975805229041726
1760555380443924700,53.2179248046875,-0.021025252372026442,0.035001682211086155,-0.0023068521702662107
1760555380453929700,53.2279296875,0.020754034215211867,0.027693039698153732,0.00827166059250012
1760555380463935500,53.237935546875,0.016897358787059783,0.019580643054284155,-0.003817256733216345
1760555380473941800,53.24794165039062,0.004679097726941108,0.02476096830163151,-0.05113832229133695
1760555380483946800,53.25794677734375,0.026705051574110985,0.022134163461998105,-0.01882986121959984
1760555380493952800,53.267952880859376,0.025541268491744994,0.034456432885862885,-0.02555860321903601
1760555380503957800,53.27795776367188,0.00286824891269207,0.039484161387383934,-0.061282224762812254
1760555380513963800,53.2879638671875,0.007556698989868164,0.019938918440043925,-0.0009064290541224181
1760555380523968800,53.29796875,0.11296002422571182,-0.09448018202017992,0.043724685033969576
1760555380533974500,53.307974609375,0.08435761459767818,-0.12166494340263306,0.010183394231647252
1760555380543980500,53.31798046875,0.02315408109426498,-0.038089272962883114,-0.05147349079614505
1760555380553985500,53.327985595703126,0.05710428149104118,0.005558255181647837,-0.03763866138486192
1760555380563991800,53.33799169921875,0.041108255457878114,-0.009727649820782244,-0.021401593137439338
1760555380573996800,53.34799682617187,0.015541268002986906,-0.03003017740882933,-0.007248984747566282
1760555380584002800,53.3580029296875,0.06193243229985237,-0.06513506426606328,0.03694903515288606
1760555380594007800,53.3680078125,0.05342997689247131,-0.07108659308161586,0.035725192446354775
1760555380604013600,53.378013671875,0.015761632755398748,-0.02364781942795962,0.009351838778331876
1760555380614019600,53.38801953125,0.0418014984190464,-0.03126158236730844,0.021171108849812298
1760555380624024600,53.39802465820313,0.028790625676512718,-0.008390702128596604,0.024316275007743388
1760555380634030800,53.40803076171875,-0.011412205374240874,0.016193046442605556,-0.04798709171880036
1760555380644035800,53.418035888671874,0.02064531314373016,-0.009208155991323292,-0.04212663872018456
1760555380654041900,53.42804174804687,0.045074236479401585,-0.016418379631079734,-0.016861282826680687
1760555380664046800,53.438046875,0.04769347906708717,-0.039216559959761796,-0.025291476715449242
1760555380674052600,53.448052490234375,0.03742342946529388,-0.054885911321826276,-0.005817198378778993
1760555380684058600,53.45805859375,0.018589549657702445,0.011106317762844264,0.028234453098475932
1760555380694063600,53.46806372070313,-0.034525954458117486,0.10467369578704237,0.009675663905218243
1760555380704069600,53.47806958007813,-0.04157821105718613,0.12301683293562382,-0.007854348495882004
1760555380714074600,53.48807470703125,0.002669511470198631,0.04774539191741496,-0.02341222057379782
1760555380724081000,53.498080810546874,0.00007832593321800231,0.04759599177567288,0.005461096683796495
1760555380734086000,53.5080859375,-0.005548866298794746,0.04798756664283573,0.028708299421612172
1760555380744091600,53.518091552734376,0.018543956950306893,0.0780318639085628,0.023003895501233634
1760555380754097700,53.52809765625,-0.026493454650044438,0.11761044384744018,0.01836465486064553
1760555380764102700,53.5381025390625,-0.014697802916169166,0.0822636379931122,0.009481474773678928
1760555380774108700,53.54810864257813,0.01637596526145935,0.07170552869755774,0.005570548407640308
1760555380784113700,53.55811376953125,0.0167921448469162,0.05169232117859646,-0.0207026145552285
1760555380794119700,53.56811962890625,-0.012431611549854277,0.05536768522309139,-0.04124865030925721
1760555380804124700,53.57812475585938,-0.018047113344073294,0.08663303045006468,-0.03596453589387238
1760555380814130700,53.58813061523438,0.02932078703045845,0.02329657657118514,-0.010430446061585098
1760555380824136700,53.59813671875,0.02417933248877525,-0.01280764178801328,0.011932776915933935
1760555380834141700,53.6081416015625,0.03608019816279411,-0.001652571246307343,0.03194724481021985
1760555380844147700,53.61814770507812,0.06954056921601295,-0.0640493696548976,0.0262302188702859
1760555380854152700,53.628152587890625,0.03658230246603489,-0.0322378617872484,0.0026195896475575864
1760555380864158700,53.63815869140625,0.004946224230527877,0.00990969185680151,-0.010121416645031422
1760555380874163700,53.64816381835937,0.024468086302280423,0.05101433058548718,0.03506654587453231
1760555380884169700,53.65816967773438,0.01497428176999092,0.038612219124753024,0.025191852265875784
1760555380894175700,53.66817578125,0.018508885636925695,-0.0015957630251534282,0.0005938925062306225
1760555380904180700,53.6781806640625,0.04028407959342003,-0.033512612697109576,-0.00391848861798644
1760555380914186800,53.688186767578124,0.045618426358699796,-0.036073348296899344,-0.006719718442764133
1760555380924191700,53.698191650390626,0.039141339299082756,-0.04646278649466112,-0.005490541973989457
1760555380934197800,53.70819775390625,0.009293313524127007,0.011718147784564644,0.025368651871196923
1760555380944202800,53.71820263671875,0.03103577425479889,0.03236196309095248,0.05598762548603117
1760555380954208500,53.72820849609375,0.03199322111010551,0.004304967184923589,0.045579829647671426
1760555380964214800,53.73821484375,0.007181435936689376,0.02528754945900291,0.04416545107141137
1760555380974219800,53.7482197265625,0.0019108020573854446,0.07247580068400129,0.0687804532974027
1760555380984225800,53.758225830078125,-0.002781155151128769,0.08294624996241182,0.05646353590209037
1760555380994230800,53.76823071289063,-0.026616204246878623,0.08834156966730952,-0.02376128973979503
1760555381004236800,53.77823681640625,-0.010196399843692779,0.032523966985940934,-0.05533661423139274
1760555381014241800,53.78824169921875,0.0490559995919466,-0.01078778986558318,-0.05271806576345116
1760555381024247600,53.79824755859375,0.06418401061892509,-0.08190729883611202,-0.013632986696250736
1760555381034253600,53.80825366210937,0.030978491109609603,-0.030470614652708172,-0.003007218991965055
1760555381044258600,53.818258544921875,0.004798340192437172,0.05207176721654832,-0.007998853266797959
1760555381054264800,53.828264892578126,0.002992752075195312,0.04942947254683822,-0.0036614816496148704
1760555381064269800,53.83826977539063,0.017484218764305115,0.04381966984104365,0.008359539805352686
1760555381074275800,53.84827587890625,0.03349661141037941,0.010572393549233674,-0.015450484446994959
1760555381084280800,53.85828076171875,0.020175357544422148,0.0032048239232972263,-0.00608235212098807
1760555381094286600,53.86828662109375,0.05041735107302665,-0.013617679529264569,-0.029623423238843677
1760555381104292600,53.87829272460937,0.0385334365338087,-0.032748569522053,-0.06400898284558207
1760555381114297600,53.888297607421876,0.04509937092065811,-0.06884195595998317,-0.08097224647570402
1760555381124304000,53.89830395507813,0.04525017756819725,-0.07990227915663271,-0.07656995639614761
1760555381134308900,53.90830883789062,0.05129062677621841,-0.059522740809619425,-0.06057729136385023
1760555381144315000,53.91831494140625,0.04581541023552418,-0.0442419503737241,-0.03641253538969904
1760555381154320000,53.92831982421875,0.04722293894588947,-0.02596734841670841,-0.0002852832147851586
1760555381164325600,53.93832568359375,0.03712999947667121,-0.03828651256803423,0.004713694116286933
1760555381174331600,53.94833154296875,0.04919686936736106,-0.06450575338657945,-0.021281126829236746
1760555381184336600,53.95833666992188,0.03972703023254871,-0.03977339012492448,-0.025289960611797866
1760555381194342700,53.9683427734375,0.010365326669812202,-0.018637023794930426,-0.027490174069814383
1760555381204347600,53.97834765625,0.00851765297651291,0.010860234047286211,-0.0006942293418571352
1760555381214354000,53.98835400390625,0.02192716964781284,0.0011422288376837968,-0.0008188421022146939
1760555381224359000,53.99835888671875,0.022337504014372823,0.0069780040527693925,-0.0012489040825515985
1760555381234364700,54.00836474609375,0.015288170024752615,-0.02276104492237791,-0.044311764206923544
1760555381244370700,54.01837060546875,0.05086158770918846,-0.026218163106311112,-0.011982187281921505
1760555381254375700,54.02837573242188,0.020140286231040954,-0.0066755139748565845,0.037669440115615724
1760555381264381700,54.03838159179688,0.021483517533540726,-0.0047934265553019936,-0.030361601320281623
1760555381274386700,54.04838671875,0.005624854144454002,-0.015499456421565264,-0.06579177460912615
1760555381284392700,54.058392822265624,-0.0010036240845918655,0.03048336453642696,-0.003709595107659697
1760555381294397700,54.06839770507813,0.007332827106118202,0.05115257001239806,0.0016946385560557245
1760555381304403700,54.07840380859375,-0.017550854259729385,0.06513411441799252,-0.014961056962236761
1760555381314409700,54.08840966796875,-0.003289689195156097,0.07458250890597701,0.01995608877055347
1760555381324414700,54.09841479492187,0.019497896674275397,0.0438989821549505,0.012902261268906295
1760555381334420200,54.10842016601563,0.045052609169483185,-0.07557913699420168,-0.024420849627070126
1760555381344425200,54.11842529296875,0.05640285522341728,-0.10151090264087542,-0.042724093156680465
1760555381354431200,54.12843115234375,0.08657645969092845,-0.0959828416680917,0.0074063672663643955
1760555381364436200,54.138436279296876,0.021458967614173888,0.014224175788741559,0.012794563110731542
1760555381374442000,54.14844189453125,-0.008325345274806021,0.04560640712734312,-0.05374591097384691
1760555381384448300,54.1584482421875,0.005840542721748352,0.017960257044527677,-0.028021942858956754
1760555381394453200,54.16845336914062,-0.0011216975063085555,0.06486212907619773,0.008229008760862052
1760555381404459300,54.17845922851563,-0.003869534909725189,0.05010585570475086,-0.007084222639910876
1760555381414464300,54.18846435546875,0.02076046395599842,-0.0007452836756594479,-0.03399045934192836
1760555381424470300,54.19847021484375,0.023976503393054006,0.007827497021574526,-0.01434522661883384
1760555381434475300,54.20847534179688,0.0060690907806158064,0.03049520110469311,0.04194233166184276
1760555381444481000,54.21848095703125,0.0059510173588991164,0.0462108210275881,0.050413770876452324
1760555381454487000,54.228487060546875,0.013283259943127632,0.03634820144921541,0.06181490686740726
1760555381464492300,54.2384921875,0.03182604784965515,-0.004852901657577604,0.0652905105561018
1760555381474498300,54.24849829101562,0.06593231559097766,-0.05940923396516591,0.04100548920314759
1760555381484503300,54.25850341796875,0.016089549535512924,-0.010056297253258526,0.01600472079627216
1760555381494509300,54.26850927734375,0.027303601989150047,0.012057992464490234,0.002803366982936859
1760555381504514300,54.27851440429688,0.01248597208559513,0.0074820993836969135,-0.03362984586860984
1760555381514520000,54.28852001953125,0.003944353711605072,0.03626841421127319,-0.014903006632067263
1760555381524526000,54.29852612304688,0.003332359293103218,0.025515184202417728,-0.025377054373361168
1760555381534531000,54.30853100585937,0.008257540735602378,0.03543618290452286,-0.0027965719159692526
1760555381544537300,54.31853735351562,0.041317514294385904,0.0027192688960582015,-0.007159808626770973
1760555381554542300,54.328542236328126,0.026206454402208326,-0.034755708093382416,-0.02780786171685904
1760555381564548400,54.33854833984375,0.027857728740572928,0.010389492996688931,-0.012765702342428267
1760555381574553300,54.34855322265625,-0.0013256956458091735,0.03309011296872049,-0.007967471747845411
1760555381584559000,54.35855908203125,-0.0014905308187007902,0.0494772572113201,-0.0007848302347585558
1760555381594565000,54.36856518554688,0.030222119784355163,0.04137253241725266,0.0003406301312148571
1760555381604570000,54.37857006835937,0.0534130257576704,-0.02346311051081866,0.011989018881507217
1760555381614576000,54.388576171875,0.05235445661544799,-0.05877166671399027,-0.001051956738345325
1760555381624581000,54.3985810546875,0.022091420298814772,0.006164203451853245,0.019653269899077713
1760555381634587400,54.40858740234375,0.016506313642859458,0.06194337381897494,0.012689349170587956
1760555381644592400,54.41859228515625,-0.024696634361147878,0.09294248759150504,0.002817468573525548
1760555381654598100,54.42859814453125,-0.01025602107644081,0.05961146027268842,-0.005209478276595473
1760555381664603100,54.43860302734375,0.025583354067802426,0.03181245771571994,-0.0011215513758361338
1760555381674609200,54.448609130859374,0.017138766327500343,0.0005776720237918197,-0.009980126744508743
1760555381684615200,54.458615234375,0.0006084872871637344,0.0014215024367906152,-0.017435666914843023
1760555381694620200,54.4686201171875,0.044403789871931075,0.005586074770335108,-0.05878989649042487
1760555381704626200,54.47862622070313,0.051880993884801864,-0.03416373354960233,-0.06188588974438607
1760555381714631400,54.48863134765625,0.017148703199625016,-0.028014745933189988,-0.03355469827316701
1760555381724637200,54.49863720703125,0.02117781258523464,0.009179952810145914,-0.02192384517956525
1760555381734642200,54.50864208984375,0.006086041915416717,0.008608363467268645,-0.03727054045852273
1760555381744648200,54.518648193359375,0.005342530071735381,0.02014795808084309,-0.015064225075766444
1760555381754654200,54.528654296875,0.03286825037896633,-0.0001644881130196154,0.0069827350268140435
1760555381764659200,54.5386591796875,0.015991349858045577,-0.01656432744041085,-0.0341183235052973
1760555381774665200,54.54866528320313,0.022167992666363715,-0.03488105150610208,-0.02512505237367004
1760555381784670200,54.558670166015624,0.04328852210640907,-0.033940007796324785,-0.010711071367561817
1760555381794676200,54.56867626953125,0.04362637575864792,-0.027342143901251253,0.00967051280606538
1760555381804681200,54.57868115234375,0.007002572238445281,0.009252031665667891,0.0043572088288143275
1760555381814687200,54.58868725585938,0.001463058289885521,0.05160771163506433,0.007678352608159184
1760555381824693200,54.598693359375,0.009700140759348868,0.05484610903440043,-0.011052030292339622
1760555381834698200,54.6086982421875,0.001048047748208046,0.04529885728182271,-0.03851272253934294
1760555381844704300,54.61870434570312,0.022281974434852598,0.03649294368214905,-0.018448606817051766
1760555381854709200,54.628709228515625,0.026451369073987006,0.03326941505838185,-0.00044978959411382674
1760555381864715000,54.638715087890624,0.0089449384778738,0.02039254395905882,-0.011495244015194476
1760555381874720000,54.64871997070313,0.019537644162774086,0.02810571215227246,0.00402231431864202
1760555381884726300,54.65872631835938,0.03597206161320209,0.006760397513024509,-0.007700272179022431
1760555381894731300,54.66873120117187,0.006811433580517769,0.012387187886238098,-0.02006316587422043
1760555381904737300,54.6787373046875,0.025361235749721527,-0.020832268816884606,-0.0033604528764262795
1760555381914743300,54.68874340820312,0.060820671665668485,-0.05143681204756721,0.002905219922214746
1760555381924748300,54.698748291015626,0.024645780956745147,-0.029932854514196514,-0.0014218494966626166
1760555381934754000,54.708754150390625,0.025429624810814858,-0.030654848645813762,-0.035927601416967804
1760555381944759000,54.71875903320313,0.04414952284991741,-0.026260723606403916,0.0040606735676527025
1760555381954765300,54.72876538085937,0.0332575419574976,-0.04021061249841004,0.010216492783650756
1760555381964770300,54.738770263671874,0.016838322076201437,-0.0005306728105992078,0.004687755957432091
1760555381974776300,54.7487763671875,0.03525777586400509,-0.0038543921395204957,0.018012297759018837
1760555381984782300,54.7587822265625,0.05818564698696136,-0.02593859724625945,0.021025800361298023
1760555381994787300,54.76878735351563,0.01723813504874706,-0.0342711942457594,-0.017167115639150143
1760555382004793000,54.77879296875,0.029112112715840337,-0.000313194135017693,-0.05206131888777017
1760555382014798000,54.78879809570312,0.023763152903318405,-0.021279172334168105,-0.021809790345840154
1760555382024804000,54.79880419921875,0.011991466566920279,0.026738844245858488,0.013679236990772187
1760555382034809000,54.80880908203125,0.036572365593910215,-0.014932926846295594,-0.009662000706046819
1760555382044815400,54.8188154296875,0.02224631859958172,0.01682443968132138,-0.009252652720175683
1760555382054821400,54.8288212890625,-0.01588496687412262,0.044760713550820945,-0.012040383742563426
1760555382064826400,54.83882641601563,0.009265840995311737,0.04556702496502548,-0.006597206307947635
1760555382074832100,54.84883203125,0.006873392900824547,0.025874719963502137,0.004240560179203748
1760555382084837000,54.85883715820312,-0.0013514146089553833,0.02853405709955841,-0.009029803749732673
1760555382094843100,54.86884301757812,0.030544191345572468,-0.022033607430662957,-0.018447108979709446
1760555382104848100,54.87884814453125,0.01919628337919712,-0.01899802086073905,0.006669212098233401
1760555382114854100,54.888854248046876,0.03656593585312366,-0.018847031550109385,-0.014238076449930666
1760555382124860200,54.898860107421875,-0.0033697686940431593,0.04351571845840663,-0.0009781243171542882
1760555382134865400,54.90886547851562,0.0036713819891214367,0.04542767129326239,-0.0002988733487203717
1760555382144871200,54.91887109375,0.0029226094484329224,0.054786341671179975,0.01843512628097087
1760555382154876200,54.928876220703124,0.008443418696522712,0.026912045388296245,0.026654344300180672
1760555382164882200,54.93888208007812,0.030883798563480374,0.01609937680978328,-0.002229622215591371
1760555382174887200,54.94888720703125,0.011121697995066642,0.011522789609245956,0.020578421919979155
1760555382184893200,54.95889306640625,0.025886720928549763,0.029483850371371953,0.0202310697870329
1760555382194898200,54.96889819335937,0.007455576702952385,0.04178752469262108,0.00054196138959378
1760555382204904200,54.978904296875,0.003562660917639732,0.02039261702429503,-0.04090995640680194
1760555382214910200,54.98891015625,0.04109422693252563,-0.0035668439024128017,-0.010297960522025824
1760555382224915200,54.998915283203125,0.03553542376160621,-0.005798895537108183,0.013952683637291192
1760555382234921200,55.008921142578124,0.012483049476146698,0.017241002859268335,-0.0008391177052631974
1760555382244926200,55.01892626953125,0.007187281155586242,0.03946116410428658,0.02672379280719906
1760555382254932200,55.02893212890625,0.0008382043898105621,0.057602166276890784,0.039054830059409136
1760555382264937200,55.03893725585937,0.010075403812527656,0.04677609022753313,-0.0008216185811907052
1760555382274943200,55.04894311523437,0.014059505012631415,-0.006938165232725441,-0.0016453925868496297
1760555382284949200,55.05894921875,0.03118248924911022,0.0024656229285523294,0.02422408494595438
1760555382294954200,55.068954345703126,0.006885083338618278,0.02454648530073464,-0.0014927958410233257
1760555382304960300,55.078960205078126,-0.007093173131346702,0.026461488609202204,-0.03163578597456217
1760555382314965200,55.08896533203125,0.046695700201392173,0.0011839490875601769,0.009051759853214025
1760555382324971300,55.09897119140625,0.04378945736587048,-0.025788923109881578,0.03410758291557431
1760555382334976300,55.108976318359375,0.024271102425456045,-0.024418493273202328,0.03368873644899577
1760555382344982300,55.118982177734374,0.04873685064017772,-0.051474678106233476,0.02874448497984558
1760555382354987300,55.1289873046875,0.07082067215442657,-0.03527405114537105,0.009959741543605924
1760555382364993000,55.138992919921876,0.031098902618885038,-0.008991371435485779,-0.006627382250502705
1760555382374999000,55.1489990234375,0.017270283752679822,0.015998199723940343,-0.013832783584669231
1760555382385004000,55.15900415039062,0.03324175986647606,-0.03633064752621576,-0.003137786569073796
1760555382395010300,55.16901025390625,0.028561493095755574,-0.03321132819559425,-0.012302651407942174
1760555382405015300,55.179015380859376,0.03721300158500671,-0.016447240399383008,-0.004513933760486543
1760555382415021000,55.18902099609375,0.04078969102799892,-0.015887926016189158,-0.011337350039742886
1760555382425026300,55.1990263671875,0.013241174367070197,0.008708572438731788,-0.020243308214098213
1760555382435032000,55.20903198242188,0.03642331251204014,-0.0022501170143485066,-0.0018064283674582837
1760555382445038000,55.2190380859375,0.036115269476175306,-0.03414411553367972,-0.01065904891937971
1760555382455043000,55.22904296875,0.02965747163891792,-0.001085913806874305,0.006560417961515486
1760555382465049300,55.23904931640625,0.006879822641611099,0.05253083609566092,0.0040421880628913635
1760555382475054300,55.24905444335938,0.0016156185030937193,0.05176156875621527,-0.019818945322185755
1760555382485060000,55.25906005859375,-0.006029343292117118,0.03400967549905181,-0.04477160027101636
1760555382495065000,55.26906518554687,0.009376900154352188,0.02141569472802803,-0.04497022811565548
1760555382505071000,55.27907104492188,0.034220834031701085,-0.022606183154229072,-0.0331590134864673
1760555382515076000,55.289076171875,0.04920096102058887,-0.027951343574468046,-0.017238646505400537
1760555382525082000,55.29908203125,0.046235096952319144,-0.019983305571042,0.008288922254554926
1760555382535088000,55.309088134765624,0.020206921726465224,0.00024982830891385674,0.019040910154394804
1760555382545093000,55.319093017578126,0.025583938589692115,0.015486249880120158,0.02860292108468711
1760555382555099100,55.32909912109375,0.019448796835541723,-0.006953234937693923,0.0025855960464105008
1760555382565104000,55.33910424804687,0.015861585998535155,0.004032598250638693,-0.0034794030809774993
1760555382575110100,55.34911010742187,0.026601591199636457,0.024103143713716416,-0.0011119067646563053
1760555382585115100,55.359115234375,0.0355623117685318,0.04073408838324249,-0.028337365483678875
1760555382595121200,55.36912109375,-0.004665653723478317,0.033927604972478,-0.05817315283156931
1760555382605127200,55.379127197265625,0.01748655685186386,-0.014736728420760481,-0.04513827815894037
1760555382615132200,55.38913208007813,0.044130818149447436,-0.00934181057466194,-0.005577800132334232
1760555382625138000,55.39913793945313,0.008994038316607474,0.0486465602745302,-0.02863558124527335
1760555382635143200,55.40914306640625,-0.01689794330894947,0.07221090267011895,-0.014457929745689034
1760555382645149200,55.41914916992187,0.029299159720540046,0.04173431493435055,0.022167335079237818
1760555382655154200,55.429154296875,0.018508885636925695,0.019539123733807354,0.014311397414468229
1760555382665160200,55.43916015625,0.011744213807582855,0.022771109658665953,0.0030189824949949976
1760555382675165200,55.44916528320312,0.03787468036413193,-0.004101754496712237,0.026606303907372057
1760555382685171200,55.45917114257813,0.054475102031230925,-0.025227672497928143,-0.0029866511279717086
1760555382695177000,55.46917700195313,0.021876316243410108,-0.03545876006251201,-0.038511626560799775
1760555382705182000,55.47918188476562,0.058224809953570364,-0.04912515583802014,0.0008887655332684517
1760555382715188200,55.489188232421874,0.03965864117145538,0.00572805879060179,0.031548217288963495
1760555382725193200,55.49919311523438,-0.0046223991036415096,0.03231474468205124,-0.008694178587198257
1760555382735199200,55.50919921875,0.011822539740800856,0.007418075970467179,-0.0020588687585666775
1760555382745204200,55.51920434570312,0.023175708404183388,-0.007480382350645959,-0.00750840286873281
1760555382755210200,55.52921020507812,-0.005541852036118507,0.03568962794262916,-0.017521628165245055
1760555382765216000,55.53921606445312,0.017063363003730774,-0.0010202829584479332,-0.029976072601415216
1760555382775221000,55.549220947265624,0.02543547002971172,-0.031089824263285843,-0.02303882068414241
1760555382785227000,55.55922705078125,0.03189443691074848,0.004366926505230367,-0.013269121819920838
1760555382795232000,55.56923193359375,0.02997428250312805,-0.015843155292700976,0.007382146140560508
1760555382805238300,55.57923828125,0.047323476710915566,-0.02941071206992492,0.02542816350609064
1760555382815243300,55.5892431640625,0.029078794968128204,-0.009739285459648818,0.004917582657933235
1760555382825249300,55.599249267578124,-0.007419920867681503,0.03866036911541596,-0.03466675116829574
1760555382835254300,55.609254150390626,0.016520926690101623,0.03319971082303673,-0.02540785137042403
1760555382845260000,55.619260009765625,0.02041150438785553,0.02261758133107796,-0.005517959703877568
1760555382855266000,55.62926611328125,0.012512275570631027,0.014922606381680815,-0.040483511155657466
1760555382865271000,55.63927099609375,0.042479543811082834,-0.02107236118307337,-0.027062998166307806
1760555382875277000,55.64927709960938,0.07486322554349899,-0.0976793068550527,-0.011322919655591249
1760555382885282300,55.6592822265625,0.052339259046316144,-0.07296674427241087,-0.030034597855620085
1760555382895288300,55.669288330078125,0.028610592934489247,-0.005065813755895942,-0.0186304296573624
1760555382905293300,55.67929321289063,-0.0016787468671798705,0.036053876411449165,-0.03360584393851459
1760555382915299000,55.68929907226563,0.029102760365605353,-0.006189173496328294,-0.046213360044546424
1760555382925304000,55.69930395507812,0.04407061239480972,-0.0377941624738276,-0.07839377428982407
1760555382935310000,55.70931005859375,0.027156886994838713,-0.002933240440301597,-0.045132213744334876
1760555382945316000,55.71931616210937,0.01931786393225193,0.0002174604092724621,0.03456741897966713
1760555382955321000,55.729321044921875,0.014644026902318,0.0391139763681218,0.014471775607950984
1760555382965327400,55.739327392578126,-0.00784486828148365,0.04067559966165572,0.006328728097490966
1760555382975332400,55.74933227539063,0.021989713490009305,0.034521040820982306,0.014875497570633887
1760555382985338000,55.75933813476563,0.03687573245465755,0.05452599196825176,0.02165777812190354
1760555382995343000,55.76934301757812,-0.006444353833794593,0.018839414499234406,-0.010937208273634313
1760555383005349000,55.77934912109375,0.023683657926321027,0.01797834069048986,-0.02245590622965246
1760555383015355100,55.78935522460937,-0.003049450698494911,0.05910462499540299,-0.020180252915248272
1760555383025360100,55.799360107421876,-0.039976036557555196,0.08700955387856811,-0.006544891598820686
1760555383035366100,55.8093662109375,0.01705517969727516,0.062026996981818225,-0.02529416186287999
1760555383045371100,55.81937109375,0.022499416577816008,0.05404787132879719,-0.04479220466762781
1760555383055377200,55.82937719726562,0.013294950380921364,0.018133841779455543,-0.0869642534321174
1760555383065382100,55.839382080078124,0.034920506733655925,-0.0013450031344778835,-0.06931673386488109
1760555383075388200,55.84938818359375,0.03757891228795052,-0.011899422635603696,-0.05996924246810376
1760555383085393200,55.85939306640625,0.054767947497963904,-0.04752654326865449,-0.06366773165985941
1760555383095399200,55.86939916992188,0.027833178821206093,0.0037923414876684545,-0.08076707929242402
1760555383105405200,55.8794052734375,-0.0028179800301790237,0.0401026403455995,-0.07731407102802768
1760555383115410200,55.88941015625,0.014403203883767127,-0.006283409384731203,-0.03976566347619519
1760555383125416200,55.89941625976562,0.06769815621972083,-0.045178792832419275,-0.01851748906848952
1760555383135421200,55.909421142578125,0.015315642553567885,-0.04917403648104518,0.04622610992826521
1760555383145427200,55.91942724609375,0.008660860839486122,0.05214190984331071,0.0917070457787253
1760555383155432200,55.92943212890625,0.004248305094242096,0.06826152572352438,0.08017223693812266
1760555383165438200,55.93943823242188,-0.011530278795957565,0.04736579974899068,0.014124770534876733
1760555383175443200,55.949443115234374,0.019348843592405317,0.02091552665354684,0.019525844127126036
1760555383185449200,55.95944921875,0.06803367178440094,-0.03960908467499539,0.00630620573842898
1760555383195455000,55.969455078125,0.028930910930037496,-0.019465346111543474,-0.05714552681688219
1760555383205460000,55.9794599609375,0.013186813831329344,-0.012641381843015552,-0.0808907604710199
1760555383215466200,55.98946630859375,0.056707975649833674,-0.020889515429455784,-0.1082963797962293
1760555383225471200,55.99947119140625,0.028470892202854155,-0.0019557919765822588,-0.14622730212593452
1760555383235477200,56.00947729492187,-0.015641805768013,0.024243428967241198,-0.09896836028490215
1760555383245482200,56.019482177734375,0.030875615257024765,0.01816122297672555,0.024632483083754778
1760555383255488300,56.02948828125,0.047452071526646614,-0.010765961626265197,0.12018851417452096
1760555383265493200,56.0394931640625,0.009680267015099525,-0.01434652352677658,0.14415312620038165
1760555383275499000,56.0494990234375,0.051473582127690314,0.0004584295582957566,0.16718601033408192
1760555383285505000,56.05950512695313,0.08413140462636948,-0.059055506890360265,0.1399594921691343
1760555383295510000,56.06951000976562,0.03522504263818264,-0.0355978032070212,0.12487071717400103
1760555383305516300,56.07951635742187,0.022508184406161307,0.007453896202519536,0.07956583201019093
1760555383315521300,56.089521240234376,0.02042670195698738,0.009540657615009695,0.016058990000467746
1760555383325527300,56.09952734375,0.006387655210494995,-0.00480906251585111,-0.04049679076233879
1760555383335532300,56.1095322265625,0.01492810454070568,-0.00006234291279688477,-0.021581406683754176
1760555383345538300,56.11953833007812,0.02630699216723442,0.014545553230214864,0.02972023467682302
1760555383355543300,56.129543212890624,0.0019131401449441908,0.015496643409971146,0.0354803143071942
1760555383365549300,56.13954931640625,0.003375613912940025,0.028180001231189817,0.04407044799802825
1760555383375555300,56.149555419921874,0.030412089398503303,0.018333291608002036,0.07176078428244217
1760555383385560300,56.15956030273438,0.01045651208460331,0.014083178149163721,0.05905718739079311
1760555383395566300,56.16956640625,0.0010936404556035994,0.030512407967820763,0.05124876039586961
1760555383405571300,56.1795712890625,0.02270283019542694,0.03948817997537553,0.021939828199986366
1760555383415577000,56.1895771484375,-0.008489011403918266,0.039839660294167696,-0.021544198212213813
1760555383425582000,56.19958203125,-0.0037847792357206343,0.017818108627479522,-0.025036972231417893
1760555383435588400,56.20958837890625,0.03146247523427009,0.022837270230054853,-0.04495176087720319
1760555383445593300,56.21959326171875,0.01108604215979576,0.01318124260706827,-0.07358787184543908
1760555383455599400,56.22959936523438,0.03291033595502376,-0.030103662770148365,-0.06813998170308769
1760555383465605400,56.23960546875,0.04440788152515888,-0.013976046246569602,-0.012175207369681447
1760555383475610400,56.2496103515625,0.05384264934659004,-0.03755611593425274,-0.01343892542887479
1760555383485616000,56.2596162109375,0.01987725138068199,-0.0096392591512762,-0.035482086139172316
1760555383495621000,56.26962109375,0.018197919991612434,0.023640275442320852,0.033919257269240916
1760555383505627400,56.27962744140625,0.022809213179349898,0.05295101600280031,0.019185981180891393
1760555383515632400,56.28963232421875,-0.0011363105535507202,0.01628881670096889,-0.03513632317511364
1760555383525638400,56.29963842773437,0.011571195328235626,0.011510788644198328,-0.02542220868933946
1760555383535644400,56.30964453125,0.03803308579623699,0.0262228027488105,-0.025263547528907655
1760555383545649400,56.3196494140625,-0.00715513245165348,0.03996330494014546,-0.0436566612990573
1760555383555655200,56.3296552734375,-0.023783026647567748,0.055122807083930817,-0.022222554131504146
1760555383565660200,56.33966015625,0.028405425751209256,0.018833039557375014,-0.005842570282053202
1760555383575666200,56.34966625976563,0.020158406409621236,0.04802150544505566,-0.016701872747577725
1760555383585671200,56.35967114257812,-0.02806932566463947,0.09181384888775646,-0.011783230643719434
1760555383595677400,56.36967749023437,0.01388414844572544,0.08305303480513393,-0.0026215076100081203
1760555383605682400,56.379682373046876,-0.014780220502614974,0.08841867175782099,-0.00801195021038875
1760555383615688400,56.3896884765625,-0.015008768561482429,0.06215924505935982,-0.04348462920039892
1760555383625693400,56.399693359375,0.013157587736845016,0.04348824592959136,0.021931937154475598
1760555383635699200,56.40969921875,0.06230827987492084,-0.023862375494092702,0.0025583061806857582
1760555383645705200,56.41970532226563,0.036385903111100196,-0.047536717602796846,-0.04172554710600525
1760555383655710200,56.42971020507812,0.06176935069262981,-0.08182064346596599,-0.0014704196124337612
1760555383665716200,56.43971630859375,0.0780342567950487,-0.05319425017414614,0.003900204042624682
1760555383675721200,56.44972119140625,-0.002187280911207199,0.032850075401458886,-0.009035356707684695
1760555383685727200,56.459727294921876,-0.004781973579525947,0.03591454100599512,0.01548937341896817
1760555383695732500,56.469732421875,0.0831546685487032,-0.01757808932652697,0.05284377450235188
1760555383705738200,56.47973828125,0.05321662640273571,-0.04860571680748835,0.025639833495393394
1760555383715743200,56.4897431640625,0.0398801749676466,-0.032038010099902745,-0.0003752995857968926
1760555383725749200,56.499749267578125,0.04148468755483627,-0.02168864818420261,0.023442031190171835
1760555383735755300,56.50975537109375,0.04808160160183906,-0.043161498193256556,-0.0007939999219030141
1760555383745760300,56.51976025390625,0.05499824912250042,-0.07989133763751015,-0.02569658691762015
1760555383755766300,56.52976635742188,0.061574120381474494,-0.03143109371531755,0.041318920800182964
1760555383765771300,56.53977124023437,0.03643149581849575,0.05545801212135702,0.03540445432569832
1760555383775777300,56.54977734375,-0.02072773073017597,0.05680126169016585,0.010129983543977141
1760555383785782300,56.5597822265625,0.018151742762327193,0.015872911110147832,0.02313705689422786
1760555383795788300,56.569788330078126,0.06257715994417667,-0.03853533622995019,0.03833736597243696
1760555383805793300,56.57979321289063,0.018429975181818006,-0.02149475131360814,-0.007934756788332015
1760555383815799300,56.58979931640625,0.003419453054666519,0.04406856656819582,-0.005524663439299911
1760555383825805300,56.59980541992188,0.023573183289170265,0.049148865507170555,0.022519235523138195
1760555383835810300,56.609810302734374,0.005578676915168762,0.02142082756087184,0.010632526238635183
1760555383845816300,56.61981640625,0.03561374969482422,0.0015287804698571562,0.0015182225432246923
1760555383855821300,56.6298212890625,0.03363455857634544,-0.01835910190269351,-0.007842146601434797
1760555383865827300,56.63982739257813,-0.004572130221128463,0.02738322483031079,-0.011178707145620137
1760555383875832300,56.64983227539062,-0.005693827727437019,0.05644468507114798,0.006919697994273156
1760555383885838300,56.65983837890625,0.009503741404414177,0.028079463466163725,0.013918671769835054
1760555383895843300,56.66984326171875,0.002562543964385986,0.0352680049970746,-0.01863671326767653
1760555383905849300,56.679849365234375,0.007866495591402053,0.03853840496987104,-0.00283874882357195
1760555383915855000,56.689855224609374,0.016772271102666853,0.02789455361962318,-0.018905355874914674
1760555383925860000,56.69986010742188,0.015382278048992157,0.006339468687213957,-0.034999928645417094
1760555383935866400,56.70986645507813,0.0322159239500761,-0.04605411436222493,0.010356394444685429
1760555383945871400,56.71987133789062,0.04425064513683319,-0.0068140273964032525,0.03929386297967285
1760555383955877400,56.72987744140625,-0.012518705311417579,0.043733708590641615,-0.006536799623910338
1760555383965882400,56.73988232421875,-0.04163315611481666,0.05948650045245885,-0.023438524058833718
1760555383975888100,56.74988818359375,0.004487374547123908,0.04478763809036463,0.0018348324780352412
1760555383985893400,56.75989331054687,0.014119710767269134,0.057165692822076376,0.0149353197327815
1760555383995899100,56.76989916992188,-0.0012438625812530516,0.02084423324931413,-0.03171020291764289
1760555384005905400,56.77990551757812,0.024074703070521352,0.015150295924022793,0.004374799284432083
1760555384015910400,56.789910400390625,0.04582183997631073,0.009247866947203875,-0.005539587013795972
1760555384025916400,56.79991650390625,0.013868366354703902,0.009121244892850518,-0.006055518912989646
1760555384035921400,56.80992138671875,0.06747779146730899,-0.050538054843246936,0.038344800360221414
1760555384045927200,56.81992724609375,0.07756663928329945,-0.04687069144211709,0.011316234186477958
1760555384055932200,56.82993212890625,-0.006900865429639816,0.02399926321413368,-0.00795004568900913
1760555384065938200,56.83993823242187,-0.008070493730902671,0.055925008578598494,0.010594240054860711
1760555384075943200,56.849943115234375,0.010801379999518393,0.06193294375650584,0.023469704648386686
1760555384085949200,56.85994921875,-0.020726561686396597,0.057934192976541815,-0.011144585680309682
1760555384095955500,56.86995556640625,0.005918284133076667,0.020845511890947816,-0.010857841160800307
1760555384105960400,56.87996044921875,0.041699207088351245,0.014062719883024691,0.005017079243343324
1760555384115966200,56.88996630859375,0.042809214156866074,-0.036227863005176185,-0.028261468969564885
1760555384125971200,56.89997119140625,0.0015694412738084791,-0.005410042349994182,-0.022288696436583995
1760555384135977200,56.90997729492187,0.08168985669314861,-0.08196140364352614,0.04665452794078737
1760555384145982200,56.919982177734376,0.09392799149751663,-0.13105251108147203,0.01440660141725093
1760555384155988200,56.92998828125,0.0199812962770462,-0.0157613039618358,-0.0060675381443463265
1760555384165993200,56.9399931640625,0.014055413359403609,0.050508609553053974,0.038866851472947744
1760555384175999500,56.94999951171875,-0.013116086682677268,0.08102857977282256,0.028220278442651032
1760555384186005200,56.96000512695313,-0.02530921330153942,0.07978384040873497,-0.046585755287203934
1760555384196010200,56.97001025390625,-0.012101941204071045,0.05790124055501073,-0.032172961591184136
1760555384206016300,56.980016357421874,0.040624855855107306,0.014232231231033801,-0.025718488222174346
1760555384216021200,56.99002124023438,-0.02393149520754814,0.057216327030770474,-0.05532008322170004
1760555384226027300,57.00002734375,0.010820084699988365,0.0572090570397675,-0.04951283998135477
1760555384236032300,57.0100322265625,0.010824176353216171,0.0857727786252275,-0.006432973923254758
1760555384246038300,57.02003833007812,-0.057254503616690634,0.13481361718066037,-0.025055841328669337
1760555384256043300,57.030043212890625,-0.030770985838770866,0.10436214561983942,0.026624551950115708
1760555384266049300,57.04004931640625,0.15048165336847305,-0.19363993669133633,0.0697933749333024
1760555384276054300,57.05005419921875,0.21425123796761034,-0.32444373370874674,0.034258901019766926
1760555384286060300,57.06006030273438,0.09847615632116793,-0.18705825674608348,-0.04581709073595702
1760555384296066300,57.07006640625,-0.01377133572101593,0.07973433871120214,0.002353613921441138
1760555384306071300,57.0800712890625,-0.05132920522093773,0.16002335216309874,-0.011773257238976657
1760555384316077300,57.090077392578124,-0.011944120293855666,0.024073095635324716,-0.04434290826385841
1760555384326082300,57.100082275390626,0.07545768430531025,-0.10228197834491728,0.030829785087611524
1760555384336088800,57.1100888671875,0.08716858036518096,-0.081089041255787,0.02474883947242051
1760555384346093800,57.12009375,0.00029109190106391906,-0.010832213529199362,-0.019246972386818377
1760555384356099800,57.130099853515624,0.023518238231539725,-0.0016946020234376192,0.02234517586417496
1760555384366104800,57.14010473632813,0.07878887455463408,-0.03953797393385321,0.05485348862325772
1760555384376110800,57.15011083984375,0.06185761349797248,-0.08288224481549114,0.01366913572186604
1760555384386116900,57.16011694335938,0.057495911157131194,-0.08496690560244023,0.002750047626812011
1760555384396121900,57.17012182617187,0.0731722037166357,-0.06115929250288754,0.023442067722789943
1760555384406127600,57.18012768554688,0.007031213811039924,-0.004151493656262755,-0.020595847978815435
1760555384416132600,57.190132568359374,-0.023825112223625183,0.039392464515939356,-0.007695833465922623
1760555384426139000,57.200138916015625,0.026986791124939916,0.03831917272862047,0.0324839272364974
1760555384436143900,57.21014379882813,0.038915129327774044,-0.010145509906671941,0.007215758331399411
1760555384446150000,57.22014990234375,-0.003642740416526794,0.006893814634345472,-0.015727511290088297
1760555384456155000,57.23015478515625,0.0005780921489000321,0.05506755149904638,0.025043566368985918
1760555384466161000,57.24016088867187,-0.0006067337214946747,0.0929779242310673,0.033460078792273994
1760555384476166700,57.25016674804687,-0.009727028766274452,0.05424644437450915,0.026184845358598975
1760555384486171600,57.260171630859375,0.021241525471210478,-0.0017219649543985724,0.010898538497369735
1760555384496177700,57.270177734375,0.035576340293884276,0.028798443656787274,0.0036467590045183894
1760555384506182700,57.2801826171875,-0.017746084570884703,0.10038670265022664,0.0003527954930439591
1760555384516189000,57.29018896484375,-0.04025251541137695,0.10078158371932804,-0.025691837677266446
1760555384526194000,57.30019384765625,0.008168693408370018,0.03938212578501552,-0.009560257364623247
1760555384536200000,57.310199951171874,0.03323416108191013,0.01770717733260244,0.013216971507575363
1760555384546205000,57.32020483398438,0.04110650189220905,0.009707922207005322,-0.02490658731739968
1760555384556210700,57.330210693359376,0.01983107415139675,-0.006915295813791454,-0.02153796940082684
1760555384566215700,57.34021557617187,0.016474749460816382,0.006552709579095244,-0.0027943434262648224
1760555384576221700,57.3502216796875,0.05172960271537304,-0.015697189217060804,0.029390710461512207
1760555384586228000,57.36022802734375,0.030154315245151518,-0.007652231786213815,0.013296740479208528
1760555384596233000,57.37023291015625,0.02381692891716957,-0.018678579648025332,0.01177462721215561
1760555384606238700,57.38023876953125,0.012211831319332123,0.025924787916615604,0.004570741981640458
1760555384616243700,57.39024365234375,-0.020908347994089124,0.06399382180906832,-0.03367047013994306
1760555384626249700,57.40024975585938,-0.015151391902565954,0.04568352748416364,-0.04125208437535911
1760555384636254700,57.41025463867187,0.036408114942908285,0.01499919701553881,-0.010791717122029513
1760555384646260700,57.4202607421875,0.04387479756176471,-0.04227211160548031,-0.03618548516817391
1760555384656265700,57.430265625,0.0299503171056509,-0.05499843178559095,-0.023023824044410137
1760555384666271700,57.440271728515626,0.06869651960730552,-0.05808277113437652,0.01731534673711285
1760555384676277800,57.45027783203125,0.0727583622187376,-0.06302508637476711,0.02200986122889444
1760555384686282800,57.46028271484375,0.0006382979035377502,-0.009503120349906384,0.011991156039666384
1760555384696288800,57.47028881835938,0.006738368344306946,0.041275392185710365,0.02005883675897494
1760555384706293800,57.480293701171874,0.011638999867439269,0.05397350918464362,0.014822707937471568
1760555384716299800,57.4902998046875,0.0009849193841218948,0.03682772859446704,-0.014078903832845388
1760555384726304800,57.5003046875,0.015438976672291755,0.02414104630500078,-0.014912285917066037
1760555384736310800,57.51031079101563,0.0024918168157339097,0.04918086808063089,0.0014506189334206282
1760555384746315800,57.52031567382812,-0.02407528759241104,0.060934872629866,0.003466744528803974
1760555384756321800,57.53032177734375,0.014278116199374198,0.03403744028881192,0.003954509779438376
1760555384766326800,57.540326904296876,0.02195113504528999,0.03417330509554595,0.007162128448020667
1760555384776332800,57.550332763671875,0.02621463770866394,-0.008592033386975527,-0.014187223045527934
1760555384786338800,57.5603388671875,0.012954174119234085,-0.011067629720270634,-0.022366931038256734
1760555384796343800,57.57034375,0.005961538752913474,0.043483533221855754,-0.021395930581633
1760555384806349800,57.58034985351563,-0.0179249482691288,0.06734652977045626,-0.016411767227202653
1760555384816354800,57.59035473632812,-0.01341010119318962,0.07058781324662268,-0.01986603586692363
1760555384826360600,57.60036059570312,0.007968786922097206,0.06409235028009862,0.013546660119667648
1760555384836365800,57.61036572265625,-0.026470658296346664,0.09354677362758666,0.026109021909721194
1760555384846371800,57.620371826171876,-0.023521160840988157,0.08146357365660369,-0.007587733448948711
1760555384856376800,57.630376953125,0.0060369420766830445,0.05699808117020875,0.05754238064736127
1760555384866382800,57.6403828125,0.08114800490140914,-0.07824231005515903,0.044096550553664564
1760555384876387800,57.650387939453125,0.18495266276896,-0.32305571341644973,-0.008690306129679084
1760555384886393900,57.660393798828125,0.14023323107659816,-0.2523137690540403,-0.015195340642146764
1760555384896399600,57.670399658203124,0.0561316370666027,-0.05036777631025761,-0.02210829836837947
1760555384906404600,57.680404541015626,-0.028433482801914215,0.07867639062348752,-0.012812939017638563
1760555384916410600,57.69041064453125,-0.018694179075956344,0.08355773292426019,-0.03271521524172276
1760555384926415600,57.70041552734375,0.02158347077667713,-0.006625994011014699,-0.07432148334961385
1760555384936422000,57.710421875,0.06022796646952629,-0.04125771039854735,-0.04361742526721209
1760555384946427000,57.72042700195313,0.009555179330706596,0.002441876726783812,-0.03926474648304283
1760555384956433000,57.730432861328126,0.012144026780128478,0.008500153852440417,-0.020965704204514622
1760555384966438000,57.74043798828125,0.03971300170719623,-0.010003361489623785,0.02709273571744561
1760555384976443600,57.75044360351563,0.05172843367159366,-0.04902648123651743,0.06075363431144505
1760555384986448600,57.76044873046875,0.015858663389086723,-0.0017215265629813073,0.009280636705644428
1760555384996454700,57.77045458984375,0.004497895941138267,0.05070146524403244,-0.008305544595792889
1760555385006460700,57.78046069335937,0.002565466573834419,0.07371032918132842,-0.020080080476403236
1760555385016466000,57.7904658203125,0.010084171640872955,0.03681169077511877,-0.05696943959761411
1760555385026472000,57.80047192382813,0.0104220252931118,0.006928082230128347,-0.044556459682993585
1760555385036477000,57.81047680664062,0.04157996462285518,-0.013849844317324458,-0.012810363468062132
1760555385046482700,57.82048266601562,0.013918050715327262,0.032620266967266796,0.0165177300860174
1760555385056487700,57.83048779296875,0.0052379006534814835,0.029209143349528312,0.033326332877390084
1760555385066493700,57.84049365234375,0.0333750308573246,-0.02264733714852482,0.04723367953561246
1760555385076498700,57.85049877929688,0.020824761363863943,-0.011409976884536445,-0.0019220358374528585
1760555385086504700,57.86050463867188,0.02383212648630142,0.01732603252790868,-0.01565862903865054
1760555385096511000,57.87051098632813,-0.000872106659412384,0.039529607964307066,-0.026738625050149855
1760555385106516000,57.88051586914062,-0.00433656789958477,0.06581384031046182,-0.012128025493398307
1760555385116521700,57.89052172851562,-0.023519991797208786,0.06953037661556154,-0.03067550784135237
1760555385126526700,57.900526611328125,-0.002757774275541305,0.02221946712527424,-0.022711050034500656
1760555385136532700,57.91053271484375,0.0004646949023008346,0.04413947637993842,0.03935746626779437
1760555385146537700,57.92053784179687,0.013398995277285575,0.0559371739404276,0.041014987683854996
1760555385156543700,57.93054370117188,0.029020342779159543,0.03500091502610594,0.0453683423214592
1760555385166548700,57.940548828125,0.047046997857093806,-0.046990006972849364,0.012325630424730479
1760555385176554800,57.9505546875,0.041298809593915936,-0.02425411475803703,-0.008724792921170592
1760555385186559700,57.96055981445313,-0.0018652093499898909,0.03854231396000832,-0.012800609259027988
1760555385196565800,57.970565673828126,0.005197568643093109,0.05594243463743478,0.02799710067864507
1760555385206571800,57.98057177734375,-0.02755786901116371,0.11523816175814718,0.018933924382273107
1760555385216576800,57.99057666015625,-0.005676876592636108,0.05218797747474163,-0.0163614618120715
1760555385226582800,58.00058276367187,0.041918987318873405,-0.021360585273616013,0.02064854628043249
1760555385236587800,58.010587890625,0.04923194068074226,0.013955350518412887,0.03535909908032044
1760555385246593800,58.02059375,-0.0318850845605135,0.08778305900171399,0.017439996030088514
1760555385256598800,58.03059887695313,-0.013362170398235321,0.07467720145210624,-0.023816472259443253
1760555385266604800,58.04060473632813,0.011442600512504578,0.0419952674254775,-0.01907086690124124
1760555385276609800,58.05060986328125,0.0611468348801136,-0.08343600624073297,-0.039938133966270835
1760555385286615800,58.06061572265625,0.06945873615145683,-0.11889763411376625,-0.05847513145282864
1760555385296620800,58.07062084960938,0.031794483667612075,-0.007923157682083546,-0.02708166633415967
1760555385306626800,58.080626708984376,0.013100889113545417,0.06402253644689918,0.016462218772806226
1760555385316632800,58.0906328125,-0.002443301498889923,0.06943911813553422,0.0091855970996432
1760555385326637800,58.10063793945312,-0.0030260698229074476,0.019612097638472912,0.004107417052518576
1760555385336643300,58.11064331054688,0.028840894559025762,-0.013679784980043769,0.01926189596131444
1760555385346648300,58.1206484375,0.03589022854864597,0.0024183131881058213,-0.001395820006262511
1760555385356654000,58.13065405273438,0.018259294790029523,0.014489749656058848,-0.017903649752773344
1760555385366659000,58.1406591796875,0.01720773991048336,0.03466061368845403,-0.014601484668534248
1760555385376665000,58.1506650390625,0.03832943839430809,-0.0022890607852488754,-0.023603962019924072
1760555385386670000,58.16067016601563,0.03599661153256893,-0.0008849661409854889,-0.017658716814685612
1760555385396676400,58.17067626953125,0.07243453709185123,-0.08152403513956814,0.028124836977850644
1760555385406682400,58.18068237304688,0.1158148291349411,-0.1456788927292451,0.03904814459029585
1760555385416687400,58.19068725585937,0.09492518584132194,-0.15004022974390535,0.02121189751792699
1760555385426693000,58.20069311523437,0.09036006988286971,-0.14818462847247718,0.02068416558308527
1760555385436698000,58.210697998046875,0.0681482380747795,-0.06657886986620724,0.02640460732281208
1760555385446704000,58.2207041015625,0.008816343662142753,0.03627831455077976,0.023363632191717623
1760555385456709000,58.23070922851562,-0.022580080598592758,0.0846886001177132,0.015663360012695193
1760555385466715100,58.24071508789063,0.00407470209300518,0.08375712795387953,0.008098386384826153
1760555385476720000,58.25072021484375,0.01890051530301571,0.033965251835435625,-0.008647453368641436
1760555385486726400,58.260726318359374,0.025322072783112524,0.014740728742443024,-0.0046431496307253834
1760555385496731400,58.2707314453125,0.027671850779652594,0.02217255924362689,0.0305133578158915
1760555385506737200,58.280737060546876,-0.00694470457136631,0.05553593619577586,0.01902169399727136
1760555385516742100,58.2907421875,-0.02154080067873001,0.06472056518103927,0.007133267679717391
1760555385526748200,58.300748046875,-0.007583586996793746,0.08200794619899243,-0.03207017707014456
1760555385536754200,58.31075415039062,-0.04484335033297539,0.12780088887438176,0.00012110562901943921
1760555385546759200,58.32075927734375,-0.023971827217936514,0.1271745736695826,0.04060879976944998
1760555385556765400,58.330765380859376,-0.04315291302800178,0.1536057036731392,0.10770224982798099
1760555385566770400,58.3407705078125,-0.024461072039604185,0.12377031818404793,0.06691230307165533
1760555385576776200,58.35077612304688,0.04244973319470882,-0.015271438085660338,0.04883099519703537
1760555385586781200,58.36078125,0.09321195218265056,-0.10796188714485615,0.04125208437535911
1760555385596787200,58.370787109375,0.09461422019600868,-0.10866119452062993,0.0410612927773036
1760555385606792200,58.380792236328126,0.026119945162534713,-0.0052735564887523645,0.06322966903615743
1760555385616798200,58.390798095703126,-0.0030821839243173597,0.0581730797663331,0.04398359169848263
1760555385626803200,58.40080322265625,-0.0007248071432113647,0.05935048951525241,0.022951032802835107
1760555385636809200,58.41080932617187,-0.061984454748034476,0.13224190352912993,-0.049177616677619516
1760555385646815200,58.42081518554688,-0.06614508155882358,0.17512769005354492,-0.07759217558335513
1760555385656820200,58.4308203125,-0.030182372295856474,0.12528247631266712,-0.0808912536613643
1760555385666826200,58.440826171875,0.03925239845812321,-0.01742499939035624,-0.08264927630983293
1760555385676831200,58.45083129882813,0.15487959606647492,-0.19492752881646155,-0.07086863948199898
1760555385686837200,58.46083715820313,0.1883241850286722,-0.2736992330405861,-0.027598895141296088
1760555385696842200,58.47084228515625,0.14404606736302375,-0.24836419117804615,0.0072227908603847025
1760555385706848300,58.48084814453125,0.10456102919280529,-0.14900639318414033,0.03789528476074338
1760555385716853200,58.490853271484376,0.0361895037561655,-0.02926050821058452,0.04444525439348072
1760555385726859000,58.50085888671875,-0.023405425506830214,0.051624059981666505,0.05898351936638355
1760555385736864000,58.51086401367188,-0.04234568829834461,0.13295279174484312,0.03471428010445088
1760555385746870300,58.52087036132812,-0.030206337693333623,0.13331420893575996,-0.005947839021123945
1760555385756876300,58.53087622070313,-0.059253568479418754,0.14676840499900282,-0.05202822033576667
1760555385766881300,58.54088134765625,-0.04404840056300163,0.10349069654755294,-0.028091354833357035
1760555385776887300,58.55088720703125,-0.01730886219739914,0.07655790063217281,-0.015158186969533562
1760555385786892300,58.56089233398438,0.031054478955268857,-0.025064517825469375,-0.04737418398484587
1760555385796898000,58.57089794921875,0.07002806047201156,-0.10636796901691704,-0.032263891277648504
1760555385806903000,58.58090307617187,0.1002162779867649,-0.1188494110578671,0.016259828068502246
1760555385816909300,58.59090942382812,0.07553308762907981,-0.11626699334923177,0.0030553324500098822
1760555385826914300,58.600914306640625,0.0077723875671625135,-0.004759761747717857,-0.021191000860370693
1760555385836920300,58.61092041015625,-0.01949380502104759,0.06861841286979616,0.007145305177383124
1760555385846925300,58.62092529296875,0.003327683117985725,0.08694372210074215,0.03136383716538548
1760555385856931300,58.63093139648438,-0.02891980501413345,0.0779463958485052,0.009110577368363737
1760555385866936300,58.640936279296874,0.0016717326045036314,0.023226671406440434,-0.012582929654046893
1760555385876942000,58.65094213867187,0.04395663062632084,-0.027169125421904024,0.017379991204850374
1760555385886948000,58.66094799804687,0.06776186910569668,-0.08961615618038922,0.012172266493923962
1760555385896953000,58.670953125,0.07909048784971237,-0.15969645829629153,-0.05174659038279205
1760555385906959400,58.68095947265625,0.12177870597541332,-0.16961926536299288,-0.05793744437955319
1760555385916964400,58.69096435546875,0.11907587675750254,-0.17819358043018727,-0.05253569493386894
1760555385926970400,58.70097045898437,0.12639876699149608,-0.2272693441685289,-0.0775008805707097
1760555385936975400,58.710975341796875,0.1352946056306362,-0.2638576379839331,-0.037718941813148554
1760555385946981000,58.720981201171874,0.11098784736990928,-0.20243089018389582,0.011024703893996774
1760555385956986000,58.73098608398438,0.0943342342108488,-0.12013703971561043,0.024938553358241914
1760555385966992100,58.7409921875,0.03445347374379635,-0.062418900642544024,-0.008138700128905475
1760555385976997000,58.7509970703125,0.03352700654864311,-0.024883462170138954,-0.004320493547618389
1760555385987003100,58.76100317382812,0.02151157458424568,-0.01373056531921029,-0.022538141153007743
1760555385997009200,58.77100903320313,0.002305938854813576,0.02348539540786296,-0.00439476436022669
1760555386007014400,58.781014404296876,-0.0025549451798200606,0.023245887563563883,-0.005951894141733646
1760555386017020200,58.791020263671875,-0.014921674799919127,0.05779756098482757,-0.021503099016845224
1760555386027025200,58.80102514648438,-0.04217150077521801,0.07337010090891272,-0.0003475347960367799
1760555386037031200,58.81103125,-0.042132337808609005,0.13794880993384867,0.029355200756713745
1760555386047036200,58.8210361328125,-0.08380056523680686,0.21617716452889144,0.015185367237403989
1760555386057042200,58.83104223632812,-0.12647007866203785,0.3192305656377226,-0.0025062106672674414
1760555386067047200,58.841047119140626,-0.15176292535066604,0.3479618623424321,0.016817608081735668
1760555386077053200,58.85105322265625,-0.12539923456013202,0.3183631351534277,0.0590128550587222
1760555386087058400,58.86105834960937,-0.06767711343169212,0.2457047627104446,0.06831040636654943
1760555386097064200,58.87106420898437,-0.03407178094983101,0.12319131271969526,0.048569750444963575
1760555386107070200,58.8810703125,0.028576690664887428,0.02473667411059141,0.02286160095371306
1760555386117075200,58.8910751953125,0.07298340314626693,-0.078820730997622,-0.003977744524553418
1760555386127081200,58.901081298828124,0.06949556103050708,-0.062032275945134455,0.008440715282782911
1760555386137086200,58.91108618164063,0.002110708543658256,0.038474363290332256,0.005118475524894893
1760555386147092200,58.92109228515625,-0.031024083817005155,0.10800766251534223,-0.018689722096547484
1760555386157097200,58.93109716796875,-0.009979542222619056,0.08051657513007521,-0.024280491308309136
1760555386167103200,58.94110327148437,0.042809798678755756,-0.013884404174052178,-0.02243197736479342
1760555386177108200,58.951108154296875,0.0709545276671648,-0.10497308059241622,0.016571232105232776
1760555386187114200,58.9611142578125,0.08747779244482516,-0.12141845782827586,0.016702420736849306
1760555386197119200,58.971119140625,0.09056348350048064,-0.14331183480434118,0.026797077239118516
1760555386207125200,58.98112524414063,0.06826397340893745,-0.10001187798846513,0.003539024313725531
1760555386217130200,58.991130126953124,0.05573065505027771,-0.10127177838906645,-0.01010594508126378
1760555386227136300,59.00113623046875,0.06718377695679664,-0.10148045270368457,-0.011569624425657093
1760555386237142000,59.01114208984375,0.05473053809702396,-0.05443188394401222,-0.03513762008305639
1760555386247147000,59.02114697265625,0.028947862064838407,-0.009219444570317864,-0.024018881230056285
1760555386257153300,59.0311533203125,0.011810264781117439,0.06926668417807669,0.0016301584850996731
1760555386267158300,59.041158203125,-0.002347439908981323,0.060928223693370816,0.007013166697695851
1760555386277164300,59.05116430664062,0.015670447340607643,0.01917827279847115,-0.004385338944755494
1760555386287169300,59.061169189453125,0.0203431153267622,0.002563493812456727,0.0009857596343383192
1760555386297175300,59.07117529296875,0.02784720734655857,0.0378907181834802,0.001353423902951181
1760555386307180300,59.08118017578125,-0.01434299812912941,0.07338939013127237,-0.021512962823733685
1760555386317186000,59.09118603515625,-0.0019365210205316541,0.05179649393912404,0.008322313067503273
1760555386327191000,59.10119091796875,0.022729133680462837,0.05093034209646284,-0.0014787673156708477
1760555386337197300,59.111197265625,0.022275544694066046,0.007989281720854342,-0.013188311668671666
1760555386347202300,59.12120239257813,0.004912321960926056,-0.0017274813797324895,-0.022654680204764008
1760555386357208300,59.131208251953126,0.03481237018406391,0.019719028611667452,-0.019052125668153164
1760555386367214300,59.14121435546875,-0.008333528581261634,0.08844261888898909,-0.010308774176985025
1760555386377219300,59.15121923828125,-0.053881227791309355,0.13032752127517014,-0.023601349937729537
1760555386387225300,59.16122534179687,0.0002437456279993057,0.043245230953954154,-0.011741875720024109
1760555386397230300,59.171230224609374,0.08585048350393772,-0.08215645129159092,-0.04078030214514583
1760555386407236400,59.181236328125,0.0908750336676836,-0.12098350047711283,-0.054524713326618075
1760555386417241300,59.19124145507813,0.05490180301070213,-0.09740461809951811,-0.024533370090834793
1760555386427247400,59.20124731445313,0.03480535592138767,-0.03256798879075795,-0.021110702165775
1760555386437252400,59.21125244140625,0.021163199537992478,0.006259279590472578,-0.0031887130387127397
1760555386447258000,59.22125805664062,0.039133740514516825,-0.03429667574688792,-0.043479112775065006
1760555386457263000,59.23126318359375,0.09037935910522937,-0.10546817063298075,-0.035632527460530396
1760555386467269400,59.241269287109375,0.06910159327685833,-0.10672584254387765,-0.05403866510903462
1760555386477274400,59.2512744140625,0.07000409507453441,-0.08974822159484028,-0.024159970201179385
1760555386487280400,59.2612802734375,0.07300035428106784,-0.10713179299626499,0.019471611455548554
1760555386497286400,59.27128637695313,0.07001227838099003,-0.07093509231433272,0.038949141195230186
1760555386507291400,59.28129150390625,0.06269114171266556,-0.05150985901746898,0.047457697549834844
1760555386517297200,59.29129711914062,0.03485387123823166,-0.02198817912004888,0.016699297198001294
1760555386527302100,59.30130224609375,-0.000054945057630538935,0.06893317790739238,0.024594945818651466
1760555386537308200,59.31130810546875,-0.01882277389168739,0.07752820696905255,0.0029813173657283185
1760555386547313200,59.32131323242187,-0.002874678653478622,0.047453825092315674,-0.003724518682155758
1760555386557319400,59.3313193359375,0.023109657430648804,-0.02220726523082703,-0.022138949234969913
1760555386567324400,59.341324462890626,0.04356207835078239,-0.07082984184157103,-0.006198032656218856
1760555386577330400,59.351330322265625,0.02480243282318115,-0.029478936734236776,0.013442103766649961
1760555386587335400,59.36133544921875,0.010980243697762489,-0.006320727454125881,0.010546528455615043
1760555386597341200,59.37134106445313,-0.012335749959945679,0.09752762342467904,0.008964446895942092
1760555386607346200,59.38134619140625,-0.03601473171114921,0.16358126384038477,0.017976367929112166
1760555386617352200,59.39135229492187,-0.0670721332758665,0.17799824052117763,0.03641775955408812
1760555386627358500,59.4013583984375,-0.06588496931791304,0.1856508741661906,0.02647575459657237
1760555386637363500,59.41136352539063,-0.026704467052221296,0.12703436148129402,0.03797598531413823
1760555386647369500,59.421369384765626,0.04467676159441471,-0.01730312657635659,-0.0011349223140627144
1760555386657374500,59.43137451171875,0.04215688772797584,-0.026429376437887547,-0.03635980055546388
1760555386667380200,59.44138012695313,0.052231122496724125,-0.014931100215390323,-0.04447141174804419
1760555386677385200,59.45138525390625,0.04360708653628826,-0.051785972545109686,-0.024466789394337683
1760555386687391200,59.46139111328125,0.010714870759844779,0.026337862229533493,-0.020506525727547704
1760555386697396200,59.47139624023438,-0.01981879919171333,0.09155464996229856,-0.006215221253037452
1760555386707402200,59.48140234375,-0.03871872997283935,0.12150350576322524,0.02057520704958588
1760555386717407200,59.4914072265625,-0.02277121925652027,0.09715217770840973,0.01912060606079176
1760555386727413500,59.50141357421875,0.02657002701759338,0.004225362610071897,-0.004556530793197453
1760555386737418500,59.51141845703125,0.06112228496074676,-0.05689250190388411,0.013801475130952893
1760555386747424300,59.52142431640625,0.08194178562760353,-0.10852690061647444,0.004832333793584257
1760555386757430300,59.53143017578125,0.05343874472081661,-0.08272011305633932,-0.0271821127676405
1760555386767435300,59.54143530273438,0.05848550671637058,-0.07541377209834754,-0.03931496056662872
1760555386777441300,59.55144116210938,0.04946808752417564,-0.022512714450806378,-0.018974073729570953
1760555386787446300,59.5614462890625,0.035081834775209424,-0.04468640620559454,0.004768036385718733
1760555386797452300,59.571452392578124,0.043154082071781154,-0.034897016260214145,-0.03762154585327953
1760555386807457300,59.581457275390626,-0.004921089789271354,0.03870762405693531,0.013240772508271038
1760555386817463300,59.59146337890625,0.03017769612073898,0.009494462119415402,0.07506044688234105
1760555386827468300,59.60146826171875,0.05003390471339225,-0.04069010311104357,0.05216580217555165
1760555386837474300,59.61147436523437,0.027675357910990715,-0.01576353245154023,0.03589939823579043
1760555386847479300,59.621479248046874,0.01893967826962471,-0.010998802267760038,0.014107819400075822
1760555386857485300,59.6314853515625,0.034465164181590076,-0.04455090672504156,-0.035810605707485225
1760555386867490300,59.641490234375,-0.0028390228182077408,0.008357238250412046,-0.027574107759911565
1760555386877496300,59.65149633789063,-0.0035100539475679394,0.039456323532387615,-0.004098758822027594
1760555386887502300,59.66150244140625,0.021094810476899147,0.05161138316318392,0.011435038260556757
1760555386897507300,59.67150732421875,-0.0183779527336359,0.07086118682790547,0.018481321776565165
1760555386907513300,59.68151342773437,-0.04700900393426418,0.12792878957036882,0.03545565478997305
1760555386917518300,59.691518310546876,-0.012070961543917656,0.14077332930266856,0.05700973507538438
1760555386927524400,59.7015244140625,0.00013677812218666077,0.05116320100426674,0.03457967567304149
1760555386937529300,59.711529296875,0.037326983353495595,-0.02535513480249792,0.026643567177839576
1760555386947535400,59.72153540039063,0.0577484246134758,-0.041561954042129215,0.020776446976419536
1760555386957540400,59.731540283203124,0.002769464713335037,0.029763416231423614,0.007001384928356856
1760555386967546000,59.74154614257812,-0.005537760382890701,0.031325039524957535,-0.00915103724291548
1760555386977551000,59.751551025390626,0.04827975452244281,-0.02736687648370862,-0.019793829147238283
1760555386987557400,59.76155737304688,0.04199088351130485,-0.043757673988118764,-0.01571797627676278
1760555386997562400,59.77156225585937,0.05305529836118221,-0.05031520587280392,-0.005451068480126559
1760555387007568400,59.781568359375,0.0339022696018219,-0.005294307015836238,0.002608556796889752
1760555387017573400,59.791573486328126,0.026157354563474653,-0.012597396570816636,-0.04271643957318738
1760555387027579400,59.801579345703125,0.024834581527113913,-0.012791092512011527,-0.020347206979990005
1760555387037585200,59.811585205078124,0.05253799648880958,-0.009949074019119142,0.006483827327657491
1760555387047590100,59.82159008789063,0.0150187054336071,0.0035305852789431808,-0.018519955020211636
1760555387057596400,59.83159643554688,-0.031208792734146118,0.06160732853133231,-0.019827694884222
1760555387067601400,59.84160131835937,0.022051088288426397,0.050478433610498905,0.024052527771331367
1760555387077607400,59.851607421875,0.04750117136538028,-0.007072787930443882,0.02021256601596251
1760555387087612400,59.8616123046875,0.039590836632251734,-0.038310879824310536,0.018580836628284303
1760555387097618400,59.871618408203126,0.011759995898604393,0.000983969536051154,0.004863057725410908
1760555387107623400,59.88162353515625,0.040051439881324764,0.011476466249488294,0.03164526618896052
1760555387117629200,59.89162915039063,0.007585925084352493,0.02360880259182304,-0.0008080284472554922
1760555387127634200,59.90163427734375,0.005324409893155098,0.051698805718310176,-0.008908369327150285
1760555387137640200,59.91164013671875,0.006499883413314819,0.06270860430411994,-0.024159988467488437
1760555387147645200,59.92164526367188,0.005115151056647301,0.053261634588241576,-0.020673899917397646
1760555387157651500,59.9316513671875,0.003865443256497383,0.05528696640338748,0.005866225152276456
1760555387167657500,59.94165747070313,0.004395020088553428,0.03748060301262885,0.0013866137864999473
1760555387177662500,59.95166235351562,0.01568915204107761,0.045458230828307564,-0.02284826654810458
1760555387187668200,59.96166821289062,-0.006552490383386612,0.0555861320130527,0.012500548600219189
1760555387197673200,59.971673095703125,0.0026169045001268386,0.04776398702003062,0.018525288782455025
1760555387207679200,59.98167919921875,0.03815641991496086,0.008203691656515001,0.01672499789483845
1760555387217684200,59.99168432617188,0.05051438170671463,-0.07397446001023053,-0.03842535478314384
1760555387227690200,60.00169018554688,0.037412908071279526,-0.01753697186484933,0.01921027537193149
1760555387237695200,60.0116953125,0.006339139893651008,0.06738620419371873,0.013020261625386774
1760555387247701500,60.021701416015624,-0.01997662010192871,0.08932418749649076,0.011156367449648678
1760555387257706500,60.03170654296875,-0.00023906945288181304,0.08407415801379829,0.0082772683493793
1760555387267712300,60.041712158203126,-0.026437925070524212,0.09468388789873569,-0.018561821400560438
1760555387277717200,60.05171728515625,-0.013753215542435646,0.04451170722581446,-0.006346227221563458
1760555387287723300,60.06172314453125,0.00874853912293911,0.06073894819896668,0.03899530015820637
1760555387297728300,60.071728271484375,-0.0039449382334947585,0.10498630540017038,0.04969080863045528
1760555387307734300,60.081734375,0.00433481433391571,0.07601597577519714,-0.03435927438801154
1760555387317739300,60.0917392578125,0.004411971223354339,0.012583769904263317,-0.046797388743888585
1760555387327745500,60.10174560546875,0.06986614790856838,-0.06081256142444908,-0.011690255130641161
1760555387337751000,60.1117509765625,0.06682488051652907,-0.045940096061117944,0.00021430033780634402
1760555387347756000,60.12175610351562,0.020718378379940984,-0.002114142609760165,-0.046338959185592825
1760555387357762000,60.13176196289062,-0.009719429981708527,0.05072444426082074,-0.04758815552908927
1760555387367767000,60.14176708984375,-0.009829320096969603,0.10501377792898565,-0.0032377946111373603
1760555387377773300,60.151773193359375,-0.03403554059267044,0.11911949670352041,0.012879391849972307
1760555387387778300,60.1617783203125,-0.01244680911898613,0.07278291213810444,0.027417017502058296
1760555387397784300,60.17178442382812,0.11274842730164528,-0.1433484039550647,0.056913471626676614
1760555387407789300,60.181789306640624,0.2141582989871502,-0.3186856451060623,0.02190015377672389
1760555387417795000,60.19179516601562,0.17442542353570462,-0.3605345628634095,-0.014812953728437423
1760555387427800000,60.201800048828126,0.1324842243850231,-0.2293268977528438,0.0029050737917423247
1760555387437806000,60.21180615234375,0.05689151552319526,-0.059212396218813954,-0.00995579602085054
1760555387447811000,60.22181103515625,-0.014061258578300475,0.016974479143880308,-0.023513105398695916
1760555387457817300,60.2318173828125,-0.011560089412331581,0.02146700479015708,-0.02049028697879985
1760555387467822300,60.241822265625,0.027478958556056022,-0.013340689218789338,0.0034695758067071437
1760555387477828400,60.251828369140625,0.018785949012637138,-0.014631898073107004,-0.02166521250968799
1760555387487834000,60.261834228515625,0.006607435441017151,0.04192903378885239,0.0011799487658776342
1760555387497839000,60.27183911132813,-0.004846270987391471,0.07124171057809144,0.023723040088638663
1760555387507845000,60.28184521484375,0.018274492359161378,0.016280468997731803,0.024991342991404233
1760555387517850000,60.29185009765625,0.03510813826024532,-0.018351247389800845,-0.007060841764323413
1760555387527856000,60.30185620117187,0.043269232884049415,-0.03276639743968844,-0.0029202348282560704
1760555387537861000,60.311861083984375,0.026458383336663244,-0.009722206460684538,-0.028813988285791126
1760555387547867400,60.32186743164063,0.018172201028466225,0.013084120641835032,-0.0012237331086769698
1760555387557872400,60.33187231445312,0.03502104449868202,-0.017968349019438026,0.00904673661822453
1760555387567878100,60.34187817382813,0.008926818299293518,0.038633426309563214,-0.002643755974434316
1760555387577883100,60.351883056640624,-0.04100596412718296,0.12019856064449995,-0.009013163142185658
1760555387587889200,60.36188916015625,-0.006117021575570106,0.06539481118079274,-0.014172518666740507
1760555387597894100,60.37189404296875,-0.0006903203517198563,0.03973601725660264,-0.00831223006490618
1760555387607900200,60.38190014648438,0.018818682238459585,0.0032986031539738174,-0.013611030592769384
1760555387617905200,60.3919052734375,0.038758477461338044,-0.022901092713885008,0.012095109604485333
1760555387627911200,60.4019111328125,0.03732113813459873,-0.0204909628322348,0.0220595455895178
1760555387637917200,60.41191723632812,0.004902385088801383,-0.006263846167735755,0.016656809763144702
1760555387647922200,60.421922119140625,0.019581483304500578,0.019253493459150194,0.035972408673074094
1760555387657928200,60.43192822265625,0.0415793801009655,0.03325549613088369,0.030320100266113877
1760555387667933200,60.44193310546875,0.007472527837753295,0.03409965533744544,0.024308310896996407
1760555387677939200,60.45193920898438,0.008960136047005653,0.03225669435188174,0.03053920464320108
1760555387687944200,60.46194409179687,0.03977788363695144,-0.01024926254209131,0.00860279224300757
1760555387697950200,60.4719501953125,0.01541734936237335,-0.01341360832452774,-0.01872331383889541
1760555387707955200,60.481955078125,0.030563480567932125,-0.035937794017419214,-0.014898640984203666
1760555387717961200,60.491961181640626,0.0717518155246973,-0.0592262420810759,0.03245051815724
1760555387727966200,60.50196630859375,0.02317337031662464,-0.008086458485014736,-0.012216671891231089
1760555387737972200,60.51197216796875,-0.004325461983680725,0.03883589007910341,-0.013130188273265958
1760555387747977200,60.521977294921875,0.0465682744294405,0.013264372579567134,0.028725086159631607
1760555387757983200,60.531983154296874,0.020565818166732787,0.027786818928830323,0.017093137087486682
1760555387767988200,60.54198828125,-0.021052140378952026,0.06111570908948779,0.003588361614476889
1760555387777994200,60.551994140625,-0.0016705635607242584,0.09477233336716889,-0.005040186124294996
1760555387788000000,60.562,-0.021025252372026442,0.08780647640991955,-0.035259438098128884
1760555387798005000,60.5720048828125,-0.013435820156335829,0.04719312832951546,-0.033070750681124625
1760555387808011300,60.58201123046875,0.029738720181584355,-0.00676229720916599,0.006370083021186292
1760555387818016300,60.592016357421876,0.04736439324319362,-0.03236596341263503,-0.0038040319254621863
1760555387828022300,60.602022216796875,0.04214519729018211,-0.06217997732013464,-0.014026698721572755
1760555387838027300,60.61202734375,0.07251637015640736,-0.08061488440539688,0.016899952602945266
1760555387848033300,60.622033203125,0.06263736569881438,-0.008596709562093019,0.035090967929735775
1760555387858038300,60.632038330078124,-0.038085108244419096,0.0909486834257841,-0.00009306684462353587
1760555387868044000,60.6420439453125,-0.03784837687909603,0.09631612874306737,0.0008255823702551424
1760555387878049000,60.652049072265626,0.010278232908248901,0.051552894441597163,-0.0038771519606001672
1760555387888055000,60.662054931640625,0.010236731854081154,0.025374460557475685,-0.01577149656228721
1760555387898060000,60.67206005859375,0.017787585625052452,0.015565817922353743,-0.00003846884686499834
1760555387908066300,60.68206640625,0.011983283260464668,0.038352527008950706,0.029800606436654924
1760555387918071300,60.6920712890625,-0.03976853128671646,0.09734094174616038,0.008737871598452329
1760555387928077300,60.702077392578126,-0.027796938464045524,0.12033906509373336,-0.017826986053679137
1760555387938082300,60.71208227539063,0.02681026551425457,0.014164134430885314,0.0034419754137285053
1760555387948088000,60.72208813476563,0.05751636942327022,-0.03553100331481546,-0.020121471932716666
1760555387958094000,60.73209399414063,0.04336041829884052,-0.0642367637194693,-0.01614460419099778
1760555387968099000,60.74209912109375,0.04878478143513203,-0.027484876840189097,0.029687209190055727
1760555387978105300,60.75210522460937,0.03850421043932438,0.014301862401142715,0.000779167678952217
1760555387988110300,60.7621103515625,0.018382044386863708,-0.005153437240421771,-0.03611651158519089
1760555387998116400,60.77211645507813,0.024129648128151892,-0.009082629915513098,-0.020117142817471175
1760555388008121300,60.78212133789062,0.027034721919894217,0.004495813581906259,-0.008142828314751386
1760555388018127000,60.79212719726563,0.0030067806005477904,0.06021236704159528,-0.01952058343011886
1760555388028132000,60.802132080078124,-0.008048866420984268,0.07316131699644028,0.0046552967262454325
1760555388038138000,60.81213818359375,0.024140754044055936,0.027895649598166344,0.0461173157915473
1760555388048143000,60.82214306640625,0.06118658236861228,-0.048262401528842744,0.04361459398930892
1760555388058149000,60.83214916992188,0.11537293058633803,-0.16392076146043835,0.018876732568629085
1760555388068154000,60.84215405273437,0.19523732541799543,-0.2895543892983347,-0.023527225255593656
1760555388078160400,60.85216040039062,0.13077917403280734,-0.20224537754915653,-0.04517026246609166
1760555388088165400,60.862165283203126,0.01976443865597248,-0.03573167698606849,-0.03776195897096768
1760555388098171100,60.872171142578125,0.013934417328238486,0.03664725746102631,-0.015105908793024718
1760555388108176100,60.88217602539063,-0.006381225469708442,0.025614772119373082,-0.03481021475959569
1760555388118182100,60.89218212890625,0.0045639469146728515,0.004713219192251563,-0.03457638773741201
1760555388128188200,60.90218823242188,0.03177811705470085,0.022935214179195463,0.002198277229256928
1760555388138193200,60.91219311523437,0.025340777483582495,0.033390411089546976,0.006899294527061283
1760555388148199400,60.922199462890624,-0.019251812958717345,0.05264693675599992,-0.03826749734031036
1760555388158204400,60.93220434570313,0.01711363188624382,0.008623597569018602,-0.03886305208066478
1760555388168210200,60.942210205078126,0.07657236754894256,-0.07107464691549539,-0.035631011356879023
1760555388178215200,60.95221508789062,0.044456396842002865,-0.0704793113708496,-0.02729034064877778
1760555388188221200,60.96222119140625,0.0021036942809820173,0.05673961289711296,0.034618582911323754
1760555388198226200,60.97222607421875,-0.022926117557287216,0.11129760743882507,0.041432738171890374
1760555388208232200,60.982232177734375,-0.04154547783136368,0.0969022215353325,0.036858342928439376
1760555388218237200,60.9922373046875,0.006686345896124839,0.06442585655078291,0.04501346446918324
1760555388228243200,61.0022431640625,0.039998832911252974,0.014214184117689727,-0.00025271438574418423
1760555388238248200,61.012248291015624,0.05942015721797943,-0.08667122530229389,-0.006838705179933458
1760555388248254200,61.02225415039062,0.07870937957763671,-0.06593469021115451,-0.01950352269746363
1760555388258259200,61.03225927734375,0.053451604202389716,-0.04506999869570136,-0.023990458853170273
1760555388268265200,61.04226513671875,0.04166238220930099,-0.048935186223872,-0.021062734838202594
1760555388278270200,61.05227026367187,0.03450140453875065,-0.01623615493196994,-0.0069120992097072296
1760555388288276200,61.06227612304688,0.015816577813029288,0.01345269822590053,0.0317109701026231
1760555388298282200,61.0722822265625,0.01687222434580326,0.01565963368564844,0.028920353003405033
1760555388308287200,61.082287353515625,0.05233458287119865,-0.02004110017288476,0.04648660576166585
1760555388318293000,61.09229296875,0.02825578814744949,-0.014404555590637027,0.04036786715304479
1760555388328298000,61.10229809570313,0.041593993148207664,-0.020279913897439838,-0.00758678360087797
1760555388338304500,61.11230444335938,0.05388590396642685,-0.012543291763402522,-0.013695768000464886
1760555388348309500,61.1223095703125,0.02696925546824932,0.0033236279973760247,-0.01959828830882907
1760555388358315500,61.1323154296875,-0.014971943682432173,0.08938468551207333,0.011633903567213564
1760555388368320500,61.14232055664063,-0.014155366602540015,0.121664578076452,0.01724644621936604
1760555388378326500,61.152326416015626,-0.06288169584870339,0.11949651332236826,0.010772117372415959
1760555388388331800,61.16233178710937,-0.012578911066055297,0.044120333288051185,0.002412358371354639
1760555388398337500,61.17233764648437,0.023942601123452187,0.04521572730932384,0.015592559798806905
1760555388408342500,61.182342529296875,-0.022886370068788527,0.07118979772776365,-0.004731339370831847
1760555388418348500,61.1923486328125,-0.017083236747980117,0.0797353981571272,-0.0005496332393959164
1760555388428353500,61.202353515625,0.034790742874145505,0.05444949266593903,0.03223479304732755
1760555388438359600,61.21235961914063,0.02052431711256504,0.03193228470310568,0.016425266029592604
1760555388448364500,61.22236450195312,0.0304775558501482,0.0450243694556877,0.027712968241330235
1760555388458370600,61.23237060546875,0.005687982508540153,0.07816760085113346,0.006650142071582377
1760555388468376600,61.24237646484375,-0.026446692898869514,0.08972345247976482,-0.026348675884492693
1760555388478381600,61.252381591796876,-0.023584873726963995,0.0919370368760079,-0.03879378623673692
1760555388488387600,61.2623876953125,0.027902736926078794,0.03268405291847885,0.015986947677563874
1760555388498392600,61.272392578125,0.045298692885041236,-0.008874393992312253,0.01089694932848215
1760555388508398600,61.28239868164062,0.04221767800450325,-0.04020816481299698,-0.0032696327878162265
1760555388518403600,61.292403564453124,0.03434825980365276,-0.049596061285398896,0.005997103256639093
1760555388528409600,61.30240966796875,0.032625673794746395,-0.01826532267201692,0.001186360240355134
1760555388538414600,61.31241455078125,0.015811901637911796,0.006015132103674113,-0.009603183190897107
1760555388548420400,61.32242041015625,0.015602058279514311,0.0001835398733615875,0.004597721320111305
1760555388558425300,61.33242529296875,0.024375147321820258,0.005655833804607391,0.007663958756625652
1760555388568431600,61.342431640625,0.013415361890196799,-0.010986929166875778,0.004794650398008525
1760555388578436600,61.3524365234375,0.034468086791038514,-0.04251001201458275,0.013003657550457863
1760555388588442600,61.362442626953126,0.053307811817526814,-0.0415523824961856,0.0011604220815002917
1760555388598447600,61.37244750976563,0.06708207014799118,-0.0771653284734115,0.013683803568035363
1760555388608453600,61.38245361328125,0.041053310400247574,-0.06078381025400013,0.022432854147627947
1760555388618458600,61.392458740234375,0.0370218629270792,-0.008821823554858565,0.0045720388895832
1760555388628464400,61.40246435546875,0.006049217036366463,0.009665069445967674,-0.008996376404166222
1760555388638469400,61.412469482421876,0.01576338632106781,0.045594241765514014,0.007415336024109273
1760555388648475600,61.4224755859375,-0.015697335347533224,0.05855334778819233,-0.0013730236525647341
1760555388658481700,61.43248168945313,-0.022039397850632667,0.09806026899665593,-0.013347666948847472
1760555388668486700,61.44248657226562,-0.01762684210538864,0.08160692765004933,0.011910985209234058
1760555388678492700,61.45249267578125,0.028808745855093,0.008047806975059212,0.008301745203509927
1760555388688497700,61.46249755859375,0.003867196822166443,0.037547055844962596,0.0020741941918618976
1760555388698503400,61.47250341796875,-0.00704056616127491,0.052744734574668106,0.007945369513891637
1760555388708508400,61.48250830078125,-0.0030178865164518353,0.07929415719565004,0.03956637804443017
1760555388718514400,61.49251440429688,-0.013370353704690932,0.1045239485854283,0.005413786943349987
1760555388728519400,61.50251953125,-0.00007832593321800231,0.04017170526012778,-0.03632491190517321
1760555388738525700,61.51252563476562,0.003629296413064003,0.025800869276002048,-0.049388976139668375
1760555388748530700,61.52253076171875,-0.008694763109087943,0.05411843408066779,-0.00948392245909199
1760555388758536700,61.53253662109375,0.00021685762107372282,0.05782346261106431,0.008012936591077595
1760555388768541700,61.54254174804687,0.019332476979494095,0.04932780227065086,0.013861114630009979
1760555388778547500,61.55254736328125,0.0788970111042261,-0.10094459226131439,-0.012441018699016421
1760555388788552400,61.562552490234374,0.11561901430189608,-0.15754578306842595,0.004485858443472534
1760555388798558500,61.57255834960937,0.07515431744456291,-0.07684384143408388,-0.01644462831718847
1760555388808563500,61.5825634765625,0.02166939549446106,-0.01470565742906183,-0.004032488652784377
1760555388818569500,61.59256958007813,0.022940146082639692,0.022305501440912485,0.005367993306554853
1760555388828574500,61.60257446289062,0.0038473230779170987,0.03550597847141325,-0.00006616057138890028
1760555388838580700,61.61258081054687,-0.0005985504150390625,0.052880416718311604,-0.00896349704787135
1760555388848585700,61.622585693359376,-0.005197568643093109,0.07632697795312851,0.004721073705144226
1760555388858591500,61.632591552734375,0.014446458503603935,0.021931188235804436,0.0036748343215323984
1760555388868597500,61.642597412109374,0.05958966856598854,-0.06115669868700206,-0.01618424208164215
1760555388878602500,61.6526025390625,0.07993512198030948,-0.13707578995898365,-0.006603215923625975
1760555388888608500,61.6626083984375,0.10435644653141497,-0.1550677755823359,0.011096472222264855
1760555388898613500,61.672613525390624,0.08093173180222511,-0.09276000716406851,0.011247936456929892
1760555388908619500,61.68261962890625,0.02622983527779579,-0.027253113910928366,-0.0029749058912508187
1760555388918624500,61.69262451171875,0.033759061738848684,0.02244779598843306,0.019534885950107127
1760555388928630500,61.702630615234376,0.00879646991789341,0.050195744211599225,-0.008239712817966937
1760555388938635500,61.71263549804687,-0.03533785536289215,0.07321195120513439,-0.03674231533333659
1760555388948641500,61.7226416015625,-0.028616438153386114,0.056258368718810375,-0.017171663950104266
1760555388958646500,61.732646484375,-0.0018394903868436813,0.044535124634020026,-0.02637686079936102
1760555388968652500,61.742652587890625,0.01910509796440601,0.00963763344977051,-0.006760890703368932
1760555388978657500,61.75265747070313,0.042024785780906675,-0.044690424793586134,0.018486345011554658
1760555388988663600,61.76266357421875,0.073973583227396,-0.12464425147436559,0.03535643219919875
1760555388998668500,61.77266845703125,0.08396832301914692,-0.13486969474945218,0.005562511231657117
1760555389008674600,61.78267456054687,0.02046761848926544,-0.023266491960175335,-0.011293182104453443
1760555389018679600,61.792679443359376,-0.017632687324285506,0.09592245325036346,0.02293269342854619
1760555389028685600,61.802685546875,0.012361468923091888,0.05901270892824977,-0.01327319520683959
1760555389038690600,61.81269067382812,0.01617079807817936,0.0008897884465754031,-0.03391735757309943
1760555389048696600,61.82269653320313,0.0284819981187582,0.00888396553825587,0.016470237682480363
1760555389058701600,61.83270166015625,0.004568038567900657,0.04338807349074632,0.000988883173186332
1760555389068707600,61.84270751953125,-0.01890343791246414,0.06438822795413435,0.0062271856854669745
1760555389078713300,61.85271337890625,0.0049205052673816675,0.012706665631569922,0.007094433506671339
1760555389088718600,61.86271850585938,0.06993979766666888,-0.08840604973826557,0.00477179924538359
1760555389098724600,61.872724609375,0.05750701707303524,-0.12356986370850354,-0.027847243879176673
1760555389108729600,61.8827294921875,0.057495326635241505,-0.08713515301961451,-0.021711024412792174
1760555389118735600,61.89273559570312,0.05462240154743194,-0.02295348048824817,0.0355306014560163
1760555389128740600,61.90274072265625,0.013714052575826644,0.030186390883848068,0.016030275362636893
1760555389138746600,61.91274658203125,-0.03169686851203441,0.09654255791008472,0.005839136215951293
1760555389148751600,61.92275170898437,0.006688099461793899,0.030310236459225415,0.004274791242368519
1760555389158757400,61.93275732421875,0.08104805165827274,-0.07848634794410318,0.004678951596468687
1760555389168762400,61.94276245117187,0.1059545293778181,-0.17980620325859634,-0.0234326605736278
1760555389178768600,61.9527685546875,0.10229366878271103,-0.17117456851359455,0.01305310444906354
1760555389188773600,61.96277368164063,0.06496551638543606,-0.05042177151981741,0.0030531404929235576
1760555389198779600,61.972779541015626,-0.002590601015090942,0.03386679642964154,-0.04443495219517499
1760555389208784600,61.98278466796875,-0.0448994644343853,0.07065492366608232,-0.00511177178947255
1760555389218790700,61.99279077148437,-0.0005938742399215698,0.0868447552382946,0.015352449166309087
1760555389228795600,62.002795654296875,-0.007619827353954315,0.07621003704257309,0.0100865097284317
1760555389238801400,62.012801513671874,-0.012422259199619293,0.048585459470748896,-0.0021638269703835246
1760555389248806400,62.02280639648438,-0.00769932233095169,0.0468424151957035,0.025611758178379386
1760555389258812400,62.0328125,-0.022454992914199827,0.09242587983887642,-0.0025956059837713838
1760555389268817400,62.0428173828125,-0.04308510848879814,0.12275843772776424,0.0008546258016489445
1760555389278823700,62.05282373046875,-0.0007470189750194549,0.06257884044460951,-0.0043929194630123675
1760555389288828700,62.06282861328125,0.005982581540942192,0.055110696521028874,-0.006295739143341779
1760555389298834700,62.072834716796876,-0.02292494851350784,0.06909527313392609,-0.030797179725952445
1760555389308840400,62.08284033203125,-0.02028817026913166,0.07984795515350997,-0.0035997049923986195
1760555389318845400,62.09284545898438,0.01885784520506859,0.03984678415469825,-0.0034552184877917167
1760555389328851500,62.1028515625,0.0043003275424242015,0.02367057924903929,-0.024184538386855272
1760555389338856700,62.112856689453125,0.031330957809090614,-0.007802636574953794,-0.007119805409945547
1760555389348863000,62.122863037109376,0.06421966645419597,-0.034703941373527045,0.0027089849640615283
1760555389358868000,62.13286791992188,0.030254268488287925,-0.03701236444637179,-0.004269822806306183
1760555389368873700,62.14287377929688,0.03221475490629673,-0.030642865947075187,0.004419277746975422
1760555389378878700,62.15287866210937,0.06097264735698699,-0.055111792499572036,0.016861776017025112
1760555389388884700,62.162884765625,0.054608957543969154,-0.07094926697015762,-0.010404690565820782
1760555389398889700,62.1728896484375,0.04944412212669849,-0.05751808645632118,0.00900832257028669
1760555389408895700,62.182895751953126,0.04622106842696667,-0.03718132780510932,0.025821382341068237
1760555389418900700,62.19290063476563,0.034520109239220616,-0.01875854954905808,-0.006456701858714223
1760555389428906800,62.20290673828125,0.06309387729465961,-0.09648151190523058,-0.007570252591185271
1760555389438911700,62.212911865234375,0.08672200564146042,-0.0912139467658475,0.0369928560283035
1760555389448917800,62.222917724609374,0.06040683016777038,-0.056722077240422365,0.014564751121029257
1760555389458922800,62.2329228515625,0.0243558580994606,-0.012972221232578157,0.007114362049847841
1760555389468928800,62.2429287109375,0.0068231240183115,0.034708909809589385,0.006647347326297313
1760555389478933800,62.25293383789062,-0.0062111295998096465,0.03681636695023626,-0.0039491942835040384
1760555389488939800,62.26293969726562,-0.017915011397004126,0.04844290919490158,-0.023781711473315953
1760555389498944800,62.27294482421875,-0.009911737683415413,0.05363181960750371,-0.008925156065169722
1760555389508950800,62.28295068359375,-0.0007347440153360367,0.07680555525030941,0.026012667129468172
1760555389518956800,62.292956787109375,-0.027485388296842574,0.09445738566648214,0.017271251867059616
1760555389528961800,62.3029619140625,0.005587444743514061,0.05923146624546498,0.010655724451132118
1760555389538967800,62.3129677734375,0.034464579659700394,0.024052308575622735,0.017376575405057517
1760555389548972800,62.322972900390624,-0.0006944120049476623,0.03008008096516132,-0.018059607499465346
1760555389558978800,62.33297875976562,0.004376899909973145,0.03930803763549775,-0.005112064050417393
1760555389568983800,62.34298388671875,0.02768821739256382,0.027986433154158292,0.0034904359316453334
1760555389578989800,62.35298974609375,-0.0016448445975780486,0.03677537735272199,-0.011797058239672331
1760555389588994800,62.36299487304687,0.03801262753009796,-0.03728055039588362,0.00044924160484224553
1760555389599000600,62.37300048828125,0.06675298432409763,-0.047494412831030786,0.024047194009087978
1760555389609005600,62.383005615234374,0.02323474511504173,-0.03231200473569333,0.016495719183608887
1760555389619011800,62.39301171875,0.0365904857724905,-0.009613960313238202,0.03261005610050633
1760555389629016800,62.40301684570313,0.07226736383140087,-0.07945471805222332,0.016743337269127367
1760555389639022800,62.41302294921875,0.08944996930062771,-0.13176624884139745,0.003938325829617679
1760555389649027800,62.42302783203125,0.04961889417171478,-0.10789419220350682,-0.01255774041386321
1760555389659033900,62.433033935546874,-0.006868716725707054,0.043847471163421865,0.056393685536272824
1760555389669038800,62.443038818359376,0.02027297269999981,0.04756115792430937,0.06322621670374647
1760555389679044600,62.453044677734376,0.002229366487264633,0.03747472126111388,0.031977548616938294
1760555389689049600,62.46304956054688,0.029207974305748938,-0.030464915564283726,0.01785520750116557
1760555389699055600,62.4730556640625,0.05033434896469116,-0.015410335099697112,0.024373704283405094
1760555389709060600,62.483060546875,-0.019680267503857613,0.08130860229060054,-0.050731202795170245
1760555389719067000,62.49306689453125,-0.05262567477226257,0.13238430767450482,-0.0591377966126427
1760555389729071900,62.50307177734375,-0.032467852884531016,0.14807419036794453,-0.03547273378893733
1760555389739078000,62.51307788085938,-0.01710369501411915,0.10781955606471746,-0.03542701321737841
1760555389749083000,62.52308276367187,0.005739420434832573,0.049231356158852574,-0.02752701721517369
1760555389759088600,62.53308862304687,0.04623392790853977,0.012732567257806658,-0.014126469301618635
1760555389769094700,62.5430947265625,0.013248773151636122,0.02871544154845178,0.0021919388200156388
1760555389779099600,62.553099609375,0.029182839864492414,0.00421984618473798,0.012134455234184861
1760555389789106000,62.56310595703125,0.043020811080932614,-0.024854309140890835,0.025388616946991533
1760555389799111000,62.57311083984375,-0.0008960720568895339,0.02042304869517684,-0.004044471351522952
1760555389809117000,62.58311694335937,-0.01101765309870243,0.048539136110991234,-0.009328366571199148
1760555389819122000,62.593121826171874,0.0032446810096502304,0.0621878683656454,-0.023072211497090756
1760555389829127700,62.60312768554687,-0.011376549538969993,0.05029799900967628,-0.025322237179894
1760555389839132700,62.613132568359376,0.009469254612922667,0.02872468430083245,-0.015605912470724433
1760555389849138700,62.623138671875,0.04351590112149715,-0.02655468331798911,-0.030785361423995343
1760555389859143700,62.63314379882812,0.07010697092711925,-0.07169920855462551,0.009052143445704132
1760555389869149700,62.64314965820312,0.07201368133127689,-0.07394088653419166,0.024238844123668966
1760555389879154700,62.65315478515625,0.04026245228350162,-0.03860843799877912,0.008145915320981294
1760555389889161000,62.663160888671875,0.02107318316698074,0.025142478432506322,0.0005444638739340007
1760555389899166000,62.673166015625,0.009655717095732689,0.03765409641601145,-0.0016558409156277774
1760555389909171700,62.68317163085938,0.010987842482328414,0.015705153327807784,-0.0367575677013956
1760555389919176700,62.6931767578125,0.017555530434846877,0.008386281681805849,-0.03254024226730689
1760555389929182700,62.7031826171875,0.042832010510563845,-0.008559628954716026,-0.022647026621270924
1760555389939187700,62.713187744140626,0.04373685039579868,-0.03724752490911633,0.0016104126050136983
1760555389949193700,62.72319384765625,0.04539280090928077,-0.03645856648851186,0.00623761574793607
1760555389959198700,62.73319873046875,0.039103345376253124,-0.000944368178024888,0.04511398396790027
1760555389969205000,62.743205078125,0.007360299634933471,0.038252939091995355,0.00784547106968239
1760555389979210000,62.7532099609375,-0.006260813960433006,0.043980267230235036,-0.01242932826122269
1760555389989215700,62.7632158203125,0.03339548912346363,-0.02801766854263842,0.007718045297730714
1760555389999220700,62.773220703125,0.06587327888011932,-0.04370521314851939,0.022629417899344115
1760555390009226800,62.78322680664063,0.035978491353988645,-0.05459427143149077,-0.0179421733985655
1760555390019232800,62.793232666015626,0.030194062733650207,-0.03781396315284073,-0.02179347853185609
1760555390029237800,62.80323779296875,0.055845221340656274,-0.05057078806906938,0.01477472234359011
1760555390039243800,62.81324389648437,0.04770283141732216,-0.022214425623975693,-0.0008936974367126822
1760555390049248800,62.823248779296875,0.029247721794247627,-0.053758039803057905,-0.020683069604542106
1760555390059254800,62.8332548828125,0.023198504757881162,-0.005290982547588646,-0.005500734574440867
1760555390069259800,62.843259765625,0.019537059640884397,0.033301015773043036,0.0010897131991572677
1760555390079265800,62.85326586914063,0.02020575268268585,0.02163604121413082,-0.01832972967773676
1760555390089270800,62.863270751953124,0.004870820906758308,0.001667787081748247,-0.01198647986454889
1760555390099276800,62.87327685546875,0.02350654779374599,-0.004828114276193082,-0.02202774394545704
1760555390109281800,62.88328173828125,0.031364860078692436,0.0031907223327085374,-0.013239804393891245
1760555390119287800,62.89328784179688,0.005371171644330024,0.0224433390090242,-0.0012292312677018343
1760555390129292800,62.90329272460937,-0.017204817301034927,0.07297996908016502,0.012966686540935187
1760555390139298600,62.91329858398438,-0.03756429924070835,0.11380418343227355,0.00409819256644696
1760555390149303600,62.923303466796874,-0.025921207720041275,0.0936246977020055,-0.003704699736833572
1760555390159309800,62.933309814453125,0.014016250392794609,0.010671689205244183,0.009629888534732163
1760555390169314800,62.94331469726563,0.06355097341239452,-0.05675378755293786,-0.010265190763585268
1760555390179320800,62.95332080078125,0.08526070091724396,-0.08113576647434383,-0.010288754302263258
1760555390189325800,62.963325927734374,0.03037643356323242,-0.0046843949565663935,0.0028343831757083535
1760555390199331800,62.97333178710937,0.03982990608513355,-0.05841697152480483,0.028758897097688165
1760555390209336800,62.9833369140625,0.06695639794170856,-0.04169723432697355,-0.0004033931691199541
1760555390219342600,62.993342529296875,0.01645604476034641,0.023110497680865226,-0.045988355649635194
1760555390229347600,63.00334765625,0.02833528312444687,-0.00505655273720622,-0.0009621778293512761
1760555390239353900,63.01335375976562,0.08813713313639164,-0.0842618260730058,-0.01831873335968703
1760555390249358800,63.02335888671875,0.047560792598128315,-0.07474022021833807,-0.028749800475779918
1760555390259364900,63.03336474609375,0.017289572975039483,-0.02792929613944143,-0.019939959619659928
1760555390269369900,63.04336987304688,0.02534019296169281,-0.008249138233438133,-0.026720851931441574
1760555390279376000,63.0533759765625,-0.003717559218406677,0.02060344676338136,-0.004625431310944259
1760555390289381600,63.063381591796876,0.005200491252541542,0.04351988317687064,0.0011905980240553616
1760555390299386600,63.07338671875,0.03058686144351959,0.0028546587787568567,0.017646514920238405
1760555390309392600,63.083392578125,0.0009165303230285644,0.019576003411784768,-0.015282836262509225
1760555390319397600,63.093397705078125,0.014611878198385237,0.016958112530969082,-0.003172620420437306
1760555390329404000,63.10340380859375,0.039512510699033734,0.008210285794083028,0.012450955571141092
1760555390339408600,63.11340869140625,-0.01564706646502018,0.06621122386390343,0.006734185359533876
1760555390349414700,63.12341455078125,-0.03166004363298416,0.10694408840443938,0.03290407061101869
1760555390359419600,63.13341967773437,0.011713234147429466,0.0856698479737155,0.02984886602517217
1760555390369425400,63.14342529296875,-0.01567278542816639,0.06531190040400252,-0.009026899406593292
1760555390379430700,63.1534306640625,-0.020357143852114675,0.05801284770332277,0.000047693332936614746
1760555390389436400,63.1634365234375,0.022819734573364257,0.034034956070780754,0.028339301712438463
1760555390399441400,63.17344140625,0.004527706557512283,0.03431687828470021,-0.001333550158701837
1760555390409447700,63.18344775390625,-0.020824176841974257,0.025784941054508088,0.003245064602140337
1760555390419452700,63.19345263671875,0.0549684385061264,0.009164645643159747,0.007889639004971832
1760555390429458700,63.203458740234375,0.011377718582749366,0.027738194014132023,-0.02673460646215826
1760555390439463700,63.21346362304688,-0.0034808278530836104,0.03085910251364112,-0.03296182868024334
1760555390449469400,63.223469482421876,0.03717383861839771,-0.006173172209598124,-0.019322777569387106
1760555390459474700,63.233474609375,0.021007716715335845,-0.007119440083764493,-0.037677696487307545
1760555390469480400,63.24348046875,0.03269347833395004,-0.0683729502087459,-0.035957211103942247
1760555390479485400,63.2534853515625,0.07460486686825751,-0.08291077679023146,0.01719909994630143
1760555390489491500,63.263491455078125,0.03933364700078964,-0.05083780497480184,-0.007359221922699361
1760555390499496400,63.27349633789063,0.0021159692406654356,0.022908216574415562,-0.017958558277785776
1760555390509502700,63.28350268554688,0.02696750190258026,0.02970032439995557,0.03398673301488161
1760555390519507700,63.2935078125,0.04045417546331882,0.009891169819422065,0.019396957050450143
1760555390529513500,63.30351342773437,0.007713935378193855,0.019390417711809275,-0.018669830085989086
1760555390539518700,63.31351879882813,0.01355389357805252,0.02290934908557683,0.004784092471376061
1760555390549524500,63.3235244140625,0.013396657189726829,0.0397161069797352,-0.006649886343255639
1760555390559529500,63.33352954101562,0.00832066909968853,0.025708916676230726,-0.0217044485415332
1760555390569535500,63.34353540039063,0.009808861830830573,0.025373437644168734,-0.010598569170106202
1760555390579540500,63.35354052734375,0.019054829081892967,0.04751512682549655,-0.004043192709889263
1760555390589546800,63.363546630859375,-0.004167641073465347,0.06857110312934965,-0.0008300393496640026
1760555390599552500,63.373552490234374,-0.00033668460845947266,0.056884574325755236,0.00010605419036000967
1760555390609557500,63.3835576171875,0.006767594438791275,0.07494213599860668,0.014851221645902841
1760555390619563500,63.3935634765625,0.024798341169953345,0.013705832736752927,0.02463615461187437
1760555390629568500,63.40356860351562,0.03458966734409332,-0.017204525040090082,0.016529712784755974
1760555390639574500,63.41357446289062,0.0038099136769771573,0.05512753805797547,0.0185274624732323
1760555390649579500,63.42357958984375,0.002358545824885368,0.08349325285330414,0.006570135637931526
1760555390659585500,63.43358544921875,-0.0026671733826398847,0.04163794188778847,-0.023437007955182342
1760555390669590500,63.44359057617187,0.03689502167701721,-0.02168959803227335,-0.045602845197077836
1760555390679596500,63.45359643554688,0.030364158603549,-0.0044270226620137685,-0.005970069119241088
1760555390689601500,63.4636015625,-0.0077484221696853635,0.03718461574073881,-0.011297566018626094
1760555390699607600,63.473607666015624,-0.005018120422959327,0.06799914846029133,-0.001377809425536543
1760555390709612500,63.48361254882813,0.01118541088104248,0.032572518835403026,-0.006131689421739429
1760555390719618600,63.49361865234375,0.0314490312308073,-0.015012969812564551,-0.015984700921550393
1760555390729623600,63.50362353515625,0.030938159099221228,-0.051917489970289166,-0.0017585158388130366
1760555390739629600,63.51362963867187,0.08867255518734454,-0.10608107836693524,0.005345123887620866
1760555390749634600,63.523634521484375,0.07264262688457965,-0.08432575815469026,-0.00015159209882840513
1760555390759640600,63.533640625,0.015010522127151489,0.017111330331303177,-0.010871413028426468
1760555390769645600,63.5436455078125,0.014384499183297157,0.023002543794363735,-0.0037036402909085154
1760555390779651600,63.55365161132813,0.02874035679399967,-0.0111632721144706,-0.014721804846264421
1760555390789656600,63.56365649414062,0.04370294812619686,-0.00416698348633945,-0.038145514928456394
1760555390799662600,63.57366259765625,0.0199029703438282,0.008788725002855062,-0.007703176522161811
1760555390809667600,63.58366748046875,0.038301381343603134,-0.009329042424634098,-0.0020908895983360706
1760555390819673600,63.593673583984376,0.01825637218058109,-0.0200440593149513,-0.004973587161488831
1760555390829678600,63.6036787109375,0.028442250630259513,-0.03916263781543821,0.00033927842434495684
1760555390839684600,63.6136845703125,0.02200958723425865,-0.009143237528949976,0.007462316970992833
1760555390849689600,63.623689697265625,-0.009577391162514687,0.049923466608859594,0.006942092489171773
1760555390859695600,63.633695556640625,-0.011260229682922363,0.08182298155352473,0.007008673185668886
1760555390869700600,63.64370068359375,0.004993570503592491,0.06049640814736485,0.04001622243747115
1760555390879706600,63.65370654296875,0.019012158983945846,0.03244783300980925,0.0378096888365224
1760555390889711600,63.663711669921874,0.039021512311697,-0.03713376233633607,0.007467687265854329
1760555390899717600,63.67371752929687,0.03299450710713863,0.016016593897156418,0.0015585728199221194
1760555390909723600,63.6837236328125,-0.0037041152149438856,0.0244807265881449,-0.008991481033340095
1760555390919728600,63.69372875976563,0.02753565717935562,-0.013389423731341957,-0.003688369656540453
1760555390929734400,63.703734375,0.029318448942899703,-0.03468863420654088,0.013514730611443518
1760555390939739400,63.71373950195313,0.048774260041117665,-0.06296509981583803,0.009877378756087274
1760555390949745700,63.72374560546875,0.051480011868476866,-0.04657682306207716,-0.013974986800644545
1760555390959750700,63.733750732421875,0.01660334427654743,0.030394699872285127,-0.017333887040801344
1760555390969756700,63.743756591796874,-0.004233692046999931,0.06113540017064661,-0.01037314465008676
1760555390979761700,63.75376171875,-0.0005313303977251052,0.042675723970308894,-0.002718556510005146
1760555390989767400,63.763767333984376,0.013947861331701278,0.009022789487056433,-0.008504172440432011
1760555390999772700,63.77377270507812,0.04399053289592266,-0.02252608538903296,0.010948569917865096
1760555391009778400,63.7837783203125,0.046077860563993454,-0.040435361164994535,-0.00038165626134723424
1760555391019783400,63.793783447265625,0.024837504136562345,-0.004560732044279575,-0.0007816336306743323
1760555391029789700,63.803789794921876,0.0745224492818117,-0.05991594137828797,0.023400438804458825
1760555391039794700,63.81379467773438,0.059739306169748305,-0.05102898016534745,0.0031427184725180265
1760555391049800700,63.82380078125,0.025954525467753408,-0.016259608872793613,0.024391276472713795
1760555391059805700,63.8338056640625,0.04259703271090984,-0.021448190491832792,0.0275409178763628
1760555391069811500,63.8438115234375,0.048935003560781475,-0.03137092449329793,0.008812891329731792
1760555391079816700,63.85381665039063,0.01532324133813381,-0.027475889816135166,-0.028479532167036085
1760555391089822500,63.863822509765626,0.03124094143807888,-0.013367613758333027,-0.010563534389343113
1760555391099827500,63.87382739257812,0.056632572326064105,-0.05706475319825113,-0.016372896521538494
1760555391109833500,63.88383349609375,0.04134790943264961,-0.06999755573589354,-0.020082564694434403
1760555391119838500,63.89383837890625,0.05224398197829723,-0.0646971477728337,-0.003983644542377442
1760555391129844700,63.9038447265625,0.04639291786253452,-0.032236418748833234,-0.008840509989019482
1760555391139849700,63.913849609375,-0.012754852154850959,0.046666875965707004,-0.0032093539679422974
1760555391149855500,63.92385546875,-0.011650690305233,0.08001669931653886,0.034900176331680265
1760555391159860700,63.93386083984375,-0.0027805706292390823,0.07490900091398507,0.019318430187832563
1760555391169866500,63.94386645507812,-0.028941432324051854,0.09594408056028186,-0.022762031303066758
1760555391179871500,63.95387158203125,-0.00485854594707489,0.07286328389793634,-0.006949198083393275
1760555391189877500,63.96387744140625,0.0014238953232765196,0.03824709387309849,-0.012267799290269613
1760555391199882500,63.97388256835937,0.006508651241660118,0.03307634017169475,-0.029774558679945766
1760555391209888500,63.98388842773438,0.03386427567899227,-0.007254391575045883,0.014967998159676789
1760555391219893800,63.993893798828125,0.039675592306256294,-0.007798179595544933,0.031572127887513485
1760555391229899500,64.0038994140625,0.016151508855819702,0.024478571163676677,0.01590557127073407
1760555391239904800,64.01390478515626,-0.0066582888454198835,0.0780868637651205,-0.001081201099138707
1760555391249910500,64.02391064453126,-0.001939443629980087,0.08551584472209214,-0.0015499145894311368
1760555391259915500,64.03391552734375,0.007281389179825782,0.02475680358316749,-0.021799871740024537
1760555391269921500,64.04392163085937,0.0380412691026926,-0.030033867203257975,-0.015944843835197387
1760555391279927600,64.05392749023437,0.03483049036264419,-0.0009983999202027916,0.024668376381043345
1760555391289932500,64.0639326171875,0.006792728880047798,0.005235818294249474,-0.000344173795171082
1760555391299938600,64.0739384765625,0.026350246787071225,-0.01385923320017755,-0.013698197419568896
1760555391309943600,64.08394360351562,0.03394435517787933,-0.027456637126393613,-0.004326119570806622
1760555391319949600,64.09394946289062,0.036466567131876945,-0.044301060149818654,0.020029793327581136
1760555391329954600,64.10395458984375,0.0514262358546257,-0.03537011366467923,0.006120583505835384
1760555391339960300,64.11396020507813,0.04379413354098797,-0.04088211855180561,0.0004570413188077509
1760555391349965300,64.12396533203125,0.05682371098399162,-0.04105557542257011,0.0008340031387284398
1760555391359971600,64.1339716796875,0.03455284246504307,-0.013271313777007162,-0.014415314446669072
1760555391369976600,64.1439765625,0.042052842831611634,-0.009898951267078519,-0.007536861778236925
1760555391379982600,64.15398266601562,0.017526304340362547,-0.0020563114752992985,0.018388364529795944
1760555391389987600,64.16398754882813,0.01932838532626629,0.020071860637329516,0.029167185637634246
1760555391399993300,64.17399340820313,0.02080605666339397,0.020289302780292926,0.006042074909526855
1760555391409998300,64.18399829101563,0.03423895421028137,0.04462280291747302,0.02797574736336246
1760555391420004400,64.19400439453125,0.011752397114038467,0.04016476406268775,-0.0000782894005998969
1760555391430009300,64.20400927734374,-0.017634440889954566,0.04814659312944859,-0.0243268146680668
1760555391440015400,64.21401538085938,0.00279635272026062,0.05426127661745995,-0.007926007226295769
1760555391450020400,64.22402026367187,0.009458148697018623,0.04328859517164528,-0.0016347798612900077
1760555391460026600,64.23402661132812,0.015212766700983047,0.02345116434469819,-0.0024547544746659693
1760555391470031600,64.24403149414063,0.0272445652782917,0.02615403009522706,0.013205208004545419
1760555391480037400,64.25403735351563,-0.003526420560479164,0.038442104988545174,0.014485840665921568
1760555391490042400,64.26404248046875,0.021539631634950637,-0.019846892775036394,-0.029587036751210688
1760555391500048400,64.27404833984374,0.009782558345794678,-0.008015585205890238,-0.01728186459261924
1760555391510053400,64.28405346679688,0.03662789517343044,0.007382036542706191,0.0013921850107610225
1760555391520059400,64.29405932617188,0.002586509361863136,0.022739801204949617,-0.007140848197974265
1760555391530064400,64.304064453125,0.0285690918803215,-0.016275354431197046,0.01398905185861513
1760555391540070400,64.3140703125,0.07403612706959248,-0.10552150825541466,0.005467471625655889
1760555391550075400,64.32407543945313,0.054880175700783726,-0.09693816963154822,0.01218286095317453
1760555391560081400,64.33408129882812,0.030185879427194594,-0.03475771738737821,0.0037839937844313678
1760555391570086400,64.34408642578126,0.03825988028943538,-0.015139518801681696,0.022827680417802185
1760555391580092400,64.35409252929688,0.02137479646205902,-0.0357999564493075,0.02009841985069215
1760555391590097400,64.36409741210937,0.0466898549824953,-0.06377820629701018,0.01506959537062794
1760555391600103400,64.374103515625,0.05794657753407955,-0.0578031139427796,0.03505056285411119
1760555391610108400,64.3841083984375,0.04138941048681736,-0.0304458455376327,0.03346895621847361
1760555391620114400,64.39411450195313,0.02422024902105331,-0.01831745471805334,0.031035609858017413
1760555391630119400,64.40411938476562,0.05104921923577785,-0.027902627328224478,0.03440448350291699
1760555391640125400,64.41412548828124,0.046181320938467975,-0.04122779018431902,0.0014488836340606213
1760555391650130400,64.42413037109375,0.04984802675247192,-0.04219327421560883,-0.045006979929469525
1760555391660136400,64.43413647460937,0.021649521750211714,-0.008566789347864687,-0.048358116988278924
1760555391670141400,64.44414135742187,0.00048632221221923825,0.017259031706303357,-0.047967327572405336
1760555391680147500,64.4541474609375,0.033494857844710346,0.004688121283613145,-0.028198888594750313
1760555391690152400,64.46415234375,0.0292313551813364,-0.016678418806754053,0.019974884802568704
1760555391700158500,64.47415844726562,0.017934300619363783,-0.02022383632864803,0.04618415221637115
1760555391710164200,64.48416430664062,0.03968552917838097,-0.0037783129623159763,0.05899614138593897
1760555391720169200,64.49416918945313,0.019075871869921684,0.0035028935544192787,0.045907234971132124
1760555391730175500,64.50417553710938,0.0110363577991724,0.0019280454531311988,0.04070835115378722
1760555391740180500,64.51418041992187,0.003423544707894325,0.02265807773824781,0.016287227532081304
1760555391750186500,64.5241865234375,0.012874094620347023,0.039208668914251024,-0.008634228560887277
1760555391760191500,64.53419140625,0.005126841494441032,0.05705708134844899,-0.04868382354499772
1760555391770197500,64.54419750976562,0.0009533552020788192,0.022401837954856455,-0.028277287593204525
1760555391780202500,64.55420239257812,0.05198737686872482,-0.025856252725049853,0.01893273707218468
1760555391790208300,64.56420825195312,0.056499301335215565,-0.04423829711191356,0.028165826575364917
1760555391800213200,64.57421313476563,0.014601941326260566,0.019174363808333872,0.004188099339604377
1760555391810219500,64.58421948242187,0.00006312836408615112,0.07040420030802488,-0.007566690660919993
1760555391820224500,64.594224609375,0.002755436187982559,0.0526386803843081,-0.033116854845173654
1760555391830230500,64.60423046875,0.00008241758644580841,0.014464761345274746,-0.04842456982061267
1760555391840235500,64.61423559570312,0.06445172164440155,-0.06068097093403339,-0.018090842887945473
1760555391850241500,64.62424145507812,0.05119242709875107,-0.07984930686037987,-0.015982709893863647
1760555391860246500,64.63424658203125,0.017287234887480733,-0.05587773537077009,-0.01828830168880522
1760555391870252300,64.64425219726563,0.02689560571014881,-0.03075480188895017,0.010722926202137023
1760555391880257300,64.65425732421875,0.0126963999658823,0.07706917462255805,0.01960511990841478
1760555391890263300,64.66426318359375,-0.005406827479600906,0.06364449691474437,0.00011800035648047923
1760555391900268300,64.67426831054688,-0.010051438415050505,0.0639383287621662,-0.011298844660259783
1760555391910274600,64.68427465820312,0.009700725281238555,0.04070303565785289,-0.0613716566119343
1760555391920279600,64.69427954101562,0.0022287819653749466,0.02071921863015741,-0.055154754858464
1760555391930285600,64.70428564453125,-0.008873626807332039,0.06585705839768052,-0.023481577749270944
1760555391940290600,64.71429052734375,-0.018360417076945305,0.09492080192714929,-0.013181352204922586
1760555391950296300,64.72429638671875,-0.03472176929116249,0.08413845542166382,0.017891593988798558
1760555391960301300,64.73430126953124,0.009793664261698722,0.020503091661445795,-0.0018745434339158236
1760555391970307300,64.74430737304688,0.03183949185311794,0.00932210122719407,0.020339845657441763
1760555391980312300,64.75431225585938,-0.009097498691082,0.04693436779547482,-0.017310944556631146
1760555391990318300,64.764318359375,-0.011290624821186064,0.04513955680057406,-0.03558326322501525
1760555392000323300,64.7743232421875,0.015384031614661215,0.052162002783268685,-0.059189252805244175
1760555392010329600,64.78432958984375,0.008714636853337288,0.04272869626656174,-0.059224579846952105
1760555392020334600,64.79433447265625,0.004589665877819061,0.04824753275327384,-0.07341706358948721
1760555392030340400,64.80434033203124,0.015123919373750686,0.038566571618430315,-0.06812743274876848
1760555392040345300,64.81434545898438,0.025082418808341025,0.014333864974603056,-0.0504588521271944
1760555392050351400,64.82435131835938,0.02099135010242462,0.00794701348170638,-0.07541430182131006
1760555392060356400,64.8343564453125,0.008538695764541625,0.02083871682398021,-0.09397617802079766
1760555392070362400,64.8443623046875,0.011632570126652716,0.020636289587058126,-0.015445990934967993
1760555392080367400,64.85436743164063,0.03116904524564743,0.009572641922160983,0.026510204855445772
1760555392090373600,64.86437353515625,0.024389760369062423,0.012015687692724167,0.03618241642825305
1760555392100378600,64.87437866210938,0.07854746701419353,-0.09528057515025139,0.02144163288688287
1760555392110384400,64.88438427734376,0.11761691012084484,-0.1623177832432091,0.02792491222526878
1760555392120389400,64.89438940429687,0.0691641371190548,-0.1179468361949548,0.03399842345267534
1760555392130395400,64.9043955078125,0.04674070838689804,-0.03158759945128113,0.02742536520529538
1760555392140400400,64.914400390625,0.014150690427422523,0.031028285068087278,-0.003711056412383914
1760555392150406400,64.92440649414063,0.008967150309681891,0.020276114505156873,-0.059050648052152245
1760555392160411400,64.93441137695312,0.024451135167479515,-0.027537447277642783,-0.08558772264821454
1760555392170417400,64.94441748046874,0.03499415649175644,0.0006801642838865518,-0.07775458133714273
1760555392180422400,64.95442236328125,0.0016916063487529753,0.04157722467649728,-0.051057146813906724
1760555392190428400,64.96442846679687,0.004437690186500549,0.053816163198463614,-0.05891054546171799
1760555392200434400,64.97443432617187,-0.013331775259971618,0.05959675589390099,-0.009277896759286522
1760555392210439400,64.984439453125,0.02094517287313938,0.025462431101873517,0.0872609896226786
1760555392220444400,64.9944443359375,0.08318973986208439,-0.045726087984256446,0.11073675868567079
1760555392230450400,65.00445043945312,0.051178983095288275,-0.03635291415695101,0.06615258901184425
1760555392240456400,65.01445654296874,0.01884381667971611,-0.002740238618850708,0.03815576232783496
1760555392250461400,65.02446142578125,0.036463060000538824,0.019316037301346657,0.04803418226353824
1760555392260467500,65.03446752929688,0.00592296030819416,0.04873743516206741,-0.011193082730844616
1760555392270472400,65.04447241210937,0.0005278232663869858,0.01049249671343714,-0.06376638799505308
1760555392280478500,65.054478515625,0.03658230246603489,-0.021592932724766433,-0.031129717882256953
1760555392290483500,65.0644833984375,0.01564355933368206,0.008569383163750171,-0.037208818600233645
1760555392300489500,65.07448950195312,-0.020277064353227615,0.048591304689645766,-0.05409443215057254
1760555392310494500,65.08449438476562,-0.003384381741285324,0.049401634691841896,0.01833555663032457
1760555392320500500,65.09450048828126,0.06155892281234264,-0.04476707022637129,0.07199441037522629
1760555392330505500,65.10450537109375,0.09765139593482017,-0.11994232086110859,0.07130377949625254
1760555392340511700,65.11451171875,0.05638298147916793,-0.09427366313003004,0.05637572975447401
1760555392350516700,65.12451684570313,0.03666062839925289,-0.04497384484484791,0.05101089651938528
1760555392360522800,65.13452270507813,0.0301420402854681,0.0021323723861947654,-0.008569456228986382
1760555392370527700,65.14452783203124,0.014792495462298392,0.009477218723669648,-0.032299254851974546
1760555392380533800,65.15453369140624,0.040887890705466265,-0.01409552617408335,-0.023413206954486666
1760555392390538800,65.16453881835938,0.04217033173143864,-0.013071809149533509,-0.04818215763317421
1760555392400544800,65.17454467773437,0.003945522755384445,0.01849047319740057,-0.04706541029661893
1760555392410549800,65.1845498046875,0.02686637961566448,0.029910971475951374,0.03703229298954829
1760555392420555500,65.19455541992187,0.023313071048259734,0.03217749163582921,0.030347444930765775
1760555392430560500,65.204560546875,-0.012724457016587257,0.03561513793431222,-0.0072655340235680335
1760555392440566800,65.21456689453125,0.0064151277393102646,0.035025538010708984,0.04210786095447838
1760555392450571800,65.22457177734375,0.03857961376309395,0.01291384210884571,0.0318044388060458
1760555392460577800,65.23457788085938,-0.001974514943361282,0.0023409005703404545,0.0006064962594769895
1760555392470582800,65.24458276367187,0.021786884394288063,0.0098738533584401,0.011587543674837797
1760555392480588800,65.2545888671875,0.04422083452045917,-0.00786762810256332,0.02431506943134591
1760555392490593800,65.26459375,0.019842180067300794,-0.02185742887984961,0.002068933494854718
1760555392500599600,65.274599609375,0.04662848018407821,-0.03221881002690643,0.0003235876648686826
1760555392510604500,65.2846044921875,0.05232406147718429,-0.050181277294829484,0.02818467740630731
1760555392520610800,65.29461083984376,0.013607085070014,-0.013107501517422496,-0.048046110163349656
1760555392530615800,65.30461572265625,-0.008517068454623222,0.02363682310990989,-0.04261131696458906
1760555392540621800,65.31462182617187,0.03263911779820919,0.011575031253136693,0.03446207717536017
1760555392550626800,65.32462670898437,0.07145020222961902,-0.06650887336991727,0.03957109075216576
1760555392560632800,65.3346328125,0.06331891822218895,-0.10309588854368776,-0.02729432270415127
1760555392570637800,65.34463793945312,0.06774491797089577,-0.07329612235724925,-0.038859344019927085
1760555392580643600,65.3546435546875,0.007084405303001404,0.017751381800509988,-0.0322942498832941
1760555392590648600,65.36464868164063,-0.018420622831583022,0.0564266379578039,-0.05212691320357844
1760555392600654600,65.37465454101563,0.0031792145580053326,0.050002778922766444,-0.03966666008112952
1760555392610659600,65.38465966796875,0.0017278467059135437,0.042209421632811425,0.0058144949650391934
1760555392620665900,65.39466577148437,-0.0067681789606809616,0.04936575966086238,0.005664126708917319
1760555392630670800,65.4046708984375,-0.01589841087758541,0.06527016188781708,0.00893114741453901
1760555392640676900,65.4146767578125,0.025119828209280968,0.015951017847657203,-0.016873429922200738
1760555392650681900,65.42468188476562,0.024572131198644636,-0.05966726384684443,-0.020822825135104358
1760555392660687600,65.4346875,0.06681845077574253,-0.07719119356703012,-0.011198927949741483
1760555392670692600,65.44469262695313,0.05129588747322559,-0.03993106490466743,-0.001141717381030321
1760555392680698600,65.45469873046875,-0.03290273717045784,0.05532547178287059,-0.0015763824712485073
1760555392690703600,65.46470361328124,-0.0063911623418331145,0.05379164981171489,0.010384944685734808
1760555392700710000,65.4747099609375,0.047963528180122374,-0.004506956030428409,0.00382701094225049
1760555392710715000,65.48471484375,0.01941021839082241,0.006836860282719135,0.008388692834600807
1760555392720720600,65.494720703125,0.018204934254288672,0.0196113304534927,0.0353155887321569
1760555392730726000,65.50472583007813,0.018816928672790525,0.033791612301580606,0.02045364476284012
1760555392740731600,65.51473168945313,0.010454173997044562,0.0005400251608341932,-0.037763109748437995
1760555392750736600,65.52473657226562,0.032009003201127054,-0.01657181662712246,-0.013513598100282251
1760555392760742700,65.53474267578125,0.04326631027460098,-0.01730604918580502,0.0019201726739294827
1760555392770747600,65.54474755859376,0.046314591929316515,-0.05851944551859051,-0.007915193571336568
1760555392780753700,65.55475366210938,0.06328033977746964,-0.06253635300975292,0.005792082203831523
1760555392790758700,65.56475854492187,0.06485971792340278,-0.04166450110115111,0.0016409538737498222
1760555392800764700,65.5747646484375,-0.00031038112342357635,0.015097323627769946,-0.01297554570082575
1760555392810770000,65.58477001953125,0.014388006314635276,0.06203512548934668,0.013569529538601636
1760555392820775700,65.59477563476563,0.014887188008427619,0.04232384179271757,0.004011865989863872
1760555392830780700,65.60478076171874,-0.00824175864458084,-0.00017959435060620308,-0.012815368436742573
1760555392840786700,65.61478662109376,0.027859482306241988,-0.007321100135706365,0.007259122549090534
1760555392850791700,65.62479174804687,0.048995209315419196,-0.008252261772286147,0.018301563029177487
1760555392860797700,65.63479760742187,-0.007836684975028037,0.02511876876335591,0.00954264864269644
1760555392870802700,65.644802734375,-0.006632569882273674,0.032581907718256115,0.008420622342824936
1760555392880808700,65.65480859375,0.030504443857073783,0.021720559426117687,-0.014061587371863424
1760555392890813700,65.66481372070312,0.018120178580284117,-0.012918664414435625,-0.0033317565049044784
1760555392900819700,65.67481982421874,0.04176175093054771,-0.023003603240288793,0.012961626773327588
1760555392910824700,65.68482470703125,0.012296586993336677,0.0165271920341067,0.01181621959786862
1760555392920830700,65.69483081054688,-0.0023497779965400696,0.00811632390031591,-0.0008381861235015094
1760555392930835700,65.70483569335937,0.023971242696046828,0.022228399350401013,0.011197649308107793
1760555392940841700,65.714841796875,0.04584405180811882,-0.023263934676907957,0.011613792360946536
1760555392950846700,65.7248466796875,0.025070728370547295,-0.04538114700410515,0.015581837475392966
1760555392960852700,65.73485278320312,0.016089549535512924,0.00446578376982361,0.01738130637910217
1760555392970858800,65.74485864257812,0.027479543077945708,0.0032092809027060866,0.01741283402852714
1760555392980863700,65.75486376953126,0.019430092135071752,-0.011505728876590729,-0.031278460436873136
1760555392990869800,65.76486987304688,0.046236265996098515,-0.034635680176597086,-0.017434936262480914
1760555393000874800,65.77487475585937,0.030091771402955055,0.014301862401142715,-0.00145900316927582
1760555393010880800,65.784880859375,0.000025134441256523132,0.050584706996567544,-0.011565715435519814
1760555393020885800,65.7948857421875,-0.017820903372764586,0.0719981915012002,0.023246271156053988
1760555393030891800,65.80489184570312,-0.007415829214453697,0.0754604059853591,0.0465510493000038
1760555393040896800,65.81489672851562,-0.016316344028711318,0.06553655773904174,0.02372214503949508
1760555393050902500,65.82490258789062,-0.010711948150396347,0.0412374530618079,-0.018195983762852846
1760555393060907500,65.83490747070313,0.012393033105134963,0.034372773190401495,-0.02990806713281199
1760555393070913800,65.84491381835937,0.018611761489510534,0.01886765421302989,-0.03218006718540564
1760555393080918800,65.85491870117187,0.016148586246371267,-0.0014551855106838046,-0.03299556655306369
1760555393090924800,65.8649248046875,0.007381342422962189,0.029238606906030324,0.004573883786797523
1760555393100929800,65.8749296875,0.03108662765920162,-0.0039188904767856,0.006591872545704245
1760555393110935800,65.88493579101562,0.022481296399235726,0.015001388972625136,-0.021300598714686928
1760555393120940800,65.89494091796875,-0.010227379503846168,0.020197770305629817,-0.03807615775298327
1760555393130946600,65.90494653320313,0.015258359408378601,0.025951383662596344,-0.03204896988533437
1760555393140951600,65.91495166015625,0.018601824617385864,0.034257549312897026,-0.016370394037198276
1760555393150957600,65.92495751953125,0.0011269582033157349,0.04688504876103252,-0.026282186519540843
1760555393160962800,65.934962890625,0.013578443497419357,0.018390739149972794,-0.008867270131781697
1760555393170968800,65.94496875,-0.006121113228797912,0.03478402087241411,-0.02888524515740573
1760555393180973800,65.95497387695312,0.020718378379940984,0.010093670121580361,-0.03899055091785267
1760555393190979800,65.96497973632812,0.0725707306921482,-0.051892538192123173,0.0024327253059484065
1760555393200984800,65.97498486328125,0.07222294016778469,-0.07859200027566403,-0.008491696551349013
1760555393210990600,65.98499047851563,0.041348493954539295,-0.03627002164646983,-0.006587013707496226
1760555393220995600,65.99499560546874,0.01630874524414539,0.03997998208031058,-0.032967125909868625
1760555393231001600,66.00500170898438,0.0018991116195917128,0.030393932687304913,-0.042442444937396795
1760555393241006600,66.01500659179688,0.01879354779720306,-0.005846534071117639,-0.06477885297322646
1760555393251012900,66.02501293945312,0.005753448960185051,0.0036918402552604673,-0.044539106689393516
1760555393261017900,66.03501782226563,0.034741643035411836,0.016216463850811123,0.0017858970360830424
1760555393271023900,66.04502392578125,-0.004660977548360824,0.07059080892130733,-0.03084406934129074
1760555393281028900,66.05502880859375,-0.02358428920507431,0.08666468596365302,-0.009018496904429048
1760555393291034600,66.06503466796875,0.007004325804114342,0.03191584502495825,0.007665876719076186
1760555393301039600,66.07503955078126,0.028640403550863263,0.01997033649161458,0.0157737798509188
1760555393311045600,66.08504565429688,0.07259820322096347,-0.09417213898431509,0.029664376303739845
1760555393321050600,66.09505053710937,0.12911562473475932,-0.17568199946805835,0.05863437713515013
1760555393331056600,66.105056640625,0.07476619490981101,-0.047257060411199925,0.052263344265893096
1760555393341061400,66.11506127929688,-0.04200783464610577,0.07077858657836913,0.016986005184892565
1760555393351067400,66.1250673828125,-0.01575461849272251,0.09216865367479622,-0.0021419439321383833
1760555393361072400,66.135072265625,0.02818739908635616,0.02162687152698636,-0.05022851397003978
1760555393371078400,66.14507836914062,0.004936871880292892,0.03193962775934488,-0.061320602278131985
1760555393381083400,66.15508349609375,-0.0005611410140991211,0.060528191525116556,-0.008978384089749306
1760555393391089400,66.16508935546875,-0.01430500420629978,0.09599299773592501,0.010151574321277439
1760555393401094400,66.17509448242187,-0.029115035325288773,0.09966543917097151,-0.011561879510618746
1760555393411100400,66.18510034179687,0.021461305701732634,-0.007379954183474182,0.04064885778520256
1760555393421105400,66.19510546875,0.1358387955099344,-0.16729359889440237,0.054297553507238625
1760555393431111400,66.205111328125,0.07952595665752887,-0.1303785573426634,0.008148344740085304
1760555393441116400,66.21511645507813,0.04668342524170875,-0.07263736618757248,0.00025176453767344355
1760555393451122400,66.22512231445313,0.049748073509335515,-0.03459481844324618,0.024648612234648315
1760555393461127400,66.23512744140625,-0.011333879441022873,0.04108871050719171,-0.03348400765713304
1760555393471133400,66.24513354492187,-0.028002105647325515,0.0474877638945356,-0.034567382447049017
1760555393481138400,66.25513842773438,0.02415361352562904,0.026350758243724702,-0.0017039178410544992
1760555393491144400,66.26514453125,0.03205634947419166,-0.003970766794495284,-0.045122916193027045
1760555393501149400,66.2751494140625,-0.000007598784565925598,0.0026475188340991736,-0.03832408636575565
1760555393511155500,66.28515551757812,0.04333119220435619,-0.003575958790630102,-0.007821615270059555
1760555393521160400,66.29516040039063,0.024002222356200215,0.011601846194826066,-0.03472580614546314
1760555393531166200,66.30516625976563,-0.00011865794360637664,-0.009683189624547959,-0.028315610309597103
1760555393541171200,66.31517114257812,0.07784019552767277,-0.049364444486610586,0.017655374080128967
1760555393551177500,66.32517749023438,0.08195698319673538,-0.11216547631453722,0.009185195240844041
1760555393561182500,66.33518237304688,0.12919395066797731,-0.2025489270729944,0.030049174370244142
1760555393571188500,66.3451884765625,0.12063128950595856,-0.16005119001809506,0.04506923151072115
1760555393581193500,66.355193359375,0.024237200155854222,-0.03016538462843746,0.05390530278664082
1760555393591199500,66.36519946289063,-0.011299392649531365,0.0322760201068595,0.06853495410373434
1760555393601204500,66.37520458984375,0.03813537712693214,0.00649381899870932,0.08546268976274878
1760555393611210200,66.38521020507812,0.018310148194432257,0.0005265811573714017,0.01685671624941751
1760555393621215200,66.39521533203126,0.003098550537228584,-0.019249913262575864,0.023356782325822858
1760555393631221200,66.40522119140626,0.04142331275641918,-0.012687266811355949,0.037699378596153105
1760555393641226200,66.41522631835937,0.011387655454874038,0.007997757288254796,0.036470567453559484
1760555393651232500,66.425232421875,0.03130231623649597,-0.02305219162236899,0.020522344351187348
1760555393661237500,66.43523754882813,0.042941900625824925,-0.005147153630107641,0.049027065758407117
1760555393671243500,66.44524340820313,-0.03158990100622177,0.09271339154336601,-0.012270393106155096
1760555393681248500,66.45524853515624,-0.06456570341289043,0.1483143557993695,-0.06249273306373507
1760555393691254300,66.46525415039062,-0.029494390031695364,0.14535894005987793,-0.09046603274168447
1760555393701259300,66.47525927734375,-0.01934709002673626,0.11033614199552684,-0.1334526127594523
1760555393711265300,66.48526538085937,-0.03659107029438018,0.06116290923207998,-0.13551484251888468
1760555393721270300,66.49527026367187,0.042483050942420955,0.023882249238342045,-0.03452020057076588
1760555393731276500,66.50527661132813,0.02162497183084488,0.02566200879458338,0.021210509278438983
1760555393741281500,66.51528149414062,0.011083704072237015,-0.007043159977160394,0.03865583907077089
1760555393751287600,66.52528759765624,0.05813011740744114,-0.010224858753196895,0.03541143205575645
1760555393761292500,66.53529248046875,0.052123570469021795,-0.018921302362717687,-0.016485818844102322
1760555393771298300,66.54529833984375,-0.0007259761869907379,-0.0228652542155236,-0.04139624208640307
1760555393781303300,66.55530322265625,0.015675123515725135,0.017107896265201268,-0.009777553377114235
1760555393791309300,66.56530932617187,0.03615384792089462,-0.008445464523136615,-0.01115543586788699
1760555393801314300,66.57531420898438,0.011743044763803482,-0.035240678598731756,0.012585505203623323
1760555393811320300,66.5853203125,0.06546235999166965,-0.045163449132815,0.01387240320900455
1760555393821325300,66.5953251953125,0.090221538195014,-0.11985504443645477,0.0011701397579163312
1760555393831331600,66.60533154296876,0.0669634122043848,-0.1342010017076507,-0.02295503312451765
1760555393841336600,66.61533666992187,0.0528466240465641,-0.0811598049370572,-0.03371041855784133
1760555393851342300,66.62534228515625,0.026637831556797026,-0.016036906032823026,-0.018370536612160503
1760555393861347300,66.63534741210937,0.005636544582247734,0.006338043915107846,0.01872473861100152
1760555393871353300,66.64535327148438,0.034007483541965484,0.008715184842608869,0.03315475743645802
1760555393881358300,66.6553583984375,0.03187923934161663,-0.019654183214530347,0.015804412451200185
1760555393891364400,66.6653642578125,0.05878419740200042,-0.060567208361253136,0.007600428533740341
1760555393901369300,66.67536938476563,0.09367255543172359,-0.0863574101127684,-0.011064177387859671
1760555393911375600,66.68537573242187,0.06485679531395434,-0.13129768148157744,-0.01867545610917732
1760555393921380600,66.69538061523437,0.06908464214205741,-0.09099405693747102,0.0015491474044509231
1760555393931386400,66.70538647460937,0.009103343909978866,0.06143767105285078,-0.010391611888539045
1760555393941391400,66.71539135742188,-0.06643032824099064,0.12291706235557794,-0.04234534123847261
1760555393951397400,66.7253974609375,0.010046177718043326,0.04768865676149726,-0.016035663923807442
1760555393961402400,66.73540234375,0.05782499698102474,-0.03312876447867602,0.002532185358740389
1760555393971408400,66.74540844726563,0.06724748984277248,-0.15345738124363123,-0.061683425974845885
1760555393981413400,66.75541333007813,0.09868132350444793,-0.19285132533060387,-0.009850874341651796
1760555393991419400,66.76541943359375,0.14850772294700146,-0.1764395581034012,0.014395020577311514
1760555394001424400,66.77542431640624,0.04634323350191116,-0.06029536914993077,-0.016810155427642165
1760555394011430400,66.78543041992188,-0.039548751056194306,0.05196034273132682,-0.02710029796939343
1760555394021435400,66.79543530273438,-0.006548398730158805,0.06900805150819941,0.022824648210499433
1760555394031441400,66.80544140625,-0.0015039748221635817,0.0340608942296356,0.010087496109120547
1760555394041446400,66.8154462890625,0.029895956569910048,-0.06553157103667036,-0.03564058290282264
1760555394051452400,66.82545239257813,0.04404430890977382,-0.05283544506542384,0.02623299534926191
1760555394061457400,66.83545751953125,0.03557926290333271,-0.02174865300944075,0.03637510772245005
1760555394071463400,66.84546337890625,-0.0540098226070404,0.10373305393606423,0.03389207700137049
1760555394081468400,66.85546850585938,-0.05283668717443943,0.13335004743412135,0.028700554506573824
1760555394091474200,66.86547412109375,-0.028500118297338485,0.12549443856291473,0.02400825023818761
1760555394101479200,66.87547924804687,-0.025716040536761284,0.09389997097942977,0.00970899991923943
1760555394111485400,66.8854853515625,-0.05319324552714824,0.12056551252705976,-0.02076068315170705
1760555394121490400,66.89549047851563,-0.050072483158111566,0.16608895407868549,0.03656443801578134
1760555394131496400,66.90549633789063,-0.056710898259282105,0.20695706237144768,0.025900091866776345
1760555394141501400,66.91550146484374,-0.05407938071191311,0.19742692615045235,-0.05350183655228465
1760555394151507500,66.92550756835938,-0.03127425918579101,0.13910777071062475,-0.024212029181979594
1760555394161512400,66.93551245117187,0.022789339435100555,0.06270971854897216,-0.022379169465322046
1760555394171518200,66.94551831054687,0.03426116604208946,-0.001600183471944183,-0.05099047478586435
1760555394181523200,66.95552319335937,0.03616086218357086,-0.045957540386263276,-0.02716340806717053
1760555394191529500,66.96552954101563,0.08591887256503104,-0.07958428098233417,0.028069015137385574
1760555394201534500,66.97553442382812,0.08352525542676448,-0.10271660690251737,0.0042814767114818094
1760555394211540500,66.98554052734374,0.04735504089295864,-0.11590742105552926,-0.041569498027767986
1760555394221545500,66.99554541015625,0.05348609099388122,-0.052238739547599104,-0.006642378890234977
1760555394231551500,67.00555151367188,0.038543373405933376,-0.007507343422807753,0.022765593233332035
1760555394241556500,67.01555639648437,0.009418401208519936,-0.03352083253618329,-0.015743841370381415
1760555394251562200,67.02556225585937,0.02768821739256382,-0.014553133748471735,-0.005491163028497248
1760555394261567200,67.03556713867188,0.02710603359043598,0.020800120112951844,0.015380360086541622
1760555394271573200,67.0455732421875,-0.011295885518193244,0.04105742031978443,-0.010012019720114767
1760555394281578200,67.055578125,0.0494961445748806,-0.049287470260262485,-0.018064375006128102
1760555394291584500,67.06558447265625,0.07152092937827109,-0.07587311497209594,0.017087602395843712
1760555394301589500,67.07558959960937,0.008569675424695014,0.017522888540569694,0.0032592027253471314
1760555394311595500,67.08559545898437,-0.02120528511404991,0.07603022349625825,0.023969288200978187
1760555394321600500,67.0956005859375,-0.017354454904794692,0.08785908337999135,0.026208335832040755
1760555394331606300,67.10560620117188,-0.030400983482599255,0.09812445680666715,-0.015109616853762418
1760555394341611500,67.11561157226562,-0.023877134671807288,0.09226321835676207,-0.011067794117052108
1760555394351617500,67.12561743164062,0.012232874107360838,0.08995141601674259,0.028309217101428655
1760555394361622500,67.13562255859375,-0.005960369709134101,0.08330742969131097,0.022766451749857513
1760555394371628800,67.14562890625,0.018624036449193953,-0.013750913987495004,0.007739471678249538
1760555394381633800,67.1556337890625,0.018940262791514395,0.028362956582661716,0.020331552753131834
1760555394391639800,67.16563989257813,0.0056423898011446,0.0633517610458657,-0.008044993963465094
1760555394401644800,67.17564477539062,-0.016636662024259567,0.06738669738406315,-0.006955554758943617
1760555394411650600,67.18565063476562,0.03201660198569298,0.02620534015735611,0.029295086333621292
1760555394421655600,67.19565551757813,0.11825813063383102,-0.16061945489272475,0.056276068772282445
1760555394431661600,67.20566162109375,0.11819558679163455,-0.18964175216695292,0.03284865062935278
1760555394441666600,67.21566650390625,0.05738017582297325,-0.06338681409293785,0.006187492995895445
1760555394451672600,67.22567260742187,-0.003301379632949829,0.029053916255198417,0.006274422360677272
1760555394461677600,67.23567749023438,-0.010690320840477942,0.02828852137327194,0.01946167458342388
1760555394471683800,67.24568383789062,0.07070084516704082,-0.1027673872416839,-0.028734730770811436
1760555394481688800,67.25568872070312,0.08777356052100659,-0.13556584205375982,-0.010599756480194627
1760555394491694600,67.26569458007812,0.08240180435478686,-0.09980864703394472,0.03846829887572676
1760555394501699600,67.27569946289063,0.06373860493898391,-0.1029558590184897,0.03461580643234774
1760555394511705600,67.28570556640625,0.05271043044626712,-0.09658438775781542,0.033309345209971065
1760555394521710600,67.29571069335938,0.07699906852841377,-0.08168397494163364,0.046803252229094504
1760555394531716600,67.30571655273438,0.02696399477124214,-0.04422883516382426,-0.032735052453354
1760555394541721600,67.3157216796875,-0.004237783700227737,0.003118460814096033,-0.016885065561067312
1760555394551727900,67.32572778320312,0.013595979154109953,0.041187823500111694,0.018545052928850055
1760555394561732900,67.33573291015625,-0.020475217273831368,0.06073027170216665,0.0031373116450384257
1760555394571738600,67.34573852539063,-0.021632570615410802,0.04296628614841029,-0.01799160203086212
1760555394581743600,67.35574365234375,0.03387947324812412,0.008538695764541625,0.004084328437875956
1760555394591749600,67.36574951171875,0.02685293561220169,0.012481423774641006,0.016230821169726548
1760555394601754600,67.37575463867188,-0.014603694891929626,0.08116955914609134,0.012057316611055285
1760555394611760600,67.3857607421875,0.017824995025992392,0.0701886030622758,0.001042640920728445
1760555394621765600,67.395765625,0.001903203272819519,0.049347676014900206,0.01825507527263835
1760555394631771600,67.40577172851563,-0.011908464458584785,0.06724011025391519,-0.01075626221615821
1760555394641776600,67.41577661132813,0.008102642434835433,0.03403373222807422,-0.023590280554443597
1760555394651782700,67.42578271484375,0.04965571905076503,-0.02265794987408444,-0.012315894482005386
1760555394661787600,67.43578759765624,0.06023848786354065,-0.028445502033270894,0.0069826984941959375
1760555394671793700,67.44579370117188,0.03986030122339725,-0.02197758466079831,0.016436700739059597
1760555394681798700,67.45579858398438,0.04671498942375183,-0.04950465667489916,0.01641149323256686
1760555394691804700,67.4658046875,0.03187982386350632,-0.03361731518059969,0.05048393176952377
1760555394701809700,67.4758095703125,0.07437573428750038,-0.10806180385537445,0.04901535705430433
1760555394711815700,67.48581567382813,0.04982581492066383,-0.0726466637388803,0.044346159666869785
1760555394721820700,67.49582055664062,0.00803308432996273,0.02389125452870503,0.04598165191421285
1760555394731826400,67.50582641601562,0.003658522507548332,0.029000012377183883,0.005265263584442436
1760555394741831700,67.51583178710938,0.016250293055176734,-0.004441836638655513,-0.09165091341100633
1760555394751837700,67.52583764648438,0.007895721685886382,-0.00815879306886345,-0.09080916535723954
1760555394761842700,67.5358427734375,0.01673193909227848,0.04018396195350215,-0.05859225502647459
1760555394771848700,67.5458486328125,-0.004029109385609626,0.07432190347472205,-0.04175013355799019
1760555394781853700,67.55585375976563,-0.026287118422985076,0.043142994422186165,-0.0515504467561841
1760555394791859700,67.56585961914062,0.0040963294029235835,0.06846685730358586,-0.024462496811710296
1760555394801864700,67.57586474609376,0.01965980923771858,0.07741161311836912,0.000787862442061305
1760555394811870500,67.58587036132812,0.02204407402575016,0.013643014899920671,0.016512852981500327
1760555394821875500,67.59587548828125,-0.015861585998535155,0.06304340748274699,0.02868121048528701
1760555394831881700,67.6058818359375,-0.0015758710145950317,0.09191055072788148,0.04380746794659644
1760555394841886700,67.61588671875,0.0062777650952339165,0.07602361109238118,0.002779036259278655
1760555394851892700,67.62589282226563,-0.009216741156578064,0.08773653471255674,-0.03378525562603026
1760555394861897700,67.63589770507812,-0.017853636598587037,0.10466100070225075,-0.03331530002672225
1760555394871903700,67.64590380859374,0.005992518413066863,0.06780242031179368,-0.04676050906591117
1760555394881908700,67.65590869140625,-0.005447744011878967,0.03923363895872608,-0.0744950680845417
1760555394891914500,67.66591455078125,-0.013888240098953246,0.03814160593831911,-0.08478815150205045
1760555394901919500,67.67591943359375,0.01719020425379276,0.001108637095335871,-0.04626709952577948
1760555394911925500,67.68592553710937,0.06368658249080181,-0.08900670077884569,-0.0007221585283987223
1760555394921930500,67.69593041992188,0.06653261957168578,-0.10858502401188015,-0.002719871684256941
1760555394931936800,67.70593676757812,0.08868483014702797,-0.09737546507026999,0.02967447757264599
1760555394941941800,67.71594165039062,0.05275719219744205,-0.031767778323777016,0.04916550611471757
1760555394951947800,67.72594775390625,0.00814238992333412,0.026343817046284673,0.05021872322838753
1760555394961952800,67.73595288085937,0.023075170639157296,0.010692768525891006,0.030443343053292483
1760555394971958500,67.74595849609375,0.05597440067827701,-0.04517338600493967,0.001543576180189848
1760555394981963500,67.75596362304688,0.021706804895401,-0.03506159570477903,-0.012347531729284673
1760555394991969500,67.76596948242188,0.027081483671069145,-0.02462345952708274,-0.010621274192258714
1760555395001974500,67.775974609375,0.02061667157113552,0.009620627516042441,0.020898630317673087
1760555395011980800,67.78598071289062,0.02357552137672901,0.03564496681699529,-0.000445551810413599
1760555395021985800,67.79598583984375,0.023696517407894132,0.0097762930017896,-0.02322818751009181
1760555395031991800,67.80599169921875,0.025903672063350675,0.012079985100589693,0.022462244638893753
1760555395041996800,67.81599682617187,0.06252572201788426,-0.01242236879747361,0.02424615064729005
1760555395052002600,67.82600244140625,0.04932137252986431,-0.02559524543499574,0.009922332142665982
1760555395062007600,67.83600756835938,-0.0054810617595911024,0.032957572630234064,-0.0014898549652658402
1760555395072013600,67.846013671875,-0.028453356546163558,0.07022562887072563,0.0185369244213216
1760555395082018600,67.8560185546875,0.0007896890729665756,0.07130074728894978,0.0013577712845057248
1760555395092024600,67.86602465820313,-0.011406944677233695,0.04597063732985407,-0.026925014467723666
1760555395102029600,67.87602954101563,-0.0013180968612432479,0.03544193679187447,-0.022989793910644946
1760555395112034600,67.88603466796874,0.019532967987656594,0.006573313975706696,0.014447901542019099
1760555395122040800,67.89604077148438,0.02003507229089737,0.03679313220512122,0.029621633140556512
1760555395132045800,67.9060458984375,0.023230653461813924,0.014013620044291018,0.022871921418327838
1760555395142051600,67.91605151367187,0.09826631296277046,-0.0820475475570187,0.02583146534366533
1760555395152056600,67.926056640625,0.08311550558209418,-0.09970014515817165,0.012068860918376594
1760555395162062600,67.9360625,0.036243864291906354,-0.05717756592296064,0.004825812721252441
1760555395172067600,67.94606762695312,0.06285656140744686,-0.058776087160781025,0.015611739423312246
1760555395182073600,67.95607348632812,0.04431260445713996,-0.04142802546415478,-0.020518143100105225
1760555395192078600,67.96607861328125,0.03445639635324478,-0.027858861251734195,-0.040719183075055475
1760555395202084900,67.9760849609375,0.032391865038871766,-0.04246525955740362,0.009460340654104947
1760555395212089900,67.98608984375,0.03962123177051544,-0.029757534479908643,-0.01917244584588334
1760555395222095600,67.996095703125,0.015274726021289825,-0.011961619417928159,-0.011492668465618043
1760555395232100600,68.0061005859375,0.027286066332459447,-0.005502104547619819,-0.0017503325323574245
1760555395242106600,68.01610668945312,0.003705868780612945,-0.015718487733416258,-0.03045136196296662
1760555395252111600,68.02611157226562,0.007356792503595352,0.0042751748348586254,-0.03271386353485286
1760555395262117600,68.03611767578126,0.01727437540590763,0.02925172211593017,0.0013430303731001912
1760555395272122600,68.04612255859375,0.012522796964645385,0.020832780273538083,0.006415547864418477
1760555395282128600,68.05612866210937,0.020486323189735412,0.010814513475727289,0.00901593962116167
1760555395292133600,68.06613354492187,0.02274725385904312,0.0145002345174551,0.010009772964101283
1760555395302139600,68.0761396484375,0.014669161343574523,0.02509785383949056,0.02594683535164222
1760555395312144600,68.08614453125,0.0005821838021278381,0.04337810008600354,0.037870880971848965
1760555395322150700,68.09615063476562,0.007126490879058837,0.02262344481628388,0.041593865284044296
1760555395332155600,68.10615576171875,0.04136544508934021,-0.026035189488530158,0.04591611239733174
1760555395342162000,68.11616186523437,0.04330255063176155,-0.03904518544822931,-0.005514342974685132
1760555395352167000,68.1261669921875,0.03731178578436375,-0.01670178141603246,-0.002361669363733381
1760555395362173000,68.1361728515625,0.021603344520926476,-0.006528141393419355,0.005835154160577803
1760555395372178000,68.14617797851562,0.044212066692113874,-0.04306050377050415,-0.023711166987754405
1760555395382184000,68.15618383789062,0.03182487880587578,-0.03410718105677515,-0.002426039836835116
1760555395392189000,68.16618896484376,0.022267945909500122,-0.014243063152302055,0.012418861666135489
1760555395402195000,68.17619482421875,0.03964285908043384,-0.008197554176673293,0.018303700187336652
1760555395412200000,68.18619995117187,0.017369067952036858,0.008062657484319061,0.008507569973915816
1760555395422206000,68.1962060546875,0.002129997766017914,0.011128474795725195,-0.024205964767374098
1760555395432211000,68.2062109375,0.020430793610215187,0.0054112479263916605,-0.031504725207109
1760555395442217000,68.21621704101562,0.036492286095023155,-0.023456589438486844,-0.024388554792664944
1760555395452222000,68.22622192382812,0.024101591077446936,0.013708609215728938,-0.006564235620107502
1760555395462227700,68.23622778320312,-0.016428572231531144,0.07495691344263032,0.003579484188277274
1760555395472232700,68.24623266601563,-0.0023696517407894133,0.03275583951305598,0.02717961028330028
1760555395482239000,68.25623901367187,0.027543255963921546,0.02065651039117947,0.026477343765459953
1760555395492244000,68.26624389648437,0.029331308424472808,0.01604530853498727,-0.0018639307083562016
1760555395502250000,68.27625,0.023332944792509077,0.00966410133158788,-0.021366923682857305
1760555395512255000,68.2862548828125,0.017328151419758797,-0.0025098821953870353,0.00030952260689809917
1760555395522261000,68.29626098632812,0.02163841583430767,0.004403714851662516,0.02088655628738925
1760555395532266000,68.30626586914063,0.01293780750632286,0.022894096717517822,-0.018131832485459742
1760555395542271700,68.31627172851563,0.018313070803880692,0.043443694401811804,-0.008059369548689573
1760555395552276700,68.32627685546875,0.025617840859293937,0.01127553684990853,0.031188644995260983
1760555395562282800,68.33628271484375,0.032629180926084515,-0.03163578597456217,0.017674316242616624
1760555395572287700,68.34628784179688,0.04278758684694767,-0.05397515315245836,0.012014792643580584
1760555395582294000,68.3562939453125,0.06267360605597495,-0.04633797280490398,0.0068732833029702305
1760555395592299000,68.36629907226562,0.04875847795009613,-0.0530086462078616,-0.006251132816635072
1760555395602305000,68.37630493164062,0.029916999357938765,-0.024509879617393017,-0.0118498296065256
1760555395612310000,68.38631005859375,0.004773790273070335,0.022387864228431135,-0.015547752542700617
1760555395622315800,68.39631567382813,0.036495208704471586,0.01125021974556148,0.0023447547615505753
1760555395632320800,68.40632080078124,0.028879473003745076,-0.0005333214254118502,0.0016009141243062913
1760555395642326800,68.41632690429688,0.02230243270099163,0.002838072970137,-0.04318217565510422
1760555395652331800,68.42633178710938,0.012584756284952163,0.05045678803427145,-0.022280531396437434
1760555395662338000,68.43633813476562,-0.00745966835618019,0.040269283883087335,0.013385441675968467
1760555395672343000,68.44634301757813,0.044161797809600827,-0.034421452904026956,0.00719705363092944
1760555395682349000,68.45634912109375,0.05118775092363357,-0.020468531804718075,0.00030725758457556364
1760555395692354000,68.46635400390625,0.006108838269114494,0.05858725005779415,0.02947080822670832
1760555395702359800,68.47635986328125,0.015623685589432716,0.05177751524401828,0.03125787430657074
1760555395712364800,68.48636474609376,-0.0025210429102182387,0.041064562446624035,-0.018243494432698935
1760555395722370800,68.49637084960938,-0.01769698473215103,0.058994369553960854,-0.03422437769565731
1760555395732375800,68.50637573242187,-0.004314940589666367,0.043546022265125064,-0.0021831161927431822
1760555395742380800,68.516380859375,0.015374094742536544,0.047732313240133224,-0.01394908517440781
1760555395752386800,68.52638671875,-0.0240595055013895,0.04447964985342696,-0.01056925174407661
1760555395762391800,68.53639184570312,0.025361820271611213,0.014884301931597291,0.00541603369936347
1760555395772398000,68.54639819335938,0.04803893150389194,-0.006933854383789003,0.02467529931217432
1760555395782403000,68.55640307617188,0.007878186029195785,-0.00834004965359345,-0.020300043370015917
1760555395792408800,68.56640893554687,0.021698621588945387,0.007585852019116282,0.002778707465715706
1760555395802413800,68.57641381835937,0.04540624491274357,0.008857333259657025,0.015647468323819337
1760555395812419800,68.586419921875,0.010922960552573203,0.01078736974047497,-0.02062836200892925
1760555395822424800,68.5964248046875,0.04210778788924217,-0.009983250283356756,0.004195661591552198
1760555395832430800,68.60643090820312,0.02840308766365051,0.011440408555418252,0.02672704421021044
1760555395842435800,68.61643579101562,0.004829319852590561,0.012248144741728901,0.006057546473294496
1760555395852442000,68.62644213867188,0.011160860961675644,0.015199907219409942,-0.0005222703084349631
1760555395862447000,68.63644702148437,0.03396422892212868,-0.02017663618605584,-0.0019345117265358565
1760555395872452900,68.64645288085937,0.00651683454811573,-0.017604666806198654,-0.0042952495085075496
1760555395882457900,68.65645776367188,0.03890226984620094,-0.05279862018637359,0.003914360432140529
1760555395892463900,68.6664638671875,0.05216857865452766,-0.04032285896753892,0.00003748246617615223
1760555395902468900,68.67646875,0.0047129999965429305,-0.010502744112815708,-0.04874306118525564
1760555395912475000,68.68647485351562,0.018270985227823257,0.02433687940435484,-0.0015563260639086364
1760555395922479900,68.69647998046875,0.02284428449273109,0.03353049541367218,0.005918430263549089
1760555395932486000,68.70648583984375,-0.012079144850373267,0.03249974586013704,-0.0007965206725522875
1760555395942491000,68.71649096679687,-0.006198854640126228,0.07399941178839653,0.0015152268685400484
1760555395952497000,68.72649682617188,0.014779635980725287,0.05660911838524043,0.008122954570502043
1760555395962502000,68.736501953125,0.00016366612911224363,0.04573744962848723,-0.008985343553498388
1760555395972508000,68.7465078125,-0.0026677579045295712,0.04274144615028053,0.0007787658201530575
1760555395982513000,68.75651293945313,0.03756254567503929,0.03890482712946832,0.03062898355219513
1760555395992519000,68.76651879882813,0.0011953472644090652,0.07631696801576764,0.03678904055189341
1760555396002524000,68.77652392578125,0.035003508841991424,-0.04579560955651104,0.041667277580127116
1760555396012530000,68.78653002929687,0.10369593679606914,-0.133834433417581,0.045237245021387935
1760555396022535000,68.79653491210938,0.09181436034440994,-0.12592420828230677,0.003894596285745501
1760555396032540700,68.80654077148438,0.07153963407874107,-0.08854951332956552,0.00555847437735647
1760555396042546000,68.8165458984375,0.024444705426692963,0.008830518317967653,0.03348331353738904
1760555396052552000,68.82655200195312,0.024379238975048064,-0.0133390817835927,0.03186996005661785
1760555396062557000,68.83655688476563,0.04798047931492328,-0.059741534659452734,0.000008365969546139239
1760555396072563000,68.84656298828125,0.08638707459867,-0.0722493532506749,-0.01694528958201408
1760555396082568000,68.85656787109374,0.05360065728425979,-0.057328957092389464,-0.021305895944312214
1760555396092574000,68.86657397460938,-0.013158172258734703,0.022191702335514128,-0.045509193830564613
1760555396102579000,68.87657885742188,-0.005872106903791427,0.03727328040488064,-0.015626096742227674
1760555396112584700,68.88658471679688,0.008754384341835975,0.03231529267132282,0.007154328734055161
1760555396122590000,68.89658984375,-0.010889642804861068,0.048201757382787765,-0.002127623145841062
1760555396132596000,68.90659594726563,0.013255202892422675,0.02633084796685725,0.03737418349608779
1760555396142601000,68.91660107421875,0.021190672066807744,0.04058134550694376,0.08772084395308047
1760555396152607000,68.92660693359375,-0.00187222361266613,0.0451269895799458,0.09600688013080506
1760555396162612000,68.93661206054688,0.00677694678902626,0.043374848682992156,0.04967212219629436
1760555396172618000,68.94661791992188,0.019297405666112898,0.021478476032242177,0.03139920073971152
1760555396182623000,68.956623046875,0.0358627560198307,0.0006774608701467514,-0.003506729479320347
1760555396192628700,68.96662866210937,0.010070727637410163,0.04346519384756684,-0.012079948567971587
1760555396202634000,68.97663403320313,0.0023965397477149963,0.09046502809468657,-0.033522038112580775
1760555396212639000,68.98663891601562,0.03153729403614998,0.002397562661021948,-0.0201412726117298
1760555396222644700,68.99664477539062,0.021449615263938904,-0.015635741353407503,0.03943977425638586
1760555396232649700,69.00664965820313,0.056661798420548436,-0.05688479352146387,0.08795720999222248
1760555396242656000,69.01665600585937,0.04368658151328563,-0.011946860240213573,0.08023107271958142
1760555396252661000,69.02666088867187,0.011229250022768974,0.03543583584465086,0.046777935124747455
1760555396262667000,69.0366669921875,0.016764087796211243,0.00740855922345072,0.04067128881271928
1760555396272672000,69.04667211914062,0.04368716603517532,-0.019515578461438417,0.05561064539980143
1760555396282678000,69.05667797851562,0.05970189676880836,-0.048335905156470835,0.019498919587582347
1760555396292683000,69.06668310546875,0.041810266247391696,-0.05072890124022961,-0.03851633926853537
1760555396302688800,69.07668872070313,0.024448797079920766,-0.012703998750448225,-0.14169333022441713
1760555396312693800,69.08669384765625,0.028283845198154446,-0.018225611716136337,-0.21076975252740085
1760555396322700000,69.09669995117187,0.02958089927136898,-0.02492744744233787,-0.3106850382735953
1760555396332705000,69.106705078125,0.03472878355383873,-0.03910623145308345,-0.29747498969715086
1760555396342711000,69.1167109375,0.04197743950784206,-0.046738881755992764,-0.15830310424175112
1760555396352716000,69.12671606445312,0.03962883055508137,0.023338936141878364,-0.023200148725695906
1760555396362722000,69.13672216796876,-0.001757072800397873,0.0598155497437343,0.028068887273222206
1760555396372727000,69.14672705078125,0.03750818513929844,-0.03582651566267013,0.019884448306448758
1760555396382732800,69.15673291015625,0.07663491139113902,-0.107638135083206,-0.003146919723600149
1760555396392737800,69.16673779296875,0.040246670192480086,-0.04659695253465324,-0.014543671800382435
1760555396402743800,69.17674389648438,0.03700783440172672,-0.04611662167180329,0.03745086546149105
1760555396412748800,69.18674877929688,0.052741410106420514,-0.020709318290650845,0.05950381691344082
1760555396422755000,69.19675512695312,-0.022152795097231864,0.05834836326800286,0.025934578658267853
1760555396432760000,69.20676000976563,-0.00027998598515987394,-0.01712349569313228,-0.005434482671506703
1760555396442765800,69.21676586914063,0.06234101310074329,-0.031196225513517854,-0.05297386715542525
1760555396452771000,69.22677099609375,0.0031207623690366745,-0.011893760079797356,-0.11622878023069351
1760555396462776800,69.23677685546875,0.028557985964417457,-0.0252658856164664,-0.10979746854156255
1760555396472781800,69.24678173828126,0.05923953995406627,0.003617788638360798,-0.061584130318835376
1760555396482787800,69.25678784179688,-0.0019224924951791761,0.006526734887622296,-0.034552038747444745
1760555396492792800,69.26679272460937,0.002045242092013359,-0.0013756174684502183,0.05440872226413339
1760555396502798800,69.276798828125,0.030478724893927573,0.02508163335705176,0.1436507844351232
1760555396512803800,69.28680395507813,-0.0094809450507164,0.0787393180581741,0.11342380581256002
1760555396522809900,69.29680981445313,-0.007929623955488204,0.04837532385140657,0.11664064896721392
1760555396532815000,69.30681518554688,0.024700726014375684,0.02444927200395614,0.10018365435879677
1760555396542820900,69.31682080078124,0.03373042016625404,-0.02765763959120959,0.04639766710288822
1760555396552825900,69.32682592773438,0.0450344889909029,-0.050166682513896374,-0.049590508327446874
1760555396562832000,69.33683178710938,0.04603402142226696,-0.06375526381283998,-0.07721716825850307
1760555396572836900,69.3468369140625,0.039622400814294814,-0.045557873544190074,-0.08354936695471406
1760555396582843000,69.3568427734375,0.03531856614053249,-0.03165485600121319,-0.08325104159526527
1760555396592848000,69.36684790039062,0.017666589593887328,-0.0028690343639813363,-0.009704232412576674
1760555396602852900,69.37685278320312,0.030978491109609603,0.023141806134581566,0.028751316579431294
1760555396612859100,69.38685913085938,0.02063888340294361,-0.010713738248683512,0.0498006439467892
1760555396622864100,69.39686401367187,0.042267946887016294,-0.02675917464783415,0.0863581042325124
1760555396632870000,69.40686987304687,0.019123802664875983,0.007962174518220125,0.09399495578650384
1760555396642875000,69.416875,-0.016775193712115288,0.033019586749468,0.08625752993486821
1760555396652881000,69.426880859375,-0.02338204463124275,0.057742944720759984,0.058619800620526075
1760555396662886000,69.43688598632812,-0.007722118684649467,0.07449452009527012,0.030215324717387554
1760555396672892000,69.44689184570312,-0.01393032567501068,0.07280508743729441,0.05824340505618602
1760555396682897000,69.45689697265625,0.04524608591496944,-0.010231946081109344,0.04852397507447749
1760555396692903000,69.46690283203125,0.09489479070305824,-0.10674887635959311,0.00004807692542672157
1760555396702908000,69.47690795898437,0.06080956574976444,-0.09755308665949851,-0.07045472491886466
1760555396712914000,69.48691381835937,0.024317864176630972,-0.021007369655463844,-0.06292736162133515
1760555396722919000,69.4969189453125,0.029444705671072005,0.048803011211566626,-0.062066543540917334
1760555396732925000,69.50692504882812,-0.02481470778286457,0.05306832223953679,-0.054033934134989976
1760555396742930000,69.51692993164062,-0.01254091714322567,0.05482647275216877,-0.015244878872297703
1760555396752936000,69.52693603515625,-0.014501403561234473,0.07363485279232262,0.020786475180089473
1760555396762941000,69.53694091796875,-0.022457915523648262,0.0620099727817811,0.016638525187782943
1760555396772947000,69.54694702148437,0.01815934154689312,0.006145955409109592,0.05906239328887313
1760555396782952000,69.55695190429688,0.06688041009604931,-0.041992929337918754,0.02644289350658655
1760555396792958000,69.5669580078125,0.019582652348279952,-0.03575054608331993,-0.012579057196527719
1760555396802963000,69.576962890625,0.019390929168462752,-0.008977160247042775,-0.01836976942718029
1760555396812969000,69.58696899414062,0.021036358287930487,0.025016313035879284,-0.06096303927842527
1760555396822974000,69.59697387695313,-0.019491466933488844,0.050785143205802886,-0.07950334296692162
1760555396832980000,69.60697998046875,0.021792729613184927,0.03527465393356979,-0.03887421279549599
1760555396842985000,69.61698486328125,0.05591361040174961,-0.027406824901606886,0.020188765015266834
1760555396852991000,69.62699096679688,0.02272328846156597,-0.022565905942767858,-0.007586692269332706
1760555396862996000,69.63699584960938,0.04306581926643848,-0.026888226121291516,0.013858904406614601
1760555396873001700,69.64700170898438,0.07003390569090842,-0.06159941921951249,0.003998604649491608
1760555396883006700,69.6570068359375,0.009487374791502952,-0.033183216345962135,-0.05204411202464252
1760555396893013000,69.66701293945313,0.006543138033151626,0.03066847531236708,-0.04938647365532815
1760555396903018000,69.67701806640625,0.0316232187539339,0.024460779778659344,-0.06231642664875835
1760555396913024000,69.68702392578125,-0.020980244186520575,0.03801050863824784,-0.031700046849809586
1760555396923029000,69.69702905273438,0.006271335354447364,0.06562025396712123,-0.000038432314246892926
1760555396933035000,69.70703491210938,0.017838439029455182,0.02711832681642845,0.011091595117747783
1760555396943040000,69.7170400390625,0.02250759988427162,0.009171093650255351,-0.007982961577922104
1760555396953045000,69.727044921875,0.051553661626577374,-0.010637586006242782,-0.006427804557792842
1760555396963050800,69.73705078125,0.02782441099286079,-0.008081380451098083,-0.0022372210001572967
1760555396973055700,69.7470556640625,0.012897475495934486,-0.012257478825654833,-0.001668773462437093
1760555396983062000,69.75706201171874,0.06904664821922779,-0.05756543272938579,0.033932445544376966
1760555396993067000,69.76706689453125,0.030049101305007934,-0.022218572076130656,0.03509772646408528
1760555397003073000,69.77707299804688,0.005664601632952689,0.013503588162921368,0.017896598957479
1760555397013078000,69.787078125,0.023897592937946317,0.0590557260860689,0.057070269623585045
1760555397023084000,69.797083984375,0.00203998139500618,0.0352592371687293,0.033355376308783886
1760555397033089000,69.80708911132812,0.0017056348741054533,0.003609404402505606,0.010078837878629565
1760555397043094800,69.8170947265625,0.01963409027457237,0.015619374740496277,0.0015178206844255328
1760555397053099800,69.82709985351562,0.01826864714026451,0.006873447699751705,-0.009430420439876616
1760555397063105800,69.83710571289062,0.03081774758994579,-0.001920519733801484,-0.03766509273406118
1760555397073110800,69.84711083984375,0.031713819646835326,-0.019616518085263667,-0.034867826698347926
1760555397083117000,69.85711694335937,0.021978023052215575,0.01639898081086576,-0.01761347116716206
1760555397093122000,69.8671220703125,0.013441080853343008,0.03382443685894832,0.007349011055938899
1760555397103128000,69.87712817382813,0.04635375489592552,-0.02124921558732167,0.003234524941816926
1760555397113133000,69.88713305664062,0.03153086429536343,-0.03221610661316663,0.005419760026410222
1760555397123138800,69.89713891601562,0.030442484536767005,0.014378690497018396,0.017315912992693482
1760555397133143800,69.90714379882813,0.02589431971311569,0.010459873085469007,0.041380898386798794
1760555397143149800,69.91714990234375,0.007892214554548263,0.009400883818138391,0.03495086533930152
1760555397153154800,69.92715478515625,0.011417466071248054,0.00176569449827075,0.010395867938548325
1760555397163160800,69.93716088867187,0.029760932013392447,0.0037680472966283556,0.00867090730946511
1760555397173165800,69.94716577148438,0.019238368955254555,0.021307539912126958,-0.001558591086231172
1760555397183172000,69.95717211914062,-0.0029839842468500134,0.06430051313806324,-0.005560154877789318
1760555397193177000,69.96717700195312,-0.01997486653625965,0.05568424035897478,0.006034603989124298
1760555397203182800,69.97718286132813,0.017220599392056463,0.008579210438020526,-0.018357056076079604
1760555397213187800,69.98718774414063,-0.004849778118729591,0.026512287214677778,-0.01712470126952976
1760555397223193900,69.99719384765625,-0.004202127864956855,0.07693645162098109,-0.010838241411186753
1760555397233198800,70.00719873046874,-0.020340192717313764,0.08083137670028955,0.0011738295523449778
1760555397243204900,70.01720483398438,-0.0020668694019317624,0.03832220493592322,0.0035497649034485217
1760555397253209900,70.0272099609375,0.0474655155301094,-0.034723979514557864,0.03803542388379574
1760555397263214800,70.03721484375,0.04239420361518859,-0.03820632347129285,0.02644599877912551
1760555397273221000,70.04722119140625,0.00621054507791996,0.003165112967416644,-0.010399667330831289
1760555397283226000,70.05722607421875,0.0017161562681198119,0.0427175903506577,-0.002001549080759287
1760555397293231900,70.06723193359375,0.01935702689886093,0.04000226697735488,0.03473408078346401
1760555397303236900,70.07723681640626,0.013375029879808426,0.026897176612727343,-0.010265190763585268
1760555397313243000,70.08724291992188,0.03312602453231811,0.012124627959914504,-0.035444786336086685
1760555397323247900,70.09724780273437,0.04227846828103065,-0.00948492710608989,-0.014640812031924723
1760555397333254000,70.10725390625,0.06973579952716827,-0.054710700885392725,-0.039878384869359434
1760555397343258400,70.11725830078124,0.060093526434898376,-0.07987002085484564,-0.010343662827275692
1760555397353264400,70.12726440429688,0.07347966223061084,-0.0999819943068549,0.05016502027977258
1760555397363269400,70.13726928710938,0.07792378215789794,-0.0920605171252042,0.04987169988900423
1760555397373275400,70.147275390625,0.04512450536191463,-0.03931567295268178,-0.0027403116840869187
1760555397383280600,70.15728076171875,0.018448095360398292,-0.0019855477940291166,0.0003568140810355544
1760555397393286400,70.16728637695313,0.025463527080416676,0.013466361425071955,-0.00849606219921261
1760555397403291400,70.17729150390625,0.015130933636426924,-0.01798544628471136,-0.018295754342898724
1760555397413297400,70.18729736328125,0.02888414917886257,-0.009391111342795192,-0.0103146924611181
1760555397423302400,70.19730249023438,0.05613689776360988,-0.0415503732021898,-0.016446875073201955
1760555397433308400,70.20730834960938,0.030289924323558804,-0.05155282137636095,-0.040405952407419676
1760555397443313400,70.2173134765625,0.026128128468990323,0.0010204656215384602,-0.023360380788706243
1760555397453319400,70.2273193359375,0.020040917509794233,0.03261047622561455,-0.0283604906309396
1760555397463324400,70.23732446289063,0.026084873849153516,-0.015402736315131187,-0.018413937362469733
1760555397473330400,70.24733032226563,0.04916238257586956,-0.04862389178499579,0.008592800571955739
1760555397483335400,70.25733544921874,0.06806231335699559,-0.036574192224815484,0.03200418089553714
1760555397493341400,70.26734155273438,0.020974983489513398,0.0078060706410557025,0.012512385168485343
1760555397503346400,70.27734643554687,0.011127543213963509,0.03439681165311485,0.02035816676542163
1760555397513352400,70.2873525390625,0.004558686217665672,0.049062922523077576,0.016592713284678755
1760555397523357400,70.297357421875,-0.008141220879554748,0.019461985110677777,-0.029887152208946645
1760555397533363500,70.30736352539063,0.0038473230779170987,0.015352120372746138,-0.014305661793425678
1760555397543368400,70.31736840820312,0.012406477108597755,0.0037205731594003736,-0.015469079549610614
1760555397553374500,70.32737451171874,0.0259200386762619,-0.032298031009268015,-0.03252111744172871
1760555397563379500,70.33737939453125,0.038110242685675616,-0.03100461193155497,-0.030928770216368136
1760555397573384400,70.34738452148437,0.058985857453942296,-0.040386279592569914,-0.0431854270581156
1760555397583390500,70.35739038085937,0.0018961890101432798,0.04202259382382035,-0.012372538306377828
1760555397593395500,70.3673955078125,-0.0012286650121212004,0.06344848115229978,0.01683839514143765
1760555397603401500,70.3774013671875,0.013457447466254234,0.01959337467169389,0.02114420257657766
1760555397613406500,70.38740649414062,-0.01750759963989258,0.06159762912122532,0.011551979171112179
1760555397623412500,70.39741259765626,-0.002585340318083763,0.08314323383923619,0.020265994969941675
1760555397633417500,70.40741748046875,0.00770458302795887,0.07065475926930084,0.0062578182857483625
1760555397643423200,70.41742333984375,0.013242927932739257,0.007047105499915779,-0.022587167926505208
1760555397653428200,70.42742822265625,0.04299392307400703,-0.0638293336960487,-0.011398396044597029
1760555397663434500,70.4374345703125,0.08129471989572047,-0.05636714458921924,0.01691799971628934
1760555397673439500,70.447439453125,0.004839256724715232,-0.012128336020652204,-0.001917414461262524
1760555397683445500,70.45744555664062,0.002412321838736534,0.031691205956228076,-0.011847272323258221
1760555397693450500,70.46745043945313,0.032762451916933055,0.028890323191322384,-0.014969788257963955
1760555397703456500,70.47745654296875,0.0200379949003458,0.012391023811139166,-0.017039799465052782
1760555397713461500,70.48746142578125,0.02285188327729702,-0.0014382891748100518,0.00010327771138399839
1760555397723467300,70.49746728515625,0.032872342032194135,-0.0011790354504249989,-0.01112505899593234
1760555397733472300,70.50747216796876,0.03364683353602886,-0.02444170975200832,-0.026960560705140232
1760555397743478300,70.51747827148438,0.040835868257284164,-0.05090328969275579,-0.0010991568809375167
1760555397753483300,70.52748315429687,0.04279343206584453,0.0007153451951220631,0.010106639201007782
1760555397763489500,70.53748950195312,0.009749240598082541,0.018814206992741674,0.005699344152770936
1760555397773494500,70.54749462890625,0.04116320051550865,-0.004594122857227921,0.022504933003149926
1760555397783500500,70.55750048828125,0.03413140218257904,-0.006941179173719138,0.006868095671199261
1760555397793505500,70.56750561523438,-0.0010094693034887314,0.010829455316532403,-0.014938808597810566
1760555397803511300,70.57751123046874,0.011252630898356437,0.02877714514043182,-0.0025713483253493904
1760555397813516300,70.58751635742188,0.033840894803404804,0.0050974510031752285,-0.0024538228929042814
1760555397823522300,70.59752221679688,0.04164133942127227,-0.02604041365291923,-0.015306253670714795
1760555397833527300,70.60752734375,0.030731238350272177,-0.026033198460843412,-0.024221746858395635
1760555397843533600,70.61753344726563,0.036435002949833865,0.004548603215068578,-0.0027811186185106632
1760555397853538600,70.62753857421875,0.009373393023014069,0.01708204943789169,-0.005384834843501448
1760555397863543600,70.63754345703126,-0.0030389293044805524,0.024320914650242775,-0.0030325726289302107
1760555397873549600,70.64754956054688,-0.00784486828148365,0.019025712585262953,-0.006695515583269297
1760555397883554600,70.65755444335937,0.005160159242153167,0.033621224170736964,-0.00039057022016495465
1760555397893560300,70.66756030273437,-0.004603109881281852,0.06827763660810887,0.022887831373512742
1760555397903565300,70.6775654296875,0.03159574622511863,-0.007474208338186144,-0.030040406541898844
1760555397913571300,70.6875712890625,0.022900398594141006,-0.04269862992186099,-0.0036632717479020355
1760555397923576300,70.69757641601562,0.0632820933431387,-0.04369286512359977,0.006177556123770773
1760555397933582300,70.70758227539062,0.015734160226583478,0.00020644582491368053,-0.03800733030047267
1760555397943587300,70.71758740234375,0.001997311297059059,0.0025763532940298317,-0.03138100749589503
1760555397953593600,70.72759350585937,0.02220131041407585,-0.01783927927967161,-0.00888436739705503
1760555397963598600,70.7375986328125,0.010113397735357283,0.018924407635256647,-0.008096431889757514
1760555397973604400,70.74760424804687,-0.005114566534757614,0.026642690395005046,-0.02006323893945664
1760555397983609300,70.757609375,0.00938859059214592,0.03205565535444766,-0.005407265871018171
1760555397993615400,70.76761547851562,0.010907762983441352,0.012873327435366809,-0.009241948663070798
1760555398003620400,70.77762036132812,0.006751812347769737,0.011134922802820801,-0.02700301160737872
1760555398013626400,70.78762646484375,0.057493573069572444,-0.040731604165211314,-0.01512388284113258
1760555398023631400,70.79763134765625,0.046152094843983645,-0.04187039893679321,0.012728439071960746
1760555398033637600,70.8076376953125,0.02089607303440571,0.003682122578844428,0.0025182664312422276
1760555398043642600,70.817642578125,0.03064706719815731,0.010299239163659513,0.005259491430781782
1760555398053648400,70.8276484375,0.04133154281973839,-0.022042101264372466,-0.021108035284653305
1760555398063653400,70.8376533203125,0.027948329633474347,-0.039551052611134944,-0.03726411071773618
1760555398073659400,70.84765942382812,0.037737902241945266,-0.018550459756329653,-0.020422025781869888
1760555398083664400,70.85766430664063,0.014603694891929626,0.012801540840789674,0.0015981193790212272
1760555398093669400,70.86766943359375,0.0037269115686416623,0.015637312255986035,0.012433218985050915
1760555398103675400,70.87767529296875,-0.002389525485038757,0.03621471126265824,0.022466025764867663
1760555398113680400,70.88768041992188,0.01499824716746807,0.03653572337795049,0.020469664315879342
1760555398123686400,70.89768627929688,-0.0060714288681745525,0.026095102982223034,-0.0068096800148487084
1760555398133691400,70.90769140625,0.013523498439788818,0.01654204254336655,0.012135149353928863
1760555398143697400,70.91769750976563,0.03550327505767345,0.009597118776291609,0.025773250616714358
1760555398153702400,70.92770239257813,0.015586276188492775,0.007904379916377366,0.004486242035962641
1760555398163708400,70.93770849609375,0.030526071166992186,0.00830601951982826,-0.003259549785219133
1760555398173713400,70.94771337890624,0.031845921593904494,0.022704364565387367,-0.010370623899437487
1760555398183719400,70.95771948242188,-0.011734861457347869,0.036297348044812675,-0.022506540438346562
1760555398193724400,70.96772436523437,-0.020961539486050604,0.09491879263315349,0.019974574275314808
1760555398203730400,70.97773046875,0.05020224701762199,0.007853416914120316,-0.0038444004684686658
1760555398213735400,70.9877353515625,0.006913724911212921,-0.01484904795512557,-0.02754300023559481
1760555398223741200,70.9977412109375,0.0037982232391834255,0.03703311497345566,0.002586838155426085
1760555398233746400,71.00774633789062,-0.0098076927870512,0.12581508535202593,-0.009577171966806054
1760555398243752400,71.01775244140624,-0.0623100334405899,0.14561233029905707,-0.05347619065437466
1760555398253757400,71.02775732421875,-0.023123101434111594,0.12222699773218482,-0.03212232738249004
1760555398263763500,71.03776342773438,0.06607844606339931,-0.027428580075688658,0.07334986183848231
1760555398273768400,71.0477685546875,0.22825053722560404,-0.36299360992070284,0.06977280706930905
1760555398283774500,71.0577744140625,0.1959492730796337,-0.3389309626141563,0.030358897906541824
1760555398293779500,71.06777954101562,0.0463414799362421,-0.09024031596072017,-0.016697890692204235
1760555398303785200,71.07778515625,-0.03937047187983989,0.09120488667655735,-0.01359575995840132
1760555398313790200,71.08779028320312,-0.01748129615485668,0.045784503640606995,-0.003634995501488447
1760555398323796500,71.09779638671876,0.05083762231171131,-0.0578881984103471,-0.010815481590107083
1760555398333801500,71.10780151367187,0.049423079338669774,-0.08067468830123543,-0.005905789977684617
1760555398343806700,71.117806640625,0.03482639870941639,-0.031693142184987665,0.011119469505362212
1760555398353812700,71.12781274414063,0.018450433447957038,0.013790551878139375,0.016053711037151516
1760555398363817700,71.13781762695312,0.03112988227903843,-0.028342699245922264,0.0032630203839391467
1760555398373824000,71.14782397460938,0.07030453932583332,-0.09195932177305222,-0.012290778307057916
1760555398383829000,71.1578291015625,0.06221767898201942,-0.06496832939703018,-0.022487726140022278
1760555398393834800,71.16783471679688,0.017907412612438202,-0.014922807311080396,-0.007886844259686767
1760555398403839700,71.17783984375,-0.013722820404171943,0.05751501771640032,0.012679777624644338
1760555398413845800,71.187845703125,-0.03340191886425018,0.07995441120266913,0.022632541438192127
1760555398423850800,71.19785083007812,0.006166121414303779,0.03277845320366323,0.003978803970478475
1760555398433856800,71.20785668945312,0.014586159235239027,0.022231924748048186,0.021359379697218538
1760555398443861800,71.21786181640626,0.032575404912233354,0.00004804039280861616,0.0435276646245271
1760555398453867800,71.22786767578125,0.021096564042568204,-0.031693982435204084,0.03346497416310012
1760555398463872800,71.23787280273437,0.06813713215887546,-0.09156992059666663,0.048410249034315345
1760555398473878800,71.24787866210937,0.08645721722543238,-0.10782879881709813,0.002178147756680846
1760555398483883800,71.2578837890625,0.0005102876096963882,0.023856384144723415,-0.047531091579608616
1760555398493889800,71.26788989257813,-0.03202887694537639,0.07247017466081306,-0.04491152019836008
1760555398503894800,71.27789477539062,0.013838555738329886,0.03590891498280689,-0.03562792435064912
1760555398513900800,71.28790087890626,0.04179097702503204,-0.02758817281788215,-0.042999950955994425
1760555398523905800,71.29790576171875,0.036060908940434455,-0.024538904782477763,-0.033160730519518254
1760555398533910800,71.30791088867187,0.039296237599849695,-0.029563875071331857,0.01968538207039237
1760555398543916800,71.31791674804687,0.041507483908534044,-0.07944328334275633,0.001638853248208761
1760555398553921800,71.327921875,0.0015180033475160597,0.00130697267903015,-0.032925131665356454
1760555398563927800,71.337927734375,0.01759410887956619,0.014842289420776068,0.020713665672205388
1760555398573932800,71.34793286132812,0.017225860089063644,0.03290920344386249,0.01836991555765271
1760555398583938800,71.35793872070313,-0.008423544952273368,0.04329107938967645,-0.0533637432558462
1760555398593943800,71.36794384765625,-0.04505786986649036,0.11752479312429204,-0.03920936303399503
1760555398603949800,71.37794970703125,-0.05510930828154087,0.1962183906109072,0.003182356363162398
1760555398613954800,71.38795483398438,-0.07700725183486938,0.19279954034443944,0.008772358389943837
1760555398623960800,71.3979609375,-0.02172083342075348,0.09145358247430994,-0.010137655393779277
1760555398633965800,71.4079658203125,-0.002358545824885368,0.04152565888604149,-0.00250073077455163
1760555398643971600,71.4179716796875,0.027621581897139546,0.022454627588018774,0.029940307168290017
1760555398653976600,71.4279765625,0.049372225934267044,-0.02107303703650832,0.009069441640377044
1760555398663982800,71.43798291015625,0.048994040271639824,-0.03859881165390834,-0.01616615843567997
1760555398673987800,71.44798779296875,-0.011398761370778084,0.04072395058171823,-0.00915427037961781
1760555398683993900,71.45799389648438,0.031153263154625892,0.034360315567627545,-0.01310962040927261
1760555398693998800,71.46799877929688,0.011162030005455017,0.04108531297370791,-0.014341208030842243
1760555398704004900,71.4780048828125,0.010762217032909393,0.02824289213325828,0.009042480568215251
1760555398714009900,71.488009765625,0.054039633223414416,-0.03394892175514251,0.04656465770024806
1760555398724014800,71.49801489257813,0.06354045201838016,-0.07621774542499334,0.0254744868658483
1760555398734020600,71.5080205078125,0.059900049689412115,-0.10018613857682794,-0.002465878656879067
1760555398744025600,71.51802563476562,0.04771569089889526,-0.07737962881121783,0.02676423441544175
1760555398754031900,71.52803198242188,0.039890696361660954,-0.00387008289899677,0.020397548927739262
1760555398764036900,71.53803686523437,-0.0009714753806591034,0.015399156118556856,-0.024422749323211607
1760555398774043000,71.54804296875,0.007531564548611641,-0.008091536518931389,-0.02602832135632634
1760555398784047900,71.5580478515625,0.04042085771560669,-0.03390928386449814,-0.009327544587291776
1760555398794054000,71.56805395507813,0.00765489866733551,0.006276778714545071,-0.02556264007333666
1760555398804059000,71.57805883789062,0.010634791260957717,-0.010001023402065039,-0.016706548922695217
1760555398814064600,71.58806469726562,0.03143032653033733,-0.020361527766287326,0.003944024918042123
1760555398824069600,71.59806958007813,0.05016892926990985,-0.04743855445794761,0.0024688012663275
1760555398834075600,71.60807568359375,0.07771452332139014,-0.09661452716775237,0.02374740734491497
1760555398844080600,71.61808056640625,0.04212356998026371,-0.027713388366438448,0.019401998551748692
1760555398854087000,71.6280869140625,-0.018450433447957038,0.05822839015014469,0.009488068911246955
1760555398864092000,71.638091796875,0.014447627547383308,0.030999168571457264,0.010142843025550246
1760555398874098000,71.64809790039062,0.04048340155780315,-0.0007148337384685874,0.0016274185387417674
1760555398884103000,71.65810302734376,0.02018061824142933,-0.027207338540442286,-0.02763327233493328
1760555398894108700,71.66810864257812,0.030513796207308767,-0.037401911753229794,-0.021718970257230102
1760555398904113700,71.67811376953125,0.0454787256270647,0.02124276758022606,0.009221344266459345
1760555398914119700,71.68811962890625,-0.010630115085840225,0.033735023276135326,0.008372764613106846
1760555398924124700,71.69812475585937,0.009257073166966438,0.03651986822169274,-0.01644713080152869
1760555398934129700,71.70812963867188,0.03544716095626354,0.0010845073010772466,-0.016165318185463545
1760555398944136000,71.71813598632812,0.007476619490981102,0.013325747377984224,-0.010994637549296022
1760555398954141000,71.72814086914063,0.0056564183264970775,0.029910460019297896,-0.0075990037616342305
1760555398964147000,71.73814697265625,0.025849311527609824,0.006522058712504804,0.004614471525512635
1760555398974152000,71.74815185546875,0.02720364874601364,-0.031163967211730776,0.008373860591650009
1760555398984157700,71.75815771484375,0.06358078402876853,-0.05919971940033138,0.007821487405896187
1760555398994162700,71.76816259765624,0.06183131001293659,-0.04054846615064889,-0.009682495504803955
1760555399004168700,71.77816870117188,0.014905308187007903,-0.01107720126621425,-0.033330716791562735
1760555399014173700,71.78817358398437,0.03514730122685432,-0.012405271532200276,-0.005242686426453292
1760555399024179700,71.7981796875,0.039408465802669525,-0.026451770932786164,-0.010697152440063655
1760555399034184700,71.80818481445313,0.023023148190975187,-0.02225998179875314,-0.016824147420376537
1760555399044191000,71.81819091796875,0.026523849788308143,-0.020243892735987902,-0.003974127795360982
1760555399054196000,71.82819604492188,0.04322247113287449,-0.027459194409660992,-0.004536035994440317
1760555399064201700,71.83820166015624,0.009041384589672088,-0.013990933288447558,-0.020300043370015917
1760555399074206700,71.84820678710938,0.02168283949792385,0.006816950005851686,-0.005592522777430713
1760555399084212700,71.85821264648438,0.03253682646751404,0.014318155948817728,-0.022282632021978496
1760555399094217700,71.8682177734375,-0.00405249026119709,0.030052681501582263,-0.02575564189478755
1760555399104222700,71.87822265625,-0.004020341557264328,0.04252594023607671,0.010597418392635881
1760555399114228700,71.88822875976562,-0.0065425535112619395,0.06069017715379595,0.03946963967168703
1760555399124233700,71.89823364257812,-0.008468553137779236,0.027897257033362984,0.00953077554181218
1760555399134239700,71.90823974609376,0.015763970842957494,0.007946976949088275,0.009220120423752814
1760555399144244700,71.91824462890625,0.022921441382169724,0.028335721515864134,0.023061014249641448
1760555399154250800,71.92825073242187,0.005399813216924667,0.0432893623566255,-0.01743058888092637
1760555399164255700,71.938255859375,0.0064162967830896376,0.05509747171327471,-0.03212322243163362
1760555399174261800,71.94826171875,0.02794657606780529,0.0011542115364223718,-0.013060410972684622
1760555399184266800,71.95826684570312,0.024347090271115302,-0.005184745694138109,-0.024553627427574245
1760555399194272800,71.96827270507812,0.008020224848389625,0.013497560280933976,-0.009624700902961194
1760555399204277800,71.97827783203125,0.020263035827875135,0.001213175182044506,0.003408767263870686
1760555399214283800,71.98828369140625,0.02203705976307392,-0.01488152545262128,0.02574241708703339
1760555399224288800,71.99828881835937,0.014842179822921752,0.0017905001459643244,0.005418335254304111
1760555399234294800,72.00829467773437,0.005097615399956703,0.00863444775659591,-0.03225972655918449
1760555399244299800,72.0182998046875,0.017203063735365866,0.02460077277123928,-0.005083075417950749
1760555399254305800,72.02830590820312,0.04714812014400959,-0.02523987439237535,-0.0034870931970886884
1760555399264310800,72.03831079101562,0.06228899065256118,-0.07760722702201456,-0.005733757879026234
1760555399274316800,72.04831689453125,0.06757365305721759,-0.06964994787462055,-0.004093863451201468
1760555399284321800,72.05832177734375,0.04488017521202564,-0.018262473127804695,0.003495897558052093
1760555399294326800,72.06832690429688,0.03804477623403072,-0.009703428694978356,0.010393438519444315
1760555399304332800,72.07833276367188,0.03629705578386783,-0.025146423955261704,0.0050805546673014755
1760555399314337800,72.088337890625,0.028438158977031707,-0.030307240784540772,-0.013987206961400806
1760555399324343800,72.09834375,0.01443710615336895,-0.010729849133267999,-0.015270086378790437
1760555399334348800,72.10834887695313,0.014947393763065336,0.018149002815969286,-0.00449636157117784
1760555399344354000,72.11835400390625,0.01485796191394329,-0.004306282359175384,0.005412142975535244
1760555399354359000,72.12835913085938,0.02358604277074337,0.006650324734672903,-0.005632325064856559
1760555399364365000,72.13836499023438,0.00926350290775299,0.01820128099247813,-0.0043580308127216996
1760555399374370000,72.1483701171875,0.017808628413081166,0.053348874480277295,0.015955036435648797
1760555399384376000,72.1583759765625,0.03518704871535301,0.03424165762402117,0.004766794276703149
1760555399394381000,72.16838110351563,0.037034137886762616,-0.021887531757168472,-0.011249836153071372
1760555399404387000,72.17838696289063,0.030480478459596633,-0.028591997831873595,-0.016559486868511886
1760555399414392000,72.18839208984375,0.02392097381353378,0.020867906385846433,-0.007874057843349873
1760555399424397800,72.19839770507812,0.006592822393774986,0.05413995179273188,-0.013308065590821205
1760555399434402800,72.20840283203125,-0.005368833556771278,0.01263597501553595,0.01528468115972355
1760555399444409000,72.2184091796875,0.030706103909015653,0.0025535204077139495,0.02123038302268833
1760555399454414000,72.2284140625,0.041352001085877416,-0.018292247211560607,0.026334081103559583
1760555399464419000,72.23841918945313,0.054848026996850964,-0.05218516446314752,0.03459412432350218
1760555399474425000,72.24842504882812,0.060278235352039335,-0.07101528141107409,0.007156739886850118
1760555399484430000,72.25843017578126,0.018607085314393042,-0.041453525231592354,-0.02325396127216518
1760555399494436000,72.26843603515626,0.05491057083904743,-0.06976783863324672,-0.011232026501744985
1760555399504441000,72.27844116210937,0.10276303986012936,-0.09722337978109717,0.013144490793254226
1760555399514446800,72.28844677734375,0.06626958472132682,-0.11536262838803231,-0.003832490834966302
1760555399524452000,72.2984521484375,0.05924012447595596,-0.08851444201618433,0.026710878526698796
1760555399534457900,72.30845776367188,0.03961597107350826,-0.030542748307157305,0.053217009995225814
1760555399544462800,72.318462890625,0.024347090271115302,0.018479586477205157,0.04404606247544288
1760555399554469000,72.32846923828124,0.024199790754914283,-0.0512446322100237,0.009897599560208617
1760555399564474000,72.33847412109375,0.06457973193824292,-0.08344448180813342,-0.0018148126033134756
1760555399574480100,72.34848022460938,0.023728666111826894,-0.00827173365773633,-0.014969240268692374
1760555399584485000,72.35848510742187,-0.036136312264204024,0.05694059709561988,-0.02704493278665468
1760555399594491000,72.36849096679687,0.0004664484679698944,0.04491497253077104,0.007395023888442665
1760555399604496100,72.37849609375,-0.0006260229438543319,0.04795534487366676,-0.01772062133606523
1760555399614502000,72.388501953125,-0.04439326847791671,0.08980112082585692,-0.03630249914396554
1760555399624507000,72.3985068359375,-0.0336363121420145,0.14094578152643517,0.03887309855064377
1760555399634512000,72.40851196289063,-0.03515197740197182,0.15060476829148828,0.03314173355810344
1760555399644518100,72.41851806640625,-0.04744681082963943,0.10734536268170923,-0.01491352802608162
1760555399654523100,72.42852319335938,0.030478724893927573,-0.019689601587783545,-0.028564196509495376
1760555399664529200,72.43852905273438,0.06071370415985584,-0.041899825960677116,-0.06361822996232658
1760555399674534100,72.4485341796875,-0.022327567142248154,0.027852979500219224,-0.07372150816246867
1760555399684540200,72.4585400390625,-0.0030716625303030013,0.07295207642624155,-0.007460691269487142
1760555399694545200,72.46854516601563,0.028639819028973577,0.03232554007070139,0.011205905679799616
1760555399704551000,72.47855102539063,-0.00397884050309658,0.007692417666129768,-0.027435082881711422
1760555399714556000,72.48855590820312,0.016340309426188467,0.002973462852835655,-0.017666370398178696
1760555399724562000,72.49856201171875,0.008691840499639511,0.027523893676325677,-0.024479758473765104
1760555399734567000,72.50856689453126,-0.001191255611181259,0.01772263063006103,-0.009710497756581752
1760555399744573200,72.5185732421875,0.04217325434088707,0.00895140475127846,0.010199870442412794
1760555399754578200,72.528578125,0.035431378865242,-0.011528379099816083,-0.006078424864541739
1760555399764584200,72.53858422851563,0.017784663015604017,-0.014247921990510075,-0.027026027156785128
1760555399774589200,72.54858911132813,0.013157003214955328,-0.022973372498806564,-0.030314912634342907
1760555399784594200,72.55859423828124,0.03174889096021652,-0.03492295441906899,-0.010199742578249424
1760555399794600000,72.56859985351562,0.03253799551129341,-0.025152707565575836,-0.016887458447553218
1760555399804605000,72.57860498046875,0.03718786714375019,-0.006832512901164591,0.032932218993268904
1760555399814611000,72.58861083984375,0.03976619319915771,-0.0016471461525186895,-0.01654622552813962
1760555399824616000,72.59861596679687,0.000602057546377182,0.0020088373380713165,-0.02252641418259591
1760555399834622200,72.60862231445313,0.02424772154986858,-0.00010294891782104969,0.02602333465395495
1760555399844627200,72.61862719726562,0.0395271237462759,0.0020176599653437734,0.023166593515966085
1760555399854633200,72.62863330078125,0.0036339725881814953,0.025780611939262597,-0.024209307501930743
1760555399864638200,72.63863818359376,0.025620178946852683,0.027889329455234108,-0.012652780019864439
1760555399874644000,72.64864404296875,0.03191314161121845,0.012080222562607377,-0.008375906418263912
1760555399884649000,72.65864892578125,0.015203414350748061,-0.025994181624706833,-0.023435692780930547
1760555399894655000,72.66865502929687,0.030337855118513106,-0.04600667675761506,-0.010004767995420842
1760555399904660000,72.67865991210938,0.04459259044229984,-0.048215767641831185,0.023726291491650044
1760555399914666000,72.688666015625,0.012314122650027274,-0.0060871561602689325,0.013568853685166686
1760555399924671000,72.6986708984375,0.021168460234999655,0.02693031169734895,0.0032569559693336487
1760555399934677200,72.70867724609376,0.024655717828869817,0.003382080186344683,-0.012418167546391487
1760555399944682200,72.71868212890625,0.010351298144459724,-0.01807151713296771,-0.02338966168211773
1760555399954687200,72.72868725585937,0.03704758189022541,-0.021513675209786743,-0.026657851431518793
1760555399964693000,72.73869287109375,0.05030161573886871,-0.03915982480384409,-0.010650189759489148
1760555399974698000,72.74869799804688,0.03256196090877056,-0.03793128765588626,-0.009992255573719739
1760555399984704000,72.7587041015625,0.040265374892950054,-0.012264511354640125,0.006450911438744515
1760555399994709000,72.768708984375,0.01776537379324436,-0.019965441120788453,0.023789894779771566
1760555400004715000,72.77871508789063,0.023519407275319097,-0.01680721455188468,0.015137746969703584
1760555400014720000,72.78871997070313,0.020425532913208005,0.03926567806480452,0.010815627720579504
1760555400024726300,72.79872631835937,0.0001344400346279144,0.0569029319663532,-0.00012861308204010127
1760555400034731300,72.80873120117188,0.013645078992843626,0.025754326720535754,-0.03409240361275151
1760555400044737000,72.81873706054688,0.0341851781964302,0.010754947041906417,-0.013743296936620027
1760555400054742000,72.82874194335938,0.024801848301291465,0.017064568580128253,-0.00622188845584169
1760555400064748000,72.838748046875,0.0430956298828125,-0.006772106217127293,0.016257453448325396
1760555400074753000,72.8487529296875,0.04838263037502765,-0.020364030250627545,0.007838073214516043
1760555400084759000,72.85875903320313,0.021955811220407486,-0.01034654890410602,-0.014844956301897763
1760555400094764000,72.86876391601562,0.021098902130126954,0.0199877077515237,-0.015678502782899884
1760555400104769000,72.87876904296876,0.03642155894637108,0.01709501851731911,-0.02613094148058444
1760555400114775000,72.88877514648438,0.021361352458596227,-0.012547949672210961,-0.010325195588823407
1760555400124780000,72.89878002929687,0.027698738786578178,0.0047706850005313755,-0.00282943300595507
1760555400134786000,72.9087861328125,0.02658756267428398,-0.031247590374574065,-0.04135978253353387
1760555400144791000,72.918791015625,0.03070142773389816,-0.03478792986255139,-0.0177997327205725
1760555400154797000,72.92879711914063,0.01594166549742222,0.014626235517300664,-0.020851594571862368
1760555400164802000,72.93880200195312,0.024697803404927252,0.004380187845602631,-0.004296838677395135
1760555400174808000,72.94880810546876,0.015624270111322402,0.005857639987021684,0.005223086676839739
1760555400184813000,72.95881298828125,0.03780453773736953,-0.005959949584025889,0.02580191045561805
1760555400194819000,72.96881909179687,0.010918284377455711,0.008732428238354623,0.020373254736699164
1760555400204824000,72.97882397460937,0.024131986215710638,-0.018175452431477605,0.02847653649235144
1760555400214829800,72.98882983398437,0.0452566073089838,-0.015483016743417828,0.03598994432976469
1760555400224834800,72.99883471679688,0.03198562232553959,-0.012674480395019054,0.009104038029722868
1760555400234841000,73.00884106445312,0.02740706236362457,-0.03438875621082261,-0.02854127229163423
1760555400244846000,73.01884619140625,0.03434124554097652,-0.00987615491338074,0.0027867081090807914
1760555400254851000,73.02885107421875,0.024665070179104805,0.01485810804441571,0.01935216806065291
1760555400264857000,73.03885717773437,-0.012396540236473083,0.013099336477275937,-0.006979319227021187
1760555400274862000,73.04886206054688,0.005732406172156333,0.031847273300774394,0.0335971491754055
1760555400284868000,73.0588681640625,0.021608020696043968,0.027458445490989834,0.04786631488334387
1760555400294873000,73.068873046875,0.026997897040843963,0.0175398396753706,0.04827175387907773
1760555400304878800,73.07887890625,0.054826984208822246,-0.019692104072123764,0.048803906260710204
1760555400314883800,73.0888837890625,0.02429097616970539,-0.02254729257384315,0.043088451223354786
1760555400324890000,73.09889013671875,0.01201017126739025,0.011157280765101312,0.008401113924756646
1760555400334895000,73.10889501953125,0.00976502268910408,0.025043127977568656,0.011226144750230014
1760555400344901000,73.11890112304687,0.037598201510310174,-0.030075532654207197,-0.007197948680073022
1760555400354906000,73.12890600585938,0.043451603713631624,-0.0557552597685717,-0.004295961894560605
1760555400364912400,73.13891235351562,0.023117256215214727,0.011742770769167691,0.008599047649651765
1760555400374917400,73.14891748046875,0.020875614768266677,0.012223649621289223,0.015264149828348308
1760555400384923100,73.15892309570313,0.02027472626566887,0.032256036764755844,0.01949946757685393
1760555400394928000,73.16892822265625,0.009349427625536918,0.00591938011161983,0.004944799458421766
1760555400404933000,73.17893310546874,0.03133972563743591,0.008608016407396644,0.0003536174769513309
1760555400414939100,73.18893920898438,0.02834521999657154,-0.007564297774434089,0.009369246570859104
1760555400424944000,73.19894409179688,0.02116904475688934,-0.02043742428040132,-0.006712101391889155
1760555400434950100,73.2089501953125,0.043162849900126456,-0.002175499141868204,0.014922496783826499
1760555400444955100,73.218955078125,0.044809448063373565,-0.042337413660343735,0.029351419630739835
1760555400454961200,73.22896118164063,0.015482815814018249,-0.009900394305493682,0.021462456479202956
1760555400464966100,73.23896606445312,-0.008638064485788344,0.04986735250744968,0.02470258917789906
1760555400474972200,73.24897216796874,0.013329437172412872,0.03560965804159641,0.0037373964300379155
1760555400484977200,73.25897705078125,0.014978373423218725,0.0036440921233966946,-0.042025132840778676
1760555400494983200,73.26898315429688,0.033552140989899636,-0.04083773142080754,-0.07071103776749223
1760555400504988200,73.27898828125,0.02998480389714241,-0.03253759365249425,-0.02993122881269082
1760555400514994200,73.288994140625,0.05111994638442993,-0.06631163376476615,0.003170903387386352
1760555400524999200,73.29899926757813,0.05117079978883266,-0.04315868518166244,-0.004206201251875609
1760555400535005200,73.30900512695312,0.029812954461574552,0.00440185168813914,0.018783026403188706
1760555400545010200,73.31901025390626,0.026254969719052314,-0.0017139095121063291,0.03542178905298933
1760555400555015200,73.32901513671875,0.019705401945114134,0.035877679594326764,0.02998730638148263
1760555400565021200,73.33902124023437,0.0329044907361269,-0.03939125893954187,0.039584973147045815
1760555400575026200,73.34902612304687,0.07484042918980122,-0.07693137358706444,0.030142003752849995
1760555400585032200,73.3590322265625,0.03313011618554592,-0.026154523285571486,0.023745836442336438
1760555400595037200,73.369037109375,0.01578209102153778,0.009549754236917942,0.04585291096800938
1760555400605043200,73.37904321289062,0.018783026403188706,0.01936972198365256,0.039711321206763385
1760555400615048200,73.38904809570313,-0.01248947921693325,0.03846817101156339,-0.011977310177404433
1760555400625054200,73.39905419921875,-0.006523848810791969,0.05815172645105049,-0.012308697556238622
1760555400635059200,73.40905908203125,0.003193243083357811,0.03907198212360963,-0.020990893444698303
1760555400645065000,73.41906494140625,0.015318565163016318,0.0017232253297232091,-0.06646331719513981
1760555400655070000,73.42907006835938,-0.01223638123869896,0.05343947537317872,-0.04186413359278813
1760555400665076200,73.439076171875,0.00808101512491703,0.0543797518979758,0.012297810836043208
1760555400675081200,73.44908129882812,-0.00033668460845947266,0.029569866420701144,0.023310513764992356
1760555400685086200,73.45908618164063,0.0008148235142230987,0.016722605008352546,0.013485467984341084
1760555400695092200,73.46909228515625,0.039974282991886136,-0.007607935986761003,0.018177881850581615
1760555400705097200,73.47909716796875,0.013756138151884078,-0.008214048653747886,0.004820369361154735
1760555400715103200,73.48910327148438,0.025826515173912046,-0.02454102367432788,0.016474037074763328
1760555400725108200,73.49910815429688,0.041786885371804236,-0.007442662422452122,0.015202227040659636
1760555400735114000,73.50911401367188,-0.0065665189087390895,0.016751082184165714,-0.04388568428196013
1760555400745119000,73.51911889648437,0.005985504150390624,0.008689721607789396,-0.04853814973030239
1760555400755125000,73.529125,0.021675825235247612,-0.0021856186770834026,-0.03287915536547079
1760555400765130000,73.5391298828125,0.033658523973822595,0.0023947313831187782,-0.04251812225580215
1760555400775136300,73.54913623046875,0.025887305450439452,0.0072506287153810255,-0.03296230360427871
1760555400785141200,73.55914135742188,0.052367900618910786,-0.03261261338377371,0.01026263348031789
1760555400795147300,73.56914721679688,0.0386076708137989,-0.04403024385180324,0.024430768232885747
1760555400805152300,73.57915234375,0.013912790018320083,0.007460563405323774,0.018452461008261888
1760555400815157200,73.5891572265625,0.014794249027967452,0.03816204593814909,0.016413813053816555
1760555400825163000,73.5991630859375,0.007007248413562774,0.013635617044754326,0.004088018232304602
1760555400835168000,73.60916796875,0.012998013260960579,0.016087065317481754,-0.03344203167892992
1760555400845174000,73.61917407226562,0.030808395239710806,0.00533306812364608,-0.035679672804195435
1760555400855179000,73.62917895507813,0.014203297397494315,-0.0008463511636480689,-0.010818276335392146
1760555400865185300,73.63918530273438,0.024081717333197594,-0.003694415804836899,-0.00012629326079040764
1760555400875190300,73.64919018554687,0.0293055894613266,-0.01864480524258688,0.021963830130081623
1760555400885196300,73.6591962890625,0.03318915289640426,0.01319090548455715,0.012135715609509497
1760555400895201300,73.669201171875,0.03559621403813362,-0.033133130126539616,0.0024205416778102515
1760555400905207000,73.67920703125,0.04292378044724464,-0.03408065837603062,0.007593341205827891
1760555400915212000,73.6892119140625,0.01074701946377754,0.019504344681371,-0.013627835597097872
1760555400925218000,73.69921801757812,0.021370120286941525,0.025632088580355046,-0.013269304483011364
1760555400935223000,73.70922314453125,0.012998013260960579,0.005665240953769535,-0.03310766689172014
1760555400945229000,73.71922900390625,0.028130115941166878,-0.010207962417323142,-0.04433775716470554
1760555400955234000,73.72923413085938,0.03772212015092373,-0.001844659752305597,-0.025340083363838493
1760555400965239000,73.73923901367188,0.013214286360144614,-0.004996072987932711,-0.024294939958769825
1760555400975245300,73.74924536132812,0.016546645653247833,-0.015501831041742116,-0.03894806348299607
1760555400985250300,73.75925024414063,0.017619243320822715,0.009251246214378625,0.008876823411416261
1760555400995256000,73.76925610351563,0.012992168042063712,0.027685440913587808,0.022864614894706755
1760555401005261000,73.77926098632813,0.014206804528832434,0.009539579902775585,0.02948976865550503
1760555401015267000,73.78926708984375,0.014651625686883926,0.017600721283443272,0.021584530222602188
1760555401025272000,73.79927197265626,0.03739946406781673,-0.0012972550026141107,-0.005747896002233028
1760555401035278000,73.80927807617188,-0.0032920272827148436,0.011719791752379386,-0.013809037382900714
1760555401045283000,73.81928295898437,0.0043278000712394715,-0.004070318178832531,0.007522340062540024
1760555401055289300,73.82928930664062,0.03963233768641949,-0.00152313618035987,0.026456355776358395
1760555401065294300,73.83929443359375,0.03126724492311477,-0.02374307822966948,0.013771317454706876
1760555401075300000,73.84930004882813,0.03860942437946796,-0.04029894836898893,0.0014813245989382267
1760555401085305000,73.85930517578124,0.0421937126070261,-0.02063252672739327,0.022810857147164642
1760555401095310300,73.86931030273438,0.014366963526606559,0.011797935022506862,0.03440048318123445
1760555401105316000,73.87931616210938,0.02243745725750923,-0.009853011499810964,0.010826898033265024
1760555401115321000,73.88932104492187,0.026767010894417763,0.009362579368054865,0.034834508950635786
1760555401125327000,73.8993271484375,0.016148586246371267,-0.010080299183353781,0.014242789157666266
1760555401135332000,73.90933203125,0.030963293540477752,-0.044473147047404196,0.0044980055389925834
1760555401145338000,73.91933813476562,0.022287819653749465,-0.004824917672108859,-0.004897964642010629
1760555401155343000,73.92934301757812,0.005537760382890701,-0.002155734995473176,-0.008245192710682749
1760555401165349000,73.93934912109376,0.019313772279024123,-0.02585440782783553,-0.00842213844647631
1760555401175354400,73.94935424804687,0.051962826949357985,-0.04171793005513027,0.0022850239309482275
1760555401185360100,73.95936010742187,0.037028877189755435,-0.028402009951416403,0.016026366372499615
1760555401195365000,73.969365234375,0.01999357123672962,0.019119144756067543,0.026816183798387645
1760555401205371100,73.97937109375,0.016718495088815687,0.011717672860529273,0.019752382891997693
1760555401215376100,73.98937622070312,-0.0022568390160799027,-0.01599502138616517,-0.025248002899903803
1760555401225381000,73.99938110351563,0.020367665246129034,-0.01824426161767915,-0.018378299793507902
1760555401235387100,74.00938720703125,0.0537614008039236,-0.01162597598908469,0.006882105930242687
1760555401245392100,74.01939208984375,0.025522563791275023,-0.0032403884270228445,-0.008860895189922302
1760555401255398400,74.0293984375,-0.0016869301736354826,0.022373488643206655,-0.004089881395827979
1760555401265403400,74.0394033203125,-0.009312018224596976,0.053412185507453976,0.022332261583674698
1760555401275409200,74.0494091796875,0.010599135425686836,0.036115744400210675,0.029635424203891307
1760555401285414100,74.0594140625,0.02302957793176174,-0.004251976622361689,0.016102737810648977
1760555401295420200,74.06942016601562,0.04743044421672821,-0.046172480044886464,0.017303912027645856
1760555401305425200,74.07942504882813,0.051043374016880985,-0.04608176955413073,0.01588290278119966
1760555401315431200,74.08943115234375,0.057067456611990926,-0.07174808919765055,-0.016949362968932836
1760555401325436200,74.09943627929688,0.0379541753411293,-0.008417334407195448,-0.017354692366812377
1760555401335442200,74.10944213867188,0.0035720132678747174,0.038438634389825165,-0.020792977986112234
1760555401345447200,74.119447265625,-0.011653028392791748,0.030513759674690662,-0.011933471035677939
1760555401355452400,74.12945239257813,0.007091419565677643,0.016937471601739525,-0.011003971633221954
1760555401365458400,74.13945849609375,0.02899520833790302,-0.036147600843198596,-0.022221056294161826
1760555401375463400,74.14946337890625,0.06272504398226737,-0.057692968099191784,-0.015818294846080244
1760555401385469400,74.15946948242187,0.04797697218358517,-0.025911764038261023,-0.01418921407321468
1760555401395474400,74.16947436523438,0.001496376037597656,0.002618621533177793,0.008123630423936993
1760555401405480700,74.17948071289062,-0.02210544882416725,0.04301584264487028,0.02692875906107947
1760555401415485700,74.18948559570312,-0.021336218017339707,0.0799801849647425,0.029783454372454433
1760555401425491500,74.19949145507813,-0.020857494589686394,0.059945971190370616,-0.012121504421066492
1760555401435496400,74.20949633789063,-0.011256722551584244,0.020857585921231655,-0.040979605843219906
1760555401445502500,74.21950244140625,0.02766074486374855,0.021269582521915433,-0.01704681372772902
1760555401455507500,74.22950756835938,0.023041268369555473,0.017866258618142453,-0.01565599869014695
1760555401465513500,74.23951342773438,0.011985036826133727,0.019321827721316367,-0.018094276954047382
1760555401475518500,74.2495185546875,0.030676877814531326,0.020629859846271574,0.03429824664946645
1760555401485524700,74.25952465820312,0.018255203136801717,-0.002893858277983963,0.02547386581134051
1760555401495529700,74.26952978515625,0.008841478103399277,0.00860441794451326,-0.020070855990331617
1760555401505534700,74.27953466796875,0.02649988439083099,0.0063389937631785865,-0.017793339512404055
1760555401515540500,74.28954052734375,0.03775251528918743,-0.044509003812074656,-0.031237142045795915
1760555401525545500,74.29954541015626,0.053663201126456256,-0.10181752090463414,-0.01720876282379031
1760555401535551500,74.30955151367188,0.05699789850711822,-0.06681560123153031,0.011285491988342255
1760555401545556500,74.31955639648437,0.023511223968863487,-0.006408515335433185,0.03768193427100777
1760555401555562500,74.3295625,0.023091537252068518,-0.005783697967976331,0.020270525014586746
1760555401565567500,74.3395673828125,0.020431378132104872,-0.01005666257943958,0.01612869423581287
1760555401575573500,74.34957348632813,0.020167174237966535,-0.025958270061109213,0.00700445366827771
1760555401585578500,74.35957861328124,0.01736848343014717,0.016435677825752646,-0.010063749907352029
1760555401595584500,74.36958447265626,0.01741641422510147,0.005766929496265947,-0.029507888834085314
1760555401605589500,74.37958959960937,0.039918168890476224,-0.04005503834420815,-0.011533274470642209
1760555401615595500,74.38959545898437,0.014542320093512534,-0.015394607807602732,0.00003017594255506992
1760555401625600500,74.3996005859375,0.01413549285829067,-0.0013355411863885819,-0.007990359433088451
1760555401635605500,74.40960546875,0.004582651615142822,0.06752988698072732,0.012856906023528425
1760555401645611500,74.41961157226562,-0.020835867279767988,0.08854817988900467,-0.016547157109901307
1760555401655616500,74.42961645507812,0.007588847693800926,0.08899711096659302,0.014627989082969724
1760555401665622500,74.43962255859375,0.0054775546282529826,0.055133712070435284,0.012858275996707379
1760555401675627500,74.44962744140625,-0.019366379249095917,0.04216457784408703,-0.013106770865060388
1760555401685635600,74.45963549804688,0.02505611532330513,0.004958882782701402,0.031786519556865095
1760555401695640600,74.469640625,0.02487257544994354,-0.008678615691885352,-0.0021468941018916664
1760555401705646600,74.479646484375,-0.004026186776161194,0.017882552165817467,-0.015110712832305579
1760555401715651600,74.48965161132813,0.018391396737098692,0.04235703167626634,0.005462338792812079
1760555401725657300,74.4996572265625,0.0038280338555574415,0.03747879464803263,0.012221494196821003
1760555401735662300,74.50966235351562,0.011422726768255233,-0.018003803925309328,-0.0024718152073211967
1760555401745668600,74.51966870117188,0.021402853512763977,0.004702770863473415,0.012270374839846044
1760555401755673600,74.52967358398438,0.017754267877340316,0.01976876777121797,0.0009456833522766828
1760555401765678600,74.5396787109375,0.022947160345315933,-0.016200152036827058,0.0028030747219920157
1760555401775684600,74.5496845703125,0.019162381109595297,-0.021685031455010176,0.03767402495918795
1760555401785689600,74.55968969726563,0.0660965662419796,-0.096986264823284,0.021845245251711456
1760555401795695600,74.56969555664062,0.04287994130551815,-0.08297582311676814,0.0010700038516893982
1760555401805700600,74.57970068359376,0.053041854357719416,-0.04204102452965453,-0.010180636018980295
1760555401815706400,74.58970629882812,0.029677345383167266,0.025185367726162075,-0.052327787804231043
1760555401825711600,74.59971166992187,-0.01401274326145649,0.046811161540914324,-0.03549956699693575
1760555401835717400,74.60971728515625,0.03342237713038921,0.01897316041411832,-0.011250384142342954
1760555401845722400,74.61972241210937,0.020837036323547362,0.01652311864718795,0.007175663783028721
1760555401855728600,74.62972875976563,0.023237667724490166,0.018971534712612627,-0.006259425720945001
1760555401865733600,74.63973364257812,0.0253232418268919,0.0298108903686516,0.008646704449970274
1760555401875739600,74.64973974609374,-0.010318564918637274,0.04651104608317837,0.012712602182012051
1760555401885744600,74.65974462890625,-0.00405073669552803,0.0395025190279819,-0.022624157202336934
1760555401895749600,74.66974951171875,0.05624152718186378,-0.0532284081720747,0.013843451109156012
1760555401905755400,74.67975537109375,0.046044542816281314,-0.024155586287006734,-0.003785601219628006
1760555401915760600,74.6897607421875,0.0018961890101432798,0.015353599943779408,-0.016229286799766124
1760555401925766400,74.69976635742188,0.03181318836808204,0.04118400584151968,0.039735761528275904
1760555401935771400,74.709771484375,0.01740238569974899,0.04937007050979882,0.024485695024207232
1760555401945777700,74.71977758789062,0.024247137027978895,0.032250995263457295,0.012567677285987884
1760555401955782700,74.72978271484375,0.051591655549407,-0.00363967167660594,0.02138973830286413
1760555401965788700,74.73978857421875,0.028186814564466475,0.009604571430385112,-0.009352185838203877
1760555401975793700,74.74979370117188,-0.011964578559994696,0.021120145847555248,-0.053811523555964226
1760555401985799400,74.75979931640624,0.013140636602044104,0.057424033231008795,-0.03806370013020932
1760555401995804700,74.7698046875,0.026850013002753255,0.03705644105011597,0.009919373000599443
1760555402005809700,74.7798095703125,0.013639818295836447,-0.005067549055255949,0.00804455557204783
1760555402015815400,74.7898154296875,0.054007484519481654,-0.022196597706340252,0.043690234775096176
1760555402025820400,74.7998203125,0.08386953881978988,-0.09760832397807388,0.0273417785750702
1760555402035826400,74.80982641601562,0.043884734433889384,-0.07579166550002991,-0.010957593474537133
1760555402045831400,74.81983154296876,0.01695113480091095,-0.005074234524369239,-0.021711955994553864
1760555402055837700,74.82983764648438,0.0390782109349966,0.0015222045985981822,0.012746175658050923
1760555402065842700,74.8398427734375,0.020357728374004364,-0.0013238142159767447,-0.008770294297020882
1760555402075848700,74.8498486328125,0.02185410441160202,-0.007421144710388034,-0.003883271174132824
1760555402085853700,74.85985375976563,0.05132452904582023,-0.04097425381466746,0.012014226387999951
1760555402095859500,74.869859375,0.022602292430400846,-0.0058012153583578766,0.0108534024477005
1760555402105864400,74.87986450195312,0.025007600006461142,0.0033416385781019926,0.011673742387257515
1760555402115870500,74.88987036132812,0.03997954368889332,-0.03520315959993749,-0.008457191493548453
1760555402125875500,74.89987548828125,0.004996493113040924,-0.0035774748942814763,-0.032095877766981716
1760555402135880400,74.90988037109375,0.031067338436841962,-0.0008960172579623758,-0.0049083581718616185
1760555402145886500,74.91988647460937,0.02599719556570053,-0.003952811012696475,-0.011842760544922202
1760555402155891500,74.92989135742188,-0.023950784429907796,0.04938384330682456,-0.0027043818541802466
1760555402165897700,74.93989770507812,0.004945055186748504,0.05368471883852034,0.017266995817050337
1760555402175902700,74.94990283203126,0.001793313157558441,0.043659784837905315,-0.007365706462413072
1760555402185908500,74.95990844726562,0.007622749963402748,0.031096710661798713,0.0039927776969037945
1760555402195913500,74.96991357421875,0.03515373096764087,0.024977972053177654,0.01533356180274859
1760555402205919500,74.97991943359375,0.031845337072014805,-0.0033128874076530333,0.013332451113406567
1760555402215924500,74.98992456054688,0.051743046718835825,-0.04752829683432355,0.01206188318831846
1760555402225930500,74.99993041992188,0.05683364785611629,-0.051877760748099536,0.011120821212232112
1760555402235935500,75.009935546875,0.0602840805709362,-0.03826367968171835,0.026736780152935534
1760555402245940500,75.0199404296875,0.052523383441567414,-0.05510985627081245,-0.0036216245632618663
1760555402255946800,75.02994677734375,-0.034386838248372076,0.08298983337581158,-0.010156634088885038
1760555402265951700,75.03995166015625,-0.005941080486774444,0.08364298178860917,0.024655918758269398
1760555402275957500,75.04995751953125,0.06466916378736495,-0.03834165855506435,0.016732633212022483
1760555402285962500,75.05996240234376,0.02456628597974777,-0.05769258450670167,-0.009060089290142058
1760555402295968500,75.06996850585938,0.021445523610711097,0.016015443119686095,-0.00717133466778323
1760555402305973500,75.07997338867187,0.02593874337673187,0.012426935374736785,-0.00209925556788221
1760555402315979500,75.0899794921875,-0.02433715339899063,0.054020764126162975,-0.03543532438799739
1760555402325984500,75.09998461914063,-0.01011222869157791,0.06276283697569743,-0.022641382331773638
1760555402335990500,75.10999047851563,0.02055821938216686,0.05388172098165377,0.0005007525963708758
1760555402345995300,75.11999536132812,-0.005634791016578674,0.06607267390973866,-0.015520681872684508
1760555402356001000,75.1300009765625,-0.011789221993088721,0.05411081702979281,-0.0007091163837350904
1760555402366006000,75.14000610351563,0.02064239053428173,0.021997549736592917,-0.004557462374959141
1760555402376011000,75.15001098632813,0.027197803527116773,0.024962591820955275,-0.013675364533253014
1760555402386017000,75.16001708984375,0.042433951103687285,-0.010499310046713799,0.017321867809444665
1760555402396022000,75.17002197265624,0.04734042784571647,-0.07451784617193043,0.0013785948768258094
1760555402406028300,75.1800283203125,0.03969078987538814,-0.0535075721733272,-0.009989753089379518
1760555402416033300,75.190033203125,0.0031809681236743925,0.026158724536653608,-0.003024663317110389
1760555402426039300,75.20003930664062,0.005108721315860748,0.03862266745353117,0.031100035130046305
1760555402436044300,75.21004418945313,0.010756371814012526,0.019455427505727856,0.027200908799655733
1760555402446050000,75.22005004882813,-0.007072130343317985,0.028013723019883034,0.0006573313975706696
1760555402456055000,75.23005493164062,0.0017255086183547972,0.058916847338341176,0.008609094119630753
1760555402466061000,75.24006103515624,-0.01569675082564354,0.07094278243044391,0.009902385333180427
1760555402476066000,75.25006616210938,-0.016205869391560553,0.03697418786045164,-0.0391206983698532
1760555402486071000,75.26007104492187,0.010981997263431548,0.011623857097234576,-0.005756408102251589
1760555402496077000,75.2700771484375,0.0460801986515522,-0.0010220547904260457,0.02241414944715798
1760555402506082000,75.28008203125,-0.02179915935397148,0.09658793142177163,-0.006949581675883382
1760555402516088300,75.29008837890625,-0.016346154645085334,0.0655265295353718,0.005650244314037263
1760555402526093300,75.30009326171874,0.029637597894668577,0.007958174196537583,0.041626799439266324
1760555402536099000,75.31009912109376,0.030851065337657926,-0.017810838636476544,0.005070106338523328
1760555402546104300,75.32010424804687,0.016979776373505593,-0.027061847388837486,-0.024165906751621512
1760555402556110000,75.33011010742187,-0.0036357261538505553,0.0711091337069869,0.027757264040783047
1760555402566115000,75.34011499023437,0.008163432711362838,0.08626193211534991,0.05557758338041603
1760555402576121000,75.35012109375,0.0042453824847936625,0.025082911998685446,0.023667072117701173
1760555402586126000,75.3601259765625,0.03684007661938667,0.0041445889914408325,0.015091661071963608
1760555402596131000,75.37013110351562,0.08545534670650959,-0.08821668291231617,-0.004647058620862662
1760555402606137300,75.38013745117188,0.0564367574930191,-0.07632865845356136,-0.028159068041015416
1760555402616142300,75.39014233398437,0.04570493559837341,-0.0863242750281468,0.004785645107645541
1760555402626148000,75.40014819335937,0.08647299931645393,-0.1336030175481923,0.018456041204836217
1760555402636153300,75.4101533203125,0.0904483326882124,-0.12968317722333594,0.028123083412181584
1760555402646159000,75.4201591796875,0.04806815759837627,-0.0733876365656033,0.027210918737016615
1760555402656164000,75.4301640625,0.03756020758748054,-0.009911098362598568,0.027175756092090157
1760555402666170000,75.44017016601562,0.031242695003747937,-0.018703019969537854,-0.010299604489840566
1760555402676175000,75.45017504882813,0.017915595918893815,-0.026341387627180666,-0.028570005195774135
1760555402686181000,75.46018115234375,0.028531682479381558,-0.0018151231305673717,-0.028756047553475945
1760555402696186000,75.47018603515625,0.026134558209776875,-0.00217668645195663,-0.04528338571805507
1760555402706191000,75.48019116210938,0.01868774933516979,-0.01441739680590108,-0.037512952645961196
1760555402716197400,75.490197265625,0.015554127484560011,0.030687527072709053,0.010629238303005694
1760555402726202400,75.50020239257813,-0.00032031799554824825,0.03125442197415978,0.01253841465888545
1760555402736208100,75.5102080078125,-0.00898994666337967,0.03488987413337454,-0.018274419293925166
1760555402746213000,75.52021313476563,0.016285364368557927,0.04492123787477612,-0.001403455323446542
1760555402756219100,75.53021923828125,0.007434533914923667,0.038892789631802586,-0.0420586880505085
1760555402766224100,75.54022412109374,-0.002601122409105301,0.04500723565779626,-0.03179115919936448
1760555402776230100,75.55023022460938,0.017269699230790136,0.07074888555984944,-0.015078801590390503
1760555402786235100,75.56023510742187,0.027559038054943082,-0.008712865021359175,-0.039505532968975604
1760555402796241200,75.5702412109375,0.04552022668123245,-0.05414983386592939,-0.025444749314710496
1760555402806246100,75.58024609375,0.04956453363597393,-0.01202379793394357,-0.0061942332639358935
1760555402816251400,75.59025146484375,0.016193009909987448,0.02237164374599233,-0.018041962244920433
1760555402826257200,75.60025708007812,-0.009967267262935639,0.00759785298416391,-0.0134464146155864
1760555402836262100,75.61026220703125,0.03643967912495136,-0.018131686354987322,0.001429722275864333
1760555402846268200,75.62026806640625,0.027170915520191193,-0.025579152816720307,0.02025819525597617
1760555402856273200,75.63027319335937,0.0405161347836256,-0.04059754772307351,0.019191680269315836
1760555402866279200,75.64027905273437,0.05894669448733329,-0.060307297049742185,0.060555079532042144
1760555402876284200,75.6502841796875,0.022450316739082335,-0.010158131926227361,0.008742967898678034
1760555402886290200,75.66029028320312,0.009164134186506271,0.03300933935008943,-0.008951697012223302
1760555402896295200,75.67029516601562,0.029230186137557027,0.02157495867665857,0.009548000671248882
1760555402906301200,75.68030126953126,0.017719196563959122,0.012354107600543647,0.007396430394239723
1760555402916306200,75.69030615234375,0.04438859230279922,-0.05619728618133813,-0.010469572495575993
1760555402926311200,75.70031127929687,0.06389817941486835,-0.05795081531777978,0.0007101210307329893
1760555402936317200,75.71031713867187,0.033118425747752187,-0.0146025075818412,0.03757299400381744
1760555402946322200,75.720322265625,0.026430910807847974,0.01013349067531526,0.017299564646091312
1760555402956328200,75.730328125,-0.0029991818159818646,0.036872517584264276,-0.001744523846078664
1760555402966333200,75.74033325195313,0.014689035087823868,0.056987395379412914,0.014317461829073726
1760555402976339200,75.75033911132813,-0.0005552957952022552,0.06692563747726381,0.017835589485242963
1760555402986344200,75.76034423828125,-0.02210018812716007,0.07312414505751803,0.004778831774368882
1760555402996350000,75.77034985351563,-0.002974631896615028,0.061796366563718765,-0.00961887395037338
1760555403006355000,75.78035498046874,-0.002697568520903587,0.03094871702585369,-0.0015303879050537943
1760555403016360000,75.79035986328125,0.03827975403368473,-0.0020396343351341785,0.0105297051849775
1760555403026366200,75.8003662109375,0.028662615382671355,0.03895142448386177,-0.0024635040367022155
1760555403036371200,75.81037109375,-0.012079144850373267,0.05672675341553986,-0.021963336939737198
1760555403046377200,75.82037719726563,0.008232406294345854,0.03914765944201499,0.01240300650987774
1760555403056382200,75.83038232421875,0.04604045116305351,-0.01569384648250416,-0.015851064604520796
1760555403066388200,75.84038818359375,0.009950900650024413,-0.0022501718132756647,-0.01086048977561295
1760555403076393200,75.85039331054688,0.018739771783351896,0.028478125661239025,0.00737898606909439
1760555403086399000,75.86039892578125,0.03708674485683441,-0.00634556963443756,0.015341215386241674
1760555403096404000,75.87040405273437,0.04273497987687588,-0.03248918793350458,0.010577197588514536
1760555403106410200,75.88041015625,0.06170271519720554,-0.03249085016762838,0.022515746658109126
1760555403116415200,75.89041528320313,0.04400280785560608,-0.013103208934795111,-0.009119180799927563
1760555403126420200,75.90042016601562,0.027978140249848363,-0.006409154656250029,-0.02624300528662279
1760555403136426200,75.91042626953126,0.04234101212322712,-0.03660038611199706,-0.02036121723903343
1760555403146431200,75.92043115234375,0.03560439734458923,-0.0256068080086261,-0.006749492526520043
1760555403156437200,75.93043725585937,0.016029928302764892,-0.02519784361524507,-0.0051754664091393345
1760555403166442200,75.94044213867187,0.042997430205345154,-0.011830284655839204,-0.008509634066838771
1760555403176448000,75.95044799804687,0.028052959051728246,0.015809380887262522,0.002624265822675079
1760555403186453000,75.96045288085938,0.022393618115782738,0.010418737357482314,-0.0030178682501427827
1760555403196459000,75.970458984375,0.032439211311936375,0.01361742380093783,-0.00816155128153041
1760555403206464000,75.98046411132813,0.022269699475169182,0.022043763498496263,-0.0018451894752681253
1760555403216470300,75.99047021484375,-0.014683189868927,0.022213384444359687,0.0010044643348082899
1760555403226475300,76.00047534179687,0.014203881919384001,0.028778460314683615,-0.01685552893932909
1760555403236480300,76.01048022460938,0.026629063728451727,0.01814633593484759,-0.024038188718724995
1760555403246486300,76.020486328125,0.015126257461309432,0.03693378278482705,-0.026104400533530858
1760555403256491300,76.0304912109375,0.022172668841481207,0.013662304122280328,-0.013111812366358935
1760555403266497000,76.0404970703125,0.03745090199410915,-0.015956954398099334,-0.010778748042602091
1760555403276502000,76.050501953125,0.03119827134013176,-0.023610811885818837,-0.007963581024017185
1760555403286508000,76.06050805664063,0.01865852324068546,-0.0011365845481865107,-0.00273532498171553
1760555403296513000,76.07051293945312,0.020483985102176666,0.013913228409737348,-0.023306878769490866
1760555403306519300,76.08051928710937,0.025758126112818715,-0.015572119798976927,-0.02520228232834488
1760555403316524300,76.09052416992188,0.02969546556174755,-0.0076954681397415695,-0.026223734330572186
1760555403326530300,76.1005302734375,0.04052782522141933,-0.022139241495914758,-0.02783018314652145
1760555403336535300,76.11053540039063,0.037756606942415234,-0.02235061922427267,-0.060013684398028996
1760555403346540500,76.12054052734375,0.042187867388129234,-0.028714656097162512,-0.011710512467380613
1760555403356546300,76.13054638671875,0.05215981082618236,-0.04567324355216697,-0.022408340760879216
1760555403366551300,76.14055126953124,0.04330430419743061,-0.026050039997790007,-0.04620682070590555
1760555403376557300,76.15055737304688,0.024891280150413513,-0.02120453619537875,-0.01381913865180686
1760555403386562300,76.16056225585938,0.034897710379958154,0.0025931400320492685,-0.007469221635814756
1760555403396568600,76.17056860351562,0.015428455278277397,0.045359446628950535,-0.025225937198568135
1760555403406573600,76.18057348632813,0.00015080664753913878,0.04120364212375134,0.013529544588085264
1760555403416579600,76.19057958984375,0.02854161935150623,0.021955263231135905,0.052184488609712566
1760555403426584600,76.20058447265625,0.007982230925559997,0.03731173098543659,0.032129743503965434
1760555403436589600,76.21058959960938,-0.014834581038355827,0.06455375724676995,0.03187816162938252
1760555403446595300,76.22059521484375,0.045673371416330336,-0.02432630321141332,0.019134031797945497
1760555403456600300,76.23060034179687,0.0665279433965683,-0.0775471125989221,-0.017026117999572307
1760555403466606300,76.2406064453125,0.034761516779661175,-0.043096250937320287,-0.02915655464576557
1760555403476611300,76.250611328125,0.05685118351280689,-0.00037796646691858765,0.05291114065013826
1760555403486617600,76.26061767578125,0.03132920424342155,0.0010468056391924618,-0.003475256628822535
1760555403496622600,76.27062255859374,-0.024686112967133522,0.030695564248692242,-0.03255547636905685
1760555403506628600,76.28062866210938,0.00023965397477149962,0.06109315019780769,0.02743141135359183
1760555403516633600,76.29063354492187,0.040835283735394474,0.020034031111281363,-0.013431491041090338
1760555403526639400,76.30063940429687,-0.002474281159043312,-0.022902955877408385,-0.07605844494374468
1760555403536644400,76.31064428710937,0.06512684442698956,-0.04534647754952311,-0.02749203723333776
1760555403546649300,76.3206494140625,0.06312544147670268,-0.060341564645525064,-0.009887571356538682
1760555403556655400,76.3306552734375,0.0039823476344347,-0.002914663603994995,-0.026471681209653614
1760555403566660400,76.34066040039062,0.025653496694564817,0.01562202335530892,-0.011780673360452056
1760555403576666400,76.35066625976563,0.043561493828892704,0.007577339919097721,0.010492588044982402
1760555403586671400,76.36067138671875,-0.016186580169200895,0.05267276531700044,-0.018270784298423676
1760555403596677600,76.370677734375,-0.00756079064309597,0.06118311176989227,0.027282266940176485
1760555403606682600,76.3806826171875,0.03634615562260151,0.05756577978925779,0.06141752331396565
1760555403616688400,76.3906884765625,0.021585808864235875,0.0292333644753322,0.011693323870562017
1760555403626693400,76.400693359375,0.009217910200357437,0.0007044219423085451,0.007538871072232723
1760555403636698400,76.41069848632813,0.030652912417054173,0.012580573300179093,0.044869672084320335
1760555403646704400,76.42070434570313,0.031575872480869294,0.002988605623040348,0.006943791255913674
1760555403656709400,76.43070947265625,0.012906243324279785,0.011454692809097469,0.0012679010439664124
1760555403666715400,76.44071533203125,0.0482540355592966,-0.012710757284797727,-0.002779328520223498
1760555403676720400,76.45072045898438,0.01251519818007946,0.020149620314966886,-0.03125476903403178
1760555403686726700,76.4607265625,0.008076923471689224,0.010135828762874007,-0.04361572650047019
1760555403696731600,76.47073168945313,0.036707974672317505,-0.016223222385160625,-0.027288514017872512
1760555403706737400,76.4807373046875,0.02567395496070385,0.00434062302019447,-0.005820522847026586
1760555403716742400,76.49074243164063,0.07182371171712874,-0.10457852831687778,-0.020349161475058643
1760555403726747400,76.50074731445312,0.0570814851373434,-0.054348041585460305,0.01761089561758563
1760555403736753400,76.51075341796874,0.03575695755779743,-0.017454773474112152,0.05442079629441723
1760555403746758400,76.52075830078125,0.04091127158105373,-0.029016378990095106,0.037658589928038416
1760555403756764400,76.53076440429687,0.022722119417786596,-0.009446476525533943,0.037078671148233114
1760555403766769400,76.54076928710937,0.04703238480985164,-0.02635168982548639,0.030556119245383886
1760555403776775400,76.550775390625,0.09948211849331855,-0.14023381559848785,-0.022850421972572803
1760555403786780400,76.56078051757812,0.07416705997288227,-0.14305959534263238,-0.035234248857945204
1760555403796786400,76.57078637695312,0.06952011094987393,-0.05605113744260743,0.01812079963479191
1760555403806791400,76.58079150390626,0.02116086145043373,0.007635536379739642,0.014617851281445472
1760555403816797400,76.59079736328125,-0.028241759622097014,0.031469489496946335,-0.01525713556567207
1760555403826802400,76.60080249023437,0.0018184475988149641,0.020911982989590613,0.002447356619499624
1760555403836807400,76.61080737304688,0.019582652348279952,0.016415767548885195,0.009465948410984129
1760555403846813400,76.6208134765625,0.002624503284692764,0.026494824623223393,-0.02159662251919508
1760555403856818400,76.630818359375,-0.002209492743015289,0.03824196104025468,-0.011771704602707177
1760555403866824400,76.64082446289062,0.04546235901415348,-0.015444036439899354,0.01798902648128569
1760555403876829400,76.65082934570313,-0.003984685721993446,0.009126889182347804,0.02647104188883677
1760555403886835500,76.66083544921875,0.011662380743026732,0.0377281754323747,0.01955225721001625
1760555403896840400,76.67084033203125,0.013972411251068115,0.035989798199292274,0.011908939382620155
1760555403906846500,76.68084643554687,-0.044182256075739855,0.10464363857549615,-0.015508863570727408
1760555403916851500,76.6908515625,-0.04369008864462375,0.14699705352257006,-0.007809723902866244
1760555403926856400,76.7008564453125,-0.04651508293747902,0.15193503964771515,0.0009908194019459188
1760555403936862500,76.71086254882813,-0.026605682852864264,0.10882039453717879,0.0015896803442388772
1760555403946867500,76.72086743164063,0.0042144028246402735,0.036798328970046715,0.01868620583205484
1760555403956873500,76.73087353515625,0.030989597025513647,-0.01781405350686982,0.03733355009160004
1760555403966878500,76.74087841796874,0.06823825444579124,-0.05380553220659494,-0.007047224230924621
1760555403976884500,76.75088452148438,0.05192249493896961,-0.08258783757933415,-0.029552887886436653
1760555403986889500,76.76088940429688,0.0070434887707233424,0.00020955109745264053,0.012098726333677768
1760555403996895500,76.7708955078125,0.017517536512017248,0.07853980429754592,0.0012701295336708426
1760555404006900500,76.780900390625,0.0014957915157079696,0.03854846057300455,-0.008894002875080331
1760555404016905500,76.79090551757812,0.019905308431386947,-0.03641153074270114,-0.0387694829125423
1760555404026911500,76.80091137695312,0.05149053326249122,-0.050245885229948904,-0.03198574105654843
1760555404036916500,76.81091650390626,0.012601707419753074,-0.0009297825302463025,0.02233904751748778
1760555404046922500,76.82092260742188,-0.014772037196159361,0.041009270329121494,0.007010481550265103
1760555404056927500,76.83092749023437,0.004531213688850402,0.053012153339199716,0.015356431221682577
1760555404066933500,76.84093359375,0.03041559652984142,0.009844170606229453,0.013872184013295917
1760555404076938500,76.8509384765625,0.04507131386995315,-0.01231773937921971,0.013863900242140516
1760555404086944300,76.8609443359375,0.03474573468863964,-0.027318726493045686,-0.007883675055066123
1760555404096949200,76.87094921875,0.035198739153146745,-0.04584649036037736,0.019039156588725743
1760555404106954200,76.88095434570313,0.033249358651041984,0.009284235168527812,0.01956122596776113
1760555404116960500,76.89096044921875,0.005870937860012054,0.03682401140057481,-0.010446072888979687
1760555404126965500,76.90096557617187,0.026072598889470097,0.01792164206719026,-0.005030139654316008
1760555404136971500,76.91097143554687,0.033546880292892454,0.01200774184828624,-0.015995067051937803
1760555404146976500,76.9209765625,0.0028705870002508163,0.009328649698989465,-0.02016994158378802
1760555404156982500,76.930982421875,0.026661796954274175,0.003531443795468658,0.031348475199472155
1760555404166987500,76.94098754882812,0.027691724523901937,0.0007944839790929108,0.025518143344484268
1760555404176993300,76.9509931640625,0.010624854388833045,0.00528280837428756,0.006570692760357633
1760555404186998300,76.96099829101563,0.020193477723002434,0.018064375006128102,0.004200228168815374
1760555404197004500,76.97100463867187,0.00685059654712677,0.04861663092714734,-0.008240169475693256
1760555404207009500,76.98100952148438,0.011482348001003265,0.016813041504472492,-0.0614742767361924
1760555404217014500,76.9910146484375,0.04395663062632084,-0.02968892622310668,-0.027485607492551207
1760555404227020500,77.0010205078125,0.04200374299287796,-0.02085747632337734,0.0021239972834941
1760555404237025500,77.01102563476563,0.010879705932736397,0.028868458419386296,-0.030804568447964264
1760555404247031600,77.02103149414063,0.013273907592892646,0.04192377309184521,0.009319744873326272
1760555404257036500,77.03103662109375,0.049174657535552974,-0.009776146871317178,0.01612020953525789
1760555404267042300,77.04104223632812,0.021339725148677824,-0.023595267256814986,-0.007104589574504643
1760555404277047300,77.05104736328126,0.019552841731905937,-0.028444040728546678,-0.006432097140420228
1760555404287053300,77.06105322265626,0.049180502754449844,-0.04042072985144332,-0.01496118482640013
1760555404297058300,77.07105834960937,0.023600071296095846,-0.03586533156940713,-0.027885648793959987
1760555404307063300,77.08106323242187,0.01329728846848011,0.02409494214095175,-0.009861468800902365
1760555404317069600,77.09106958007813,0.014050737184286117,0.025617749527748673,0.007638057130388915
1760555404327074600,77.10107446289062,0.027372575572133063,-0.0029111564726568757,-0.00028972192788496613
1760555404337080600,77.11108056640624,0.019455226576328276,0.00789760311571881,-0.00931353432824835
1760555404347085600,77.12108544921875,0.05342939237058163,-0.025608671172149478,-0.024683025960903614
1760555404357091300,77.13109130859375,0.02202186219394207,-0.033359559293556953,-0.026707773254159836
1760555404367096300,77.14109643554687,0.015163082340359686,-0.004566120605450123,0.008656604789476842
1760555404377102300,77.15110229492187,0.03328384544253349,0.01310611327793449,0.011596274970564991
1760555404387107300,77.161107421875,0.014897709402441978,0.011569441762566565,-0.013282328361365944
1760555404397112300,77.1711123046875,-0.017105448579788206,0.04848831923920661,-0.004630682874796912
1760555404407118600,77.18111865234376,0.025095862811803815,0.032911815526057035,0.0006514496460556983
1760555404417123600,77.19112353515625,0.011187748968601226,0.008760978479404002,-0.01900940990443341
1760555404427129600,77.20112963867187,0.014643442380428313,0.022875702544301747,0.013064758354239165
1760555404437134600,77.21113452148437,0.023313071048259734,0.028186266575194893,0.05350235714209266
1760555404447140400,77.22114038085938,0.0039998832911252976,0.045963915328122676,-0.03634163471111096
1760555404457145300,77.23114526367188,0.013128361642360687,0.015821747178491205,-0.03599431911078282
1760555404467151400,77.2411513671875,0.03526537464857101,-0.01760205472400412,-0.04219626075713895
1760555404477156400,77.25115625,0.011332125875353812,-0.0017076076354831456,-0.08387929302882402
1760555404487161300,77.26116137695313,-0.007202478724718094,0.05214538044203072,-0.05036592227988876
1760555404497167400,77.27116748046875,0.041135143464803695,-0.028159287236724048,-0.023217565651377663
1760555404507172400,77.28117236328124,-0.006738952866196632,0.025112485153041778,0.008672925736615433
1760555404517178600,77.2911787109375,-0.0052390696972608565,0.053115485849510875,0.05916953432462178
1760555404527183600,77.30118359375,0.028107904109358785,0.03903576003275811,0.07739209556714631
1760555404537189400,77.311189453125,0.007424597042798996,0.03852443124344572,0.05152354961610399
1760555404547194400,77.3211943359375,0.005591536396741867,0.04339293232895434,0.06115928336973302
1760555404557200400,77.33120043945313,0.04968026897013187,-0.009849796629417687,0.011736021367972716
1760555404567205400,77.34120532226562,-0.00978197382390499,0.0385958525118418,-0.028293288879934698
1760555404577210400,77.35121044921875,-0.035139702442288395,0.08726590325981377,-0.001406122204568237
1760555404587216400,77.36121630859375,-0.005158405676484108,0.10496601153081282,0.02828033806681633
1760555404597221400,77.37122143554687,-0.01125204637646675,0.053686746398825196,0.04269865732132457
1760555404607227600,77.3812275390625,0.08695698344111442,-0.10294254287919029,0.06740472623109817
1760555404617232600,77.39123266601563,0.06232230840027332,-0.07945146664921193,0.1019469833700452
1760555404627238400,77.40123828125,0.021672902625799177,0.013548121424391865,0.06671040555769578
1760555404637243400,77.41124340820312,0.04251812225580215,0.030869824837055054,0.04705261474712751
1760555404647249400,77.42124951171876,0.013654431343078612,0.05911112780142575,0.041921161009650675
1760555404657254400,77.43125439453125,-0.04439911369681358,0.07677879510754719,-0.016525064009102062
1760555404667259400,77.44125927734375,-0.021057401075959204,0.08662409822493791,0.006495051974570378
1760555404677265400,77.45126538085937,0.005093523746728897,0.10947631029579788,0.0747968914421741
1760555404687270400,77.4612705078125,0.017745500048995017,0.06626832434600219,0.03422198480917141
1760555404697276400,77.4712763671875,0.019189853638410567,-0.08900757756168022,-0.07444753001523204
1760555404707281400,77.48128149414063,0.06181903505325317,-0.09962503409534693,-0.056666547660902136
1760555404717287400,77.49128735351563,0.08575169930458068,-0.0867509394749999,0.0028896022279746828
1760555404727292400,77.50129248046875,0.09115969582796096,-0.1420278594084084,0.016714092908333988
1760555404737298400,77.51129833984375,0.068475570333004,-0.10860732717523351,0.019120496462937443
1760555404747303400,77.52130346679688,0.03966390186846256,-0.010545414210762829,0.04084697417318821
1760555404757308400,77.53130834960938,-0.0032160394370555874,0.02129097236981615,-0.0009805354699492454
1760555404767314400,77.541314453125,0.01465571734011173,0.03435993197513744,-0.040399687063414604
1760555404777319400,77.5513193359375,0.0006517419070005417,0.05232312989542261,-0.02037812270806171
1760555404787325400,77.56132543945313,0.015517887127399444,0.02509111357145011,-0.028536806179070843
1760555404797330400,77.57133032226562,-0.02229892556965351,0.06873663242198526,-0.029092065441654994
1760555404807336400,77.58133642578125,-0.03635024727582931,0.12721760909371077,-0.01867362947827205
1760555404817341400,77.59134155273438,-0.054931029105186456,0.18448741987738757,-0.012031077058101072
1760555404827347500,77.60134741210938,-0.050069560548663135,0.14483173784799874,-0.05105528365038335
1760555404837352400,77.6113525390625,-0.05330488920807838,0.10204287235941738,-0.08465066099381074
1760555404847357400,77.621357421875,-0.05553367117345333,0.1677259624296799,-0.09230638164505361
1760555404857363500,77.63136352539063,-0.10974632287621497,0.27284024159107356,-0.07569075327566824
1760555404867368400,77.64136840820312,-0.0844178203523159,0.2578104302415624,0.03833184041394852
1760555404877374500,77.65137451171876,0.21055121440589428,-0.30734442260880024,0.18185486115040256
1760555404887379500,77.66137939453125,0.440406264218688,-0.7219864597674459,0.16816795230982823
1760555404897385500,77.67138549804687,0.3161211283802986,-0.5839405826672911,0.08850224012173712
1760555404907390500,77.68139038085937,0.07324936060607433,-0.05960523146130144,0.12530154633931814
1760555404917396500,77.691396484375,-0.09248129982054233,0.2652596502689645,0.10080033408557064
1760555404927401500,77.7014013671875,-0.07601181105673313,0.16819796385560185,0.010766710544936359
1760555404937406500,77.71140649414062,0.034741643035411836,-0.0481662842106074,-0.04485823737485334
1760555404947412500,77.72141259765625,0.09943068056702613,-0.12473726352006197,0.005876070692855864
1760555404957417500,77.73141748046875,0.04444119927287102,-0.09048212535995989,-0.032724047002149745
1760555404967423500,77.74142358398437,0.016722002220153808,-0.013137823590449987,-0.052699790321243924
1760555404977428500,77.75142846679688,0.021777532044053076,-0.005092793094366789,-0.006883192775631323
1760555404987434500,77.7614345703125,-0.004016249904036521,0.057343497074395414,-0.026550883925706148
1760555404997439500,77.771439453125,-0.04762742809355259,0.11932798835504799,-0.034105738018359984
1760555405007445200,77.7814453125,0.015593290451169013,0.02871361491754651,-0.026105587843619285
1760555405017450500,77.79145043945313,0.03555938915908336,0.0018632731212303041,0.046429815806820984
1760555405027455500,77.80145556640625,0.04728957444131374,-0.02087477451805025,0.11933096576342359
1760555405037461500,77.81146142578125,0.11064648658633232,-0.1290979064149782,0.13325526355644687
1760555405047466500,77.82146655273438,0.09831132114827633,-0.11269202093929051,0.10945159597964957
1760555405057472500,77.83147241210938,0.022525135540962218,0.029771928331442175,0.09489413311593234
1760555405067477500,77.8414775390625,-0.05302256513535976,0.1623414198471233,0.08937171643264591
1760555405077483500,77.8514833984375,-0.05905716912448406,0.1692332617200911,0.03853630434432998
1760555405087488500,77.86148852539063,-0.031761750441789624,0.120080048831366,0.038652788597159086
1760555405097494300,77.87149438476563,-0.043452188235521313,0.13399141407757997,-0.020834753034915773
1760555405107499300,77.88149926757812,-0.10157821398973464,0.19660857723858205,-0.12943062723437324
1760555405117504300,77.89150415039063,-0.13743044861555098,0.25354831581767645,-0.18461742119891567
1760555405127510500,77.90151049804687,-0.12306290056705474,0.298512333388254,-0.12000166809922083
1760555405137515500,77.911515625,-0.18154840728342533,0.38662900825850666,-0.10714618684779852
1760555405147521500,77.921521484375,-0.1801379559636116,0.39092272339705375,-0.05284810361759737
1760555405157526500,77.93152661132812,-0.08081950359940529,0.2662476383930072,0.013125165038276463
1760555405167532500,77.94153247070312,0.1479085880100727,-0.14828838110789655,0.16807296750275416
1760555405177537500,77.95153759765626,0.3689244978070259,-0.5901674943581223,0.24143267488181588
1760555405187543300,77.96154321289063,0.3855371944338083,-0.6684045802488923,0.14094452115111053
1760555405197548300,77.97154833984375,0.10394377407729626,-0.21440156969111412,0.05784958343300968
1760555405207553300,77.98155322265625,-0.11646306391060351,0.26244934208858756,0.04553487626109272
1760555405217559300,77.99155932617188,-0.18983926576673985,0.4532479178741574,0.0035230960922315716
1760555405227564300,78.00156420898438,-0.1352343998759985,0.25105368599034844,-0.07510196620281785
1760555405237570600,78.01157055664062,0.023394904112815855,-0.004856134794279932,-0.10004318644218146
1760555405247575600,78.02157543945313,0.18773031078875063,-0.2239317241784185,-0.11955248129330574
1760555405257581600,78.03158154296875,0.19331541744470596,-0.35221729129720475,-0.16772844664771108
1760555405267586600,78.04158666992187,0.15350070892870427,-0.2758297787958756,-0.19394063667096195
1760555405277592300,78.05159228515625,0.08816519018709659,-0.09495269490275532,-0.12485340071301906
1760555405287597300,78.06159741210938,0.07423369546830653,-0.10222312429714947,-0.09853663607044146
1760555405297602300,78.07160229492187,0.1135790329068899,-0.21167382522765546,-0.02265557525390759
1760555405307606500,78.0816064453125,0.11363514700829982,-0.21279961438719183,-0.02241619527377188
1760555405317611500,78.09161157226562,0.1839151364147663,-0.2546183196693659,0.0481426110740751
1760555405327617300,78.1016171875,0.050148471003770824,-0.08570654498860239,0.026169629523158072
1760555405337622500,78.11162255859375,-0.019914076259732245,0.03998674061466008,0.016536982775758952
1760555405347628300,78.12162817382813,0.02131166809797287,0.03178703101351857,0.07041832016492262
1760555405357633500,78.13163354492187,0.05798047980368137,-0.039460269055142994,0.03791302134683355
1760555405367638500,78.14163842773438,0.06699965256154537,-0.11045205999277531,0.007633417487889528
1760555405377644500,78.15164453125,0.08394611118733883,-0.09655417528264224,-0.0013805676382035016
1760555405387649500,78.1616494140625,0.03241290782690048,-0.002742357510700822,-0.037050084374565626
1760555405397655600,78.17165551757813,-0.007177344283461571,0.018541911123692988,-0.057480256930273026
1760555405407660500,78.18166064453125,0.031010639813542365,0.033698015733994544,-0.014044453573971986
1760555405417666600,78.19166650390625,0.04649287110567093,0.030772081817314025,-0.013710052254144102
1760555405427671600,78.20167163085938,-0.007456161224842071,0.047279089579917485,-0.04667304997816681
1760555405437677600,78.21167749023438,0.009209726893901824,0.037933570944517846,-0.02163381272442639
1760555405447682600,78.2216826171875,0.09743804544508457,-0.0897618117287755,0.02879307336192578
1760555405457687600,78.2316875,0.06131342361867428,-0.07638502828329802,0.032220015603303905
1760555405467693600,78.24169360351563,0.044917000091075895,-0.008730418944358826,0.023746749757789076
1760555405477698600,78.25169848632812,-0.010989596047997475,0.05439378042332828,-0.019329864897299556
1760555405487704600,78.26170458984375,-0.04659516243636608,0.1210582827463746,-0.03223850110806525
1760555405497709600,78.27170947265626,-0.022848376145958898,0.14069281141236423,0.004074848223477602
1760555405507715600,78.28171557617188,-0.0070148471981286995,0.06450958931148051,-0.039152299084514376
1760555405517720600,78.29172045898437,0.014890110617876052,-0.006020027474500238,-0.08137627896564081
1760555405527726600,78.3017265625,0.12043489015102386,-0.20929445581045,-0.08063174420865252
1760555405537731600,78.31173168945313,0.23006606221497058,-0.3874012712726369,-0.10969813635293393
1760555405547736600,78.32173657226562,0.2484387542515993,-0.4824698476400226,-0.11932784222457557
1760555405557742600,78.33174267578126,0.17122925784289836,-0.3268834184784442,-0.039851679525524375
1760555405567747600,78.34174755859375,0.04158697888553142,-0.03072038816269487,-0.0032139936104416847
1760555405577753600,78.35175366210937,-0.09937632003128528,0.22345866330657152,0.03492653461564332
1760555405587758600,78.36175854492187,-0.1047434000223875,0.27045305419359356,0.06898154709376395
1760555405597764600,78.3717646484375,-0.03142097418010235,0.13741879471037535,0.09549187981337308
1760555405607769600,78.38176953125,0.04493336670398712,-0.041644298563338816,0.047529045752994714
1760555405617775400,78.391775390625,0.05228139137923717,-0.11039214649908244,0.03733666449729353
1760555405627780400,78.4017802734375,0.07516951501369476,-0.0706156876342371,0.003953450333513319
1760555405637785300,78.41178540039063,-0.049372225934267044,0.11552760969139635,-0.0407068533164449
1760555405647791600,78.42179150390625,-0.09963350966274738,0.22277842595744876,-0.02306022879835218
1760555405657796600,78.43179663085938,-0.03588847498297691,0.18010113108456133,-0.03108602487100288
1760555405667802600,78.441802734375,-0.013902268624305724,0.058470784071274096,-0.027832466435153035
1760555405677807600,78.4518076171875,-0.000315057298541069,0.04054645685665309,-0.013319281104579568
1760555405687813600,78.46181372070312,0.06954875252246856,-0.03691029231138527,-0.041129700104705985
1760555405697818600,78.47181860351563,-0.007237550038099288,0.02677333103735,-0.07316064114300534
1760555405707823600,78.48182373046875,-0.030665187376737593,0.11169183092080057,-0.013148765109572559
1760555405717829400,78.49182934570312,-0.030455928540229795,0.1282843615423888,0.0004136588348075747
1760555405727834400,78.50183447265626,0.005375847819447517,-0.011634250627085566,-0.0000402406788431108
1760555405737840600,78.51184057617188,0.024690204620361325,-0.018811613176856187,0.07845653732772916
1760555405747845600,78.521845703125,0.02255728424489498,0.05335592527557164,0.11624668121356517
1760555405757851600,78.5318515625,-0.018646248281002045,0.06271907089920714,0.09837512536579743
1760555405767856600,78.54185668945313,-0.0007826748102903366,0.04374629407757893,0.03856788679268211
1760555405777862700,78.55186254882813,-0.019905308431386947,0.08841352065866813,-0.007640851875673979
1760555405787867600,78.56186767578124,-0.03318038506805897,0.10818407852817326,-0.06918172757467254
1760555405797872600,78.57187255859375,-0.024022680622339247,0.09103935738392174,-0.09054452307168394
1760555405807878400,78.58187841796875,-0.01922667851746082,0.11584884100239723,-0.0533124149274081
1760555405817883400,78.59188330078125,0.045453591185808176,0.0044438824652694164,-0.03413302788408473
1760555405827889400,78.60188940429687,0.032629180926084515,-0.04940335172489285,-0.0030110731831751764
1760555405837894400,78.61189428710938,0.05837620112299919,-0.01940764284124598,0.035207653111964464
1760555405847900700,78.62190063476562,0.02338730532824993,0.03451855660295114,0.011557605194300413
1760555405857905700,78.63190576171876,-0.03498655770719051,0.07217270781788974,0.01069799269028008
1760555405867911700,78.64191162109375,0.0005634791016578674,0.09754667518502101,0.041440519619546826
1760555405877916700,78.65191674804687,-0.017896891218423843,0.1044618431346491,0.001964157946128398
1760555405887921700,78.66192163085938,-0.016601590710878373,0.05683478036727756,-0.03287804112061858
1760555405897927400,78.67192749023438,0.027758944541215896,-0.016965747848153113,0.010581654567923397
1760555405907932400,78.68193237304688,0.028110826718807217,0.041446912827715274,0.04978805845985189
1760555405917938400,78.6919384765625,-0.031259061616659166,0.07524985024090856,0.02480930095538497
1760555405927943400,78.701943359375,-0.008204933765530586,0.06067454119324684,0.03325167847229168
1760555405937949400,78.71194946289063,0.05450958882272243,-0.022700492107868193,0.06266476516239344
1760555405947954700,78.72195458984375,0.037923195680975914,-0.013088796816952526,-0.013905629625171423
1760555405957959700,78.73195971679688,0.0066571198016405105,0.029529132551513612,-0.030028003718052056
1760555405967965700,78.74196557617188,-0.011148586001992224,0.07732837354801594,-0.01806640256643295
1760555405977970700,78.751970703125,-0.008731587988138199,0.028428587431088087,-0.028657555615063755
1760555405987976400,78.7619765625,0.06328033977746964,-0.06931344592925161,-0.002991272504162043
1760555405997981400,78.7719814453125,0.08203063295483588,-0.08802333403099327,0.037329796365089714
1760555406007987500,78.78198754882813,0.052017187485098836,-0.055765068776533006,0.028935349643137303
1760555406017992400,78.79199243164062,0.03336743207275867,-0.04018613564427942,0.03653702028589323
1760555406027998500,78.80199853515624,0.05631400789618492,-0.042267545028217134,0.07107011687085033
1760555406038003500,78.81200341796875,0.042185529300570485,-0.05329195666126907,0.048046055364422496
1760555406048008400,78.82200854492187,0.03838964414894581,-0.0425035822737962,0.03222138557648286
1760555406058014700,78.8320146484375,0.07366203306019306,-0.07044708960168063,0.055850536836590615
1760555406068019700,78.84201977539063,0.08383563655018805,-0.1141763777455315,0.030575280603580175
1760555406078025500,78.852025390625,0.03507657407820224,-0.08878894810862839,-0.001410268656723201
1760555406088030500,78.86203051757812,0.05767769746482372,-0.047695342230610546,0.037244675364904105
1760555406098036500,78.87203637695312,0.047699908807873725,-0.022234445498697457,-0.011135342927929013
1760555406108041500,78.88204150390625,0.007235211950540542,-0.027682737499848006,-0.08241373225459829
1760555406118047500,78.89204760742187,0.04892214407920837,-0.05652896582111716,-0.07555526292826979
1760555406128052500,78.90205249023437,0.04092880723774433,0.005709244492277503,-0.03642121188649908
1760555406138057500,78.91205737304688,-0.025128596037626266,0.07734170795362443,-0.04459533038865775
1760555406148063500,78.9220634765625,-0.020593290695548057,0.09207790665142238,-0.030954470913205294
1760555406158068500,78.932068359375,-0.001679331389069557,0.051628005504421884,-0.04851098772874102
1760555406168074500,78.94207446289063,0.015302198550105095,0.005010667768865823,-0.017206716997176408
1760555406178079500,78.95207958984375,0.0547071572214365,-0.0396459643529728,0.020789233392756432
1760555406188085500,78.96208544921875,0.05702537103593349,-0.02341156298667192,0.009442713665869086
1760555406198090500,78.97209057617188,-0.01651800408065319,0.007858787208981812,-0.0030530308950692414
1760555406208096500,78.98209643554688,0.01525485227704048,0.03245817174073309,-0.027371790120843797
1760555406218101500,78.9921015625,0.03329904301166534,0.030659670951403675,-0.0399750684431754
1760555406228106500,79.0021064453125,-0.011185995402932166,-0.009481310376897454,-0.05264680889183655
1760555406238112500,79.01211254882813,0.04873685064017772,-0.044453291569463906,0.017507873634528368
1760555406248117500,79.02211743164062,0.053614101287722586,0.0005078033916652203,0.022435868088621646
1760555406258123500,79.03212353515624,-0.03291851926147937,0.025889095548726617,-0.026686036346387117
1760555406268128500,79.04212841796875,0.03542670269012451,-0.05177161522619426,-0.032619298852887
1760555406278134500,79.05213452148438,0.09515490294396876,-0.128828551421687,-0.00691027257880196
1760555406288139500,79.06213940429687,0.05751403133571147,-0.13996055161505938,-0.06514545779591426
1760555406298144500,79.07214453125,0.050720717933773994,-0.07458713028216735,-0.04270264850985259
1760555406308150500,79.08215063476563,0.08314940785169601,-0.08403654768345876,-0.01943721599560231
1760555406318155500,79.09215551757812,0.051391164541244504,-0.06704727282924577,-0.033009996937215326
1760555406328161500,79.10216162109376,0.008401333120465279,0.006274605023767798,-0.034463118354976174
1760555406338166500,79.11216650390625,-0.003931494230031967,0.03357044383157044,-0.007113284337613731
1760555406348172500,79.12217260742187,-0.002056348007917404,0.03365328154312446,-0.02302281939741224
1760555406358177300,79.13217724609375,-0.001381225225329399,0.03424468983132392,-0.01970929266894236
1760555406368183300,79.14218334960937,0.01841536213457584,0.03488496049623936,-0.002182769132871181
1760555406378188300,79.15218823242188,0.003781272104382515,0.0644123029494658,-0.011669760331884025
1760555406388193300,79.162193359375,-0.04663490992486476,0.12402849419619888,-0.04208415128532797
1760555406398199300,79.17219921875,-0.0038543373405933376,0.10211171807823702,-0.0440056573998183
1760555406408204300,79.18220434570313,-0.0053892918229103085,0.08159026877619326,-0.022237806499563157
1760555406418210300,79.19221020507813,-0.029259996753931043,0.11154871438937261,0.004992127465177327
1760555406428215300,79.20221533203124,-0.024725860455632208,0.12495286076581105,-0.014315014143660664
1760555406438221300,79.21222119140624,-0.022311200529336928,0.0995320768485777,0.011279820299381389
1760555406448226300,79.22222631835938,0.013315408647060394,0.03999315208913758,0.021670728935021907
1760555406458231300,79.23223120117187,0.06826046627759932,-0.04641781484177336,-0.002582810434279963
1760555406468237300,79.2422373046875,0.05422200405299663,-0.04785245075477287,0.023799712920887395
1760555406478242300,79.2522421875,0.024888942062854764,0.035964736823271955,0.03840754513181746
1760555406488248300,79.26224829101562,0.017990414720773697,0.08042641262859106,0.034376344253821293
1760555406498253300,79.27225341796876,0.0012099603116512297,0.04367452574931085,0.024037385001126677
1760555406508259300,79.28225927734375,-0.01094224977493286,0.023606464504264294,-0.019136315086577087
1760555406518264300,79.29226440429687,0.010600888991355896,0.0062899487233720715,-0.05297956624384969
1760555406528269300,79.30226928710937,0.019907061997056007,-0.033138536954019214,-0.08618506748685613
1760555406538275300,79.312275390625,0.07250058806538581,-0.12592119434131308,-0.08439967277427203
1760555406548280300,79.3222802734375,0.07439502350986003,-0.1250996488253586,-0.05563520445232279
1760555406558286000,79.3322861328125,0.046669396716356275,-0.09542380127953365,-0.0027420104508288205
1760555406568291000,79.342291015625,0.07055471469461917,-0.06763219657773152,0.02193391904900782
1760555406578297300,79.35229736328125,-0.0019458733707666397,0.060295058622676874,0.036814248058386144
1760555406588302300,79.36230224609375,-0.025389292800426483,0.1130362677996978,0.06268694959473796
1760555406598308400,79.37230834960937,0.03240706260800361,0.03132893024878576,0.06127858063415624
1760555406608313300,79.38231323242188,0.02855097170174122,0.03248171701310202,-0.00483640718050301
1760555406618318300,79.392318359375,0.007024199548363685,0.048043662477936594,-0.06240152938263491
1760555406628324400,79.40232446289062,0.01512158128619194,0.03812098327539861,-0.044454597610561176
1760555406638329300,79.41232934570313,0.014995909079909324,0.029663042863178998,-0.07759630376920104
1760555406648335000,79.42233520507813,0.010234978288412093,0.010424399913288652,-0.08107455607270822
1760555406658340000,79.43234008789062,0.04422317260801792,-0.030520792203675953,-0.02642076843974646
1760555406668346000,79.44234619140624,0.01639466996192932,0.028589385749679057,0.023450680287508293
1760555406678351400,79.45235131835938,-0.05216390247941017,0.10620960011743008,0.0038824674565345048
1760555406688357400,79.462357421875,-0.02169511445760727,0.1339565254272893,0.020574869122868402
1760555406698362400,79.4723623046875,0.0099514851719141,0.07992631761934607,0.042080972947552794
1760555406708367400,79.48236743164063,-0.014825813210010528,0.08049246360212564,0.0166626138828462
1760555406718373400,79.49237329101562,0.0031955811709165572,0.035520792448055,0.0054975379703566425
1760555406728378400,79.50237841796876,0.08618599906861782,-0.08031376430066302,0.013685095909400842
1760555406738384100,79.51238403320312,0.07761340103447437,-0.11327226851265877,-0.01407285311797168
1760555406748389000,79.52238916015625,0.02370879236757755,-0.02231668042205274,0.01870429404459428
1760555406758395100,79.53239501953125,0.052099020549654956,0.002247139605972916,0.0532267596376827
1760555406768400100,79.54240014648437,0.02946808654665947,0.00010587152726948261,0.07981405288390815
1760555406778405000,79.55240502929688,0.03663023326098919,-0.03773055918570608,0.07874271559165791
1760555406788411400,79.56241137695312,0.07104337499439715,-0.0540611509354785,0.06185986482056323
1760555406798416400,79.57241650390625,0.06177753399908542,-0.06320574017129837,0.01463472478443291
1760555406808422400,79.58242236328125,0.04623042077720165,-0.038864330722298474,0.0013551729020429774
1760555406818427400,79.59242749023437,0.05539630852937698,-0.03490454197954386,-0.005212980841356329
1760555406828433200,79.60243310546875,0.05395546207129955,-0.06176434572394937,-0.05075435534189455
1760555406838438400,79.6124384765625,0.03696107265055179,-0.04382297604298219,-0.04213960779961198
1760555406848444200,79.62244409179688,0.04165712151229381,-0.01629239689754322,0.011694433548836968
1760555406858449200,79.63244921875,0.01820727234184742,0.02054104905165732,0.03783608365310356
1760555406868454100,79.6424541015625,-0.015583353579044341,0.05949671131921932,0.022515586827904915
1760555406878460200,79.65246020507813,-0.008099135303497314,0.09176120538506656,0.03710992023644503
1760555406888465400,79.66246533203125,-0.022920856860280035,0.07739436972262337,-0.002246317622065544
1760555406898471400,79.67247143554688,-0.015458265894651413,0.05614161047134548,0.011320430870982818
1760555406908476400,79.68247631835938,0.04347966076433658,0.014014003636781125,0.02663365313860122
1760555406918482200,79.69248217773438,0.027902736926078794,-0.005704020327888429,0.04466779283666983
1760555406928487400,79.7024873046875,0.01427753167748451,-0.0052649347908794875,0.05221938639315776
1760555406938492400,79.71249243164063,0.049887189719080925,-0.02252913586264476,0.044981306632095944
1760555406948498200,79.72249829101563,0.03178162418603897,-0.023486984576750546,0.03551854569204151
1760555406958503200,79.73250317382812,0.020404490125179288,-0.023898853313270955,0.04502745646191761
1760555406968509200,79.74250927734376,0.03191840230822563,-0.002800627036578953,0.10407547416556626
1760555406978514200,79.75251416015625,0.03385901498198509,0.007876249800436198,0.0650031358489301
1760555406988520400,79.7625205078125,0.0269745161652565,-0.019833759298827497,0.007870011855894699
1760555406998525400,79.772525390625,0.04822890111804008,-0.01852112406399101,-0.05521609312426298
1760555407008530400,79.78253051757812,0.007828501668572425,0.015446191864367574,-0.08670750219207257
1760555407018536400,79.79253637695312,-0.01851005468070507,0.058370666431356216,-0.07022816788768395
1760555407028541400,79.80254150390626,0.008136544704437256,0.018811576644238083,-0.06077945830586832
1760555407038547200,79.81254711914063,0.038545711493492125,-0.05007820051284507,-0.04941290957110468
1760555407048552200,79.82255224609375,0.04352291538417339,-0.06269269434893504,-0.02953575865512248
1760555407058558200,79.83255810546875,0.02890110031366348,-0.016159783493820575,-0.030038374415016732
1760555407068563200,79.84256323242188,0.018020225337147713,0.004510463161766529,-0.023031829254352487
1760555407078569200,79.8525693359375,0.018351649248600006,0.02298230472393334,-0.004230568508151919
1760555407088574200,79.86257421875,-0.009018003714084625,0.04694715421181172,0.012364884722884743
1760555407098579200,79.8725791015625,-0.02653261761665344,0.07652215346535668,-0.001420406458247453
1760555407108585500,79.88258544921875,-0.03823416132628917,0.11372728227116168,-0.020181449358491227
1760555407118590500,79.89259057617187,-0.013280921855568884,0.09191886189850047,-0.03114023927627131
1760555407128596200,79.90259619140625,0.0010457096606492995,0.01737650233982131,-0.022257762442203236
1760555407138601200,79.91260131835938,0.005179448464512825,0.04395071234218776,0.015736105588497595
1760555407148607200,79.92260717773438,0.014398527708649635,0.03526234244126826,0.013333939817594363
1760555407158612200,79.9326123046875,-0.020820669710636137,0.051155145561974494,0.00890003989022225
1760555407168617200,79.9426171875,0.030445991668105122,-0.018951112979091703,0.032355734279565514
1760555407178623200,79.95262329101563,0.062417585468292236,-0.04576514135301113,0.016714796161232514
1760555407188628200,79.96262817382812,0.0017687632381916045,0.01799503609696403,0.00925250658970326
1760555407198634500,79.97263452148438,0.004848024553060532,0.04819940102891996,0.003954454980511218
1760555407208639500,79.98263940429688,0.024387422281503677,0.04291689404873177,-0.04387967466628179
1760555407218645200,79.99264526367188,-0.034330139625072476,0.06318886210173368,-0.053506914586201305
1760555407228650200,80.00265014648437,0.03205167329907417,0.01437898275796324,-0.016555605277838184
1760555407238655200,80.0126552734375,0.05654197143316268,-0.0174743366911076,0.0001513272373471409
1760555407248661200,80.0226611328125,0.01188683714866638,0.012442480003740639,-0.012395389459002763
1760555407258666200,80.03266625976562,0.019144260931015015,0.033762861131131645,0.026603308232687414
1760555407268672300,80.04267236328126,0.022229951986670493,0.031439843277353795,0.000974471055343747
1760555407278677200,80.05267724609375,0.035066637206077576,-0.023539427150040863,-0.012388366063171997
1760555407288683300,80.06268334960937,0.07724749033153057,-0.11072528744358569,0.019806652096193283
1760555407298688300,80.07268823242188,0.08219605264961719,-0.09841585923498496,0.03493126558968797
1760555407308693200,80.082693359375,0.0216021754771471,-0.01991466078162193,-0.008449647507909684
1760555407318699300,80.09269921875,0.025035657057166098,0.00790509230243042,0.06814538853056729
1760555407328704300,80.10270434570313,0.051230421021580694,0.0023474581752903757,0.06618060039677656
1760555407338710300,80.11271020507813,0.03899579334855079,-0.04900916477553546,0.008945815260708331
1760555407348715300,80.12271533203125,0.08469955990314483,-0.07789893997758626,0.026783733700355514
1760555407358721500,80.13272143554687,0.12162906837165355,-0.18740900641251354,0.05483578856978565
1760555407368726500,80.1427265625,0.12913900561034677,-0.24539615341899915,0.008733505950588732
1760555407378732500,80.15273266601562,0.09925298591256142,-0.1837294776495546,-0.017041890957439316
1760555407388737500,80.16273754882812,0.026850597524642944,0.0009381758992560207,-0.04059773038616404
1760555407398742500,80.17274243164063,-0.05994622691869735,0.12725552995130418,-0.033009595078416165
1760555407408748300,80.18274829101563,-0.068358081433177,0.1438321871503256,-0.06055344469738193
1760555407418753300,80.19275317382812,-0.017069792744517327,0.06350570949856192,-0.000980526336794719
1760555407428759300,80.20275927734374,0.05516776047050952,-0.028421171309612688,0.03124609253723174
1760555407438764300,80.21276440429688,0.0600748217344284,-0.07045773885985836,0.04115391209735535
1760555407448770600,80.2227705078125,0.03353051367998123,-0.046118466569017615,0.0463669523042161
1760555407458775600,80.23277563476563,-0.028975334593653677,0.10505286783035844,0.09037855538763105
1760555407468780500,80.24278051757813,-0.0571118802756071,0.20215939803244545,0.09185972472294233
1760555407478786600,80.25278662109375,-0.07228431496620177,0.2211072413422167,0.07867514851447194
1760555407488791600,80.26279150390624,-0.03857435306608677,0.19551787765873596,0.06304597389916888
1760555407498797300,80.27279736328126,-0.005026888251304626,0.10883638669075443,0.06778763373461552
1760555407508802300,80.28280224609375,0.04123334314227104,-0.0005294124352745711,0.060868045338196675
1760555407518808300,80.29280834960937,0.06191138951182365,-0.03640868119848892,0.0015461608629208058
1760555407528813300,80.30281323242187,0.007613397613167762,0.0014467282095924018,-0.011582593505084515
1760555407538818300,80.312818359375,0.0008855506628751755,0.033408165941946205,-0.03971744042029604
1760555407548824300,80.32282421875,-0.039052491971850394,0.08701675080433488,-0.12035725833754986
1760555407558829300,80.33282934570312,-0.05759469535648822,0.12119254011791199,-0.11857768144439905
1760555407568835600,80.34283569335938,-0.006287117445468902,0.081033237681631,-0.02908411046406254
1760555407578840600,80.35284057617187,0.017331658551096914,0.07556083415253087,0.023106205098237843
1760555407588846300,80.36284643554687,-0.007237550038099288,0.04496577113624662,0.03239319847943261
1760555407598851300,80.37285131835938,0.04791793547272682,-0.0005333396917209029,0.08198847431354224
1760555407608857300,80.382857421875,0.03932020299732685,0.0101914862065576,0.12783298277938737
1760555407618862300,80.3928623046875,0.033254034826159476,-0.021936503731738773,0.06757971747182309
1760555407628867300,80.40286743164063,0.028364509218931196,-0.008346552459616213,0.0740076864263974
1760555407638873300,80.41287329101563,0.04563362392783165,-0.018135942404996604,0.034197270493023096
1760555407648878300,80.42287841796875,0.009513678276538848,-0.023273305293451993,-0.026208555027749388
1760555407658884600,80.43288452148437,0.030865093863010406,-0.04027101918244734,-0.02206352764489129
1760555407668889600,80.4428896484375,0.0751198306530714,-0.09492580689582973,-0.013801402065716683
1760555407678895400,80.45289526367188,0.020646482187509536,-0.023129184115026145,-0.04712369808880612
1760555407688900400,80.462900390625,0.00819733498096466,0.0028351686269976195,-0.0136087838367559
1760555407698905300,80.4729052734375,0.041975101420283316,-0.00019524857746437192,0.026677597311604767
1760555407708911400,80.48291137695313,0.028506548038125037,-0.023810060784965753,0.01205695128487423
1760555407718916400,80.49291625976562,0.05543780958354473,-0.090444734225329,0.019935959297977385
1760555407728922400,80.50292236328124,0.045833530414104456,-0.01873723276639357,0.030571280281897633
1760555407738927400,80.51292724609375,0.010372925454378127,0.020079806481767444,-0.0002224836442619562
1760555407748933400,80.52293334960937,0.007830255234241485,0.018484719310048966,-0.02699700199170038
1760555407758938400,80.5329384765625,0.04373860396146774,-0.00120287298373878,-0.02678164220796898
1760555407768943400,80.542943359375,0.028515315866470336,-0.0023776523841544986,-0.05580302616674453
1760555407778949400,80.55294946289062,0.019454057532548905,-0.012021806906256824,-0.10007604753216728
1760555407788954600,80.56295458984376,0.031795652711391446,-0.0064531399284489446,-0.06776705673746765
1760555407798960400,80.57296044921875,0.021270167043805122,0.002109119374770671,-0.050594479471910744
1760555407808965400,80.58296533203125,0.007446808874607086,-0.00906637290045619,-0.020407741528190672
1760555407818971400,80.59297143554687,0.015906009662151336,0.03092217607880011,-0.01657079371381551
1760555407828976400,80.60297631835938,0.010620762735605239,0.02851385456174612,-0.030745467805024233
1760555407838981400,80.6129814453125,0.0047691140979528425,0.03571523730792105,-0.08058291836455464
1760555407848987400,80.6229873046875,0.040683308044075966,-0.024455939206760376,-0.08485570031292736
1760555407858992400,80.63299243164063,0.05013444247841835,-0.03713540630415082,-0.020261464925296603
1760555407868998400,80.64299829101563,0.026821371430158614,-0.027193675341270863,-0.02456237698961049
1760555407879003600,80.65300366210937,0.016806173372268675,0.026668409358151256,0.0050805546673014755
1760555407889009400,80.66300952148437,0.009299158743023872,0.05449316741088405,0.04356120156794786
1760555407899014400,80.67301440429688,0.001917231798171997,0.054607788500189776,0.07582184144258498
1760555407909019400,80.68301928710937,0.018018471771478653,0.024376900887489318,0.05790821828506887
1760555407919025400,80.693025390625,0.03108838122487068,-0.02278234343873337,0.06274700008574872
1760555407929030400,80.70303051757813,0.02035655933022499,0.021805516029521823,0.04062072766926139
1760555407939036400,80.71303637695313,0.009947393518686294,0.013019549239333718,-0.006468976818397641
1760555407949041400,80.72304150390624,-0.014095745369791983,0.046146231358777726,-0.04049918364882469
1760555407959047400,80.73304736328124,0.01649929938018322,0.04263866162924096,-0.04702387270983308
1760555407969052400,80.74305249023438,-0.0010486322700977325,0.030120047649368643,-0.08683565861638635
1760555407979057400,80.75305737304687,-0.004244797962903976,0.033741361685376614,-0.07882423812896013
1760555407989063400,80.7630634765625,0.08404606443047523,-0.020963238252792508,-0.09954594097714871
1760555407999068400,80.773068359375,0.022617489999532697,-0.006612951866351068,-0.13720814763437955
1760555408009074400,80.78307446289062,0.006322773280739784,0.02172395695960149,-0.07252225190792232
1760555408019079400,80.79307934570312,0.07293138069808483,-0.00784757169522345,0.014862455425970256
1760555408029085400,80.80308544921876,0.020489245799183844,-0.024916944314632563,-0.027197182472608984
1760555408039090400,80.81309033203125,0.0021218144595623015,0.003947860842943191,-0.0383349182870239
1760555408049096400,80.82309643554687,0.050072483158111566,0.007080934704281389,-0.04828947219885885
1760555408059101400,80.83310131835937,0.0032101942181587215,0.021518643645849076,-0.11123933791294693
1760555408069106400,80.8431064453125,-0.026654782691597937,0.07236012014877051,-0.050844380846060806
1760555408079112400,80.85311254882812,0.030894904479384422,0.04945252462886274,-0.018411453144438563
1760555408089117400,80.86311743164063,-0.001305237379670143,0.04290049090320244,-0.043584509378299115
1760555408099123500,80.87312353515625,0.03331716319024563,0.020119517437648025,-0.02502466073911637
1760555408109128400,80.88312841796875,0.07322071903347968,-0.013655837848875672,-0.01466002818904817
1760555408119134500,80.89313452148437,0.017719196563959122,-0.04377689014524221,-0.08800669342344626
1760555408129139500,80.90313940429688,0.025477555605769156,-0.021307046721782533,-0.06841061533801257
1760555408139144400,80.91314453125,0.03847030816972256,0.015614022711943834,0.008280574551317841
1760555408149150500,80.923150390625,0.0071831895023584365,0.03446737440498546,-0.003520027352310717
1760555408159155500,80.93315551757813,0.012516951745748519,0.02116681626718491,0.024982429032586514
1760555408169161200,80.9431611328125,0.05777239001095295,-0.026269235706422478,0.11003356058606878
1760555408179166200,80.95316625976562,0.0609855068385601,-0.05133459378210827,0.09289548837831244
1760555408189172500,80.96317236328125,0.030977322065830228,0.0020489501527510582,0.04374866869775578
1760555408199177500,80.97317749023438,0.04719371285140514,-0.01564282868131995,0.016990316033829004
1760555408209182500,80.98318237304687,0.03723872054815292,-0.032597013955842705,0.028564835830312222
1760555408219188500,80.9931884765625,0.01722819817662239,0.01328864850429818,0.011471369949262589
1760555408229193500,81.003193359375,0.0030512042641639707,0.0678312262811698,-0.034199206721782685
1760555408239199500,81.01319946289063,-0.02694353650510311,0.08107788054095581,-0.1303108989339322
1760555408249204500,81.02320458984374,-0.023703531670570373,0.0705602676525712,-0.16773213644213975
1760555408259210200,81.03321020507812,0.006012976679205894,0.04423471691533923,-0.10009363798778503
1760555408269215200,81.04321533203125,-0.009912322205305099,0.02706270590536296,-0.053907348613254726
1760555408279220200,81.05322021484375,-0.0110363577991724,0.039910204779729244,-0.021431294155959037
1760555408289226200,81.06322631835937,0.008624035960435867,0.05128112829551101,-0.009626600599102675
1760555408299231500,81.0732314453125,0.00029576807618141173,0.019111911297682672,-0.002463047378975898
1760555408309237500,81.08323754882812,0.012021277183294295,0.03767302031219005,-0.02296765514407307
1760555408319242500,81.09324243164062,-0.019243045130372047,0.07326854023057967,-0.026155199139006435
1760555408329248500,81.10324853515625,-0.03380816157758236,0.1187313011035323,0.02569982005432248
1760555408339253500,81.11325341796875,-0.04482406111061573,0.1523890944249928,0.019794979924708602
1760555408349258500,81.12325854492188,-0.044969022539258004,0.16413623084202408,0.011618797329626977
1760555408359264300,81.13326416015624,-0.033334698846936225,0.13984061502981932,0.06962097750846297
1760555408369269200,81.14326928710938,0.04147650424838066,-0.020041684694774447,0.07119465656597167
1760555408379275300,81.15327514648438,0.12007131753563881,-0.1770474426023662,0.08600010284138843
1760555408389280300,81.1632802734375,0.1457213070988655,-0.21216785582229494,0.13858612145669758
1760555408399286300,81.17328637695313,0.16254501612782477,-0.19382365922778844,0.11407110900646075
1760555408409291300,81.18329125976562,0.02014087075293064,0.012737901020050048,0.0576617144444026
1760555408419296300,81.19329614257812,-0.051826633349061006,0.13442852685321122,0.06620609103105962
1760555408429302300,81.20330224609376,0.018057050216197967,0.06191252202298492,0.05354993174402043
1760555408439307300,81.21330737304687,0.036954058387875556,-0.03316496830321848,-0.013212112669367343
1760555408449313300,81.22331323242187,0.04255027095973491,-0.07144574525021016,-0.022722375146113336
1760555408459318300,81.233318359375,0.03439677512049675,-0.03483498387467116,-0.011317311898712068
1760555408469324300,81.24332421875,0.026558921101689337,0.009591821546666324,-0.010177567279059439
1760555408479329300,81.25332934570312,0.04671674298942089,-0.04425144885443151,0.016209413055516778
1760555408489334300,81.26333422851563,0.10879004506468773,-0.10424768892731517,0.08001330178305506
1760555408499340300,81.27334033203125,0.1126905596345663,-0.1516857319286093,0.12070325876362621
1760555408509345300,81.28334521484375,0.06661269907057285,-0.11942940290290861,0.0992026622311212
1760555408519351300,81.29335131835937,0.05597673876583576,-0.047857145196199415,0.08293644095445052
1760555408529356300,81.30335620117188,0.031582302221655846,0.013767171002551912,0.05308163837883621
1760555408539362300,81.3133623046875,0.007947744134068489,0.0007890314858406782,-0.014073387407511472
1760555408549367300,81.3233671875,0.027843700215220448,-0.0034381577551364896,-0.04305748982951045
1760555408559372300,81.33337231445313,0.011824293306469917,0.036005160165205594,-0.03470045250849798
1760555408569378300,81.34337841796875,-0.02651391291618347,0.07521795726530253,-0.02527593208644539
1760555408579383300,81.35338330078125,0.0018576105654239655,0.07426642869412899,-0.015994893522001803
1760555408589389300,81.36338940429688,-0.002532148826122284,0.04324051824621856,-0.01335245272181928
1760555408599394300,81.37339428710938,0.007135258707404136,0.02164429758582264,-0.03469259799560532
1760555408609400300,81.383400390625,-0.002081482449173927,0.04434471662845462,0.011871219454426318
1760555408619405300,81.3934052734375,0.010695581537485122,0.04294990126919001,0.02555407317439094
1760555408629410300,81.40341040039063,-0.01288987671136856,0.036038660576008255,-0.0015923472253605723
1760555408639416300,81.41341625976563,0.0038899931758642195,0.04398669697102159,0.009527688535582274
1760555408649421300,81.42342138671874,-0.005983750584721565,0.08359386368356644,0.02964320565154776
1760555408659427300,81.43342724609376,-0.00627893413901329,0.06866743964329361,-0.014274590801727025
1760555408669432300,81.44343237304687,0.004938040924072265,0.023386392012797293,-0.012133998576458542
1760555408679438300,81.45343823242187,0.012554945668578147,0.02712061010506004,0.008553016550838947
1760555408689443300,81.463443359375,0.021527356675267218,-0.01346296389158815,0.045112321733776474
1760555408699448300,81.4734482421875,0.05307984828054905,-0.06265428030099719,0.07101714457459747
1760555408709454300,81.48345434570312,0.07760580224990844,-0.06645889674834907,0.07600848658848554
1760555408719459300,81.49345922851562,0.040917701321840284,-0.019384426362439987,0.052298360780347136
1760555408729465300,81.50346533203125,0.04730477201044559,-0.022463358883745968,0.07961100459247827
1760555408739470300,81.51347021484375,0.06343816068768501,-0.05973550677746534,0.061820094499178226
1760555408749476000,81.52347607421875,0.04429682236611843,-0.05281670383233577,0.004120166936237365
1760555408759481000,81.53348120117188,0.04175181405842304,-0.04819094372782856,-0.01669387210421264
1760555408769486000,81.54348608398438,-0.010039747977256774,0.03115041361041367,0.00029792350064963103
1760555408779492400,81.55349243164062,0.005088263049721717,0.04682787521369755,-0.05589662273433059
1760555408789497300,81.56349731445313,0.023997546181082723,0.0004895005499944091,-0.08261548363808542
1760555408799503400,81.57350341796875,0.050564650589227676,-0.05680288739167153,-0.04263334613330662
1760555408809508400,81.58350830078125,0.04276303692758083,-0.07421367559358477,-0.052106107877567406
1760555408819514400,81.59351440429687,0.011640168911218643,-0.005836304938048124,-0.07188325988464057
1760555408829519400,81.60351928710938,0.016247370445728302,0.03368296429533511,-0.020554383457265794
1760555408839524400,81.6135244140625,0.005563479346036911,0.035981888887472446,0.028046456245705485
1760555408849530000,81.62353002929687,-0.02177694752216339,0.0627306334728375,0.059060493592731654
1760555408859535000,81.63353515625,-0.01608311979472637,0.08202621250804513,0.04943670600522309
1760555408869541000,81.643541015625,-0.017421674922108648,0.09691588473450392,-0.026863822332397102
1760555408879546400,81.65354638671874,-0.021122283005714414,0.08750343834273516,-0.06285740165766328
1760555408889552400,81.66355249023438,0.0350134457141161,-0.019189561377465723,-0.02818886039108038
1760555408899557400,81.67355737304688,0.07185118424594401,-0.04820566637292504,-0.017181326827593147
1760555408909562400,81.68356225585937,0.0035205753415822982,0.04173015021588653,-0.03934471638407558
1760555408919568400,81.693568359375,-0.03459609708487987,0.08920326453056186,-0.05760324398912489
1760555408929573400,81.70357348632812,0.018740356305241585,0.06237721692528575,-0.03782006410006433
1760555408939579100,81.7135791015625,0.04293547088503837,-0.0030550036564469334,-0.06441212028637527
1760555408949584100,81.72358422851562,0.013508300870656966,-0.0020434519937261937,-0.006262823254428803
1760555408959590100,81.73359008789062,0.014866145220398901,0.045671690915897484,0.048149917597696185
1760555408969595100,81.74359521484375,0.007090835043787956,0.06608633710891008,0.04113324376866221
1760555408979600100,81.75360009765625,0.016195932519435883,0.060057286077737804,0.016263042938895522
1760555408989606400,81.7636064453125,0.03950841904580593,-0.02019373345132917,0.02223126716092229
1760555408999611400,81.773611328125,0.042346857342123984,0.002202040088921785,0.03405939639229327
1760555409009617400,81.78361743164062,0.0547550880163908,-0.0440988521086052,0.017735891970433293
1760555409019622400,81.79362231445313,0.051776364466547965,-0.038162374731712044,-0.0009630728784948587
1760555409029628200,81.80362817382813,0.04512275179624557,-0.06844981483723968,-0.04175269084125757
1760555409039633200,81.81363305664063,0.041184243303537364,-0.05576539757009595,-0.04038279072754085
1760555409049638100,81.82363818359374,0.04879764091670513,-0.0267233909483999,-0.045100941823236644
1760555409059644200,81.83364404296876,0.034897710379958154,-0.04013970268666744,-0.019642565841972826
1760555409069649200,81.84364916992187,0.060657590058445926,-0.05552256525754928,-0.02595803259909153
1760555409079655200,81.8536552734375,0.05818740055263042,-0.07351100721694528,-0.04540335883591324
1760555409089660200,81.86366015625,0.026257892328500745,-0.042467122720926995,-0.04313117612022906
1760555409099666400,81.87366650390625,0.016312836897373197,0.005242321100272238,-0.02770125953722745
1760555409109671400,81.88367138671875,-0.02086801598370075,0.07176416354961693,-0.04983677470609545
1760555409119676400,81.89367651367188,-0.022142273703217506,0.058874323370866476,-0.030562457654625175
1760555409129682200,81.90368212890625,0.03313829949200153,0.008315919859334825,-0.0006241963129490613
1760555409139687400,81.9136875,0.027386604097485542,-0.0015759806124493478,-0.031175511519052086
1760555409149693200,81.92369311523437,0.024476854130625725,0.02434274288956076,-0.035232385694421824
1760555409159698200,81.9336982421875,0.01976619222164154,0.03325717663131654,-0.017386201749928294
1760555409169704200,81.9437041015625,0.020316227319836615,-0.007105301960557699,-0.022256766928359865
1760555409179709200,81.95370922851562,0.02372106732726097,-0.0146156775906682,-0.02903462703283876
1760555409189714200,81.96371411132813,0.021993220621347426,0.005569068836607039,0.008604381411895155
1760555409199720400,81.97372045898437,0.016313421419262886,0.056760692217759784,0.08975666062962263
1760555409209725400,81.98372534179687,-0.013943769678473472,0.08421575844157486,0.1033203449493274
1760555409219731500,81.9937314453125,-0.012218261060118675,0.0911707652112469,0.05350464956387877
1760555409229736400,82.003736328125,0.011188333490490913,0.03954100614115596,0.04936605192180723
1760555409239742200,82.0137421875,0.023680735316872596,0.0370110858047381,-0.0028852731127291917
1760555409249747200,82.02374731445312,-0.00032382512688636776,0.017441877459920943,-0.03205028505958617
1760555409259752200,82.03375219726563,0.01847907502055168,-0.0013694251896813512,-0.03984046401176601
1760555409269758200,82.04375830078125,0.030581016224622726,-0.009914404564537108,-0.028543920906446873
1760555409279763200,82.05376318359374,0.03879764042794704,-0.020581673322990535,-0.011101751185581087
1760555409289769200,82.06376928710938,0.03907996450066566,-0.028663784426450727,0.002165178677253425
1760555409299774200,82.07377416992188,0.0323246450215578,0.012595971798710524,0.008735131652094424
1760555409309779200,82.083779296875,0.016555998003482817,0.021224245542846618,0.03210340348631143
1760555409319785500,82.09378540039063,0.022619243565201758,0.034328239928931,0.04270732468497008
1760555409329790500,82.10379052734375,-0.00931143370270729,0.050364086515828965,0.013364033561758696
1760555409339796200,82.11379614257812,0.0227916775226593,0.014728599913232028,0.012899813583493232
1760555409349801200,82.12380126953126,0.06402969684004783,-0.0321713541559875,-0.008835011829994618
1760555409359807000,82.13380688476562,0.02632745043337345,-0.018775939075276256,-0.05263740174267441
1760555409369812000,82.14381201171875,0.0016389993786811827,0.008170666169747709,-0.055710525577701626
1760555409379817000,82.15381689453125,0.03215805628299713,0.008400639000721275,0.004014642468839883
1760555409389823000,82.16382299804687,0.03742167589962482,-0.034578561428189276,0.012232399183325469
1760555409399828000,82.17382788085938,0.03293313230872154,-0.02530888450797647,0.010754143324308097
1760555409409834200,82.18383422851562,0.028398996010422704,0.032224582180567084,0.04014131012186408
1760555409419839200,82.19383911132813,0.003205518043041229,0.05739007616247981,0.0480521563116461
1760555409429845000,82.20384497070313,-0.01452770704627037,0.0491707485454157,0.020283786354959008
1760555409439850000,82.21385009765625,0.013073416584730147,0.046378962402418254,0.019270590724423525
1760555409449855000,82.22385498046874,0.02423135493695736,-0.008731880249083042,-0.012883227774873374
1760555409459861000,82.23386108398438,0.012199556359648703,0.021012392890453337,-0.007866312928311527
1760555409469866000,82.24386596679688,0.007646715360879897,0.042496750674210486,-0.020991313569806515
1760555409479872000,82.2538720703125,0.036331542575359345,0.013566424266062676,-0.04667747042495757
1760555409489877000,82.263876953125,0.027910920232534407,0.016400442115589976,-0.022376045926474034
1760555409499883000,82.27388305664063,0.0024029694885015487,0.06078041272051632,-0.0024888211410492656
1760555409509888000,82.28388793945312,0.02474924133121967,0.06202632112838328,0.015374021677300334
1760555409519893000,82.29389306640626,-0.002295417460799217,0.07032952763661741,0.020232932950556278
1760555409529899000,82.30389892578125,-0.0010953940212726592,0.06192581989597529,0.007103402264416217
1760555409539904000,82.31390405273437,0.027318799558281898,0.03591331716328859,0.051519978552684184
1760555409549910000,82.32390991210937,0.013086276066303252,0.01994867264907807,0.0018433263117447495
1760555409559915000,82.3339150390625,0.001228080490231514,0.04909260527528822,-0.010895816817320882
1760555409569921000,82.34392114257813,0.005495674806833267,0.05858326800242066,0.03168850254248828
1760555409579926000,82.35392602539062,0.02741056949496269,0.015741028358787296,0.04686385984253138
1760555409589931000,82.36393090820313,0.020756372302770613,0.006417429294250905,0.02580094234123826
1760555409599937000,82.37393701171875,0.03265022371411323,-0.009918569283001125,0.0010773103753104806
1760555409609942000,82.38394189453125,0.03764963943660259,-0.02141395942866802,0.007436543208919465
1760555409619948000,82.39394799804687,0.02851414682269096,0.023743644485250116,-0.04607691071592271
1760555409629953000,82.403953125,0.029894787526130673,-0.010549268401972949,-0.10726506398711352
1760555409639959000,82.413958984375,0.02241524542570114,0.01431161661017686,-0.09431099946573376
1760555409649964000,82.42396411132812,0.011070260068774223,0.06274181245397777,-0.07344166830778122
1760555409659969000,82.43396899414063,-0.015788520762324332,0.0474627755837515,-0.10423475638050585
1760555409669975000,82.44397509765625,0.004907645785808563,0.06120046476349234,-0.06327884194012731
1760555409679980000,82.45397998046874,0.01679682102203369,0.06890508432406932,-0.04943652334213257
1760555409689986000,82.46398608398438,0.021593407648801802,-0.008273943881131708,-0.09497903492040932
1760555409699992000,82.47399194335938,0.03386310663521289,-0.010667780215106904,-0.0971392086289823
1760555409709997000,82.4839970703125,0.07521218511164188,-0.045958545033261175,-0.038777803216315805
1760555409720003000,82.49400317382812,0.06161328334808349,-0.11302775569967925,-0.0700275855479762
1760555409730008000,82.50400805664063,0.07678980969190598,-0.139846058389917,-0.08584551506787538
1760555409740013000,82.51401293945312,0.12358487861454485,-0.16182057431079447,-0.04958758571799844
1760555409750019000,82.52401904296875,0.06046119070351123,-0.0957614174697548,-0.0464744586661458
1760555409760024000,82.53402416992188,0.02337152323722839,-0.010047127566114068,-0.04538264484144747
1760555409770030000,82.54403002929688,0.01679039128124714,0.01772054827082902,-0.0006697159551084041
1760555409780035000,82.55403515625,0.04574351404309272,-0.03182305217497051,-0.024321590503677725
1760555409790041000,82.564041015625,0.05257599041163921,-0.09175156077388673,-0.016376184457167983
1760555409800046000,82.57404614257813,0.10007949986457824,-0.1130253810795024,0.047593014367297286
1760555409810051000,82.58405102539062,0.06063479370474815,-0.055520154104754325,0.0843631675556302
1760555409820057000,82.59405712890624,0.00303425312936306,0.028827742816507816,0.09717354929000138
1760555409830062000,82.60406201171875,0.045052024647593496,-0.016473799612745643,0.11195954194627701
1760555409840068000,82.61406811523437,0.08005904062092303,-0.06785404090117662,0.0758934453740716
1760555409850073000,82.62407299804687,0.04835048167109489,-0.042326289478130635,0.024107472828961907
1760555409860079000,82.6340791015625,0.05657704274654388,-0.05292045646775514,-0.03096822544392198
1760555409870084000,82.644083984375,-0.0010492167919874192,0.03760455818586051,-0.03503459809999913
1760555409880089000,82.65408911132812,-0.03952537018060684,0.10299045540783554,-0.06006408114470541
1760555409890095000,82.66409521484375,-0.013996376648545264,0.10862824209909885,-0.04148191107586026
1760555409900100000,82.67410009765625,0.006421557480096817,0.06539678394217044,-0.0199556138465181
1760555409910105900,82.68410595703125,-0.009320786052942275,0.05968892768938094,-0.08599588332399725
1760555409920110800,82.69411083984374,-0.014572715231776237,0.052480896006710825,-0.11924129645228385
1760555409930117000,82.7041171875,0.0063292030215263365,0.03878784968629479,-0.05369703033082187
1760555409940122000,82.7141220703125,0.05807809495925903,-0.03243267197329551,-0.02283306897897273
1760555409950127000,82.72412719726563,-0.004794248539209366,-0.0015243600230664014,-0.028283333741500973
1760555409960133000,82.73413305664063,-0.024212650236487387,0.08488145580869168,0.019419241947494448
1760555409970138000,82.74413818359375,-0.025443653336167334,0.13548855730015782,0.10184097484545782
1760555409980144000,82.75414404296875,-0.05618482855856418,0.1558328416706994,0.050667763903830196
1760555409990149000,82.76414916992188,-0.027115970462560653,0.1139752656828612,0.05992894699033349
1760555410000154000,82.77415405273437,0.04368248986005783,0.007207702889107167,0.04087925074128434
1760555410010159900,82.78415991210937,0.040000586476922034,-0.030550913347303865,0.02938228969303891
1760555410020164900,82.79416479492187,0.041865795826911925,-0.0731526587659493,-0.00661938160713762
1760555410030171000,82.8041708984375,0.06618015287220477,-0.07320552146434783,-0.005913041702378541
1760555410040176000,82.81417602539062,0.04141337588429451,-0.03196023215595633,0.058004536532703786
1760555410050182100,82.82418212890624,0.04671382037997245,-0.04083327444139868,0.07502926629278808
1760555410060187100,82.83418725585938,0.028206103786826132,0.0009906915377825498,0.048036575150024144
1760555410070192000,82.84419213867187,0.027351532784104345,0.016125680294819176,0.02628304503606632
1760555410080198100,82.8541982421875,0.0006008885025978088,0.017091858445852995,-0.002110708543658256
1760555410090203100,82.864203125,0.030261282750964163,0.031904739109054205,-0.012853051832318305
1760555410100209000,82.874208984375,0.019982465320825576,0.00055127720721066,-0.0013703750377520919
1760555410110214000,82.8842138671875,0.03501636832356453,-0.02483231650479138,-0.04334757708357647
1760555410120220000,82.89421997070312,0.034496728363633156,-0.03457947474364191,-0.014852536820154636
1760555410130225000,82.90422485351563,0.04743044421672821,-0.010004384402930735,0.00429572443254292
1760555410140230000,82.91422998046875,0.0016799159109592437,0.03042772535905242,0.02562394180651754
1760555410150236200,82.92423608398437,-0.008036591461300849,0.06511530011966823,0.05127994098542258
1760555410160241200,82.9342412109375,-0.003413607835769653,0.07760934591386466,0.0414389852495864
1760555410170247200,82.9442470703125,-0.020959785920381543,0.08483838385194539,0.017828337760549037
1760555410180252200,82.95425219726563,-0.0035158991664648053,0.07631989062521606,0.0024155184428207577
1760555410190258000,82.9642578125,0.006911386823654175,0.0619387524427846,-0.0412698574940674
1760555410200263000,82.97426293945313,0.006149170279502869,0.002941825605556369,-0.057075968712009484
1760555410210268000,82.98426782226562,0.0351525619238615,-0.012427191103063524,-0.037359734845627095
1760555410220274000,82.99427392578124,0.05908756426274776,-0.016865794605016707,-0.009432064407691359
1760555410230279000,83.00427880859375,0.018119009536504745,-0.032227504790015515,-0.05885567346932366
1760555410240285000,83.01428491210937,0.006012976679205894,-0.003284611161239445,-0.03541813579117879
1760555410250290000,83.0242900390625,0.029227263528108595,0.007903978057578205,-0.025664365148451176
1760555410260295200,83.03429516601562,0.034520693761110305,-0.014683372532017527,-0.04534348187483847
1760555410270301200,83.04430126953125,0.010925883162021637,-0.04434402250871062,-0.02241100764200091
1760555410280306200,83.05430615234376,0.039711248141527176,-0.010634645130485296,0.02737235637642443
1760555410290312000,83.06431201171876,0.04819382980465889,-0.045738983998447655,-0.03516280932324007
1760555410300317000,83.07431689453125,0.036790392258763314,-0.07223349809441715,-0.033538386459182945
1760555410310323000,83.08432299804687,0.07298574123382567,-0.08315996577832847,-0.013355010005086659
1760555410320328000,83.09432788085938,0.043373277780413624,-0.02595116446688771,-0.02186113694058731
1760555410330333000,83.1043330078125,-0.007371990072727203,0.04536141939032823,-0.02360927751585841
1760555410340339000,83.1143388671875,0.006489946541190147,0.05827650360818952,0.025504955069348214
1760555410350344000,83.12434399414063,0.025319150173664092,0.003552815377060324,0.011562153505254536
1760555410360350700,83.13435083007812,0.006571779605746269,0.018402429587766528,-0.03505633500777185
1760555410370356000,83.14435595703125,0.012651391780376433,0.06452255839090794,-0.011157372096646577
1760555410380361700,83.15436181640625,0.03819558288156986,-0.012931377765536307,-0.003591412088088691
1760555410390366700,83.16436669921875,0.023179215535521505,-0.026022330006957053,0.028372053204569963
1760555410400371700,83.17437182617188,0.02056055746972561,0.023205738216266036,0.038855727290734644
1760555410410377700,83.18437768554688,-0.02653963187932968,0.08458106635631993,0.04414935845313594
1760555410420382700,83.1943828125,-0.031057986086606978,0.11817496412871405,0.06502700078170746
1760555410430388700,83.204388671875,-0.02646422855556011,0.13184103111065923,0.029585812908504157
1760555410440393700,83.21439379882813,0.003146481332182884,0.02850689509799704,-0.023325711334124206
1760555410450400000,83.22439990234375,0.06466039595901965,-0.0722831093898043,-0.03597964213145897
1760555410460405000,83.23440502929688,0.061107671913504594,-0.0879184671507217,-0.039485787088889626
1760555410470410000,83.24440991210938,0.06297288126349448,-0.08265272864224389,-0.03297998539144173
1760555410480415700,83.25441577148437,0.05105331088900566,-0.04420437657600269,0.025057046905066816
1760555410490420700,83.26442065429687,0.043619946017861365,-0.020532262957002965,0.00572853371463716
1760555410500426800,83.2744267578125,-0.028891747963428496,0.06368833605647087,-0.013872805067803709
1760555410510431700,83.284431640625,-0.011811433824896812,0.055943384485505517,0.014759689171239734
1760555410520436700,83.29443676757812,0.039701895791292185,0.030165238497965038,-0.004042754318471998
1760555410530442800,83.30444287109376,0.020635960793495178,-0.01224118527797982,-0.039250644892454147
1760555410540447700,83.31444775390625,0.04807926351428032,-0.08342316502546891,-0.016669614445790647
1760555410550454000,83.3244541015625,0.061330374753475185,-0.036383857284486294,-0.00683972809324041
1760555410560459000,83.334458984375,0.00008124854266643523,0.028467275473661718,-0.02731415991578251
1760555410570464800,83.34446484375,0.007025953114032745,0.0045356706682592625,-0.01863570862067863
1760555410580469800,83.3544697265625,0.017232289829850197,0.047639282928127795,0.038768889257498086
1760555410590474800,83.36447485351563,-0.053365094962716096,0.11332494854796678,0.01115300644878298
1760555410600480800,83.37448071289063,-0.04438859230279922,0.10783924714587628,-0.04324994366168976
1760555410610485800,83.38448583984375,-0.008788286611437797,0.06044363678051158,-0.023780487630609422
1760555410620491800,83.39449169921875,0.0010924714118242262,0.04074115744484588,-0.05467944723060354
1760555410630496800,83.40449682617188,0.008275660914182663,0.02221385936839506,-0.050214302781596776
1760555410640501800,83.41450170898437,0.044917000091075895,0.013890103262476623,0.0030769232273101803
1760555410650507800,83.4245078125,0.027402970710396764,0.02671913489839062,-0.026035993206128476
1760555410660512800,83.4345126953125,-0.016326865422725677,0.062319184861425306,-0.007930592069867999
1760555410670518800,83.44451879882813,0.01262275020778179,0.07841982204653322,0.026463315240107477
1760555410680523800,83.45452368164062,-0.015312135422229766,0.10984300645003095,0.030964681779965756
1760555410690529800,83.46452978515624,-0.04581190310418606,0.1287694964445196,0.004924377724900841
1760555410700534800,83.47453466796875,0.016287702456116677,0.049646695494093,0.022524057828728107
1760555410710539800,83.48453979492187,0.07423427999019622,-0.04153250875193625,0.014405121846217662
1760555410720545800,83.4945458984375,0.058446928271651266,-0.06731628076266497,-0.04240750148817896
1760555410730550800,83.50455078125,0.030080665487051007,-0.027312625545822082,-0.0007430917185731232
1760555410740556800,83.51455688476562,0.055603813800215715,-0.01526592166032642,-0.004053476641885936
1760555410750561800,83.52456176757812,0.02250233918726444,-0.05572528475541621,-0.015895634398609398
1760555410760567800,83.53456787109376,0.042538580521941184,-0.07830397711452096,-0.03219942947300151
1760555410770572800,83.54457275390625,0.017256255227327346,-0.032446298639848825,-0.040697555765137075
1760555410780577800,83.55457788085937,0.007388941207528114,0.012822656694054602,-0.01901184845669195
1760555410790583800,83.56458374023437,0.017853636598587037,0.02458173927720636,-0.010149948619771748
1760555410800588800,83.5745888671875,0.019193945291638374,0.018027604926005004,-0.006039188832696527
1760555410810594800,83.5845947265625,0.00916588775217533,0.006957819781266152,-0.009745386406872421
1760555410820599800,83.59459985351563,0.030562311524152754,-0.01367562026157975,-0.015801763836387542
1760555410830604800,83.60460473632813,0.029215573090314865,0.02568761815987527,-0.008429170975461602
1760555410840610800,83.61461083984375,0.019778467181324956,0.0118991121083498,0.003920059520564973
1760555410850615800,83.62461572265624,0.02917641012370586,-0.005056260476261377,0.019007245346810666
1760555410860621600,83.63462158203124,0.041431496062874794,0.00383767846673727,0.02065601720083505
1760555410870626800,83.64462670898438,0.043970074629783626,-0.029161724011227488,0.03453678637938574
1760555410880631800,83.6546318359375,0.08466565763354301,-0.04678783546425402,0.03994189682593569
1760555410890637800,83.66463793945313,0.07360474991500378,-0.058049014995247124,0.03511528038708493
1760555410900642800,83.67464282226562,0.023944354689121244,-0.001194981938228011,-0.007373579241614788
1760555410910648800,83.68464892578125,0.003879471781849861,0.029509514535591006,0.015234046951029449
1760555410920653800,83.69465380859376,0.018226561564207076,0.02338514990378171,0.03015674466425553
1760555410930659800,83.70465991210938,0.01388414844572544,0.029208851088583468,0.0020822679004631937
1760555410940664800,83.71466479492187,0.04425356774628162,-0.007826053983159362,0.013947112413030116
1760555410950669800,83.724669921875,0.05426350510716438,-0.06160835144463926,0.043804928929638116
1760555410960675800,83.73467578125,0.023737433940172192,-0.0270440742701292,-0.014666604060307144
1760555410970680800,83.74468090820312,-0.024003975921869276,0.0760338767580688,-0.05129875528374687
1760555410980686800,83.75468676757812,-0.010704349365830422,0.08569624279029667,-0.03741769384425133
1760555410990691800,83.76469189453125,0.05711071123182773,-0.06070402301605791,-0.03544257611269131
1760555411000697900,83.77469775390625,0.05952887828946113,-0.09360628526248037,-0.0022654059150256215
1760555411010702800,83.78470288085937,0.014615969851613043,0.02398611147161573,0.041901360330637544
1760555411020707800,83.79470776367188,-0.018182137900590895,0.10679993069339543,0.036909908718895164
1760555411030713900,83.8047138671875,-0.02796177363693714,0.09562814647890627,0.0022083967644721267
1760555411040718800,83.81471875,-0.009197451934218406,0.07758896071296185,0.02044758034823462
1760555411050724900,83.82472485351562,0.02486614570915699,0.039808972894959146,-0.02088500365111977
1760555411060729900,83.83472973632813,0.03547346444129944,-0.04695873505175113,-0.08050033638132735
1760555411070734800,83.84473486328125,0.06312251886725426,-0.04998312437422573,-0.05019609127147123
1760555411080740600,83.85474072265625,0.017158640071749685,0.0265316677685827,-0.028261012311838564
1760555411090745600,83.86474560546876,-0.03104571112692356,0.057154696504026645,-0.02451693041268736
1760555411100752000,83.874751953125,0.011833061134815215,0.04357446290832013,0.0035960882632061837
1760555411110756900,83.8847568359375,0.03405599885880947,0.03417710448782891,0.015364523196592926
1760555411120761900,83.89476196289063,-0.015066051706671715,0.05056468712184578,-0.04656062084594741
1760555411130768000,83.90476782226563,0.013937924459576607,0.011449907036125659,-0.09452003910653292
1760555411140772900,83.91477294921874,0.06091361064612865,-0.008992503946647048,-0.08266082061715424
1760555411150779000,83.92477880859374,0.042835517641901966,-0.01551434346344322,-0.10222789180381223
1760555411160784000,83.93478393554688,0.01113572652041912,-0.001953399090096354,-0.04337879420574754
1760555411170789600,83.94478955078125,0.048852585974335665,-0.020549816880002618,0.009788915021345018
1760555411180794600,83.95479467773437,0.04287292704284191,0.006101897071674466,0.035322694326378405
1760555411190799600,83.96479956054688,-0.017896306696534157,0.03866995892766863,0.029821813621465115
1760555411200806000,83.97480590820312,0.01438917535841465,0.0505600840119645,0.01775666076382622
1760555411210811000,83.98481079101562,0.003898176482319832,0.054170858387649054,-0.03013312632665038
1760555411220817000,83.99481689453125,-0.022315292182564735,0.05646996564287692,-0.07288251832136884
1760555411230822000,84.00482177734375,-0.01772737987041473,0.0693242595842108,-0.030667817725241183
1760555411240827000,84.01482690429688,0.006645429363846779,0.04272482380904257,-0.03518096603443846
1760555411250833000,84.0248330078125,0.024455811342597007,-0.05405329642258584,-0.09370817473437637
1760555411260838000,84.034837890625,0.03356616951525211,-0.0061456266155466436,-0.021787395850941537
1760555411270843600,84.04484375,0.029497897163033485,0.02575308461152017,0.026545075239427385
1760555411280848600,84.0548486328125,-0.011980360651016235,0.03625570086017251,-0.024953970123082397
1760555411290854700,84.06485473632813,-0.015787936240434647,0.08977021423093974,-0.005394570786226541
1760555411300859600,84.07485961914062,-0.008836801928281783,0.1116752451121807,-0.001377498898282647
1760555411310864600,84.08486474609376,0.032575989434123036,0.014099106370657682,-0.05003600533893331
1760555411320871000,84.09487084960938,0.036298809349536894,-0.07509031229764222,-0.06507617368567735
1760555411330876000,84.1048759765625,0.05842647000551223,-0.04197762217093259,-0.03318780118953436
1760555411340882000,84.1148818359375,0.04163900133371353,-0.010875833475217223,-0.03734658310310915
1760555411350887000,84.12488696289063,-0.020355974808335304,0.08577493404969573,-0.04860463909525424
1760555411360892700,84.134892578125,-0.007834346887469291,0.060948207035474475,-0.015899780850764364
1760555411370897700,84.14489770507812,0.055172436645627015,-0.05516878338381648,0.0020965521541424096
1760555411380902700,84.15490258789063,0.10177402882277965,-0.16283862877953797,-0.0040233920308761295
1760555411390908700,84.16490869140625,0.10442892724573612,-0.1683159276794642,0.026582219778886064
1760555411400913700,84.17491357421875,0.12378127796947955,-0.19376754512637853,0.049859735456574704
1760555411410919700,84.18491967773437,0.1770493422985077,-0.28707254588734354,0.07066179179828613
1760555411420924700,84.19492456054688,0.17651392024755477,-0.334329788961634,0.08354663614151067
1760555411430929700,84.2049296875,0.15073942752182481,-0.24373923479113727,0.0735535677170381
1760555411440935700,84.21493579101562,0.06032675066888332,-0.12728928609043358,0.05800138559439219
1760555411450940700,84.22494067382813,0.04050678243339061,-0.03587590776234865,0.12600843423334881
1760555411460946700,84.23494677734375,0.07409048760533332,-0.03602510697469115,0.17653218655660746
1760555411470951700,84.24495166015625,0.04302665629982948,-0.04231196869183332,0.08587319765924475
1760555411480956700,84.25495678710938,0.00023848493099212645,0.0060836124963127075,0.04845428910544142
1760555411490962700,84.26496264648438,0.008601824128627776,0.0645394912593998,0.03619278255864046
1760555411500967700,84.2749677734375,-0.020163667106628418,0.052113907591532914,-0.07401516647995449
1760555411510973700,84.2849736328125,-0.09118833740055561,0.15050934509299693,-0.06379999800371006
1760555411520978700,84.29497875976563,-0.07473521524965762,0.20435047833593561,-0.03269207182815298
1760555411530984700,84.30498461914063,-0.06337503232359885,0.14578586023505777,-0.05091658756574616
1760555411540989700,84.31498974609374,-0.060578095081448555,0.12970798287102953,-0.05472556966096163
1760555411550994700,84.32499462890625,-0.007713935378193855,0.11450553663466125,0.023906543429382143
1760555411561000700,84.33500073242188,-0.04556815747618675,0.1481672024136409,0.07201037512933835
1760555411571005700,84.34500561523437,-0.05396422989964485,0.16638674971517176,0.07297839817758649
1760555411581011700,84.35501171875,0.061412792339920995,-0.03784932672716677,-0.01015064273951575
1760555411591016700,84.3650166015625,0.04948503865897655,-0.10289126934967935,-0.10143847672548144
1760555411601021700,84.37502172851562,-0.06512216825187206,0.08884109842097386,-0.14259239795599132
1760555411611027700,84.38502783203126,-0.07787994301617145,0.23287739330865442,-0.06909437808478251
1760555411621032700,84.39503271484375,-0.09216390443444251,0.2276663075968623,-0.015580357904359698
1760555411631038700,84.40503881835937,-0.07520166371762751,0.14991525165736674,0.0010760134673677385
1760555411641043700,84.41504370117187,-0.016679916644096373,0.09911918519875033,0.02976222892133519
1760555411651049700,84.4250498046875,0.00440671052634716,0.0943930151933804,0.07444995030118153
1760555411661054700,84.4350546875,0.033709961900115014,0.009533698151260614,0.06392590767201035
1760555411671059700,84.44505981445313,0.021527941197156904,0.02242671666778624,0.06224705120697617
1760555411681065700,84.45506567382813,-0.005063128608465194,0.09385109033640474,0.08403592662895097
1760555411691070700,84.46507080078125,-0.04201309534311294,0.14815629742713643,0.026144129755720495
1760555411701076700,84.47507666015625,-0.040216859576106066,0.15012315878700463,-0.021763722714409232
1760555411711081700,84.48508178710938,0.024137831434607505,0.03016655367221683,-0.046231060098018494
1760555411721086700,84.49508666992188,0.04498948080539703,-0.05214101479416713,-0.05160433236788958
1760555411731092700,84.5050927734375,0.08037234435379505,-0.08330795941427349,-0.03703417441938072
1760555411741097700,84.51509765625,0.05065466696023941,-0.041399055097997184,0.02403378653824329
1760555411751103700,84.52510375976563,0.04608195221722126,-0.04740326394885778,0.05529547850340604
1760555411761108700,84.53510864257812,0.04842237786352634,-0.07028609035369009,0.047782107198610896
1760555411771113700,84.54511376953126,0.0732376701682806,-0.08235796521306038,0.005985851210262626
1760555411781119500,84.55511938476562,0.04105915561914444,-0.07656020218711346,-0.029051158042531458
1760555411791124700,84.56512475585937,0.03644201721251011,-0.05324011687617749,-0.03727225749157369
1760555411801130800,84.575130859375,0.014466332247853278,0.012469020950794218,-0.034088385024759915
1760555411811135700,84.5851357421875,0.03393441830575466,0.024160116331651806,-0.027929661465622483
1760555411821141800,84.59514184570313,0.007318214058876037,0.03188720345236361,-0.00577383416108787
1760555411831146800,84.60514672851562,0.008983516922593117,0.020890593141689895,0.0032997904640622434
1760555411841151700,84.61515185546875,0.04598550610542297,-0.048464901831001043,-0.006872333454899489
1760555411851157800,84.62515771484375,0.06476034920215606,-0.07002024249173701,-0.024604955756012348
1760555411861162800,84.63516284179687,0.017976386195421218,-0.0011127835474908352,-0.037754031392838804
1760555411871168500,84.64516845703125,-0.018806991800665855,0.08478066231533885,-0.006870598155539483
1760555411881173500,84.65517358398438,-0.01772621082663536,0.09112984867896884,-0.016653046903479844
1760555411891178500,84.66517846679687,0.013727496579289436,0.02927866492178291,0.010090254321787506
1760555411901184800,84.67518481445312,0.09191665167510508,-0.09287070099692792,0.007007906000688672
1760555411911189800,84.68518969726563,0.09160743959546089,-0.15389025623556227,-0.041094793188106264
1760555411921195800,84.69519580078125,0.0417447997957468,-0.07349917064867913,-0.00663072498505935
1760555411931200800,84.70520068359374,0.038732758498191834,-0.0005818550085648894,0.0098893797211349
1760555411941206800,84.71520678710938,0.031106501403450965,-0.019864538029581307,-0.023251604918297378
1760555411951211800,84.72521166992188,-0.0051531449794769285,0.028200806557200846,0.03453830248303711
1760555411961216800,84.735216796875,0.0682663114964962,-0.001681450280919671,0.054037696994654834
1760555411971222500,84.74522241210937,-0.001975099465250969,0.004214293226785957,0.0508534226690419
1760555411981227500,84.7552275390625,-0.037891631498932835,0.11224120843186974,0.05976984743848442
1760555411991233500,84.76523364257812,-0.011168459746241569,0.11808416230641305,0.1074346666666679
1760555412001238500,84.77523852539062,-0.028749709144234657,0.09789503196496516,0.0561073063429445
1760555412011243800,84.78524389648437,-0.006164367848634719,0.08722034708503633,0.05457505527436733
1760555412021249800,84.79524975585937,-0.04115267912149429,0.19101115909032523,0.07659231435842812
1760555412031254800,84.8052548828125,-0.10822247430980204,0.27983463052306323,0.05237414769660681
1760555412041260800,84.8152607421875,-0.09739069917201995,0.24796952930465338,0.028867015380971132
1760555412051265800,84.82526586914062,0.007698153287172317,0.09531385636534541,0.05182038627136498
1760555412061270800,84.83527075195312,0.11920680966079235,-0.1823056919241324,-0.03611629238948226
1760555412071276500,84.84527661132813,0.10597498764395713,-0.22841584732253103,-0.05536763042416423
1760555412081281500,84.85528149414063,0.12487141129374503,-0.12349789445083588,0.03370886592157185
1760555412091287600,84.86528759765625,0.03664659987390041,-0.012835479643009602,0.041092619497328994
1760555412101292500,84.87529248046874,-0.04200549655854702,0.07427537918556482,0.03696158410720527
1760555412111298800,84.885298828125,0.046316345494985575,-0.017872743157856166,0.02570069683715701
1760555412121303800,84.8953037109375,0.07318447867631912,-0.05076674903258681,-0.0030249373117461798
1760555412131308800,84.90530883789063,0.0165261873871088,-0.013242854867503047,-0.0233681987689808
1760555412141314800,84.91531469726563,-0.07296236035823822,0.1727213595641777,0.11681173121780157
1760555412151319800,84.92531982421875,-0.1315133335262537,0.3724997259452939,0.1895507676815614
1760555412161325600,84.93532568359375,-0.23720716614127157,0.5312569306300953,0.15605510611925275
1760555412171330800,84.94533081054688,-0.0835293470799923,0.2867662929497659,0.10063669535592198
1760555412181335800,84.95533569335937,0.0702355657428503,-0.04400602272599935,0.002764240548945963
1760555412191341600,84.96534155273437,0.1505921280056238,-0.27702242264654486,-0.12199450415056198
1760555412201346600,84.9753466796875,0.1756716242045164,-0.30511739420909434,-0.1677509142078459
1760555412211352600,84.9853525390625,0.09378829076588154,-0.09690708037354051,-0.11995010230876504
1760555412221357600,84.99535766601562,-0.025785598641633985,0.07720569701641798,-0.06812072901334613
1760555412231362800,85.00536279296875,-0.013880056792497633,0.0775313122415915,-0.03584412438459694
1760555412241368800,85.01536889648438,0.019758593437075613,0.022784261401183902,-0.0038667949633672833
1760555412251373800,85.02537377929687,0.024817045870423316,-0.06412899249605834,0.00666292848791927
1760555412261379800,85.0353798828125,-0.010367664757370948,0.04664079167637974,0.08070453545022756
1760555412271384800,85.045384765625,-0.012194880184531211,0.12672883919607847,0.06404982631262392
1760555412281390600,85.055390625,-0.04062836298644543,0.0784412666933611,0.01442483119368553
1760555412291395600,85.0653955078125,0.050100540208816526,-0.022388832342810926,-0.04711556958127767
1760555412301400600,85.07540063476563,0.13638999965190887,-0.21240670607946813,-0.056873979866504665
1760555412311406600,85.08540649414063,0.1677542752087116,-0.3532856511810794,-0.04842562926653772
1760555412321411600,85.09541162109375,0.14586743757128715,-0.25672179475463924,-0.021538316460698842
1760555412331417900,85.10541796875,0.04457739287316799,-0.08579784000124782,0.03703855833355337
1760555412341422800,85.1154228515625,0.074296239310503,-0.10716397823281586,-0.07958068251945077
1760555412351427800,85.125427734375,0.05637655173838138,-0.07789327742177993,-0.15017061465792356
1760555412361433600,85.13543359375,0.03480710948705673,-0.047033334657922386,-0.13679269870128483
1760555412371438600,85.1454384765625,0.038245851764082905,-0.021773221195116637,-0.10246917148008942
1760555412381444400,85.1554443359375,0.03151566672623157,0.03097666447870433,-0.09081351273879408
1760555412391449300,85.16544946289062,0.008218377768993377,0.05305376399122178,-0.08827117131222038
1760555412401455600,85.17545556640626,0.01556990957558155,0.045429406592622394,-0.03578490501064807
1760555412411460600,85.18546069335937,0.012573065847158432,0.060675819834880525,-0.041509237474203105
1760555412421465600,85.19546557617187,-0.00649286915063858,0.054165524625405664,-0.09783307264465838
1760555412431471600,85.2054716796875,-0.00019873744249343872,0.0529026650827378,-0.16572656877338884
1760555412441476600,85.2154765625,0.02589139710366726,0.0056819546265527605,-0.13552085213456302
1760555412451482600,85.22548266601562,0.07762742955982685,-0.13095412874091417,-0.047795989593490955
1760555412461487600,85.23548754882812,0.1693663865804672,-0.2701740911217406,-0.10137633474208414
1760555412471492600,85.24549267578125,0.1960714381545782,-0.34350988790225234,-0.15467775335144252
1760555412481498400,85.25549829101563,0.1412953073501587,-0.21269451004490256,-0.19461013343036174
1760555412491503400,85.26550341796874,0.04851823945343494,-0.026470475633256135,-0.1515352540746331
1760555412501509400,85.27550927734374,-0.008752630776166915,0.049059470190666615,-0.1416283021641895
1760555412511514400,85.28551440429688,0.0029711247652769086,0.008576507024280726,-0.09316920901946722
1760555412521519400,85.29551928710937,-0.0022229367464780807,0.06651172291412949,-0.008909574903547763
1760555412531525600,85.30552563476563,-0.09331132090389728,0.24908918098434804,0.16855923491604624
1760555412541530600,85.31553051757813,-0.2381786415219307,0.5391508987503126,0.28663824612330646
1760555412551536600,85.32553662109375,-0.3502192128151655,0.7162518616382032,0.3865729306897148
1760555412561541600,85.33554174804688,-0.2698866159498691,0.5911794113470241,0.3961122913967818
1760555412571546600,85.34554663085937,-0.16581073992550371,0.40068635784666984,0.3374816405886784
1760555412581552400,85.35555249023437,-0.1080418570458889,0.2120305662434548,0.226295859493874
1760555412591557400,85.36555737304687,0.048642158094048496,-0.006459514870308339,0.02196501744017005
1760555412601563400,85.3755634765625,0.29473990217745305,-0.4761512025451287,-0.14059574424605817
1760555412611568400,85.385568359375,0.3660392977595329,-0.6447910649493336,-0.3278263253517449
1760555412621574700,85.39557470703124,0.27089199360013005,-0.5035538079293445,-0.3121789300931617
1760555412631579600,85.40557958984375,0.1140150862365961,-0.16033461006935684,-0.2742799920706078
1760555412641584600,85.41558471679687,-0.05166939696073532,0.16720471503455192,-0.18093637633230536
1760555412651590700,85.42559057617187,-0.1611322267204523,0.3063081383636221,-0.09138550394047051
1760555412661595600,85.435595703125,-0.11957155131995677,0.2495323581745848,-0.04485434665102511
1760555412671601400,85.44560131835938,-0.01973345899581909,0.034774339728616176,0.1728767693215981
1760555412681606700,85.45560668945312,-0.0017038813084363936,0.03197681796457618,0.37889940038714554
1760555412691611600,85.46561157226563,-0.16266893476843833,0.36197767434380945,0.5901717686744407
1760555412701617400,85.47561743164063,-0.13991934282183646,0.3858315012052655,0.5405716888010501
1760555412711622400,85.48562231445312,0.10923778883218764,-0.11970792758334427,0.2208694870635867
1760555412721628400,85.49562841796875,0.2300917811781168,-0.5185134035868569,0.2251554938197136
1760555412731633400,85.50563330078126,0.3401736196190119,-0.5851263218531385,0.1307571448640898
1760555412741638400,85.51563842773437,0.2478770287156105,-0.4968274588163942,0.03952321475613862
1760555412751644700,85.52564477539063,0.03223638221621513,-0.18653437900245187,0.09584821897037327
1760555412761649700,85.53564965820313,0.013456862944364547,-0.014353702186234295,0.16320044782925397
1760555412771655700,85.54565576171875,0.11149112071692943,-0.13511987011823803,0.2128217166211456
1760555412781660700,85.55566064453124,0.07579378439188003,-0.2366829230714589,0.08170271617472172
1760555412791666400,85.56566650390624,0.129683195489645,-0.3317816753813997,0.0946157545659691
1760555412801671400,85.57567138671875,0.2139133843153715,-0.3655326999442652,0.18738818282019346
1760555412811676400,85.58567651367187,0.16231062285006045,-0.3078362247137353,0.10320311177782714
1760555412821682400,85.59568237304687,0.10428513486087322,-0.21053166945520788,-0.04979611390214413
1760555412831687400,85.6056875,0.09348083225190638,-0.09208608995787798,-0.08493464730065316
1760555412841693700,85.61569360351562,-0.23128186774551868,0.5262835261316969,-0.09848247646410017
1760555412851698700,85.62569873046876,-0.3151683577001095,0.838617135329917,-0.23542331493180244
1760555412861703700,85.63570361328125,-0.2757441098064184,0.706860421501845,-0.33778226750306783
1760555412871709700,85.64570971679687,-0.015247838014364242,0.22316779060121625,-0.4274696988213807
1760555412881714700,85.65571459960937,0.09805296247303485,-0.033748284616507584,-0.5107133242951706
1760555412891720400,85.66572045898438,0.08525134856700897,0.07251611442808062,-0.6667205726847052
1760555412901725400,85.67572534179688,0.02399170096218586,0.1133919859021902,-0.5965209550380707
1760555412911730400,85.68573046875,-0.01846855362653732,0.02878733774088323,0.07305898913312703
1760555412921736400,85.695736328125,0.013691840744018554,0.08222655738573521,-0.1685351964533329
1760555412931741400,85.70574145507813,-0.03633680327236652,0.03034826691467315,-0.1884747724805027
1760555412941747500,85.71574755859375,0.0287608150601387,-0.01769015313256532,-0.27224370047003027
1760555412951752400,85.72575244140624,0.0024596681118011473,-0.04502868030462414,-0.3112237847927958
1760555412961757400,85.73575732421875,-0.04887129067480564,0.012257168298400938,-0.171053426351957
1760555412971763700,85.745763671875,-0.014462825116515159,0.12493106905911117,0.02117160204015672
1760555412981768700,85.75576879882813,-0.004991816937923431,0.07932714614979923,0.08715133696943521
1760555412991774500,85.7657744140625,0.018392565780878067,-0.049026188975572586,0.032157142967544496
1760555413001779500,85.77577954101562,0.07134791089892387,-0.029711503381095825,0.017536606538668273
1760555413011785500,85.78578540039062,0.0706324561059475,-0.03325355990212411,0.008395341771095991
1760555413021790500,85.79579052734375,0.07343874569833278,-0.08905176376327872,-0.07565320687741041
1760555413031795500,85.80579541015625,0.0946568902939558,-0.14783990668803454,-0.09845774388164281
1760555413041801500,85.81580151367187,0.03267652719914913,0.009528802780434489,-0.03587159691341221
1760555413051806500,85.82580639648438,-0.00507248095870018,0.04372724231723696,-0.02515888157803565
1760555413061812700,85.83581274414063,-0.005941080486774444,0.027549393443763254,0.030433442713785914
1760555413071817700,85.84581762695312,-0.008368015372753142,0.0900224719589576,0.06352704454753548
1760555413081822700,85.85582275390625,-0.022438041779398916,0.08674480199515819,0.003218852448649704
1760555413091828500,85.86582836914063,-0.0031318682849407193,0.029533297269977627,-0.05606368639692664
1760555413101833500,85.87583349609375,0.07201309680938721,-0.04057345446143299,-0.0893969422054477
1760555413111839500,85.88583959960937,0.05697101050019264,-0.07088358132280409,-0.09448851145710796
1760555413121844500,85.89584448242188,-0.01097498300075531,-0.008284538340382277,-0.041526572201494125
1760555413131849500,85.90584936523437,-0.0886135184764862,0.27064357179701326,0.02494764998015016
1760555413141855500,85.91585546875,-0.1465489900946617,0.33843981809634716,0.058397024715319275
1760555413151860500,85.92586059570313,-0.06315525209307671,0.1769155781173147,0.05638533783303573
1760555413161866500,85.93586645507813,0.026359599137306212,0.06841035960968583,0.04870356942508369
1760555413171871500,85.94587158203124,0.017138766327500343,0.029293953822460025,-0.006299483736697584
1760555413181876500,85.95587646484375,0.02417465631365776,0.018691256466507912,0.0328531624076888
1760555413191882500,85.96588256835938,0.062463762697577474,0.0037295784497633575,0.11889410871611908
1760555413201887500,85.97588745117187,0.05186579631567001,-0.05457724723145366,0.06170925453584641
1760555413211893500,85.9858935546875,0.05580839646160602,-0.08625299989022314,0.0044548422507010394
1760555413221898500,85.9958984375,0.10539572645127773,-0.11973726327568292,0.03227523465557024
1760555413231904500,86.00590454101562,0.09414777172803879,-0.1161058114381507,0.01583480758946389
1760555413241909500,86.01590942382812,0.07098726089298725,-0.14805581446103752,-0.06658758289562539
1760555413251914500,86.02591455078125,0.07655366284847259,-0.12728397059449925,-0.029534648976847527
1760555413261920500,86.03592041015625,0.06550853722095488,-0.03285356426648795,-0.011734971055202185
1760555413271925500,86.04592553710937,-0.03248305045366287,0.09703348323218523,-0.021917963428050278
1760555413281931500,86.055931640625,0.010009937360882758,0.05944439661009237,0.012283526582363992
1760555413291936500,86.0659365234375,0.059227264994382856,-0.03711195236332714,0.044278026334103195
1760555413301941800,86.07594165039062,0.04768295767307281,-0.011080544000770897,0.05500177452014759
1760555413311946800,86.08594677734375,0.013942600634694099,0.044305316199827936,0.10450811169547959
1760555413321952500,86.09595239257813,0.026701544442772864,0.07576532548237591,0.10439498844351619
1760555413331957500,86.10595751953124,-0.027746669581532477,0.11035124823311343,0.056592313380911946
1760555413341962500,86.11596240234375,-0.02746376098692417,0.09213716255798936,0.051285366079211234
1760555413351968500,86.12596850585938,-0.007909165689349174,0.0849808975951746,0.06821050792234018
1760555413361973500,86.13597338867187,-0.008981763356924057,0.05780238329041749,0.013396584124490619
1760555413371979500,86.1459794921875,0.003131283763051033,-0.0277900337992236,-0.03834235267480835
1760555413381984500,86.15598461914063,0.021654782447218895,-0.004593921927828342,-0.02522745330221951
1760555413391989500,86.16598950195312,0.00009586158990859984,0.051293275391031054,-0.045137565772887314
1760555413401995500,86.17599560546876,-0.03896306012272834,0.06498414802066982,-0.05049304665774107
1760555413412000500,86.18600048828125,0.014444704937934875,0.03537206815974787,-0.037074031505733726
1760555413422006500,86.19600659179687,0.040946927416324615,-0.021256613442488012,-0.04924679119000211
1760555413432011500,86.20601147460937,0.01108604215979576,-0.048846959951147434,-0.07375862530246377
1760555413442016500,86.2160166015625,0.055011693125963206,-0.051415641395375127,-0.07451298733372241
1760555413452022500,86.2260224609375,0.07982289377748966,-0.0844353560090065,-0.05550782434614375
1760555413462027500,86.23602758789062,0.024733459240198135,-0.06243285610266029,-0.020532463886402546
1760555413472033500,86.24603344726563,0.029028526085615156,0.010640563414618373,0.010661934996210038
1760555413482038500,86.25603857421875,0.020595044261217117,0.022293336079083383,0.06869071092102676
1760555413492043500,86.26604345703124,0.044048985084891315,-0.027049901222717016,0.07136656080046669
1760555413502049500,86.27604956054688,0.07632920644283295,-0.11757168273963034,0.05617235266948119
1760555413512054500,86.28605444335938,0.0236065010368824,-0.015515987431257962,0.055798751850426195
1760555413522060500,86.296060546875,0.007339841368794441,0.07340272453688085,0.0850365185062401
1760555413532065500,86.3060654296875,0.004647533544898033,0.09418799414057284,0.05826474010515958
1760555413542071600,86.31607153320313,-0.03124035691618919,0.1312337859325111,-0.028833332307077943
1760555413552076500,86.32607666015625,-0.033141222101449964,0.08765965181775391,-0.13079331215601414
1760555413562081500,86.33608154296876,0.01030745900273323,0.013354096689634025,-0.1361374679292552
1760555413572087600,86.34608764648438,-0.009077624946832657,0.02468976622894406,-0.12579062676420436
1760555413582092500,86.35609252929687,-0.018310732716321942,0.08850023082774132,-0.048455933073256165
1760555413592098600,86.3660986328125,-0.009610708910226822,0.09111465110983699,0.04003525593150407
1760555413602103600,86.376103515625,0.029174072036147115,0.02766812445260584,0.03955733622144907
1760555413612108500,86.38610864257812,0.008237082469463348,0.01058963694497943,0.04821655309312045
1760555413622114300,86.3961142578125,0.019901801300048826,-0.006495170705579221,0.051483665130287404
1760555413632119300,86.40611938476563,0.020037410378456116,0.019061331887915728,0.04580943715246394
1760555413642125600,86.41612548828125,-0.027161563169956205,0.09467166773797944,0.07073434557784349
1760555413652130600,86.42613061523437,-0.02320434997677803,0.12135752142127602,0.054755288945790376
1760555413662135600,86.43613549804688,-0.01998012723326683,0.06049114745035767,0.012287654768209904
1760555413672141600,86.4461416015625,0.01690437304973602,0.008982165215723216,-0.007922427029721438
1760555413682146600,86.456146484375,0.05979951192438602,-0.023766075512766837,0.0019866255062632263
1760555413692152600,86.46615258789062,0.0499012182444334,-0.0673438080904074,-0.026279903230909257
1760555413702157600,86.47615747070313,0.06529810934066772,-0.06383552597481756,-0.0037693259382620453
1760555413712162600,86.48616259765625,0.05181786552071571,-0.054734428820852186,0.001121039919182658
1760555413722168300,86.49616821289062,0.031066753914952276,-0.009349062299355865,-0.07244381637685
1760555413732173600,86.50617358398438,0.08444061670601367,-0.12733581037959082,-0.1453708862259984
1760555413742179600,86.5161796875,0.05191664972007274,-0.13230665759472177,-0.07330472578881309
1760555413752184600,86.5261845703125,0.012358546313643455,0.0021872443785890937,-0.009975286172609775
1760555413762189600,86.536189453125,-0.019406126737594603,0.034801045072451235,-0.025288736769091335
1760555413772195600,86.54619555664063,0.016124620848894117,0.02532716908333823,0.02019048204831779
1760555413782200600,86.55620068359374,0.01841243952512741,0.051994518995564426,0.07463427562583237
1760555413792206600,86.56620654296874,-0.014914660537242889,0.06298460823390632,0.07496633885810151
1760555413802211600,86.57621166992188,0.007110124266147613,0.021841518924664703,0.06336421866863966
1760555413812216600,86.58621655273437,0.06384674148857593,-0.03097536757076159,0.02729094343697652
1760555413822222600,86.59622265625,0.03755202428102493,0.005082089037261903,0.004370451902877539
1760555413832227600,86.6062275390625,0.023822189614176748,0.010490359555277972,-0.013425865017902106
1760555413842233300,86.6162333984375,0.02355681667625904,-0.003244991536904126,-0.004795234919898212
1760555413852238300,86.62623828125,-0.0028998130947351453,0.06859996389765292,-0.0015634864570572972
1760555413862243600,86.63624365234375,-0.042405309531092644,0.11477017892021685,-0.007070376777648925
1760555413872249600,86.64624951171875,-0.008604162216186522,0.08327195651913061,0.00522673993865028
1760555413882254600,86.65625463867187,-0.013710545444488525,0.07105628927489742,-0.014437599343713373
1760555413892260600,86.66626049804688,-0.012407646152377128,0.08535258045177906,-0.011692702816054223
1760555413902265600,86.676265625,0.016263737058639524,0.05003337499042972,0.008448989920783788
1760555413912271600,86.68627172851562,0.013527590093016623,0.05217133686719462,-0.01102338871974498
1760555413922276600,86.69627661132813,0.033551556468009947,-0.014672412746585905,-0.0018068850251846014
1760555413932281600,86.70628149414063,0.07079436866939068,-0.06391169648356736,-0.0014009345727972685
1760555413942287400,86.71628735351563,0.08069383139312267,-0.05969568622373044,-0.041960049981623886
1760555413952292400,86.72629223632812,0.03750526252985,-0.07474211991447954,-0.060058217659499494
1760555413962298600,86.73629858398438,0.05613572871983051,-0.06049849050659686,-0.03648976534437388
1760555413972303600,86.7463037109375,0.08451952716112136,-0.11233860439173876,-0.0495312524208799
1760555413982308600,86.75630859375,0.006368950510025024,-0.035245080779213456,-0.028640476616099475
1760555413992314600,86.76631469726563,0.003632219022512436,0.024376681691780686,-0.008070603328756988
1760555414002319600,86.77631958007812,0.033228315863013266,-0.014740527813043445,-0.03406843821527436
1760555414012325600,86.78632568359374,-0.005569909086823463,-0.028438743498921393,-0.00004298062520101666
1760555414022330600,86.79633056640625,0.03281681245267391,0.04013161071175709,0.029626491978764533
1760555414032335600,86.80633569335937,0.01073708259165287,0.06887103592399507,0.05253690051026642
1760555414042341400,86.81634130859375,-0.0022486557096242903,0.0631481830314733,0.06679112437739967
1760555414052346400,86.82634643554688,-0.010920622465014457,0.09555789425428957,0.042751876212749625
1760555414062352400,86.83635229492188,-0.010452420431375503,0.0840651161908172,0.007703943707142025
1760555414072357600,86.84635766601562,0.022037644284963607,0.008888057191483676,-0.025444420521147548
1760555414082362600,86.85636254882813,0.04314239163398743,-0.0048911147761158645,-0.0049377851957455275
1760555414092368600,86.86636865234375,0.004843348377943039,0.04457434239955619,-0.010826295245066285
1760555414102373600,86.87637353515625,-0.034217326900362964,0.0986399320481345,-0.010658427864871919
1760555414112379600,86.88637963867187,-0.0013297872990369797,0.09321613516742364,0.006111158090364188
1760555414122384600,86.89638452148438,-0.002722118440270424,0.10592860948527232,0.037798601186927405
1760555414132389600,86.9063896484375,-0.03031681233048439,0.10255283117555081,0.029492362471390515
1760555414142395400,86.9163955078125,0.0038864860445261,0.037675997720565645,0.015061740857735276
1760555414152400400,86.926400390625,0.04633972637057304,-0.030754874954186377,-0.014343180792219936
1760555414162406400,86.93640649414063,0.07159457913637161,-0.0822457552765496,-0.00846015063561499
1760555414172411400,86.94641137695312,0.030866847428679463,-0.01102771783499047,-0.01941469363654032
1760555414182416400,86.95641650390625,-0.0032651392757892606,0.020460805155988783,-0.02950326745789498
1760555414192422700,86.96642260742188,-0.013294365859031676,0.02517751321326941,-0.04691982781346887
1760555414202427600,86.976427734375,0.026965163815021512,-0.0046498533661477265,-0.04876109003229066
1760555414212433700,86.98643359375,0.02981178541779518,0.0049923101282678545,-0.027854751332197336
1760555414222438700,86.99643872070313,0.014255904367566108,0.014489219933096318,-0.026080581266526133
1760555414232444400,87.0064443359375,0.01381575938463211,0.016726714927889404,0.009611567426752298
1760555414242449400,87.01644946289062,0.03463116839826107,0.000876764568220824,0.008473886900022626
1760555414252454400,87.02645434570313,0.04618073641657829,-0.04993753166683018,0.005581526459380984
1760555414262460400,87.03646044921875,0.037381343889236446,-0.03520615527462214,0.009745295075327157
1760555414272465400,87.04646533203125,0.03830664204061031,-0.020430190822016445,0.014484781219996511
1760555414282471400,87.05647143554687,0.020512626674771307,0.028447547859884795,0.03025410409150645
1760555414292476700,87.0664765625,-0.0008779518783092498,0.06058596786065027,0.006486841268651187
1760555414302481700,87.07648168945312,0.01111351468861103,0.03798046055985614,-0.0167924919067882
1760555414312487700,87.08648779296875,0.016979191851615904,-0.0006960559727624058,-0.03215511540723964
1760555414322492700,87.09649267578125,0.03585691080093384,-0.015696056705899537,-0.007639061777386814
1760555414332498400,87.10649853515625,0.018505963027477264,0.033686471426673234,-0.017620869022328404
1760555414342503400,87.11650341796874,-0.0400631303191185,0.06705006757453083,-0.020940076572913677
1760555414352508700,87.1265087890625,0.05662088188827037,0.01051848967121914,-0.04050691029755398
1760555414362514700,87.1365146484375,-0.008783025914430618,0.05953189223045483,0.08864157552719115
1760555414372519700,87.14651977539063,0.01879530136287212,0.020503767514880745,0.019491320803016424
1760555414382525700,87.15652563476563,-0.001073182189464569,0.02363587326183915,-0.049551966415345663
1760555414392530700,87.16653076171875,0.054577393361926074,0.06607881138958037,0.007054192827828228
1760555414402535700,87.17653564453126,0.04019990844130516,0.047382878747954965,0.023142765115806832
1760555414412541700,87.18654174804688,0.03117722855210304,0.03587671147994697,0.02405569697595201
1760555414422546700,87.19654663085937,0.06280804609060286,0.03891543985502794,0.030205040785390883
1760555414432552700,87.206552734375,0.020371172377467155,0.041771359009109436,0.004398234958946705
1760555414442557700,87.2165576171875,-0.10036240845918655,0.04959375973045826,-0.06550640006279572
1760555414452562700,87.22656274414062,-0.06586158844232559,0.05022732665995135,-0.03093317239684984
1760555414462568700,87.23656860351562,0.15085107120275495,0.020294289482664315,0.08631852114079519
1760555414472573700,87.24657373046875,-0.006871639335155486,0.02408906038943678,-0.029123090767581013
1760555414482579700,87.25657983398438,-0.04895195469558239,-0.010888492027390747,-0.05101210209578275
1760555414492584700,87.26658471679687,0.13113047168850897,-0.03732080934103578,0.046312345173303036
1760555414502589700,87.27658959960938,0.027433365848660466,-0.02300303698470816,0.022322014184296128
1760555414512595700,87.286595703125,-0.060870356026291844,-0.007585157899372279,-0.05230062580266967
1760555414522600700,87.2966005859375,0.06534545561373234,0.0399760730901733,0.03968054247600958
1760555414532606700,87.30660668945312,0.04063070107400417,0.029012323869485407,0.009935118559002875
1760555414542611700,87.31661181640625,-0.05365794042944908,0.03736316891172901,-0.04605738403154537
1760555414552616700,87.32661669921875,0.03320844211876392,0.03715224784109741,0.0061416262938641004
1760555414562622500,87.33662255859375,0.0264385095924139,0.04657762677967548,-0.00036117972889915104
1760555414572627500,87.34662744140626,-0.029831659162044524,0.012969481286220252,-0.06173073571529239
1760555414582633700,87.3566337890625,0.048830374142527576,-0.02458329191347584,-0.02620183302601799
1760555414592638700,87.366638671875,0.0645195261836052,-0.006210362414829433,0.019834307288099078
1760555414602643700,87.37664379882813,-0.024067688807845114,0.033517471535317596,-0.029381321578659116
1760555414612649700,87.38664965820313,0.013893500795960426,0.0378309690865688,0.01038914593681693
1760555414622654700,87.39665478515624,0.07206161212623119,0.026851364709623158,0.04218890856774524
1760555414632660700,87.40666064453124,0.004718845215439796,0.009597137042600661,-0.02142740343213081
1760555414642665700,87.41666577148438,0.013518237742781639,-0.007569759400840848,-0.03121314011570066
1760555414652670700,87.42667065429687,0.04400982211828232,0.01591859514908865,0.025352248725667593
1760555414662676500,87.43667651367187,0.021102993783354757,-0.010334675803221761,-0.005396835808549076
1760555414672681500,87.44668139648438,-0.009893617504835129,0.027794107186142353,-0.03213034629216417
1760555414682687700,87.45668774414062,0.03614683365821838,0.02654226222783327,0.015357563732843846
1760555414692692700,87.46669262695312,0.0010796119302511214,0.0827405895887874,0.04726886044684797
1760555414702698800,87.47669873046875,0.0040332010388374325,0.043752395024802535,0.007333228964917361
1760555414712703700,87.48670385742187,0.05502805973887443,-0.028274730309937147,0.0024338395508006214
1760555414722708700,87.49670874023437,0.05276771359145641,-0.06074996278332546,-0.022784626727364955
1760555414732714800,87.50671484375,0.014441197806596756,0.02258718619281426,-0.016788701647659762
1760555414742719700,87.5167197265625,0.023528759625554084,0.04175674596186727,-0.0033641244045458734
1760555414752725500,87.5267255859375,-0.0025537761360406876,0.07297357587199657,0.012258793999906628
1760555414762730500,87.53673046875,-0.011432663640379905,0.06970352295907215,0.010318318323465064
1760555414772735500,87.54673559570313,0.017692308557033538,0.012910773368924855,0.013910561528615653
1760555414782741500,87.55674145507813,0.04158873245120048,-0.013963917417358607,0.0044557099003810436
1760555414792746500,87.56674658203124,0.018797054928541182,-0.0030370113420300185,-0.0076397832965943956
1760555414802752800,87.57675268554688,0.03219897281527519,0.0005102876096963882,-0.007829150122543796
1760555414812757800,87.5867578125,-0.06415127739310264,0.034044052692689,-0.05244620828581974
1760555414822762800,87.5967626953125,0.17175766563117503,-0.03817337104976177,-0.020422610303759574
1760555414832768800,87.60676879882813,0.12309329570531845,-0.0011040522517636417,0.005919142649602144
