time,seconds_elapsed,z,y,x
1760555327289248800,0.063248779296875,-1.0018768310546875,-0.025787353515625,-0.0280609130859375
1760555327299254500,0.073254638671875,-0.9930877685546875,-0.0266876220703125,-0.0283966064453125
1760555327309260500,0.083260498046875,-0.9991302490234375,-0.02435302734375,-0.0225830078125
1760555327319266600,0.0932666015625,-0.9899444580078125,-0.02435302734375,-0.0221405029296875
1760555327329272800,0.10327294921875,-0.99847412109375,-0.0231475830078125,-0.0189056396484375
1760555327339278600,0.113278564453125,-0.99688720703125,-0.0220794677734375,-0.0235748291015625
1760555327349284600,0.12328466796875,-0.9970550537109375,-0.02105712890625,-0.0234375
1760555327359291600,0.133291748046875,-1.00091552734375,-0.0149688720703125,-0.0225830078125
1760555327369297700,0.143297607421875,-0.9936370849609375,-0.01446533203125,-0.0221099853515625
1760555327379303700,0.1533037109375,-0.9998016357421875,-0.0161895751953125,-0.01751708984375
1760555327389309700,0.163309814453125,-0.9945068359375,-0.0196075439453125,-0.0214080810546875
1760555327399315700,0.173315673828125,-1,-0.0181732177734375,-0.023712158203125
1760555327409321500,0.183321533203125,-0.99847412109375,-0.01885986328125,-0.0224609375
1760555327419327700,0.19332763671875,-0.994415283203125,-0.0218505859375,-0.022308349609375
1760555327429333800,0.203333740234375,-0.9978790283203125,-0.0213165283203125,-0.0231170654296875
1760555327439340500,0.213340576171875,-0.994049072265625,-0.022613525390625,-0.0235443115234375
1760555327449346600,0.2233466796875,-0.9971160888671875,-0.0238494873046875,-0.0252685546875
1760555327459352800,0.233352783203125,-0.9950103759765625,-0.025665283203125,-0.02374267578125
1760555327469358600,0.243358642578125,-0.9964141845703125,-0.0261688232421875,-0.0223388671875
1760555327479364600,0.253364501953125,-0.997314453125,-0.0224609375,-0.020111083984375
1760555327489370600,0.26337060546875,-0.9952239990234375,-0.0198974609375,-0.0199127197265625
1760555327499377000,0.273376953125,-0.99749755859375,-0.016571044921875,-0.0223388671875
1760555327509382700,0.283382568359375,-0.999908447265625,-0.0162811279296875,-0.0245819091796875
1760555327519388700,0.293388671875,-1.001708984375,-0.0143890380859375,-0.0239410400390625
1760555327529394700,0.303394775390625,-0.9988250732421875,-0.01678466796875,-0.0247039794921875
1760555327539401700,0.313401611328125,-0.997100830078125,-0.01788330078125,-0.01947021484375
1760555327549407700,0.32340771484375,-0.99749755859375,-0.016632080078125,-0.0187835693359375
1760555327559413800,0.333413818359375,-0.9962310791015625,-0.0168609619140625,-0.0189361572265625
1760555327569419500,0.34341943359375,-1.00006103515625,-0.0134429931640625,-0.0214691162109375
1760555327579425500,0.353425537109375,-1.0008697509765625,-0.0169219970703125,-0.0231170654296875
1760555327589431800,0.363431884765625,-0.9976043701171875,-0.0179595947265625,-0.0233917236328125
1760555327599437800,0.373437744140625,-0.9989166259765625,-0.0202484130859375,-0.01971435546875
1760555327609443600,0.383443603515625,-0.9970703125,-0.0220184326171875,-0.0218048095703125
1760555327619450600,0.39345068359375,-0.9976959228515625,-0.0225677490234375,-0.020538330078125
1760555327629456600,0.40345654296875,-0.9934234619140625,-0.025177001953125,-0.0222930908203125
1760555327639462700,0.413462646484375,-0.996337890625,-0.0258941650390625,-0.0220489501953125
1760555327649468700,0.42346875,-0.9950714111328125,-0.02691650390625,-0.022369384765625
1760555327659474700,0.433474609375,-0.995574951171875,-0.023651123046875,-0.02239990234375
1760555327669480400,0.44348046875,-0.9971466064453125,-0.0227203369140625,-0.0233306884765625
1760555327679486700,0.45348681640625,-0.996337890625,-0.0211029052734375,-0.0244903564453125
1760555327689492700,0.46349267578125,-0.9989013671875,-0.0233612060546875,-0.0245208740234375
1760555327699498800,0.473498779296875,-0.9968109130859375,-0.0217132568359375,-0.024200439453125
1760555327709505500,0.483505615234375,-0.9969482421875,-0.019683837890625,-0.02142333984375
1760555327719511800,0.49351171875,-0.9985198974609375,-0.019378662109375,-0.0233612060546875
1760555327729517800,0.503517822265625,-0.9957122802734375,-0.0225067138671875,-0.02435302734375
1760555327739523600,0.513523681640625,-0.99835205078125,-0.0209197998046875,-0.021759033203125
1760555327749529600,0.523529541015625,-0.9984283447265625,-0.017364501953125,-0.01995849609375
1760555327759535600,0.53353564453125,-0.998748779296875,-0.018280029296875,-0.0210418701171875
1760555327769541600,0.543541748046875,-0.99603271484375,-0.0196685791015625,-0.0217742919921875
1760555327779547600,0.553547607421875,-0.9966888427734375,-0.0212249755859375,-0.02203369140625
1760555327789553700,0.5635537109375,-0.996337890625,-0.024383544921875,-0.023681640625
1760555327799560400,0.573560546875,-0.9969940185546875,-0.0258941650390625,-0.023773193359375
1760555327809566700,0.583566650390625,-0.9924163818359375,-0.0277862548828125,-0.023193359375
1760555327819572700,0.59357275390625,-0.99542236328125,-0.02313232421875,-0.023406982421875
1760555327829578800,0.603578857421875,-0.9976043701171875,-0.0226287841796875,-0.0232391357421875
1760555327839584500,0.61358447265625,-0.99456787109375,-0.023773193359375,-0.0234375
1760555327849590800,0.6235908203125,-0.9972991943359375,-0.0242156982421875,-0.0217437744140625
1760555327859596800,0.6335966796875,-0.9945068359375,-0.024627685546875,-0.023651123046875
1760555327869602600,0.6436025390625,-0.9951629638671875,-0.0258636474609375,-0.0238037109375
1760555327879608600,0.653608642578125,-0.9954833984375,-0.0247344970703125,-0.025360107421875
1760555327889616000,0.663615966796875,-0.9984893798828125,-0.0203857421875,-0.0234222412109375
1760555327899621600,0.67362158203125,-0.9960479736328125,-0.0245208740234375,-0.0257568359375
1760555327909627600,0.683627685546875,-0.9954376220703125,-0.027557373046875,-0.0242462158203125
1760555327919633700,0.693633544921875,-0.997039794921875,-0.0214996337890625,-0.0229339599609375
1760555327929639700,0.7036396484375,-0.9979248046875,-0.0170135498046875,-0.021209716796875
1760555327939645700,0.713645751953125,-0.999755859375,-0.0178680419921875,-0.0228729248046875
1760555327949651700,0.723651611328125,-0.9978790283203125,-0.018890380859375,-0.02215576171875
1760555327959657700,0.73365771484375,-0.996307373046875,-0.0183563232421875,-0.0205078125
1760555327969663700,0.743663818359375,-0.9975433349609375,-0.019500732421875,-0.020660400390625
1760555327979670800,0.7536708984375,-0.9968109130859375,-0.0207672119140625,-0.0239715576171875
1760555327989676800,0.7636767578125,-1.0001373291015625,-0.0168304443359375,-0.023101806640625
1760555327999682600,0.7736826171875,-0.9994354248046875,-0.018890380859375,-0.024261474609375
1760555328009688600,0.7836884765625,-0.9953460693359375,-0.022308349609375,-0.0252685546875
1760555328019694600,0.793694580078125,-0.9962921142578125,-0.02386474609375,-0.0240325927734375
1760555328029700900,0.803700927734375,-0.995269775390625,-0.0233917236328125,-0.0244293212890625
1760555328039706600,0.81370654296875,-0.998291015625,-0.0189056396484375,-0.0211029052734375
1760555328049712600,0.823712646484375,-0.999176025390625,-0.017669677734375,-0.021697998046875
1760555328059718700,0.83371875,-0.998077392578125,-0.01904296875,-0.0234832763671875
1760555328069725700,0.8437255859375,-0.9984588623046875,-0.0196075439453125,-0.0252838134765625
1760555328079731700,0.853731689453125,-0.9980316162109375,-0.0191192626953125,-0.0242767333984375
1760555328089737700,0.86373779296875,-0.9954071044921875,-0.019775390625,-0.024932861328125
1760555328099743500,0.873743408203125,-0.996826171875,-0.020782470703125,-0.0251617431640625
1760555328109749500,0.88374951171875,-0.9984283447265625,-0.016754150390625,-0.02484130859375
1760555328119755800,0.893755859375,-0.9979705810546875,-0.0168609619140625,-0.02020263671875
1760555328129761800,0.90376171875,-0.99530029296875,-0.021942138671875,-0.0197601318359375
1760555328139767600,0.913767578125,-0.9959564208984375,-0.021636962890625,-0.0201568603515625
1760555328149773600,0.923773681640625,-0.996429443359375,-0.02105712890625,-0.0205078125
1760555328159780900,0.93378076171875,-0.9982147216796875,-0.0209503173828125,-0.021392822265625
1760555328169786600,0.94378662109375,-0.9989013671875,-0.0197296142578125,-0.0209808349609375
1760555328179792600,0.953792724609375,-0.9999542236328125,-0.01727294921875,-0.0233917236328125
1760555328189798700,0.963798583984375,-0.9963531494140625,-0.0211944580078125,-0.025360107421875
1760555328199804700,0.9738046875,-0.9991455078125,-0.0233612060546875,-0.02447509765625
1760555328209810700,0.983810791015625,-0.9958343505859375,-0.02783203125,-0.025543212890625
1760555328219816700,0.993816650390625,-0.99505615234375,-0.0296173095703125,-0.025177001953125
1760555328229822700,1.00382275390625,-0.99609375,-0.028106689453125,-0.023773193359375
1760555328239828500,1.013828369140625,-0.9919586181640625,-0.0304412841796875,-0.0211639404296875
1760555328249835800,1.023835693359375,-0.9957122802734375,-0.02947998046875,-0.0189971923828125
1760555328259841800,1.033841796875,-0.99468994140625,-0.0309906005859375,-0.0205841064453125
1760555328269847600,1.04384765625,-0.995086669921875,-0.0283966064453125,-0.022735595703125
1760555328279853300,1.053853271484375,-0.9967041015625,-0.0249786376953125,-0.024169921875
1760555328289859600,1.063859619140625,-0.9964447021484375,-0.0237579345703125,-0.025848388671875
1760555328299865600,1.073865478515625,-0.9976654052734375,-0.021759033203125,-0.02386474609375
1760555328309871400,1.083871337890625,-0.994598388671875,-0.025482177734375,-0.0265960693359375
1760555328319877400,1.09387744140625,-0.9965667724609375,-0.0250244140625,-0.024627685546875
1760555328329883400,1.10388330078125,-0.9976348876953125,-0.02056884765625,-0.02294921875
1760555328339890400,1.113890380859375,-0.9991912841796875,-0.016357421875,-0.021942138671875
1760555328349896400,1.123896484375,-1.0006256103515625,-0.0162200927734375,-0.0206451416015625
1760555328359902500,1.13390234375,-0.99810791015625,-0.0214080810546875,-0.0226593017578125
1760555328369908500,1.143908447265625,-0.995025634765625,-0.0234832763671875,-0.0222320556640625
1760555328379914500,1.15391455078125,-0.9975738525390625,-0.01983642578125,-0.018951416015625
1760555328389920500,1.16392041015625,-0.9987945556640625,-0.014404296875,-0.0213775634765625
1760555328399926500,1.173926513671875,-0.9980621337890625,-0.0158843994140625,-0.02362060546875
1760555328409932300,1.183932373046875,-0.999237060546875,-0.020355224609375,-0.0219879150390625
1760555328419938600,1.1939384765625,-0.99591064453125,-0.02398681640625,-0.0240020751953125
1760555328429944600,1.203944580078125,-0.99517822265625,-0.0266571044921875,-0.02227783203125
1760555328439951400,1.213951416015625,-0.993011474609375,-0.0259552001953125,-0.0211944580078125
1760555328449957400,1.223957275390625,-0.9964141845703125,-0.01812744140625,-0.019683837890625
1760555328459963600,1.233963623046875,-0.998260498046875,-0.0147552490234375,-0.017364501953125
1760555328469969400,1.243969482421875,-0.9957427978515625,-0.0204315185546875,-0.0182647705078125
1760555328479975400,1.253975341796875,-0.9972381591796875,-0.0254974365234375,-0.017059326171875
1760555328489981400,1.2639814453125,-0.992462158203125,-0.02496337890625,-0.01641845703125
1760555328499987500,1.273987548828125,-0.9938201904296875,-0.02630615234375,-0.017425537109375
1760555328509993500,1.283993408203125,-0.9947967529296875,-0.028778076171875,-0.016815185546875
1760555328519999500,1.29399951171875,-0.99560546875,-0.0275726318359375,-0.0157012939453125
1760555328530005500,1.304005615234375,-0.99505615234375,-0.0223236083984375,-0.0137481689453125
1760555328540012300,1.31401220703125,-0.996429443359375,-0.015045166015625,-0.0099945068359375
1760555328550018600,1.3240185546875,-0.9989471435546875,-0.0125579833984375,-0.014007568359375
1760555328560024600,1.334024658203125,-0.99853515625,-0.0091552734375,-0.02276611328125
1760555328570030300,1.3440302734375,-1.00653076171875,-0.00103759765625,-0.0279998779296875
1760555328580036400,1.354036376953125,-1.0111083984375,0.0100860595703125,-0.029693603515625
1760555328590042400,1.36404248046875,-1.01165771484375,0.01611328125,-0.025146484375
1760555328600048600,1.374048583984375,-1.0052490234375,0.0019073486328125,-0.01715087890625
1760555328610054400,1.384054443359375,-0.998870849609375,-0.009796142578125,-0.0090484619140625
1760555328620060400,1.394060302734375,-0.9936981201171875,-0.0188140869140625,0.0045013427734375
1760555328630067500,1.4040673828125,-0.9890594482421875,-0.04913330078125,-0.0015716552734375
1760555328640073500,1.414073486328125,-0.96954345703125,-0.062469482421875,-0.022979736328125
1760555328650079500,1.42407958984375,-0.981170654296875,-0.047821044921875,-0.034820556640625
1760555328660085500,1.43408544921875,-1.015167236328125,-0.0239105224609375,-0.0258026123046875
1760555328670091300,1.44409130859375,-0.99664306640625,-0.013824462890625,-0.02874755859375
1760555328680097300,1.45409716796875,-1.0023193359375,-0.012908935546875,-0.0265655517578125
1760555328690103600,1.464103515625,-0.9971771240234375,-0.0190277099609375,-0.023193359375
1760555328700109600,1.474109619140625,-0.9873504638671875,-0.0220794677734375,-0.0209197998046875
1760555328710115300,1.484115234375,-1.0049896240234375,-0.0176239013671875,-0.024017333984375
1760555328720121300,1.494121337890625,-0.99468994140625,-0.0173492431640625,-0.0218658447265625
1760555328730127400,1.50412744140625,-1.000244140625,-0.0215301513671875,-0.0181121826171875
1760555328740134400,1.514134521484375,-0.99383544921875,-0.0229644775390625,-0.0169677734375
1760555328750140400,1.524140380859375,-0.9940185546875,-0.0123291015625,-0.0168609619140625
1760555328760146400,1.534146484375,-0.9997711181640625,-0.0128631591796875,-0.0189361572265625
1760555328770152400,1.54415234375,-1.0008392333984375,-0.01239013671875,-0.025787353515625
1760555328780158500,1.554158447265625,-1.0003662109375,-0.0099334716796875,-0.02777099609375
1760555328790164500,1.56416455078125,-1.000885009765625,-0.00897216796875,-0.0244903564453125
1760555328800170500,1.57417041015625,-1.00164794921875,-0.0074310302734375,-0.01873779296875
1760555328810176300,1.58417626953125,-0.99346923828125,-0.011505126953125,-0.0178985595703125
1760555328820182500,1.5941826171875,-0.998382568359375,-0.016510009765625,-0.018280029296875
1760555328830188500,1.6041884765625,-0.996307373046875,-0.0208587646484375,-0.0192718505859375
1760555328840195300,1.6141953125,-0.9970703125,-0.0243377685546875,-0.0211334228515625
1760555328850201300,1.624201416015625,-0.99822998046875,-0.01812744140625,-0.0188751220703125
1760555328860207600,1.63420751953125,-0.996795654296875,-0.0117034912109375,-0.01708984375
1760555328870213600,1.644213623046875,-0.9990997314453125,-0.01446533203125,-0.0170135498046875
1760555328880219400,1.654219482421875,-0.994903564453125,-0.0231475830078125,-0.0219879150390625
1760555328890225400,1.664225341796875,-0.999786376953125,-0.0225677490234375,-0.0228424072265625
1760555328900231400,1.6742314453125,-0.99981689453125,-0.0191802978515625,-0.021942138671875
1760555328910237400,1.684237548828125,-0.99432373046875,-0.0237884521484375,-0.0198516845703125
1760555328920243500,1.694243408203125,-0.9942169189453125,-0.0239715576171875,-0.015472412109375
1760555328930249500,1.70424951171875,-0.9925384521484375,-0.0272064208984375,-0.0168609619140625
1760555328940255500,1.71425537109375,-0.99298095703125,-0.024139404296875,-0.0194244384765625
1760555328950262500,1.724262451171875,-0.999542236328125,-0.02008056640625,-0.020782470703125
1760555328960268500,1.7342685546875,-0.992431640625,-0.0207672119140625,-0.0187225341796875
1760555328970274600,1.744274658203125,-0.998046875,-0.016632080078125,-0.0198516845703125
1760555328980280300,1.7542802734375,-0.997711181640625,-0.013427734375,-0.0156097412109375
1760555328990286300,1.764286376953125,-0.996429443359375,-0.01519775390625,-0.0114288330078125
1760555329000292600,1.774292724609375,-0.9974365234375,-0.0136871337890625,-0.010772705078125
1760555329010298400,1.78429833984375,-0.99322509765625,-0.01336669921875,-0.0140533447265625
1760555329020304400,1.794304443359375,-0.9984893798828125,-0.010528564453125,-0.0149078369140625
1760555329030310400,1.804310302734375,-0.9991455078125,-0.00665283203125,-0.018157958984375
1760555329040316400,1.81431640625,-0.999114990234375,-0.0064849853515625,-0.01953125
1760555329050322400,1.824322509765625,-1.000885009765625,-0.007568359375,-0.0184173583984375
1760555329060329500,1.83432958984375,-0.997283935546875,-0.009674072265625,-0.016204833984375
1760555329070335500,1.84433544921875,-0.999114990234375,-0.0099334716796875,-0.0146484375
1760555329080341200,1.85434130859375,-0.9985198974609375,-0.0059356689453125,-0.0180816650390625
1760555329090347500,1.864347412109375,-1.0021820068359375,-0.0001373291015625,-0.0196685791015625
1760555329100353500,1.874353515625,-1.003082275390625,-0.0023193359375,-0.0184783935546875
1760555329110359600,1.884359619140625,-0.998931884765625,-0.0114593505859375,-0.01922607421875
1760555329120365300,1.894365234375,-0.9954376220703125,-0.0229339599609375,-0.018402099609375
1760555329130371600,1.90437158203125,-0.9907073974609375,-0.0284576416015625,-0.0164794921875
1760555329140377600,1.914377685546875,-0.9931182861328125,-0.0257720947265625,-0.0183868408203125
1760555329150383400,1.92438330078125,-0.9965057373046875,-0.0226898193359375,-0.020294189453125
1760555329160389400,1.934389404296875,-0.99798583984375,-0.0189056396484375,-0.0195770263671875
1760555329170395400,1.9443955078125,-0.9977569580078125,-0.017791748046875,-0.0202178955078125
1760555329180402400,1.95440234375,-0.9934234619140625,-0.0212554931640625,-0.0243072509765625
1760555329190408400,1.964408447265625,-0.9941864013671875,-0.0235137939453125,-0.0263671875
1760555329200414500,1.97441455078125,-0.9965667724609375,-0.022735595703125,-0.02764892578125
1760555329210420500,1.98442041015625,-0.9949188232421875,-0.0247344970703125,-0.02569580078125
1760555329220426500,1.994426513671875,-0.993133544921875,-0.0275726318359375,-0.0230865478515625
1760555329230432500,2.0044326171875,-0.994354248046875,-0.0208740234375,-0.0197601318359375
1760555329240438500,2.0144384765625,-0.9961700439453125,-0.0184173583984375,-0.0183563232421875
1760555329250444300,2.0244443359375,-0.994537353515625,-0.01959228515625,-0.0191497802734375
1760555329260450300,2.0344501953125,-0.996124267578125,-0.0223541259765625,-0.0196533203125
1760555329270456600,2.04445654296875,-0.99359130859375,-0.0228118896484375,-0.017730712890625
1760555329280462300,2.05446240234375,-0.996917724609375,-0.0164642333984375,-0.0123138427734375
1760555329290468000,2.064468017578125,-0.997894287109375,-0.0057373046875,-0.009368896484375
1760555329300475100,2.07447509765625,-1.00115966796875,-0.0018768310546875,-0.0126953125
1760555329310481200,2.084481201171875,-0.999359130859375,-0.0122222900390625,-0.0156097412109375
1760555329320487200,2.094487060546875,-0.9981689453125,-0.0121917724609375,-0.0141754150390625
1760555329330493200,2.1044931640625,-0.997100830078125,-0.004974365234375,-0.010772705078125
1760555329340499200,2.114499267578125,-0.9961090087890625,-0.004180908203125,-0.0128173828125
1760555329350505200,2.124505126953125,-1.0021820068359375,-0.000335693359375,-0.0164794921875
1760555329360511000,2.134510986328125,-1.0026397705078125,0.0003662109375,-0.02105712890625
1760555329370517200,2.144517333984375,-0.9998626708984375,-0.003875732421875,-0.0254974365234375
1760555329380523300,2.154523193359375,-0.9979095458984375,-0.00506591796875,-0.028350830078125
1760555329390529300,2.164529296875,-0.9991912841796875,-0.0035858154296875,-0.0243377685546875
1760555329400535000,2.17453515625,-0.9969329833984375,-0.011505126953125,-0.025146484375
1760555329410541000,2.184541015625,-0.995361328125,-0.015655517578125,-0.0206756591796875
1760555329420548000,2.194548095703125,-0.996063232421875,-0.0128021240234375,-0.024017333984375
1760555329430554000,2.20455419921875,-0.9958038330078125,-0.0113677978515625,-0.0245513916015625
1760555329440560000,2.21456005859375,-1.0005950927734375,-0.0113677978515625,-0.021942138671875
1760555329450566100,2.224566162109375,-0.99560546875,-0.01715087890625,-0.020782470703125
1760555329460572200,2.234572265625,-0.993927001953125,-0.016571044921875,-0.01953125
1760555329470578200,2.244578125,-0.99786376953125,-0.0104522705078125,-0.0190582275390625
1760555329480584200,2.254584228515625,-0.9995269775390625,-0.010467529296875,-0.024688720703125
1760555329490590200,2.264590087890625,-0.9998626708984375,-0.0117340087890625,-0.02874755859375
1760555329500596000,2.274595947265625,-0.9996337890625,-0.0102081298828125,-0.0260772705078125
1760555329510602200,2.284602294921875,-0.9962615966796875,-0.01507568359375,-0.0222930908203125
1760555329520608300,2.294608154296875,-0.9933929443359375,-0.0168304443359375,-0.0222015380859375
1760555329530614000,2.304614013671875,-0.997528076171875,-0.01458740234375,-0.02154541015625
1760555329540620000,2.3146201171875,-0.99603271484375,-0.0159912109375,-0.021820068359375
1760555329550627300,2.32462744140625,-0.9980926513671875,-0.0119171142578125,-0.0213623046875
1760555329560633000,2.334633056640625,-0.9990081787109375,-0.0117034912109375,-0.0184783935546875
1760555329570639000,2.34463916015625,-0.9956512451171875,-0.0122528076171875,-0.01934814453125
1760555329580645000,2.35464501953125,-1.000030517578125,-0.0085601806640625,-0.0189056396484375
1760555329590651400,2.3646513671875,-1,-0.0115966796875,-0.0171356201171875
1760555329600657200,2.3746572265625,-0.994598388671875,-0.0208282470703125,-0.015625
1760555329610663200,2.3846630859375,-0.9934234619140625,-0.02374267578125,-0.017120361328125
1760555329620669200,2.394669189453125,-0.997161865234375,-0.0194854736328125,-0.0190277099609375
1760555329630675200,2.40467529296875,-0.996917724609375,-0.016448974609375,-0.018829345703125
1760555329640681200,2.41468115234375,-0.9953155517578125,-0.021270751953125,-0.022979736328125
1760555329650687200,2.424687255859375,-0.9939422607421875,-0.0241241455078125,-0.0243072509765625
1760555329660693200,2.434693359375,-0.9957427978515625,-0.0222625732421875,-0.0228118896484375
1760555329670699000,2.444698974609375,-0.9964447021484375,-0.0194549560546875,-0.0221710205078125
1760555329680706300,2.454706298828125,-0.9953155517578125,-0.020843505859375,-0.021392822265625
1760555329690712300,2.46471240234375,-0.9946136474609375,-0.022979736328125,-0.0190887451171875
1760555329700718000,2.474718017578125,-0.9932861328125,-0.0214996337890625,-0.0202484130859375
1760555329710724000,2.48472412109375,-0.996856689453125,-0.017333984375,-0.0227508544921875
1760555329720730000,2.494730224609375,-0.9998779296875,-0.013916015625,-0.02044677734375
1760555329730736000,2.504736083984375,-0.9974517822265625,-0.012786865234375,-0.019317626953125
1760555329740742100,2.5147421875,-0.9975738525390625,-0.00811767578125,-0.0176544189453125
1760555329750748200,2.524748046875,-0.9998626708984375,-0.0095977783203125,-0.0196685791015625
1760555329760754200,2.534754150390625,-0.9981842041015625,-0.009124755859375,-0.0205230712890625
1760555329770760000,2.544760009765625,-0.997161865234375,-0.0079193115234375,-0.0210113525390625
1760555329780766200,2.55476611328125,-0.9972076416015625,-0.0105743408203125,-0.0204925537109375
1760555329790772200,2.564772216796875,-0.99969482421875,-0.006378173828125,-0.0201263427734375
1760555329800778200,2.5747783203125,-0.9996490478515625,-0.0016937255859375,-0.022613525390625
1760555329810785000,2.584784912109375,-1.0006103515625,-0.0039215087890625,-0.0241851806640625
1760555329820791300,2.594791259765625,-0.998443603515625,-0.0107574462890625,-0.0217742919921875
1760555329830797300,2.60479736328125,-0.994598388671875,-0.0160369873046875,-0.022979736328125
1760555329840803000,2.614802978515625,-0.9956512451171875,-0.011322021484375,-0.0203399658203125
1760555329850809000,2.62480908203125,-1.000885009765625,-0.009918212890625,-0.019866943359375
1760555329860815000,2.634815185546875,-0.99932861328125,-0.0115509033203125,-0.0221710205078125
1760555329870821000,2.644821044921875,-0.9972991943359375,-0.0132293701171875,-0.0215606689453125
1760555329880827100,2.6548271484375,-0.995513916015625,-0.0162200927734375,-0.0192413330078125
1760555329890833200,2.664833251953125,-0.994903564453125,-0.019012451171875,-0.0191497802734375
1760555329900839200,2.674839111328125,-0.9967498779296875,-0.017974853515625,-0.0201568603515625
1760555329910845200,2.68484521484375,-0.997650146484375,-0.01800537109375,-0.022979736328125
1760555329920851200,2.694851318359375,-0.9939117431640625,-0.019744873046875,-0.0226593017578125
1760555329930857200,2.704857177734375,-0.99456787109375,-0.0208587646484375,-0.0210113525390625
1760555329940863200,2.71486328125,-0.9961700439453125,-0.0179901123046875,-0.02203369140625
1760555329950870300,2.724870361328125,-0.998016357421875,-0.0158233642578125,-0.0205535888671875
1760555329960876300,2.734876220703125,-0.99468994140625,-0.0213470458984375,-0.0211029052734375
1760555329970882300,2.74488232421875,-0.994598388671875,-0.0205230712890625,-0.02178955078125
1760555329980888000,2.75488818359375,-0.9981231689453125,-0.0207366943359375,-0.0244598388671875
1760555329990894000,2.76489404296875,-0.9964599609375,-0.016510009765625,-0.023468017578125
1760555330000900400,2.774900390625,-0.999053955078125,-0.0126495361328125,-0.01922607421875
1760555330010906000,2.784906005859375,-0.9954986572265625,-0.0136260986328125,-0.0186004638671875
1760555330020912000,2.794912109375,-0.995361328125,-0.0161285400390625,-0.02227783203125
1760555330030918100,2.804918212890625,-0.9972686767578125,-0.0149993896484375,-0.02264404296875
1760555330040924200,2.814924072265625,-0.998046875,-0.0116729736328125,-0.021209716796875
1760555330050930200,2.82493017578125,-0.9979705810546875,-0.0106201171875,-0.02081298828125
1760555330060936200,2.834936279296875,-0.9998321533203125,-0.0077056884765625,-0.0175018310546875
1760555330070942200,2.844942138671875,-0.996826171875,-0.0086212158203125,-0.017791748046875
1760555330080948200,2.8549482421875,-0.9973602294921875,-0.0116729736328125,-0.0204620361328125
1760555330090955300,2.864955322265625,-0.9983978271484375,-0.0113525390625,-0.0220947265625
1760555330100961300,2.874961181640625,-0.9987640380859375,-0.0111541748046875,-0.019989013671875
1760555330110967000,2.884967041015625,-0.9980926513671875,-0.0142364501953125,-0.017852783203125
1760555330120973000,2.89497314453125,-0.99395751953125,-0.02069091796875,-0.0193023681640625
1760555330130979000,2.90497900390625,-0.9940338134765625,-0.0179290771484375,-0.020843505859375
1760555330140985300,2.9149853515625,-0.997802734375,-0.01373291015625,-0.01953125
1760555330150991000,2.9249912109375,-0.999053955078125,-0.0133209228515625,-0.0200653076171875
1760555330160997000,2.9349970703125,-0.9980926513671875,-0.0145416259765625,-0.0198211669921875
1760555330171003100,2.945003173828125,-0.9969635009765625,-0.014678955078125,-0.0204925537109375
1760555330181009200,2.955009033203125,-0.99871826171875,-0.0133209228515625,-0.020477294921875
1760555330191015200,2.96501513671875,-0.9985504150390625,-0.0137786865234375,-0.0226287841796875
1760555330201021200,2.975021240234375,-0.9977874755859375,-0.0140533447265625,-0.020721435546875
1760555330211027200,2.985027099609375,-0.995147705078125,-0.0197906494140625,-0.0214691162109375
1760555330221033200,2.995033203125,-0.994903564453125,-0.0199737548828125,-0.0213165283203125
1760555330231039000,3.0050390625,-0.99627685546875,-0.019012451171875,-0.0191650390625
1760555330241046300,3.01504638671875,-0.9969940185546875,-0.0155487060546875,-0.0195159912109375
1760555330251052000,3.025052001953125,-0.9989776611328125,-0.0121612548828125,-0.0185699462890625
1760555330261058000,3.03505810546875,-0.9976043701171875,-0.01324462890625,-0.020538330078125
1760555330271064000,3.04506396484375,-0.9998779296875,-0.0113067626953125,-0.0193939208984375
1760555330281070600,3.055070556640625,-0.998809814453125,-0.0129241943359375,-0.02044677734375
1760555330291076400,3.065076416015625,-0.99603271484375,-0.0153961181640625,-0.0218658447265625
1760555330301082600,3.07508251953125,-0.996734619140625,-0.01312255859375,-0.02447509765625
1760555330311088600,3.085088623046875,-0.9997711181640625,-0.01446533203125,-0.025360107421875
1760555330321094400,3.095094482421875,-0.9984588623046875,-0.0152130126953125,-0.022369384765625
1760555330331100400,3.105100341796875,-0.9983978271484375,-0.0124969482421875,-0.021728515625
1760555330341106700,3.115106689453125,-0.9976348876953125,-0.0135955810546875,-0.022247314453125
1760555330351112700,3.12511279296875,-0.9971923828125,-0.0176239013671875,-0.0245513916015625
1760555330361118500,3.135118408203125,-0.9982452392578125,-0.014984130859375,-0.025543212890625
1760555330371124500,3.14512451171875,-0.9981231689453125,-0.0194091796875,-0.0219879150390625
1760555330381130500,3.155130615234375,-0.995697021484375,-0.0199127197265625,-0.0195159912109375
1760555330391137500,3.165137451171875,-0.994964599609375,-0.0225372314453125,-0.015777587890625
1760555330401143600,3.1751435546875,-0.991546630859375,-0.031707763671875,-0.017120361328125
1760555330411149600,3.185149658203125,-0.99346923828125,-0.024169921875,-0.01275634765625
1760555330421155300,3.1951552734375,-0.998077392578125,-0.0185089111328125,-0.015228271484375
1760555330431161600,3.20516162109375,-0.9972381591796875,-0.0195770263671875,-0.019073486328125
1760555330441167600,3.215167724609375,-0.9969024658203125,-0.0237274169921875,-0.021453857421875
1760555330451173600,3.225173583984375,-0.9937591552734375,-0.025360107421875,-0.02130126953125
1760555330461179400,3.235179443359375,-0.9945526123046875,-0.021270751953125,-0.0218963623046875
1760555330471185400,3.245185302734375,-0.999420166015625,-0.01702880859375,-0.0234222412109375
1760555330481191700,3.255191650390625,-0.9984130859375,-0.018707275390625,-0.0215606689453125
1760555330491197700,3.26519775390625,-0.9973602294921875,-0.0186309814453125,-0.022064208984375
1760555330501203500,3.275203369140625,-0.9965972900390625,-0.0158538818359375,-0.0215911865234375
1760555330511209500,3.28520947265625,-0.998748779296875,-0.0162200927734375,-0.021697998046875
1760555330521215500,3.295215576171875,-0.9987030029296875,-0.017303466796875,-0.0223236083984375
1760555330531221500,3.305221435546875,-0.997222900390625,-0.0213623046875,-0.02215576171875
1760555330541227500,3.3152275390625,-0.995819091796875,-0.0208282470703125,-0.01922607421875
1760555330551234600,3.325234619140625,-0.997772216796875,-0.0138397216796875,-0.0184173583984375
1760555330561240300,3.335240234375,-0.99786376953125,-0.0148773193359375,-0.0212554931640625
1760555330571246600,3.34524658203125,-0.9980621337890625,-0.021575927734375,-0.02655029296875
1760555330581252600,3.355252685546875,-0.9934844970703125,-0.035064697265625,-0.0244903564453125
1760555330591258600,3.365258544921875,-0.99041748046875,-0.03436279296875,-0.015869140625
1760555330601264400,3.375264404296875,-0.9940338134765625,-0.0238800048828125,-0.008453369140625
1760555330611270400,3.3852705078125,-0.9969329833984375,-0.01580810546875,-0.0056304931640625
1760555330621276700,3.395276611328125,-1.00006103515625,-0.0109100341796875,-0.002716064453125
1760555330631282700,3.40528271484375,-0.9994354248046875,-0.011016845703125,-0.00787353515625
1760555330641288400,3.415288330078125,-0.99786376953125,-0.01214599609375,-0.0125274658203125
1760555330651294500,3.42529443359375,-0.9993896484375,-0.01019287109375,-0.013641357421875
1760555330661300500,3.435300537109375,-1.001190185546875,-0.009185791015625,-0.0155487060546875
1760555330671306500,3.445306396484375,-0.9979400634765625,-0.0082855224609375,-0.0178375244140625
1760555330681312500,3.4553125,-0.999359130859375,-0.0072479248046875,-0.0162811279296875
1760555330691318500,3.465318603515625,-0.9983978271484375,-0.0087890625,-0.015716552734375
1760555330701324500,3.475324462890625,-0.99871826171875,-0.012542724609375,-0.0157623291015625
1760555330711330600,3.48533056640625,-0.997314453125,-0.017333984375,-0.0167388916015625
1760555330721337600,3.495337646484375,-0.9957427978515625,-0.0166168212890625,-0.0186767578125
1760555330731343600,3.505343505859375,-0.9975128173828125,-0.0117340087890625,-0.017486572265625
1760555330741349400,3.515349365234375,-1.000823974609375,-0.0110626220703125,-0.018096923828125
1760555330751355600,3.525355712890625,-0.9999542236328125,-0.0150604248046875,-0.0157012939453125
1760555330761361700,3.535361572265625,-0.9972381591796875,-0.011383056640625,-0.0185546875
1760555330771367400,3.545367431640625,-0.9982757568359375,-0.0108642578125,-0.0219879150390625
1760555330781373400,3.55537353515625,-0.9978790283203125,-0.0156707763671875,-0.0247955322265625
1760555330791379500,3.56537939453125,-1.0010223388671875,-0.017303466796875,-0.0229644775390625
1760555330801385700,3.5753857421875,-0.9960174560546875,-0.018096923828125,-0.017608642578125
1760555330811391500,3.5853916015625,-0.9921875,-0.0203399658203125,-0.018280029296875
1760555330821397500,3.5953974609375,-0.996612548828125,-0.0212249755859375,-0.02142333984375
1760555330831403500,3.605403564453125,-0.9985504150390625,-0.01947021484375,-0.0183258056640625
1760555330841409500,3.615409423828125,-0.9943389892578125,-0.0213165283203125,-0.016357421875
1760555330851415600,3.62541552734375,-0.9917144775390625,-0.0212860107421875,-0.014678955078125
1760555330861421600,3.635421630859375,-0.9936065673828125,-0.0191802978515625,-0.0172271728515625
1760555330871427600,3.645427490234375,-1.0025787353515625,-0.016632080078125,-0.0186614990234375
1760555330881433600,3.65543359375,-0.99774169921875,-0.016357421875,-0.019866943359375
1760555330891439400,3.665439453125,-0.9937591552734375,-0.02166748046875,-0.016357421875
1760555330901446700,3.67544677734375,-0.9920196533203125,-0.0193328857421875,-0.01373291015625
1760555330911452400,3.685452392578125,-0.9991455078125,-0.012908935546875,-0.012451171875
1760555330921458400,3.69545849609375,-0.9988555908203125,-0.0113525390625,-0.013275146484375
1760555330931464400,3.70546435546875,-1.000732421875,-0.0082550048828125,-0.0116729736328125
1760555330941470700,3.715470703125,-0.9965057373046875,-0.007232666015625,-0.0129547119140625
1760555330951476500,3.7254765625,-0.997802734375,-0.0085906982421875,-0.0195465087890625
1760555330961482500,3.735482421875,-1.0045928955078125,-0.0069580078125,-0.02191162109375
1760555330971488500,3.745488525390625,-0.999481201171875,-0.0122222900390625,-0.0206146240234375
1760555330981494500,3.75549462890625,-0.9938507080078125,-0.0145111083984375,-0.0179595947265625
1760555330991500500,3.76550048828125,-0.99383544921875,-0.0142059326171875,-0.017974853515625
1760555331001506600,3.775506591796875,-1.001983642578125,-0.0130462646484375,-0.018218994140625
1760555331011512600,3.7855126953125,-0.998779296875,-0.0133819580078125,-0.0188446044921875
1760555331021518600,3.7955185546875,-0.9962615966796875,-0.018646240234375,-0.017974853515625
1760555331031524400,3.8055244140625,-0.9943389892578125,-0.02197265625,-0.0193023681640625
1760555331041530600,3.815530517578125,-0.9964447021484375,-0.0216064453125,-0.02325439453125
1760555331051536600,3.82553662109375,-0.9997711181640625,-0.0184478759765625,-0.0255889892578125
1760555331061542400,3.83554248046875,-0.9998321533203125,-0.0181427001953125,-0.0227813720703125
1760555331071548400,3.84554833984375,-0.9942626953125,-0.020233154296875,-0.02044677734375
1760555331081554700,3.8555546875,-0.991180419921875,-0.0231781005859375,-0.0182952880859375
1760555331091561500,3.8655615234375,-0.9954986572265625,-0.0217437744140625,-0.0174102783203125
1760555331101567500,3.8755673828125,-0.9979248046875,-0.02001953125,-0.0181732177734375
1760555331111573500,3.885573486328125,-0.9948272705078125,-0.0169677734375,-0.013458251953125
1760555331121579500,3.89557958984375,-0.996337890625,-0.0118255615234375,-0.009429931640625
1760555331131585500,3.90558544921875,-0.9966583251953125,-0.0107879638671875,-0.0138397216796875
1760555331141591600,3.915591552734375,-1.0013427734375,-0.0102081298828125,-0.0163726806640625
1760555331151597600,3.92559765625,-1.0024566650390625,-0.0066680908203125,-0.0179290771484375
1760555331161603300,3.935603271484375,-1.00054931640625,-0.0083160400390625,-0.0151824951171875
1760555331171609600,3.945609619140625,-0.9964447021484375,-0.0139923095703125,-0.01214599609375
1760555331181615600,3.95561572265625,-0.99853515625,-0.0156707763671875,-0.010650634765625
1760555331191621600,3.96562158203125,-0.9991302490234375,-0.0102081298828125,-0.0093536376953125
1760555331201627400,3.97562744140625,-1.000396728515625,-0.0089569091796875,-0.0055694580078125
1760555331211633400,3.98563330078125,-0.998931884765625,-0.0125885009765625,-0.0026092529296875
1760555331221639700,3.9956396484375,-0.9982147216796875,-0.0114288330078125,0.0026397705078125
1760555331231645700,4.005645751953125,-0.9993438720703125,-0.0085906982421875,0.0049591064453125
1760555331241651500,4.0156513671875,-1.001312255859375,-0.0107269287109375,0.00115966796875
1760555331251657500,4.025657470703125,-0.9984130859375,-0.0214080810546875,-0.0071563720703125
1760555331261663500,4.03566357421875,-0.993988037109375,-0.03338623046875,-0.0139923095703125
1760555331271669500,4.04566943359375,-0.9938201904296875,-0.0323028564453125,-0.0162200927734375
1760555331281675500,4.055675537109375,-0.99407958984375,-0.0259552001953125,-0.01385498046875
1760555331291682600,4.0656826171875,-1.0008087158203125,-0.0230255126953125,-0.016876220703125
1760555331301688600,4.0756884765625,-0.9994354248046875,-0.0232696533203125,-0.010223388671875
1760555331311694600,4.085694580078125,-0.996673583984375,-0.0308837890625,-0.0052947998046875
1760555331321700600,4.09570068359375,-0.9940185546875,-0.0298004150390625,-0.0028839111328125
1760555331331706600,4.10570654296875,-0.99359130859375,-0.0234375,0.009368896484375
1760555331341712400,4.11571240234375,-1.0012664794921875,-0.01666259765625,0.0210418701171875
1760555331351718700,4.12571875,-0.99737548828125,-0.012939453125,0.0229644775390625
1760555331361724700,4.135724609375,-0.99566650390625,-0.015869140625,0.02679443359375
1760555331371730700,4.145730712890625,-0.9918670654296875,-0.025390625,0.0343170166015625
1760555331381736400,4.155736328125,-0.9913787841796875,-0.0241546630859375,0.0391082763671875
1760555331391742500,4.165742431640625,-0.990142822265625,-0.01641845703125,0.0372314453125
1760555331401748700,4.175748779296875,-0.994873046875,-0.009796142578125,0.0299224853515625
1760555331411754500,4.18575439453125,-1.0029449462890625,-0.0157623291015625,0.0208587646484375
1760555331421760500,4.195760498046875,-0.9985504150390625,-0.02252197265625,0.011962890625
1760555331431766500,4.2057666015625,-0.9980926513671875,-0.021026611328125,0.0058441162109375
1760555331441772500,4.2157724609375,-0.99456787109375,-0.0208892822265625,-0.0143280029296875
1760555331451778600,4.225778564453125,-1.0053863525390625,-0.0179443359375,-0.0322113037109375
1760555331461784600,4.23578466796875,-1.0128173828125,-0.0143585205078125,-0.0384674072265625
1760555331471790600,4.24579052734375,-1.00970458984375,-0.0140228271484375,-0.0229644775390625
1760555331481796600,4.255796630859375,-1.003631591796875,-0.0144195556640625,-0.002471923828125
1760555331491802600,4.265802734375,-0.991302490234375,-0.02777099609375,0.0081787109375
1760555331501808600,4.27580859375,-0.991546630859375,-0.0400390625,0.01458740234375
1760555331511815400,4.2858154296875,-0.9929046630859375,-0.0397186279296875,0.013671875
1760555331521821400,4.295821533203125,-0.9920196533203125,-0.037078857421875,0.009063720703125
1760555331531827700,4.30582763671875,-0.9972991943359375,-0.0215606689453125,0.0096282958984375
1760555331541833700,4.315833740234375,-1.0034942626953125,-0.016845703125,0.012298583984375
1760555331551839500,4.325839599609375,-1.00164794921875,-0.02227783203125,0.018890380859375
1760555331561845500,4.335845458984375,-0.997772216796875,-0.0332183837890625,0.03375244140625
1760555331571851500,4.3458515625,-0.9869842529296875,-0.0291290283203125,0.0408782958984375
1760555331581857800,4.35585791015625,-0.9865570068359375,-0.0247650146484375,0.0419158935546875
1760555331591863600,4.365863525390625,-0.9934539794921875,-0.024169921875,0.04095458984375
1760555331601869600,4.37586962890625,-0.9964599609375,-0.03271484375,0.0378570556640625
1760555331611875600,4.38587548828125,-0.9935760498046875,-0.0447540283203125,0.0424957275390625
1760555331621881600,4.395881591796875,-0.9822998046875,-0.0534515380859375,0.046234130859375
1760555331631887600,4.4058876953125,-0.9722747802734375,-0.0469818115234375,0.0442657470703125
1760555331641893600,4.4158935546875,-0.9860076904296875,-0.03790283203125,0.0302581787109375
1760555331651899600,4.425899658203125,-0.999603271484375,-0.0294342041015625,0.0103912353515625
1760555331661905400,4.435905517578125,-1.0079345703125,-0.028472900390625,-0.012176513671875
1760555331671911400,4.445911376953125,-1.0001983642578125,-0.03472900390625,-0.0204315185546875
1760555331681917700,4.455917724609375,-0.992950439453125,-0.0273590087890625,-0.0229949951171875
1760555331691923700,4.465923828125,-1.0037841796875,-0.0106964111328125,-0.0366363525390625
1760555331701929500,4.475929443359375,-1.017791748046875,-0.0074310302734375,-0.0419921875
1760555331711935500,4.485935546875,-1.010009765625,-0.016021728515625,-0.0391693115234375
1760555331721941500,4.49594140625,-1.0023345947265625,-0.02520751953125,-0.0231475830078125
1760555331731947800,4.50594775390625,-0.992919921875,-0.0312957763671875,-0.0120697021484375
1760555331741953500,4.51595361328125,-0.9904632568359375,-0.035125732421875,-0.007659912109375
1760555331751960600,4.525960693359375,-1.0030364990234375,-0.0341033935546875,-0.0031280517578125
1760555331761966600,4.535966552734375,-0.997589111328125,-0.0286712646484375,0.0030975341796875
1760555331771972600,4.54597265625,-0.99859619140625,-0.0182342529296875,0.0110626220703125
1760555331781978600,4.555978515625,-0.995635986328125,-0.0237274169921875,0.0091705322265625
1760555331791984600,4.565984619140625,-0.991302490234375,-0.0342559814453125,0.010406494140625
1760555331801990400,4.575990478515625,-0.9978485107421875,-0.03704833984375,0.01654052734375
1760555331811996400,4.585996337890625,-0.9876708984375,-0.0402069091796875,0.017333984375
1760555331822002700,4.596002685546875,-0.98583984375,-0.04046630859375,0.013916015625
1760555331832008700,4.6060087890625,-0.989990234375,-0.0318603515625,0.00811767578125
1760555331842014500,4.616014404296875,-0.9976043701171875,-0.0278472900390625,0.0043182373046875
1760555331852020500,4.6260205078125,-1.00482177734375,-0.0241851806640625,-0.0015869140625
1760555331862026800,4.63602685546875,-0.9974365234375,-0.0255584716796875,-0.0055999755859375
1760555331872032800,4.64603271484375,-0.9947509765625,-0.0238037109375,-0.00152587890625
1760555331882038500,4.65603857421875,-0.99700927734375,-0.015869140625,-0.0044708251953125
1760555331892044500,4.66604443359375,-1.0024566650390625,-0.014617919921875,-0.011871337890625
1760555331902050600,4.676050537109375,-1.0039520263671875,-0.0189971923828125,-0.0162353515625
1760555331912056600,4.686056640625,-1.0028228759765625,-0.019439697265625,-0.0110015869140625
1760555331922062600,4.6960625,-0.9971160888671875,-0.0193328857421875,-0.0091552734375
1760555331932068600,4.706068603515625,-0.99554443359375,-0.0164794921875,-0.0125274658203125
1760555331942074600,4.71607470703125,-1.00579833984375,-0.012298583984375,-0.0193023681640625
1760555331952080400,4.726080322265625,-1.00457763671875,-0.0130615234375,-0.02618408203125
1760555331962086700,4.736086669921875,-0.9984588623046875,-0.023590087890625,-0.0261688232421875
1760555331972092700,4.7460927734375,-0.9949798583984375,-0.0271453857421875,-0.023834228515625
1760555331982098700,4.7560986328125,-0.997650146484375,-0.0283203125,-0.0240020751953125
1760555331992104400,4.7661044921875,-0.9988250732421875,-0.0274658203125,-0.021240234375
1760555332002111700,4.77611181640625,-0.9997711181640625,-0.0262298583984375,-0.01220703125
1760555332012117500,4.786117431640625,-0.992462158203125,-0.0286407470703125,-0.0040740966796875
1760555332022123500,4.79612353515625,-0.9920501708984375,-0.031951904296875,0.0037689208984375
1760555332032129500,4.806129638671875,-0.9921417236328125,-0.0353546142578125,0.006500244140625
1760555332042135600,4.816135498046875,-0.98876953125,-0.040283203125,0.011871337890625
1760555332052141600,4.8261416015625,-0.9905853271484375,-0.037109375,0.0085296630859375
1760555332062147600,4.836147705078125,-0.988006591796875,-0.03656005859375,0.0002593994140625
1760555332072153600,4.846153564453125,-0.993194580078125,-0.0341796875,-0.006805419921875
1760555332082159600,4.85615966796875,-0.9980621337890625,-0.03057861328125,-0.011383056640625
1760555332092165400,4.866165283203125,-0.9954833984375,-0.0260772705078125,-0.0105133056640625
1760555332102171600,4.876171630859375,-0.9962005615234375,-0.0266571044921875,-0.0039825439453125
1760555332112177700,4.886177734375,-0.9891357421875,-0.033050537109375,0.0010986328125
1760555332122183700,4.89618359375,-0.9922943115234375,-0.026641845703125,0.00152587890625
1760555332132189400,4.906189453125,-0.995513916015625,-0.0103759765625,0.0025482177734375
1760555332142195500,4.916195556640625,-1.0070343017578125,-0.0004425048828125,-0.004608154296875
1760555332152201700,4.92620166015625,-1.0054168701171875,-0.000640869140625,-0.0130767822265625
1760555332162207500,4.93620751953125,-1.0009002685546875,-0.00738525390625,-0.0205841064453125
1760555332172213500,4.946213623046875,-0.999298095703125,-0.009796142578125,-0.021759033203125
1760555332182219500,4.956219482421875,-0.9969024658203125,-0.008758544921875,-0.023529052734375
1760555332192225800,4.966225830078125,-1.0016632080078125,-0.0055694580078125,-0.0228729248046875
1760555332202231600,4.9762314453125,-1.0010528564453125,-0.0064239501953125,-0.022674560546875
1760555332212237600,4.986237548828125,-0.99945068359375,-0.007049560546875,-0.019683837890625
1760555332222243600,4.99624365234375,-0.999847412109375,-0.003814697265625,-0.0174560546875
1760555332232249600,5.00624951171875,-0.9988861083984375,-0.003631591796875,-0.02325439453125
1760555332242255600,5.016255615234375,-1.0011749267578125,-0.0090179443359375,-0.023895263671875
1760555332252261600,5.02626171875,-0.998138427734375,-0.0161590576171875,-0.0210113525390625
1760555332262267600,5.036267578125,-0.9951324462890625,-0.0268707275390625,-0.0134735107421875
1760555332272273700,5.046273681640625,-0.988861083984375,-0.027008056640625,-0.009735107421875
1760555332282279400,5.056279541015625,-0.98785400390625,-0.01580810546875,-0.014862060546875
1760555332292286500,5.066286376953125,-1.0057830810546875,-0.00140380859375,-0.017578125
1760555332302292200,5.076292236328125,-1.00640869140625,-0.001495361328125,-0.0230255126953125
1760555332312298200,5.08629833984375,-1.0031890869140625,-0.007476806640625,-0.0207366943359375
1760555332322304500,5.096304443359375,-0.9966888427734375,-0.0142364501953125,-0.0148773193359375
1760555332332310500,5.106310546875,-0.98846435546875,-0.0076141357421875,-0.015167236328125
1760555332342316300,5.11631640625,-1.0067291259765625,0.00299072265625,-0.017974853515625
1760555332352322300,5.126322265625,-1.00640869140625,0.0006866455078125,-0.017181396484375
1760555332362328600,5.13632861328125,-1.0047454833984375,-0.0008392333984375,-0.0113677978515625
1760555332372334600,5.14633447265625,-0.9984130859375,-0.002899169921875,-0.011566162109375
1760555332382340400,5.15634033203125,-0.989532470703125,-0.0121307373046875,-0.020050048828125
1760555332392346400,5.166346435546875,-1.009185791015625,-0.00738525390625,-0.01593017578125
1760555332402352400,5.176352294921875,-0.999542236328125,-0.010894775390625,-0.011444091796875
1760555332412358400,5.1863583984375,-0.9963836669921875,-0.0085601806640625,-0.0014801025390625
1760555332422364400,5.196364501953125,-0.9954681396484375,-0.00579833984375,0.0047607421875
1760555332432370400,5.206370361328125,-0.9906463623046875,-0.0094451904296875,0.0017852783203125
1760555332442376400,5.21637646484375,-1.0084686279296875,-0.00738525390625,0.0001983642578125
1760555332452382200,5.22638232421875,-0.9989013671875,-0.008697509765625,0.002777099609375
1760555332462388500,5.236388427734375,-0.998992919921875,-0.0120391845703125,0.004058837890625
1760555332472394500,5.24639453125,-0.991180419921875,-0.026885986328125,0.006195068359375
1760555332482400500,5.256400390625,-0.9814453125,-0.04010009765625,-0.0011444091796875
1760555332492406300,5.26640625,-0.9922027587890625,-0.03350830078125,-0.0079345703125
1760555332502412300,5.276412353515625,-0.9969482421875,-0.0276031494140625,-0.0119476318359375
1760555332512418600,5.28641845703125,-0.9979095458984375,-0.0280303955078125,-0.016387939453125
1760555332522424600,5.296424560546875,-0.9954681396484375,-0.0236358642578125,-0.0157012939453125
1760555332532430300,5.306430419921875,-0.9961090087890625,-0.02008056640625,-0.0164642333984375
1760555332542436400,5.316436279296875,-0.999237060546875,-0.0211334228515625,-0.018524169921875
1760555332552442400,5.3264423828125,-0.998687744140625,-0.01953125,-0.0185089111328125
1760555332562448400,5.336448486328125,-0.9992218017578125,-0.0149993896484375,-0.01641845703125
1760555332572454400,5.346454345703125,-1.001007080078125,-0.01104736328125,-0.00390625
1760555332582460400,5.35646044921875,-0.998199462890625,-0.006500244140625,0.0059051513671875
1760555332592467200,5.36646728515625,-1.00006103515625,-0.010223388671875,0.006378173828125
1760555332602473500,5.376473388671875,-0.9968414306640625,-0.005767822265625,0.0051727294921875
1760555332612479500,5.3864794921875,-1.001983642578125,-0.00421142578125,0.0062255859375
1760555332622485500,5.396485595703125,-1.001373291015625,-0.0089111328125,0.001251220703125
1760555332632491300,5.4064912109375,-1.000152587890625,-0.006072998046875,-0.001983642578125
1760555332642497300,5.416497314453125,-1.0041046142578125,-0.0069732666015625,0.0036163330078125
1760555332652503600,5.426503662109375,-0.997039794921875,-0.02392578125,-0.000579833984375
1760555332662509600,5.436509521484375,-0.9889068603515625,-0.0323486328125,-0.0059356689453125
1760555332672515300,5.446515380859375,-0.9926910400390625,-0.026397705078125,-0.000213623046875
1760555332682521300,5.456521240234375,-0.99749755859375,-0.0198822021484375,-0.0001373291015625
1760555332692527400,5.46652734375,-0.9989166259765625,-0.0223388671875,-0.0067596435546875
1760555332702533400,5.476533447265625,-0.99615478515625,-0.0263671875,-0.00439453125
1760555332712539400,5.486539306640625,-1.000518798828125,-0.0275421142578125,0.0017852783203125
1760555332722545400,5.49654541015625,-0.9954376220703125,-0.016937255859375,0.004364013671875
1760555332732551400,5.506551513671875,-0.994293212890625,-0.0237884521484375,-0.00042724609375
1760555332742557400,5.516557373046875,-0.9973602294921875,-0.0265350341796875,-0.002197265625
1760555332752563500,5.5265634765625,-0.99835205078125,-0.0361785888671875,-0.002685546875
1760555332762569500,5.536569580078125,-0.99169921875,-0.0371246337890625,0.0007171630859375
1760555332772575500,5.546575439453125,-0.98980712890625,-0.0425567626953125,0.0049591064453125
1760555332782581200,5.556581298828125,-0.9837493896484375,-0.042022705078125,0.00341796875
1760555332792587500,5.56658740234375,-0.9920196533203125,-0.036651611328125,-0.005157470703125
1760555332802593500,5.576593505859375,-1.0012969970703125,-0.0277252197265625,-0.0130462646484375
1760555332812599300,5.586599365234375,-1.0048675537109375,-0.01654052734375,-0.0192413330078125
1760555332822605300,5.596605224609375,-1.0089111328125,-0.0050811767578125,-0.020294189453125
1760555332832611300,5.606611328125,-1.000823974609375,-0.0139923095703125,-0.025909423828125
1760555332842617600,5.61661767578125,-1.00225830078125,-0.0195159912109375,-0.02838134765625
1760555332852623400,5.626623291015625,-1.0020904541015625,-0.0236358642578125,-0.0274200439453125
1760555332862629400,5.63662939453125,-0.99798583984375,-0.0184173583984375,-0.0215911865234375
1760555332872635400,5.646635498046875,-1.0003662109375,-0.0267486572265625,-0.01324462890625
1760555332882641400,5.656641357421875,-0.992340087890625,-0.0237579345703125,-0.011993408203125
1760555332892647400,5.6666474609375,-1.0017547607421875,-0.0274200439453125,-0.0123748779296875
1760555332902653400,5.6766533203125,-0.9961395263671875,-0.0341033935546875,-0.0144805908203125
1760555332912659500,5.686659423828125,-0.99359130859375,-0.0447845458984375,-0.01654052734375
1760555332922665500,5.69666552734375,-0.990264892578125,-0.0519256591796875,-0.014373779296875
1760555332932671200,5.706671142578125,-0.984222412109375,-0.0509796142578125,-0.0087738037109375
1760555332942677500,5.716677490234375,-0.9913177490234375,-0.04730224609375,-0.0087890625
1760555332952683500,5.72668359375,-0.9896697998046875,-0.045318603515625,-0.0088043212890625
1760555332962690300,5.736690185546875,-0.9941558837890625,-0.0495452880859375,-0.009002685546875
1760555332972696300,5.7466962890625,-0.9891510009765625,-0.0561370849609375,-0.0078582763671875
1760555332982702600,5.75670263671875,-0.982666015625,-0.060943603515625,-0.0081787109375
1760555332992708400,5.766708251953125,-0.9844970703125,-0.0540771484375,-0.0021209716796875
1760555333002714400,5.77671435546875,-0.994171142578125,-0.0244903564453125,0.0024566650390625
1760555333012720400,5.786720458984375,-1.008026123046875,-0.00543212890625,-0.007904052734375
1760555333022726400,5.796726318359375,-1.005035400390625,-0.0192413330078125,-0.0196990966796875
1760555333032732400,5.806732421875,-1.0015869140625,-0.0290069580078125,-0.01617431640625
1760555333042738400,5.816738525390625,-0.9937896728515625,-0.026336669921875,-0.0129852294921875
1760555333052744400,5.826744384765625,-0.9888458251953125,-0.0228424072265625,-0.0146942138671875
1760555333062750500,5.83675048828125,-1.006500244140625,-0.018035888671875,-0.01092529296875
1760555333072756500,5.846756591796875,-1.0002899169921875,-0.0198974609375,-0.013397216796875
1760555333082762500,5.856762451171875,-0.9995880126953125,-0.023468017578125,-0.0105438232421875
1760555333092768500,5.8667685546875,-0.9951629638671875,-0.018524169921875,-0.0109710693359375
1760555333102774300,5.876774169921875,-0.9915771484375,-0.0131378173828125,-0.0142059326171875
1760555333112780300,5.8867802734375,-1.009979248046875,-0.0127410888671875,-0.014739990234375
1760555333122786600,5.89678662109375,-0.9978790283203125,-0.0140533447265625,-0.0137176513671875
1760555333132792600,5.90679248046875,-1.001129150390625,-0.01959228515625,-0.0092315673828125
1760555333142798300,5.91679833984375,-0.994720458984375,-0.0230712890625,-0.004913330078125
1760555333152804400,5.926804443359375,-0.9877166748046875,-0.0213165283203125,-0.006805419921875
1760555333162810400,5.936810302734375,-1.000335693359375,-0.0156402587890625,-0.0110321044921875
1760555333172816600,5.946816650390625,-1.004302978515625,-0.0129852294921875,-0.0118865966796875
1760555333182822400,5.956822509765625,-1.001220703125,-0.0178070068359375,-0.007720947265625
1760555333192828400,5.966828369140625,-0.9935455322265625,-0.01153564453125,-0.005096435546875
1760555333202834400,5.97683447265625,-0.9949188232421875,-0.0008392333984375,-0.0078277587890625
1760555333212840200,5.986840087890625,-1.0079193115234375,0.0010986328125,-0.0094451904296875
1760555333222846500,5.996846435546875,-1.0052947998046875,-0.002197265625,-0.0140838623046875
1760555333232852500,6.0068525390625,-1.0005645751953125,-0.002685546875,-0.013946533203125
1760555333242858500,6.0168583984375,-0.9975128173828125,-0.0075531005859375,-0.0149078369140625
1760555333252864300,6.0268642578125,-0.9945831298828125,-0.0170745849609375,-0.0150146484375
1760555333262870300,6.036870361328125,-1.001678466796875,-0.0098724365234375,-0.0128326416015625
1760555333272876500,6.04687646484375,-0.996612548828125,-0.011383056640625,-0.0123138427734375
1760555333282882000,6.056882080078125,-0.99755859375,-0.0194854736328125,-0.010955810546875
1760555333292888000,6.06688818359375,-0.9998626708984375,-0.019012451171875,-0.0097503662109375
1760555333302894000,6.07689404296875,-0.9928131103515625,-0.016082763671875,-0.0111083984375
1760555333312900000,6.086900146484375,-0.997772216796875,-0.006866455078125,-0.0130767822265625
1760555333322906000,6.096906005859375,-1.0043182373046875,-0.005889892578125,-0.019317626953125
1760555333332911900,6.106911865234375,-1.001953125,-0.0095062255859375,-0.0205535888671875
1760555333342918100,6.116918212890625,-0.99981689453125,-0.0084991455078125,-0.0168609619140625
1760555333352924200,6.126924072265625,-0.9984893798828125,-0.0141448974609375,-0.0129852294921875
1760555333362930200,6.13693017578125,-0.9925079345703125,-0.017669677734375,-0.015411376953125
1760555333372936000,6.14693603515625,-0.99957275390625,-0.0151214599609375,-0.0157470703125
1760555333382942000,6.15694189453125,-1.00201416015625,-0.013702392578125,-0.0171356201171875
1760555333392949000,6.166948974609375,-1.0001373291015625,-0.01446533203125,-0.0137786865234375
1760555333402954000,6.1769541015625,-0.998382568359375,-0.007537841796875,-0.0126495361328125
1760555333412961000,6.1869609375,-0.9955902099609375,-0.0099945068359375,-0.0119476318359375
1760555333422967300,6.19696728515625,-0.9967498779296875,-0.0178680419921875,-0.012725830078125
1760555333432973000,6.20697314453125,-0.9971160888671875,-0.0206298828125,-0.015625
1760555333442979000,6.21697900390625,-0.9948577880859375,-0.0234527587890625,-0.014984130859375
1760555333452985000,6.226985107421875,-0.993804931640625,-0.0229644775390625,-0.015594482421875
1760555333462991000,6.2369912109375,-0.9956512451171875,-0.0176239013671875,-0.0148468017578125
1760555333472997000,6.2469970703125,-0.9973602294921875,-0.018768310546875,-0.0149688720703125
1760555333483003100,6.257003173828125,-0.9960479736328125,-0.0234222412109375,-0.019134521484375
1760555333493009200,6.267009033203125,-0.9968719482421875,-0.021728515625,-0.01849365234375
1760555333503015200,6.27701513671875,-0.9954071044921875,-0.0222015380859375,-0.0188446044921875
1760555333513021000,6.28702099609375,-0.9941864013671875,-0.024200439453125,-0.0198822021484375
1760555333523027200,6.297027099609375,-0.9969940185546875,-0.0239105224609375,-0.02056884765625
1760555333533033200,6.307033203125,-0.996734619140625,-0.0225830078125,-0.0216522216796875
1760555333543039000,6.3170390625,-0.9974822998046875,-0.0237579345703125,-0.0174713134765625
1760555333553045000,6.327044921875,-0.9975433349609375,-0.026123046875,-0.018035888671875
1760555333563051000,6.337051025390625,-0.994110107421875,-0.02264404296875,-0.018218994140625
1760555333573057300,6.347057373046875,-0.99664306640625,-0.0213165283203125,-0.0206146240234375
1760555333583063000,6.35706298828125,-1.0000152587890625,-0.0198516845703125,-0.0223541259765625
1760555333593069000,6.367069091796875,-0.998565673828125,-0.0173492431640625,-0.0164947509765625
1760555333603075000,6.377074951171875,-1.0004730224609375,-0.0131378173828125,-0.01220703125
1760555333613081000,6.3870810546875,-0.997894287109375,-0.013580322265625,-0.010498046875
1760555333623087000,6.397087158203125,-0.9969482421875,-0.0160980224609375,-0.013427734375
1760555333633093000,6.407093017578125,-1.0013580322265625,-0.01605224609375,-0.0123291015625
1760555333643099100,6.41709912109375,-0.9981231689453125,-0.015594482421875,-0.0128631591796875
1760555333653105000,6.42710498046875,-0.996612548828125,-0.015777587890625,-0.0091552734375
1760555333663111000,6.43711083984375,-0.99798583984375,-0.0152740478515625,-0.0073089599609375
1760555333673117200,6.4471171875,-0.996429443359375,-0.0138092041015625,-0.00970458984375
1760555333683123200,6.457123291015625,-1,-0.0167388916015625,-0.010711669921875
1760555333693129000,6.46712890625,-0.999298095703125,-0.015289306640625,-0.0100860595703125
1760555333703135000,6.477135009765625,-0.9975433349609375,-0.0196685791015625,-0.0085296630859375
1760555333713141000,6.48714111328125,-0.990478515625,-0.021942138671875,-0.0110931396484375
1760555333723147300,6.497147216796875,-0.9973907470703125,-0.0201416015625,-0.0088653564453125
1760555333733153000,6.507153076171875,-0.9991302490234375,-0.021697998046875,-0.0117340087890625
1760555333743159000,6.517158935546875,-0.997833251953125,-0.016510009765625,-0.015289306640625
1760555333753165000,6.5271650390625,-1.0013427734375,-0.0145263671875,-0.0145263671875
1760555333763171000,6.537171142578125,-0.9959716796875,-0.0201416015625,-0.0159149169921875
1760555333773177000,6.547177001953125,-0.99420166015625,-0.0267181396484375,-0.0162506103515625
1760555333783183000,6.55718310546875,-0.9948577880859375,-0.0288238525390625,-0.01416015625
1760555333793189000,6.567189208984375,-0.993988037109375,-0.027191162109375,-0.0149993896484375
1760555333803195000,6.57719482421875,-0.9951171875,-0.0268402099609375,-0.0125885009765625
1760555333813201200,6.587201171875,-0.9972381591796875,-0.021514892578125,-0.0122528076171875
1760555333823207200,6.597207275390625,-0.9966583251953125,-0.0212860107421875,-0.013031005859375
1760555333833213200,6.607213134765625,-0.9991912841796875,-0.016265869140625,-0.012176513671875
1760555333843219000,6.617218994140625,-1.0009765625,-0.0104217529296875,-0.01275634765625
1760555333853225000,6.627224853515625,-0.998443603515625,-0.0176849365234375,-0.0193023681640625
1760555333863231200,6.637231201171875,-0.999420166015625,-0.0272674560546875,-0.0207977294921875
1760555333873237200,6.6472373046875,-0.9979248046875,-0.0298309326171875,-0.017242431640625
1760555333883243000,6.657242919921875,-0.99346923828125,-0.02825927734375,-0.012603759765625
1760555333893249000,6.6672490234375,-0.9928436279296875,-0.026336669921875,-0.0104522705078125
1760555333903255000,6.677255126953125,-0.9946136474609375,-0.025726318359375,-0.014862060546875
1760555333913261000,6.687260986328125,-0.99945068359375,-0.0242156982421875,-0.0172882080078125
1760555333923267000,6.69726708984375,-1.002593994140625,-0.0196685791015625,-0.0197601318359375
1760555333933273000,6.707273193359375,-0.99847412109375,-0.0188751220703125,-0.018218994140625
1760555333943279000,6.717279052734375,-0.9966888427734375,-0.0205841064453125,-0.0169830322265625
1760555333953284900,6.727284912109375,-0.99676513671875,-0.026214599609375,-0.0189361572265625
1760555333963291100,6.737291015625,-1.0000152587890625,-0.028472900390625,-0.01800537109375
1760555333973298200,6.747298095703125,-0.996917724609375,-0.02838134765625,-0.0160369873046875
1760555333983304000,6.757303955078125,-0.9966583251953125,-0.0326385498046875,-0.007598876953125
1760555333993309000,6.767308837890625,-0.99151611328125,-0.0333099365234375,-0.0001373291015625
1760555334003316200,6.777316162109375,-0.9911041259765625,-0.0319671630859375,0.0025177001953125
1760555334013322200,6.787322265625,-0.9922943115234375,-0.0341644287109375,0.0002899169921875
1760555334023328000,6.797327880859375,-0.994659423828125,-0.0323333740234375,-0.0040435791015625
1760555334033334000,6.807333984375,-0.9986724853515625,-0.0284423828125,-0.0062255859375
1760555334043340000,6.817340087890625,-0.99578857421875,-0.024871826171875,-0.009429931640625
1760555334053346000,6.827345947265625,-0.9971771240234375,-0.0243072509765625,-0.0096588134765625
1760555334063352000,6.83735205078125,-0.996795654296875,-0.0263519287109375,-0.011383056640625
1760555334073358000,6.847358154296875,-0.9971466064453125,-0.021392822265625,-0.0100860595703125
1760555334083364000,6.857364013671875,-0.9999237060546875,-0.0157012939453125,-0.011077880859375
1760555334093369900,6.867369873046875,-0.995697021484375,-0.02264404296875,-0.0152435302734375
1760555334103376100,6.877376220703125,-0.9979248046875,-0.029571533203125,-0.0139617919921875
1760555334113382100,6.887382080078125,-0.993896484375,-0.0282745361328125,-0.0126190185546875
1760555334123388200,6.89738818359375,-0.992706298828125,-0.0258636474609375,-0.014892578125
1760555334133394000,6.907393798828125,-0.996826171875,-0.0230865478515625,-0.0153045654296875
1760555334143400200,6.917400146484375,-0.999786376953125,-0.021575927734375,-0.0175628662109375
1760555334153406200,6.92740625,-0.9999847412109375,-0.0244140625,-0.018341064453125
1760555334163412000,6.937411865234375,-0.9958648681640625,-0.0288848876953125,-0.0117034912109375
1760555334173418000,6.94741796875,-0.990447998046875,-0.0338592529296875,-0.00653076171875
1760555334183424000,6.957424072265625,-0.989227294921875,-0.0324554443359375,-0.00775146484375
1760555334193430300,6.96743017578125,-0.9926910400390625,-0.0276947021484375,-0.008636474609375
1760555334203436000,6.97743603515625,-0.9982147216796875,-0.0200347900390625,-0.0081939697265625
1760555334213442000,6.987442138671875,-1.001068115234375,-0.019287109375,-0.0128021240234375
1760555334223448000,6.997447998046875,-0.9972686767578125,-0.0187530517578125,-0.010223388671875
1760555334233454000,7.0074541015625,-0.9929351806640625,-0.0205841064453125,-0.010223388671875
1760555334243460000,7.017460205078125,-0.9927215576171875,-0.0188140869140625,-0.015777587890625
1760555334253466000,7.027466064453125,-0.9998779296875,-0.009124755859375,-0.01806640625
1760555334263472000,7.03747216796875,-1.0064544677734375,-0.0023193359375,-0.0261383056640625
1760555334273478100,7.04747802734375,-1.006561279296875,-0.002105712890625,-0.030975341796875
1760555334283484200,7.057484130859375,-1.0037384033203125,0.001495361328125,-0.024658203125
1760555334293490200,7.067490234375,-1.002593994140625,0.0024566650390625,-0.0195159912109375
1760555334303496400,7.077496337890625,-1.0041656494140625,0.0014495849609375,-0.0195159912109375
1760555334313502200,7.087502197265625,-1.0023040771484375,-0.0026702880859375,-0.0199127197265625
1760555334323508200,7.09750830078125,-0.9960174560546875,-0.0172882080078125,-0.021240234375
1760555334333514200,7.10751416015625,-0.9896087646484375,-0.032867431640625,-0.019805908203125
1760555334343520500,7.1175205078125,-0.9876251220703125,-0.0273590087890625,-0.01971435546875
1760555334353526300,7.1275263671875,-0.99505615234375,-0.0170440673828125,-0.02392578125
1760555334363532300,7.1375322265625,-1.0053863525390625,-0.0116424560546875,-0.0288238525390625
1760555334373538300,7.147538330078125,-1.002166748046875,-0.0137786865234375,-0.0261688232421875
1760555334383544300,7.15754443359375,-0.9979248046875,-0.018951416015625,-0.02130126953125
1760555334393550300,7.16755029296875,-0.9913330078125,-0.02496337890625,-0.01446533203125
1760555334403556400,7.177556396484375,-0.9904937744140625,-0.0266265869140625,-0.0122833251953125
1760555334413562400,7.187562255859375,-0.9976959228515625,-0.0215911865234375,-0.0093536376953125
1760555334423568100,7.197568115234375,-0.99591064453125,-0.0163421630859375,-0.009063720703125
1760555334433574100,7.20757421875,-1.0030517578125,-0.0119476318359375,-0.0113677978515625
1760555334443580400,7.217580322265625,-0.9979705810546875,-0.013885498046875,-0.0149383544921875
1760555334453586400,7.22758642578125,-0.998291015625,-0.016326904296875,-0.012664794921875
1760555334463592200,7.23759228515625,-0.9977264404296875,-0.016448974609375,-0.0086517333984375
1760555334473598200,7.24759814453125,-0.9935760498046875,-0.0162200927734375,-0.009307861328125
1760555334483604200,7.257604248046875,-0.9980010986328125,-0.017974853515625,-0.0098724365234375
1760555334493610500,7.267610595703125,-0.995513916015625,-0.0162353515625,-0.010986328125
1760555334503616300,7.2776162109375,-1.00128173828125,-0.011932373046875,-0.01312255859375
1760555334513622300,7.287622314453125,-1.0007781982421875,-0.0138397216796875,-0.0081939697265625
1760555334523628300,7.297628173828125,-0.9980926513671875,-0.0174102783203125,-0.002777099609375
1760555334533634300,7.30763427734375,-0.99462890625,-0.018524169921875,-0.000732421875
1760555334543640300,7.317640380859375,-0.992889404296875,-0.0193939208984375,-0.002105712890625
1760555334553646300,7.327646240234375,-0.997894287109375,-0.02288818359375,-0.007781982421875
1760555334563652400,7.33765234375,-0.9941558837890625,-0.0249481201171875,-0.01025390625
1760555334573658000,7.347658203125,-0.994049072265625,-0.0318603515625,-0.0100250244140625
1760555334583664000,7.3576640625,-0.99029541015625,-0.034881591796875,-0.010009765625
1760555334593670400,7.36767041015625,-0.9891204833984375,-0.029083251953125,-0.006256103515625
1760555334603676400,7.377676513671875,-0.9949798583984375,-0.02288818359375,-0.0052947998046875
1760555334613682200,7.38768212890625,-0.9971160888671875,-0.0188751220703125,-0.0063629150390625
1760555334623688200,7.397688232421875,-1.0012054443359375,-0.010772705078125,-0.0104217529296875
1760555334633694200,7.407694091796875,-0.998992919921875,-0.0107879638671875,-0.0131988525390625
1760555334643700500,7.417700439453125,-0.995941162109375,-0.010284423828125,-0.0179595947265625
1760555334653706200,7.427706298828125,-1.000823974609375,-0.0054931640625,-0.0198516845703125
1760555334663712300,7.437712158203125,-1.0023651123046875,-0.0040283203125,-0.021453857421875
1760555334673718300,7.44771826171875,-1.001434326171875,-0.0014801025390625,-0.024688720703125
1760555334683724300,7.457724365234375,-1.0027923583984375,0.00396728515625,-0.0238494873046875
1760555334693730300,7.467730224609375,-1.0034027099609375,0.00567626953125,-0.0247955322265625
1760555334703736300,7.477736328125,-1.0060882568359375,0.0031585693359375,-0.0206298828125
1760555334713742300,7.487742431640625,-1.000335693359375,-0.0025787353515625,-0.0167083740234375
1760555334723748000,7.497748046875,-0.9961395263671875,-0.0164337158203125,-0.0146484375
1760555334733754400,7.50775439453125,-0.9887847900390625,-0.0211029052734375,-0.0187835693359375
1760555334743760400,7.517760498046875,-0.9934844970703125,-0.0177154541015625,-0.0212860107421875
1760555334753766400,7.527766357421875,-0.9986419677734375,-0.018798828125,-0.02777099609375
1760555334763772200,7.537772216796875,-0.9998016357421875,-0.015869140625,-0.0327911376953125
1760555334773778200,7.547778076171875,-0.998016357421875,-0.0140533447265625,-0.0279998779296875
1760555334783784400,7.557784423828125,-0.9951324462890625,-0.01837158203125,-0.0272064208984375
1760555334793790500,7.56779052734375,-0.99517822265625,-0.0205841064453125,-0.027801513671875
1760555334803796200,7.577796142578125,-0.998138427734375,-0.018157958984375,-0.0329132080078125
1760555334813802200,7.58780224609375,-1.0009307861328125,-0.0172119140625,-0.034820556640625
1760555334823808300,7.597808349609375,-0.998291015625,-0.0201568603515625,-0.029541015625
1760555334833814300,7.607814208984375,-0.9944610595703125,-0.0272979736328125,-0.0279693603515625
1760555334843820300,7.6178203125,-0.987548828125,-0.0298614501953125,-0.0308074951171875
1760555334853826300,7.627826416015625,-0.991912841796875,-0.025054931640625,-0.0330810546875
1760555334863832300,7.637832275390625,-1.0039825439453125,-0.01568603515625,-0.03173828125
1760555334873838000,7.647838134765625,-1.001678466796875,-0.0101776123046875,-0.0311126708984375
1760555334883844400,7.65784423828125,-1.00274658203125,-0.0039825439453125,-0.02374267578125
1760555334893850400,7.667850341796875,-1.0035247802734375,-0.0009918212890625,-0.0189971923828125
1760555334903856400,7.6778564453125,-1.000885009765625,-0.0071868896484375,-0.0181884765625
1760555334913862100,7.687862060546875,-0.99871826171875,-0.0181884765625,-0.021209716796875
1760555334923868200,7.6978681640625,-0.9907073974609375,-0.038360595703125,-0.030120849609375
1760555334933874400,7.70787451171875,-0.9822845458984375,-0.05596923828125,-0.035491943359375
1760555334943880200,7.717880126953125,-0.9853057861328125,-0.0459747314453125,-0.02850341796875
1760555334953886200,7.72788623046875,-0.9943084716796875,-0.0258026123046875,-0.022796630859375
1760555334963892200,7.737892333984375,-0.9985198974609375,-0.0197296142578125,-0.023834228515625
1760555334973898200,7.747898193359375,-0.999237060546875,-0.0254058837890625,-0.0265655517578125
1760555334983904300,7.757904296875,-0.9948577880859375,-0.03369140625,-0.023651123046875
1760555334993910300,7.76791015625,-0.9878997802734375,-0.035919189453125,-0.02301025390625
1760555335003916300,7.777916259765625,-0.9893798828125,-0.03240966796875,-0.0233154296875
1760555335013922300,7.78792236328125,-0.9963836669921875,-0.0285797119140625,-0.0251922607421875
1760555335023928300,7.79792822265625,-0.999267578125,-0.02935791015625,-0.0277862548828125
1760555335033934300,7.807934326171875,-0.996673583984375,-0.034454345703125,-0.0262603759765625
1760555335043940400,7.8179404296875,-0.9896392822265625,-0.0331573486328125,-0.023590087890625
1760555335053946400,7.8279462890625,-0.988006591796875,-0.034698486328125,-0.027435302734375
1760555335063952100,7.8379521484375,-0.989715576171875,-0.036346435546875,-0.0312957763671875
1760555335073958400,7.84795849609375,-0.99505615234375,-0.0286102294921875,-0.0357208251953125
1760555335083964400,7.85796435546875,-1.002288818359375,-0.01300048828125,-0.0324249267578125
1760555335093970200,7.86797021484375,-1.0025482177734375,0.0000457763671875,-0.031951904296875
1760555335103976200,7.87797607421875,-1.0043182373046875,-0.00146484375,-0.031982421875
1760555335113982200,7.887982177734375,-0.99853515625,-0.007659912109375,-0.0340728759765625
1760555335123988500,7.897988525390625,-0.9972991943359375,-0.0074615478515625,-0.0354156494140625
1760555335133994200,7.907994140625,-1.0004119873046875,-0.005035400390625,-0.0379486083984375
1760555335144000300,7.918000244140625,-0.9999847412109375,0.0024566650390625,-0.0379486083984375
1760555335154006300,7.92800634765625,-1.0050811767578125,0.0048828125,-0.030853271484375
1760555335164012300,7.93801220703125,-1.0029449462890625,0.0053253173828125,-0.0303802490234375
1760555335174018300,7.948018310546875,-0.9999237060546875,0.0078277587890625,-0.0310821533203125
1760555335184024300,7.9580244140625,-1.0052337646484375,0.0100555419921875,-0.0278167724609375
1760555335194030300,7.9680302734375,-1.0052947998046875,0.0079345703125,-0.0302581787109375
1760555335204036400,7.978036376953125,-1.0025177001953125,0.0050506591796875,-0.0251617431640625
1760555335214042000,7.9880419921875,-0.9992828369140625,-0.01507568359375,-0.017547607421875
1760555335224048400,7.99804833984375,-0.9854278564453125,-0.0240631103515625,-0.023345947265625
1760555335234054400,8.008054443359375,-0.9905242919921875,-0.0299072265625,-0.025726318359375
1760555335244060200,8.01806005859375,-0.9962615966796875,-0.01849365234375,-0.0255889892578125
1760555335254066200,8.028066162109376,-1.0038909912109375,-0.0095672607421875,-0.0281219482421875
1760555335264072200,8.038072265625,-1.0001068115234375,-0.0119781494140625,-0.029510498046875
1760555335274078500,8.048078369140624,-0.994537353515625,-0.019439697265625,-0.029510498046875
1760555335284085000,8.0580849609375,-0.99395751953125,-0.0198822021484375,-0.0333099365234375
1760555335294091000,8.068091064453125,-0.9930572509765625,-0.0206451416015625,-0.0365447998046875
1760555335304097000,8.078096923828125,-0.99615478515625,-0.0334625244140625,-0.0380401611328125
1760555335314102800,8.088102783203125,-0.9937286376953125,-0.0349578857421875,-0.0308990478515625
1760555335324108800,8.09810888671875,-0.988067626953125,-0.02777099609375,-0.027984619140625
1760555335334115000,8.108114990234375,-0.9894561767578125,-0.0208892822265625,-0.03363037109375
1760555335344121000,8.11812109375,-1.00274658203125,-0.0172882080078125,-0.034637451171875
1760555335354126800,8.128126953125,-1.00146484375,-0.016937255859375,-0.0418548583984375
1760555335364132900,8.1381328125,-0.99859619140625,-0.0161285400390625,-0.03857421875
1760555335374139100,8.14813916015625,-0.99273681640625,-0.01300048828125,-0.035552978515625
1760555335384145000,8.158144775390625,-0.9947662353515625,-0.0117950439453125,-0.0376739501953125
1760555335394151000,8.16815087890625,-1.002960205078125,-0.01495361328125,-0.0409698486328125
1760555335404157000,8.178156982421875,-0.9940338134765625,-0.0203399658203125,-0.0444488525390625
1760555335414163000,8.188162841796874,-0.997344970703125,-0.0166778564453125,-0.0413970947265625
1760555335424169000,8.1981689453125,-0.994720458984375,-0.0133056640625,-0.0416412353515625
1760555335434175000,8.208175048828124,-1.00433349609375,-0.0120086669921875,-0.037750244140625
1760555335444181000,8.218180908203125,-0.9972381591796875,-0.01617431640625,-0.0373382568359375
1760555335454187000,8.22818701171875,-0.9951324462890625,-0.016693115234375,-0.0289764404296875
1760555335464192800,8.23819287109375,-0.9975433349609375,-0.0150146484375,-0.0230865478515625
1760555335474199000,8.248198974609375,-0.9954986572265625,-0.0149688720703125,-0.0193939208984375
1760555335484205000,8.258205078125,-1.000213623046875,-0.0166473388671875,-0.018798828125
1760555335494211000,8.268211181640625,-0.9932098388671875,-0.0180511474609375,-0.025054931640625
1760555335504216800,8.278216796875,-0.9994354248046875,-0.0146484375,-0.0254669189453125
1760555335514222800,8.288222900390625,-0.9990234375,-0.015655517578125,-0.029022216796875
1760555335524229000,8.29822900390625,-0.999114990234375,-0.0140838623046875,-0.0306854248046875
1760555335534235000,8.30823486328125,-0.9985504150390625,-0.0143280029296875,-0.0291748046875
1760555335544241000,8.318240966796875,-0.9969635009765625,-0.0162200927734375,-0.0266876220703125
1760555335554247000,8.328246826171876,-0.9988250732421875,-0.0152130126953125,-0.02386474609375
1760555335564253000,8.3382529296875,-0.99639892578125,-0.0126800537109375,-0.025390625
1760555335574259000,8.348259033203124,-1.0012054443359375,-0.01605224609375,-0.020599365234375
1760555335584265000,8.358264892578125,-0.99896240234375,-0.0222320556640625,-0.01318359375
1760555335594271000,8.36827099609375,-0.9922027587890625,-0.0189056396484375,-0.0094146728515625
1760555335604277000,8.378277099609376,-0.9944915771484375,-0.013824462890625,-0.00982666015625
1760555335614282800,8.38828271484375,-0.99737548828125,-0.013397216796875,-0.0177001953125
1760555335624289000,8.3982890625,-1.0040435791015625,-0.0168914794921875,-0.0227813720703125
1760555335634295000,8.408294921875,-0.9984283447265625,-0.0218048095703125,-0.0251922607421875
1760555335644301000,8.418301025390624,-0.9956512451171875,-0.0217742919921875,-0.0211029052734375
1760555335654306800,8.428306884765625,-0.990020751953125,-0.02294921875,-0.02008056640625
1760555335664312800,8.438312744140624,-0.9917144775390625,-0.019866943359375,-0.01983642578125
1760555335674319000,8.448319091796876,-1.003204345703125,-0.0153961181640625,-0.0235443115234375
1760555335684324900,8.458324951171875,-1.00177001953125,-0.015472412109375,-0.02301025390625
1760555335694331000,8.468330810546876,-0.99945068359375,-0.017303466796875,-0.0211334228515625
1760555335704337000,8.4783369140625,-0.9952392578125,-0.0169677734375,-0.019622802734375
1760555335714343200,8.48834326171875,-0.9977569580078125,-0.0155792236328125,-0.017242431640625
1760555335724349000,8.498348876953125,-1.0020294189453125,-0.0163726806640625,-0.0168609619140625
1760555335734355000,8.50835498046875,-0.99847412109375,-0.0129547119140625,-0.0180511474609375
1760555335744361000,8.51836083984375,-1.000274658203125,-0.01422119140625,-0.013092041015625
1760555335754367000,8.528366943359375,-0.994842529296875,-0.0185699462890625,-0.0123138427734375
1760555335764373000,8.538373046875,-0.9900054931640625,-0.0307159423828125,-0.019775390625
1760555335774379000,8.54837890625,-0.9905242919921875,-0.040313720703125,-0.0262298583984375
1760555335784385000,8.558385009765624,-0.995086669921875,-0.0311126708984375,-0.0256195068359375
1760555335794391000,8.56839111328125,-0.99639892578125,-0.02716064453125,-0.0283203125
1760555335804396800,8.578396728515624,-0.9944610595703125,-0.030731201171875,-0.0309906005859375
1760555335814403000,8.588403076171875,-0.9919586181640625,-0.0343170166015625,-0.034942626953125
1760555335824409000,8.5984091796875,-0.993988037109375,-0.03314208984375,-0.035552978515625
1760555335834414800,8.608414794921876,-0.99755859375,-0.0289764404296875,-0.0330352783203125
1760555335844420900,8.6184208984375,-0.994659423828125,-0.026947021484375,-0.0308685302734375
1760555335854427000,8.628427001953124,-0.995697021484375,-0.032623291015625,-0.0312347412109375
1760555335864433200,8.63843310546875,-0.992828369140625,-0.031005859375,-0.0320281982421875
1760555335874439000,8.64843896484375,-0.9926605224609375,-0.033111572265625,-0.0311126708984375
1760555335884445000,8.65844482421875,-0.9924468994140625,-0.0370941162109375,-0.030975341796875
1760555335894451000,8.668450927734375,-0.9926910400390625,-0.0303955078125,-0.0313568115234375
1760555335904457000,8.67845703125,-0.9986419677734375,-0.0196380615234375,-0.0289306640625
1760555335914463000,8.688462890625,-0.9999542236328125,-0.01995849609375,-0.0293426513671875
1760555335924469000,8.698468994140624,-0.9980316162109375,-0.023193359375,-0.032073974609375
1760555335934475000,8.70847509765625,-0.995147705078125,-0.02606201171875,-0.02923583984375
1760555335944480800,8.718480712890624,-0.9954986572265625,-0.0254669189453125,-0.023193359375
1760555335954486800,8.72848681640625,-0.995330810546875,-0.0179901123046875,-0.014923095703125
1760555335964493000,8.7384931640625,-0.9960479736328125,-0.0145263671875,-0.0155181884765625
1760555335974499000,8.7484990234375,-1.0004119873046875,-0.009857177734375,-0.01953125
1760555335984504800,8.7585048828125,-1.0048828125,-0.006622314453125,-0.0191650390625
1760555335994510800,8.7685107421875,-1.0017547607421875,-0.005462646484375,-0.0233917236328125
1760555336004516900,8.778516845703125,-1.0038604736328125,-0.0014495849609375,-0.0191497802734375
1760555336014523100,8.788523193359374,-0.999847412109375,-0.00103759765625,-0.0179443359375
1760555336024529000,8.79852880859375,-0.9983673095703125,-0.0041046142578125,-0.0182647705078125
1760555336034535000,8.808534912109375,-1.0007171630859375,-0.01434326171875,-0.021575927734375
1760555336044541000,8.818541015625,-0.99365234375,-0.02471923828125,-0.0250091552734375
1760555336054547000,8.828546875,-0.9938812255859375,-0.024749755859375,-0.0266571044921875
1760555336064553000,8.838552978515626,-0.9893035888671875,-0.030670166015625,-0.0265960693359375
1760555336074559000,8.84855908203125,-0.9932708740234375,-0.0272674560546875,-0.02764892578125
1760555336084565000,8.85856494140625,-1.00299072265625,-0.019073486328125,-0.0283660888671875
1760555336094570800,8.86857080078125,-0.9952392578125,-0.023223876953125,-0.0281524658203125
1760555336104577000,8.878576904296875,-0.9962615966796875,-0.026824951171875,-0.0251922607421875
1760555336114583000,8.8885830078125,-0.9914703369140625,-0.0241241455078125,-0.020660400390625
1760555336124589000,8.898589111328125,-0.9912872314453125,-0.02569580078125,-0.0189971923828125
1760555336134594800,8.9085947265625,-0.9993133544921875,-0.022186279296875,-0.0145263671875
1760555336144600800,8.918600830078125,-0.9957275390625,-0.0105438232421875,-0.0100555419921875
1760555336154607000,8.928607177734374,-1.00042724609375,-0.0049285888671875,-0.005218505859375
1760555336164613000,8.938613037109375,-0.99871826171875,-0.0075225830078125,-0.0093994140625
1760555336174619000,8.948618896484374,-0.9998779296875,-0.0084381103515625,-0.016387939453125
1760555336184625000,8.958625,-1.002197265625,-0.002288818359375,-0.017822265625
1760555336194631000,8.968630859375,-1.0005645751953125,-0.0020599365234375,-0.0222930908203125
1760555336204637000,8.978636962890626,-0.9996490478515625,-0.0077056884765625,-0.02288818359375
1760555336214643000,8.988642822265625,-0.99725341796875,-0.012176513671875,-0.02288818359375
1760555336224649000,8.99864892578125,-0.997711181640625,-0.0123443603515625,-0.0190277099609375
1760555336234655000,9.008655029296875,-0.99493408203125,-0.0138397216796875,-0.018524169921875
1760555336244660700,9.01866064453125,-0.9942474365234375,-0.013824462890625,-0.0211334228515625
1760555336254667000,9.0286669921875,-1.0019989013671875,-0.014801025390625,-0.017486572265625
1760555336264673000,9.038673095703125,-0.99822998046875,-0.014068603515625,-0.0185699462890625
1760555336274679000,9.048678955078126,-0.9949798583984375,-0.0175018310546875,-0.01873779296875
1760555336284684800,9.058684814453125,-0.9928741455078125,-0.0212554931640625,-0.016265869140625
1760555336294690800,9.06869091796875,-0.9926910400390625,-0.023956298828125,-0.019012451171875
1760555336304696800,9.07869677734375,-0.995269775390625,-0.0260772705078125,-0.0222930908203125
1760555336314702800,9.088702880859374,-0.993896484375,-0.0282135009765625,-0.021148681640625
1760555336324708600,9.09870849609375,-0.9932708740234375,-0.0206146240234375,-0.0244140625
1760555336334715000,9.10871484375,-0.994354248046875,-0.015777587890625,-0.0290985107421875
1760555336344721000,9.118720947265626,-0.999969482421875,-0.015869140625,-0.0303497314453125
1760555336354727000,9.128726806640625,-0.9991607666015625,-0.0200347900390625,-0.0283203125
1760555336364732700,9.138732666015626,-0.9954071044921875,-0.021484375,-0.0215606689453125
1760555336374738700,9.14873876953125,-0.9940948486328125,-0.012908935546875,-0.0162353515625
1760555336384745000,9.158744873046874,-0.9957122802734375,-0.005859375,-0.013153076171875
1760555336394750700,9.168750732421875,-1.001190185546875,-0.0019989013671875,-0.0105438232421875
1760555336404756700,9.1787568359375,-1.004608154296875,0.000640869140625,-0.015960693359375
1760555336414762800,9.1887626953125,-1.0003814697265625,-0.00048828125,-0.018951416015625
1760555336424768800,9.198768798828125,-0.995147705078125,-0.0008392333984375,-0.0198974609375
1760555336434774800,9.20877490234375,-0.9981842041015625,-0.0002593994140625,-0.022613525390625
1760555336444780800,9.21878076171875,-0.99981689453125,-0.0105133056640625,-0.0311737060546875
1760555336454786800,9.228786865234374,-0.9960479736328125,-0.017059326171875,-0.0321044921875
1760555336464792800,9.238792724609375,-0.996734619140625,-0.021514892578125,-0.0270233154296875
1760555336474798600,9.248798583984374,-0.988128662109375,-0.011871337890625,-0.02392578125
1760555336484804900,9.258804931640626,-0.9987030029296875,-0.0030059814453125,-0.0256195068359375
1760555336494811000,9.268810791015625,-1.00390625,-0.006103515625,-0.0263214111328125
1760555336504817000,9.27881689453125,-0.9972991943359375,-0.009613037109375,-0.029632568359375
1760555336514822700,9.28882275390625,-1.0008087158203125,-0.010589599609375,-0.02740478515625
1760555336524828700,9.29882861328125,-0.9914093017578125,-0.014984130859375,-0.0262603759765625
1760555336534835000,9.3088349609375,-0.99163818359375,-0.0177154541015625,-0.026397705078125
1760555336544840700,9.3188408203125,-0.9992218017578125,-0.0093841552734375,-0.0224456787109375
1760555336554846700,9.3288466796875,-1.000335693359375,-0.0075225830078125,-0.026336669921875
1760555336564852700,9.338852783203125,-1.001800537109375,-0.0052642822265625,-0.0302734375
1760555336574859000,9.34885888671875,-0.996551513671875,-0.000946044921875,-0.029052734375
1760555336584864800,9.35886474609375,-1.0014801025390625,-0.0004730224609375,-0.0284576416015625
1760555336594870800,9.368870849609374,-1.0012054443359375,0.0022735595703125,-0.0295867919921875
1760555336604876800,9.378876708984375,-1.000396728515625,0.0047607421875,-0.0269012451171875
1760555336614882800,9.3888828125,-1.0023193359375,0.001800537109375,-0.0253143310546875
1760555336624888800,9.398888916015625,-0.9981689453125,-0.0048828125,-0.018402099609375
1760555336634894800,9.408894775390625,-0.9971923828125,-0.010467529296875,-0.0179443359375
1760555336644900900,9.41890087890625,-0.991729736328125,-0.0124664306640625,-0.0203857421875
1760555336654906600,9.42890673828125,-0.996917724609375,-0.0033416748046875,-0.0204010009765625
1760555336664912600,9.43891259765625,-1.0035247802734375,0.00030517578125,-0.02557373046875
1760555336674919000,9.4489189453125,-1.0009307861328125,-0.0046844482421875,-0.0296173095703125
1760555336684925000,9.458925048828124,-0.9980621337890625,-0.0091094970703125,-0.031280517578125
1760555336694930700,9.4689306640625,-0.992584228515625,-0.01470947265625,-0.0285797119140625
1760555336704936700,9.478936767578125,-0.9936065673828125,-0.02178955078125,-0.0247650146484375
1760555336714942700,9.488942626953126,-0.9935760498046875,-0.024261474609375,-0.023956298828125
1760555336724949000,9.498948974609375,-0.99249267578125,-0.0226593017578125,-0.0227813720703125
1760555336734954800,9.508954833984374,-0.9982452392578125,-0.0185699462890625,-0.0170135498046875
1760555336744960800,9.518960693359375,-0.9953765869140625,-0.0135040283203125,-0.016326904296875
1760555336754966800,9.528966796875,-0.994476318359375,-0.01171875,-0.02001953125
1760555336764972800,9.538972900390625,-0.9984893798828125,-0.0121002197265625,-0.0234832763671875
1760555336774978800,9.548978759765625,-1.0003509521484375,-0.0118560791015625,-0.024322509765625
1760555336784984800,9.55898486328125,-0.9998321533203125,-0.005828857421875,-0.026702880859375
1760555336794990800,9.568990966796875,-0.9990386962890625,-0.006072998046875,-0.02752685546875
1760555336804996600,9.57899658203125,-1.0000762939453125,-0.0015869140625,-0.025390625
1760555336815002600,9.589002685546875,-1.0020751953125,-0.003021240234375,-0.02069091796875
1760555336825009000,9.5990087890625,-0.9977569580078125,-0.003662109375,-0.0165252685546875
1760555336835015000,9.609014892578125,-0.99810791015625,-0.0023956298828125,-0.014556884765625
1760555336845020000,9.61902001953125,-0.9969940185546875,-0.0007476806640625,-0.01312255859375
1760555336855025700,9.629025634765625,-1.00048828125,0.00384521484375,-0.016845703125
1760555336865031700,9.63903173828125,-1.00390625,-0.0081634521484375,-0.0178070068359375
1760555336875037700,9.64903759765625,-0.9948883056640625,-0.016387939453125,-0.024139404296875
1760555336885044000,9.6590439453125,-0.9925537109375,-0.017181396484375,-0.0226898193359375
1760555336895049700,9.6690498046875,-0.9930572509765625,-0.0148468017578125,-0.0247344970703125
1760555336905055700,9.6790556640625,-1.000885009765625,-0.0131378173828125,-0.0228118896484375
1760555336915061800,9.689061767578124,-1.0005645751953125,-0.0138397216796875,-0.02349853515625
1760555336925067800,9.69906787109375,-0.9962158203125,-0.0222930908203125,-0.024810791015625
1760555336935073800,9.70907373046875,-0.9932708740234375,-0.0235137939453125,-0.02178955078125
1760555336945079800,9.719079833984376,-0.9902496337890625,-0.02410888671875,-0.020050048828125
1760555336955085800,9.7290859375,-0.9925994873046875,-0.03564453125,-0.0236968994140625
1760555336965091600,9.739091552734376,-0.98681640625,-0.0502166748046875,-0.0296630859375
1760555336975097900,9.749097900390625,-0.9884796142578125,-0.04034423828125,-0.02789306640625
1760555336985104000,9.759103759765624,-0.9953155517578125,-0.0248870849609375,-0.02215576171875
1760555336995110000,9.76910986328125,-0.99359130859375,-0.02227783203125,-0.025604248046875
1760555337005115600,9.77911572265625,-0.99560546875,-0.028472900390625,-0.0277099609375
1760555337015121700,9.78912158203125,-0.9948577880859375,-0.0322113037109375,-0.027557373046875
1760555337025128000,9.7991279296875,-0.991180419921875,-0.030609130859375,-0.023834228515625
1760555337035134000,9.809134033203126,-0.990234375,-0.022003173828125,-0.0255584716796875
1760555337045139700,9.8191396484375,-0.9968109130859375,-0.011627197265625,-0.0251922607421875
1760555337055145700,9.829145751953124,-1.0047454833984375,-0.0081024169921875,-0.025360107421875
1760555337065151700,9.83915185546875,-1.000274658203125,-0.0096282958984375,-0.0270538330078125
1760555337075157800,9.84915771484375,-0.99676513671875,-0.006805419921875,-0.0246429443359375
1760555337085163800,9.859163818359375,-0.998199462890625,-0.000885009765625,-0.023101806640625
1760555337095169800,9.869169677734375,-1.0015869140625,0.000732421875,-0.0241241455078125
1760555337105175800,9.87917578125,-1.0019378662109375,-0.005859375,-0.0282440185546875
1760555337115181600,9.889181640625,-0.999908447265625,-0.00482177734375,-0.0265960693359375
1760555337125187800,9.899187744140624,-0.998809814453125,-0.009429931640625,-0.0259857177734375
1760555337135193900,9.90919384765625,-0.995086669921875,-0.007049560546875,-0.0294036865234375
1760555337145199900,9.919199951171874,-0.9999847412109375,-0.0042877197265625,-0.0303192138671875
1760555337155205600,9.92920556640625,-0.9983978271484375,-0.018829345703125,-0.0291290283203125
1760555337165211600,9.939211669921875,-0.9919586181640625,-0.025115966796875,-0.0295257568359375
1760555337175218000,9.949218017578126,-0.991180419921875,-0.0218048095703125,-0.025726318359375
1760555337185224000,9.959223876953125,-0.989715576171875,-0.02117919921875,-0.0260009765625
1760555337195229700,9.969229736328124,-0.995941162109375,-0.0229034423828125,-0.0340118408203125
1760555337205235700,9.979235595703125,-1.0014801025390625,-0.02325439453125,-0.0354156494140625
1760555337215241700,9.98924169921875,-0.9983673095703125,-0.0213775634765625,-0.0289306640625
1760555337225247700,9.999247802734375,-0.99267578125,-0.02435302734375,-0.0274200439453125
1760555337235253800,10.009253662109375,-0.9876708984375,-0.013458251953125,-0.0257720947265625
1760555337245259800,10.019259765625,-0.999908447265625,-0.011383056640625,-0.0228424072265625
1760555337255265800,10.029265869140625,-1.0032196044921875,-0.0124969482421875,-0.0274505615234375
1760555337265271800,10.039271728515626,-0.9980621337890625,-0.009979248046875,-0.0276336669921875
1760555337275277800,10.04927783203125,-0.99676513671875,-0.00555419921875,-0.0212860107421875
1760555337285283800,10.059283935546874,-0.995208740234375,0.0021209716796875,-0.0193939208984375
1760555337295289900,10.069289794921875,-1.003997802734375,0.00921630859375,-0.02374267578125
1760555337305295600,10.079295654296875,-1.00628662109375,0.005096435546875,-0.027923583984375
1760555337315301600,10.089301513671876,-0.9989013671875,-0.00244140625,-0.029327392578125
1760555337325307600,10.0993076171875,-0.9969635009765625,-0.0007476806640625,-0.0293731689453125
1760555337335314000,10.10931396484375,-0.99627685546875,0.0052337646484375,-0.027496337890625
1760555337345319700,10.119319580078125,-1.0036163330078125,-0.0026092529296875,-0.0287628173828125
1760555337355325700,10.12932568359375,-0.9984283447265625,-0.0106658935546875,-0.0328826904296875
1760555337365331700,10.139331787109375,-0.992919921875,-0.0095977783203125,-0.034820556640625
1760555337375337700,10.149337646484375,-0.9953155517578125,-0.0036773681640625,-0.032989501953125
1760555337385343700,10.15934375,-1.0000152587890625,-0.004425048828125,-0.03436279296875
1760555337395349800,10.169349853515625,-1.000030517578125,-0.011688232421875,-0.03558349609375
1760555337405355800,10.179355712890626,-0.9972686767578125,-0.0163421630859375,-0.0362701416015625
1760555337415360800,10.18936083984375,-0.991455078125,-0.0177764892578125,-0.0388946533203125
1760555337425366500,10.199366455078126,-0.99298095703125,-0.022857666015625,-0.0357513427734375
1760555337435372500,10.20937255859375,-0.99639892578125,-0.0270538330078125,-0.03369140625
1760555337445378800,10.21937890625,-0.9907073974609375,-0.0238189697265625,-0.035797119140625
1760555337455384800,10.229384765625,-0.9958648681640625,-0.0219268798828125,-0.034423828125
1760555337465390600,10.239390625,-0.9932861328125,-0.0184326171875,-0.0349884033203125
1760555337475396600,10.249396728515626,-0.997314453125,-0.0130462646484375,-0.034759521484375
1760555337485402600,10.259402587890625,-0.9998626708984375,-0.0113372802734375,-0.03375244140625
1760555337495409000,10.269408935546876,-0.9983367919921875,-0.0084991455078125,-0.034454345703125
1760555337505414700,10.27941455078125,-1.0009002685546875,-0.0042877197265625,-0.0334625244140625
1760555337515420700,10.289420654296874,-0.9982147216796875,-0.001373291015625,-0.0311279296875
1760555337525426700,10.2994267578125,-1.0000457763671875,-0.00286865234375,-0.0307159423828125
1760555337535432700,10.3094326171875,-0.998382568359375,-0.0096893310546875,-0.0334930419921875
1760555337545438700,10.319438720703126,-0.9964599609375,-0.010711669921875,-0.0328826904296875
1760555337555444700,10.32944482421875,-0.997039794921875,-0.0128173828125,-0.0331878662109375
1760555337565450800,10.33945068359375,-0.993438720703125,-0.010009765625,-0.032318115234375
1760555337575456500,10.34945654296875,-0.9996185302734375,-0.0089263916015625,-0.0295257568359375
1760555337585462800,10.359462890625,-0.9982452392578125,-0.0107421875,-0.0296630859375
1760555337595468800,10.36946875,-0.9969635009765625,-0.0116119384765625,-0.027587890625
1760555337605474800,10.379474853515624,-0.995361328125,-0.011383056640625,-0.0278472900390625
1760555337615480600,10.38948046875,-0.9941558837890625,-0.01715087890625,-0.0257110595703125
1760555337625486600,10.399486572265625,-0.996185302734375,-0.02197265625,-0.0247650146484375
1760555337635492900,10.409492919921876,-0.994873046875,-0.0162811279296875,-0.024688720703125
1760555337645499000,10.419498779296875,-0.9949798583984375,-0.013916015625,-0.0273590087890625
1760555337655504600,10.429504638671874,-0.998321533203125,-0.0128936767578125,-0.0293426513671875
1760555337665510700,10.4395107421875,-1.0001983642578125,-0.01300048828125,-0.0284271240234375
1760555337675516700,10.4495166015625,-0.9997100830078125,-0.011749267578125,-0.0252838134765625
1760555337685522700,10.459522705078125,-0.9964599609375,-0.0093994140625,-0.02618408203125
1760555337695528700,10.46952880859375,-0.995025634765625,-0.010894775390625,-0.028106689453125
1760555337705534700,10.47953466796875,-0.9991607666015625,-0.0115203857421875,-0.0260162353515625
1760555337715540700,10.489540771484375,-1.001861572265625,-0.0072479248046875,-0.0283203125
1760555337725546500,10.49954638671875,-0.9990386962890625,-0.006134033203125,-0.02484130859375
1760555337735552800,10.509552734375,-0.9970855712890625,-0.0100555419921875,-0.0194549560546875
1760555337745558800,10.519558837890624,-0.99554443359375,-0.0099334716796875,-0.0208892822265625
1760555337755564800,10.529564697265625,-0.9996490478515625,-0.0094757080078125,-0.0220947265625
1760555337765570600,10.539570556640625,-0.9993896484375,-0.009613037109375,-0.020904541015625
1760555337775576600,10.54957666015625,-0.9993743896484375,-0.01007080078125,-0.02142333984375
1760555337785582800,10.559582763671875,-0.9943389892578125,-0.0127410888671875,-0.0251922607421875
1760555337795588600,10.569588623046876,-0.9964752197265625,-0.01654052734375,-0.0244293212890625
1760555337805594600,10.5795947265625,-0.999420166015625,-0.011993408203125,-0.02484130859375
1760555337815600600,10.5896005859375,-0.99761962890625,-0.01446533203125,-0.0247955322265625
1760555337825606700,10.599606689453125,-0.9959869384765625,-0.01446533203125,-0.0238494873046875
1760555337835612700,10.60961279296875,-0.9953155517578125,-0.0132293701171875,-0.0240478515625
1760555337845618700,10.61961865234375,-0.996307373046875,-0.011444091796875,-0.0245361328125
1760555337855624700,10.629624755859375,-1.0003204345703125,-0.0129852294921875,-0.02313232421875
1760555337865630700,10.639630615234376,-0.9976806640625,-0.014556884765625,-0.020263671875
1760555337875636700,10.64963671875,-0.9961395263671875,-0.014739990234375,-0.0157470703125
1760555337885642800,10.659642822265624,-0.9917144775390625,-0.0154266357421875,-0.0178070068359375
1760555337895647700,10.669647705078125,-0.9946441650390625,-0.0185699462890625,-0.017608642578125
1760555337905653800,10.67965380859375,-0.997955322265625,-0.01593017578125,-0.019683837890625
1760555337915659800,10.68965966796875,-0.9998779296875,-0.0087432861328125,-0.016510009765625
1760555337925665500,10.69966552734375,-0.9973907470703125,-0.01080322265625,-0.0118255615234375
1760555337935671800,10.709671875,-0.993316650390625,-0.01214599609375,-0.01373291015625
1760555337945677800,10.719677734375,-0.9993438720703125,-0.00872802734375,-0.018768310546875
1760555337955683600,10.72968359375,-0.999664306640625,-0.0098114013671875,-0.0240631103515625
1760555337965689600,10.739689697265625,-1.00030517578125,-0.00830078125,-0.0228424072265625
1760555337975695600,10.749695556640624,-0.998199462890625,-0.012481689453125,-0.01959228515625
1760555337985702000,10.759701904296875,-0.992462158203125,-0.0189666748046875,-0.018829345703125
1760555337995707600,10.769707763671875,-0.993377685546875,-0.0206451416015625,-0.019317626953125
1760555338005713700,10.779713623046876,-0.99566650390625,-0.0196685791015625,-0.023223876953125
1760555338015719700,10.7897197265625,-0.9993133544921875,-0.01751708984375,-0.019683837890625
1760555338025725700,10.7997255859375,-0.995208740234375,-0.0193939208984375,-0.0231781005859375
1760555338035731700,10.809731689453125,-0.9905548095703125,-0.02252197265625,-0.02587890625
1760555338045737700,10.81973779296875,-0.991668701171875,-0.0218353271484375,-0.028533935546875
1760555338055743700,10.82974365234375,-0.9983673095703125,-0.0199127197265625,-0.0294952392578125
1760555338065749800,10.839749755859375,-1.00103759765625,-0.019744873046875,-0.0261383056640625
1760555338075755500,10.849755615234375,-0.9953765869140625,-0.01885986328125,-0.025787353515625
1760555338085761800,10.85976171875,-0.99261474609375,-0.0190277099609375,-0.0216064453125
1760555338095767800,10.869767822265626,-0.992919921875,-0.01708984375,-0.0193634033203125
1760555338105773600,10.879773681640625,-0.9989776611328125,-0.011932373046875,-0.0215911865234375
1760555338115779600,10.889779541015624,-1.0016326904296875,-0.0046234130859375,-0.0200042724609375
1760555338125785600,10.89978564453125,-1.0020751953125,-0.00115966796875,-0.0209503173828125
1760555338135791900,10.9097919921875,-0.998779296875,-0.0037078857421875,-0.0193328857421875
1760555338145797600,10.919797607421875,-0.9965667724609375,-0.0060882568359375,-0.0177764892578125
1760555338155803600,10.9298037109375,-0.9986572265625,-0.0055389404296875,-0.0179290771484375
1760555338165809700,10.9398095703125,-0.998779296875,-0.0055389404296875,-0.0223846435546875
1760555338175816000,10.94981591796875,-1.0014495849609375,-0.0040740966796875,-0.0220489501953125
1760555338185821700,10.95982177734375,-1.00018310546875,-0.009552001953125,-0.0201416015625
1760555338195827700,10.96982763671875,-0.99017333984375,-0.0112457275390625,-0.021575927734375
1760555338205833700,10.979833740234374,-0.9987945556640625,-0.0022735595703125,-0.0175323486328125
1760555338215839700,10.98983984375,-1.000518798828125,-0.0025787353515625,-0.0186920166015625
1760555338225845800,10.999845703125,-1.0010833740234375,-0.0047760009765625,-0.0214080810546875
1760555338235851800,11.009851806640626,-1.001312255859375,-0.007080078125,-0.0189666748046875
1760555338245857800,11.01985791015625,-0.9930267333984375,-0.014739990234375,-0.0171661376953125
1760555338255863600,11.029863525390626,-0.9921875,-0.0150299072265625,-0.015869140625
1760555338265869600,11.03986962890625,-0.9939422607421875,-0.010040283203125,-0.018768310546875
1760555338275875800,11.049875732421874,-1.0013275146484375,-0.0087432861328125,-0.01959228515625
1760555338285881000,11.059881103515625,-1.0010223388671875,-0.003631591796875,-0.0215911865234375
1760555338295886000,11.069885986328124,-0.9992828369140625,-0.0007171630859375,-0.0224151611328125
1760555338305892000,11.07989208984375,-0.9980316162109375,-0.0048370361328125,-0.0214385986328125
1760555338315897900,11.08989794921875,-0.9975738525390625,-0.00372314453125,-0.022705078125
1760555338325904100,11.099904052734376,-1.000701904296875,-0.0032958984375,-0.0251922607421875
1760555338335910100,11.10991015625,-1.0004425048828125,-0.00482177734375,-0.0254058837890625
1760555338345916200,11.119916259765626,-0.9995880126953125,-0.0054779052734375,-0.0242767333984375
1760555338355922000,11.129921875,-0.9967041015625,-0.0038299560546875,-0.01947021484375
1760555338365928000,11.139927978515624,-0.99481201171875,-0.0059967041015625,-0.0189666748046875
1760555338375934200,11.149934326171875,-0.9989776611328125,-0.005279541015625,-0.0217742919921875
1760555338385940000,11.15993994140625,-1.000823974609375,-0.004425048828125,-0.0240325927734375
1760555338395946000,11.169946044921875,-1,-0.0087127685546875,-0.024078369140625
1760555338405952000,11.179951904296875,-0.9974517822265625,-0.0127105712890625,-0.0255889892578125
1760555338415958000,11.1899580078125,-0.9949188232421875,-0.013885498046875,-0.024169921875
1760555338425964000,11.199964111328125,-0.9966583251953125,-0.017547607421875,-0.022369384765625
1760555338435970000,11.209969970703124,-0.9965362548828125,-0.019378662109375,-0.0228271484375
1760555338445976000,11.21997607421875,-0.99542236328125,-0.0195159912109375,-0.0236663818359375
1760555338455982000,11.229982177734374,-0.99261474609375,-0.0224456787109375,-0.0229339599609375
1760555338465987800,11.23998779296875,-0.9954376220703125,-0.0218505859375,-0.022125244140625
1760555338475994000,11.249994140625,-0.9961395263671875,-0.0182342529296875,-0.0232696533203125
1760555338486000000,11.260000244140626,-0.9977874755859375,-0.0130767822265625,-0.023284912109375
1760555338496006000,11.270005859375,-0.9999847412109375,-0.0142822265625,-0.02264404296875
1760555338506012000,11.280011962890624,-0.995452880859375,-0.0169830322265625,-0.0230255126953125
1760555338516018200,11.29001806640625,-0.9939117431640625,-0.0152740478515625,-0.0202484130859375
1760555338526024200,11.300024169921874,-0.99468994140625,-0.0113983154296875,-0.01983642578125
1760555338536030000,11.310030029296875,-0.9994354248046875,-0.006378173828125,-0.020721435546875
1760555338546036000,11.320035888671875,-1.0042724609375,-0.00408935546875,-0.0229949951171875
1760555338556042000,11.3300419921875,-1.001617431640625,-0.00665283203125,-0.0203094482421875
1760555338566048300,11.34004833984375,-0.998321533203125,-0.005462646484375,-0.0167999267578125
1760555338576054000,11.350053955078126,-0.994110107421875,-0.0041656494140625,-0.0164947509765625
1760555338586060000,11.36006005859375,-0.996826171875,-0.00836181640625,-0.0189208984375
1760555338596066000,11.370066162109374,-1.000885009765625,-0.0104827880859375,-0.0208282470703125
1760555338606072000,11.380072021484375,-1.0013427734375,-0.0106964111328125,-0.0196380615234375
1760555338616078000,11.390078125,-0.9956817626953125,-0.0089111328125,-0.018798828125
1760555338626084000,11.400083984375,-0.9937286376953125,-0.00762939453125,-0.0211181640625
1760555338636090000,11.410090087890625,-0.998260498046875,-0.0113983154296875,-0.0215911865234375
1760555338646096000,11.420095947265626,-0.9993896484375,-0.01605224609375,-0.0225982666015625
1760555338656102000,11.430101806640625,-0.9982147216796875,-0.01373291015625,-0.02081298828125
1760555338666107000,11.44010693359375,-0.9933013916015625,-0.0150604248046875,-0.02032470703125
1760555338676113200,11.450113037109375,-0.993865966796875,-0.0179290771484375,-0.0196075439453125
1760555338686119200,11.460119140625,-0.9965057373046875,-0.0184173583984375,-0.019775390625
1760555338696125000,11.470125,-0.997711181640625,-0.0151824951171875,-0.0206146240234375
1760555338706131000,11.480130859375,-0.999755859375,-0.01629638671875,-0.0204010009765625
1760555338716137000,11.490136962890626,-0.996856689453125,-0.0160980224609375,-0.019195556640625
1760555338726143200,11.500143310546875,-0.9938201904296875,-0.014801025390625,-0.019378662109375
1760555338736149000,11.51014892578125,-0.9977874755859375,-0.0115966796875,-0.0208740234375
1760555338746155000,11.520155029296875,-0.9991302490234375,-0.01239013671875,-0.021636962890625
1760555338756161000,11.5301611328125,-1.0015716552734375,-0.0121917724609375,-0.0216064453125
1760555338766167000,11.5401669921875,-0.9980926513671875,-0.0108184814453125,-0.0202789306640625
1760555338776173000,11.550173095703125,-0.9947509765625,-0.00775146484375,-0.0194244384765625
1760555338786179000,11.560178955078126,-0.99884033203125,-0.0041046142578125,-0.0200042724609375
1760555338796185000,11.57018505859375,-1.0035858154296875,-0.00799560546875,-0.0190582275390625
1760555338806190800,11.58019091796875,-0.9993896484375,-0.0127410888671875,-0.0207061767578125
1760555338816196900,11.59019677734375,-0.99627685546875,-0.01177978515625,-0.017242431640625
1760555338826203100,11.600203125,-0.9938812255859375,-0.007415771484375,-0.01678466796875
1760555338836209200,11.610209228515625,-0.996734619140625,-0.0143890380859375,-0.0237884521484375
1760555338846215000,11.62021484375,-0.998809814453125,-0.0206451416015625,-0.026702880859375
1760555338856221000,11.630220947265625,-0.999969482421875,-0.014434814453125,-0.023651123046875
1760555338866227200,11.640227294921875,-0.9935150146484375,-0.01605224609375,-0.0202789306640625
1760555338876233200,11.650233154296876,-0.9933929443359375,-0.0179290771484375,-0.0171051025390625
1760555338886239000,11.660239013671875,-0.9948577880859375,-0.0244598388671875,-0.0227508544921875
1760555338896245000,11.670244873046874,-0.9950714111328125,-0.02557373046875,-0.0254974365234375
1760555338906251000,11.6802509765625,-1.0002288818359375,-0.0186767578125,-0.0238800048828125
1760555338916257000,11.690257080078124,-0.99249267578125,-0.02093505859375,-0.02642822265625
1760555338926263000,11.700262939453125,-0.993377685546875,-0.0241241455078125,-0.0272979736328125
1760555338936269000,11.71026904296875,-0.9987335205078125,-0.0259552001953125,-0.0285491943359375
1760555338946275000,11.720275146484376,-0.9942779541015625,-0.0270843505859375,-0.026336669921875
1760555338956280800,11.73028076171875,-0.99652099609375,-0.0234222412109375,-0.024383544921875
1760555338966287000,11.740287109375,-0.9916839599609375,-0.02239990234375,-0.0225372314453125
1760555338976293000,11.750293212890625,-0.993927001953125,-0.021240234375,-0.0226898193359375
1760555338986298000,11.760298095703124,-0.9959564208984375,-0.0185546875,-0.0233154296875
1760555338996304100,11.77030419921875,-0.9984588623046875,-0.0133056640625,-0.02520751953125
1760555339006310000,11.780309814453124,-1.00067138671875,-0.0087890625,-0.0246734619140625
1760555339016316000,11.79031591796875,-0.9999847412109375,-0.003997802734375,-0.0249176025390625
1760555339026322200,11.800322265625,-1.0003204345703125,-0.0045013427734375,-0.025482177734375
1760555339036328200,11.810328125,-1.00048828125,-0.00482177734375,-0.0240631103515625
1760555339046334000,11.820333984375,-1.001007080078125,-0.0049591064453125,-0.025146484375
1760555339056340000,11.830340087890624,-1.0001373291015625,-0.0084686279296875,-0.022430419921875
1760555339066346000,11.840345947265625,-0.99591064453125,-0.0131683349609375,-0.0196990966796875
1760555339076352000,11.85035205078125,-0.9946441650390625,-0.0156402587890625,-0.0195465087890625
1760555339086358000,11.86035791015625,-0.9961090087890625,-0.0135040283203125,-0.021209716796875
1760555339096364000,11.870364013671875,-0.9986572265625,-0.0162200927734375,-0.0233001708984375
1760555339106370000,11.8803701171875,-0.9972686767578125,-0.0171661376953125,-0.02423095703125
1760555339116375800,11.890375732421875,-0.9963226318359375,-0.0209197998046875,-0.02337646484375
1760555339126382000,11.900382080078124,-0.993377685546875,-0.01849365234375,-0.0221405029296875
1760555339136388000,11.91038818359375,-0.9940338134765625,-0.0149993896484375,-0.0232086181640625
1760555339146394000,11.92039404296875,-0.99920654296875,-0.0173492431640625,-0.0253143310546875
1760555339156399900,11.93039990234375,-1.0006561279296875,-0.02044677734375,-0.0225372314453125
1760555339166406100,11.94040625,-0.9931640625,-0.0246734619140625,-0.024627685546875
1760555339176412200,11.950412109375,-0.9908599853515625,-0.0224456787109375,-0.024169921875
1760555339186418200,11.960418212890625,-0.99456787109375,-0.01959228515625,-0.02276611328125
1760555339196424000,11.970423828125,-0.9979705810546875,-0.0197296142578125,-0.0237579345703125
1760555339206430000,11.980429931640625,-1.0011138916015625,-0.01593017578125,-0.02325439453125
1760555339216436200,11.990436279296874,-0.99700927734375,-0.0137481689453125,-0.0236663818359375
1760555339226442000,12.00044189453125,-0.9955902099609375,-0.0148468017578125,-0.0233917236328125
1760555339236448000,12.010447998046875,-0.996429443359375,-0.01458740234375,-0.0233917236328125
1760555339246454000,12.0204541015625,-0.9976959228515625,-0.014434814453125,-0.0223388671875
1760555339256460000,12.0304599609375,-1.0018463134765625,-0.0099029541015625,-0.017608642578125
1760555339266466000,12.040466064453126,-0.999176025390625,-0.0041961669921875,-0.0149078369140625
1760555339276472000,12.05047216796875,-0.9977874755859375,-0.00335693359375,-0.0146636962890625
1760555339286478600,12.060478515625,-0.9999542236328125,-0.0076446533203125,-0.0211944580078125
1760555339296484400,12.070484375,-0.997406005859375,-0.013671875,-0.026123046875
1760555339306490400,12.080490478515625,-0.9980316162109375,-0.0177001953125,-0.02606201171875
1760555339316495400,12.090495361328125,-0.9952545166015625,-0.0151824951171875,-0.024810791015625
1760555339326501400,12.10050146484375,-0.996673583984375,-0.009552001953125,-0.0200042724609375
1760555339336507400,12.11050732421875,-0.9989013671875,-0.0102691650390625,-0.01837158203125
1760555339346513400,12.120513427734375,-0.9983673095703125,-0.0079803466796875,-0.0193023681640625
1760555339356519400,12.13051953125,-1.0020294189453125,-0.0101318359375,-0.0165863037109375
1760555339366525400,12.140525390625,-0.99591064453125,-0.0122833251953125,-0.015655517578125
1760555339376531500,12.150531494140624,-0.9948272705078125,-0.013702392578125,-0.0135040283203125
1760555339386537200,12.160537109375,-0.994781494140625,-0.0141754150390625,-0.01513671875
1760555339396543500,12.17054345703125,-0.99603271484375,-0.0130462646484375,-0.019378662109375
1760555339406549500,12.180549560546876,-1,-0.013702392578125,-0.0219268798828125
1760555339416555500,12.190555419921875,-0.9979400634765625,-0.0127105712890625,-0.0235137939453125
1760555339426561300,12.200561279296876,-0.9977874755859375,-0.012054443359375,-0.021209716796875
1760555339436567300,12.2105673828125,-0.994659423828125,-0.01446533203125,-0.0207061767578125
1760555339446573600,12.220573486328124,-0.9968109130859375,-0.010345458984375,-0.022918701171875
1760555339456579300,12.230579345703125,-1.0004730224609375,-0.013031005859375,-0.021148681640625
1760555339466585300,12.24058544921875,-0.9995880126953125,-0.013031005859375,-0.024871826171875
1760555339476591400,12.25059130859375,-0.9973297119140625,-0.01373291015625,-0.0217437744140625
1760555339486597400,12.260597412109375,-0.994903564453125,-0.0189208984375,-0.022186279296875
1760555339496603400,12.270603271484376,-0.994476318359375,-0.0180206298828125,-0.0228118896484375
1760555339506609400,12.280609375,-0.9985809326171875,-0.0138702392578125,-0.02142333984375
1760555339516615400,12.290615478515624,-0.9972076416015625,-0.01202392578125,-0.020111083984375
1760555339526621400,12.300621337890625,-0.994659423828125,-0.01837158203125,-0.02264404296875
1760555339536627200,12.310627197265624,-0.993133544921875,-0.0207977294921875,-0.0200653076171875
1760555339546633500,12.320633544921876,-0.993072509765625,-0.0196990966796875,-0.0225067138671875
1760555339556639500,12.330639404296875,-0.9959716796875,-0.01654052734375,-0.0222625732421875
1760555339566645500,12.3406455078125,-0.9976806640625,-0.016265869140625,-0.0222930908203125
1760555339576651300,12.3506513671875,-0.9961090087890625,-0.0164031982421875,-0.0216064453125
1760555339586656300,12.36065625,-0.9960174560546875,-0.01513671875,-0.021087646484375
1760555339596662500,12.37066259765625,-0.99615478515625,-0.014190673828125,-0.020965576171875
1760555339606668500,12.38066845703125,-1.00006103515625,-0.010894775390625,-0.0210113525390625
1760555339616674300,12.39067431640625,-0.9998931884765625,-0.0101318359375,-0.0213623046875
1760555339626680300,12.400680419921875,-0.9945831298828125,-0.01361083984375,-0.020111083984375
1760555339636686300,12.410686279296876,-0.9945220947265625,-0.01397705078125,-0.0201873779296875
1760555339646692600,12.420692626953125,-0.9963836669921875,-0.0093994140625,-0.0229339599609375
1760555339656698400,12.430698486328126,-1.000885009765625,-0.006317138671875,-0.0230255126953125
1760555339666704400,12.440704345703125,-1.00250244140625,-0.0080413818359375,-0.023956298828125
1760555339676710400,12.45071044921875,-0.9981536865234375,-0.014495849609375,-0.0242919921875
1760555339686716400,12.46071630859375,-0.9925537109375,-0.019561767578125,-0.0220489501953125
1760555339696722400,12.470722412109374,-0.9921112060546875,-0.015625,-0.017822265625
1760555339706728400,12.480728515625,-0.9961395263671875,-0.014495849609375,-0.0190887451171875
1760555339716734500,12.490734375,-0.9981842041015625,-0.0163726806640625,-0.02215576171875
1760555339726740500,12.500740478515626,-0.99798583984375,-0.0156402587890625,-0.02362060546875
1760555339736746200,12.510746337890625,-0.9938201904296875,-0.0187225341796875,-0.025787353515625
1760555339746752500,12.52075244140625,-0.9919891357421875,-0.016754150390625,-0.02716064453125
1760555339756758500,12.530758544921875,-0.9994354248046875,-0.0149383544921875,-0.02911376953125
1760555339766764300,12.540764404296874,-1.000762939453125,-0.016387939453125,-0.027496337890625
1760555339776770300,12.550770263671875,-0.996551513671875,-0.0218353271484375,-0.025115966796875
1760555339786776300,12.5607763671875,-0.991058349609375,-0.0195465087890625,-0.0239715576171875
1760555339796782600,12.570782470703126,-0.9946136474609375,-0.0152587890625,-0.021453857421875
1760555339806788400,12.580788330078125,-0.9964141845703125,-0.01361083984375,-0.0277862548828125
1760555339816794400,12.59079443359375,-1.0010833740234375,-0.013671875,-0.02813720703125
1760555339826800400,12.60080029296875,-0.9996337890625,-0.0101776123046875,-0.02972412109375
1760555339836806400,12.610806396484374,-0.9957427978515625,-0.0048828125,-0.02874755859375
1760555339846812400,12.6208125,-0.9984588623046875,-0.0020904541015625,-0.02801513671875
1760555339856818400,12.630818359375,-1.00103759765625,-0.00262451171875,-0.0289459228515625
1760555339866824400,12.640824462890626,-1.003448486328125,-0.0025634765625,-0.0299835205078125
1760555339876830500,12.65083056640625,-1.000274658203125,-0.00164794921875,-0.0260772705078125
1760555339886835500,12.66083544921875,-0.9987335205078125,-0.0042266845703125,-0.0287628173828125
1760555339896841500,12.670841552734375,-0.9959259033203125,-0.00640869140625,-0.026947021484375
1760555339906847500,12.680847412109374,-0.9988861083984375,-0.0064849853515625,-0.027252197265625
1760555339916853500,12.690853515625,-0.999847412109375,-0.007293701171875,-0.0283355712890625
1760555339926859300,12.700859375,-1.000274658203125,-0.00274658203125,-0.027923583984375
1760555339936865300,12.710865234375,-0.9984893798828125,-0.0091552734375,-0.0235443115234375
1760555339946871600,12.72087158203125,-0.9918365478515625,-0.019866943359375,-0.0247650146484375
1760555339956877600,12.730877685546876,-0.992645263671875,-0.01495361328125,-0.0222930908203125
1760555339966883300,12.74088330078125,-0.9967803955078125,-0.0139617919921875,-0.0218658447265625
1760555339976889300,12.750889404296874,-0.9946441650390625,-0.01409912109375,-0.02685546875
1760555339986895400,12.760895263671875,-0.9969329833984375,-0.01611328125,-0.0296630859375
1760555339996901600,12.770901611328124,-0.996185302734375,-0.0148162841796875,-0.0256195068359375
1760555340006907400,12.780907470703125,-0.996124267578125,-0.0130462646484375,-0.0207672119140625
1760555340016913400,12.790913330078125,-0.99383544921875,-0.01434326171875,-0.019012451171875
1760555340026919400,12.80091943359375,-0.9962158203125,-0.0117034912109375,-0.01666259765625
1760555340036925400,12.810925537109375,-0.99957275390625,-0.0094451904296875,-0.020111083984375
1760555340046931500,12.820931396484376,-1.000640869140625,-0.0088348388671875,-0.023956298828125
1760555340056937500,12.8309375,-1.000518798828125,-0.00628662109375,-0.024017333984375
1760555340066943500,12.840943603515624,-0.997894287109375,-0.01055908203125,-0.0254974365234375
1760555340076949200,12.85094921875,-0.993804931640625,-0.00848388671875,-0.0261383056640625
1760555340086955300,12.860955322265625,-1.000091552734375,-0.004180908203125,-0.0243682861328125
1760555340096961500,12.87096142578125,-1,-0.008819580078125,-0.027862548828125
1760555340106967600,12.880967529296875,-0.996429443359375,-0.0131072998046875,-0.025177001953125
1760555340116973300,12.890973388671876,-0.9969329833984375,-0.0128326416015625,-0.0208587646484375
1760555340126979300,12.900979248046875,-0.9940032958984375,-0.0114898681640625,-0.0198211669921875
1760555340136985300,12.9109853515625,-0.9956817626953125,-0.01153564453125,-0.0189666748046875
1760555340146990300,12.920990234375,-0.9993438720703125,-0.011199951171875,-0.0211944580078125
1760555340156996600,12.93099658203125,-0.9983978271484375,-0.013763427734375,-0.022857666015625
1760555340167002400,12.94100244140625,-0.994781494140625,-0.0137939453125,-0.021942138671875
1760555340177008400,12.95100830078125,-0.9922943115234375,-0.0148162841796875,-0.0231781005859375
1760555340187014400,12.961014404296876,-0.996429443359375,-0.0154876708984375,-0.024505615234375
1760555340197020400,12.9710205078125,-0.99713134765625,-0.01885986328125,-0.0260009765625
1760555340207026400,12.9810263671875,-0.996185302734375,-0.02154541015625,-0.0266571044921875
1760555340217032400,12.991032470703125,-0.9940643310546875,-0.018829345703125,-0.025146484375
1760555340227038500,13.00103857421875,-0.9943695068359375,-0.012847900390625,-0.0228118896484375
1760555340237044200,13.011044189453125,-0.999908447265625,-0.0087738037109375,-0.0208740234375
1760555340247050500,13.021050537109375,-0.9991607666015625,-0.00933837890625,-0.0225067138671875
1760555340257056500,13.031056396484376,-0.9990081787109375,-0.0114288330078125,-0.0229339599609375
1760555340267062500,13.0410625,-0.99542236328125,-0.0119476318359375,-0.0200653076171875
1760555340277068300,13.051068359375,-0.9945220947265625,-0.01141357421875,-0.0215606689453125
1760555340287074300,13.06107421875,-0.9980621337890625,-0.0117340087890625,-0.023712158203125
1760555340297080300,13.071080322265624,-0.999359130859375,-0.013092041015625,-0.02679443359375
1760555340307086300,13.08108642578125,-0.9972381591796875,-0.015411376953125,-0.02703857421875
1760555340317092400,13.09109228515625,-0.9926605224609375,-0.016998291015625,-0.0247039794921875
1760555340327098400,13.101098388671875,-0.9921722412109375,-0.013671875,-0.025482177734375
1760555340337104400,13.1111044921875,-0.9985809326171875,-0.0149078369140625,-0.023529052734375
1760555340347110100,13.121110107421876,-1.0028533935546875,-0.0131378173828125,-0.0200958251953125
1760555340357116200,13.1311162109375,-0.9960784912109375,-0.0107421875,-0.019866943359375
1760555340367122400,13.141122314453124,-0.9933319091796875,-0.010040283203125,-0.017425537109375
1760555340377128400,13.15112841796875,-0.9964752197265625,-0.0077667236328125,-0.017242431640625
1760555340387133400,13.161133544921874,-1.0006103515625,-0.0084686279296875,-0.01568603515625
1760555340397139200,13.17113916015625,-0.9984130859375,-0.0080413818359375,-0.0160980224609375
1760555340407145200,13.181145263671874,-0.9953765869140625,-0.0099945068359375,-0.0192413330078125
1760555340417151200,13.191151123046875,-0.995147705078125,-0.006378173828125,-0.0215911865234375
1760555340427157500,13.201157470703125,-0.9987030029296875,-0.006256103515625,-0.02679443359375
1760555340437163300,13.211163330078126,-1.0018463134765625,-0.0092315673828125,-0.0297698974609375
1760555340447169300,13.221169189453125,-1.000762939453125,-0.01605224609375,-0.0279693603515625
1760555340457175300,13.23117529296875,-0.9919891357421875,-0.012176513671875,-0.026153564453125
1760555340467181600,13.241181640625,-0.9912567138671875,-0.0124359130859375,-0.0224761962890625
1760555340477187300,13.251187255859374,-0.99444580078125,-0.0078582763671875,-0.0238494873046875
1760555340487193300,13.261193359375,-1.00079345703125,-0.009918212890625,-0.0252838134765625
1760555340497199400,13.271199462890625,-0.998779296875,-0.0108795166015625,-0.0222930908203125
1760555340507205000,13.281205078125,-0.997039794921875,-0.0098876953125,-0.0197296142578125
1760555340517211400,13.29121142578125,-0.99322509765625,-0.0032806396484375,-0.0194549560546875
1760555340527217400,13.301217529296874,-0.9997100830078125,0.0012054443359375,-0.0162506103515625
1760555340537223400,13.311223388671875,-1.0026397705078125,0.0008697509765625,-0.0208282470703125
1760555340547229200,13.321229248046874,-1.0014801025390625,0.00006103515625,-0.0208740234375
1760555340557235200,13.331235107421875,-1.0030517578125,0.00103759765625,-0.01806640625
1760555340567241500,13.341241455078125,-0.994140625,-0.00079345703125,-0.02203369140625
1760555340577247500,13.35124755859375,-0.998016357421875,-0.00054931640625,-0.0192718505859375
1760555340587253200,13.361253173828125,-1.0009918212890625,-0.0062408447265625,-0.019378662109375
1760555340597259300,13.37125927734375,-0.9953460693359375,-0.0081024169921875,-0.022674560546875
1760555340607265300,13.381265380859375,-0.997222900390625,0.0001678466796875,-0.020111083984375
1760555340617270300,13.391270263671874,-0.99603271484375,-0.0003204345703125,-0.018524169921875
1760555340627276500,13.401276611328125,-0.998779296875,0.0019073486328125,-0.0191650390625
1760555340637282300,13.4112822265625,-1.001800537109375,0.002685546875,-0.020660400390625
1760555340647288300,13.421288330078125,-1.0004119873046875,0.0012664794921875,-0.020904541015625
1760555340657294300,13.43129443359375,-0.9998626708984375,-0.0048980712890625,-0.0175323486328125
1760555340667300400,13.44130029296875,-0.9911651611328125,-0.0096588134765625,-0.016998291015625
1760555340677306400,13.451306396484375,-0.9950103759765625,-0.005859375,-0.01910400390625
1760555340687312400,13.4613125,-1.0009307861328125,-0.0052642822265625,-0.021240234375
1760555340697318400,13.471318359375,-0.999786376953125,-0.0054473876953125,-0.021881103515625
1760555340707324200,13.48132421875,-1.0015411376953125,-0.0092010498046875,-0.019683837890625
1760555340717330200,13.491330078125,-0.9883575439453125,-0.017120361328125,-0.0236663818359375
1760555340727336400,13.50133642578125,-0.9919281005859375,-0.0130767822265625,-0.0201568603515625
1760555340737342500,13.511342529296876,-0.996734619140625,-0.0072021484375,-0.0230560302734375
1760555340747348200,13.52134814453125,-1.001861572265625,-0.00677490234375,-0.02642822265625
1760555340757354200,13.531354248046876,-1.0022125244140625,-0.00860595703125,-0.0249786376953125
1760555340767360300,13.5413603515625,-0.995147705078125,-0.0080108642578125,-0.02294921875
1760555340777366300,13.5513662109375,-0.99420166015625,-0.0110931396484375,-0.01934814453125
1760555340787372300,13.561372314453125,-0.9947662353515625,-0.00897216796875,-0.0201568603515625
1760555340797378300,13.57137841796875,-0.999786376953125,-0.0089569091796875,-0.0211029052734375
1760555340807384300,13.58138427734375,-0.99639892578125,-0.0107879638671875,-0.020843505859375
1760555340817390300,13.591390380859375,-0.9955902099609375,-0.0138092041015625,-0.0198822021484375
1760555340827396400,13.601396240234376,-0.9896240234375,-0.0204315185546875,-0.024688720703125
1760555340837401300,13.6114013671875,-0.9917449951171875,-0.0145416259765625,-0.0210113525390625
1760555340847407400,13.621407470703126,-1.0004425048828125,-0.008148193359375,-0.020477294921875
1760555340857413400,13.631413330078125,-1.0008697509765625,-0.0061798095703125,-0.021392822265625
1760555340867419100,13.641419189453124,-1.0009765625,-0.007659912109375,-0.022674560546875
1760555340877425400,13.65142529296875,-0.992584228515625,-0.010589599609375,-0.023468017578125
1760555340887431400,13.661431396484375,-0.99365234375,-0.0124969482421875,-0.0254669189453125
1760555340897437400,13.6714375,-0.9958953857421875,-0.0126800537109375,-0.02960205078125
1760555340907443200,13.681443115234375,-0.998779296875,-0.0107879638671875,-0.03131103515625
1760555340917449200,13.69144921875,-1.0006561279296875,-0.0052490234375,-0.032196044921875
1760555340927455500,13.70145556640625,-0.99737548828125,-0.009033203125,-0.0239105224609375
1760555340937461500,13.71146142578125,-0.99615478515625,-0.0077056884765625,-0.0202178955078125
1760555340947467300,13.72146728515625,-0.9962921142578125,-0.00677490234375,-0.0211639404296875
1760555340957473300,13.731473388671875,-0.9993133544921875,-0.0088348388671875,-0.0221099853515625
1760555340967479300,13.741479248046875,-0.998260498046875,-0.0080413818359375,-0.021026611328125
1760555340977485300,13.7514853515625,-0.9979095458984375,-0.009246826171875,-0.0226593017578125
1760555340987491300,13.7614912109375,-0.9942779541015625,-0.0122833251953125,-0.0236663818359375
1760555340997497300,13.771497314453125,-0.9962310791015625,-0.0100555419921875,-0.0243377685546875
1760555341007503400,13.78150341796875,-1.001312255859375,-0.0035858154296875,-0.02386474609375
1760555341017509000,13.791509033203125,-1.0013580322265625,-0.00701904296875,-0.025360107421875
1760555341027515400,13.801515380859374,-0.9990081787109375,-0.009735107421875,-0.0245208740234375
1760555341037521400,13.811521484375,-0.9937286376953125,-0.011077880859375,-0.02410888671875
1760555341047526400,13.8215263671875,-0.993896484375,-0.01165771484375,-0.0245208740234375
1760555341057532400,13.831532470703126,-0.9959716796875,-0.0088653564453125,-0.0257720947265625
1760555341067538200,13.8415380859375,-0.9999847412109375,-0.012939453125,-0.02734375
1760555341077544200,13.851544189453126,-0.9953765869140625,-0.016754150390625,-0.0262603759765625
1760555341087550500,13.861550537109375,-0.9923248291015625,-0.0129547119140625,-0.025054931640625
1760555341097556500,13.871556396484374,-0.994903564453125,-0.008575439453125,-0.0213775634765625
1760555341107562200,13.881562255859375,-0.99835205078125,-0.00665283203125,-0.021209716796875
1760555341117568300,13.891568359375,-1.001434326171875,-0.0069732666015625,-0.0243988037109375
1760555341127574500,13.901574462890625,-0.998626708984375,-0.00726318359375,-0.025360107421875
1760555341137580300,13.911580322265625,-0.9976348876953125,-0.0054931640625,-0.0220489501953125
1760555341147586300,13.92158642578125,-0.994842529296875,-0.009185791015625,-0.0239715576171875
1760555341157592300,13.93159228515625,-0.9980926513671875,-0.0073394775390625,-0.024932861328125
1760555341167598300,13.941598388671874,-0.999298095703125,-0.00848388671875,-0.02471923828125
1760555341177604400,13.951604248046875,-0.99835205078125,-0.0099945068359375,-0.0230560302734375
1760555341187610400,13.9616103515625,-0.9979095458984375,-0.0081787109375,-0.01885986328125
1760555341197616400,13.971616455078125,-0.999298095703125,-0.00390625,-0.01959228515625
1760555341207622400,13.981622314453125,-1.0005645751953125,0.0002288818359375,-0.0217742919921875
1760555341217628200,13.991628173828126,-1.0009613037109375,-0.00628662109375,-0.0240936279296875
1760555341227634400,14.001634521484375,-0.9987030029296875,-0.009521484375,-0.0239410400390625
1760555341237640400,14.011640380859374,-0.995849609375,-0.010284423828125,-0.0205841064453125
1760555341247645400,14.0216455078125,-0.9907379150390625,-0.0185546875,-0.01953125
1760555341257651500,14.0316513671875,-0.99322509765625,-0.0204010009765625,-0.022369384765625
1760555341267657200,14.0416572265625,-0.9983673095703125,-0.0119476318359375,-0.0232696533203125
1760555341277663200,14.051663330078124,-0.9990997314453125,-0.012115478515625,-0.0218353271484375
1760555341287669200,14.061669189453125,-0.999053955078125,-0.0130615234375,-0.0223388671875
1760555341297675000,14.071675048828125,-0.994964599609375,-0.0134124755859375,-0.02154541015625
1760555341307681000,14.081680908203126,-0.994537353515625,-0.016510009765625,-0.017486572265625
1760555341317687300,14.091687255859375,-0.996337890625,-0.0159912109375,-0.0179443359375
1760555341327693300,14.101693359375,-0.9953155517578125,-0.02105712890625,-0.02044677734375
1760555341337699000,14.111698974609375,-0.9976348876953125,-0.0219573974609375,-0.0214385986328125
1760555341347705000,14.121705078125,-0.9933013916015625,-0.016998291015625,-0.0225067138671875
1760555341357711000,14.131711181640625,-0.9946746826171875,-0.0170745849609375,-0.0229949951171875
1760555341367717400,14.14171728515625,-0.99566650390625,-0.0157318115234375,-0.024566650390625
1760555341377723100,14.15172314453125,-0.9986724853515625,-0.012176513671875,-0.02105712890625
1760555341387729200,14.161729248046875,-1.0013580322265625,-0.010772705078125,-0.0217437744140625
1760555341397735200,14.171735107421876,-0.9980621337890625,-0.014495849609375,-0.023834228515625
1760555341407741200,14.1817412109375,-0.9959716796875,-0.01263427734375,-0.0261688232421875
1760555341417747200,14.191747314453124,-0.9997711181640625,-0.0129241943359375,-0.0238037109375
1760555341427753200,14.201753173828125,-0.999053955078125,-0.0144195556640625,-0.025146484375
1760555341437758200,14.21175830078125,-0.9973602294921875,-0.0175628662109375,-0.0249176025390625
1760555341447764200,14.22176416015625,-0.995941162109375,-0.019744873046875,-0.02032470703125
1760555341457770000,14.23177001953125,-0.9948272705078125,-0.014984130859375,-0.017059326171875
1760555341467776000,14.24177587890625,-0.9996337890625,-0.0094757080078125,-0.01434326171875
1760555341477782300,14.2517822265625,-0.9997711181640625,-0.0120086669921875,-0.0169525146484375
1760555341487788300,14.261788330078126,-1.0011444091796875,-0.0134735107421875,-0.0175628662109375
1760555341497794000,14.2717939453125,-0.9977569580078125,-0.00982666015625,-0.019378662109375
1760555341507800000,14.281800048828124,-0.996856689453125,-0.0088348388671875,-0.0183258056640625
1760555341517806000,14.29180615234375,-0.998870849609375,-0.013641357421875,-0.019256591796875
1760555341527812400,14.301812255859375,-0.9983367919921875,-0.016845703125,-0.0243988037109375
1760555341537818000,14.311818115234376,-0.999114990234375,-0.0200042724609375,-0.022216796875
1760555341547824000,14.32182421875,-0.9934234619140625,-0.0188751220703125,-0.0217132568359375
1760555341557830100,14.331830078125,-0.997528076171875,-0.0161590576171875,-0.0148773193359375
1760555341567836200,14.341836181640625,-0.9954833984375,-0.0172119140625,-0.0149078369140625
1760555341577842200,14.35184228515625,-0.995330810546875,-0.02117919921875,-0.0181732177734375
1760555341587848200,14.36184814453125,-0.997772216796875,-0.021484375,-0.02008056640625
1760555341597854200,14.371854248046875,-0.9919891357421875,-0.0168914794921875,-0.022308349609375
1760555341607860000,14.38185986328125,-0.9980010986328125,-0.0163116455078125,-0.0221405029296875
1760555341617866200,14.3918662109375,-0.9973907470703125,-0.0173797607421875,-0.0224609375
1760555341627871200,14.401871337890626,-0.99810791015625,-0.0185394287109375,-0.0222625732421875
1760555341637877200,14.411877197265625,-0.996917724609375,-0.0160980224609375,-0.0187835693359375
1760555341647883300,14.42188330078125,-0.9933624267578125,-0.01507568359375,-0.0158843994140625
1760555341657889000,14.431888916015625,-0.998687744140625,-0.013580322265625,-0.0179443359375
1760555341667895000,14.44189501953125,-0.9991455078125,-0.0116729736328125,-0.02386474609375
1760555341677901300,14.4519013671875,-1.000885009765625,-0.012939453125,-0.0246124267578125
1760555341687907300,14.4619072265625,-0.998748779296875,-0.0125274658203125,-0.0222015380859375
1760555341697913000,14.4719130859375,-0.99505615234375,-0.008880615234375,-0.0207672119140625
1760555341707919000,14.481919189453125,-0.9988555908203125,-0.009368896484375,-0.01727294921875
1760555341717925000,14.491925048828126,-0.9979248046875,-0.010406494140625,-0.0185546875
1760555341727931100,14.50193115234375,-0.9998779296875,-0.011444091796875,-0.0186309814453125
1760555341737937200,14.511937255859374,-0.9996795654296875,-0.0170135498046875,-0.0205841064453125
1760555341747943200,14.521943115234375,-0.99493408203125,-0.014373779296875,-0.0198822021484375
1760555341757949200,14.53194921875,-0.9982147216796875,-0.0098876953125,-0.0189208984375
1760555341767955000,14.541954833984375,-0.9973602294921875,-0.015380859375,-0.0205230712890625
1760555341777961200,14.551961181640625,-0.997833251953125,-0.020477294921875,-0.020172119140625
1760555341787967200,14.56196728515625,-0.994720458984375,-0.0211639404296875,-0.0180816650390625
1760555341797973200,14.57197314453125,-0.9916839599609375,-0.01800537109375,-0.019317626953125
1760555341807978200,14.581978271484376,-0.9974517822265625,-0.01776123046875,-0.0188751220703125
1760555341817984000,14.59198388671875,-0.9950408935546875,-0.0173797607421875,-0.020294189453125
1760555341827990000,14.601989990234374,-0.9986419677734375,-0.01861572265625,-0.0210113525390625
1760555341837996300,14.611996337890625,-0.9948272705078125,-0.022064208984375,-0.0258331298828125
1760555341848002300,14.622002197265624,-0.99365234375,-0.0253753662109375,-0.02557373046875
1760555341858008000,14.632008056640625,-0.9965362548828125,-0.018829345703125,-0.021820068359375
1760555341868014000,14.64201416015625,-0.9979400634765625,-0.0139007568359375,-0.0206756591796875
1760555341878020000,14.65202001953125,-0.9982452392578125,-0.01129150390625,-0.0206451416015625
1760555341888026000,14.662026123046875,-0.9994964599609375,-0.0080718994140625,-0.01898193359375
1760555341898032000,14.6720322265625,-1.0009002685546875,-0.0084991455078125,-0.016204833984375
1760555341908038100,14.6820380859375,-0.997772216796875,-0.0080718994140625,-0.0147552490234375
1760555341918044200,14.692044189453124,-0.9979095458984375,-0.0057373046875,-0.0167388916015625
1760555341928050200,14.70205029296875,-1.0000457763671875,-0.005767822265625,-0.017364501953125
1760555341938056200,14.71205615234375,-1.00152587890625,-0.002838134765625,-0.0197601318359375
1760555341948062200,14.722062255859376,-1.0025482177734375,-0.00201416015625,-0.020751953125
1760555341958068200,14.732068115234375,-1.002197265625,-0.003326416015625,-0.02105712890625
1760555341968074000,14.742073974609376,-0.99798583984375,-0.0121917724609375,-0.01947021484375
1760555341978079000,14.752078857421875,-0.9932708740234375,-0.021270751953125,-0.0175018310546875
1760555341988085200,14.762085205078124,-0.9909515380859375,-0.0240631103515625,-0.0182342529296875
1760555341998091300,14.77209130859375,-0.993896484375,-0.0224609375,-0.0181427001953125
1760555342008097300,14.78209716796875,-0.9947662353515625,-0.0143280029296875,-0.0178375244140625
1760555342018103000,14.79210302734375,-1.00164794921875,-0.013671875,-0.01904296875
1760555342028109000,14.802109130859375,-0.99664306640625,-0.0152435302734375,-0.0196685791015625
1760555342038115300,14.812115234375,-0.997711181640625,-0.0148162841796875,-0.0192413330078125
1760555342048121000,14.82212109375,-0.99761962890625,-0.015594482421875,-0.0171356201171875
1760555342058127000,14.832127197265624,-0.996917724609375,-0.016876220703125,-0.017120361328125
1760555342068133000,14.842133056640625,-0.9969482421875,-0.0182037353515625,-0.0161895751953125
1760555342078139100,14.85213916015625,-0.9965667724609375,-0.015777587890625,-0.016571044921875
1760555342088145200,14.862145263671875,-0.994873046875,-0.0192413330078125,-0.0179443359375
1760555342098151200,14.872151123046875,-0.9964752197265625,-0.01318359375,-0.0193023681640625
1760555342108157200,14.8821572265625,-1.0004730224609375,-0.0059661865234375,-0.015411376953125
1760555342118163200,14.8921630859375,-1.00225830078125,-0.0032196044921875,-0.013092041015625
1760555342128169000,14.9021689453125,-1.000823974609375,-0.0015106201171875,-0.0135650634765625
1760555342138175200,14.91217529296875,-0.99737548828125,-0.003265380859375,-0.0139312744140625
1760555342148180200,14.92218017578125,-0.996307373046875,-0.008209228515625,-0.011627197265625
1760555342158186200,14.932186279296875,-0.9958648681640625,-0.009246826171875,-0.012451171875
1760555342168192300,14.942192138671874,-0.9984588623046875,-0.01336669921875,-0.014068603515625
1760555342178198000,14.952197998046875,-0.9951019287109375,-0.02288818359375,-0.016204833984375
1760555342188204000,14.9622041015625,-0.991912841796875,-0.0236053466796875,-0.0159759521484375
1760555342198210300,14.972210205078126,-0.9920501708984375,-0.02154541015625,-0.019989013671875
1760555342208216000,14.982216064453125,-0.9947509765625,-0.01190185546875,-0.0234375
1760555342218222000,14.99222216796875,-1.004638671875,-0.0081634521484375,-0.0249786376953125
1760555342228228000,15.00222802734375,-1.0012054443359375,-0.01202392578125,-0.0295562744140625
1760555342238234000,15.012234130859374,-0.998626708984375,-0.0131378173828125,-0.025482177734375
1760555342248240000,15.022240234375,-0.99560546875,-0.0126800537109375,-0.0194091796875
1760555342258246100,15.03224609375,-0.99560546875,-0.0072479248046875,-0.01824951171875
1760555342268252200,15.042252197265626,-1.00213623046875,-0.0056610107421875,-0.0178680419921875
1760555342278258200,15.052258056640625,-1.0007476806640625,-0.0066070556640625,-0.0212860107421875
1760555342288264700,15.0622646484375,-1.0005340576171875,-0.0081939697265625,-0.0231781005859375
1760555342298271000,15.07227099609375,-0.9924163818359375,-0.0064544677734375,-0.02484130859375
1760555342308276000,15.08227587890625,-0.996368408203125,-0.0052947998046875,-0.024688720703125
1760555342318282000,15.092281982421875,-1.0024871826171875,-0.0067291259765625,-0.0286102294921875
1760555342328287700,15.102287841796874,-1.00189208984375,-0.009796142578125,-0.0244140625
1760555342338293800,15.112293701171875,-0.9958343505859375,-0.014862060546875,-0.0252227783203125
1760555342348299800,15.1222998046875,-0.989349365234375,-0.0128173828125,-0.0244140625
1760555342358306000,15.13230615234375,-0.9954833984375,-0.0102691650390625,-0.02203369140625
1760555342368311800,15.142311767578125,-0.999298095703125,-0.009857177734375,-0.0233612060546875
1760555342378317800,15.15231787109375,-1.003021240234375,-0.0100555419921875,-0.0223236083984375
1760555342388323800,15.16232373046875,-0.9972991943359375,-0.0099334716796875,-0.02374267578125
1760555342398329900,15.172329833984374,-0.9930572509765625,-0.0114898681640625,-0.022125244140625
1760555342408336000,15.1823359375,-0.9969329833984375,-0.014251708984375,-0.023040771484375
1760555342418342000,15.192341796875,-0.999053955078125,-0.018218994140625,-0.024658203125
1760555342428348000,15.202347900390626,-0.995941162109375,-0.020751953125,-0.0228729248046875
1760555342438353700,15.212353759765625,-0.9933929443359375,-0.023834228515625,-0.0222930908203125
1760555342448359700,15.222359619140626,-0.990203857421875,-0.0167999267578125,-0.0201416015625
1760555342458366000,15.232365966796875,-0.9949493408203125,-0.0114593505859375,-0.021728515625
1760555342468371000,15.242370849609374,-1.0012664794921875,-0.0139007568359375,-0.0205230712890625
1760555342478377000,15.252376953125,-1.00006103515625,-0.0150909423828125,-0.025482177734375
1760555342488382700,15.2623828125,-0.9976043701171875,-0.01446533203125,-0.02484130859375
1760555342498388700,15.272388671875,-0.9935455322265625,-0.0126800537109375,-0.0221099853515625
1760555342508394800,15.282394775390625,-0.999267578125,-0.0108795166015625,-0.023101806640625
1760555342518401000,15.292401123046876,-1.0018157958984375,-0.010528564453125,-0.0243072509765625
1760555342528406800,15.30240673828125,-1.000213623046875,-0.0125732421875,-0.0234527587890625
1760555342538412800,15.312412841796874,-0.9959869384765625,-0.0124359130859375,-0.02044677734375
1760555342548418800,15.322418701171875,-0.990936279296875,-0.01312255859375,-0.0194091796875
1760555342558424800,15.3324248046875,-0.9967041015625,-0.0109100341796875,-0.018524169921875
1760555342568430800,15.342430908203125,-1.0006561279296875,-0.0143585205078125,-0.022430419921875
1760555342578436900,15.352436767578125,-0.999114990234375,-0.02044677734375,-0.0234375
1760555342588443000,15.36244287109375,-0.9957427978515625,-0.01593017578125,-0.0206298828125
1760555342598448600,15.37244873046875,-0.9915771484375,-0.0149383544921875,-0.0198974609375
1760555342608455000,15.382454833984376,-0.9995880126953125,-0.0152740478515625,-0.0204315185546875
1760555342618460000,15.3924599609375,-1.0028533935546875,-0.0142974853515625,-0.023590087890625
1760555342628466000,15.4024658203125,-0.9983062744140625,-0.0164337158203125,-0.0239105224609375
1760555342638472000,15.412471923828125,-0.995147705078125,-0.0176849365234375,-0.0205535888671875
1760555342648477700,15.422477783203124,-0.992340087890625,-0.0174713134765625,-0.020782470703125
1760555342658483700,15.432483642578125,-0.9975738525390625,-0.0130767822265625,-0.0200042724609375
1760555342668490000,15.442489990234375,-1.0023345947265625,-0.0140838623046875,-0.02099609375
1760555342678496000,15.45249609375,-0.9989013671875,-0.0171356201171875,-0.0191192626953125
1760555342688501800,15.462501708984375,-0.9939727783203125,-0.0188751220703125,-0.0184173583984375
1760555342698507800,15.4725078125,-0.9888458251953125,-0.019622802734375,-0.0200042724609375
1760555342708513800,15.482513671875,-0.9947662353515625,-0.02203369140625,-0.025115966796875
1760555342718519800,15.492519775390624,-0.9986572265625,-0.0202178955078125,-0.0270843505859375
1760555342728525800,15.50252587890625,-0.9999237060546875,-0.0175018310546875,-0.0268402099609375
1760555342738531800,15.51253173828125,-0.9955902099609375,-0.018157958984375,-0.0217742919921875
1760555342748537900,15.522537841796876,-0.9940185546875,-0.0201416015625,-0.02130126953125
1760555342758543600,15.532543701171875,-0.99407958984375,-0.0205078125,-0.02191162109375
1760555342768550000,15.5425498046875,-0.9958038330078125,-0.0171356201171875,-0.0224609375
1760555342778555000,15.552554931640625,-1.000885009765625,-0.0202789306640625,-0.0225982666015625
1760555342788561000,15.562560791015626,-0.996917724609375,-0.01953125,-0.0248260498046875
1760555342798567000,15.57256689453125,-0.992828369140625,-0.0150299072265625,-0.024993896484375
1760555342808572700,15.58257275390625,-0.9983062744140625,-0.0115509033203125,-0.026458740234375
1760555342818578700,15.59257861328125,-1.000152587890625,-0.0117950439453125,-0.0265045166015625
1760555342828585000,15.6025849609375,-1.0003509521484375,-0.0121917724609375,-0.0226287841796875
1760555342838591000,15.612591064453126,-0.9985809326171875,-0.011749267578125,-0.0185089111328125
1760555342848596700,15.6225966796875,-0.9933929443359375,-0.014862060546875,-0.019927978515625
1760555342858602800,15.632602783203126,-0.9962615966796875,-0.01470947265625,-0.0203094482421875
1760555342868608800,15.64260888671875,-0.9996185302734375,-0.0136260986328125,-0.02227783203125
1760555342878614800,15.65261474609375,-0.9992523193359375,-0.018768310546875,-0.0249176025390625
1760555342888620800,15.662620849609375,-0.99261474609375,-0.0213470458984375,-0.025421142578125
1760555342898626800,15.672626708984374,-0.9924163818359375,-0.0197601318359375,-0.0235595703125
1760555342908632800,15.6826328125,-0.9962921142578125,-0.0163726806640625,-0.02325439453125
1760555342918638800,15.692638916015625,-0.99853515625,-0.0182037353515625,-0.025482177734375
1760555342928643800,15.702643798828126,-0.9991455078125,-0.0181884765625,-0.0269775390625
1760555342938649900,15.71264990234375,-0.9985504150390625,-0.017120361328125,-0.0228118896484375
1760555342948655900,15.72265576171875,-0.992950439453125,-0.014862060546875,-0.022064208984375
1760555342958662000,15.732661865234375,-0.9986419677734375,-0.0140533447265625,-0.0217742919921875
1760555342968667600,15.742667724609374,-0.998748779296875,-0.0160369873046875,-0.0244293212890625
1760555342978674000,15.752673828125,-0.9991912841796875,-0.0220184326171875,-0.0234832763671875
1760555342988680000,15.762679931640625,-0.99114990234375,-0.026092529296875,-0.0239715576171875
1760555342998686000,15.77268603515625,-0.9903411865234375,-0.0243988037109375,-0.0212249755859375
1760555343008691700,15.782691650390625,-0.9959716796875,-0.014801025390625,-0.022003173828125
1760555343018697700,15.79269775390625,-1.00048828125,-0.00909423828125,-0.0246429443359375
1760555343028704000,15.8027041015625,-1.0055084228515625,-0.006927490234375,-0.023834228515625
1760555343038709800,15.812709716796874,-1.000335693359375,-0.0078277587890625,-0.0208892822265625
1760555343048715800,15.8227158203125,-0.9951629638671875,-0.0060272216796875,-0.0175628662109375
1760555343058721800,15.8327216796875,-0.9993743896484375,-0.0067291259765625,-0.017669677734375
1760555343068726800,15.842726806640625,-1.0035247802734375,-0.010986328125,-0.0214996337890625
1760555343078732800,15.85273291015625,-1.0032806396484375,-0.0160369873046875,-0.0243377685546875
1760555343088738800,15.86273876953125,-0.998260498046875,-0.0159149169921875,-0.02301025390625
1760555343098744800,15.872744873046875,-0.992706298828125,-0.01629638671875,-0.0233154296875
1760555343108750800,15.882750732421876,-0.9988555908203125,-0.0147705078125,-0.013641357421875
1760555343118756900,15.8927568359375,-1.0009613037109375,-0.014434814453125,-0.0097198486328125
1760555343128762600,15.9027626953125,-0.9956512451171875,-0.015960693359375,-0.0131072998046875
1760555343138769000,15.912768798828125,-0.997314453125,-0.014404296875,-0.0119476318359375
1760555343148775000,15.92277490234375,-0.996917724609375,-0.0143280029296875,-0.0110931396484375
1760555343158781000,15.932781005859376,-1.000762939453125,-0.0145416259765625,-0.0136260986328125
1760555343168786700,15.94278662109375,-0.998382568359375,-0.0147857666015625,-0.015411376953125
1760555343178792700,15.952792724609376,-1.0008697509765625,-0.0095977783203125,-0.01385498046875
1760555343188799000,15.962799072265625,-0.9987335205078125,-0.0063629150390625,-0.0142669677734375
1760555343198804700,15.9728046875,-0.999267578125,-0.0119171142578125,-0.0123291015625
1760555343208809700,15.982809814453125,-0.9995269775390625,-0.034912109375,-0.0160675048828125
1760555343218815700,15.992815673828124,-0.9832916259765625,-0.05450439453125,-0.0139007568359375
1760555343228821800,16.00282177734375,-0.9815673828125,-0.04962158203125,-0.011383056640625
1760555343238828000,16.012828125,-0.9841766357421875,-0.0249176025390625,-0.01446533203125
1760555343248833800,16.022833740234375,-1.0093841552734375,-0.0105743408203125,-0.0147857666015625
1760555343258839800,16.03283984375,-1.0091400146484375,-0.0178070068359375,-0.0220489501953125
1760555343268845800,16.042845703125,-0.9972076416015625,-0.0235137939453125,-0.020904541015625
1760555343278851800,16.052851806640625,-0.9886474609375,-0.0201873779296875,-0.01629638671875
1760555343288857600,16.062857666015624,-0.99114990234375,-0.0151519775390625,-0.0166473388671875
1760555343298863600,16.072863525390623,-1.0106201171875,-0.010040283203125,-0.0176239013671875
1760555343308869600,16.08286962890625,-1.0033721923828125,-0.01983642578125,-0.023651123046875
1760555343318876000,16.0928759765625,-1.00018310546875,-0.0264892578125,-0.017730712890625
1760555343328881700,16.102881591796876,-0.9844970703125,-0.029937744140625,-0.013916015625
1760555343338887700,16.1128876953125,-0.9854278564453125,-0.032745361328125,-0.0143890380859375
1760555343348892700,16.122892578125,-1.0025787353515625,-0.0209503173828125,-0.015380859375
1760555343358898700,16.132898681640626,-1.00543212890625,-0.0153045654296875,-0.0168609619140625
1760555343368904700,16.14290478515625,-1.0051422119140625,-0.014068603515625,-0.0182342529296875
1760555343378910700,16.15291064453125,-0.9929046630859375,-0.0186309814453125,-0.01849365234375
1760555343388916700,16.162916748046875,-0.99267578125,-0.0257720947265625,-0.0172271728515625
1760555343398922800,16.1729228515625,-0.999908447265625,-0.0193634033203125,-0.0165557861328125
1760555343408928500,16.182928466796874,-1.003662109375,-0.0139312744140625,-0.016937255859375
1760555343418934500,16.1929345703125,-1.0037078857421875,-0.0194549560546875,-0.017608642578125
1760555343428940800,16.20294091796875,-0.997711181640625,-0.0210113525390625,-0.016387939453125
1760555343438946800,16.21294677734375,-0.9943695068359375,-0.026275634765625,-0.015411376953125
1760555343448952600,16.22295263671875,-0.9922943115234375,-0.0312957763671875,-0.01568603515625
1760555343458958600,16.23295849609375,-1.0003204345703125,-0.0260467529296875,-0.014312744140625
1760555343468964900,16.24296484375,-1.0020904541015625,-0.0189361572265625,-0.0167083740234375
1760555343478971000,16.252970947265624,-1.000518798828125,-0.0234222412109375,-0.0173492431640625
1760555343488976000,16.262975830078126,-0.9942626953125,-0.03533935546875,-0.0148468017578125
1760555343498981600,16.272981689453125,-0.9868011474609375,-0.0473785400390625,-0.015716552734375
1760555343508987600,16.282987548828125,-0.9873199462890625,-0.0394287109375,-0.0158538818359375
1760555343518993700,16.29299365234375,-0.9988861083984375,-0.0303497314453125,-0.0125274658203125
1760555343528999700,16.302999755859375,-0.9968109130859375,-0.029266357421875,-0.0175933837890625
1760555343539005700,16.313005615234374,-1.0001983642578125,-0.03094482421875,-0.018524169921875
1760555343549011700,16.32301171875,-0.9971923828125,-0.02899169921875,-0.016204833984375
1760555343559017700,16.333017822265624,-0.9896697998046875,-0.036956787109375,-0.016815185546875
1760555343569023500,16.3430234375,-0.99609375,-0.0329437255859375,-0.015625
1760555343579029800,16.35302978515625,-0.997314453125,-0.032623291015625,-0.0139617919921875
1760555343589035800,16.363035888671874,-0.996246337890625,-0.0418853759765625,-0.0164337158203125
1760555343599041800,16.373041748046877,-0.9910888671875,-0.04132080078125,-0.015777587890625
1760555343609047600,16.383047607421876,-0.990325927734375,-0.0416259765625,-0.01226806640625
1760555343619052500,16.393052490234375,-0.99505615234375,-0.038604736328125,-0.0155792236328125
1760555343629058600,16.40305859375,-0.9986114501953125,-0.029510498046875,-0.0203399658203125
1760555343639064800,16.41306494140625,-1.00030517578125,-0.0321502685546875,-0.01837158203125
1760555343649070800,16.42307080078125,-0.994415283203125,-0.036407470703125,-0.0153350830078125
1760555343659076600,16.43307666015625,-0.9905853271484375,-0.035369873046875,-0.00982666015625
1760555343669082600,16.44308251953125,-0.9936981201171875,-0.0310516357421875,-0.005157470703125
1760555343679088600,16.453088623046874,-1.0002593994140625,-0.02587890625,-0.002960205078125
1760555343689094700,16.4630947265625,-1.0012054443359375,-0.0310516357421875,-0.00592041015625
1760555343699100700,16.4731005859375,-0.9961700439453125,-0.0357513427734375,-0.0018157958984375
1760555343709106700,16.483106689453123,-0.9890594482421875,-0.0411529541015625,0.0015716552734375
1760555343719112700,16.49311279296875,-0.9834136962890625,-0.045196533203125,0.0004425048828125
1760555343729118500,16.503118408203125,-0.9891510009765625,-0.038330078125,-0.0054473876953125
1760555343739124700,16.513124755859376,-1.0029144287109375,-0.022613525390625,-0.0106964111328125
1760555343749129700,16.523129638671875,-1.0068359375,-0.01837158203125,-0.0118560791015625
1760555343759135700,16.5331357421875,-1.000579833984375,-0.0258026123046875,-0.010528564453125
1760555343769141800,16.543141845703126,-0.989990234375,-0.0344696044921875,-0.0070037841796875
1760555343779147500,16.5531474609375,-0.9852752685546875,-0.0335845947265625,-0.0047607421875
1760555343789153800,16.56315380859375,-0.9939117431640625,-0.0265655517578125,-0.0092315673828125
1760555343799159800,16.573159912109375,-1.00360107421875,-0.0133819580078125,-0.0142974853515625
1760555343809165800,16.583165771484374,-1.0102691650390625,-0.0023956298828125,-0.016693115234375
1760555343819171600,16.593171630859374,-1.005157470703125,-0.0075836181640625,-0.01483154296875
1760555343829177600,16.603177490234376,-0.997528076171875,-0.0096893310546875,-0.0110015869140625
1760555343839184000,16.613183837890624,-0.9961395263671875,-0.0156707763671875,-0.011016845703125
1760555343849189600,16.623189697265627,-0.99462890625,-0.0198974609375,-0.012786865234375
1760555343859195600,16.633195556640626,-1.00262451171875,-0.009613037109375,-0.0140380859375
1760555343869201700,16.64320166015625,-1.005157470703125,0.002166748046875,-0.013519287109375
1760555343879206700,16.65320654296875,-1.0042724609375,0.0033111572265625,-0.015625
1760555343889212700,16.663212646484375,-1.0032958984375,-0.0073394775390625,-0.024566650390625
1760555343899218700,16.67321875,-0.9978790283203125,-0.0132904052734375,-0.0333099365234375
1760555343909224700,16.683224609375,-1.0025634765625,-0.01177978515625,-0.0287322998046875
1760555343919230700,16.693230712890625,-1.0009002685546875,-0.0135345458984375,-0.0245513916015625
1760555343929236700,16.70323681640625,-0.9974517822265625,-0.0136871337890625,-0.0234527587890625
1760555343939242500,16.713242431640627,-0.995452880859375,-0.0170745849609375,-0.0156402587890625
1760555343949248800,16.723248779296874,-0.9940643310546875,-0.0256805419921875,-0.012603759765625
1760555343959254800,16.7332548828125,-0.9949493408203125,-0.0265960693359375,-0.01300048828125
1760555343969260800,16.7432607421875,-0.9922027587890625,-0.0281524658203125,-0.0142059326171875
1760555343979266600,16.7532666015625,-0.992462158203125,-0.02886962890625,-0.0172271728515625
1760555343989272600,16.7632724609375,-0.997589111328125,-0.0263519287109375,-0.0184173583984375
1760555343999277600,16.773277587890625,-0.9968109130859375,-0.0245361328125,-0.0225830078125
1760555344009283800,16.783283935546876,-0.997039794921875,-0.0209503173828125,-0.02069091796875
1760555344019289900,16.793289794921876,-0.9961395263671875,-0.0224761962890625,-0.021087646484375
1760555344029295600,16.803295654296875,-0.994598388671875,-0.020721435546875,-0.02081298828125
1760555344039301600,16.813301513671874,-0.9942626953125,-0.025390625,-0.0196990966796875
1760555344049307600,16.8233076171875,-0.9920806884765625,-0.0273284912109375,-0.025543212890625
1760555344059313700,16.833313720703124,-0.9974365234375,-0.0234222412109375,-0.0258941650390625
1760555344069319700,16.843319580078123,-0.9993896484375,-0.0142364501953125,-0.021759033203125
1760555344079325700,16.85332568359375,-1.0003204345703125,-0.0115814208984375,-0.021331787109375
1760555344089331700,16.863331787109374,-1.001007080078125,-0.014556884765625,-0.0226593017578125
1760555344099337700,16.873337646484377,-0.9986572265625,-0.0115509033203125,-0.0217132568359375
1760555344109343700,16.88334375,-0.9996185302734375,-0.0150146484375,-0.0171661376953125
1760555344119349800,16.893349853515623,-0.996856689453125,-0.0194244384765625,-0.0141143798828125
1760555344129354800,16.903354736328126,-0.9980010986328125,-0.01580810546875,-0.008575439453125
1760555344139360800,16.91336083984375,-0.997894287109375,-0.0068817138671875,-0.0082244873046875
1760555344149366500,16.923366455078124,-0.9966583251953125,-0.013702392578125,-0.014373779296875
1760555344159372800,16.933372802734375,-0.997802734375,-0.0187225341796875,-0.0223846435546875
1760555344169378800,16.94337890625,-0.9976043701171875,-0.01617431640625,-0.0215301513671875
1760555344179384800,16.953384765625,-0.99639892578125,-0.0126953125,-0.01983642578125
1760555344189390600,16.963390625,-0.99554443359375,-0.0154571533203125,-0.0213470458984375
1760555344199396600,16.973396728515624,-0.99591064453125,-0.01904296875,-0.0200042724609375
1760555344209403000,16.98340283203125,-0.9964141845703125,-0.0230255126953125,-0.0163421630859375
1760555344219408600,16.99340869140625,-0.994384765625,-0.02392578125,-0.0175018310546875
1760555344229414700,17.00341455078125,-0.99237060546875,-0.0219573974609375,-0.01519775390625
1760555344239420700,17.013420654296876,-0.99444580078125,-0.0218353271484375,-0.0170135498046875
1760555344249425700,17.02342578125,-0.9977569580078125,-0.0151824951171875,-0.015960693359375
1760555344259431700,17.033431640625,-1.002838134765625,-0.0091400146484375,-0.0144805908203125
1760555344269437700,17.043437744140626,-0.9985809326171875,-0.0119171142578125,-0.0160064697265625
1760555344279443700,17.053443603515625,-0.996826171875,-0.0119171142578125,-0.0157318115234375
1760555344289449500,17.063449462890624,-0.997589111328125,-0.0112152099609375,-0.0130157470703125
1760555344299455500,17.07345556640625,-0.9976806640625,-0.0158538818359375,-0.0118255615234375
1760555344309461200,17.083461181640626,-0.99664306640625,-0.0164947509765625,-0.013885498046875
1760555344319467500,17.093467529296873,-0.996551513671875,-0.0218048095703125,-0.014923095703125
1760555344329473500,17.1034736328125,-0.9908447265625,-0.02069091796875,-0.012054443359375
1760555344339479600,17.1134794921875,-0.997161865234375,-0.0152587890625,-0.0128326416015625
1760555344349485300,17.1234853515625,-0.9957427978515625,-0.014892578125,-0.01446533203125
1760555344359491300,17.1334912109375,-1.0005950927734375,-0.0100555419921875,-0.016021728515625
1760555344369496300,17.143496337890625,-1.0014495849609375,-0.0107574462890625,-0.017486572265625
1760555344379502600,17.153502685546876,-0.9942779541015625,-0.017425537109375,-0.0190887451171875
1760555344389508600,17.163508544921875,-0.9978485107421875,-0.0140533447265625,-0.0189208984375
1760555344399514400,17.173514404296874,-0.9984283447265625,-0.0129241943359375,-0.0219879150390625
1760555344409520400,17.183520263671873,-0.999298095703125,-0.01605224609375,-0.023773193359375
1760555344419526400,17.1935263671875,-0.9994659423828125,-0.0184478759765625,-0.0191192626953125
1760555344429532400,17.203532470703124,-0.993804931640625,-0.02227783203125,-0.01568603515625
1760555344439538400,17.213538330078126,-0.992706298828125,-0.0204010009765625,-0.01458740234375
1760555344449544400,17.22354443359375,-0.9972381591796875,-0.0186920166015625,-0.0152740478515625
1760555344459550500,17.233550537109377,-0.9982452392578125,-0.01373291015625,-0.0184173583984375
1760555344469556500,17.243556396484376,-1.0030670166015625,-0.009552001953125,-0.0209197998046875
1760555344479562500,17.2535625,-0.997467041015625,-0.0169830322265625,-0.0211334228515625
1760555344489567500,17.2635673828125,-0.99591064453125,-0.0195159912109375,-0.0222015380859375
1760555344499573500,17.273573486328125,-0.9936065673828125,-0.0163726806640625,-0.0202789306640625
1760555344509579500,17.28357958984375,-0.9986419677734375,-0.013946533203125,-0.0168304443359375
1760555344519585300,17.293585205078124,-1.001800537109375,-0.0089263916015625,-0.0184783935546875
1760555344529591600,17.303591552734375,-0.9992828369140625,-0.0086822509765625,-0.0159759521484375
1760555344539597600,17.31359765625,-0.9953155517578125,-0.0134429931640625,-0.01556396484375
1760555344549603600,17.323603515625,-0.9907684326171875,-0.020660400390625,-0.0158538818359375
1760555344559609300,17.333609375,-0.9928436279296875,-0.02374267578125,-0.01763916015625
1760555344569615400,17.343615478515623,-0.99365234375,-0.015838623046875,-0.015380859375
1760555344579621600,17.35362158203125,-0.99761962890625,-0.0162200927734375,-0.015106201171875
1760555344589627400,17.36362744140625,-0.995513916015625,-0.0162506103515625,-0.0202178955078125
1760555344599632400,17.37363232421875,-0.996429443359375,-0.008331298828125,-0.0237274169921875
1760555344609638400,17.383638427734375,-1.002960205078125,-0.00677490234375,-0.02056884765625
1760555344619644400,17.39364453125,-0.9990997314453125,-0.0087127685546875,-0.0203704833984375
1760555344629650400,17.403650390625,-0.9960174560546875,-0.0124664306640625,-0.0216827392578125
1760555344639656400,17.413656494140625,-0.996307373046875,-0.0128326416015625,-0.0193328857421875
1760555344649662500,17.423662353515624,-0.9955291748046875,-0.012298583984375,-0.018280029296875
1760555344659668500,17.43366845703125,-0.997344970703125,-0.0104827880859375,-0.0233001708984375
1760555344669674500,17.443674560546874,-1.0003814697265625,-0.00933837890625,-0.024932861328125
1760555344679680300,17.45368017578125,-0.99896240234375,-0.0131988525390625,-0.0254364013671875
1760555344689686500,17.4636865234375,-0.9955596923828125,-0.0117950439453125,-0.0216827392578125
1760555344699692500,17.473692626953124,-0.993072509765625,-0.0154571533203125,-0.020416259765625
1760555344709697500,17.483697509765626,-0.9943389892578125,-0.0135040283203125,-0.0222930908203125
1760555344719703600,17.49370361328125,-1.0018310546875,-0.0091094970703125,-0.0250701904296875
1760555344729709300,17.503709228515625,-1.0015106201171875,-0.014739990234375,-0.0279388427734375
1760555344739715300,17.51371533203125,-0.996124267578125,-0.0179901123046875,-0.0224456787109375
1760555344749721600,17.5237216796875,-0.9920654296875,-0.013641357421875,-0.0208892822265625
1760555344759727400,17.533727294921874,-0.995697021484375,-0.010101318359375,-0.0209197998046875
1760555344769733400,17.5437333984375,-1.0025787353515625,-0.011566162109375,-0.022369384765625
1760555344779739400,17.553739501953125,-1.004058837890625,-0.0127105712890625,-0.0244293212890625
1760555344789745700,17.56374560546875,-0.997833251953125,-0.014312744140625,-0.0222930908203125
1760555344799751400,17.57375146484375,-0.9926300048828125,-0.021392822265625,-0.01898193359375
1760555344809757400,17.58375732421875,-0.9916839599609375,-0.024383544921875,-0.016754150390625
1760555344819763500,17.593763427734373,-0.995697021484375,-0.0205841064453125,-0.0164337158203125
1760555344829768400,17.6037685546875,-0.9993743896484375,-0.0152740478515625,-0.0179290771484375
1760555344839774500,17.6137744140625,-0.999603271484375,-0.0154266357421875,-0.0188140869140625
1760555344849780500,17.623780517578126,-0.9945220947265625,-0.0179595947265625,-0.0221710205078125
1760555344859786500,17.633786376953125,-0.9928436279296875,-0.0161590576171875,-0.0249786376953125
1760555344869792500,17.64379248046875,-0.9990386962890625,-0.0144195556640625,-0.0235443115234375
1760555344879798500,17.653798583984376,-0.999786376953125,-0.0120697021484375,-0.0240631103515625
1760555344889804300,17.66380419921875,-0.9996490478515625,-0.016571044921875,-0.024505615234375
1760555344899810600,17.673810546875,-0.9926910400390625,-0.023681640625,-0.02392578125
1760555344909816600,17.683816650390625,-0.99102783203125,-0.020660400390625,-0.020477294921875
1760555344919822300,17.693822265625,-0.9964447021484375,-0.02044677734375,-0.020355224609375
1760555344929828400,17.703828369140624,-0.99847412109375,-0.019561767578125,-0.0224761962890625
1760555344939833300,17.713833251953126,-0.9994964599609375,-0.0166015625,-0.0208282470703125
1760555344949839400,17.72383935546875,-0.9970855712890625,-0.0160064697265625,-0.0199432373046875
1760555344959845600,17.733845703125,-0.9956207275390625,-0.01727294921875,-0.01910400390625
1760555344969851400,17.743851318359376,-0.9970703125,-0.017974853515625,-0.0193328857421875
1760555344979857400,17.753857421875,-0.9975128173828125,-0.019073486328125,-0.0179443359375
1760555344989863400,17.763863525390626,-0.997802734375,-0.0196533203125,-0.015655517578125
1760555344999869400,17.773869384765625,-0.994781494140625,-0.0150604248046875,-0.014984130859375
1760555345009875500,17.78387548828125,-0.996307373046875,-0.0136260986328125,-0.0135650634765625
1760555345019881500,17.793881591796875,-0.9999847412109375,-0.0106964111328125,-0.017120361328125
1760555345029887500,17.803887451171875,-0.997894287109375,-0.0143585205078125,-0.022796630859375
1760555345039893500,17.8138935546875,-0.9977874755859375,-0.019073486328125,-0.026580810546875
1760555345049898500,17.8238984375,-0.994384765625,-0.016937255859375,-0.0291748046875
1760555345059904300,17.833904296875,-0.99560546875,-0.0094451904296875,-0.03106689453125
1760555345069910500,17.84391064453125,-1.000091552734375,-0.0081787109375,-0.033905029296875
1760555345079916500,17.85391650390625,-1.0015411376953125,-0.0118255615234375,-0.0400238037109375
1760555345089922300,17.86392236328125,-0.999359130859375,-0.010528564453125,-0.037139892578125
1760555345099928300,17.87392822265625,-0.9952392578125,-0.010009765625,-0.034759521484375
1760555345109934600,17.8839345703125,-0.9976043701171875,-0.0117645263671875,-0.0318145751953125
1760555345119940600,17.893940673828126,-0.9992523193359375,-0.0128936767578125,-0.0283355712890625
1760555345129946400,17.9039462890625,-0.9947662353515625,-0.0177764892578125,-0.028228759765625
1760555345139952400,17.913952392578125,-0.9935455322265625,-0.018218994140625,-0.0259857177734375
1760555345149958400,17.92395849609375,-0.9931793212890625,-0.018096923828125,-0.0220794677734375
1760555345159963400,17.93396337890625,-0.997314453125,-0.0189361572265625,-0.0220794677734375
1760555345169969700,17.9439697265625,-0.99664306640625,-0.01190185546875,-0.0236968994140625
1760555345179975400,17.953975341796873,-0.9997100830078125,-0.0104522705078125,-0.024017333984375
1760555345189981400,17.9639814453125,-0.996307373046875,-0.0139312744140625,-0.028045654296875
1760555345199987500,17.973987548828124,-0.9940032958984375,-0.014923095703125,-0.0337982177734375
1760555345209993500,17.983993408203126,-0.9975433349609375,-0.010284423828125,-0.03948974609375
1760555345219999500,17.99399951171875,-1.001007080078125,-0.0038909912109375,-0.0428314208984375
1760555345230005500,18.004005615234377,-1.0038604736328125,0.000701904296875,-0.044891357421875
1760555345240011500,18.014011474609376,-1.001220703125,0.000701904296875,-0.040802001953125
1760555345250017300,18.024017333984375,-0.9971923828125,-0.0040435791015625,-0.04052734375
1760555345260023300,18.034023193359374,-0.9970855712890625,-0.007720947265625,-0.03961181640625
1760555345270028300,18.0440283203125,-0.999786376953125,-0.004058837890625,-0.0366058349609375
1760555345280034600,18.05403466796875,-0.999725341796875,-0.002777099609375,-0.0341033935546875
1760555345290041000,18.064041015625,-0.999664306640625,-0.0117034912109375,-0.0331268310546875
1760555345300047000,18.074047119140626,-0.9935760498046875,-0.01043701171875,-0.033599853515625
1760555345310053000,18.08405322265625,-0.9991455078125,0.0010986328125,-0.0357666015625
1760555345320059100,18.09405908203125,-1.0083770751953125,0.0043487548828125,-0.0318145751953125
1760555345330065200,18.104065185546876,-1.009063720703125,0.00714111328125,-0.02899169921875
1760555345340071200,18.1140712890625,-1.002960205078125,-0.0014495849609375,-0.033660888671875
1760555345350077200,18.1240771484375,-0.9835357666015625,-0.0391693115234375,-0.0414886474609375
1760555345360083200,18.134083251953125,-0.9835052490234375,-0.0426483154296875,-0.04400634765625
1760555345370088200,18.144088134765624,-0.99346923828125,-0.0189971923828125,-0.0527496337890625
1760555345380094000,18.154093994140624,-1.000640869140625,-0.015289306640625,-0.0564117431640625
1760555345390100200,18.164100341796875,-1.0054473876953125,-0.0138397216796875,-0.05609130859375
1760555345400106200,18.174106201171874,-0.9945220947265625,-0.028533935546875,-0.0477142333984375
1760555345410112300,18.1841123046875,-0.9805145263671875,-0.0343017578125,-0.0475921630859375
1760555345420118000,18.194117919921876,-0.9888458251953125,-0.0256195068359375,-0.0428009033203125
1760555345430124000,18.2041240234375,-1.00830078125,-0.01458740234375,-0.034637451171875
1760555345440130300,18.21413037109375,-1.00396728515625,-0.011962890625,-0.0282745361328125
1760555345450136000,18.224135986328125,-1.00384521484375,-0.013458251953125,-0.016693115234375
1760555345460142000,18.23414208984375,-0.989349365234375,-0.0186614990234375,-0.011016845703125
1760555345470148000,18.244148193359376,-0.9977569580078125,-0.0124664306640625,-0.003570556640625
1760555345480153000,18.254153076171875,-1.002197265625,-0.0112457275390625,-0.0169219970703125
1760555345490159400,18.264159423828126,-0.990447998046875,-0.0471038818359375,-0.03936767578125
1760555345500165000,18.2741650390625,-0.990753173828125,-0.05120849609375,-0.0519256591796875
1760555345510171100,18.284171142578124,-0.9836883544921875,-0.03118896484375,-0.061065673828125
1760555345520177200,18.29417724609375,-0.9906005859375,-0.0244293212890625,-0.0688934326171875
1760555345530183200,18.30418310546875,-1.0043182373046875,-0.026763916015625,-0.070465087890625
1760555345540189200,18.314189208984374,-0.99462890625,-0.032806396484375,-0.06585693359375
1760555345550195200,18.3241953125,-0.9920806884765625,-0.0272064208984375,-0.053497314453125
1760555345560201200,18.334201171875,-0.9904937744140625,-0.0250244140625,-0.04150390625
1760555345570207200,18.344207275390627,-1.0001220703125,-0.0193023681640625,-0.02728271484375
1760555345580212200,18.354212158203126,-1.0050811767578125,-0.0172271728515625,-0.0209503173828125
1760555345590218000,18.364218017578125,-1.001373291015625,-0.0110626220703125,-0.01837158203125
1760555345600224300,18.374224365234376,-1.001953125,-0.011138916015625,-0.018768310546875
1760555345610230300,18.384230224609375,-0.9956207275390625,-0.02191162109375,-0.0301971435546875
1760555345620236000,18.394236083984374,-0.9945220947265625,-0.03369140625,-0.0499725341796875
1760555345630242000,18.404241943359374,-0.9858856201171875,-0.0492706298828125,-0.074005126953125
1760555345640248000,18.414248046875,-0.9886474609375,-0.039947509765625,-0.0842742919921875
1760555345650254300,18.42425439453125,-0.9918670654296875,-0.0321502685546875,-0.0943145751953125
1760555345660260000,18.434260009765627,-0.9892730712890625,-0.03271484375,-0.10198974609375
1760555345670266000,18.44426611328125,-0.9911956787109375,-0.0306243896484375,-0.1020660400390625
1760555345680272100,18.454272216796873,-0.9859161376953125,-0.032684326171875,-0.1047210693359375
1760555345690277000,18.464277099609376,-0.9900970458984375,-0.0343475341796875,-0.0973358154296875
1760555345700283100,18.474283203125,-0.9859161376953125,-0.0418853759765625,-0.08746337890625
1760555345710289200,18.4842890625,-0.9858856201171875,-0.0363311767578125,-0.0811920166015625
1760555345720295200,18.494295166015625,-0.9889984130859375,-0.030975341796875,-0.076568603515625
1760555345730301200,18.50430126953125,-0.9935150146484375,-0.0424041748046875,-0.065185546875
1760555345740307200,18.51430712890625,-0.997222900390625,-0.0381622314453125,-0.0524139404296875
1760555345750313000,18.52431298828125,-0.9929046630859375,-0.0186004638671875,-0.04449462890625
1760555345760319200,18.5343193359375,-0.993682861328125,-0.0021514892578125,-0.0506744384765625
1760555345770325200,18.5443251953125,-1.0072174072265625,0.002593994140625,-0.07281494140625
1760555345780331000,18.5543310546875,-1.002960205078125,-0.000823974609375,-0.1000823974609375
1760555345790336300,18.564336181640623,-0.9944915771484375,-0.00732421875,-0.1173553466796875
1760555345800342000,18.574342041015626,-0.9843292236328125,-0.0016326904296875,-0.1318817138671875
1760555345810348300,18.584348388671874,-0.9893951416015625,0.00115966796875,-0.1529998779296875
1760555345820354300,18.594354248046876,-0.99261474609375,-0.0006866455078125,-0.1701812744140625
1760555345830360000,18.604360107421876,-0.987213134765625,-0.01171875,-0.139068603515625
1760555345840366000,18.614365966796875,-0.9870147705078125,-0.016998291015625,-0.0963897705078125
1760555345850372000,18.6243720703125,-0.97900390625,-0.01702880859375,-0.0979156494140625
1760555345860378400,18.63437841796875,-0.996185302734375,-0.009185791015625,-0.0847930908203125
1760555345870384000,18.644384033203124,-1.010223388671875,-0.003936767578125,-0.0869293212890625
1760555345880389000,18.65438916015625,-1.0322418212890625,-0.0003509521484375,-0.1108551025390625
1760555345890395100,18.66439501953125,-0.973236083984375,-0.0081939697265625,-0.1400299072265625
1760555345900401200,18.674401123046874,-0.95050048828125,-0.0057220458984375,-0.1620941162109375
1760555345910407200,18.6844072265625,-1.000396728515625,-0.01336669921875,-0.0977935791015625
1760555345920413200,18.6944130859375,-1.03680419921875,-0.0138397216796875,0.002532958984375
1760555345930419200,18.704419189453127,-1.0626220703125,-0.01025390625,0.0614776611328125
1760555345940425200,18.71442529296875,-0.990692138671875,-0.02081298828125,0.079833984375
1760555345950431200,18.72443115234375,-0.93975830078125,-0.048614501953125,0.0447845458984375
1760555345960437000,18.73443701171875,-0.9501800537109375,-0.0557098388671875,0.0111541748046875
1760555345970443300,18.744443359375,-1.02154541015625,-0.033477783203125,-0.007781982421875
1760555345980448300,18.7544482421875,-1.0438385009765625,-0.0051727294921875,-0.03082275390625
1760555345990454300,18.764454345703125,-0.992645263671875,-0.027862548828125,-0.0345611572265625
1760555346000460000,18.7744599609375,-0.9785308837890625,-0.0332489013671875,-0.0259246826171875
1760555346010466000,18.784466064453124,-0.967498779296875,-0.0283050537109375,-0.0500030517578125
1760555346020472000,18.79447216796875,-1.0159454345703125,-0.0255889892578125,-0.0511322021484375
1760555346030478300,18.804478271484374,-1.0266265869140625,-0.0199127197265625,-0.04547119140625
1760555346040484000,18.814484130859373,-1.0050506591796875,-0.0104827880859375,-0.007659912109375
1760555346050490000,18.824489990234376,-0.988922119140625,-0.00653076171875,0.025543212890625
1760555346060496100,18.83449609375,-0.977630615234375,-0.008575439453125,0.0261383056640625
1760555346070502100,18.844502197265626,-1.005767822265625,-0.0175933837890625,0.0304412841796875
1760555346080507400,18.85450732421875,-1.00286865234375,-0.0227813720703125,0.0296478271484375
1760555346090513200,18.86451318359375,-0.995269775390625,-0.0301513671875,0.040924072265625
1760555346100519200,18.874519287109376,-0.9787139892578125,-0.03192138671875,0.0460052490234375
1760555346110525200,18.884525146484375,-0.9671173095703125,-0.0351104736328125,0.0364227294921875
1760555346120531200,18.89453125,-0.988250732421875,-0.0445098876953125,0.0200042724609375
1760555346130537200,18.904537109375,-0.9983673095703125,-0.0475921630859375,-0.003936767578125
1760555346140543200,18.914543212890624,-1.001068115234375,-0.036895751953125,-0.0226287841796875
1760555346150549200,18.92454931640625,-0.993011474609375,-0.024627685546875,-0.0245208740234375
1760555346160555000,18.934554931640626,-0.9905242919921875,-0.0144805908203125,-0.029083251953125
1760555346170561000,18.94456103515625,-1.007232666015625,-0.0166015625,-0.0317840576171875
1760555346180566000,18.95456591796875,-1.0078887939453125,-0.0220184326171875,-0.03619384765625
1760555346190572300,18.964572265625,-0.9965057373046875,-0.017303466796875,-0.030426025390625
1760555346200578300,18.974578369140627,-0.99365234375,-0.0085601806640625,-0.02099609375
1760555346210584000,18.984583984375,-1.0078277587890625,0.0021209716796875,-0.01611328125
1760555346220590000,18.994590087890625,-1.0108184814453125,-0.0003814697265625,-0.0148468017578125
1760555346230596000,19.00459619140625,-1.0013427734375,-0.0118408203125,-0.0078277587890625
1760555346240602400,19.014602294921875,-0.9869232177734375,-0.0260162353515625,-0.00048828125
1760555346250608000,19.024608154296875,-0.986663818359375,-0.024932861328125,-0.004180908203125
1760555346260614100,19.0346142578125,-1.00048828125,-0.015167236328125,-0.019195556640625
1760555346270619100,19.044619140625,-1.0026092529296875,-0.0216217041015625,-0.03887939453125
1760555346280625200,19.054625244140624,-0.99737548828125,-0.0167083740234375,-0.051788330078125
1760555346290631000,19.064630859375,-0.9953460693359375,-0.0093994140625,-0.062408447265625
1760555346300636700,19.07463671875,-1.0018310546875,-0.0087432861328125,-0.0721435546875
1760555346310642700,19.084642578125,-1.0101165771484375,-0.010711669921875,-0.067840576171875
1760555346320648700,19.094648681640624,-1.0009918212890625,-0.01708984375,-0.0619659423828125
1760555346330655000,19.104655029296875,-0.991668701171875,-0.0162200927734375,-0.048980712890625
1760555346340660700,19.11466064453125,-0.9947509765625,-0.01776123046875,-0.0417938232421875
1760555346350666800,19.124666748046874,-1.0004730224609375,-0.025360107421875,-0.0496826171875
1760555346360671700,19.134671630859376,-0.998779296875,-0.0268707275390625,-0.0551605224609375
1760555346370677800,19.144677734375,-0.996978759765625,-0.0231170654296875,-0.050811767578125
1760555346380683800,19.154683837890627,-0.99530029296875,-0.022918701171875,-0.04656982421875
1760555346390689800,19.164689697265626,-1.000885009765625,-0.0232391357421875,-0.03973388671875
1760555346400695800,19.17469580078125,-1.0027008056640625,-0.0219573974609375,-0.0292510986328125
1760555346410701800,19.184701904296876,-0.9951019287109375,-0.0225982666015625,-0.0122833251953125
1760555346420707600,19.19470751953125,-0.9918670654296875,-0.0212249755859375,0.0047149658203125
1760555346430713900,19.2047138671875,-0.9933929443359375,-0.0249481201171875,0.007476806640625
1760555346440720000,19.214719970703126,-0.9936981201171875,-0.032012939453125,0.001373291015625
1760555346450726000,19.224725830078125,-0.9947967529296875,-0.03131103515625,-0.00286865234375
1760555346460731000,19.23473095703125,-0.99249267578125,-0.0229949951171875,-0.0062713623046875
1760555346470736600,19.244736572265627,-0.9942474365234375,-0.02264404296875,-0.0137939453125
1760555346480742700,19.25474267578125,-0.9968414306640625,-0.0257415771484375,-0.0213775634765625
1760555346490749000,19.2647490234375,-1.0002288818359375,-0.024688720703125,-0.0200958251953125
1760555346500755000,19.2747548828125,-0.9959259033203125,-0.0282745361328125,-0.0150604248046875
1760555346510760700,19.2847607421875,-0.992889404296875,-0.0280303955078125,-0.0115509033203125
1760555346520766700,19.2947666015625,-0.997802734375,-0.0220489501953125,-0.0115509033203125
1760555346530772700,19.304772705078125,-1.0018157958984375,-0.02301025390625,-0.0153656005859375
1760555346540778800,19.31477880859375,-0.999237060546875,-0.02947998046875,-0.015625
1760555346550784000,19.324783935546876,-0.9931793212890625,-0.026611328125,-0.0146026611328125
1760555346560789800,19.334789794921875,-0.99578857421875,-0.0219573974609375,-0.0200347900390625
1760555346570795800,19.344795654296874,-1.000823974609375,-0.023712158203125,-0.024078369140625
1760555346580801800,19.3548017578125,-1.001861572265625,-0.0255279541015625,-0.025238037109375
1760555346590807600,19.3648076171875,-0.9941558837890625,-0.0277557373046875,-0.02374267578125
1760555346600813800,19.374813720703123,-0.991302490234375,-0.0299530029296875,-0.02105712890625
1760555346610819800,19.38481982421875,-0.9946746826171875,-0.0341033935546875,-0.0233917236328125
1760555346620825900,19.394825927734374,-0.9957427978515625,-0.035400390625,-0.023773193359375
1760555346630831600,19.40483154296875,-0.9960174560546875,-0.028839111328125,-0.0199737548828125
1760555346640836600,19.414836669921876,-0.99383544921875,-0.02459716796875,-0.020477294921875
1760555346650842600,19.424842529296875,-0.999664306640625,-0.0242767333984375,-0.0219879150390625
1760555346660849000,19.434848876953126,-1.0014495849609375,-0.0244598388671875,-0.0229644775390625
1760555346670855000,19.44485498046875,-0.9971923828125,-0.024658203125,-0.0210113525390625
1760555346680860700,19.454860595703124,-0.9935760498046875,-0.0261688232421875,-0.0229949951171875
1760555346690866700,19.46486669921875,-0.9988861083984375,-0.02313232421875,-0.02239990234375
1760555346700873000,19.474873046875,-0.9997100830078125,-0.0269317626953125,-0.0227203369140625
1760555346710879000,19.48487890625,-0.9969329833984375,-0.0254669189453125,-0.0239105224609375
1760555346720884700,19.494884765625,-0.9972076416015625,-0.0204315185546875,-0.0209503173828125
1760555346730890800,19.504890869140624,-1.00048828125,-0.0205841064453125,-0.025726318359375
1760555346740895700,19.514895751953127,-1.004180908203125,-0.0171356201171875,-0.0368499755859375
1760555346750901800,19.52490185546875,-1.0040435791015625,-0.015869140625,-0.0369110107421875
1760555346760907800,19.53490771484375,-0.99603271484375,-0.032745361328125,-0.03997802734375
1760555346770913800,19.544913818359376,-0.98486328125,-0.059234619140625,-0.046173095703125
1760555346780919800,19.554919921875,-0.9878997802734375,-0.0494537353515625,-0.0418701171875
1760555346790925800,19.56492578125,-0.99822998046875,-0.0280303955078125,-0.037200927734375
1760555346800931600,19.574931640625,-1.006317138671875,-0.0239410400390625,-0.02978515625
1760555346810937900,19.584937744140625,-0.999298095703125,-0.0299072265625,-0.026153564453125
1760555346820942800,19.59494287109375,-0.99114990234375,-0.036407470703125,-0.023101806640625
1760555346830948900,19.604948974609375,-0.9939727783203125,-0.0345916748046875,-0.02154541015625
1760555346840955000,19.614954833984374,-1.0012664794921875,-0.02459716796875,-0.0247955322265625
1760555346850960600,19.624960693359377,-1.008087158203125,-0.01177978515625,-0.0278472900390625
1760555346860966700,19.634966552734376,-1.008148193359375,-0.00579833984375,-0.0283355712890625
1760555346870973000,19.644972900390623,-0.9983673095703125,-0.0258331298828125,-0.0339508056640625
1760555346880979000,19.65497900390625,-0.98504638671875,-0.0599517822265625,-0.043701171875
1760555346890984700,19.664984619140625,-0.9775848388671875,-0.0838775634765625,-0.0457000732421875
1760555346900990700,19.67499072265625,-0.976959228515625,-0.0745086669921875,-0.0478973388671875
1760555346910995700,19.68499560546875,-0.989654541015625,-0.04443359375,-0.0476226806640625
1760555346921001700,19.695001708984375,-1.00811767578125,-0.0247802734375,-0.0429840087890625
1760555346931007700,19.7050078125,-1.0056304931640625,-0.0228729248046875,-0.0391082763671875
1760555346941013800,19.715013671875,-0.995361328125,-0.0331268310546875,-0.0299072265625
1760555346951019800,19.725019775390624,-0.98919677734375,-0.03839111328125,-0.0265350341796875
1760555346961025800,19.73502587890625,-0.99420166015625,-0.0348052978515625,-0.0283050537109375
1760555346971031800,19.74503173828125,-1.00189208984375,-0.033111572265625,-0.0300445556640625
1760555346981037800,19.755037841796874,-0.9951324462890625,-0.0399169921875,-0.0282135009765625
1760555346991043800,19.7650439453125,-0.9864959716796875,-0.04779052734375,-0.0235595703125
1760555347001048800,19.775048828125,-0.9900970458984375,-0.0438232421875,-0.027801513671875
1760555347011054800,19.785054931640627,-1.00201416015625,-0.0354766845703125,-0.0330657958984375
1760555347021060600,19.795060546875,-1.0041046142578125,-0.0305633544921875,-0.0302276611328125
1760555347031067000,19.80506689453125,-0.9957275390625,-0.0291900634765625,-0.025299072265625
1760555347041073000,19.815072998046876,-0.9916534423828125,-0.0305023193359375,-0.0240631103515625
1760555347051079000,19.825078857421875,-0.9986572265625,-0.0267181396484375,-0.0271759033203125
1760555347061084700,19.835084716796874,-1.0039825439453125,-0.0217437744140625,-0.027984619140625
1760555347071090700,19.845090576171874,-1.003265380859375,-0.0168609619140625,-0.0246734619140625
1760555347081097000,19.855096923828125,-0.9962615966796875,-0.018585205078125,-0.021759033203125
1760555347091102000,19.86510205078125,-0.9969635009765625,-0.0262298583984375,-0.0228271484375
1760555347101107700,19.875107666015627,-1.000213623046875,-0.0276947021484375,-0.0289154052734375
1760555347111113700,19.88511376953125,-1.0018157958984375,-0.025634765625,-0.0294647216796875
1760555347121119700,19.89511962890625,-0.9964141845703125,-0.0272216796875,-0.024444580078125
1760555347131125800,19.905125732421876,-0.9962615966796875,-0.02447509765625,-0.0248870849609375
1760555347141131800,19.9151318359375,-1.0013427734375,-0.018707275390625,-0.025909423828125
1760555347151137800,19.9251376953125,-1.00018310546875,-0.027862548828125,-0.03082275390625
1760555347161143800,19.935143798828125,-0.9981842041015625,-0.0297088623046875,-0.029327392578125
1760555347171148800,19.945148681640624,-0.99774169921875,-0.0234222412109375,-0.021575927734375
1760555347181154800,19.95515478515625,-1.00128173828125,-0.022216796875,-0.0158233642578125
1760555347191160600,19.96516064453125,-0.99847412109375,-0.0355987548828125,-0.01580810546875
1760555347201166800,19.975166748046874,-0.9953460693359375,-0.036956787109375,-0.015045166015625
1760555347211172900,19.9851728515625,-0.9926300048828125,-0.03399658203125,-0.016815185546875
1760555347221179000,19.995178955078124,-0.9995574951171875,-0.032623291015625,-0.0218353271484375
1760555347231184600,20.0051845703125,-1.000579833984375,-0.037017822265625,-0.0222320556640625
1760555347241190700,20.015190673828126,-0.993255615234375,-0.0425872802734375,-0.022552490234375
1760555347251197000,20.025197021484374,-0.99072265625,-0.04144287109375,-0.0279388427734375
1760555347261202000,20.035201904296876,-0.9998626708984375,-0.0312347412109375,-0.037689208984375
1760555347271208000,20.0452080078125,-1.0101470947265625,-0.0188140869140625,-0.0401763916015625
1760555347281213700,20.055213623046875,-1.0146484375,-0.01458740234375,-0.0359039306640625
1760555347291219500,20.065219482421874,-1.0110321044921875,-0.0050048828125,-0.0208892822265625
1760555347301225500,20.0752255859375,-1.01458740234375,0.0155792236328125,-0.0167694091796875
1760555347311231500,20.0852314453125,-1.012725830078125,-0.003143310546875,-0.0186767578125
1760555347321237500,20.095237548828123,-1.0001373291015625,-0.042816162109375,-0.032196044921875
1760555347331243500,20.105243408203126,-0.9776153564453125,-0.0953521728515625,-0.0414581298828125
1760555347341248500,20.11524853515625,-0.9691619873046875,-0.09857177734375,-0.0488433837890625
1760555347351254500,20.125254638671876,-0.9859466552734375,-0.0623016357421875,-0.0543975830078125
1760555347361260500,20.135260498046875,-1.0015411376953125,-0.0428466796875,-0.0701904296875
1760555347371266600,20.1452666015625,-1.0037384033203125,-0.04571533203125,-0.083770751953125
1760555347381272600,20.1552724609375,-0.9874267578125,-0.0738983154296875,-0.097564697265625
1760555347391278600,20.165278564453125,-0.9719085693359375,-0.0904998779296875,-0.107208251953125
1760555347401284400,20.175284423828124,-0.9746856689453125,-0.09210205078125,-0.1112213134765625
1760555347411290600,20.18529052734375,-0.980804443359375,-0.088043212890625,-0.1181182861328125
1760555347421296600,20.195296630859374,-0.987823486328125,-0.093475341796875,-0.10870361328125
1760555347431301600,20.205301513671873,-0.975616455078125,-0.10162353515625,-0.102142333984375
1760555347441307600,20.2153076171875,-0.9686431884765625,-0.1036376953125,-0.089752197265625
1760555347451313400,20.2253134765625,-0.9756927490234375,-0.09661865234375,-0.0842742919921875
1760555347461319400,20.2353193359375,-0.9865264892578125,-0.0807037353515625,-0.083221435546875
1760555347471325700,20.24532568359375,-0.9976348876953125,-0.050018310546875,-0.0897216796875
1760555347481331700,20.255331787109377,-1.0015716552734375,-0.0387115478515625,-0.0891876220703125
1760555347491337500,20.26533740234375,-0.996856689453125,-0.041015625,-0.0931243896484375
1760555347501343500,20.275343505859375,-0.9913787841796875,-0.0553436279296875,-0.1026611328125
1760555347511348500,20.285348388671874,-0.9834136962890625,-0.0592498779296875,-0.115692138671875
1760555347521354500,20.2953544921875,-0.986053466796875,-0.0642242431640625,-0.1280975341796875
1760555347531360500,20.305360595703124,-0.9860992431640625,-0.069000244140625,-0.13641357421875
1760555347541366500,20.315366455078124,-0.9774627685546875,-0.0690155029296875,-0.1507110595703125
1760555347551372500,20.32537255859375,-0.975067138671875,-0.072723388671875,-0.1576995849609375
1760555347561378600,20.335378662109374,-0.97479248046875,-0.0769805908203125,-0.1596832275390625
1760555347571384300,20.34538427734375,-0.9778289794921875,-0.083740234375,-0.144134521484375
1760555347581390600,20.355390625,-0.987091064453125,-0.085693359375,-0.1339569091796875
1760555347591395600,20.3653955078125,-0.9903717041015625,-0.0671234130859375,-0.1292572021484375
1760555347601401600,20.375401611328126,-1.052337646484375,-0.05377197265625,-0.0295257568359375
1760555347611407600,20.38540771484375,-0.99957275390625,-0.0469207763671875,0.060028076171875
1760555347621413400,20.395413330078124,-1.0072784423828125,-0.0371856689453125,0.074676513671875
1760555347631419400,20.40541943359375,-0.93414306640625,-0.0453033447265625,0.0689544677734375
1760555347641425700,20.41542578125,-0.991943359375,-0.0419769287109375,0.0591278076171875
1760555347651431700,20.425431640625,-0.9914703369140625,-0.0424346923828125,0.029541015625
1760555347661437400,20.4354375,-1.028961181640625,-0.0313873291015625,0.0029754638671875
1760555347671443500,20.445443359375,-1.028411865234375,0.004730224609375,-0.0054473876953125
1760555347681448400,20.455448486328127,-0.9984283447265625,0.017608642578125,-0.008575439453125
1760555347691454700,20.465454833984374,-1.001922607421875,0.01580810546875,-0.02587890625
1760555347701460500,20.47546044921875,-1.01861572265625,0.00262451171875,-0.0459747314453125
1760555347711466500,20.485466552734376,-1.0167388916015625,-0.016143798828125,-0.050384521484375
1760555347721472500,20.495472412109375,-1.012054443359375,-0.03424072265625,-0.0244903564453125
1760555347731478500,20.505478515625,-0.996246337890625,-0.02716064453125,0.0152130126953125
1760555347741484500,20.515484619140626,-0.9759674072265625,-0.0175628662109375,0.0313568115234375
1760555347751490600,20.525490478515625,-0.9882354736328125,-0.0144500732421875,0.0388946533203125
1760555347761495600,20.53549560546875,-1.008209228515625,-0.0138092041015625,0.0337371826171875
1760555347771501600,20.54550146484375,-1.0084228515625,-0.0166473388671875,0.016387939453125
1760555347781507600,20.555507568359374,-1.009613037109375,-0.019378662109375,0.0134124755859375
1760555347791513300,20.565513427734373,-0.9922332763671875,-0.0222930908203125,0.01068115234375
1760555347801519600,20.57551953125,-0.978729248046875,-0.035247802734375,-0.0032196044921875
1760555347811525600,20.585525634765624,-0.9915771484375,-0.0534515380859375,-0.0155487060546875
1760555347821531600,20.59553173828125,-0.9952850341796875,-0.068511962890625,-0.0280914306640625
1760555347831537400,20.605537353515626,-0.988800048828125,-0.071533203125,-0.045166015625
1760555347841542400,20.61554248046875,-0.9818115234375,-0.0716400146484375,-0.0595855712890625
1760555347851548400,20.62554833984375,-0.97979736328125,-0.0720367431640625,-0.0628662109375
1760555347861554700,20.6355546875,-0.9974365234375,-0.06561279296875,-0.0555267333984375
1760555347871560400,20.645560546875,-1.004425048828125,-0.0538177490234375,-0.033172607421875
1760555347881566500,20.65556640625,-0.998260498046875,-0.0385284423828125,0.0045013427734375
1760555347891572500,20.665572509765624,-0.9900665283203125,-0.03228759765625,0.0267791748046875
1760555347901578500,20.67557861328125,-0.9835052490234375,-0.0387115478515625,0.0367431640625
1760555347911584500,20.68558447265625,-0.9879150390625,-0.0396270751953125,0.0421142578125
1760555347921589500,20.695589599609374,-0.993255615234375,-0.0351104736328125,0.0384674072265625
1760555347931595500,20.705595458984376,-0.994842529296875,-0.0296783447265625,0.0323944091796875
1760555347941601500,20.7156015625,-0.9907073974609375,-0.0330352783203125,0.0232696533203125
1760555347951607600,20.725607666015627,-0.987640380859375,-0.0318756103515625,0.0148468017578125
1760555347961613300,20.73561328125,-0.995635986328125,-0.021636962890625,0.0001220703125
1760555347971619600,20.74561962890625,-1.0022430419921875,-0.008575439453125,-0.0184326171875
1760555347981625600,20.75562548828125,-1.0190887451171875,0.010467529296875,-0.0322265625
1760555347991631600,20.765631591796875,-1.0159149169921875,0.008636474609375,-0.046142578125
1760555348001636600,20.77563671875,-1.01080322265625,0.0115509033203125,-0.051116943359375
1760555348011642400,20.785642333984374,-1.011383056640625,0.0087738037109375,-0.049835205078125
1760555348021648600,20.795648681640625,-1.003448486328125,-0.016082763671875,-0.04058837890625
1760555348031654700,20.805654541015624,-1.00433349609375,-0.01025390625,-0.01251220703125
1760555348041660700,20.81566064453125,-1.005157470703125,0.0009613037109375,0.01007080078125
1760555348051666400,20.82566650390625,-0.9958953857421875,-0.00384521484375,0.0169830322265625
1760555348061672400,20.83567236328125,-0.9957122802734375,-0.015167236328125,0.0212860107421875
1760555348071678700,20.8456787109375,-0.99615478515625,-0.02777099609375,0.0166168212890625
1760555348081683700,20.85568359375,-0.991455078125,-0.0364227294921875,0.0085296630859375
1760555348091689500,20.865689453125,-0.9920501708984375,-0.03350830078125,0.0065765380859375
1760555348101695500,20.875695556640625,-0.9945220947265625,-0.025848388671875,-0.000335693359375
1760555348111701500,20.885701416015625,-0.9987640380859375,-0.0308837890625,-0.014892578125
1760555348121707500,20.89570751953125,-1.00030517578125,-0.034454345703125,-0.021697998046875
1760555348131713500,20.905713623046875,-1.0005950927734375,-0.0279083251953125,-0.0200347900390625
1760555348141719600,20.915719482421874,-0.99359130859375,-0.02593994140625,-0.017486572265625
1760555348151724500,20.925724609375,-0.994232177734375,-0.0236968994140625,-0.01751708984375
1760555348161730600,20.93573046875,-1.0021209716796875,-0.0205078125,-0.0186004638671875
1760555348171736600,20.945736572265623,-1.004913330078125,-0.029022216796875,-0.017822265625
1760555348181742300,20.955742431640626,-0.9950714111328125,-0.0333099365234375,-0.014129638671875
1760555348191748600,20.96574853515625,-0.9880523681640625,-0.0394744873046875,-0.019378662109375
1760555348201754600,20.975754638671877,-0.9923248291015625,-0.038421630859375,-0.022796630859375
1760555348211760600,20.9857607421875,-1.00604248046875,-0.022064208984375,-0.0249176025390625
1760555348221766400,20.995766357421875,-1.004425048828125,-0.022979736328125,-0.0375213623046875
1760555348231771400,21.005771484375,-0.9992828369140625,-0.034332275390625,-0.0487060546875
1760555348241777400,21.01577734375,-0.9913330078125,-0.0474853515625,-0.0485992431640625
1760555348251783700,21.02578369140625,-0.9901885986328125,-0.05670166015625,-0.038970947265625
1760555348261789400,21.03578955078125,-0.9934539794921875,-0.05322265625,-0.025299072265625
1760555348271795500,21.04579541015625,-0.988800048828125,-0.0471038818359375,-0.0197296142578125
1760555348281801500,21.055801513671874,-0.9934844970703125,-0.0389404296875,-0.023223876953125
1760555348291807000,21.065806884765625,-0.9989013671875,-0.037567138671875,-0.0293426513671875
1760555348301813200,21.075813232421876,-0.9993438720703125,-0.045379638671875,-0.0318145751953125
1760555348311818200,21.085818359375,-0.989532470703125,-0.059326171875,-0.02215576171875
1760555348321824000,21.095823974609374,-0.9794158935546875,-0.0650177001953125,-0.01519775390625
1760555348331830000,21.105830078125,-0.981719970703125,-0.053466796875,-0.010711669921875
1760555348341836000,21.1158359375,-0.9941558837890625,-0.038360595703125,-0.0059051513671875
1760555348351842000,21.125842041015623,-1.001739501953125,-0.0423583984375,-0.011322021484375
1760555348361848000,21.13584814453125,-0.9920501708984375,-0.0510101318359375,-0.0147857666015625
1760555348371854000,21.14585400390625,-0.9801025390625,-0.066741943359375,-0.0128326416015625
1760555348381860000,21.155860107421876,-0.9778289794921875,-0.062103271484375,-0.0099029541015625
1760555348391865000,21.165864990234375,-0.9907379150390625,-0.0340576171875,-0.0080108642578125
1760555348401870800,21.175870849609375,-1.010986328125,0.001922607421875,-0.0092926025390625
1760555348411876900,21.185876953125,-1.021453857421875,0.010711669921875,-0.008087158203125
1760555348421883100,21.195883056640625,-1.011260986328125,-0.0052032470703125,-0.0039215087890625
1760555348431889200,21.20588916015625,-0.990966796875,-0.017791748046875,0.0032958984375
1760555348441895000,21.21589501953125,-0.989105224609375,-0.019134521484375,0.005218505859375
1760555348451901000,21.22590087890625,-0.9936676025390625,-0.020751953125,-0.002593994140625
1760555348461906000,21.235906005859373,-1.0049591064453125,-0.012969970703125,-0.0086669921875
1760555348471912200,21.245912109375,-1.0095367431640625,-0.001190185546875,-0.0147857666015625
1760555348481918200,21.255918212890624,-1.0005645751953125,-0.0028228759765625,-0.0138092041015625
1760555348491924000,21.265924072265626,-0.9940643310546875,-0.00787353515625,-0.0091705322265625
1760555348501930000,21.275929931640626,-0.9932098388671875,-0.014678955078125,-0.0141143798828125
1760555348511936000,21.28593603515625,-0.9966278076171875,-0.029571533203125,-0.0164337158203125
1760555348521942000,21.29594189453125,-0.9953155517578125,-0.0252685546875,-0.016326904296875
1760555348531948000,21.305947998046875,-0.9952545166015625,-0.01507568359375,-0.015411376953125
1760555348541953000,21.315953125,-1.0015411376953125,-0.0005645751953125,-0.0074005126953125
1760555348551959000,21.325958984375,-1.0071258544921875,0.0035400390625,-0.000579833984375
1760555348561965000,21.335965087890624,-1.0037994384765625,-0.0005950927734375,-0.000640869140625
1760555348571970800,21.345970703125,-0.9981842041015625,-0.0064849853515625,0.0010223388671875
1760555348581977000,21.35597705078125,-0.9955291748046875,-0.0057525634765625,0.0009765625
1760555348591983000,21.365983154296874,-0.998504638671875,0.000091552734375,-0.00323486328125
1760555348601989000,21.375989013671877,-1.001800537109375,-0.006591796875,-0.008148193359375
1760555348611994000,21.385994140625,-0.997894287109375,-0.0131378173828125,-0.011932373046875
1760555348621999900,21.395999755859375,-0.9938201904296875,-0.0082855224609375,-0.014892578125
1760555348632006000,21.406005859375,-0.9974822998046875,0.0007476806640625,-0.0153961181640625
1760555348642012200,21.41601220703125,-1.0049591064453125,0.008270263671875,-0.022705078125
1760555348652018200,21.42601806640625,-1.003326416015625,-0.0088958740234375,-0.0386810302734375
1760555348662024000,21.43602392578125,-0.9993133544921875,-0.0113372802734375,-0.0406951904296875
1760555348672030000,21.446030029296875,-1.0038299560546875,0.0005950927734375,-0.0308990478515625
1760555348682036000,21.456035888671874,-1.0007476806640625,0.00518798828125,-0.0294342041015625
1760555348692041000,21.466041015625,-1.003936767578125,-0.0000457763671875,-0.0240325927734375
1760555348702047200,21.476047119140624,-1.0003509521484375,-0.013641357421875,-0.025482177734375
1760555348712053000,21.486052978515627,-0.991058349609375,-0.0258941650390625,-0.024932861328125
1760555348722059000,21.49605908203125,-0.9905548095703125,-0.0162811279296875,-0.0244598388671875
1760555348732065000,21.50606494140625,-1.000030517578125,-0.006256103515625,-0.0249786376953125
1760555348742071000,21.516071044921876,-1.0063323974609375,-0.010528564453125,-0.02996826171875
1760555348752077000,21.5260771484375,-0.999298095703125,-0.02044677734375,-0.032989501953125
1760555348762082000,21.53608203125,-0.9929046630859375,-0.0250244140625,-0.0319671630859375
1760555348772088000,21.546088134765625,-0.98968505859375,-0.0317230224609375,-0.0322418212890625
1760555348782094000,21.556093994140625,-0.992218017578125,-0.029754638671875,-0.0324859619140625
1760555348792099800,21.566099853515624,-0.9986724853515625,-0.0245208740234375,-0.03564453125
1760555348802106000,21.576106201171875,-1.000457763671875,-0.022613525390625,-0.029754638671875
1760555348812112100,21.586112060546874,-0.993804931640625,-0.0221099853515625,-0.027099609375
1760555348822118100,21.5961181640625,-0.991363525390625,-0.02764892578125,-0.030517578125
1760555348832124000,21.6061240234375,-0.9924468994140625,-0.03289794921875,-0.0303497314453125
1760555348842129000,21.61612890625,-0.9961395263671875,-0.0286712646484375,-0.0278778076171875
1760555348852135000,21.626135009765626,-0.9980926513671875,-0.021942138671875,-0.02606201171875
1760555348862141200,21.63614111328125,-0.9965362548828125,-0.0156402587890625,-0.0244140625
1760555348872147200,21.646147216796876,-0.9968719482421875,-0.0200653076171875,-0.0223846435546875
1760555348882153000,21.656153076171876,-0.9978790283203125,-0.0222320556640625,-0.025238037109375
1760555348892159000,21.666158935546875,-0.9944305419921875,-0.0244598388671875,-0.0250244140625
1760555348902165000,21.6761650390625,-0.9937286376953125,-0.02398681640625,-0.025360107421875
1760555348912170000,21.686169921875,-0.9959259033203125,-0.01336669921875,-0.023834228515625
1760555348922176000,21.696176025390624,-1.00103759765625,-0.008575439453125,-0.024688720703125
1760555348932182000,21.70618212890625,-1.0043792724609375,-0.01171875,-0.0236358642578125
1760555348942188000,21.71618798828125,-0.999755859375,-0.022064208984375,-0.0267181396484375
1760555348952194000,21.726194091796874,-0.9926300048828125,-0.022705078125,-0.0273590087890625
1760555348962199800,21.73619970703125,-0.998504638671875,-0.015899658203125,-0.027099609375
1760555348972206000,21.7462060546875,-1.00054931640625,-0.015777587890625,-0.0324249267578125
1760555348982211000,21.756211181640627,-1.0045318603515625,-0.02056884765625,-0.0317840576171875
1760555348992217000,21.766217041015626,-0.9968109130859375,-0.0287322998046875,-0.0286407470703125
1760555349002223000,21.77622314453125,-0.9905853271484375,-0.022857666015625,-0.0254058837890625
1760555349012228900,21.786228759765624,-1.0004425048828125,-0.0059967041015625,-0.02239990234375
1760555349022235000,21.79623486328125,-1.0131683349609375,0.00408935546875,-0.017913818359375
1760555349032241200,21.8062412109375,-1.0120391845703125,-0.0080413818359375,-0.0133819580078125
1760555349042247200,21.8162470703125,-0.993988037109375,-0.02447509765625,-0.015869140625
1760555349052252200,21.826252197265624,-0.9896697998046875,-0.02288818359375,-0.01861572265625
1760555349062258000,21.8362578125,-0.98883056640625,-0.0332183837890625,-0.037261962890625
1760555349072264000,21.846263916015626,-0.9976959228515625,-0.05511474609375,-0.0426483154296875
1760555349082270200,21.856270263671874,-1.001617431640625,-0.0417633056640625,-0.0350341796875
1760555349092276200,21.866276123046877,-0.9844512939453125,-0.0450897216796875,-0.02496337890625
1760555349102282000,21.876281982421876,-0.9783172607421875,-0.0546417236328125,-0.0241851806640625
1760555349112288000,21.8862880859375,-0.98992919921875,-0.0428009033203125,-0.0224151611328125
1760555349122294000,21.8962939453125,-1.0020751953125,-0.034454345703125,-0.0281524658203125
1760555349132299000,21.906299072265625,-1.00341796875,-0.0283966064453125,-0.0352783203125
1760555349142305000,21.916304931640624,-0.9985809326171875,-0.024932861328125,-0.0338592529296875
1760555349152311000,21.92631103515625,-0.9942779541015625,-0.027801513671875,-0.032501220703125
1760555349162317000,21.936317138671875,-0.996826171875,-0.0338287353515625,-0.0337677001953125
1760555349172323000,21.946322998046874,-0.9982147216796875,-0.0411834716796875,-0.0323638916015625
1760555349182328800,21.956328857421877,-0.9924163818359375,-0.044525146484375,-0.03045654296875
1760555349192335000,21.966335205078124,-0.98785400390625,-0.04638671875,-0.0277862548828125
1760555349202340000,21.976340087890627,-0.989166259765625,-0.0528411865234375,-0.0264892578125
1760555349212346000,21.98634619140625,-0.98883056640625,-0.050872802734375,-0.0312652587890625
1760555349222352100,21.99635205078125,-0.994384765625,-0.04364013671875,-0.0371551513671875
1760555349232358000,22.00635791015625,-0.998687744140625,-0.0334625244140625,-0.0379180908203125
1760555349242364000,22.016364013671875,-0.9968109130859375,-0.03271484375,-0.042327880859375
1760555349252370200,22.0263701171875,-0.993316650390625,-0.043212890625,-0.0467071533203125
1760555349262376200,22.036376220703126,-0.993316650390625,-0.045196533203125,-0.0440826416015625
1760555349272381200,22.046381103515625,-0.9918975830078125,-0.0440673828125,-0.0413055419921875
1760555349282387000,22.056386962890624,-0.997283935546875,-0.0283050537109375,-0.03814697265625
1760555349292393700,22.066393798828123,-1.0059356689453125,-0.01165771484375,-0.0356597900390625
1760555349302399700,22.076399658203126,-1.002685546875,-0.025360107421875,-0.0388641357421875
1760555349312405500,22.086405517578125,-0.9956207275390625,-0.037994384765625,-0.0277099609375
1760555349322411800,22.096411865234376,-0.989471435546875,-0.0388946533203125,-0.01202392578125
1760555349332417800,22.106417724609376,-0.9849700927734375,-0.036285400390625,-0.005096435546875
1760555349342422800,22.1164228515625,-0.9940643310546875,-0.029998779296875,-0.0048675537109375
1760555349352428800,22.1264287109375,-0.9989776611328125,-0.0309600830078125,-0.0066986083984375
1760555349362434600,22.1364345703125,-0.99749755859375,-0.029449462890625,-0.007415771484375
1760555349372440600,22.146440673828124,-0.9926605224609375,-0.0223388671875,-0.0101165771484375
1760555349382446800,22.15644677734375,-0.99310302734375,-0.022125244140625,-0.0158233642578125
1760555349392452600,22.16645263671875,-1.0016326904296875,-0.024658203125,-0.025146484375
1760555349402458600,22.176458740234374,-1.002349853515625,-0.0272674560546875,-0.02996826171875
1760555349412463600,22.186463623046876,-0.99542236328125,-0.0316009521484375,-0.0281219482421875
1760555349422469600,22.1964697265625,-0.9925537109375,-0.0304107666015625,-0.022064208984375
1760555349432475600,22.2064755859375,-0.9936370849609375,-0.023956298828125,-0.0218048095703125
1760555349442481700,22.216481689453126,-1.002044677734375,-0.0179901123046875,-0.018646240234375
1760555349452487700,22.22648779296875,-1.0050811767578125,-0.0211944580078125,-0.010894775390625
1760555349462493700,22.23649365234375,-0.99554443359375,-0.0204315185546875,-0.0064544677734375
1760555349472499700,22.246499755859375,-0.9914398193359375,-0.022369384765625,-0.0002899169921875
1760555349482504700,22.256504638671874,-0.991241455078125,-0.0276336669921875,-0.004638671875
1760555349492510500,22.266510498046873,-0.9973602294921875,-0.0196533203125,-0.01190185546875
1760555349502516700,22.276516845703124,-1.0042266845703125,-0.0112762451171875,-0.0165557861328125
1760555349512522800,22.286522705078124,-1.004425048828125,-0.0082855224609375,-0.0189666748046875
1760555349522528800,22.29652880859375,-0.997955322265625,-0.015472412109375,-0.0191497802734375
1760555349532534500,22.306534423828126,-0.9980010986328125,-0.010986328125,-0.018096923828125
1760555349542540500,22.31654052734375,-0.999786376953125,-0.0089569091796875,-0.0160369873046875
1760555349552545500,22.326545654296876,-1.00360107421875,-0.0097808837890625,-0.01666259765625
1760555349562551800,22.3365517578125,-1.004119873046875,-0.009033203125,-0.0107574462890625
1760555349572557600,22.3465576171875,-0.9957733154296875,-0.00994873046875,-0.0096282958984375
1760555349582563600,22.3565634765625,-0.9967803955078125,-0.013671875,-0.008331298828125
1760555349592569600,22.366569580078124,-1.001556396484375,-0.0125732421875,-0.0060882568359375
1760555349602576000,22.376575927734375,-0.9998321533203125,-0.0147247314453125,-0.0089263916015625
1760555349612581600,22.38658154296875,-0.9977874755859375,-0.0117034912109375,-0.0086212158203125
1760555349622586600,22.396586669921874,-0.996307373046875,-0.010101318359375,-0.0114288330078125
1760555349632592600,22.406592529296876,-0.99810791015625,-0.0177764892578125,-0.017822265625
1760555349642598700,22.4165986328125,-1.0006256103515625,-0.0204315185546875,-0.0170135498046875
1760555349652604700,22.426604736328127,-0.9976348876953125,-0.0259246826171875,-0.0140380859375
1760555349662610700,22.436610595703126,-0.9912109375,-0.0300750732421875,-0.01092529296875
1760555349672616700,22.44661669921875,-0.9931640625,-0.0265655517578125,-0.0096435546875
1760555349682622700,22.456622802734376,-0.997833251953125,-0.0240631103515625,-0.0090179443359375
1760555349692627700,22.466627685546875,-0.9994659423828125,-0.027435302734375,-0.0093841552734375
1760555349702633700,22.4766337890625,-0.9951171875,-0.0267333984375,-0.006622314453125
1760555349712639500,22.486639404296874,-0.9912567138671875,-0.02484130859375,-0.0039825439453125
1760555349722645800,22.496645751953125,-0.9940032958984375,-0.02166748046875,-0.004364013671875
1760555349732651800,22.50665185546875,-1.0003814697265625,-0.0182342529296875,-0.007781982421875
1760555349742657500,22.516657470703127,-1.000274658203125,-0.0197906494140625,-0.010498046875
1760555349752663600,22.52666357421875,-0.9937896728515625,-0.0222625732421875,-0.01214599609375
1760555349762668500,22.53666845703125,-0.995025634765625,-0.0192413330078125,-0.0136260986328125
1760555349772674600,22.546674560546876,-0.99822998046875,-0.01300048828125,-0.0109710693359375
1760555349782680800,22.556680908203123,-1.0026702880859375,-0.0150604248046875,-0.010711669921875
1760555349792686600,22.5666865234375,-0.998504638671875,-0.0152130126953125,-0.0103607177734375
1760555349802692600,22.576692626953125,-0.998504638671875,-0.007843017578125,-0.0069427490234375
1760555349812698600,22.58669873046875,-0.996856689453125,-0.0089111328125,-0.00921630859375
1760555349822704600,22.59670458984375,-0.9983367919921875,-0.01531982421875,-0.0144805908203125
1760555349832709600,22.606709716796875,-0.9984130859375,-0.0237884521484375,-0.0172576904296875
1760555349842715600,22.616715576171874,-0.9957733154296875,-0.019012451171875,-0.015838623046875
1760555349852721700,22.6267216796875,-0.9961395263671875,-0.01068115234375,-0.0106964111328125
1760555349862727700,22.636727783203124,-0.99737548828125,-0.0174102783203125,-0.0147247314453125
1760555349872733700,22.646733642578123,-1.000762939453125,-0.023040771484375,-0.012420654296875
1760555349882739500,22.656739501953126,-0.996856689453125,-0.0223236083984375,-0.0116424560546875
1760555349892744700,22.66674462890625,-0.990814208984375,-0.02362060546875,-0.008392333984375
1760555349902750700,22.676750732421876,-0.995025634765625,-0.01947021484375,-0.0085601806640625
1760555349912756700,22.6867568359375,-0.999114990234375,-0.0211029052734375,-0.009735107421875
1760555349922762800,22.6967626953125,-0.9978485107421875,-0.024871826171875,-0.0142059326171875
1760555349932768500,22.7067685546875,-0.993896484375,-0.0243988037109375,-0.0146942138671875
1760555349942774800,22.71677490234375,-0.9923248291015625,-0.0205535888671875,-0.0156707763671875
1760555349952780800,22.72678076171875,-0.9969329833984375,-0.0187225341796875,-0.0211944580078125
1760555349962785800,22.736785888671875,-1.004547119140625,-0.016571044921875,-0.0220184326171875
1760555349972791600,22.74679150390625,-1.00177001953125,-0.0131072998046875,-0.0160980224609375
1760555349982797600,22.756797607421873,-0.9963226318359375,-0.0106048583984375,-0.010589599609375
1760555349992803600,22.766803466796876,-0.994293212890625,-0.0143585205078125,-0.0125579833984375
1760555350002809900,22.776809814453124,-0.998779296875,-0.0195159912109375,-0.017822265625
1760555350012815600,22.786815673828126,-0.9998931884765625,-0.019989013671875,-0.0160369873046875
1760555350022821600,22.796821533203126,-0.99639892578125,-0.0165863037109375,-0.0126190185546875
1760555350032826600,22.80682666015625,-0.9972991943359375,-0.0096588134765625,-0.007171630859375
1760555350042832600,22.81683251953125,-0.999237060546875,-0.0044097900390625,-0.0092620849609375
1760555350052838700,22.826838623046875,-1.0033111572265625,-0.010009765625,-0.0142364501953125
1760555350062844700,22.8368447265625,-0.9985198974609375,-0.0227508544921875,-0.02166748046875
1760555350072850700,22.8468505859375,-0.9938507080078125,-0.0257568359375,-0.018768310546875
1760555350082856700,22.856856689453124,-0.993621826171875,-0.017486572265625,-0.0168304443359375
1760555350092862700,22.86686279296875,-0.9990692138671875,-0.0151519775390625,-0.0209808349609375
1760555350102867700,22.87686767578125,-1.0020904541015625,-0.02532958984375,-0.020782470703125
1760555350112873500,22.88687353515625,-0.9952392578125,-0.0288848876953125,-0.0179595947265625
1760555350122879700,22.896879638671876,-0.989105224609375,-0.0241546630859375,-0.0135040283203125
1760555350132885800,22.9068857421875,-0.9922637939453125,-0.0206451416015625,-0.015960693359375
1760555350142891500,22.9168916015625,-1.001617431640625,-0.016754150390625,-0.0199127197265625
1760555350152897500,22.9268974609375,-1.002899169921875,-0.019195556640625,-0.0234832763671875
1760555350162902500,22.936902587890625,-0.99542236328125,-0.020538330078125,-0.02056884765625
1760555350172908500,22.946908447265624,-0.9906005859375,-0.024627685546875,-0.016632080078125
1760555350182914800,22.956914794921875,-0.99163818359375,-0.0274658203125,-0.0192108154296875
1760555350192920600,22.966920654296874,-0.998260498046875,-0.025726318359375,-0.019287109375
1760555350202926600,22.976926513671874,-0.998321533203125,-0.0227813720703125,-0.0182647705078125
1760555350212932600,22.9869326171875,-0.996734619140625,-0.01983642578125,-0.015167236328125
1760555350222939000,22.99693896484375,-0.993255615234375,-0.0197601318359375,-0.0159149169921875
1760555350232943900,23.00694384765625,-0.997650146484375,-0.0200958251953125,-0.0156097412109375
1760555350242949600,23.01694970703125,-0.999053955078125,-0.0210113525390625,-0.018707275390625
1760555350252955600,23.02695556640625,-0.9981231689453125,-0.025482177734375,-0.018096923828125
1760555350262961700,23.036961669921876,-0.996337890625,-0.020355224609375,-0.0159912109375
1760555350272967700,23.0469677734375,-0.9930572509765625,-0.0208740234375,-0.0193023681640625
1760555350282973700,23.0569736328125,-0.9976348876953125,-0.0201873779296875,-0.0179443359375
1760555350292979200,23.066979248046874,-0.998626708984375,-0.017120361328125,-0.01806640625
1760555350302984200,23.076984130859376,-0.998565673828125,-0.020782470703125,-0.0156097412109375
1760555350312990200,23.086990234375,-0.994964599609375,-0.021331787109375,-0.014556884765625
1760555350322996200,23.096996337890626,-0.9945068359375,-0.0191650390625,-0.0151214599609375
1760555350333002000,23.107001953125,-0.9979705810546875,-0.0213470458984375,-0.0167999267578125
1760555350343008300,23.11700830078125,-0.99859619140625,-0.0189666748046875,-0.0182342529296875
1760555350353014300,23.12701416015625,-0.9976959228515625,-0.0160675048828125,-0.01898193359375
1760555350363019300,23.137019287109375,-0.9952850341796875,-0.01702880859375,-0.019195556640625
1760555350373025300,23.147025390625,-1.00140380859375,-0.0128631591796875,-0.0153045654296875
1760555350383031000,23.157031005859373,-1.000823974609375,-0.0163421630859375,-0.01446533203125
1760555350393037000,23.167037109375,-0.9966278076171875,-0.0162353515625,-0.0168609619140625
1760555350403043300,23.177043212890624,-0.9959564208984375,-0.015350341796875,-0.0175018310546875
1760555350413049300,23.18704931640625,-0.9949493408203125,-0.017486572265625,-0.0186920166015625
1760555350423055000,23.19705517578125,-0.99859619140625,-0.01654052734375,-0.0163726806640625
1760555350433060000,23.20706005859375,-0.9988861083984375,-0.012969970703125,-0.01641845703125
1760555350443066000,23.217066162109376,-0.9987640380859375,-0.0111541748046875,-0.0150604248046875
1760555350453072100,23.227072021484375,-0.9990386962890625,-0.007568359375,-0.0150146484375
1760555350463078100,23.237078125,-0.997955322265625,-0.01287841796875,-0.0176849365234375
1760555350473084200,23.247084228515625,-0.9980621337890625,-0.016815185546875,-0.0188446044921875
1760555350483090200,23.257090087890624,-0.9960479736328125,-0.014190673828125,-0.016998291015625
1760555350493095200,23.26709521484375,-0.9980926513671875,-0.01678466796875,-0.0165252685546875
1760555350503101200,23.27710107421875,-0.997406005859375,-0.02166748046875,-0.019195556640625
1760555350513107000,23.28710693359375,-0.9981842041015625,-0.0166473388671875,-0.0173492431640625
1760555350523113200,23.29711328125,-0.998809814453125,-0.01153564453125,-0.0146026611328125
1760555350533119200,23.307119140625,-0.9990081787109375,-0.011627197265625,-0.0159454345703125
1760555350543125200,23.317125244140627,-0.999053955078125,-0.0098419189453125,-0.017486572265625
1760555350553131000,23.327131103515626,-0.9985198974609375,-0.0113372802734375,-0.0178680419921875
1760555350563136000,23.337135986328125,-0.9978485107421875,-0.0182647705078125,-0.018890380859375
1760555350573142000,23.34714208984375,-0.9958953857421875,-0.025848388671875,-0.0170135498046875
1760555350583148300,23.357148193359375,-0.9929962158203125,-0.02392578125,-0.0181732177734375
1760555350593154300,23.367154296875,-0.99493408203125,-0.022796630859375,-0.017303466796875
1760555350603160000,23.37716015625,-0.99774169921875,-0.01641845703125,-0.016448974609375
1760555350613166000,23.387166015625,-1.001617431640625,-0.0121002197265625,-0.016326904296875
1760555350623171000,23.397171142578124,-0.9982757568359375,-0.013458251953125,-0.0173797607421875
1760555350633177000,23.407177001953126,-0.9956817626953125,-0.014984130859375,-0.016876220703125
1760555350643183000,23.41718310546875,-0.9947967529296875,-0.0154571533203125,-0.0159454345703125
1760555350653189000,23.427189208984377,-0.998504638671875,-0.0138702392578125,-0.0159912109375
1760555350663195100,23.437195068359376,-0.998870849609375,-0.016204833984375,-0.017181396484375
1760555350673201200,23.447201171875,-0.9976959228515625,-0.0141143798828125,-0.0146942138671875
1760555350683207200,23.457207275390626,-0.9970855712890625,-0.01385498046875,-0.01373291015625
1760555350693212200,23.467212158203125,-0.996337890625,-0.013916015625,-0.0131683349609375
1760555350703218200,23.47721826171875,-1.0002899169921875,-0.00897216796875,-0.0120849609375
1760555350713224200,23.48722412109375,-1.0001068115234375,-0.010528564453125,-0.013702392578125
1760555350723230200,23.497230224609375,-0.997467041015625,-0.011383056640625,-0.0130157470703125
1760555350733236000,23.507236083984374,-0.997283935546875,-0.0103302001953125,-0.0133056640625
1760555350743242200,23.5172421875,-0.9969482421875,-0.01654052734375,-0.0159454345703125
1760555350753247200,23.527247314453124,-0.997467041015625,-0.02056884765625,-0.01849365234375
1760555350763253200,23.537253173828127,-0.998138427734375,-0.0200042724609375,-0.0167236328125
1760555350773259300,23.54725927734375,-0.9982147216796875,-0.0119781494140625,-0.0162200927734375
1760555350783265000,23.55726513671875,-1.00006103515625,-0.0119171142578125,-0.0173187255859375
1760555350793271000,23.56727099609375,-0.998779296875,-0.015777587890625,-0.015960693359375
1760555350803277300,23.57727734375,-0.997894287109375,-0.0222320556640625,-0.0164337158203125
1760555350813283300,23.587283447265627,-0.9938201904296875,-0.0235748291015625,-0.0155487060546875
1760555350823288300,23.597288330078126,-0.9924774169921875,-0.0223388671875,-0.0152435302734375
1760555350833294000,23.607294189453125,-0.99713134765625,-0.0224151611328125,-0.0160980224609375
1760555350843300000,23.617300048828124,-0.9973907470703125,-0.0195159912109375,-0.0152435302734375
1760555350853306000,23.62730615234375,-0.996826171875,-0.0227813720703125,-0.015960693359375
1760555350863312100,23.63731201171875,-0.9948577880859375,-0.022857666015625,-0.01434326171875
1760555350873318100,23.647318115234373,-0.9954071044921875,-0.0223846435546875,-0.0128021240234375
1760555350883323100,23.6573232421875,-0.9964752197265625,-0.0221710205078125,-0.014007568359375
1760555350893329200,23.6673291015625,-0.9976806640625,-0.02142333984375,-0.0131072998046875
1760555350903335200,23.677335205078126,-0.996734619140625,-0.0204315185546875,-0.0128326416015625
1760555350913341000,23.6873408203125,-0.9954376220703125,-0.019134521484375,-0.0148468017578125
1760555350923347200,23.69734716796875,-0.9977264404296875,-0.019927978515625,-0.0165557861328125
1760555350933353200,23.707353271484376,-1.0006561279296875,-0.01690673828125,-0.0147552490234375
1760555350943358200,23.717358154296875,-0.9975433349609375,-0.0189971923828125,-0.0168609619140625
1760555350953364200,23.7273642578125,-0.996612548828125,-0.0206451416015625,-0.01727294921875
1760555350963370000,23.737369873046877,-0.99578857421875,-0.0230560302734375,-0.013946533203125
1760555350973376300,23.747376220703124,-0.9949798583984375,-0.0197296142578125,-0.0151824951171875
1760555350983382300,23.75738232421875,-0.9986419677734375,-0.0150299072265625,-0.0165863037109375
1760555350993388300,23.76738818359375,-1.000885009765625,-0.01336669921875,-0.01678466796875
1760555351003393300,23.777393310546874,-0.999176025390625,-0.015045166015625,-0.01593017578125
1760555351013399000,23.78739892578125,-0.9983978271484375,-0.0147552490234375,-0.0149078369140625
1760555351023405000,23.797405029296876,-0.9999237060546875,-0.0128936767578125,-0.015899658203125
1760555351033411300,23.807411376953127,-1.000091552734375,-0.0137939453125,-0.015289306640625
1760555351043417000,23.8174169921875,-1.000946044921875,-0.0144500732421875,-0.0113525390625
1760555351053423000,23.827423095703125,-0.9969024658203125,-0.0206298828125,-0.014129638671875
1760555351063429000,23.83742919921875,-0.9947509765625,-0.021514892578125,-0.0147247314453125
1760555351073434000,23.84743408203125,-0.99810791015625,-0.0217742919921875,-0.0115509033203125
1760555351083440000,23.857440185546874,-0.99560546875,-0.0211639404296875,-0.0114593505859375
1760555351093446100,23.867446044921873,-0.9977264404296875,-0.0197906494140625,-0.007049560546875
1760555351103452200,23.8774521484375,-0.9983978271484375,-0.02069091796875,-0.009124755859375
1760555351113458200,23.887458251953124,-0.998260498046875,-0.0166015625,-0.0115203857421875
1760555351123464200,23.897464111328127,-0.998809814453125,-0.011962890625,-0.0159759521484375
1760555351133469200,23.90746923828125,-0.999969482421875,-0.0181884765625,-0.014862060546875
1760555351143475000,23.917474853515625,-0.997344970703125,-0.0222320556640625,-0.0139923095703125
1760555351153481200,23.927481201171876,-0.992218017578125,-0.0268707275390625,-0.0139617919921875
1760555351163487200,23.9374873046875,-0.9933624267578125,-0.0319976806640625,-0.011962890625
1760555351173493200,23.9474931640625,-0.99078369140625,-0.0379486083984375,-0.0124053955078125
1760555351183499000,23.9574990234375,-0.9907684326171875,-0.03363037109375,-0.012603759765625
1760555351193504000,23.96750390625,-0.99285888671875,-0.0313873291015625,-0.01080322265625
1760555351203510000,23.977510009765624,-0.994354248046875,-0.0287017822265625,-0.01171875
1760555351213516300,23.987516357421875,-0.9957733154296875,-0.02337646484375,-0.0138702392578125
1760555351223522300,23.997522216796874,-0.9970550537109375,-0.0236968994140625,-0.01092529296875
1760555351233526300,24.0075263671875,-0.9957122802734375,-0.025390625,-0.01348876953125
1760555351243531300,24.01753125,-0.9958648681640625,-0.025482177734375,-0.01519775390625
1760555351253537300,24.027537353515626,-0.9971923828125,-0.0194244384765625,-0.0170135498046875
1760555351263543000,24.03754296875,-0.9997100830078125,-0.017486572265625,-0.0191802978515625
1760555351273549000,24.047549072265625,-1.0013580322265625,-0.02032470703125,-0.02325439453125
1760555351283555300,24.057555419921876,-0.9965667724609375,-0.0208282470703125,-0.0222015380859375
1760555351293561300,24.067561279296875,-0.994476318359375,-0.0186614990234375,-0.0209503173828125
1760555351303566800,24.07756689453125,-0.9984130859375,-0.012481689453125,-0.0193328857421875
1760555351313572900,24.08757275390625,-1.0019378662109375,-0.011810302734375,-0.019378662109375
1760555351323579000,24.097578857421876,-1.0007781982421875,-0.0125579833984375,-0.020538330078125
1760555351333585000,24.1075849609375,-0.999603271484375,-0.0135345458984375,-0.0160675048828125
1760555351343591000,24.1175908203125,-0.996429443359375,-0.0173492431640625,-0.015960693359375
1760555351353597000,24.127596923828126,-0.9961700439453125,-0.0219573974609375,-0.017425537109375
1760555351363603000,24.13760302734375,-0.99676513671875,-0.025421142578125,-0.018524169921875
1760555351373608000,24.14760791015625,-0.995941162109375,-0.0221405029296875,-0.018035888671875
1760555351383614000,24.157614013671875,-0.99676513671875,-0.0206756591796875,-0.0172119140625
1760555351393620000,24.167619873046874,-0.996826171875,-0.0202178955078125,-0.015655517578125
1760555351403626000,24.1776259765625,-0.9990692138671875,-0.0210723876953125,-0.0201568603515625
1760555351413632000,24.187632080078124,-0.9977569580078125,-0.02166748046875,-0.0194854736328125
1760555351423637800,24.1976376953125,-0.998046875,-0.0197601318359375,-0.0173187255859375
1760555351433642800,24.207642822265626,-0.9970855712890625,-0.020751953125,-0.0164794921875
1760555351443649000,24.21764892578125,-0.99542236328125,-0.024169921875,-0.0185546875
1760555351453655000,24.227655029296876,-0.9954376220703125,-0.026702880859375,-0.020904541015625
1760555351463661000,24.2376611328125,-0.9973907470703125,-0.0267333984375,-0.0187225341796875
1760555351473666800,24.247666748046875,-0.9966888427734375,-0.0253753662109375,-0.0180206298828125
1760555351483672800,24.2576728515625,-0.996368408203125,-0.027740478515625,-0.01983642578125
1760555351493677800,24.267677734375,-0.9955902099609375,-0.0287628173828125,-0.02081298828125
1760555351503684000,24.27768408203125,-0.996673583984375,-0.0258331298828125,-0.019989013671875
1760555351513690000,24.287690185546875,-0.9963226318359375,-0.020172119140625,-0.01763916015625
1760555351523695900,24.29769580078125,-0.9983673095703125,-0.0135040283203125,-0.013824462890625
1760555351533702000,24.307701904296874,-0.9993896484375,-0.016143798828125,-0.0130462646484375
1760555351543708000,24.3177080078125,-0.99700927734375,-0.0217742919921875,-0.01068115234375
1760555351553713000,24.327712890625,-0.9958038330078125,-0.0233612060546875,-0.0075531005859375
1760555351563719000,24.337718994140626,-0.9969482421875,-0.0194854736328125,-0.0036468505859375
1760555351573725000,24.347724853515626,-0.997161865234375,-0.0153045654296875,-0.006011962890625
1760555351583731000,24.35773095703125,-0.998809814453125,-0.0178680419921875,-0.01202392578125
1760555351593737000,24.367737060546876,-1.000091552734375,-0.019012451171875,-0.0177459716796875
1760555351603742700,24.37774267578125,-0.9967803955078125,-0.0189666748046875,-0.01806640625
1760555351613750000,24.38775,-0.994293212890625,-0.0183563232421875,-0.0158233642578125
1760555351623756000,24.397756103515626,-0.996826171875,-0.022247314453125,-0.0161285400390625
1760555351633761800,24.40776171875,-0.996734619140625,-0.0215911865234375,-0.0137786865234375
1760555351643766800,24.417766845703124,-0.996063232421875,-0.01873779296875,-0.0129547119140625
1760555351653773000,24.42777294921875,-0.995849609375,-0.0162200927734375,-0.0124664306640625
1760555351663779000,24.437779052734374,-0.9965972900390625,-0.0202484130859375,-0.011871337890625
1760555351673785000,24.44778515625,-0.996978759765625,-0.0201416015625,-0.009765625
1760555351683790800,24.457790771484376,-0.998382568359375,-0.015106201171875,-0.0066986083984375
1760555351693796900,24.467796875,-0.9983978271484375,-0.0147705078125,-0.009613037109375
1760555351703801900,24.4778017578125,-1.0010223388671875,-0.015228271484375,-0.0107421875
1760555351713808100,24.48780810546875,-0.999267578125,-0.011962890625,-0.0135498046875
1760555351723814000,24.49781396484375,-0.99700927734375,-0.0161895751953125,-0.0126495361328125
1760555351733820000,24.50781982421875,-0.993621826171875,-0.0193939208984375,-0.014617919921875
1760555351743826000,24.517825927734375,-0.9979095458984375,-0.0181427001953125,-0.01605224609375
1760555351753832000,24.52783203125,-0.9947662353515625,-0.0220184326171875,-0.01513671875
1760555351763837000,24.5378369140625,-0.9948272705078125,-0.023834228515625,-0.014129638671875
1760555351773843000,24.547843017578124,-0.9950103759765625,-0.0158538818359375,-0.0095367431640625
1760555351783849000,24.557848876953123,-0.99798583984375,-0.0135345458984375,-0.0102996826171875
1760555351793855000,24.56785498046875,-1.00177001953125,-0.0091552734375,-0.0120697021484375
1760555351803861000,24.577861083984374,-0.9989776611328125,-0.0101776123046875,-0.0116729736328125
1760555351813866800,24.58786669921875,-0.99774169921875,-0.0133514404296875,-0.0146484375
1760555351823871700,24.597871826171875,-0.9945068359375,-0.014434814453125,-0.016143798828125
1760555351833878000,24.6078779296875,-0.9953460693359375,-0.01824951171875,-0.0197296142578125
1760555351843884000,24.617884033203126,-0.9980010986328125,-0.0143890380859375,-0.0231170654296875
1760555351853890000,24.62789013671875,-1.00042724609375,-0.0055694580078125,-0.0172576904296875
1760555351863895800,24.637895751953124,-1.000640869140625,-0.00372314453125,-0.01605224609375
1760555351873901800,24.64790185546875,-0.999847412109375,-0.0053253173828125,-0.015838623046875
1760555351883906800,24.65790673828125,-0.9994354248046875,-0.0098876953125,-0.0134124755859375
1760555351893913000,24.6679130859375,-0.997222900390625,-0.015777587890625,-0.0158233642578125
1760555351903919000,24.677919189453124,-0.9958648681640625,-0.0175018310546875,-0.016021728515625
1760555351913924900,24.6879248046875,-0.9962921142578125,-0.0158843994140625,-0.018463134765625
1760555351923931000,24.697930908203126,-0.99737548828125,-0.018096923828125,-0.022125244140625
1760555351933937000,24.70793701171875,-0.9965972900390625,-0.0196075439453125,-0.02685546875
1760555351943942100,24.717942138671877,-0.998931884765625,-0.0108795166015625,-0.0259246826171875
1760555351953948000,24.727947998046876,-1.0002899169921875,-0.009765625,-0.0229949951171875
1760555351963954000,24.737953857421875,-0.9967803955078125,-0.0194549560546875,-0.02239990234375
1760555351973960000,24.7479599609375,-0.9963226318359375,-0.0193939208984375,-0.02142333984375
1760555351983966000,24.757966064453125,-0.9940185546875,-0.0170745849609375,-0.0160980224609375
1760555351993972000,24.767971923828124,-0.99462890625,-0.020294189453125,-0.0174102783203125
1760555352003977000,24.77797705078125,-0.9984283447265625,-0.0162200927734375,-0.017303466796875
1760555352013983000,24.78798291015625,-0.9985198974609375,-0.0128021240234375,-0.014495849609375
1760555352023989000,24.797989013671874,-0.9979248046875,-0.0172271728515625,-0.01422119140625
1760555352033995000,24.8079951171875,-0.994873046875,-0.0199127197265625,-0.0146942138671875
1760555352044000800,24.818000732421876,-0.9935302734375,-0.020843505859375,-0.0184326171875
1760555352054007000,24.828007080078127,-0.996368408203125,-0.0194244384765625,-0.0158538818359375
1760555352064012000,24.838011962890626,-0.996368408203125,-0.0156097412109375,-0.0148162841796875
1760555352074018000,24.84801806640625,-0.9968719482421875,-0.0147857666015625,-0.016937255859375
1760555352084024000,24.858024169921876,-0.9969329833984375,-0.009368896484375,-0.0172119140625
1760555352094029800,24.86802978515625,-1.0007171630859375,-0.0086517333984375,-0.0199127197265625
1760555352104035800,24.878035888671874,-0.999420166015625,-0.011444091796875,-0.0204620361328125
1760555352114042000,24.8880419921875,-0.996917724609375,-0.018218994140625,-0.02178955078125
1760555352124047000,24.898047119140625,-0.9943695068359375,-0.0175018310546875,-0.018646240234375
1760555352134052900,24.908052978515624,-0.995819091796875,-0.0169525146484375,-0.0176239013671875
1760555352144059000,24.918058837890626,-0.9990386962890625,-0.0167083740234375,-0.0142364501953125
1760555352154065000,24.92806494140625,-0.9956512451171875,-0.016204833984375,-0.01251220703125
1760555352164071000,24.93807080078125,-0.9940185546875,-0.01434326171875,-0.0175933837890625
1760555352174077000,24.948076904296876,-0.9989776611328125,-0.01263427734375,-0.0155792236328125
1760555352184082000,24.95808203125,-0.999237060546875,-0.0157470703125,-0.019256591796875
1760555352194088000,24.968087890625,-0.99713134765625,-0.0198211669921875,-0.0235443115234375
1760555352204094000,24.978093994140625,-0.9939422607421875,-0.0147857666015625,-0.02020263671875
1760555352214100000,24.988099853515624,-0.99658203125,-0.01043701171875,-0.0199432373046875
1760555352224105700,24.998105712890624,-0.9990386962890625,-0.0095367431640625,-0.022308349609375
1760555352234112000,25.008112060546875,-1.00006103515625,-0.009521484375,-0.018646240234375
1760555352244117000,25.018116943359374,-0.9998321533203125,-0.0124359130859375,-0.0143280029296875
1760555352254123000,25.028123046875,-0.993499755859375,-0.014892578125,-0.0153045654296875
1760555352264129000,25.03812890625,-0.99566650390625,-0.011138916015625,-0.01654052734375
1760555352274134800,25.048134765625,-1.0007781982421875,-0.009124755859375,-0.0176239013671875
1760555352284141000,25.05814111328125,-0.9998779296875,-0.013397216796875,-0.019683837890625
1760555352294147000,25.06814697265625,-0.99456787109375,-0.021636962890625,-0.02166748046875
1760555352304152000,25.078152099609376,-0.9910430908203125,-0.0208587646484375,-0.0218353271484375
1760555352314158000,25.088157958984375,-0.99462890625,-0.0162506103515625,-0.0210418701171875
1760555352324163800,25.098163818359374,-1.001220703125,-0.015869140625,-0.02117919921875
1760555352334169900,25.108169921875,-1.0005340576171875,-0.0133819580078125,-0.0166778564453125
1760555352344175900,25.11817578125,-0.9972076416015625,-0.0123138427734375,-0.0175018310546875
1760555352354182000,25.128181884765624,-0.99481201171875,-0.0100250244140625,-0.0152587890625
1760555352364187000,25.138186767578127,-0.99774169921875,-0.0164031982421875,-0.0199737548828125
1760555352374193000,25.14819287109375,-0.996978759765625,-0.023101806640625,-0.021331787109375
1760555352384199000,25.158198974609373,-0.994354248046875,-0.0213775634765625,-0.018829345703125
1760555352394205000,25.168204833984376,-0.9930419921875,-0.0130767822265625,-0.01495361328125
1760555352404210700,25.178210693359375,-1.000244140625,-0.007293701171875,-0.01495361328125
1760555352414215700,25.188215576171874,-1.003143310546875,-0.00408935546875,-0.01611328125
1760555352424222000,25.198221923828125,-1.0037384033203125,-0.0009613037109375,-0.014739990234375
1760555352434228000,25.20822802734375,-1.0003814697265625,-0.003021240234375,-0.0131988525390625
1760555352444234000,25.21823388671875,-0.99713134765625,-0.005126953125,-0.0143890380859375
1760555352454239700,25.22823974609375,-0.997039794921875,-0.01177978515625,-0.0161895751953125
1760555352464245800,25.238245849609374,-0.9977569580078125,-0.01788330078125,-0.017974853515625
1760555352474250800,25.248250732421877,-0.99786376953125,-0.0152587890625,-0.0137481689453125
1760555352484257000,25.258257080078124,-0.9958953857421875,-0.01495361328125,-0.0123443603515625
1760555352494263000,25.268262939453123,-0.997589111328125,-0.0095367431640625,-0.0138092041015625
1760555352504268800,25.278268798828126,-0.9995574951171875,-0.01287841796875,-0.01678466796875
1760555352514274800,25.28827490234375,-1.00103759765625,-0.00830078125,-0.015350341796875
1760555352524281000,25.298281005859376,-1.001129150390625,-0.006103515625,-0.013031005859375
1760555352534286000,25.3082861328125,-0.9945831298828125,-0.0096588134765625,-0.0127716064453125
1760555352544292000,25.3182919921875,-0.9969329833984375,-0.0129547119140625,-0.01129150390625
1760555352554297900,25.3282978515625,-0.9975433349609375,-0.01947021484375,-0.014892578125
1760555352564304000,25.338303955078125,-0.996307373046875,-0.01959228515625,-0.01593017578125
1760555352574310000,25.348309814453124,-0.9940338134765625,-0.0169219970703125,-0.01611328125
1760555352584316000,25.35831591796875,-0.9936065673828125,-0.0193023681640625,-0.01885986328125
1760555352594321000,25.36832080078125,-0.996673583984375,-0.0149993896484375,-0.0166015625
1760555352604327000,25.378326904296873,-1.0001068115234375,-0.0101165771484375,-0.0164794921875
1760555352614333000,25.3883330078125,-1.0006256103515625,-0.0084991455078125,-0.015869140625
1760555352624339000,25.3983388671875,-0.997772216796875,-0.0093841552734375,-0.0117645263671875
1760555352634344700,25.4083447265625,-0.9991455078125,-0.0079498291015625,-0.013885498046875
1760555352644351000,25.41835107421875,-1.0005645751953125,-0.006439208984375,-0.0160064697265625
1760555352654356000,25.42835595703125,-0.9990386962890625,-0.0110015869140625,-0.01513671875
1760555352664362000,25.438362060546876,-0.9958038330078125,-0.0187530517578125,-0.0118255615234375
1760555352674368000,25.448367919921875,-0.9920196533203125,-0.01934814453125,-0.01287841796875
1760555352684373800,25.458373779296874,-0.9933013916015625,-0.0153961181640625,-0.0107421875
1760555352694379800,25.4683798828125,-0.999725341796875,-0.0128326416015625,-0.0147247314453125
1760555352704384800,25.478384765625,-1.0025177001953125,-0.0141754150390625,-0.0184173583984375
1760555352714391000,25.48839111328125,-0.997039794921875,-0.01312255859375,-0.0168304443359375
1760555352724397000,25.49839697265625,-0.993377685546875,-0.01776123046875,-0.015869140625
1760555352734402800,25.50840283203125,-0.9944610595703125,-0.0189208984375,-0.0137786865234375
1760555352744408800,25.518408935546876,-0.9988555908203125,-0.0155181884765625,-0.0157470703125
1760555352754414800,25.528414794921876,-0.997406005859375,-0.0185699462890625,-0.0161285400390625
1760555352764419800,25.538419921875,-0.9943084716796875,-0.0161590576171875,-0.0162353515625
1760555352774425900,25.54842578125,-0.99566650390625,-0.0114593505859375,-0.0143280029296875
1760555352784431900,25.558431884765625,-1.0001983642578125,-0.0086517333984375,-0.0120086669921875
1760555352794438000,25.56843798828125,-1.00341796875,-0.0040740966796875,-0.015167236328125
1760555352804444000,25.57844384765625,-1.0011138916015625,-0.0081939697265625,-0.0146484375
1760555352814449000,25.588448974609374,-0.99591064453125,-0.0111846923828125,-0.0119476318359375
1760555352824455000,25.598454833984373,-0.9942474365234375,-0.0129547119140625,-0.0147857666015625
1760555352834461000,25.6084609375,-0.998138427734375,-0.0139007568359375,-0.01470947265625
1760555352844467000,25.618467041015624,-0.998199462890625,-0.0175018310546875,-0.0166473388671875
1760555352854473000,25.628472900390626,-0.9970550537109375,-0.015899658203125,-0.0162353515625
1760555352864478700,25.638478759765626,-0.9937896728515625,-0.013671875,-0.0167236328125
1760555352874483700,25.648483642578125,-0.9968719482421875,-0.015411376953125,-0.0154266357421875
1760555352884490000,25.658489990234376,-0.9975433349609375,-0.014434814453125,-0.016754150390625
1760555352894496000,25.66849609375,-0.9974517822265625,-0.0128326416015625,-0.019195556640625
1760555352904502000,25.678501953125,-0.9976043701171875,-0.01153564453125,-0.015655517578125
1760555352914507800,25.6885078125,-0.9969329833984375,-0.0151824951171875,-0.0167236328125
1760555352924513800,25.698513671875,-0.997955322265625,-0.017425537109375,-0.0164794921875
1760555352934518800,25.708518798828123,-0.9981231689453125,-0.01141357421875,-0.0125579833984375
1760555352944525000,25.718525146484374,-0.999298095703125,-0.0120697021484375,-0.01434326171875
1760555352954531000,25.728531005859374,-0.99957275390625,-0.0121307373046875,-0.01519775390625
1760555352964536800,25.738536865234376,-0.9978179931640625,-0.0118865966796875,-0.0141448974609375
1760555352974542800,25.74854296875,-0.9966583251953125,-0.0152740478515625,-0.019134521484375
1760555352984547800,25.7585478515625,-0.9966888427734375,-0.014739990234375,-0.016998291015625
1760555352994553900,25.768553955078126,-0.9995574951171875,-0.009552001953125,-0.0165557861328125
1760555353004560000,25.778559814453125,-1.0005340576171875,-0.0079498291015625,-0.0145263671875
1760555353014566000,25.78856591796875,-1.0001983642578125,-0.0102996826171875,-0.0136871337890625
1760555353024572000,25.798572021484375,-0.9981536865234375,-0.0100860595703125,-0.014251708984375
1760555353034578000,25.808577880859374,-0.997314453125,-0.0105438232421875,-0.0129547119140625
1760555353044583000,25.8185830078125,-0.9987030029296875,-0.009368896484375,-0.015228271484375
1760555353054588700,25.828588623046876,-1.0013580322265625,-0.009857177734375,-0.017303466796875
1760555353064595000,25.838594970703124,-0.9981231689453125,-0.014984130859375,-0.0160064697265625
1760555353074601000,25.84860107421875,-0.9944305419921875,-0.01678466796875,-0.01556396484375
1760555353084607000,25.85860693359375,-0.9932403564453125,-0.0193939208984375,-0.017059326171875
1760555353094612700,25.86861279296875,-0.9968719482421875,-0.02008056640625,-0.0150604248046875
1760555353104617700,25.87861767578125,-0.9986724853515625,-0.01727294921875,-0.0177001953125
1760555353114624000,25.8886240234375,-0.9957275390625,-0.0178375244140625,-0.0149383544921875
1760555353124630000,25.898630126953126,-0.9967803955078125,-0.01678466796875,-0.01373291015625
1760555353134636000,25.908635986328125,-0.994537353515625,-0.0182342529296875,-0.0151214599609375
1760555353144641800,25.918641845703124,-0.99652099609375,-0.018524169921875,-0.0164794921875
1760555353154646800,25.928646728515623,-0.999908447265625,-0.0170745849609375,-0.015838623046875
1760555353164652800,25.93865283203125,-0.9973907470703125,-0.016265869140625,-0.013458251953125
1760555353174659000,25.9486591796875,-0.9950103759765625,-0.0164642333984375,-0.0144805908203125
1760555353184665000,25.9586650390625,-0.9971923828125,-0.0128021240234375,-0.015960693359375
1760555353194670800,25.9686708984375,-1.000152587890625,-0.009918212890625,-0.0158843994140625
1760555353204676900,25.9786767578125,-1.001556396484375,-0.0091094970703125,-0.01593017578125
1760555353214681900,25.988681884765626,-0.998870849609375,-0.008087158203125,-0.01617431640625
1760555353224687900,25.99868798828125,-0.998748779296875,-0.006988525390625,-0.0124664306640625
1760555353234694000,26.00869384765625,-0.9998016357421875,-0.0064544677734375,-0.0126495361328125
1760555353244700000,26.018699951171875,-1.0013885498046875,-0.0049591064453125,-0.01556396484375
1760555353254706000,26.028705810546874,-1.0019073486328125,-0.0097198486328125,-0.0130615234375
1760555353264711000,26.0387109375,-0.9962158203125,-0.0124053955078125,-0.011474609375
1760555353274717000,26.048717041015625,-0.99407958984375,-0.018341064453125,-0.014129638671875
1760555353284722700,26.05872265625,-0.997100830078125,-0.01422119140625,-0.0107574462890625
1760555353294729000,26.06872900390625,-1.00244140625,-0.011871337890625,-0.0108642578125
1760555353304734500,26.078734375,-0.9992218017578125,-0.011260986328125,-0.0128631591796875
1760555353314740500,26.088740478515625,-0.9985198974609375,-0.007843017578125,-0.0103607177734375
1760555353324745500,26.098745361328124,-0.9971466064453125,-0.014373779296875,-0.016876220703125
1760555353334751500,26.10875146484375,-0.9945220947265625,-0.02459716796875,-0.0237884521484375
1760555353344757500,26.118757568359374,-0.995452880859375,-0.0311126708984375,-0.02191162109375
1760555353354763500,26.128763427734373,-0.99176025390625,-0.029937744140625,-0.0176849365234375
1760555353364769500,26.13876953125,-0.9878997802734375,-0.033294677734375,-0.015960693359375
1760555353374774500,26.1487744140625,-0.9893951416015625,-0.03204345703125,-0.0184173583984375
1760555353384780500,26.158780517578126,-0.997650146484375,-0.025238037109375,-0.022186279296875
1760555353394786600,26.16878662109375,-1.0001678466796875,-0.021331787109375,-0.02197265625
1760555353404792600,26.17879248046875,-0.9984283447265625,-0.0200958251953125,-0.0170440673828125
1760555353414798600,26.188798583984376,-0.9938507080078125,-0.0198822021484375,-0.0169219970703125
1760555353424804400,26.198804443359375,-0.9959564208984375,-0.0189361572265625,-0.0151214599609375
1760555353434809300,26.208809326171874,-1.000518798828125,-0.01580810546875,-0.0133514404296875
1760555353444815600,26.218815673828125,-1.0009002685546875,-0.01141357421875,-0.01416015625
1760555353454821600,26.228821533203124,-0.9979095458984375,-0.00909423828125,-0.0136566162109375
1760555353464827600,26.23882763671875,-0.99615478515625,-0.010528564453125,-0.0129547119140625
1760555353474833400,26.24883349609375,-0.997406005859375,-0.0117034912109375,-0.0167083740234375
1760555353484838400,26.25883837890625,-1.0005340576171875,-0.0096893310546875,-0.0187530517578125
1760555353494844400,26.268844482421876,-0.999267578125,-0.008056640625,-0.016937255859375
1760555353504850700,26.2788505859375,-0.99444580078125,-0.015106201171875,-0.0172576904296875
1760555353514856700,26.288856689453127,-0.9958343505859375,-0.0180511474609375,-0.017486572265625
1760555353524862500,26.298862548828126,-0.99920654296875,-0.017120361328125,-0.019317626953125
1760555353534868500,26.308868408203125,-0.998687744140625,-0.0150146484375,-0.0184478759765625
1760555353544873500,26.31887353515625,-0.9976654052734375,-0.014923095703125,-0.014862060546875
1760555353554879500,26.32887939453125,-0.9945220947265625,-0.018585205078125,-0.0136260986328125
1760555353564885500,26.338885498046874,-0.9965972900390625,-0.0182037353515625,-0.0165252685546875
1760555353574891500,26.3488916015625,-0.999237060546875,-0.016815185546875,-0.0212249755859375
1760555353584897500,26.3588974609375,-1.0004425048828125,-0.0141754150390625,-0.0222930908203125
1760555353594902500,26.368902587890624,-0.998291015625,-0.013916015625,-0.019439697265625
1760555353604908500,26.378908447265626,-0.9969940185546875,-0.014678955078125,-0.0206146240234375
1760555353614914300,26.388914306640626,-0.9973602294921875,-0.0162811279296875,-0.0220184326171875
1760555353624920600,26.398920654296877,-0.998992919921875,-0.0189361572265625,-0.0233306884765625
1760555353634926600,26.408926513671876,-0.9989166259765625,-0.017974853515625,-0.0212249755859375
1760555353644932600,26.4189326171875,-0.994720458984375,-0.01751708984375,-0.0204620361328125
1760555353654937600,26.4289375,-0.9954833984375,-0.0193023681640625,-0.0169219970703125
1760555353664943400,26.438943359375,-0.995330810546875,-0.0185699462890625,-0.0201263427734375
1760555353674949600,26.44894970703125,-1.0000762939453125,-0.012298583984375,-0.0241546630859375
1760555353684955600,26.45895556640625,-1.0009307861328125,-0.01171875,-0.02362060546875
1760555353694961700,26.468961669921875,-0.9991912841796875,-0.011566162109375,-0.0216522216796875
1760555353704966700,26.478966552734374,-0.998443603515625,-0.0135955810546875,-0.024261474609375
1760555353714972400,26.488972412109376,-0.9966278076171875,-0.0192718505859375,-0.0253448486328125
1760555353724978400,26.498978515625,-0.99578857421875,-0.02099609375,-0.02569580078125
1760555353734984700,26.508984619140627,-0.9957275390625,-0.0229644775390625,-0.0268096923828125
1760555353744990500,26.518990478515626,-0.995513916015625,-0.02130126953125,-0.0247650146484375
1760555353754996500,26.52899658203125,-0.998321533203125,-0.0180511474609375,-0.0256500244140625
1760555353765001500,26.53900146484375,-1.000244140625,-0.0181884765625,-0.02313232421875
1760555353775007500,26.549007568359375,-0.9976043701171875,-0.0202484130859375,-0.023895263671875
1760555353785013500,26.559013427734374,-0.9953155517578125,-0.018798828125,-0.0218505859375
1760555353795019500,26.56901953125,-0.99713134765625,-0.0181884765625,-0.0200653076171875
1760555353805025500,26.579025634765625,-0.9990081787109375,-0.0187225341796875,-0.0196075439453125
1760555353815030500,26.589030517578124,-0.99749755859375,-0.021575927734375,-0.017669677734375
1760555353825036500,26.59903662109375,-0.9938201904296875,-0.021087646484375,-0.0179595947265625
1760555353835042600,26.60904248046875,-0.99322509765625,-0.018310546875,-0.0164642333984375
1760555353845048300,26.61904833984375,-0.9977874755859375,-0.0178070068359375,-0.016693115234375
1760555353855054600,26.6290546875,-0.9998626708984375,-0.0154876708984375,-0.0182952880859375
1760555353865059600,26.6390595703125,-0.9999237060546875,-0.01495361328125,-0.0167999267578125
1760555353875065600,26.649065673828126,-1.0000152587890625,-0.0162353515625,-0.0162353515625
1760555353885071600,26.659071533203125,-0.9943695068359375,-0.0187835693359375,-0.0180206298828125
1760555353895077400,26.669077392578124,-0.9971771240234375,-0.02008056640625,-0.024078369140625
1760555353905083400,26.67908349609375,-1.0001220703125,-0.01922607421875,-0.0236663818359375
1760555353915089700,26.689089599609375,-0.9997100830078125,-0.017791748046875,-0.020660400390625
1760555353925094700,26.6990947265625,-0.9962615966796875,-0.018402099609375,-0.0175628662109375
1760555353935100700,26.7091005859375,-0.9948272705078125,-0.02166748046875,-0.010894775390625
1760555353945106400,26.7191064453125,-0.995025634765625,-0.0186614990234375,-0.0123291015625
1760555353955112400,26.729112548828127,-0.9971771240234375,-0.017242431640625,-0.0111083984375
1760555353965118700,26.73911865234375,-0.997589111328125,-0.0204315185546875,-0.0130615234375
1760555353975123700,26.749123779296873,-0.9957733154296875,-0.0191192626953125,-0.0146942138671875
1760555353985129500,26.75912939453125,-0.9958648681640625,-0.016937255859375,-0.0174713134765625
1760555353995135500,26.769135498046875,-0.9976959228515625,-0.0173797607421875,-0.0218658447265625
1760555354005141500,26.7791416015625,-1.0001220703125,-0.022064208984375,-0.027252197265625
1760555354015147500,26.7891474609375,-0.9977569580078125,-0.0248565673828125,-0.028961181640625
1760555354025152500,26.799152587890624,-0.9961395263671875,-0.0239105224609375,-0.0248870849609375
1760555354035158500,26.809158447265624,-0.9936065673828125,-0.02398681640625,-0.0211029052734375
1760555354045164500,26.81916455078125,-0.9987640380859375,-0.0206146240234375,-0.0157318115234375
1760555354055170600,26.829170654296874,-0.99920654296875,-0.0193328857421875,-0.0112762451171875
1760555354065176600,26.839176513671877,-0.998077392578125,-0.0185394287109375,-0.0067138671875
1760555354075182300,26.849182373046876,-0.9954986572265625,-0.01983642578125,-0.0087738037109375
1760555354085187300,26.859187255859375,-0.995880126953125,-0.018646240234375,-0.0089263916015625
1760555354095193600,26.869193603515626,-0.997344970703125,-0.0151519775390625,-0.009552001953125
1760555354105199600,26.87919970703125,-0.9974822998046875,-0.0185699462890625,-0.012664794921875
1760555354115205600,26.88920556640625,-0.9960479736328125,-0.0181884765625,-0.01214599609375
1760555354125211400,26.89921142578125,-0.9946136474609375,-0.0220489501953125,-0.0129547119140625
1760555354135216400,26.90921630859375,-0.997894287109375,-0.0199127197265625,-0.008331298828125
1760555354145222400,26.919222412109374,-0.9980926513671875,-0.0129547119140625,-0.008697509765625
1760555354155228700,26.929228759765625,-0.9997711181640625,-0.012237548828125,-0.010040283203125
1760555354165234700,26.939234619140624,-0.9978790283203125,-0.0187530517578125,-0.013702392578125
1760555354175240400,26.949240478515627,-0.9952850341796875,-0.0221099853515625,-0.018035888671875
1760555354185245400,26.959245361328126,-0.9979095458984375,-0.02117919921875,-0.017730712890625
1760555354195251500,26.96925146484375,-0.99920654296875,-0.0151214599609375,-0.013641357421875
1760555354205257700,26.9792578125,-1.0002899169921875,-0.012298583984375,-0.0093994140625
1760555354215263500,26.989263427734375,-0.9988555908203125,-0.0107421875,-0.00872802734375
1760555354225269500,26.99926953125,-1.0004730224609375,-0.0115966796875,-0.00909423828125
1760555354235275500,27.009275634765626,-0.9990386962890625,-0.011749267578125,-0.0097198486328125
1760555354245280500,27.019280517578125,-0.9984893798828125,-0.0141448974609375,-0.0142974853515625
1760555354255286500,27.02928662109375,-0.9944915771484375,-0.0226898193359375,-0.01690673828125
1760555354265292500,27.03929248046875,-0.99530029296875,-0.024566650390625,-0.0178680419921875
1760555354275298600,27.049298583984374,-0.9927520751953125,-0.0292816162109375,-0.01409912109375
1760555354285304600,27.0593046875,-0.99310302734375,-0.0261077880859375,-0.008575439453125
1760555354295309600,27.0693095703125,-0.99420166015625,-0.0160369873046875,-0.0063934326171875
1760555354305315000,27.079315185546875,-0.9974822998046875,-0.01544189453125,-0.0106353759765625
1760555354315321000,27.089321044921874,-1.002410888671875,-0.015350341796875,-0.0088958740234375
1760555354325326800,27.099326904296873,-0.9983978271484375,-0.01812744140625,-0.0110931396484375
1760555354335333000,27.1093330078125,-0.9950408935546875,-0.0189208984375,-0.0126190185546875
1760555354345338000,27.119338134765623,-0.994293212890625,-0.020599365234375,-0.012451171875
1760555354355344100,27.12934423828125,-0.9981231689453125,-0.0178375244140625,-0.0116729736328125
1760555354365350000,27.139349853515625,-1.0002593994140625,-0.0179443359375,-0.0108489990234375
1760555354375356000,27.14935595703125,-0.997406005859375,-0.0165557861328125,-0.0050811767578125
1760555354385362200,27.159362060546876,-0.9964141845703125,-0.0107574462890625,-0.0017852783203125
1760555354395367200,27.1693671875,-0.997467041015625,-0.009429931640625,-0.0037841796875
1760555354405373200,27.179373291015626,-1.00408935546875,-0.0083770751953125,-0.005096435546875
1760555354415379000,27.18937890625,-1.002593994140625,-0.0090484619140625,-0.007293701171875
1760555354425385000,27.199385009765624,-0.9971160888671875,-0.010955810546875,-0.006195068359375
1760555354435391000,27.209390869140623,-0.995880126953125,-0.013397216796875,-0.006072998046875
1760555354445397200,27.219397216796875,-0.999664306640625,-0.01239013671875,-0.0096893310546875
1760555354455402200,27.22940234375,-1.0010833740234375,-0.0179443359375,-0.0140380859375
1760555354465408000,27.239407958984376,-0.999359130859375,-0.0216064453125,-0.0110931396484375
1760555354475414000,27.2494140625,-0.9921112060546875,-0.022491455078125,-0.0065155029296875
1760555354485420000,27.259419921875,-0.9895172119140625,-0.0234375,-0.006927490234375
1760555354495426000,27.269426025390626,-0.99871826171875,-0.020904541015625,-0.0082855224609375
1760555354505431000,27.27943115234375,-0.9997100830078125,-0.0181121826171875,-0.0103607177734375
1760555354515437000,27.28943701171875,-0.9960479736328125,-0.0204620361328125,-0.011505126953125
1760555354525443000,27.299443115234375,-0.9953765869140625,-0.0206298828125,-0.009002685546875
1760555354535449000,27.309448974609374,-0.9929656982421875,-0.0234222412109375,-0.0103759765625
1760555354545455000,27.319455078125,-0.997039794921875,-0.026397705078125,-0.0088958740234375
1760555354555460000,27.329460205078124,-0.9984283447265625,-0.0247039794921875,-0.0053558349609375
1760555354565465900,27.3394658203125,-0.9945526123046875,-0.023468017578125,-0.0059356689453125
1760555354575472000,27.34947216796875,-0.9940185546875,-0.0210418701171875,-0.00726318359375
1760555354585478100,27.35947802734375,-0.9981689453125,-0.019073486328125,-0.0118255615234375
1760555354595484000,27.36948388671875,-1.00146484375,-0.0168609619140625,-0.0166015625
1760555354605489000,27.379489013671876,-0.99951171875,-0.0162353515625,-0.017333984375
1760555354615495000,27.389494873046875,-0.996063232421875,-0.0164642333984375,-0.0157928466796875
1760555354625501000,27.3995009765625,-0.997528076171875,-0.013916015625,-0.013275146484375
1760555354635507200,27.409507080078125,-1.0009918212890625,-0.012908935546875,-0.01025390625
1760555354645513000,27.419512939453124,-1.0026702880859375,-0.011077880859375,-0.005035400390625
1760555354655518000,27.42951806640625,-1.0001068115234375,-0.0108642578125,-0.002899169921875
1760555354665524000,27.43952392578125,-0.9954986572265625,-0.01190185546875,-0.0037078857421875
1760555354675530000,27.449530029296874,-0.9966888427734375,-0.0137176513671875,-0.0065155029296875
1760555354685536300,27.459536376953125,-0.9988555908203125,-0.019134521484375,-0.0084381103515625
1760555354695542000,27.4695419921875,-0.9965362548828125,-0.0188751220703125,-0.0100860595703125
1760555354705548000,27.479548095703127,-0.9934539794921875,-0.0167083740234375,-0.01116943359375
1760555354715553000,27.489552978515626,-0.9956207275390625,-0.022735595703125,-0.0153045654296875
1760555354725559000,27.49955908203125,-0.9967803955078125,-0.0210113525390625,-0.01629638671875
1760555354735565000,27.50956494140625,-0.998687744140625,-0.021820068359375,-0.014617919921875
1760555354745571000,27.519571044921875,-0.9964752197265625,-0.0238494873046875,-0.014434814453125
1760555354755577000,27.5295771484375,-0.9958343505859375,-0.0209197998046875,-0.013580322265625
1760555354765582000,27.53958203125,-0.9959869384765625,-0.020599365234375,-0.0147857666015625
1760555354775588000,27.549588134765624,-0.9994354248046875,-0.015838623046875,-0.0140380859375
1760555354785594000,27.559593994140624,-1.0008697509765625,-0.0166778564453125,-0.0140228271484375
1760555354795600000,27.569599853515626,-0.994903564453125,-0.0212249755859375,-0.0150146484375
1760555354805606100,27.579606201171874,-0.992401123046875,-0.0257568359375,-0.0142822265625
1760555354815611100,27.589611083984376,-0.9947662353515625,-0.0230560302734375,-0.0132904052734375
1760555354825617200,27.5996171875,-0.997283935546875,-0.0179595947265625,-0.0130157470703125
1760555354835623000,27.609622802734375,-0.998809814453125,-0.013885498046875,-0.01800537109375
1760555354845629000,27.61962890625,-0.999664306640625,-0.0133514404296875,-0.0204315185546875
1760555354855635000,27.629635009765625,-0.9994659423828125,-0.015869140625,-0.0189361572265625
1760555354865640000,27.639639892578124,-0.9957122802734375,-0.0168304443359375,-0.0205230712890625
1760555354875646200,27.649646240234375,-0.9965667724609375,-0.0141448974609375,-0.0198516845703125
1760555354885652000,27.65965185546875,-1.0024871826171875,-0.006072998046875,-0.0142822265625
1760555354895658000,27.669657958984374,-1.0010833740234375,-0.007598876953125,-0.01409912109375
1760555354905664000,27.6796640625,-0.99713134765625,-0.0105743408203125,-0.01116943359375
1760555354915669000,27.6896689453125,-0.9971160888671875,-0.008209228515625,-0.009185791015625
1760555354925675300,27.69967529296875,-0.99847412109375,-0.0045166015625,-0.0121917724609375
1760555354935681000,27.709680908203126,-1.001739501953125,-0.010955810546875,-0.0150604248046875
1760555354945687000,27.71968701171875,-0.996673583984375,-0.0147552490234375,-0.01641845703125
1760555354955693000,27.729693115234376,-0.9940032958984375,-0.0160980224609375,-0.0154876708984375
1760555354965698000,27.739697998046875,-0.9934844970703125,-0.0227203369140625,-0.01715087890625
1760555354975704000,27.7497041015625,-0.9960174560546875,-0.0185546875,-0.0194244384765625
1760555354985710000,27.7597099609375,-0.99993896484375,-0.015045166015625,-0.0173492431640625
1760555354995716000,27.769716064453124,-0.9969940185546875,-0.0136566162109375,-0.0140838623046875
1760555355005722000,27.77972216796875,-0.9960174560546875,-0.013671875,-0.013916015625
1760555355015727000,27.78972705078125,-0.996826171875,-0.0167694091796875,-0.01702880859375
1760555355025733000,27.799733154296874,-0.9984283447265625,-0.0187835693359375,-0.0191650390625
1760555355035739000,27.80973876953125,-1.00018310546875,-0.019500732421875,-0.0205841064453125
1760555355045745200,27.8197451171875,-0.9980010986328125,-0.015289306640625,-0.0147857666015625
1760555355055751200,27.829751220703123,-0.997039794921875,-0.011383056640625,-0.0101776123046875
1760555355065756200,27.839756103515626,-0.9959716796875,-0.0135498046875,-0.01092529296875
1760555355075762000,27.849761962890625,-0.9990081787109375,-0.016571044921875,-0.01275634765625
1760555355085768000,27.859767822265624,-0.9979095458984375,-0.011932373046875,-0.0133056640625
1760555355095774000,27.86977392578125,-0.997039794921875,-0.0126953125,-0.0147857666015625
1760555355105780200,27.8797802734375,-0.998046875,-0.0129241943359375,-0.0178375244140625
1760555355115786000,27.889785888671874,-0.9990081787109375,-0.01568603515625,-0.017974853515625
1760555355125791000,27.899791015625,-0.9988250732421875,-0.0169677734375,-0.015350341796875
1760555355135797000,27.909796875,-0.9949188232421875,-0.016448974609375,-0.012969970703125
1760555355145803000,27.919802978515627,-0.994842529296875,-0.01580810546875,-0.011016845703125
1760555355155809000,27.92980908203125,-0.9987945556640625,-0.0130157470703125,-0.0067596435546875
1760555355165814000,27.93981396484375,-0.99981689453125,-0.012451171875,-0.0053558349609375
1760555355175820000,27.949820068359376,-0.9949493408203125,-0.0134735107421875,-0.0015716552734375
1760555355185826000,27.959825927734375,-0.9938507080078125,-0.0108489990234375,-0.0042266845703125
1760555355195832000,27.96983203125,-0.9988555908203125,-0.0127410888671875,-0.0117645263671875
1760555355205838000,27.979838134765625,-1.0032196044921875,-0.013153076171875,-0.0142059326171875
1760555355215844000,27.989843994140625,-0.9991455078125,-0.0131988525390625,-0.014404296875
1760555355225848000,27.99984814453125,-0.99627685546875,-0.0137939453125,-0.0133514404296875
1760555355235854000,28.00985400390625,-0.9958953857421875,-0.01611328125,-0.013092041015625
1760555355245859000,28.019859130859373,-1.0003814697265625,-0.01336669921875,-0.009674072265625
1760555355255865000,28.029864990234376,-1.0008392333984375,-0.01116943359375,-0.0037994384765625
1760555355265871000,28.03987109375,-0.995941162109375,-0.0096893310546875,-0.0015411376953125
1760555355275877000,28.049877197265626,-0.994049072265625,-0.0112152099609375,-0.00054931640625
1760555355285883000,28.0598828125,-0.997344970703125,-0.0108489990234375,-0.00408935546875
1760555355295888000,28.069887939453125,-1.0022735595703125,-0.0149993896484375,-0.00628662109375
1760555355305894700,28.079894775390624,-0.9984283447265625,-0.012847900390625,-0.00335693359375
1760555355315901000,28.08990087890625,-0.99346923828125,-0.0108795166015625,-0.002838134765625
1760555355325906700,28.09990673828125,-0.99615478515625,-0.0116424560546875,-0.001861572265625
1760555355335912700,28.10991259765625,-0.9987640380859375,-0.0110321044921875,-0.0078277587890625
1760555355345917700,28.119917724609376,-1.003143310546875,-0.0127716064453125,-0.01068115234375
1760555355355923700,28.129923828125,-1.0008697509765625,-0.0112457275390625,-0.0072021484375
1760555355365929700,28.1399296875,-0.99658203125,-0.0098876953125,-0.0037689208984375
1760555355375935700,28.149935791015626,-0.996673583984375,-0.01287841796875,-0.006500244140625
1760555355385941800,28.159941650390625,-0.9988861083984375,-0.0159912109375,-0.0081634521484375
1760555355395946800,28.16994677734375,-0.998748779296875,-0.0183868408203125,-0.0076446533203125
1760555355405952800,28.179952880859375,-0.995697021484375,-0.0168304443359375,-0.0046539306640625
1760555355415958500,28.18995849609375,-0.996246337890625,-0.014404296875,-0.002471923828125
1760555355425964500,28.199964599609373,-0.996429443359375,-0.0181732177734375,-0.0053558349609375
1760555355435970800,28.209970703125,-0.9961090087890625,-0.01934814453125,-0.0076904296875
1760555355445975800,28.219975830078123,-0.9941253662109375,-0.0255279541015625,-0.0102996826171875
1760555355455981800,28.22998193359375,-0.994903564453125,-0.01983642578125,-0.0085906982421875
1760555355465987600,28.239987548828125,-0.996795654296875,-0.016387939453125,-0.00579833984375
1760555355475993600,28.24999365234375,-0.999114990234375,-0.017974853515625,-0.0078277587890625
1760555355485999600,28.25999951171875,-0.99713134765625,-0.019134521484375,-0.008544921875
1760555355496004900,28.2700048828125,-0.9950103759765625,-0.019989013671875,-0.0074462890625
1760555355506011000,28.280010986328126,-0.9943084716796875,-0.0191802978515625,-0.0077056884765625
1760555355516016600,28.2900166015625,-0.9955902099609375,-0.016937255859375,-0.009918212890625
1760555355526022700,28.300022705078124,-0.9983673095703125,-0.017425537109375,-0.010345458984375
1760555355536028700,28.310028564453123,-0.999053955078125,-0.019561767578125,-0.010772705078125
1760555355546033700,28.32003369140625,-0.9946746826171875,-0.019378662109375,-0.0103607177734375
1760555355556040000,28.3300400390625,-0.9958953857421875,-0.017364501953125,-0.00933837890625
1760555355566045700,28.340045654296876,-0.99822998046875,-0.0173797607421875,-0.0098419189453125
1760555355576051700,28.3500517578125,-0.9984283447265625,-0.01666259765625,-0.0104522705078125
1760555355586057700,28.3600576171875,-0.9964752197265625,-0.0164947509765625,-0.0113525390625
1760555355596062700,28.370062744140625,-0.997100830078125,-0.0181732177734375,-0.0078887939453125
1760555355606069800,28.38006982421875,-0.999755859375,-0.0149383544921875,-0.004730224609375
1760555355616075800,28.39007568359375,-0.9992828369140625,-0.0133209228515625,-0.0043182373046875
1760555355626081800,28.400081787109375,-0.99798583984375,-0.015350341796875,-0.003875732421875
1760555355636086800,28.410086669921874,-0.99761962890625,-0.0144195556640625,-0.0056304931640625
1760555355646092500,28.420092529296873,-0.9957122802734375,-0.01287841796875,-0.0076904296875
1760555355656098600,28.4300986328125,-0.99749755859375,-0.01434326171875,-0.0102081298828125
1760555355666104800,28.440104736328124,-0.9996185302734375,-0.017578125,-0.0114593505859375
1760555355676110800,28.45011083984375,-0.998931884765625,-0.0171051025390625,-0.0117950439453125
1760555355686115800,28.46011572265625,-0.9978485107421875,-0.01416015625,-0.0095672607421875
1760555355696121600,28.47012158203125,-0.9966888427734375,-0.0143585205078125,-0.007568359375
1760555355706127600,28.480127685546876,-0.9987945556640625,-0.0137176513671875,-0.005950927734375
1760555355716133600,28.490133544921875,-0.9985198974609375,-0.01629638671875,-0.0082550048828125
1760555355726140000,28.500139892578126,-0.995513916015625,-0.0182037353515625,-0.0069427490234375
1760555355736145000,28.510144775390625,-0.9950714111328125,-0.0168304443359375,-0.006866455078125
1760555355746150700,28.520150634765624,-0.9975433349609375,-0.0159454345703125,-0.0048828125
1760555355756156700,28.53015673828125,-0.99810791015625,-0.017608642578125,-0.00555419921875
1760555355766162700,28.54016259765625,-0.999176025390625,-0.01458740234375,-0.008453369140625
1760555355776168700,28.550168701171874,-0.9996185302734375,-0.0123291015625,-0.00628662109375
1760555355786173700,28.560173583984376,-0.9977264404296875,-0.0142974853515625,-0.007110595703125
1760555355796179700,28.5701796875,-0.9984283447265625,-0.0146331787109375,-0.0072479248046875
1760555355806185700,28.580185791015627,-0.998870849609375,-0.01495361328125,-0.0066375732421875
1760555355816191700,28.590191650390626,-0.9977264404296875,-0.013519287109375,-0.0051116943359375
1760555355826197500,28.600197509765625,-0.9981231689453125,-0.0151824951171875,-0.0060272216796875
1760555355836202500,28.610202392578124,-0.9976348876953125,-0.014007568359375,-0.00543212890625
1760555355846208800,28.620208740234375,-0.9983367919921875,-0.01190185546875,-0.0059967041015625
1760555355856214800,28.63021484375,-0.9989013671875,-0.0109710693359375,-0.0068511962890625
1760555355866220800,28.640220703125,-1.0002593994140625,-0.01300048828125,-0.007354736328125
1760555355876225800,28.650225830078124,-0.99810791015625,-0.0165863037109375,-0.008941650390625
1760555355886231600,28.6602314453125,-0.99822998046875,-0.0113067626953125,-0.0077056884765625
1760555355896237600,28.670237548828126,-1.0019378662109375,-0.0051422119140625,-0.005462646484375
1760555355906243800,28.680243896484374,-1.0057830810546875,0.003021240234375,0.00103759765625
1760555355916249900,28.690249755859377,-1.0049896240234375,0.0017242431640625,0.007537841796875
1760555355926254800,28.7002548828125,-0.9998931884765625,-0.0124664306640625,0.0039520263671875
1760555355936260600,28.710260498046875,-0.992584228515625,-0.0217437744140625,-0.0037841796875
1760555355946266600,28.7202666015625,-0.9923248291015625,-0.03570556640625,-0.0153045654296875
1760555355956272600,28.730272705078125,-0.9864349365234375,-0.057861328125,-0.0251312255859375
1760555355966279000,28.74027880859375,-0.9881134033203125,-0.0587615966796875,-0.0179290771484375
1760555355976284000,28.750283935546875,-0.986602783203125,-0.039459228515625,-0.0130157470703125
1760555355986289700,28.76028955078125,-0.994415283203125,-0.0245208740234375,-0.012115478515625
1760555355996295700,28.770295654296874,-1.0024871826171875,-0.0263824462890625,-0.0162811279296875
1760555356006301700,28.7803017578125,-1.000640869140625,-0.03106689453125,-0.01904296875
1760555356016307700,28.7903076171875,-0.9936981201171875,-0.034088134765625,-0.017578125
1760555356026312700,28.800312744140626,-0.988800048828125,-0.0296478271484375,-0.0135040283203125
1760555356036318700,28.810318603515626,-0.993316650390625,-0.0277252197265625,-0.0152130126953125
1760555356046324700,28.82032470703125,-1.0008544921875,-0.031402587890625,-0.01904296875
1760555356056330800,28.830330810546876,-0.9995269775390625,-0.0279693603515625,-0.0170135498046875
1760555356066336500,28.84033642578125,-0.9911041259765625,-0.0257415771484375,-0.0115966796875
1760555356076341500,28.850341552734374,-0.9931182861328125,-0.0162506103515625,-0.00848388671875
1760555356086347800,28.86034765625,-1.0030975341796875,-0.0094146728515625,-0.009521484375
1760555356096353800,28.870353759765624,-1.0056915283203125,-0.011322021484375,-0.013916015625
1760555356106359800,28.88035986328125,-0.9998016357421875,-0.016326904296875,-0.0128326416015625
1760555356116365600,28.890365478515626,-0.99200439453125,-0.015167236328125,-0.010406494140625
1760555356126370600,28.90037060546875,-0.9962005615234375,-0.0119476318359375,-0.0137786865234375
1760555356136376600,28.91037646484375,-1.003387451171875,-0.012847900390625,-0.0180206298828125
1760555356146382800,28.9203828125,-1.0055999755859375,-0.0117340087890625,-0.018035888671875
1760555356156388900,28.930388916015627,-0.9984588623046875,-0.0123748779296875,-0.0143890380859375
1760555356166394600,28.94039453125,-0.991424560546875,-0.0157928466796875,-0.0114288330078125
1760555356176399600,28.950399658203125,-0.996673583984375,-0.01275634765625,-0.01318359375
1760555356186405600,28.960405517578124,-1.0010833740234375,-0.014892578125,-0.0164031982421875
1760555356196411600,28.97041162109375,-1.001068115234375,-0.019134521484375,-0.01611328125
1760555356206418000,28.98041796875,-0.996185302734375,-0.0203094482421875,-0.0092315673828125
1760555356216423000,28.9904228515625,-0.991851806640625,-0.02069091796875,-0.0063323974609375
1760555356226428700,29.0004287109375,-0.993896484375,-0.0216827392578125,-0.0087127685546875
1760555356236434700,29.0104345703125,-1.0005340576171875,-0.0186309814453125,-0.0082244873046875
1760555356246440700,29.020440673828126,-0.9993133544921875,-0.013397216796875,-0.0082244873046875
1760555356256446700,29.03044677734375,-0.9954833984375,-0.014556884765625,-0.0083160400390625
1760555356266451700,29.04045166015625,-0.9943695068359375,-0.0174560546875,-0.0087127685546875
1760555356276457700,29.050457763671876,-0.99664306640625,-0.0220947265625,-0.015899658203125
1760555356286463700,29.060463623046875,-0.998199462890625,-0.0223388671875,-0.017974853515625
1760555356296469800,29.0704697265625,-0.9990997314453125,-0.013763427734375,-0.0121917724609375
1760555356306475800,29.080475830078125,-0.9955291748046875,-0.01776123046875,-0.0112152099609375
1760555356316480800,29.090480712890624,-0.9961700439453125,-0.0210723876953125,-0.009063720703125
1760555356326486800,29.10048681640625,-0.998291015625,-0.017181396484375,-0.01165771484375
1760555356336492800,29.110492919921874,-1.0013427734375,-0.0095062255859375,-0.0115203857421875
1760555356346498800,29.120498779296874,-1.0007781982421875,-0.009033203125,-0.0102996826171875
1760555356356504600,29.130504638671876,-0.9974365234375,-0.0112762451171875,-0.012176513671875
1760555356366509600,29.140509521484375,-0.9960784912109375,-0.01995849609375,-0.0143890380859375
1760555356376515800,29.150515869140627,-0.9937591552734375,-0.020111083984375,-0.0123138427734375
1760555356386521900,29.16052197265625,-0.9969024658203125,-0.0176239013671875,-0.01190185546875
1760555356396527900,29.17052783203125,-0.9982757568359375,-0.013824462890625,-0.01397705078125
1760555356406532900,29.180532958984376,-1.00152587890625,-0.005340576171875,-0.0149383544921875
1760555356416538600,29.19053857421875,-1.0022735595703125,-0.0030975341796875,-0.0167694091796875
1760555356426545000,29.200544921875,-1.0002288818359375,-0.0083465576171875,-0.01708984375
1760555356436551000,29.210551025390625,-0.996978759765625,-0.016693115234375,-0.0200347900390625
1760555356446557000,29.220556884765625,-0.9924774169921875,-0.01812744140625,-0.0194549560546875
1760555356456562000,29.23056201171875,-0.99652099609375,-0.01751708984375,-0.0179595947265625
1760555356466567700,29.240567626953126,-0.998626708984375,-0.0196075439453125,-0.0179290771484375
1760555356476573700,29.25057373046875,-0.996307373046875,-0.0182342529296875,-0.013916015625
1760555356486580000,29.260580078125,-0.9959259033203125,-0.0143585205078125,-0.0111236572265625
1760555356496585700,29.270585693359376,-0.9969329833984375,-0.0105743408203125,-0.0085296630859375
1760555356506590700,29.2805908203125,-0.99920654296875,-0.0128173828125,-0.0116119384765625
1760555356516596700,29.2905966796875,-0.9981689453125,-0.016845703125,-0.014068603515625
1760555356526602800,29.300602783203125,-0.99493408203125,-0.016937255859375,-0.0123138427734375
1760555356536608800,29.31060888671875,-0.992645263671875,-0.015289306640625,-0.0143890380859375
1760555356546614800,29.32061474609375,-0.99774169921875,-0.01275634765625,-0.0171356201171875
1760555356556619800,29.330619873046874,-1.0024566650390625,-0.0057830810546875,-0.01593017578125
1760555356566625800,29.340625732421874,-1.001220703125,-0.0026397705078125,-0.01531982421875
1760555356576631800,29.3506318359375,-0.9987335205078125,-0.0016021728515625,-0.0131378173828125
1760555356586637800,29.360637939453124,-0.998138427734375,0.0021514892578125,-0.0094757080078125
1760555356596642800,29.370642822265626,-1.0012969970703125,0.0029449462890625,-0.0091705322265625
1760555356606648600,29.380648681640626,-1.0043487548828125,0.0001983642578125,-0.0055694580078125
1760555356616654800,29.39065478515625,-0.9978179931640625,-0.00628662109375,-0.004974365234375
1760555356626660900,29.400660888671876,-0.9947052001953125,-0.0047607421875,-0.004364013671875
1760555356636667000,29.4106669921875,-0.994781494140625,-0.013031005859375,-0.010284423828125
1760555356646672000,29.420671875,-0.9984130859375,-0.012847900390625,-0.0152435302734375
1760555356656677600,29.430677734375,-1.002197265625,-0.0097503662109375,-0.0158233642578125
1760555356666683600,29.44068359375,-0.999542236328125,-0.0079193115234375,-0.0125579833984375
1760555356676690000,29.45068994140625,-0.9970703125,-0.008697509765625,-0.0075836181640625
1760555356686696000,29.460696044921875,-0.9963836669921875,-0.012451171875,-0.010833740234375
1760555356696701000,29.470700927734374,-0.998382568359375,-0.0139007568359375,-0.00982666015625
1760555356706706700,29.480706787109376,-0.996337890625,-0.0149688720703125,-0.010040283203125
1760555356716712700,29.490712646484376,-0.9963531494140625,-0.009765625,-0.0063934326171875
1760555356726719000,29.500718994140627,-0.998321533203125,-0.0112457275390625,-0.0071868896484375
1760555356736724000,29.510723876953126,-0.9965667724609375,-0.0163116455078125,-0.011474609375
1760555356746729700,29.520729736328125,-0.9976348876953125,-0.016021728515625,-0.0155792236328125
1760555356756735700,29.53073583984375,-0.9966583251953125,-0.016998291015625,-0.0138702392578125
1760555356766741800,29.54074169921875,-0.997772216796875,-0.0124969482421875,-0.011505126953125
1760555356776747800,29.550747802734374,-0.9986419677734375,-0.011077880859375,-0.0126190185546875
1760555356786752800,29.560752685546873,-0.999359130859375,-0.0102081298828125,-0.009918212890625
1760555356796758800,29.5707587890625,-0.9971466064453125,-0.010345458984375,-0.0099639892578125
1760555356806764800,29.580764892578124,-0.9970703125,-0.007904052734375,-0.0084686279296875
1760555356816770800,29.590770751953126,-0.9976959228515625,-0.0109405517578125,-0.0093994140625
1760555356826776800,29.60077685546875,-0.9970855712890625,-0.0143280029296875,-0.01177978515625
1760555356836781800,29.61078173828125,-0.9973297119140625,-0.010101318359375,-0.010711669921875
1760555356846787600,29.62078759765625,-0.998779296875,-0.0078887939453125,-0.009124755859375
1760555356856793900,29.6307939453125,-0.9990081787109375,-0.009033203125,-0.0096435546875
1760555356866799900,29.6407998046875,-0.9990081787109375,-0.010589599609375,-0.0088348388671875
1760555356876804900,29.650804931640625,-0.99847412109375,-0.010986328125,-0.0073699951171875
1760555356886811000,29.660810791015624,-0.9971923828125,-0.0130767822265625,-0.008148193359375
1760555356896816600,29.670816650390623,-0.998748779296875,-0.0112152099609375,-0.0079498291015625
1760555356906822700,29.68082275390625,-0.9980621337890625,-0.011016845703125,-0.0063629150390625
1760555356916829000,29.690828857421874,-0.99603271484375,-0.0178070068359375,-0.00921630859375
1760555356926834000,29.700833984375,-0.9950714111328125,-0.021453857421875,-0.008758544921875
1760555356936840000,29.71083984375,-0.9926605224609375,-0.0193939208984375,-0.0071563720703125
1760555356946845700,29.720845703125,-0.9965362548828125,-0.01934814453125,-0.0120086669921875
1760555356956851700,29.730851806640626,-0.9980926513671875,-0.02056884765625,-0.0112152099609375
1760555356966857700,29.740857666015625,-0.99664306640625,-0.014801025390625,-0.0090484619140625
1760555356976862700,29.75086279296875,-0.9956207275390625,-0.0147247314453125,-0.0087890625
1760555356986868700,29.76086865234375,-0.99798583984375,-0.0139007568359375,-0.0078887939453125
1760555356996874800,29.770874755859374,-0.999786376953125,-0.0128021240234375,-0.007720947265625
1760555357006880800,29.780880859375,-0.9991912841796875,-0.012176513671875,-0.0087890625
1760555357016885800,29.7908857421875,-0.997467041015625,-0.0136260986328125,-0.0088958740234375
1760555357026891800,29.800891845703124,-0.994781494140625,-0.0146942138671875,-0.0089569091796875
1760555357036897800,29.810897705078126,-0.9980926513671875,-0.0128173828125,-0.010772705078125
1760555357046903800,29.82090380859375,-1.00067138671875,-0.005615234375,-0.01171875
1760555357056909800,29.830909912109377,-1.0023040771484375,-0.00714111328125,-0.00994873046875
1760555357066914800,29.840914794921876,-0.99822998046875,-0.00726318359375,-0.006988525390625
1760555357076920800,29.8509208984375,-0.9995269775390625,-0.006561279296875,-0.0052642822265625
1760555357086926600,29.860926513671874,-0.9993743896484375,-0.0045623779296875,-0.0082550048828125
1760555357096932900,29.870932861328125,-1.002410888671875,-0.0070037841796875,-0.0069427490234375
1760555357106937900,29.880937744140624,-1.0012664794921875,-0.01446533203125,-0.0103302001953125
1760555357116944000,29.89094384765625,-0.998291015625,-0.015380859375,-0.01153564453125
1760555357126950000,29.900949951171874,-0.9966583251953125,-0.0172576904296875,-0.010406494140625
1760555357136955600,29.91095556640625,-0.99481201171875,-0.02105712890625,-0.013275146484375
1760555357146961700,29.920961669921876,-0.998748779296875,-0.022979736328125,-0.0141754150390625
1760555357156966700,29.930966552734375,-0.9952850341796875,-0.0264739990234375,-0.012115478515625
1760555357166973000,29.940972900390626,-0.99456787109375,-0.0214691162109375,-0.0126495361328125
1760555357176979000,29.95097900390625,-0.997650146484375,-0.019439697265625,-0.012725830078125
1760555357186984700,29.960984619140625,-0.9990997314453125,-0.022308349609375,-0.0106353759765625
1760555357196989700,29.97098974609375,-0.9967498779296875,-0.02227783203125,-0.0121917724609375
1760555357206995700,29.98099560546875,-0.9936370849609375,-0.0218048095703125,-0.0151824951171875
1760555357217001700,29.991001708984374,-0.996551513671875,-0.018707275390625,-0.0144500732421875
1760555357227007700,30.0010078125,-0.99871826171875,-0.0191497802734375,-0.0153656005859375
1760555357237013800,30.011013671875,-0.9959564208984375,-0.02655029296875,-0.013763427734375
1760555357247018800,30.021018798828123,-0.9915313720703125,-0.0286712646484375,-0.012969970703125
1760555357257024800,30.031024658203126,-0.99346923828125,-0.0219573974609375,-0.01007080078125
1760555357267030800,30.04103076171875,-0.9965667724609375,-0.0213623046875,-0.011962890625
1760555357277036500,30.05103662109375,-0.999725341796875,-0.019805908203125,-0.0138397216796875
1760555357287042800,30.061042724609376,-0.9999847412109375,-0.017303466796875,-0.01153564453125
1760555357297047800,30.0710478515625,-0.9947509765625,-0.016448974609375,-0.0119476318359375
1760555357307053300,30.08105322265625,-0.996673583984375,-0.0170745849609375,-0.0123748779296875
1760555357317059600,30.0910595703125,-0.9996795654296875,-0.0172119140625,-0.011627197265625
1760555357327065300,30.1010654296875,-1.0008697509765625,-0.014007568359375,-0.011627197265625
1760555357337070600,30.111070556640627,-0.996002197265625,-0.0180511474609375,-0.0153656005859375
1760555357347076400,30.121076416015626,-0.99432373046875,-0.0231475830078125,-0.0152740478515625
1760555357357082400,30.131082275390625,-0.997772216796875,-0.0181121826171875,-0.0114898681640625
1760555357367088400,30.14108837890625,-0.9989166259765625,-0.01739501953125,-0.0130767822265625
1760555357377094400,30.151094482421875,-0.99755859375,-0.018280029296875,-0.0114593505859375
1760555357387099400,30.161099365234374,-0.997467041015625,-0.01641845703125,-0.0107421875
1760555357397105400,30.17110546875,-0.997528076171875,-0.0173187255859375,-0.010528564453125
1760555357407111400,30.181111328125,-0.998870849609375,-0.0159149169921875,-0.0088653564453125
1760555357417117400,30.191117431640624,-0.9973907470703125,-0.01898193359375,-0.011016845703125
1760555357427122400,30.201122314453126,-0.995758056640625,-0.020172119140625,-0.0113525390625
1760555357437128200,30.211128173828126,-0.99371337890625,-0.0230712890625,-0.01239013671875
1760555357447134500,30.221134521484377,-0.99627685546875,-0.0202484130859375,-0.011138916015625
1760555357457140500,30.231140380859376,-0.999755859375,-0.0168914794921875,-0.013763427734375
1760555357467146500,30.241146484375,-0.9979095458984375,-0.0188446044921875,-0.0136260986328125
1760555357477151500,30.2511513671875,-0.994903564453125,-0.0247344970703125,-0.012725830078125
1760555357487157200,30.2611572265625,-0.9933013916015625,-0.025390625,-0.013397216796875
1760555357497163300,30.271163330078124,-0.994964599609375,-0.024932861328125,-0.01483154296875
1760555357507169500,30.28116943359375,-0.9968109130859375,-0.0252227783203125,-0.013916015625
1760555357517174500,30.291174560546875,-0.9960479736328125,-0.02423095703125,-0.01617431640625
1760555357527180500,30.3011806640625,-0.9957275390625,-0.0224761962890625,-0.013092041015625
1760555357537186300,30.311186279296876,-0.9966583251953125,-0.016998291015625,-0.0099029541015625
1760555357547192300,30.3211923828125,-0.998687744140625,-0.0119781494140625,-0.0091400146484375
1760555357557198600,30.331198486328127,-0.9989471435546875,-0.0151824951171875,-0.0111846923828125
1760555357567203600,30.34120361328125,-0.9978790283203125,-0.01776123046875,-0.01318359375
1760555357577209600,30.351209716796873,-0.996612548828125,-0.018768310546875,-0.011749267578125
1760555357587215400,30.36121533203125,-0.994964599609375,-0.018829345703125,-0.014556884765625
1760555357597221400,30.371221435546875,-0.9983673095703125,-0.013031005859375,-0.012939453125
1760555357607226400,30.381226318359374,-1.001678466796875,-0.009521484375,-0.0116119384765625
1760555357617232400,30.391232421875,-1.00152587890625,-0.0085601806640625,-0.0113067626953125
1760555357627238400,30.40123828125,-0.9988861083984375,-0.007476806640625,-0.0096435546875
1760555357637244400,30.411244384765624,-0.99591064453125,-0.009735107421875,-0.013427734375
1760555357647250400,30.42125048828125,-0.9985504150390625,-0.0164642333984375,-0.0167083740234375
1760555357657255400,30.43125537109375,-0.999359130859375,-0.01483154296875,-0.01727294921875
1760555357667261400,30.441261474609377,-0.9969482421875,-0.0175323486328125,-0.014862060546875
1760555357677267200,30.45126708984375,-0.996826171875,-0.01611328125,-0.0090789794921875
1760555357687273500,30.4612734375,-0.9981842041015625,-0.014892578125,-0.0066375732421875
1760555357697278500,30.471278564453126,-0.99688720703125,-0.01727294921875,-0.0070037841796875
1760555357707284500,30.481284423828125,-0.9963531494140625,-0.02020263671875,-0.00640869140625
1760555357717290500,30.49129052734375,-0.9954681396484375,-0.0211181640625,-0.00653076171875
1760555357727296300,30.501296142578123,-0.9940643310546875,-0.0181121826171875,-0.005279541015625
1760555357737302300,30.51130224609375,-0.997039794921875,-0.0200958251953125,-0.006683349609375
1760555357747307300,30.521307373046874,-0.998504638671875,-0.0177154541015625,-0.008880615234375
1760555357757313500,30.5313134765625,-0.9973297119140625,-0.0170745849609375,-0.0096588134765625
1760555357767319600,30.541319580078124,-0.995025634765625,-0.0211334228515625,-0.00872802734375
1760555357777325300,30.5513251953125,-0.996551513671875,-0.0154876708984375,-0.009429931640625
1760555357787330300,30.561330322265626,-0.9974822998046875,-0.01373291015625,-0.010772705078125
1760555357797336300,30.57133642578125,-1.0010833740234375,-0.01043701171875,-0.0091552734375
1760555357807342600,30.581342529296876,-0.999542236328125,-0.006378173828125,-0.007781982421875
1760555357817348600,30.5913486328125,-0.9969635009765625,-0.0074462890625,-0.010162353515625
1760555357827354400,30.601354248046874,-0.99884033203125,-0.0109405517578125,-0.0076751708984375
1760555357837359400,30.611359375,-1.0005645751953125,-0.010223388671875,-0.00531005859375
1760555357847365400,30.621365478515624,-0.99761962890625,-0.0087890625,-0.0030364990234375
1760555357857371400,30.631371337890624,-0.9974517822265625,-0.00970458984375,-0.0032501220703125
1760555357867377400,30.64137744140625,-0.99566650390625,-0.009246826171875,-0.0083465576171875
1760555357877382400,30.65138232421875,-0.9987030029296875,-0.011627197265625,-0.0128326416015625
1760555357887388400,30.661388427734376,-0.999847412109375,-0.012847900390625,-0.013427734375
1760555357897394400,30.67139453125,-0.994110107421875,-0.0149688720703125,-0.0146026611328125
1760555357907400400,30.681400390625,-0.9942779541015625,-0.01708984375,-0.013153076171875
1760555357917406200,30.69140625,-0.99591064453125,-0.0136566162109375,-0.010406494140625
1760555357927411200,30.7014111328125,-0.999359130859375,-0.0145263671875,-0.009735107421875
1760555357937417500,30.71141748046875,-0.9954681396484375,-0.01617431640625,-0.0100555419921875
1760555357947423500,30.721423583984375,-0.9969482421875,-0.0109405517578125,-0.00579833984375
1760555357957429500,30.731429443359374,-0.997283935546875,-0.01129150390625,-0.0104522705078125
1760555357967434500,30.7414345703125,-0.9970703125,-0.015899658203125,-0.01422119140625
1760555357977440300,30.751440185546876,-1.0012664794921875,-0.0149688720703125,-0.017578125
1760555357987446300,30.7614462890625,-0.997894287109375,-0.015716552734375,-0.0148162841796875
1760555357997452500,30.77145263671875,-0.9935302734375,-0.01861572265625,-0.013427734375
1760555358007458600,30.78145849609375,-0.9943084716796875,-0.0237884521484375,-0.015167236328125
1760555358017463600,30.791463623046877,-0.9961090087890625,-0.0150146484375,-0.0151519775390625
1760555358027469300,30.80146923828125,-0.9983367919921875,-0.010406494140625,-0.014923095703125
1760555358037475300,30.811475341796875,-0.999725341796875,-0.005645751953125,-0.0139007568359375
1760555358047481300,30.8214814453125,-1.0003204345703125,-0.00445556640625,-0.0095977783203125
1760555358057486300,30.831486328125,-0.998443603515625,0.00042724609375,-0.011932373046875
1760555358067492600,30.84149267578125,-1.0040130615234375,0.001617431640625,-0.0129241943359375
1760555358077498400,30.851498291015623,-1.004608154296875,0.003662109375,-0.01519775390625
1760555358087504400,30.86150439453125,-1.0028839111328125,0.00018310546875,-0.0124053955078125
1760555358097509400,30.87150927734375,-0.998504638671875,-0.004547119140625,-0.0118408203125
1760555358107515400,30.881515380859376,-0.9953765869140625,-0.01483154296875,-0.0126953125
1760555358117521400,30.891521484375,-0.9922637939453125,-0.0219879150390625,-0.016998291015625
1760555358127527400,30.90152734375,-0.9966888427734375,-0.0147857666015625,-0.0194244384765625
1760555358137533400,30.911533447265626,-0.998504638671875,-0.019378662109375,-0.0200042724609375
1760555358147538400,30.921538330078125,-0.995452880859375,-0.02569580078125,-0.0179443359375
1760555358157544400,30.93154443359375,-0.9944305419921875,-0.0224761962890625,-0.0108184814453125
1760555358167550200,30.94155029296875,-0.9939727783203125,-0.0191650390625,-0.0085296630859375
1760555358177556500,30.951556396484374,-0.995513916015625,-0.0215606689453125,-0.0115203857421875
1760555358187561500,30.9615615234375,-0.99468994140625,-0.0251007080078125,-0.0160064697265625
1760555358197567500,30.9715673828125,-0.99334716796875,-0.029815673828125,-0.0156402587890625
1760555358207573500,30.981573486328124,-0.99029541015625,-0.02972412109375,-0.014312744140625
1760555358217579300,30.991579345703126,-0.991485595703125,-0.0230865478515625,-0.0135650634765625
1760555358227584300,31.001584228515625,-0.9976806640625,-0.0163116455078125,-0.0141448974609375
1760555358237590300,31.01159033203125,-1.0001373291015625,-0.012664794921875,-0.0139312744140625
1760555358247596500,31.021596435546876,-0.9983673095703125,-0.0087432861328125,-0.015716552734375
1760555358257602600,31.0316025390625,-0.9962921142578125,-0.004669189453125,-0.0124053955078125
1760555358267608300,31.0416083984375,-1.0006256103515625,0.00103759765625,-0.0089874267578125
1760555358277613300,31.05161328125,-1.00189208984375,-0.0001373291015625,-0.00897216796875
1760555358287619300,31.061619384765624,-1.000579833984375,-0.0031585693359375,-0.009857177734375
1760555358297625300,31.071625244140623,-0.9982147216796875,-0.0009918212890625,-0.00982666015625
1760555358307631600,31.081631591796874,-0.9998626708984375,0.0039825439453125,-0.0087127685546875
1760555358317636600,31.09163671875,-1.001983642578125,0.0053558349609375,-0.01226806640625
1760555358327642600,31.101642578125,-1.004547119140625,0.0020294189453125,-0.014007568359375
1760555358337648600,31.111648681640624,-1.0006103515625,0.001373291015625,-0.0111236572265625
1760555358347654700,31.121654541015626,-0.9978179931640625,-0.0029449462890625,-0.009918212890625
1760555358357660700,31.13166064453125,-0.994720458984375,-0.0139923095703125,-0.0089569091796875
1760555358367665700,31.141665771484377,-0.9948577880859375,-0.0184478759765625,-0.0124969482421875
1760555358377671700,31.151671630859376,-0.9951171875,-0.0196380615234375,-0.0137176513671875
1760555358387677700,31.161677734375,-0.9947662353515625,-0.0165557861328125,-0.0106201171875
1760555358397683700,31.17168359375,-0.99609375,-0.00811767578125,-0.012451171875
1760555358407688700,31.181688720703125,-0.999755859375,-0.007568359375,-0.0146026611328125
1760555358417694500,31.191694580078124,-1.000823974609375,-0.0094146728515625,-0.0157318115234375
1760555358427700700,31.20170068359375,-0.9974365234375,-0.00592041015625,-0.012420654296875
1760555358437706800,31.211706787109375,-0.995849609375,-0.0074462890625,-0.01019287109375
1760555358447711700,31.221711669921874,-0.997833251953125,-0.0096588134765625,-0.0109710693359375
1760555358457717800,31.2317177734375,-1.00054931640625,-0.0083465576171875,-0.011871337890625
1760555358467723500,31.2417236328125,-0.99908447265625,-0.0098419189453125,-0.01190185546875
1760555358477729500,31.2517294921875,-0.996917724609375,-0.0084381103515625,-0.0096435546875
1760555358487735800,31.26173583984375,-0.99560546875,-0.00775146484375,-0.01116943359375
1760555358497740800,31.27174072265625,-0.996734619140625,-0.014404296875,-0.011199951171875
1760555358507746800,31.281746826171876,-0.9953765869140625,-0.018341064453125,-0.0103912353515625
1760555358517752600,31.291752685546875,-0.994293212890625,-0.0159759521484375,-0.009002685546875
1760555358527758600,31.301758544921874,-0.9967498779296875,-0.0098419189453125,-0.009033203125
1760555358537763600,31.311763671875,-0.9996490478515625,-0.0086517333984375,-0.01446533203125
1760555358547769600,31.32176953125,-1.0029296875,-0.0069122314453125,-0.01556396484375
1760555358557775600,31.331775634765624,-0.9997711181640625,-0.005096435546875,-0.0143585205078125
1760555358567781600,31.34178173828125,-0.9957427978515625,-0.0062255859375,-0.0107879638671875
1760555358577786600,31.35178662109375,-0.9966278076171875,-0.00360107421875,-0.0125732421875
1760555358587792600,31.361792724609376,-1.001953125,-0.0038604736328125,-0.011199951171875
1760555358597798700,31.371798583984376,-1.000518798828125,-0.007720947265625,-0.0137939453125
1760555358607804700,31.3818046875,-0.9976043701171875,-0.0109100341796875,-0.011993408203125
1760555358617810700,31.391810791015626,-0.9928436279296875,-0.016082763671875,-0.01190185546875
1760555358627815700,31.401815673828125,-0.994537353515625,-0.0125885009765625,-0.01361083984375
1760555358637821700,31.41182177734375,-1.0009002685546875,-0.0097808837890625,-0.0141448974609375
1760555358647827700,31.42182763671875,-1.002838134765625,-0.00958251953125,-0.00970458984375
1760555358657833500,31.43183349609375,-0.99652099609375,-0.0116424560546875,-0.0075225830078125
1760555358667838500,31.44183837890625,-0.9919281005859375,-0.0157012939453125,-0.0087890625
1760555358677844700,31.4518447265625,-0.9980316162109375,-0.016876220703125,-0.01068115234375
1760555358687850800,31.461850830078124,-1.0009918212890625,-0.0118865966796875,-0.0117645263671875
1760555358697856800,31.471856689453126,-0.9984130859375,-0.0148773193359375,-0.0106201171875
1760555358707861800,31.48186181640625,-0.9940032958984375,-0.020751953125,-0.0099639892578125
1760555358717867500,31.491867431640625,-0.9911346435546875,-0.023101806640625,-0.0119171142578125
1760555358727873500,31.50187353515625,-0.9960479736328125,-0.0189056396484375,-0.0143890380859375
1760555358737879800,31.5118798828125,-0.9998321533203125,-0.014923095703125,-0.0112152099609375
1760555358747885800,31.5218857421875,-0.998687744140625,-0.0157928466796875,-0.011322021484375
1760555358757890800,31.531890869140625,-0.995147705078125,-0.017242431640625,-0.012298583984375
1760555358767896600,31.541896484375,-0.9959869384765625,-0.0158843994140625,-0.0154876708984375
1760555358777902600,31.551902587890623,-1.0000152587890625,-0.0121307373046875,-0.0128021240234375
1760555358787908600,31.56190869140625,-1.0012664794921875,-0.010406494140625,-0.011444091796875
1760555358797913600,31.57191357421875,-0.9979705810546875,-0.0102691650390625,-0.010101318359375
1760555358807919600,31.581919677734376,-0.9962158203125,-0.01055908203125,-0.009429931640625
1760555358817925600,31.591925537109375,-0.9971771240234375,-0.0112762451171875,-0.00830078125
1760555358827931600,31.601931640625,-0.9979095458984375,-0.0092315673828125,-0.0124053955078125
1760555358837936600,31.6119365234375,-0.9994964599609375,-0.011383056640625,-0.01513671875
1760555358847942700,31.621942626953125,-0.9994354248046875,-0.0106201171875,-0.0142364501953125
1760555358857948400,31.631948486328124,-0.9987640380859375,-0.0069427490234375,-0.0128631591796875
1760555358867954700,31.64195458984375,-0.99810791015625,-0.009735107421875,-0.01507568359375
1760555358877960700,31.651960693359374,-0.998565673828125,-0.0123291015625,-0.0169525146484375
1760555358887965700,31.661965576171873,-0.99981689453125,-0.0110321044921875,-0.013885498046875
1760555358897971700,31.6719716796875,-0.999267578125,-0.0128631591796875,-0.0103607177734375
1760555358907977500,31.6819775390625,-0.9947662353515625,-0.0202484130859375,-0.0120697021484375
1760555358917983700,31.691983642578126,-0.9947662353515625,-0.0238037109375,-0.01202392578125
1760555358927988700,31.70198876953125,-0.9951171875,-0.026153564453125,-0.0135498046875
1760555358937994800,31.711994873046876,-0.994476318359375,-0.0248565673828125,-0.016937255859375
1760555358948000800,31.722000732421876,-0.995452880859375,-0.0198822021484375,-0.02032470703125
1760555358958006500,31.732006591796875,-0.9961700439453125,-0.018463134765625,-0.0182037353515625
1760555358968011500,31.742011474609374,-0.9970245361328125,-0.018463134765625,-0.0191802978515625
1760555358978017500,31.752017578125,-0.9941864013671875,-0.0182952880859375,-0.0188751220703125
1760555358988023800,31.76202392578125,-0.9955596923828125,-0.0186309814453125,-0.0184173583984375
1760555358998029800,31.77202978515625,-0.997344970703125,-0.015869140625,-0.0200347900390625
1760555359008034800,31.782034912109374,-1.001068115234375,-0.0136566162109375,-0.01739501953125
1760555359018040600,31.79204052734375,-0.9971771240234375,-0.011871337890625,-0.01568603515625
1760555359028046600,31.802046630859376,-0.9965362548828125,-0.0103302001953125,-0.0157623291015625
1760555359038052600,31.812052490234375,-0.999725341796875,-0.0096588134765625,-0.0164642333984375
1760555359048058600,31.82205859375,-1.0018463134765625,-0.01019287109375,-0.017822265625
1760555359058064000,31.83206396484375,-1.0016326904296875,-0.009735107421875,-0.0175628662109375
1760555359068069600,31.842069580078125,-0.997283935546875,-0.008941650390625,-0.0160675048828125
1760555359078075600,31.85207568359375,-0.996917724609375,-0.0114593505859375,-0.0189208984375
1760555359088081700,31.86208154296875,-0.9992828369140625,-0.0114593505859375,-0.017486572265625
1760555359098086700,31.872086669921874,-1.000030517578125,-0.0143585205078125,-0.020416259765625
1760555359108092700,31.8820927734375,-0.995574951171875,-0.0148468017578125,-0.0211181640625
1760555359118098700,31.8920986328125,-0.9956817626953125,-0.0159454345703125,-0.017059326171875
1760555359128104700,31.902104736328123,-0.9974822998046875,-0.0165252685546875,-0.01837158203125
1760555359138109700,31.912109619140626,-0.99853515625,-0.0139312744140625,-0.01751708984375
1760555359148115700,31.92211572265625,-0.998199462890625,-0.0115966796875,-0.014373779296875
1760555359158121500,31.93212158203125,-0.99835205078125,-0.01470947265625,-0.0189971923828125
1760555359168127700,31.942127685546875,-0.997711181640625,-0.0184478759765625,-0.0189056396484375
1760555359178132700,31.9521328125,-0.9982147216796875,-0.0168304443359375,-0.0160369873046875
1760555359188138800,31.962138671875,-0.9947967529296875,-0.017913818359375,-0.017059326171875
1760555359198144800,31.972144775390625,-0.9961090087890625,-0.0205841064453125,-0.018157958984375
1760555359208150500,31.982150634765624,-0.9972076416015625,-0.0195159912109375,-0.016754150390625
1760555359218156500,31.992156494140627,-0.9966583251953125,-0.0218505859375,-0.0192108154296875
1760555359228161500,32.00216162109375,-0.9965057373046875,-0.020477294921875,-0.0157623291015625
1760555359238166500,32.01216650390625,-0.9966583251953125,-0.0159454345703125,-0.013153076171875
1760555359248172800,32.0221728515625,-0.99652099609375,-0.0152587890625,-0.01123046875
1760555359258178800,32.0321787109375,-0.9995269775390625,-0.0147552490234375,-0.0120086669921875
1760555359268184600,32.0421845703125,-0.998748779296875,-0.0178375244140625,-0.012786865234375
1760555359278189600,32.052189453125,-0.996490478515625,-0.0135345458984375,-0.0139923095703125
1760555359288195600,32.062195556640624,-0.9980316162109375,-0.01141357421875,-0.01513671875
1760555359298201600,32.07220166015625,-1.0009765625,-0.0126190185546875,-0.0162811279296875
1760555359308207600,32.08220751953125,-0.9997100830078125,-0.0132598876953125,-0.013397216796875
1760555359318212600,32.09221264648438,-0.9958343505859375,-0.011962890625,-0.0128173828125
1760555359328218400,32.10221826171875,-0.99700927734375,-0.0113983154296875,-0.0121002197265625
1760555359338224400,32.112224365234376,-0.9986114501953125,-0.012420654296875,-0.0155487060546875
1760555359348230400,32.12223046875,-0.9987640380859375,-0.01422119140625,-0.0182037353515625
1760555359358235400,32.1322353515625,-0.9986419677734375,-0.016265869140625,-0.0162506103515625
1760555359368241700,32.14224169921875,-0.9946746826171875,-0.02197265625,-0.014892578125
1760555359378247400,32.15224731445313,-0.99163818359375,-0.023040771484375,-0.0142364501953125
1760555359388253400,32.16225341796875,-0.9954986572265625,-0.0186614990234375,-0.0148773193359375
1760555359398258400,32.172258544921874,-0.9979705810546875,-0.0178680419921875,-0.0140228271484375
1760555359408264400,32.18226440429687,-0.99774169921875,-0.01837158203125,-0.0150146484375
1760555359418270500,32.1922705078125,-0.995330810546875,-0.01776123046875,-0.0125732421875
1760555359428276500,32.2022763671875,-0.995819091796875,-0.0176849365234375,-0.01324462890625
1760555359438282500,32.21228247070312,-0.9993133544921875,-0.014923095703125,-0.015380859375
1760555359448287500,32.22228759765625,-0.998870849609375,-0.012420654296875,-0.0157470703125
1760555359458293500,32.23229345703125,-0.9976806640625,-0.014068603515625,-0.0142059326171875
1760555359468299300,32.24229931640625,-0.9985809326171875,-0.0144500732421875,-0.0146942138671875
1760555359478305300,32.25230517578125,-0.997955322265625,-0.0133819580078125,-0.014434814453125
1760555359488310300,32.26231030273438,-0.9990997314453125,-0.013946533203125,-0.0130157470703125
1760555359498316500,32.27231665039063,-0.99908447265625,-0.0160980224609375,-0.0137786865234375
1760555359508322600,32.28232250976563,-0.996917724609375,-0.017425537109375,-0.0135955810546875
1760555359518328300,32.29232836914063,-0.9970703125,-0.01959228515625,-0.014312744140625
1760555359528333300,32.30233325195312,-0.996978759765625,-0.0165557861328125,-0.0149078369140625
1760555359538339300,32.31233935546875,-0.998382568359375,-0.0155029296875,-0.0150299072265625
1760555359548345600,32.322345703125,-0.99755859375,-0.0144500732421875,-0.016937255859375
1760555359558351600,32.3323515625,-0.9969940185546875,-0.01873779296875,-0.0160980224609375
1760555359568356600,32.342356689453126,-0.99560546875,-0.0195159912109375,-0.0150299072265625
1760555359578362400,32.3523623046875,-0.996337890625,-0.0173797607421875,-0.0132904052734375
1760555359588368400,32.362368408203125,-0.9967193603515625,-0.0178375244140625,-0.01287841796875
1760555359598374400,32.37237451171875,-0.9961700439453125,-0.01763916015625,-0.015472412109375
1760555359608379400,32.38237939453125,-0.9962921142578125,-0.01666259765625,-0.0155029296875
1760555359618385700,32.3923857421875,-0.9957275390625,-0.0185699462890625,-0.0146484375
1760555359628391400,32.40239135742188,-0.9967041015625,-0.0187225341796875,-0.0171966552734375
1760555359638397400,32.4123974609375,-0.9978485107421875,-0.0166473388671875,-0.0196533203125
1760555359648403500,32.42240356445313,-0.9957122802734375,-0.0221405029296875,-0.0207061767578125
1760555359658408400,32.43240844726562,-0.9967803955078125,-0.01617431640625,-0.01434326171875
1760555359668414500,32.44241455078125,-0.9969024658203125,-0.0089569091796875,-0.0121612548828125
1760555359678420500,32.45242041015625,-0.99591064453125,-0.011871337890625,-0.015655517578125
1760555359688426500,32.46242651367187,-0.9993743896484375,-0.021453857421875,-0.0145721435546875
1760555359698431500,32.472431396484374,-0.9966888427734375,-0.01861572265625,-0.0123443603515625
1760555359708437500,32.4824375,-0.99542236328125,-0.0135345458984375,-0.009002685546875
1760555359718443500,32.492443603515625,-0.996826171875,-0.0128173828125,-0.0076904296875
1760555359728449300,32.50244921875,-1.0015106201171875,-0.00830078125,-0.0081939697265625
1760555359738454300,32.51245434570313,-1.000213623046875,-0.01190185546875,-0.009674072265625
1760555359748460500,32.52246044921875,-0.99725341796875,-0.016265869140625,-0.011016845703125
1760555359758466600,32.53246655273438,-0.995147705078125,-0.013946533203125,-0.0093994140625
1760555359768472300,32.542472412109376,-0.9967498779296875,-0.0096435546875,-0.0099945068359375
1760555359778477300,32.55247729492187,-1,-0.0122833251953125,-0.01092529296875
1760555359788483300,32.5624833984375,-0.9998931884765625,-0.0122222900390625,-0.00872802734375
1760555359798489600,32.57248950195312,-0.99603271484375,-0.0112152099609375,-0.008544921875
1760555359808495600,32.58249560546875,-0.9958648681640625,-0.0124359130859375,-0.0069427490234375
1760555359818500600,32.59250048828125,-0.9984283447265625,-0.0124664306640625,-0.006134033203125
1760555359828506400,32.60250634765625,-0.9998321533203125,-0.0122528076171875,-0.0070037841796875
1760555359838512400,32.612512451171874,-0.9984893798828125,-0.01397705078125,-0.0094146728515625
1760555359848518400,32.62251831054687,-0.994049072265625,-0.018402099609375,-0.011932373046875
1760555359858523400,32.6325234375,-0.9931182861328125,-0.022674560546875,-0.0153656005859375
1760555359868529700,32.64252978515625,-0.9977569580078125,-0.0149993896484375,-0.01300048828125
1760555359878535400,32.652535400390626,-0.998260498046875,-0.0155029296875,-0.01153564453125
1760555359888541400,32.66254150390625,-0.9938201904296875,-0.0190887451171875,-0.01007080078125
1760555359898546400,32.67254638671875,-0.995635986328125,-0.0154571533203125,-0.00732421875
1760555359908552400,32.68255249023437,-0.9964447021484375,-0.0157318115234375,-0.0092926025390625
1760555359918558500,32.69255834960938,-0.9972686767578125,-0.0134735107421875,-0.010009765625
1760555359928564500,32.702564453125,-0.9982147216796875,-0.0139923095703125,-0.00946044921875
1760555359938570500,32.71257055664063,-0.9950103759765625,-0.0177154541015625,-0.0103912353515625
1760555359948575500,32.722575439453124,-0.9945831298828125,-0.0155487060546875,-0.0081024169921875
1760555359958581500,32.73258154296875,-0.9987640380859375,-0.0085296630859375,-0.005584716796875
1760555359968587500,32.74258740234375,-1.0019989013671875,-0.0054931640625,-0.0054779052734375
1760555359978593300,32.75259326171875,-0.999053955078125,-0.0073699951171875,-0.0058135986328125
1760555359988598300,32.762598388671876,-0.9983978271484375,-0.00970458984375,-0.00726318359375
1760555359998604500,32.7726044921875,-0.9969024658203125,-0.0091705322265625,-0.0056915283203125
1760555360008610600,32.782610595703126,-0.9978790283203125,-0.004058837890625,-0.004150390625
1760555360018616300,32.7926162109375,-1.0006103515625,-0.0016937255859375,-0.005157470703125
1760555360028621300,32.80262133789063,-1.0006256103515625,-0.001922607421875,-0.006011962890625
1760555360038627300,32.81262744140625,-0.997528076171875,-0.0023040771484375,-0.0075225830078125
1760555360048633300,32.82263330078125,-0.99810791015625,-0.003509521484375,-0.00775146484375
1760555360058639600,32.8326396484375,-0.9987945556640625,-0.0052642822265625,-0.0072784423828125
1760555360068644600,32.84264453125,-0.9991302490234375,-0.006683349609375,-0.0070037841796875
1760555360078650400,32.852650390625,-0.9975433349609375,-0.0044097900390625,-0.006011962890625
1760555360088656400,32.86265649414062,-0.9981842041015625,-0.007537841796875,-0.0086212158203125
1760555360098662400,32.87266235351562,-0.997222900390625,-0.00921630859375,-0.0097198486328125
1760555360108667400,32.88266748046875,-0.99700927734375,-0.0111846923828125,-0.0114593505859375
1760555360118673700,32.892673583984376,-0.9950103759765625,-0.0135040283203125,-0.012481689453125
1760555360128679400,32.902679443359375,-0.994354248046875,-0.0196533203125,-0.01373291015625
1760555360138685400,32.912685546875,-0.99444580078125,-0.0179901123046875,-0.0130157470703125
1760555360148690400,32.9226904296875,-0.9954681396484375,-0.0150299072265625,-0.007965087890625
1760555360158696400,32.93269653320313,-0.9972991943359375,-0.0115814208984375,-0.0054473876953125
1760555360168702500,32.94270239257813,-0.99847412109375,-0.009521484375,-0.0077362060546875
1760555360178708500,32.95270849609375,-0.9994049072265625,-0.0106048583984375,-0.0049285888671875
1760555360188713500,32.96271337890625,-0.9970703125,-0.015228271484375,-0.005706787109375
1760555360198719500,32.97271948242187,-0.995330810546875,-0.0144805908203125,-0.0055084228515625
1760555360208725500,32.9827255859375,-0.99700927734375,-0.0092010498046875,-0.0035247802734375
1760555360218731500,32.9927314453125,-0.99920654296875,-0.0068206787109375,-0.0059967041015625
1760555360228736500,33.002736572265626,-1.0001068115234375,-0.0079803466796875,-0.006988525390625
1760555360238742300,33.0127421875,-0.9972686767578125,-0.005523681640625,-0.0063629150390625
1760555360248748500,33.02274853515625,-0.998016357421875,-0.002960205078125,-0.005950927734375
1760555360258754600,33.032754638671875,-0.999908447265625,-0.0059661865234375,-0.0060882568359375
1760555360268759600,33.04275952148438,-0.9994964599609375,-0.006439208984375,-0.006927490234375
1760555360278765300,33.05276538085938,-0.99853515625,-0.0056915283203125,-0.007171630859375
1760555360288771300,33.062771240234376,-0.9972381591796875,-0.0067901611328125,-0.0092620849609375
1760555360298777300,33.07277734375,-0.999420166015625,-0.0079193115234375,-0.004486083984375
1760555360308782300,33.0827822265625,-0.996673583984375,-0.0115203857421875,-0.0092620849609375
1760555360318788600,33.09278857421875,-0.9967498779296875,-0.0080718994140625,-0.0110015869140625
1760555360328794400,33.10279443359375,-1.00189208984375,-0.0033721923828125,-0.00970458984375
1760555360338800400,33.11280029296875,-1.00018310546875,-0.0078125,-0.0120697021484375
1760555360348806400,33.12280639648438,-0.997833251953125,-0.0096282958984375,-0.0129241943359375
1760555360358811400,33.132811279296874,-0.9966888427734375,-0.011871337890625,-0.01336669921875
1760555360368817400,33.1428173828125,-0.994354248046875,-0.0150604248046875,-0.016571044921875
1760555360378823400,33.152823486328124,-0.9984893798828125,-0.0153656005859375,-0.0169830322265625
1760555360388829400,33.16282934570312,-0.998138427734375,-0.020050048828125,-0.0145416259765625
1760555360398834400,33.17283447265625,-0.9937286376953125,-0.01953125,-0.014312744140625
1760555360408840400,33.18284033203125,-0.99566650390625,-0.01556396484375,-0.013580322265625
1760555360418846500,33.192846435546876,-0.9976348876953125,-0.0189971923828125,-0.0137176513671875
1760555360428852200,33.202852294921875,-0.995697021484375,-0.02166748046875,-0.016204833984375
1760555360438857200,33.21285717773438,-0.994110107421875,-0.0193328857421875,-0.0148162841796875
1760555360448863500,33.22286352539062,-0.9945220947265625,-0.017791748046875,-0.00970458984375
1760555360458869500,33.23286938476563,-0.9947967529296875,-0.0121917724609375,-0.00933837890625
1760555360468875500,33.24287548828125,-0.9987335205078125,-0.0066986083984375,-0.010498046875
1760555360478880500,33.252880615234375,-1.0009918212890625,-0.0060882568359375,-0.0130462646484375
1760555360488886300,33.26288623046875,-1.00048828125,-0.0028839111328125,-0.0112457275390625
1760555360498892300,33.27289233398437,-0.9981231689453125,-0.001922607421875,-0.0102081298828125
1760555360508898600,33.282898681640624,-0.997100830078125,-0.006683349609375,-0.01068115234375
1760555360518903600,33.29290356445313,-0.9988250732421875,-0.0126800537109375,-0.011688232421875
1760555360528909600,33.30290966796875,-0.9968414306640625,-0.0116119384765625,-0.0116424560546875
1760555360538915300,33.312915283203125,-0.9979705810546875,-0.005615234375,-0.0090179443359375
1760555360548921300,33.32292138671875,-0.999176025390625,-0.003662109375,-0.0078125
1760555360558926300,33.33292626953125,-0.9990081787109375,-0.0051116943359375,-0.0093994140625
1760555360568932400,33.34293237304688,-1.000457763671875,-0.0036773681640625,-0.00921630859375
1760555360578938400,33.3529384765625,-0.9993133544921875,-0.006195068359375,-0.008575439453125
1760555360588944400,33.3629443359375,-0.99871826171875,-0.0052947998046875,-0.01123046875
1760555360598949400,33.372949462890624,-0.999420166015625,-0.0056610107421875,-0.0097503662109375
1760555360608955400,33.38295532226562,-0.9976959228515625,-0.0069427490234375,-0.0062255859375
1760555360618961400,33.39296142578125,-0.99505615234375,-0.0118255615234375,-0.008209228515625
1760555360628967400,33.40296752929687,-0.996826171875,-0.01544189453125,-0.005462646484375
1760555360638972400,33.412972412109376,-0.9952239990234375,-0.0117340087890625,-0.00579833984375
1760555360648978400,33.422978515625,-0.99627685546875,-0.0135498046875,-0.0106353759765625
1760555360658984400,33.432984375,-0.998931884765625,-0.01226806640625,-0.0079803466796875
1760555360668990500,33.442990478515625,-0.9969635009765625,-0.009063720703125,-0.00921630859375
1760555360678995500,33.45299536132813,-0.9970550537109375,-0.009490966796875,-0.009002685546875
1760555360689001200,33.46300122070313,-0.9976654052734375,-0.003509521484375,-0.0055389404296875
1760555360699007500,33.47300756835938,-0.9989471435546875,-0.0011749267578125,-0.0071868896484375
1760555360709013500,33.48301342773438,-1.0011444091796875,0.0001068115234375,-0.006927490234375
1760555360719018500,33.4930185546875,-0.999237060546875,-0.00018310546875,-0.0101165771484375
1760555360729024500,33.5030244140625,-0.9981842041015625,-0.0021514892578125,-0.0092315673828125
1760555360739030300,33.5130302734375,-0.9979400634765625,-0.0067901611328125,-0.009521484375
1760555360749036300,33.52303637695312,-0.9951019287109375,-0.0125885009765625,-0.0106201171875
1760555360759041300,33.533041259765625,-0.9971160888671875,-0.0134429931640625,-0.0057830810546875
1760555360769047600,33.543047607421876,-0.9952392578125,-0.009521484375,-0.0081939697265625
1760555360779053600,33.553053466796875,-0.997589111328125,-0.008758544921875,-0.0090789794921875
1760555360789059300,33.563059326171874,-1.000701904296875,-0.0085296630859375,-0.0138702392578125
1760555360799064300,33.57306420898438,-1.0004119873046875,-0.0068817138671875,-0.0134124755859375
1760555360809070300,33.5830703125,-0.9980926513671875,-0.004669189453125,-0.00921630859375
1760555360819076400,33.59307641601563,-0.9960784912109375,-0.0043487548828125,-0.0104827880859375
1760555360829082400,33.603082275390626,-0.9991302490234375,-0.0058135986328125,-0.0106658935546875
1760555360839087400,33.61308740234375,-1.000885009765625,-0.0070953369140625,-0.01177978515625
1760555360849093400,33.62309326171875,-0.9974517822265625,-0.0078125,-0.0121917724609375
1760555360859099400,33.63309936523437,-0.9972991943359375,-0.0069427490234375,-0.008758544921875
1760555360869105400,33.64310546875,-0.998870849609375,-0.0095062255859375,-0.0089111328125
1760555360879110400,33.6531103515625,-0.996795654296875,-0.0110931396484375,-0.0108642578125
1760555360889116400,33.663116455078125,-0.9970703125,-0.01019287109375,-0.006988525390625
1760555360899122400,33.673122314453124,-0.99517822265625,-0.0104827880859375,-0.0074462890625
1760555360909127400,33.68312744140625,-0.9961395263671875,-0.00750732421875,-0.0097198486328125
1760555360919133400,33.69313354492188,-0.9981231689453125,-0.0096588134765625,-0.009368896484375
1760555360929139500,33.70313940429688,-0.99853515625,-0.0073089599609375,-0.012237548828125
1760555360939145200,33.713145263671876,-0.994659423828125,-0.010894775390625,-0.014923095703125
1760555360949150200,33.72315014648437,-0.99700927734375,-0.0136871337890625,-0.0142822265625
1760555360959156500,33.73315649414062,-0.998260498046875,-0.0101165771484375,-0.0156097412109375
1760555360969162500,33.74316259765625,-0.9986724853515625,-0.009246826171875,-0.0135040283203125
1760555360979168500,33.75316845703125,-0.99700927734375,-0.007476806640625,-0.014251708984375
1760555360989173500,33.763173583984376,-1.0006103515625,-0.0069427490234375,-0.01666259765625
1760555360999179300,33.77317919921875,-0.9996490478515625,-0.005645751953125,-0.017242431640625
1760555361009185300,33.783185302734374,-1.0010223388671875,-0.0079498291015625,-0.0167083740234375
1760555361019191600,33.793191650390625,-0.9984893798828125,-0.0059967041015625,-0.0161895751953125
1760555361029196500,33.80319653320313,-0.9977874755859375,-0.008056640625,-0.017059326171875
1760555361039202600,33.81320263671875,-0.99908447265625,-0.0101470947265625,-0.013397216796875
1760555361049208300,33.823208251953126,-0.99884033203125,-0.0064544677734375,-0.0123443603515625
1760555361059214300,33.83321435546875,-0.998382568359375,-0.004241943359375,-0.0122833251953125
1760555361069219300,33.84321923828125,-0.99749755859375,-0.0078887939453125,-0.0137786865234375
1760555361079225300,33.85322534179687,-0.9981231689453125,-0.0083160400390625,-0.016510009765625
1760555361089231600,33.86323168945312,-0.9981842041015625,-0.0059814453125,-0.0164794921875
1760555361099237400,33.8732373046875,-0.9974365234375,-0.0110321044921875,-0.0204010009765625
1760555361109242400,33.883242431640625,-0.9978485107421875,-0.0094757080078125,-0.01556396484375
1760555361119248400,33.893248291015624,-0.995269775390625,-0.0105743408203125,-0.0185699462890625
1760555361129254400,33.90325439453125,-0.9960174560546875,-0.010040283203125,-0.0186920166015625
1760555361139260400,33.913260498046874,-0.997528076171875,-0.0122833251953125,-0.0163116455078125
1760555361149265400,33.92326538085938,-0.996856689453125,-0.011688232421875,-0.017120361328125
1760555361159271400,33.933271484375,-0.9969482421875,-0.005889892578125,-0.01708984375
1760555361169277400,33.94327734375,-0.99786376953125,-0.0090484619140625,-0.0149383544921875
1760555361179283500,33.953283447265626,-0.9976654052734375,-0.01141357421875,-0.0130767822265625
1760555361189288400,33.96328833007812,-0.996063232421875,-0.011199951171875,-0.0137176513671875
1760555361199294200,33.97329418945313,-0.998199462890625,-0.0093841552734375,-0.0115203857421875
1760555361209300500,33.98330053710937,-0.999603271484375,-0.0081939697265625,-0.0142974853515625
1760555361219306500,33.99330639648438,-0.9966278076171875,-0.0147705078125,-0.01751708984375
1760555361229311500,34.0033115234375,-0.9973602294921875,-0.0142059326171875,-0.016845703125
1760555361239317500,34.0133173828125,-0.9967041015625,-0.0120849609375,-0.0184478759765625
1760555361249323300,34.0233232421875,-0.9961090087890625,-0.0098876953125,-0.02239990234375
1760555361259329300,34.03332934570312,-0.9999847412109375,-0.0133514404296875,-0.024505615234375
1760555361269334300,34.043334228515626,-0.9985809326171875,-0.016510009765625,-0.0242767333984375
1760555361279340500,34.05334057617188,-0.9957275390625,-0.010467529296875,-0.022064208984375
1760555361289346600,34.0633466796875,-0.9970855712890625,-0.0142364501953125,-0.0184478759765625
1760555361299352300,34.073352294921875,-0.9968414306640625,-0.0186004638671875,-0.0194091796875
1760555361309357600,34.08335766601562,-0.99639892578125,-0.0174102783203125,-0.019866943359375
1760555361319363600,34.09336352539062,-0.9958953857421875,-0.0139617919921875,-0.0175933837890625
1760555361329369600,34.10336962890625,-0.9960784912109375,-0.016387939453125,-0.0181884765625
1760555361339375600,34.11337573242187,-0.996368408203125,-0.0159912109375,-0.0178985595703125
1760555361349380600,34.123380615234375,-0.9970245361328125,-0.0157928466796875,-0.0172882080078125
1760555361359386400,34.133386474609374,-0.9949493408203125,-0.0142059326171875,-0.021759033203125
1760555361369392600,34.143392578125,-0.9969329833984375,-0.0125579833984375,-0.02392578125
1760555361379398700,34.153398681640624,-0.996795654296875,-0.01556396484375,-0.024688720703125
1760555361389403600,34.16340356445313,-0.997802734375,-0.0162506103515625,-0.0210418701171875
1760555361399409400,34.173409423828126,-0.994140625,-0.016845703125,-0.020721435546875
1760555361409415400,34.18341552734375,-0.9967193603515625,-0.011932373046875,-0.019073486328125
1760555361419421400,34.19342138671875,-0.999176025390625,-0.006256103515625,-0.021697998046875
1760555361429426400,34.20342651367187,-1.001129150390625,-0.0101318359375,-0.0209503173828125
1760555361439432700,34.2134326171875,-0.997894287109375,-0.0112762451171875,-0.022247314453125
1760555361449438500,34.2234384765625,-0.995849609375,-0.0126495361328125,-0.0231170654296875
1760555361459443500,34.233443359375,-0.99530029296875,-0.015594482421875,-0.023773193359375
1760555361469449500,34.243449462890624,-0.9949951171875,-0.0245513916015625,-0.0271759033203125
1760555361479455500,34.25345556640625,-0.992919921875,-0.0293121337890625,-0.022216796875
1760555361489461500,34.26346142578125,-0.99249267578125,-0.0223846435546875,-0.0185089111328125
1760555361499466500,34.27346655273438,-0.9943084716796875,-0.00897216796875,-0.0190582275390625
1760555361509472500,34.283472412109376,-1.0019683837890625,-0.005767822265625,-0.020233154296875
1760555361519478500,34.293478515625,-1.003936767578125,-0.010223388671875,-0.0208740234375
1760555361529484500,34.303484619140626,-0.99627685546875,-0.0124969482421875,-0.01959228515625
1760555361539489500,34.31348950195313,-0.9898223876953125,-0.0174102783203125,-0.0184783935546875
1760555361549495600,34.32349560546875,-0.9914093017578125,-0.0128173828125,-0.0197601318359375
1760555361559501600,34.33350146484375,-0.9998321533203125,-0.015350341796875,-0.0238189697265625
1760555361569507600,34.34350756835938,-1.001800537109375,-0.0056304931640625,-0.0242767333984375
1760555361579512600,34.3535126953125,-1.0003509521484375,0.0058135986328125,-0.0178375244140625
1760555361589518600,34.3635185546875,-0.999359130859375,0.007720947265625,-0.02044677734375
1760555361599524600,34.373524658203124,-1.003509521484375,0.008087158203125,-0.0201263427734375
1760555361609530400,34.3835302734375,-1.006011962890625,0.0098114013671875,-0.0247650146484375
1760555361619535400,34.393535400390626,-1.003997802734375,0.0088348388671875,-0.021453857421875
1760555361629541600,34.40354174804688,-0.9976654052734375,0.0016326904296875,-0.0192108154296875
1760555361639547600,34.413547607421876,-0.994781494140625,-0.00872802734375,-0.0207366943359375
1760555361649553700,34.4235537109375,-0.99285888671875,-0.0225677490234375,-0.023406982421875
1760555361659558700,34.43355859375,-0.9950714111328125,-0.0186614990234375,-0.02374267578125
1760555361669564400,34.443564453125,-0.997894287109375,-0.00531005859375,-0.0238800048828125
1760555361679570400,34.4535703125,-1.0023193359375,0.0024566650390625,-0.0276947021484375
1760555361689575400,34.46357543945312,-1.0035858154296875,-0.0071563720703125,-0.026031494140625
1760555361699581700,34.473581787109374,-0.9961090087890625,-0.0163726806640625,-0.0242919921875
1760555361709587500,34.48358740234375,-0.9900970458984375,-0.0190887451171875,-0.020172119140625
1760555361719593500,34.49359350585937,-0.992340087890625,-0.0155181884765625,-0.0193939208984375
1760555361729598500,34.503598388671875,-0.998077392578125,-0.0199737548828125,-0.0199737548828125
1760555361739604500,34.5136044921875,-0.996368408203125,-0.0223846435546875,-0.0204010009765625
1760555361749610500,34.523610595703126,-0.994476318359375,-0.0192108154296875,-0.0184326171875
1760555361759616500,34.533616455078125,-0.9934539794921875,-0.0113372802734375,-0.016082763671875
1760555361769621500,34.54362158203125,-0.9973297119140625,-0.006561279296875,-0.0164337158203125
1760555361779627500,34.55362744140625,-1.0015716552734375,-0.0073394775390625,-0.020660400390625
1760555361789633500,34.56363354492188,-0.999908447265625,-0.0104522705078125,-0.0205841064453125
1760555361799639600,34.5736396484375,-0.996063232421875,-0.0103302001953125,-0.0204620361328125
1760555361809644500,34.58364453125,-0.9943695068359375,-0.0088653564453125,-0.0198974609375
1760555361819650600,34.59365063476562,-1.0007476806640625,-0.0090179443359375,-0.0190277099609375
1760555361829656600,34.60365649414062,-1.0011444091796875,-0.006500244140625,-0.019561767578125
1760555361839662600,34.61366259765625,-0.9994659423828125,-0.0044097900390625,-0.0193939208984375
1760555361849667600,34.62366748046875,-0.99835205078125,-0.0037994384765625,-0.016632080078125
1760555361859673600,34.633673583984375,-0.9982147216796875,-0.0036163330078125,-0.0205230712890625
1760555361869679400,34.643679443359375,-1.0011444091796875,-0.0052642822265625,-0.023529052734375
1760555361879685600,34.653685546875,-0.9993438720703125,-0.0098419189453125,-0.024688720703125
1760555361889690600,34.66369067382813,-0.9970245361328125,-0.009613037109375,-0.021484375
1760555361899696600,34.67369653320313,-0.9950714111328125,-0.0099029541015625,-0.02154541015625
1760555361909702700,34.68370263671875,-0.99932861328125,-0.0078582763671875,-0.0210113525390625
1760555361919708400,34.69370849609375,-1.0010528564453125,-0.0108795166015625,-0.0222625732421875
1760555361929713400,34.70371337890625,-0.99713134765625,-0.01318359375,-0.01971435546875
1760555361939719400,34.71371948242187,-0.9906005859375,-0.0171356201171875,-0.0189971923828125
1760555361949725700,34.7237255859375,-0.995880126953125,-0.01336669921875,-0.019805908203125
1760555361959730700,34.733730712890626,-1.0024566650390625,-0.00555419921875,-0.0200042724609375
1760555361969736700,34.74373681640625,-1.0003204345703125,-0.00738525390625,-0.01904296875
1760555361979742500,34.753742431640624,-0.9967193603515625,-0.0149078369140625,-0.018646240234375
1760555361989748500,34.76374853515625,-0.9918365478515625,-0.0186920166015625,-0.0190887451171875
1760555361999753500,34.77375341796875,-0.99346923828125,-0.015960693359375,-0.020172119140625
1760555362009759500,34.78375952148438,-0.998504638671875,-0.016265869140625,-0.023406982421875
1760555362019765500,34.793765625,-0.9994354248046875,-0.0135650634765625,-0.0225372314453125
1760555362029771500,34.803771484375,-0.9936981201171875,-0.0184783935546875,-0.0214080810546875
1760555362039776500,34.81377661132812,-0.9938201904296875,-0.0141448974609375,-0.0230255126953125
1760555362049782500,34.82378247070312,-0.9975738525390625,-0.010772705078125,-0.028839111328125
1760555362059788500,34.83378857421875,-0.99981689453125,-0.0146484375,-0.0356597900390625
1760555362069794600,34.84379467773437,-1.0006561279296875,-0.0117950439453125,-0.0355377197265625
1760555362079799600,34.853799560546875,-0.99725341796875,-0.011260986328125,-0.027679443359375
1760555362089805600,34.8638056640625,-0.9954681396484375,-0.0114898681640625,-0.019378662109375
1760555362099811600,34.8738115234375,-0.9969482421875,-0.0125579833984375,-0.01763916015625
1760555362109817600,34.883817626953125,-1.0018310546875,-0.0105438232421875,-0.0191802978515625
1760555362119822600,34.89382250976563,-0.9990234375,-0.0137176513671875,-0.0262298583984375
1760555362129828400,34.903828369140626,-0.9936981201171875,-0.0157928466796875,-0.03173828125
1760555362139834600,34.91383471679688,-0.996368408203125,-0.014739990234375,-0.0318450927734375
1760555362149839600,34.92383959960937,-0.9988555908203125,-0.0157012939453125,-0.029510498046875
1760555362159845600,34.933845703125,-0.9960479736328125,-0.0147857666015625,-0.02996826171875
1760555362169851600,34.9438515625,-0.9958953857421875,-0.0148162841796875,-0.0277557373046875
1760555362179857400,34.953857421875,-0.99822998046875,-0.0155487060546875,-0.0260009765625
1760555362189862400,34.9638623046875,-0.998138427734375,-0.0105743408203125,-0.02960205078125
1760555362199868400,34.973868408203124,-0.9989013671875,-0.012664794921875,-0.0313720703125
1760555362209874700,34.983874755859375,-0.99493408203125,-0.0196075439453125,-0.0326385498046875
1760555362219880700,34.993880615234374,-0.9969482421875,-0.0202789306640625,-0.0249786376953125
1760555362229885700,35.0038857421875,-0.996185302734375,-0.013397216796875,-0.0187530517578125
1760555362239891500,35.013891357421876,-0.9974212646484375,-0.009765625,-0.0154571533203125
1760555362249897500,35.0238974609375,-1.0006256103515625,-0.0123291015625,-0.0142822265625
1760555362259903500,35.03390356445313,-0.9976959228515625,-0.0113983154296875,-0.0105438232421875
1760555362269908500,35.04390844726562,-0.996368408203125,-0.010498046875,-0.007904052734375
1760555362279914500,35.05391455078125,-0.9954376220703125,-0.00823974609375,-0.013580322265625
1760555362289920500,35.06392041015625,-0.9985809326171875,-0.01214599609375,-0.024322509765625
1760555362299925500,35.073925537109375,-0.9987335205078125,-0.02044677734375,-0.03363037109375
1760555362309931500,35.083931640625,-0.996978759765625,-0.02227783203125,-0.02947998046875
1760555362319937500,35.0939375,-0.9922637939453125,-0.023529052734375,-0.0280303955078125
1760555362329943300,35.103943359375,-0.9944915771484375,-0.0208282470703125,-0.0263214111328125
1760555362339948500,35.11394848632813,-1.0003204345703125,-0.0170135498046875,-0.0242919921875
1760555362349954600,35.12395458984375,-1.000274658203125,-0.0169219970703125,-0.024749755859375
1760555362359960600,35.13396069335938,-0.9969482421875,-0.0172576904296875,-0.023468017578125
1760555362369966600,35.143966552734376,-0.994598388671875,-0.0135955810546875,-0.0223236083984375
1760555362379971600,35.1539716796875,-0.9980316162109375,-0.0149383544921875,-0.0220794677734375
1760555362389977300,35.16397729492188,-0.9989013671875,-0.0172271728515625,-0.02691650390625
1760555362399983600,35.17398364257812,-0.9954376220703125,-0.024627685546875,-0.0288543701171875
1760555362409989600,35.18398974609375,-0.9944305419921875,-0.021820068359375,-0.0236663818359375
1760555362419994600,35.19399462890625,-0.9958953857421875,-0.0133819580078125,-0.0195465087890625
1760555362430000600,35.204000732421875,-0.998992919921875,-0.0129241943359375,-0.01934814453125
1760555362440006400,35.21400634765625,-0.9992218017578125,-0.0135345458984375,-0.0145721435546875
1760555362450011400,35.22401147460938,-0.992950439453125,-0.02032470703125,-0.0149993896484375
1760555362460017400,35.234017333984376,-0.992340087890625,-0.020782470703125,-0.010986328125
1760555362470023700,35.24402368164063,-0.9971466064453125,-0.0205230712890625,-0.0093994140625
1760555362480029700,35.25402978515625,-0.99774169921875,-0.0172119140625,-0.00921630859375
1760555362490034700,35.26403466796875,-0.9963226318359375,-0.01519775390625,-0.0052032470703125
1760555362500040400,35.27404052734375,-0.9959869384765625,-0.0169525146484375,-0.0057830810546875
1760555362510046500,35.28404638671875,-0.994873046875,-0.0140533447265625,-0.0065460205078125
1760555362520052500,35.29405249023438,-0.9987945556640625,-0.01068115234375,-0.0086822509765625
1760555362530057500,35.304057373046874,-0.999542236328125,-0.0120697021484375,-0.0105438232421875
1760555362540063700,35.314063720703125,-0.996795654296875,-0.0112152099609375,-0.0137481689453125
1760555362550069500,35.324069580078124,-0.999267578125,-0.008941650390625,-0.0133056640625
1760555362560075500,35.33407543945312,-1.0003204345703125,-0.0060272216796875,-0.009368896484375
1760555362570080500,35.34408056640625,-0.9989471435546875,-0.00933837890625,-0.007781982421875
1760555362580086500,35.35408642578125,-0.9968109130859375,-0.0072479248046875,-0.005889892578125
1760555362590092500,35.364092529296876,-0.9966583251953125,-0.0046234130859375,-0.006378173828125
1760555362600097500,35.37409765625,-0.9994049072265625,-0.00445556640625,-0.01171875
1760555362610103600,35.384103515625,-1.0018768310546875,-0.0004730224609375,-0.01776123046875
1760555362620109600,35.39410961914062,-1.0042266845703125,-0.0010223388671875,-0.0209503173828125
1760555362630115600,35.40411547851563,-1.0006256103515625,-0.009857177734375,-0.0194549560546875
1760555362640120600,35.41412060546875,-0.9940338134765625,-0.0117340087890625,-0.0215911865234375
1760555362650126300,35.42412622070312,-0.99517822265625,-0.0155487060546875,-0.021484375
1760555362660132600,35.434132568359374,-0.998016357421875,-0.010772705078125,-0.022308349609375
1760555362670138600,35.444138671875,-1.0045166015625,-0.0062103271484375,-0.0160675048828125
1760555362680143600,35.4541435546875,-1.0002288818359375,-0.00238037109375,-0.0121917724609375
1760555362690149600,35.46414965820313,-0.995086669921875,-0.0048065185546875,-0.0092926025390625
1760555362700155400,35.4741552734375,-0.9990386962890625,-0.0005950927734375,-0.0050811767578125
1760555362710160400,35.48416040039063,-1.003326416015625,0.0028076171875,-0.003173828125
1760555362720166400,35.49416650390625,-1.00238037109375,0.002899169921875,-0.0018310546875
1760555362730172700,35.50417260742187,-0.99774169921875,-0.002105712890625,-0.0028228759765625
1760555362740178700,35.5141787109375,-0.9950103759765625,-0.006072998046875,-0.0034637451171875
1760555362750183700,35.52418359375,-0.997406005859375,-0.00665283203125,-0.0096282958984375
1760555362760189400,35.534189453125,-1.00006103515625,-0.01226806640625,-0.01434326171875
1760555362770195500,35.544195556640624,-0.998931884765625,-0.0139923095703125,-0.016357421875
1760555362780201500,35.55420141601562,-0.9940185546875,-0.0117034912109375,-0.013519287109375
1760555362790206500,35.56420654296875,-0.9934844970703125,-0.0152587890625,-0.0131988525390625
1760555362800212700,35.574212646484376,-0.9991912841796875,-0.0156097412109375,-0.013275146484375
1760555362810218500,35.584218505859376,-0.9986419677734375,-0.014007568359375,-0.0140228271484375
1760555362820224500,35.594224609375,-0.99462890625,-0.0180816650390625,-0.010833740234375
1760555362830229500,35.6042294921875,-0.9930267333984375,-0.01611328125,-0.0074310302734375
1760555362840235500,35.61423559570313,-0.9960174560546875,-0.0135498046875,-0.008209228515625
1760555362850241500,35.62424145507813,-0.9969635009765625,-0.0132598876953125,-0.0084686279296875
1760555362860246500,35.63424658203125,-0.9984588623046875,-0.016448974609375,-0.009368896484375
1760555362870252500,35.64425244140625,-0.99468994140625,-0.016937255859375,-0.0099639892578125
1760555362880258600,35.65425854492187,-0.993988037109375,-0.014434814453125,-0.00970458984375
1760555362890264600,35.6642646484375,-0.9985504150390625,-0.0117645263671875,-0.013153076171875
1760555362900269600,35.67426953125,-1.0006103515625,-0.0106964111328125,-0.0185394287109375
1760555362910275600,35.684275634765626,-1.0001373291015625,-0.0095367431640625,-0.0200347900390625
1760555362920281600,35.694281494140625,-0.9976348876953125,-0.00732421875,-0.0197601318359375
1760555362930287600,35.70428759765625,-0.996185302734375,-0.0114593505859375,-0.01806640625
1760555362940292600,35.71429272460937,-0.997222900390625,-0.0155792236328125,-0.0167388916015625
1760555362950298600,35.72429858398438,-0.9983673095703125,-0.0109405517578125,-0.01312255859375
1760555362960304400,35.73430444335938,-0.9995574951171875,-0.0090484619140625,-0.012451171875
1760555362970309400,35.74430932617187,-0.99920654296875,-0.0068206787109375,-0.011962890625
1760555362980315400,35.7543154296875,-1.0006256103515625,-0.006134033203125,-0.013519287109375
1760555362990321700,35.76432177734375,-0.999359130859375,-0.007965087890625,-0.012786865234375
1760555363000327700,35.77432763671875,-0.999847412109375,-0.0113677978515625,-0.013458251953125
1760555363010332700,35.78433276367188,-0.99749755859375,-0.0088348388671875,-0.0113677978515625
1760555363020338400,35.79433837890625,-0.9995269775390625,-0.0045623779296875,-0.0137786865234375
1760555363030344400,35.804344482421875,-1.004486083984375,-0.001708984375,-0.01617431640625
1760555363040349400,35.81434936523438,-0.9995269775390625,-0.013671875,-0.0200347900390625
1760555363050355500,35.82435546875,-0.9916229248046875,-0.0246734619140625,-0.0185394287109375
1760555363060361700,35.83436181640625,-0.99188232421875,-0.0240020751953125,-0.0131072998046875
1760555363070367500,35.84436743164063,-0.9911956787109375,-0.025299072265625,-0.01092529296875
1760555363080372500,35.85437255859375,-0.996734619140625,-0.02081298828125,-0.012969970703125
1760555363090378500,35.86437841796875,-1.0012969970703125,-0.01324462890625,-0.0134735107421875
1760555363100384500,35.87438452148437,-0.9994964599609375,-0.007904052734375,-0.011199951171875
1760555363110390500,35.884390625,-0.99664306640625,-0.012451171875,-0.010986328125
1760555363120395500,35.8943955078125,-0.996795654296875,-0.019683837890625,-0.014495849609375
1760555363130401500,35.904401611328126,-0.9966888427734375,-0.0203704833984375,-0.0119171142578125
1760555363140407600,35.914407470703125,-0.9969024658203125,-0.0165863037109375,-0.01116943359375
1760555363150412500,35.92441259765625,-0.998687744140625,-0.0152587890625,-0.0094451904296875
1760555363160418600,35.93441845703125,-0.9956207275390625,-0.0187225341796875,-0.0117950439453125
1760555363170424600,35.94442456054688,-0.993988037109375,-0.0251007080078125,-0.012115478515625
1760555363180430600,35.9544306640625,-0.995391845703125,-0.028778076171875,-0.0160369873046875
1760555363190435600,35.964435546875,-0.994537353515625,-0.022674560546875,-0.01995849609375
1760555363200441600,35.974441650390624,-0.997711181640625,-0.0140838623046875,-0.015289306640625
1760555363210447600,35.98444750976562,-0.999237060546875,-0.015106201171875,-0.0141448974609375
1760555363220453400,35.99445336914062,-0.999114990234375,-0.01934814453125,-0.010040283203125
1760555363230458600,36.00445874023438,-0.9947357177734375,-0.022216796875,-0.0062408447265625
1760555363240464400,36.01446435546875,-0.99298095703125,-0.0166778564453125,-0.000396728515625
1760555363250470700,36.024470703125,-0.998016357421875,-0.0105743408203125,0.0024566650390625
1760555363260475600,36.0344755859375,-1.001129150390625,-0.009490966796875,-0.0011138916015625
1760555363270481700,36.04448168945312,-0.9987030029296875,-0.012359619140625,-0.001617431640625
1760555363280487400,36.0544873046875,-0.9963531494140625,-0.014801025390625,0.002105712890625
1760555363290493400,36.06449340820313,-0.995513916015625,-0.0131683349609375,0.0037994384765625
1760555363300498400,36.07449853515625,-0.9988861083984375,-0.0119781494140625,-0.000885009765625
1760555363310504400,36.08450439453125,-1.001953125,-0.0089569091796875,-0.006195068359375
1760555363320510500,36.09451049804687,-1.0010986328125,-0.0060272216796875,-0.0109100341796875
1760555363330516200,36.10451611328125,-0.9996795654296875,-0.0102996826171875,-0.0089874267578125
1760555363340521200,36.114521240234374,-0.996307373046875,-0.0136871337890625,-0.00421142578125
1760555363350527500,36.124527587890626,-0.9966888427734375,-0.0165557861328125,-0.00225830078125
1760555363360533500,36.134533447265625,-0.9940643310546875,-0.0225067138671875,-0.0032806396484375
1760555363370538500,36.14453857421875,-0.995758056640625,-0.01971435546875,-0.0005950927734375
1760555363380544500,36.15454443359375,-0.997802734375,-0.01800537109375,0.0016326904296875
1760555363390550300,36.16455029296875,-0.995758056640625,-0.017242431640625,-0.0038909912109375
1760555363400556300,36.17455639648438,-0.99896240234375,-0.01544189453125,-0.003997802734375
1760555363410561300,36.18456127929687,-0.999420166015625,-0.016357421875,-0.0059051513671875
1760555363420567600,36.19456762695312,-0.9992218017578125,-0.0173187255859375,-0.0048828125
1760555363430573600,36.20457348632812,-0.993621826171875,-0.0196380615234375,-0.00787353515625
1760555363440578600,36.21457861328125,-0.9951934814453125,-0.019256591796875,-0.00701904296875
1760555363450584300,36.224584228515624,-0.99822998046875,-0.02081298828125,-0.0069732666015625
1760555363460590300,36.23459033203125,-0.996002197265625,-0.018829345703125,-0.006317138671875
1760555363470596400,36.244596435546875,-0.9966888427734375,-0.01763916015625,-0.005157470703125
1760555363480601300,36.25460131835938,-0.99462890625,-0.019317626953125,-0.0072021484375
1760555363490607600,36.26460766601563,-0.997283935546875,-0.0181121826171875,-0.005279541015625
1760555363500613400,36.27461328125,-0.998565673828125,-0.0136260986328125,-0.0062255859375
1760555363510619400,36.28461938476563,-1.000091552734375,-0.009857177734375,-0.006622314453125
1760555363520624400,36.29462426757812,-1.0005645751953125,-0.012115478515625,-0.00762939453125
1760555363530630400,36.30463037109375,-0.9979705810546875,-0.0130157470703125,-0.0068817138671875
1760555363540636400,36.31463647460937,-0.9970855712890625,-0.0133209228515625,-0.006439208984375
1760555363550641400,36.324641357421875,-0.997406005859375,-0.014007568359375,-0.006103515625
1760555363560647400,36.3346474609375,-0.9966583251953125,-0.0149383544921875,-0.0049591064453125
1760555363570653400,36.3446533203125,-0.9964599609375,-0.0193328857421875,-0.0029296875
1760555363580659500,36.354659423828124,-0.9940185546875,-0.0181427001953125,-0.0042877197265625
1760555363590664400,36.36466455078125,-0.9958038330078125,-0.0146026611328125,-0.0034332275390625
1760555363600670500,36.37467041015625,-1.0007171630859375,-0.0107421875,-0.0060272216796875
1760555363610676500,36.38467651367188,-1.000091552734375,-0.0106964111328125,-0.0064239501953125
1760555363620682500,36.3946826171875,-0.999847412109375,-0.0102996826171875,-0.0067291259765625
1760555363630688500,36.4046884765625,-0.9982757568359375,-0.01165771484375,-0.00543212890625
1760555363640694300,36.4146943359375,-0.9988861083984375,-0.014434814453125,-0.0045318603515625
1760555363650699300,36.42469921875,-0.99884033203125,-0.0159759521484375,-0.0046234130859375
1760555363660705300,36.43470532226563,-0.997467041015625,-0.01739501953125,-0.0036468505859375
1760555363670711600,36.44471166992187,-0.9947967529296875,-0.0168914794921875,-0.0009613037109375
1760555363680716500,36.454716552734375,-0.9945526123046875,-0.016265869140625,-0.00347900390625
1760555363690722600,36.46472265625,-0.9976654052734375,-0.0150146484375,-0.0068511962890625
1760555363700728300,36.47472827148437,-1.0003662109375,-0.0125274658203125,-0.009918212890625
1760555363710734300,36.484734375,-0.997589111328125,-0.0142059326171875,-0.0162811279296875
1760555363720739300,36.4947392578125,-0.9979248046875,-0.0169219970703125,-0.0177001953125
1760555363730745300,36.504745361328126,-0.999053955078125,-0.0167236328125,-0.0157470703125
1760555363740751600,36.51475170898438,-0.996612548828125,-0.0163116455078125,-0.010284423828125
1760555363750757400,36.52475732421875,-0.996063232421875,-0.0154571533203125,-0.00787353515625
1760555363760762400,36.53476245117187,-0.9960784912109375,-0.0153656005859375,-0.0048370361328125
1760555363770768400,36.54476831054688,-0.9992523193359375,-0.0142822265625,-0.004364013671875
1760555363780774400,36.5547744140625,-0.9991302490234375,-0.0139007568359375,-0.0028228759765625
1760555363790779400,36.564779296875,-0.99835205078125,-0.0149688720703125,-0.0035247802734375
1760555363800785400,36.574785400390624,-0.994384765625,-0.01544189453125,-0.0034027099609375
1760555363810791400,36.58479150390625,-0.9958343505859375,-0.0165557861328125,-0.0061798095703125
1760555363820797400,36.59479736328125,-0.9984283447265625,-0.0151824951171875,-0.010955810546875
1760555363830802400,36.60480249023438,-1.000732421875,-0.0119781494140625,-0.0110015869140625
1760555363840808400,36.614808349609376,-0.996917724609375,-0.0108795166015625,-0.0137939453125
1760555363850814500,36.624814453125,-0.997528076171875,-0.013580322265625,-0.013031005859375
1760555363860819500,36.6348193359375,-0.99871826171875,-0.01202392578125,-0.01177978515625
1760555363870825500,36.64482543945312,-0.9992218017578125,-0.014190673828125,-0.011474609375
1760555363880831500,36.65483154296875,-0.9955596923828125,-0.0176544189453125,-0.010406494140625
1760555363890837500,36.66483740234375,-0.9937591552734375,-0.0182037353515625,-0.0130615234375
1760555363900842500,36.674842529296875,-0.9952239990234375,-0.02069091796875,-0.0154571533203125
1760555363910848300,36.68484814453125,-0.9991607666015625,-0.0169219970703125,-0.01715087890625
1760555363920854300,36.69485424804687,-0.9985809326171875,-0.0171966552734375,-0.0189361572265625
1760555363930859300,36.704859375,-0.99530029296875,-0.0191497802734375,-0.01812744140625
1760555363940865500,36.71486547851563,-0.9984283447265625,-0.0157318115234375,-0.01019287109375
1760555363950871600,36.72487158203125,-0.9970703125,-0.0150299072265625,-0.009002685546875
1760555363960877300,36.734877197265625,-0.998382568359375,-0.015594482421875,-0.010223388671875
1760555363970882300,36.74488232421875,-0.998626708984375,-0.016998291015625,-0.0106658935546875
1760555363980888300,36.75488842773437,-0.9958953857421875,-0.01531982421875,-0.0129547119140625
1760555363990894300,36.76489428710938,-0.99725341796875,-0.0098876953125,-0.009063720703125
1760555364000899300,36.7748994140625,-0.99847412109375,-0.0149383544921875,-0.012969970703125
1760555364010905600,36.784905517578125,-0.9967193603515625,-0.020477294921875,-0.01910400390625
1760555364020911400,36.794911376953124,-0.9958648681640625,-0.0197296142578125,-0.02001953125
1760555364030917400,36.80491748046875,-0.99957275390625,-0.0103759765625,-0.0172119140625
1760555364040922400,36.81492236328125,-1.0012359619140625,-0.00921630859375,-0.0206298828125
1760555364050928400,36.82492846679688,-1.0024261474609375,-0.0102691650390625,-0.0207977294921875
1760555364060934400,36.834934326171876,-0.9995880126953125,-0.012420654296875,-0.0172576904296875
1760555364070939400,36.844939453125,-0.996002197265625,-0.0101318359375,-0.0159149169921875
1760555364080945400,36.8549453125,-0.9981689453125,-0.0118408203125,-0.01507568359375
1760555364090951400,36.86495141601562,-0.9987030029296875,-0.01666259765625,-0.0178375244140625
1760555364100957400,36.87495751953125,-0.9992218017578125,-0.01226806640625,-0.019989013671875
1760555364110962400,36.88496240234375,-0.9977874755859375,-0.0097503662109375,-0.019561767578125
1760555364120968400,36.894968505859374,-0.9988250732421875,-0.0126190185546875,-0.021148681640625
1760555364130974200,36.90497412109375,-0.996917724609375,-0.0161285400390625,-0.0200042724609375
1760555364140980500,36.91498046875,-0.99700927734375,-0.0139007568359375,-0.017669677734375
1760555364150985500,36.9249853515625,-0.9971160888671875,-0.014801025390625,-0.018768310546875
1760555364160991500,36.934991455078126,-0.9959869384765625,-0.0135040283203125,-0.02032470703125
1760555364170997500,36.94499755859375,-0.998992919921875,-0.009674072265625,-0.0223846435546875
1760555364181002500,36.95500244140625,-1.0013885498046875,-0.00994873046875,-0.020263671875
1760555364191008300,36.96500830078125,-0.998291015625,-0.011138916015625,-0.0178070068359375
1760555364201014500,36.9750146484375,-0.9964447021484375,-0.0108642578125,-0.016387939453125
1760555364211020500,36.9850205078125,-0.9977874755859375,-0.0096893310546875,-0.015625
1760555364221025500,36.995025634765625,-0.99884033203125,-0.01226806640625,-0.013885498046875
1760555364231031300,37.00503125,-0.9985198974609375,-0.0116119384765625,-0.0122833251953125
1760555364241037300,37.01503735351562,-0.9972381591796875,-0.0099639892578125,-0.014617919921875
1760555364251042300,37.025042236328126,-0.9969329833984375,-0.0100860595703125,-0.01788330078125
1760555364261048300,37.03504833984375,-0.9975738525390625,-0.0125885009765625,-0.0251922607421875
1760555364271054600,37.0450546875,-1.0003662109375,-0.011749267578125,-0.0247955322265625
1760555364281060400,37.055060302734375,-0.999053955078125,-0.0110015869140625,-0.026702880859375
1760555364291065300,37.0650654296875,-0.9957733154296875,-0.01458740234375,-0.02667236328125
1760555364301071400,37.0750712890625,-0.99835205078125,-0.017974853515625,-0.0258026123046875
1760555364311077400,37.08507739257813,-0.997833251953125,-0.0226287841796875,-0.0211334228515625
1760555364321082400,37.095082275390624,-0.995208740234375,-0.0203857421875,-0.016448974609375
1760555364331088400,37.10508837890625,-0.992645263671875,-0.017425537109375,-0.0168609619140625
1760555364341094100,37.11509423828125,-0.99810791015625,-0.0158233642578125,-0.0186004638671875
1760555364351100400,37.12510034179687,-0.99993896484375,-0.0181732177734375,-0.0197906494140625
1760555364361105400,37.13510546875,-0.99737548828125,-0.0162353515625,-0.023895263671875
1760555364371111400,37.145111328125,-0.9924468994140625,-0.0137481689453125,-0.01910400390625
1760555364381117400,37.155117431640626,-0.9955902099609375,-0.011016845703125,-0.0200958251953125
1760555364391122400,37.16512231445312,-1.000244140625,-0.0147857666015625,-0.026580810546875
1760555364401128200,37.17512817382813,-0.998870849609375,-0.0156707763671875,-0.0276031494140625
1760555364411134200,37.18513427734375,-0.9971466064453125,-0.01458740234375,-0.02679443359375
1760555364421140500,37.19514038085938,-0.9961395263671875,-0.017822265625,-0.026275634765625
1760555364431145500,37.2051455078125,-0.9980316162109375,-0.0147247314453125,-0.0248565673828125
1760555364441151500,37.2151513671875,-0.9987335205078125,-0.0129547119140625,-0.0239105224609375
1760555364451157200,37.2251572265625,-0.99822998046875,-0.0137786865234375,-0.0222930908203125
1760555364461162200,37.235162353515626,-0.99749755859375,-0.00994873046875,-0.0213623046875
1760555364471168300,37.245168212890626,-0.997711181640625,-0.010498046875,-0.0228118896484375
1760555364481174300,37.25517431640625,-1.0005340576171875,-0.008880615234375,-0.0206451416015625
1760555364491180500,37.2651806640625,-0.9991455078125,-0.0102996826171875,-0.020843505859375
1760555364501185500,37.275185546875,-0.993804931640625,-0.016143798828125,-0.0212249755859375
1760555364511191300,37.28519140625,-0.99560546875,-0.0137481689453125,-0.017730712890625
1760555364521197300,37.295197265625,-0.9974822998046875,-0.0102081298828125,-0.02093505859375
1760555364531202300,37.305202392578124,-1.0008544921875,-0.009918212890625,-0.0211181640625
1760555364541208300,37.31520825195312,-0.9988861083984375,-0.01373291015625,-0.0219268798828125
1760555364551214300,37.32521435546875,-0.9947662353515625,-0.01654052734375,-0.0234222412109375
1760555364561220400,37.335220458984374,-0.99560546875,-0.0143280029296875,-0.021636962890625
1760555364571225300,37.345225341796876,-0.99932861328125,-0.0126953125,-0.019073486328125
1760555364581231400,37.3552314453125,-0.999847412109375,-0.0093841552734375,-0.0166473388671875
1760555364591237400,37.3652373046875,-0.9978485107421875,-0.0099334716796875,-0.009521484375
1760555364601242400,37.37524243164062,-0.9962158203125,-0.0101776123046875,-0.005096435546875
1760555364611248000,37.385248046875,-0.9948272705078125,-0.0105133056640625,-0.0020599365234375
1760555364621254400,37.39525439453125,-0.9975433349609375,-0.012786865234375,-0.0028228759765625
1760555364631260400,37.40526049804687,-0.9970855712890625,-0.0089263916015625,-0.0059967041015625
1760555364641265400,37.415265380859374,-0.9983062744140625,-0.00897216796875,-0.0081024169921875
1760555364651271400,37.425271484375,-0.998779296875,-0.01025390625,-0.01104736328125
1760555364661277200,37.43527709960937,-0.9997100830078125,-0.0079193115234375,-0.012725830078125
1760555364671282200,37.4452822265625,-0.9997406005859375,-0.0087127685546875,-0.0110626220703125
1760555364681288200,37.4552880859375,-0.998992919921875,-0.0097503662109375,-0.0102996826171875
1760555364691294500,37.46529443359375,-0.996612548828125,-0.011871337890625,-0.009246826171875
1760555364701300500,37.475300537109376,-0.9959869384765625,-0.0115814208984375,-0.0085296630859375
1760555364711305500,37.48530541992187,-1.0001983642578125,-0.0114288330078125,-0.0070037841796875
1760555364721311200,37.49531127929688,-0.998199462890625,-0.01043701171875,-0.00531005859375
1760555364731317200,37.50531713867188,-0.9957275390625,-0.0103759765625,-0.0010833740234375
1760555364741322200,37.515322265625,-0.9948272705078125,-0.0115814208984375,-0.0043182373046875
1760555364751328300,37.525328369140624,-0.99725341796875,-0.0131072998046875,-0.0087127685546875
1760555364761334500,37.53533447265625,-0.99945068359375,-0.0149383544921875,-0.0137176513671875
1760555364771339500,37.54533959960938,-0.9969940185546875,-0.0181884765625,-0.0141143798828125
1760555364781345300,37.55534521484375,-0.991119384765625,-0.02545166015625,-0.0109100341796875
1760555364791351300,37.565351318359376,-0.9914703369140625,-0.0241851806640625,-0.012237548828125
1760555364801357300,37.575357421875,-0.995635986328125,-0.0223236083984375,-0.01092529296875
1760555364811362300,37.5853623046875,-0.9983673095703125,-0.0175933837890625,-0.01007080078125
1760555364821368300,37.59536840820312,-0.9993133544921875,-0.0142669677734375,-0.0105133056640625
1760555364831374300,37.60537426757813,-0.997039794921875,-0.014373779296875,-0.0119781494140625
1760555364841379300,37.61537939453125,-0.9954376220703125,-0.0142059326171875,-0.010009765625
1760555364851385300,37.62538525390625,-0.996856689453125,-0.0134429931640625,-0.008880615234375
1760555364861391400,37.635391357421874,-0.998992919921875,-0.012969970703125,-0.0083770751953125
1760555364871397400,37.6453974609375,-0.9974822998046875,-0.0110626220703125,-0.0058135986328125
1760555364881402400,37.65540234375,-0.99810791015625,-0.0089874267578125,-0.0031890869140625
1760555364891408400,37.66540844726563,-0.9991455078125,-0.004852294921875,-0.0037384033203125
1760555364901414400,37.675414306640626,-1.0032958984375,-0.00555419921875,-0.0081939697265625
1760555364911419400,37.68541943359375,-1.0012664794921875,-0.0091552734375,-0.008148193359375
1760555364921425400,37.69542529296875,-0.9971160888671875,-0.01055908203125,-0.01019287109375
1760555364931431200,37.70543115234375,-0.9965667724609375,-0.0133514404296875,-0.009857177734375
1760555364941437200,37.71543725585938,-1.0003509521484375,-0.011871337890625,-0.0091705322265625
1760555364951442200,37.72544213867187,-0.9999542236328125,-0.0101318359375,-0.00689697265625
1760555364961448400,37.735448486328124,-0.9958953857421875,-0.0150299072265625,-0.0046844482421875
1760555364971454500,37.74545434570312,-0.9951019287109375,-0.01409912109375,-0.004669189453125
1760555364981459500,37.75545947265625,-0.9968109130859375,-0.0143280029296875,-0.006683349609375
1760555364991465200,37.76546533203125,-0.999664306640625,-0.01568603515625,-0.0103759765625
1760555365001471200,37.77547119140625,-0.999114990234375,-0.0160675048828125,-0.0127410888671875
1760555365011476200,37.78547631835937,-0.9958343505859375,-0.0168914794921875,-0.009307861328125
1760555365021482200,37.79548217773438,-0.995697021484375,-0.0183563232421875,-0.0099334716796875
1760555365031488500,37.80548852539062,-0.9962310791015625,-0.01708984375,-0.008087158203125
1760555365041494300,37.81549438476563,-0.997894287109375,-0.01531982421875,-0.0081787109375
1760555365051499300,37.825499267578124,-0.9969329833984375,-0.015655517578125,-0.008087158203125
1760555365061505300,37.83550537109375,-0.9969635009765625,-0.0146484375,-0.0077362060546875
1760555365071511300,37.84551123046875,-0.9966888427734375,-0.0135040283203125,-0.008544921875
1760555365081516300,37.85551635742188,-0.99853515625,-0.0128173828125,-0.0079498291015625
1760555365091522300,37.865522216796876,-0.9990997314453125,-0.0135955810546875,-0.008209228515625
1760555365101528300,37.8755283203125,-0.996917724609375,-0.01251220703125,-0.00830078125
1760555365111534300,37.885534423828126,-0.9951324462890625,-0.0131683349609375,-0.008636474609375
1760555365121539300,37.89553930664062,-0.996917724609375,-0.014312744140625,-0.0103912353515625
1760555365131545300,37.90554541015625,-0.9990234375,-0.011993408203125,-0.0113983154296875
1760555365141551400,37.91555126953125,-0.99957275390625,-0.010284423828125,-0.011077880859375
1760555365151556400,37.925556396484374,-0.997650146484375,-0.0113372802734375,-0.0106048583984375
1760555365161562400,37.935562255859374,-0.99761962890625,-0.013397216796875,-0.009613037109375
1760555365171568400,37.945568359375,-0.9990234375,-0.01275634765625,-0.006866455078125
1760555365181573400,37.95557348632813,-0.997528076171875,-0.0113677978515625,-0.005828857421875
1760555365191579400,37.96557934570313,-0.999481201171875,-0.0130462646484375,-0.006988525390625
1760555365201585400,37.97558544921875,-0.9976654052734375,-0.0145721435546875,-0.0090789794921875
1760555365211591200,37.985591064453125,-0.9982757568359375,-0.01531982421875,-0.008697509765625
1760555365221596200,37.99559619140625,-0.9974822998046875,-0.0156402587890625,-0.009368896484375
1760555365231602400,38.0056025390625,-0.996185302734375,-0.0153045654296875,-0.0098419189453125
1760555365241608400,38.0156083984375,-0.998382568359375,-0.0148468017578125,-0.0091400146484375
1760555365251613400,38.025613525390625,-0.997833251953125,-0.0147552490234375,-0.0097198486328125
1760555365261619500,38.035619384765624,-0.998016357421875,-0.014495849609375,-0.008026123046875
1760555365271625200,38.04562524414062,-0.9954833984375,-0.0189208984375,-0.0079345703125
1760555365281631200,38.05563134765625,-0.9956817626953125,-0.01593017578125,-0.0090789794921875
1760555365291636200,38.06563623046875,-0.99664306640625,-0.013671875,-0.012847900390625
1760555365301642500,38.075642578125,-0.9979095458984375,-0.0154266357421875,-0.0157623291015625
1760555365311648300,38.085648193359376,-0.99755859375,-0.0150146484375,-0.014129638671875
1760555365321653200,38.0956533203125,-0.996368408203125,-0.01611328125,-0.0145111083984375
1760555365331659300,38.1056591796875,-0.997894287109375,-0.015716552734375,-0.01324462890625
1760555365341665500,38.11566552734375,-0.9987640380859375,-0.01239013671875,-0.0137786865234375
1760555365351670500,38.12567041015625,-0.9980010986328125,-0.0139312744140625,-0.009979248046875
1760555365361676500,38.135676513671875,-0.997467041015625,-0.0172271728515625,-0.0117340087890625
1760555365371682300,38.145682373046874,-0.995574951171875,-0.01483154296875,-0.0094451904296875
1760555365381688300,38.15568823242187,-0.996337890625,-0.013916015625,-0.0148773193359375
1760555365391693300,38.165693359375,-0.999481201171875,-0.015533447265625,-0.0169677734375
1760555365401699300,38.17569921875,-1.0011138916015625,-0.015289306640625,-0.0174713134765625
1760555365411705600,38.18570556640625,-0.9972381591796875,-0.0184783935546875,-0.01702880859375
1760555365421710600,38.19571069335937,-0.9938201904296875,-0.0163116455078125,-0.0161590576171875
1760555365431716400,38.20571630859375,-0.999542236328125,-0.0121917724609375,-0.01812744140625
1760555365441722400,38.21572241210937,-1.001556396484375,-0.0102996826171875,-0.017578125
1760555365451728400,38.22572827148438,-0.9981689453125,-0.0134429931640625,-0.0152587890625
1760555365461733400,38.2357333984375,-0.99505615234375,-0.01751708984375,-0.01416015625
1760555365471739400,38.245739501953125,-0.992919921875,-0.0186614990234375,-0.0145111083984375
1760555365481745400,38.255745361328124,-0.997100830078125,-0.014923095703125,-0.0137481689453125
1760555365491750400,38.26575048828125,-1.0016632080078125,-0.0139007568359375,-0.0139617919921875
1760555365501756400,38.27575634765625,-0.9985504150390625,-0.0148468017578125,-0.012420654296875
1760555365511762400,38.28576245117188,-0.9940643310546875,-0.0151214599609375,-0.012176513671875
1760555365521767400,38.29576733398437,-0.994476318359375,-0.0133056640625,-0.0149078369140625
1760555365531773400,38.3057734375,-1.0001068115234375,-0.0103759765625,-0.0158843994140625
1760555365541779500,38.31577954101562,-1.002349853515625,-0.0135498046875,-0.017791748046875
1760555365551785500,38.32578540039062,-0.9976654052734375,-0.0146636962890625,-0.0184783935546875
1760555365561790500,38.33579052734375,-0.995513916015625,-0.0142059326171875,-0.0160369873046875
1760555365571796500,38.34579638671875,-0.9995574951171875,-0.0134124755859375,-0.01690673828125
1760555365581802500,38.355802490234375,-1.0007476806640625,-0.0139617919921875,-0.0164794921875
1760555365591807500,38.36580737304688,-0.9975738525390625,-0.0130767822265625,-0.0140380859375
1760555365601813200,38.375813232421876,-0.9952850341796875,-0.011138916015625,-0.0127716064453125
1760555365611819500,38.38581958007813,-0.9963226318359375,-0.0118408203125,-0.0135498046875
1760555365621824500,38.39582446289062,-0.9991607666015625,-0.011962890625,-0.014434814453125
1760555365631830500,38.40583056640625,-0.998565673828125,-0.014129638671875,-0.0165557861328125
1760555365641836300,38.41583618164063,-0.9969482421875,-0.016448974609375,-0.0161285400390625
1760555365651842300,38.42584228515625,-0.9925994873046875,-0.0213775634765625,-0.01580810546875
1760555365661847300,38.435847412109375,-0.9938812255859375,-0.0198516845703125,-0.017364501953125
1760555365671853300,38.445853271484374,-0.9961700439453125,-0.0186614990234375,-0.01947021484375
1760555365681859600,38.455859619140625,-0.99713134765625,-0.018768310546875,-0.01739501953125
1760555365691864600,38.46586450195313,-0.9969024658203125,-0.014862060546875,-0.014404296875
1760555365701870300,38.47587036132813,-0.9958038330078125,-0.0134124755859375,-0.013214111328125
1760555365711876400,38.48587646484375,-0.9989166259765625,-0.011474609375,-0.013214111328125
1760555365721882400,38.49588232421875,-0.999664306640625,-0.0115814208984375,-0.0161895751953125
1760555365731887400,38.50588745117187,-0.9984893798828125,-0.0099945068359375,-0.01446533203125
1760555365741893400,38.51589331054687,-0.996734619140625,-0.0111846923828125,-0.013702392578125
1760555365751899400,38.5258994140625,-0.9979400634765625,-0.011962890625,-0.0151824951171875
1760555365761904400,38.535904296875,-0.9982757568359375,-0.01055908203125,-0.0174713134765625
1760555365771910400,38.545910400390625,-1.00030517578125,-0.008270263671875,-0.01763916015625
1760555365781916400,38.55591650390625,-0.9998779296875,-0.009063720703125,-0.0157623291015625
1760555365791921400,38.56592138671875,-0.9977264404296875,-0.00946044921875,-0.0160980224609375
1760555365801927400,38.57592749023438,-0.9988861083984375,-0.0096588134765625,-0.011688232421875
1760555365811933400,38.58593334960938,-0.999053955078125,-0.0132598876953125,-0.0060272216796875
1760555365821939500,38.595939453125,-0.996185302734375,-0.010406494140625,-0.0047149658203125
1760555365831944400,38.6059443359375,-0.9936676025390625,-0.01708984375,-0.0124969482421875
1760555365841950500,38.61595043945312,-0.9972991943359375,-0.020721435546875,-0.0132598876953125
1760555365851956500,38.62595654296875,-0.9975738525390625,-0.0182952880859375,-0.0155181884765625
1760555365861961500,38.63596142578125,-0.9970245361328125,-0.01556396484375,-0.018218994140625
1760555365871967200,38.64596728515625,-0.998016357421875,-0.0151824951171875,-0.019012451171875
1760555365881973500,38.655973388671875,-0.996490478515625,-0.0168914794921875,-0.0218353271484375
1760555365891978500,38.665978515625,-0.997100830078125,-0.0164642333984375,-0.0264739990234375
1760555365901984500,38.67598461914063,-0.9992523193359375,-0.0173797607421875,-0.0255889892578125
1760555365911990500,38.68599047851563,-0.9979400634765625,-0.0139007568359375,-0.0198211669921875
1760555365921996300,38.69599633789063,-0.9952392578125,-0.0183868408203125,-0.01898193359375
1760555365932001300,38.70600122070312,-0.9958343505859375,-0.0170135498046875,-0.019195556640625
1760555365942007300,38.71600732421875,-0.994720458984375,-0.01947021484375,-0.019256591796875
1760555365952013600,38.726013671875,-0.9981231689453125,-0.0131683349609375,-0.0224456787109375
1760555365962018600,38.7360185546875,-0.9991455078125,-0.01251220703125,-0.0238800048828125
1760555365972024300,38.7460244140625,-0.9964599609375,-0.0161590576171875,-0.02606201171875
1760555365982030300,38.7560302734375,-0.996978759765625,-0.01690673828125,-0.026092529296875
1760555365992035300,38.76603540039063,-0.9962158203125,-0.0156707763671875,-0.0293731689453125
1760555366002041300,38.77604125976563,-0.9970703125,-0.014556884765625,-0.0303802490234375
1760555366012047600,38.78604760742188,-0.9998626708984375,-0.013702392578125,-0.027679443359375
1760555366022053400,38.79605346679688,-0.998199462890625,-0.0149383544921875,-0.0253753662109375
1760555366032058400,38.80605834960937,-0.994659423828125,-0.0155792236328125,-0.02117919921875
1760555366042064400,38.816064453125,-0.994964599609375,-0.0166015625,-0.0194091796875
1760555366052070400,38.8260703125,-0.9958038330078125,-0.0186920166015625,-0.025604248046875
1760555366062075400,38.836075439453126,-0.996856689453125,-0.0198516845703125,-0.032012939453125
1760555366072081400,38.846081298828125,-0.996368408203125,-0.020233154296875,-0.0353240966796875
1760555366082087400,38.85608740234375,-0.9940948486328125,-0.0228729248046875,-0.039947509765625
1760555366092092400,38.86609252929688,-0.995513916015625,-0.0212249755859375,-0.0394134521484375
1760555366102098400,38.87609838867188,-0.9988861083984375,-0.0158843994140625,-0.0335235595703125
1760555366112104400,38.8861044921875,-0.99761962890625,-0.0128021240234375,-0.030792236328125
1760555366122110500,38.8961103515625,-0.9967803955078125,-0.0146636962890625,-0.031646728515625
1760555366132115500,38.90611547851562,-0.9962921142578125,-0.0124664306640625,-0.03375244140625
1760555366142121200,38.91612133789062,-0.999664306640625,-0.0082244873046875,-0.0352935791015625
1760555366152127500,38.92612744140625,-1.003021240234375,-0.0127716064453125,-0.0377960205078125
1760555366162132500,38.936132568359376,-0.9994659423828125,-0.014404296875,-0.029754638671875
1760555366172138500,38.946138427734375,-0.9969482421875,-0.0111541748046875,-0.016510009765625
1760555366182144500,38.95614453125,-0.996612548828125,-0.0032806396484375,-0.0108795166015625
1760555366192149500,38.9661494140625,-1.0008392333984375,-0.0022125244140625,-0.009857177734375
1760555366202155300,38.9761552734375,-1.00335693359375,-0.0058441162109375,-0.00970458984375
1760555366212161300,38.98616137695313,-0.9990386962890625,-0.007476806640625,-0.0076141357421875
1760555366222166300,38.99616625976562,-0.9932708740234375,-0.0069732666015625,-0.0097198486328125
1760555366232172500,39.006172607421874,-0.9957275390625,-0.01324462890625,-0.0123443603515625
1760555366242178600,39.01617846679687,-0.9989013671875,-0.0162811279296875,-0.019927978515625
1760555366252184300,39.02618432617187,-0.9978179931640625,-0.0210723876953125,-0.0214691162109375
1760555366262189300,39.036189208984375,-0.99627685546875,-0.0145721435546875,-0.0147705078125
1760555366272195300,39.0461953125,-0.994842529296875,-0.0115966796875,-0.01055908203125
1760555366282201600,39.05620166015625,-0.9981842041015625,-0.0116119384765625,-0.0107879638671875
1760555366292206600,39.06620654296875,-0.99993896484375,-0.016998291015625,-0.0078277587890625
1760555366302212400,39.07621240234375,-0.994354248046875,-0.0206451416015625,-0.006561279296875
1760555366312219000,39.08621899414062,-0.9909515380859375,-0.0237274169921875,-0.0061798095703125
1760555366322223900,39.096223876953125,-0.9915008544921875,-0.0224761962890625,-0.0084686279296875
1760555366332230000,39.10622998046875,-1.0002288818359375,-0.018035888671875,-0.0108795166015625
1760555366342236000,39.11623583984375,-0.999969482421875,-0.012542724609375,-0.012786865234375
1760555366352242000,39.126241943359375,-0.9951629638671875,-0.0140533447265625,-0.013214111328125
1760555366362247000,39.13624682617188,-0.993804931640625,-0.015716552734375,-0.0123443603515625
1760555366372253000,39.1462529296875,-0.9958038330078125,-0.0133056640625,-0.013092041015625
1760555366382259000,39.15625903320313,-0.999664306640625,-0.013336181640625,-0.0169219970703125
1760555366392264000,39.16626391601562,-0.9997406005859375,-0.0128173828125,-0.0185699462890625
1760555366402270000,39.17627001953125,-0.9986572265625,-0.00347900390625,-0.018280029296875
1760555366412276000,39.18627587890625,-1.0010986328125,0.001190185546875,-0.014495849609375
1760555366422281000,39.196281005859376,-1.0018310546875,0.0015106201171875,-0.0115814208984375
1760555366432287000,39.206286865234375,-1.0017547607421875,0.0009002685546875,-0.011444091796875
1760555366442293000,39.21629296875,-1.000885009765625,-0.0008392333984375,-0.0115509033203125
1760555366452298800,39.226298828125,-0.9990234375,-0.0084075927734375,-0.0118865966796875
1760555366462304000,39.23630395507813,-0.9971160888671875,-0.0093841552734375,-0.01092529296875
1760555366472309800,39.24630981445313,-0.9943084716796875,-0.0120849609375,-0.0117950439453125
1760555366482316000,39.25631591796875,-0.9970855712890625,-0.012847900390625,-0.012603759765625
1760555366492321000,39.266321044921874,-0.994415283203125,-0.0150146484375,-0.014251708984375
1760555366502327000,39.2763271484375,-0.9975738525390625,-0.012298583984375,-0.015533447265625
1760555366512332800,39.28633276367187,-1.000396728515625,-0.009735107421875,-0.0134735107421875
1760555366522337800,39.296337890625,-0.997222900390625,-0.0083770751953125,-0.0142974853515625
1760555366532343800,39.30634375,-0.9967041015625,-0.0155181884765625,-0.019287109375
1760555366542349800,39.316349853515625,-0.9962158203125,-0.024749755859375,-0.01708984375
1760555366552354800,39.32635473632813,-0.9934539794921875,-0.0238494873046875,-0.0150299072265625
1760555366562361000,39.33636108398437,-0.9898223876953125,-0.0236053466796875,-0.0149688720703125
1760555366572366800,39.34636694335938,-0.99481201171875,-0.0201416015625,-0.0154266357421875
1760555366582372900,39.35637280273438,-0.998870849609375,-0.0144195556640625,-0.0188140869140625
1760555366592377900,39.3663779296875,-1.0003509521484375,-0.0154876708984375,-0.02105712890625
1760555366602384000,39.3763837890625,-0.9960784912109375,-0.0167999267578125,-0.0176239013671875
1760555366612390000,39.38638989257812,-0.9952850341796875,-0.0121612548828125,-0.0174407958984375
1760555366622395000,39.396394775390625,-0.9979400634765625,-0.0096435546875,-0.014739990234375
1760555366632401000,39.40640087890625,-1.001068115234375,-0.0070648193359375,-0.015869140625
1760555366642407000,39.416406982421876,-1.0019073486328125,-0.0045318603515625,-0.0151519775390625
1760555366652412000,39.42641186523438,-0.9990386962890625,-0.0028076171875,-0.0107421875
1760555366662418000,39.43641796875,-0.9973602294921875,-0.003509521484375,-0.0103759765625
1760555366672424000,39.446423828125,-0.9997406005859375,-0.0033416748046875,-0.0111236572265625
1760555366682429000,39.456428955078124,-0.99908447265625,-0.007843017578125,-0.0130462646484375
1760555366692435000,39.46643505859375,-0.9987030029296875,-0.007415771484375,-0.0120391845703125
1760555366702441000,39.47644091796875,-0.9967498779296875,-0.008544921875,-0.0129241943359375
1760555366712447000,39.48644702148437,-0.9958953857421875,-0.00823974609375,-0.0113983154296875
1760555366722452000,39.496451904296876,-0.99688720703125,-0.0134429931640625,-0.01348876953125
1760555366732458000,39.5064580078125,-0.997222900390625,-0.014678955078125,-0.019256591796875
1760555366742463700,39.516463623046874,-0.9983367919921875,-0.0128631591796875,-0.015411376953125
1760555366752468700,39.52646875,-0.9937286376953125,-0.0144195556640625,-0.01708984375
1760555366762475000,39.53647509765625,-0.9949798583984375,-0.0181732177734375,-0.017791748046875
1760555366772481000,39.54648095703125,-0.9965972900390625,-0.019378662109375,-0.01708984375
1760555366782486000,39.556486083984375,-0.9947662353515625,-0.0194244384765625,-0.0147857666015625
1760555366792492000,39.566491943359374,-0.9938507080078125,-0.021331787109375,-0.0140228271484375
1760555366802497800,39.57649780273437,-0.995025634765625,-0.022979736328125,-0.016082763671875
1760555366812502800,39.586502685546876,-0.9972686767578125,-0.0202178955078125,-0.0147705078125
1760555366822508800,39.5965087890625,-0.9971923828125,-0.0162811279296875,-0.01605224609375
1760555366832515000,39.60651513671875,-0.9964752197265625,-0.0103759765625,-0.0161590576171875
1760555366842520800,39.616520751953125,-0.997467041015625,-0.0109100341796875,-0.0173187255859375
1760555366852525800,39.62652587890625,-0.9989013671875,-0.0172576904296875,-0.019287109375
1760555366862531800,39.63653173828125,-0.997650146484375,-0.0141754150390625,-0.0126495361328125
1760555366872537900,39.64653784179688,-0.996856689453125,-0.00933837890625,-0.0097808837890625
1760555366882542800,39.65654296875,-0.9960784912109375,-0.0084381103515625,-0.009246826171875
1760555366892548900,39.666548828125,-0.9993743896484375,-0.0055694580078125,-0.00579833984375
1760555366902555000,39.676554931640624,-1.001007080078125,-0.0029296875,-0.00341796875
1760555366912559900,39.686559814453126,-0.9985809326171875,-0.00311279296875,-0.00115966796875
1760555366922566000,39.69656591796875,-0.9983673095703125,0.0003509521484375,-0.0004425048828125
1760555366932572000,39.70657202148438,-0.9979248046875,-0.0058135986328125,-0.0025482177734375
1760555366942577000,39.71657690429687,-0.9989471435546875,-0.0074005126953125,-0.002593994140625
1760555366952583000,39.7265830078125,-0.998565673828125,-0.0033111572265625,0.002197265625
1760555366962589000,39.7365888671875,-0.995880126953125,-0.0064239501953125,-0.00567626953125
1760555366972595000,39.74659497070313,-0.9984283447265625,-0.009674072265625,-0.0058135986328125
1760555366982600000,39.756599853515624,-0.9985504150390625,-0.00762939453125,-0.0070953369140625
1760555366992606000,39.76660595703125,-0.9965362548828125,-0.01025390625,-0.0088958740234375
1760555367002612000,39.776612060546874,-0.996063232421875,-0.008331298828125,-0.0056304931640625
1760555367012617000,39.78661694335938,-0.9965972900390625,-0.006988525390625,-0.0057220458984375
1760555367022622700,39.796622802734376,-0.9976043701171875,-0.0080108642578125,-0.0059661865234375
1760555367032629000,39.80662890625,-0.9981231689453125,-0.006622314453125,-0.0051116943359375
1760555367042634000,39.81663403320312,-0.9977569580078125,-0.0068817138671875,-0.006866455078125
1760555367052640000,39.82663989257812,-0.9969329833984375,-0.01397705078125,-0.008941650390625
1760555367062646000,39.83664599609375,-0.9953765869140625,-0.0124969482421875,-0.005218505859375
1760555367072651000,39.846651123046875,-0.9969940185546875,-0.010894775390625,-0.0039825439453125
1760555367082656800,39.85665673828125,-0.9979095458984375,-0.0042877197265625,-0.0053558349609375
1760555367092662800,39.866662841796874,-0.9987335205078125,-0.004852294921875,-0.00238037109375
1760555367102667800,39.876667724609376,-0.997802734375,-0.0101318359375,-0.0030364990234375
1760555367112674000,39.88667407226563,-0.9985809326171875,-0.0088348388671875,-0.00177001953125
1760555367122680000,39.89668017578125,-0.9956207275390625,-0.0065765380859375,-0.001983642578125
1760555367132685800,39.906685791015626,-0.9961395263671875,-0.0094451904296875,-0.0073699951171875
1760555367142690800,39.91669091796875,-0.9976959228515625,-0.0082855224609375,-0.00921630859375
1760555367152696800,39.92669677734375,-1.000274658203125,-0.0014801025390625,-0.00506591796875
1760555367162702800,39.93670288085937,-0.99969482421875,0.0012969970703125,-0.0040130615234375
1760555367172707800,39.946707763671874,-0.999664306640625,0.00433349609375,-0.0043792724609375
1760555367182714000,39.956714111328125,-0.998016357421875,-0.0023193359375,-0.0057373046875
1760555367192720000,39.966719970703124,-0.99359130859375,-0.01519775390625,-0.0084228515625
1760555367202724900,39.97672485351563,-0.9937896728515625,-0.008331298828125,-0.00531005859375
1760555367212731000,39.98673095703125,-0.9967498779296875,-0.0010986328125,-0.0006561279296875
1760555367222737000,39.99673681640625,-1.0018157958984375,0.005218505859375,-0.00146484375
1760555367232742000,40.00674194335937,-1.0020599365234375,0.0075836181640625,-0.0016326904296875
1760555367242747000,40.016746826171875,-1.0006103515625,0.0051422119140625,-0.0023193359375
1760555367252753000,40.0267529296875,-0.9976806640625,0.0009918212890625,-0.0019683837890625
1760555367262759000,40.036759033203126,-0.997528076171875,0.003448486328125,-0.00146484375
1760555367272764000,40.04676391601563,-1.002532958984375,0.0112762451171875,0.003936767578125
1760555367282770000,40.05677001953125,-1.003173828125,0.014129638671875,0.0035552978515625
1760555367292776000,40.06677587890625,-0.9999542236328125,0.0089569091796875,0.0012664794921875
1760555367302781700,40.07678173828125,-0.9974365234375,-0.0009918212890625,0.0002593994140625
1760555367312786200,40.0867861328125,-0.995269775390625,-0.004638671875,-0.001068115234375
1760555367322792000,40.0967919921875,-0.9969329833984375,0.0003509521484375,-0.002471923828125
1760555367332798200,40.10679809570313,-0.9992218017578125,0.0020599365234375,-0.00341796875
1760555367342803200,40.11680322265625,-1.001068115234375,0.00030517578125,-0.00604248046875
1760555367352809200,40.12680932617187,-0.997802734375,-0.0024566650390625,-0.0052642822265625
1760555367362815200,40.13681518554687,-0.99517822265625,-0.0019989013671875,-0.0030975341796875
1760555367372820200,40.1468203125,-0.9965362548828125,0.000732421875,0.0000762939453125
1760555367382826000,40.156825927734374,-0.9989776611328125,0.002777099609375,0.00054931640625
1760555367392832300,40.166832275390625,-1.000213623046875,0.0010223388671875,0.0007781982421875
1760555367402837200,40.17683715820313,-0.9964141845703125,-0.0056304931640625,0.0000457763671875
1760555367412843300,40.18684326171875,-0.99444580078125,-0.0075225830078125,-0.0006256103515625
1760555367422849300,40.19684936523438,-0.9944305419921875,-0.00933837890625,-0.000457763671875
1760555367432854300,40.206854248046874,-0.994842529296875,-0.0102386474609375,-0.0017547607421875
1760555367442860000,40.21686010742187,-0.99359130859375,-0.0162353515625,-0.0050048828125
1760555367452866000,40.22686596679687,-0.9898529052734375,-0.018280029296875,-0.006561279296875
1760555367462872300,40.23687231445312,-0.9913482666015625,-0.0135650634765625,-0.0106048583984375
1760555367472877300,40.246877197265626,-0.997467041015625,-0.004974365234375,-0.0118865966796875
1760555367482883300,40.25688330078125,-0.9996337890625,-0.00457763671875,-0.008087158203125
1760555367492889000,40.26688916015625,-0.9939117431640625,-0.0111846923828125,-0.0067596435546875
1760555367502894000,40.27689404296875,-0.9897918701171875,-0.011474609375,-0.004180908203125
1760555367512900000,40.28690014648438,-0.9939117431640625,-0.0128173828125,-0.002471923828125
1760555367522906000,40.29690600585938,-0.9951629638671875,-0.0086517333984375,-0.003814697265625
1760555367532911000,40.3069111328125,-0.999908447265625,0.00201416015625,-0.0071868896484375
1760555367542917400,40.31691748046875,-1.0026092529296875,0.0148162841796875,-0.0072021484375
1760555367552923100,40.32692309570312,-1.0037841796875,0.01190185546875,-0.0159454345703125
1760555367562928000,40.33692822265625,-0.9981231689453125,0.006195068359375,-0.0140380859375
1760555367572934100,40.34693408203125,-0.9980316162109375,0.001068115234375,-0.0109405517578125
1760555367582940200,40.356940185546875,-0.9941253662109375,0.0037841796875,-0.006561279296875
1760555367592945200,40.36694506835938,-0.99578857421875,0.0059814453125,-0.005279541015625
1760555367602953200,40.376953125,-0.998687744140625,0.01751708984375,-0.0092315673828125
1760555367612959200,40.38695922851562,-1.0035858154296875,0.0325927734375,-0.009521484375
1760555367622965000,40.39696508789063,-1.0029296875,0.0334930419921875,-0.00885009765625
1760555367632970000,40.40696997070312,-0.9984893798828125,0.0254058837890625,-0.00738525390625
1760555367642976000,40.41697607421875,-0.9959564208984375,0.01654052734375,-0.0121002197265625
1760555367652982300,40.426982177734374,-0.9950408935546875,0.0104522705078125,-0.01373291015625
1760555367662987300,40.4369873046875,-0.9954071044921875,0.001129150390625,-0.0105438232421875
1760555367672993300,40.4469931640625,-0.99285888671875,-0.0020294189453125,-0.0113677978515625
1760555367682999000,40.4569990234375,-0.99493408203125,0.0011749267578125,-0.009857177734375
1760555367693004000,40.46700415039062,-0.994720458984375,0.0131683349609375,-0.0142974853515625
1760555367703010000,40.47701000976563,-0.9996337890625,0.0247650146484375,-0.016632080078125
1760555367713016300,40.48701635742187,-1.0052490234375,0.03076171875,-0.01812744140625
1760555367723021300,40.497021240234375,-1.00347900390625,0.0317230224609375,-0.0116424560546875
1760555367733027300,40.50702734375,-0.9966278076171875,0.0273284912109375,-0.0061187744140625
1760555367743033000,40.517033203125,-0.99285888671875,0.0270843505859375,-0.005767822265625
1760555367753039000,40.5270390625,-0.9967498779296875,0.0227203369140625,-0.013153076171875
1760555367763044000,40.53704418945313,-0.9979248046875,0.01788330078125,-0.0223236083984375
1760555367773050000,40.547050048828126,-0.9988250732421875,0.026947021484375,-0.0240325927734375
1760555367783056400,40.55705639648438,-0.998443603515625,0.04071044921875,-0.0207061767578125
1760555367793061400,40.56706127929687,-1.0007781982421875,0.0489501953125,-0.018096923828125
1760555367803067100,40.57706713867187,-1.003082275390625,0.0565338134765625,-0.01708984375
1760555367813073200,40.5870732421875,-1.00469970703125,0.0606689453125,-0.018341064453125
1760555367823078100,40.597078125,-1.0034942626953125,0.06146240234375,-0.01593017578125
1760555367833084200,40.607084228515625,-0.998291015625,0.059783935546875,-0.011260986328125
1760555367843090200,40.617090087890624,-1.0018768310546875,0.04815673828125,-0.009185791015625
1760555367853095200,40.62709521484375,-0.99688720703125,0.0513153076171875,-0.01129150390625
1760555367863101200,40.63710107421875,-1.0012969970703125,0.0511016845703125,-0.01629638671875
1760555367873107200,40.64710717773438,-1.003326416015625,0.0416107177734375,-0.0182647705078125
1760555367883112200,40.6571123046875,-0.998992919921875,0.0362091064453125,-0.0205841064453125
1760555367893118200,40.6671181640625,-0.999420166015625,0.0484619140625,-0.01922607421875
1760555367903124000,40.6771240234375,-1.0064849853515625,0.062835693359375,-0.02362060546875
1760555367913129200,40.687129150390625,-1.01385498046875,0.0772705078125,-0.0312042236328125
1760555367923135000,40.697135009765624,-1.0321197509765625,0.0745849609375,-0.0278167724609375
1760555367933141200,40.707141357421875,-1.0212554931640625,0.025360107421875,0.005279541015625
1760555367943147300,40.717147216796874,-0.990447998046875,-0.121002197265625,0.0175323486328125
1760555367953152300,40.72715234375,-0.9084320068359375,-0.200836181640625,-0.0260772705078125
1760555367963158000,40.737157958984376,-0.9270172119140625,-0.0823516845703125,-0.0105438232421875
1760555367973164000,40.7471640625,-1.0007476806640625,0.0235443115234375,0.00250244140625
1760555367983169000,40.7571689453125,-1.0643157958984375,0.03594970703125,-0.02001953125
1760555367993175300,40.76717529296875,-1.012847900390625,-0.0243072509765625,-0.0475006103515625
1760555368003181300,40.77718139648437,-0.975830078125,-0.0523529052734375,-0.0285491943359375
1760555368013186300,40.787186279296876,-0.9739227294921875,-0.033172607421875,-0.0092620849609375
1760555368023192000,40.797192138671875,-0.9550323486328125,-0.0038909912109375,-0.0156402587890625
1760555368033198000,40.807197998046874,-1.0302276611328125,0.0092010498046875,-0.01727294921875
1760555368043203000,40.817203125,-1.0423126220703125,0.0106048583984375,-0.0364837646484375
1760555368053209000,40.827208984375,-1.00067138671875,0.02288818359375,-0.0250701904296875
1760555368063215400,40.83721533203125,-0.9901275634765625,0.012420654296875,-0.0022430419921875
1760555368073220400,40.847220458984374,-0.9677886962890625,-0.08331298828125,-0.0018157958984375
1760555368083226000,40.85722607421875,-0.9513397216796875,-0.081573486328125,-0.0169525146484375
1760555368093232000,40.86723217773437,-0.9967803955078125,0.001251220703125,-0.00445556640625
1760555368103237000,40.877237060546875,-1.0220489501953125,0.03253173828125,-0.0079803466796875
1760555368113243100,40.8872431640625,-1.017059326171875,0.018280029296875,-0.0296783447265625
1760555368123249200,40.897249267578125,-1.007537841796875,-0.0004730224609375,-0.024871826171875
1760555368133255200,40.907255126953125,-0.983184814453125,-0.0043487548828125,-0.0194091796875
1760555368143260200,40.91726025390625,-0.9868927001953125,0.00738525390625,-0.02337646484375
1760555368153266200,40.92726611328125,-1.0172576904296875,0.015106201171875,-0.035186767578125
1760555368163272200,40.93727221679688,-1.02264404296875,0.009002685546875,-0.039642333984375
1760555368173277200,40.94727709960937,-0.9985198974609375,-0.003265380859375,-0.0263519287109375
1760555368183283200,40.957283203125,-0.9846038818359375,-0.0146942138671875,-0.0155181884765625
1760555368193289000,40.9672890625,-0.9808349609375,-0.0207672119140625,-0.0135345458984375
1760555368203294200,40.977294189453126,-0.9967193603515625,-0.0164642333984375,-0.02008056640625
1760555368213300200,40.98730029296875,-1.0114898681640625,-0.0115814208984375,-0.0261383056640625
1760555368223306200,40.99730615234375,-1.0009765625,-0.0130767822265625,-0.0268402099609375
1760555368233311200,41.00731127929687,-0.9863128662109375,-0.0147552490234375,-0.024200439453125
1760555368243317200,41.01731713867188,-0.9897003173828125,-0.0188751220703125,-0.029022216796875
1760555368253323000,41.02732299804688,-1.0018310546875,-0.0157623291015625,-0.0309600830078125
1760555368263328000,41.03732788085937,-1.007171630859375,-0.0040283203125,-0.0330657958984375
1760555368273334300,41.04733422851562,-1.002899169921875,0.0001220703125,-0.0279541015625
1760555368283340300,41.05734033203125,-0.992279052734375,-0.0135040283203125,-0.0240325927734375
1760555368293345300,41.06734521484375,-0.9892578125,-0.019287109375,-0.02471923828125
1760555368303351000,41.07735107421875,-0.9990386962890625,-0.01702880859375,-0.024749755859375
1760555368313358000,41.08735815429687,-1.0004425048828125,-0.0128936767578125,-0.0267333984375
1760555368323363000,41.097363037109375,-0.998626708984375,-0.009002685546875,-0.021759033203125
1760555368333369000,41.107369140625,-0.9934234619140625,-0.01995849609375,-0.0204315185546875
1760555368343374800,41.11737475585937,-0.99224853515625,-0.0212860107421875,-0.02044677734375
1760555368353379800,41.1273798828125,-0.9992828369140625,-0.0135345458984375,-0.0143585205078125
1760555368363386000,41.13738623046875,-1.00018310546875,-0.0102386474609375,-0.02142333984375
1760555368373392100,41.14739208984375,-1.00299072265625,-0.009796142578125,-0.0222015380859375
1760555368383398100,41.15739819335938,-0.99969482421875,-0.008758544921875,-0.0191192626953125
1760555368393403100,41.16740307617187,-0.9973297119140625,-0.0194549560546875,-0.022125244140625
1760555368403409000,41.17740893554687,-0.994842529296875,-0.027252197265625,-0.021148681640625
1760555368413415000,41.18741479492188,-0.993408203125,-0.0233917236328125,-0.0145416259765625
1760555368423420000,41.197419921875,-0.99224853515625,-0.031341552734375,-0.0074005126953125
1760555368433426200,41.20742626953125,-0.9869384765625,-0.034088134765625,-0.00970458984375
1760555368443432200,41.21743212890625,-0.992279052734375,-0.0162200927734375,-0.0114593505859375
1760555368453437200,41.22743725585938,-1.0015869140625,-0.009033203125,-0.013885498046875
1760555368463443000,41.23744287109375,-1.00555419921875,-0.01690673828125,-0.0198974609375
1760555368473449000,41.24744897460938,-0.9962310791015625,-0.0202484130859375,-0.0221099853515625
1760555368483454000,41.25745385742187,-0.99078369140625,-0.0185699462890625,-0.0159912109375
1760555368493460000,41.2674599609375,-0.99420166015625,-0.01617431640625,-0.0146484375
1760555368503466200,41.27746630859375,-1.001678466796875,-0.01824951171875,-0.017730712890625
1760555368513471200,41.28747119140625,-1.0005645751953125,-0.01898193359375,-0.0193634033203125
1760555368523477000,41.29747705078125,-0.99664306640625,-0.0172576904296875,-0.01702880859375
1760555368533483000,41.30748291015625,-0.9951629638671875,-0.0198211669921875,-0.0085906982421875
1760555368543488000,41.31748803710938,-0.9903106689453125,-0.0237579345703125,-0.0120391845703125
1760555368553494000,41.32749389648438,-0.99554443359375,-0.0213165283203125,-0.0175323486328125
1760555368563500000,41.3375,-0.9973602294921875,-0.0262908935546875,-0.027679443359375
1760555368573505000,41.34750512695312,-0.9979095458984375,-0.02099609375,-0.0304107666015625
1760555368583511000,41.35751098632812,-0.999053955078125,-0.0141448974609375,-0.026947021484375
1760555368593517000,41.36751708984375,-0.995758056640625,-0.0140380859375,-0.0266571044921875
1760555368603522000,41.37752197265625,-0.9989166259765625,-0.014892578125,-0.0247650146484375
1760555368613528000,41.387528076171876,-0.999481201171875,-0.0171051025390625,-0.027984619140625
1760555368623534000,41.3975341796875,-0.9992828369140625,-0.0198211669921875,-0.0283355712890625
1760555368633539000,41.4075390625,-0.9907379150390625,-0.026153564453125,-0.0301971435546875
1760555368643545000,41.41754516601563,-0.9937896728515625,-0.0264892578125,-0.02850341796875
1760555368653551000,41.42755102539063,-0.9954986572265625,-0.029541015625,-0.030975341796875
1760555368663556000,41.43755615234375,-0.9979400634765625,-0.0243682861328125,-0.0343017578125
1760555368673562000,41.44756201171875,-0.99761962890625,-0.020660400390625,-0.0265045166015625
1760555368683568000,41.45756811523437,-0.995361328125,-0.0203857421875,-0.0257720947265625
1760555368693574000,41.46757397460937,-0.99603271484375,-0.017059326171875,-0.0212860107421875
1760555368703579000,41.477578857421875,-0.996551513671875,-0.016632080078125,-0.021881103515625
1760555368713585200,41.487585205078126,-0.9983062744140625,-0.016204833984375,-0.023284912109375
1760555368723591200,41.497591064453125,-0.9955291748046875,-0.02142333984375,-0.0281524658203125
1760555368733596200,41.50759619140625,-0.996490478515625,-0.0216064453125,-0.0239410400390625
1760555368743602000,41.51760180664063,-0.997161865234375,-0.0153961181640625,-0.0234375
1760555368753608000,41.52760791015625,-0.9972076416015625,-0.01116943359375,-0.026214599609375
1760555368763613000,41.537613037109374,-0.999420166015625,-0.0120086669921875,-0.0278778076171875
1760555368773619000,41.54761889648437,-1.0011749267578125,-0.0074615478515625,-0.02410888671875
1760555368783625200,41.557625244140624,-1.0000457763671875,-0.0036163330078125,-0.0232086181640625
1760555368793630200,41.56763012695313,-0.998565673828125,-0.0125579833984375,-0.02301025390625
1760555368803636000,41.577635986328126,-0.9969024658203125,-0.0144195556640625,-0.02154541015625
1760555368813642000,41.58764208984375,-0.99786376953125,-0.0098724365234375,-0.02239990234375
1760555368823647000,41.59764697265625,-1.0008392333984375,-0.0053558349609375,-0.022674560546875
1760555368833653000,41.60765307617187,-1.003143310546875,-0.0021820068359375,-0.0186920166015625
1760555368843659000,41.61765893554688,-1.001495361328125,-0.003692626953125,-0.0193939208984375
1760555368853664000,41.6276640625,-0.99676513671875,-0.01361083984375,-0.0213623046875
1760555368863670000,41.637669921875,-0.9944915771484375,-0.0157470703125,-0.01947021484375
1760555368873676000,41.64767602539062,-0.9955902099609375,-0.0139312744140625,-0.021240234375
1760555368883681000,41.657680908203126,-0.9935150146484375,-0.0272064208984375,-0.027191162109375
1760555368893687000,41.66768701171875,-0.9931488037109375,-0.0267181396484375,-0.0232086181640625
1760555368903693000,41.677693115234376,-0.99456787109375,-0.0205535888671875,-0.020172119140625
1760555368913698000,41.68769799804687,-0.99444580078125,-0.011444091796875,-0.0225830078125
1760555368923704000,41.6977041015625,-1.00164794921875,-0.0093994140625,-0.0204620361328125
1760555368933710000,41.7077099609375,-1.0018463134765625,-0.0115509033203125,-0.021636962890625
1760555368943715000,41.717715087890625,-0.99371337890625,-0.01568603515625,-0.0236968994140625
1760555368953721000,41.72772119140625,-0.99151611328125,-0.0180511474609375,-0.0206756591796875
1760555368963727000,41.73772705078125,-0.9934539794921875,-0.0202484130859375,-0.019500732421875
1760555368973732000,41.74773217773438,-0.9983062744140625,-0.0126800537109375,-0.0199127197265625
1760555368983737900,41.75773779296875,-1.0007476806640625,-0.003021240234375,-0.0205078125
1760555368993744100,41.767744140625,-1.000701904296875,0.000579833984375,-0.0216217041015625
1760555369003749000,41.7777490234375,-1.00079345703125,-0.001373291015625,-0.0251312255859375
1760555369013755100,41.78775512695312,-0.99920654296875,-0.0066986083984375,-0.0250244140625
1760555369023761200,41.79776123046875,-0.9986114501953125,-0.0066680908203125,-0.0222930908203125
1760555369033766100,41.80776611328125,-0.9967803955078125,-0.0083160400390625,-0.01849365234375
1760555369043772000,41.81777197265625,-0.9949951171875,-0.0187530517578125,-0.0134735107421875
1760555369053778000,41.82777783203125,-0.991241455078125,-0.0182647705078125,-0.0149383544921875
1760555369063783000,41.83778295898438,-0.993804931640625,-0.0101318359375,-0.016845703125
1760555369073789200,41.8477890625,-1.000762939453125,-0.0046844482421875,-0.0256805419921875
1760555369083795000,41.857794921875,-1.0041351318359375,-0.004852294921875,-0.032745361328125
1760555369093800200,41.86780029296875,-1.0015869140625,-0.0084686279296875,-0.0319366455078125
1760555369103806000,41.87780590820312,-0.996002197265625,-0.0114593505859375,-0.030792236328125
1760555369113812000,41.88781201171875,-0.9915924072265625,-0.0123138427734375,-0.031890869140625
1760555369123817000,41.89781689453125,-0.997894287109375,-0.00921630859375,-0.03515625
1760555369133823000,41.907822998046875,-1.005279541015625,-0.0097808837890625,-0.0322418212890625
1760555369143829000,41.9178291015625,-0.9984893798828125,-0.0113677978515625,-0.0310516357421875
1760555369153834000,41.927833984375,-0.992034912109375,-0.01605224609375,-0.028594970703125
1760555369163840000,41.93784008789063,-0.9936370849609375,-0.017974853515625,-0.029144287109375
1760555369173846000,41.94784594726563,-0.99810791015625,-0.0174102783203125,-0.03082275390625
1760555369183851000,41.95785107421875,-0.9979095458984375,-0.0212554931640625,-0.0323333740234375
1760555369193857000,41.96785693359375,-0.9930267333984375,-0.0213470458984375,-0.0345916748046875
1760555369203863000,41.97786303710937,-0.9924468994140625,-0.013275146484375,-0.030487060546875
1760555369213868000,41.987867919921875,-0.9958343505859375,-0.01385498046875,-0.0326690673828125
1760555369223874000,41.9978740234375,-1.00177001953125,-0.0117340087890625,-0.030487060546875
1760555369233880000,42.007880126953125,-0.99920654296875,-0.01214599609375,-0.03167724609375
1760555369243886000,42.017885986328125,-0.993743896484375,-0.0139923095703125,-0.0322723388671875
1760555369253891000,42.02789111328125,-0.9948883056640625,-0.0165557861328125,-0.0316314697265625
1760555369263896800,42.037896728515626,-0.9994659423828125,-0.013275146484375,-0.034454345703125
1760555369273903000,42.04790307617188,-0.9996795654296875,-0.0129241943359375,-0.0330657958984375
1760555369283908000,42.057908203125,-0.994293212890625,-0.016204833984375,-0.032318115234375
1760555369293914000,42.0679140625,-0.994415283203125,-0.0123748779296875,-0.0312957763671875
1760555369303920000,42.07792016601562,-0.9959259033203125,-0.013824462890625,-0.034942626953125
1760555369313924400,42.08792431640625,-1.001190185546875,-0.010955810546875,-0.03521728515625
1760555369323930400,42.09793041992187,-1.0007476806640625,-0.004608154296875,-0.03326416015625
1760555369333936000,42.10793603515625,-0.996826171875,-0.008331298828125,-0.03033447265625
1760555369343941000,42.117941162109375,-0.995880126953125,-0.012481689453125,-0.0310516357421875
1760555369353947100,42.127947021484374,-0.9983978271484375,-0.013336181640625,-0.029296875
1760555369363953200,42.137953125,-0.998260498046875,-0.0123443603515625,-0.024383544921875
1760555369373958100,42.14795825195313,-0.9963836669921875,-0.011383056640625,-0.0258636474609375
1760555369383964400,42.15796435546875,-0.9963531494140625,-0.0128936767578125,-0.0271759033203125
1760555369393970200,42.16797021484375,-0.9965057373046875,-0.01531982421875,-0.028717041015625
1760555369403975200,42.17797509765625,-0.9961090087890625,-0.014862060546875,-0.032958984375
1760555369413981200,42.18798120117187,-0.997283935546875,-0.0131072998046875,-0.0308074951171875
1760555369423987200,42.1979873046875,-0.99822998046875,-0.0105133056640625,-0.02996826171875
1760555369433992200,42.2079921875,-0.9975738525390625,-0.014068603515625,-0.0269012451171875
1760555369443998200,42.217998291015626,-0.9974517822265625,-0.0139923095703125,-0.023193359375
1760555369454004200,42.228004150390625,-0.996185302734375,-0.0146331787109375,-0.0198822021484375
1760555369464009200,42.23800927734375,-0.99456787109375,-0.01434326171875,-0.0190582275390625
1760555369474015200,42.24801513671875,-0.9961090087890625,-0.014984130859375,-0.0200347900390625
1760555369484021200,42.25802124023438,-0.99798583984375,-0.014251708984375,-0.023040771484375
1760555369494026200,42.26802612304687,-0.9993743896484375,-0.0115966796875,-0.02764892578125
1760555369504032300,42.2780322265625,-0.9973297119140625,-0.0117340087890625,-0.0287628173828125
1760555369514038000,42.2880380859375,-0.9982452392578125,-0.011016845703125,-0.025115966796875
1760555369524043000,42.29804296875,-0.9981842041015625,-0.00836181640625,-0.0240631103515625
1760555369534049300,42.30804931640625,-0.9986572265625,-0.0088958740234375,-0.0194244384765625
1760555369544055300,42.31805517578125,-0.9968414306640625,-0.0125885009765625,-0.02081298828125
1760555369554060300,42.32806030273437,-0.99517822265625,-0.013641357421875,-0.02056884765625
1760555369564066000,42.33806616210938,-0.99725341796875,-0.0143280029296875,-0.020721435546875
1760555369574072000,42.34807202148438,-0.9981842041015625,-0.0118255615234375,-0.020233154296875
1760555369584077000,42.3580771484375,-0.9979248046875,-0.013702392578125,-0.0208282470703125
1760555369594083300,42.368083251953124,-0.9973907470703125,-0.0109710693359375,-0.02191162109375
1760555369604089300,42.37808935546875,-0.99713134765625,-0.0106658935546875,-0.02154541015625
1760555369614094300,42.38809423828125,-0.9994964599609375,-0.0108489990234375,-0.0226593017578125
1760555369624100000,42.39810009765625,-0.998077392578125,-0.00872802734375,-0.024200439453125
1760555369634106000,42.408106201171876,-0.997589111328125,-0.009552001953125,-0.02435302734375
1760555369644111000,42.41811108398438,-0.9984588623046875,-0.01226806640625,-0.0285491943359375
1760555369654117000,42.4281171875,-0.99713134765625,-0.01318359375,-0.0279998779296875
1760555369664122000,42.4381220703125,-0.9990386962890625,-0.010040283203125,-0.024505615234375
1760555369674128400,42.44812841796875,-0.9981536865234375,-0.0107879638671875,-0.0245361328125
1760555369684134100,42.45813403320312,-0.996185302734375,-0.0127105712890625,-0.024871826171875
1760555369694139100,42.46813916015625,-0.997467041015625,-0.0166015625,-0.0263824462890625
1760555369704145200,42.47814526367188,-0.995574951171875,-0.0175933837890625,-0.027801513671875
1760555369714151200,42.488151123046876,-0.9951629638671875,-0.0135040283203125,-0.0305328369140625
1760555369724156200,42.49815625,-0.9958343505859375,-0.0155181884765625,-0.0302734375
1760555369734162200,42.508162109375,-0.998382568359375,-0.0150909423828125,-0.0296173095703125
1760555369744168200,42.51816821289062,-0.998046875,-0.0169525146484375,-0.0306396484375
1760555369754174200,42.52817431640625,-0.995849609375,-0.0182647705078125,-0.02783203125
1760555369764179200,42.53817919921875,-0.9967498779296875,-0.0177764892578125,-0.0253753662109375
1760555369774185200,42.548185302734375,-0.996551513671875,-0.016265869140625,-0.0258026123046875
1760555369784190200,42.55819018554688,-0.9968719482421875,-0.0191497802734375,-0.02435302734375
1760555369794196200,42.5681962890625,-0.99664306640625,-0.0214996337890625,-0.027313232421875
1760555369804202200,42.5782021484375,-0.99432373046875,-0.0167999267578125,-0.02587890625
1760555369814207200,42.58820727539062,-0.99468994140625,-0.0193328857421875,-0.0281524658203125
1760555369824213200,42.59821313476562,-0.999786376953125,-0.01470947265625,-0.0302276611328125
1760555369834219300,42.60821923828125,-1.00018310546875,-0.013916015625,-0.029022216796875
1760555369844224300,42.618224365234376,-0.9968414306640625,-0.0142974853515625,-0.026031494140625
1760555369854230300,42.628230224609375,-0.995697021484375,-0.0159149169921875,-0.0251922607421875
1760555369864236000,42.638236083984374,-0.99468994140625,-0.019073486328125,-0.0243377685546875
1760555369874241000,42.64824096679688,-0.997528076171875,-0.018310546875,-0.0262908935546875
1760555369884247300,42.65824731445313,-0.999481201171875,-0.015716552734375,-0.030487060546875
1760555369894253300,42.66825341796875,-1.0001983642578125,-0.011749267578125,-0.0279541015625
1760555369904258300,42.67825830078125,-0.9960479736328125,-0.0164794921875,-0.02679443359375
1760555369914264300,42.68826440429687,-0.996002197265625,-0.0198211669921875,-0.0264129638671875
1760555369924270000,42.69827001953125,-0.9976806640625,-0.0174407958984375,-0.024627685546875
1760555369934275000,42.708275146484375,-0.9963836669921875,-0.0156097412109375,-0.0222930908203125
1760555369944281000,42.718281005859374,-0.997772216796875,-0.016998291015625,-0.0242919921875
1760555369954287400,42.728287353515626,-0.9975128173828125,-0.0191802978515625,-0.0218658447265625
1760555369964292400,42.73829223632813,-0.997772216796875,-0.0159149169921875,-0.0195465087890625
1760555369974298000,42.74829809570313,-0.998321533203125,-0.0166168212890625,-0.0218658447265625
1760555369984304000,42.75830419921875,-0.9988555908203125,-0.017608642578125,-0.020263671875
1760555369994309000,42.76830908203125,-0.9971466064453125,-0.02056884765625,-0.0214996337890625
1760555370004315100,42.77831518554687,-0.9915008544921875,-0.0296478271484375,-0.024932861328125
1760555370014321200,42.78832104492187,-0.9942169189453125,-0.02685546875,-0.0210113525390625
1760555370024326100,42.798326171875,-0.9975128173828125,-0.0160980224609375,-0.0171966552734375
1760555370034332200,42.808332275390626,-0.9977874755859375,-0.0113677978515625,-0.0178375244140625
1760555370044338200,42.818338134765625,-1.001220703125,-0.01336669921875,-0.01739501953125
1760555370054343200,42.82834326171875,-0.996185302734375,-0.0193634033203125,-0.01824951171875
1760555370064349200,42.83834912109375,-0.99359130859375,-0.014862060546875,-0.020538330078125
1760555370074355200,42.84835522460938,-0.998504638671875,-0.0110321044921875,-0.0180206298828125
1760555370084360200,42.85836010742187,-1.0032501220703125,-0.0142974853515625,-0.0206298828125
1760555370094366200,42.8683662109375,-0.999908447265625,-0.012603759765625,-0.020477294921875
1760555370104372200,42.878372314453124,-0.9969482421875,-0.0159759521484375,-0.0186614990234375
1760555370114377200,42.888377197265626,-0.9933319091796875,-0.025970458984375,-0.019622802734375
1760555370124383200,42.89838330078125,-0.9918365478515625,-0.0354461669921875,-0.02197265625
1760555370134389200,42.90838916015625,-0.99298095703125,-0.026641845703125,-0.0246124267578125
1760555370144394200,42.91839428710937,-0.9973907470703125,-0.018585205078125,-0.0241546630859375
1760555370154400000,42.92839990234375,-1.0008087158203125,-0.0114288330078125,-0.0194091796875
1760555370164406300,42.93840625,-0.9993896484375,-0.0167083740234375,-0.0186920166015625
1760555370174411300,42.948411376953125,-0.9965057373046875,-0.019775390625,-0.019775390625
1760555370184417300,42.958417236328124,-0.9974517822265625,-0.018524169921875,-0.0156097412109375
1760555370194423300,42.96842333984375,-1.0000152587890625,-0.0145111083984375,-0.0186309814453125
1760555370204428300,42.97842822265625,-0.999603271484375,-0.014373779296875,-0.02337646484375
1760555370214434000,42.98843408203125,-0.9982147216796875,-0.0178375244140625,-0.0253753662109375
1760555370224440000,42.998440185546876,-0.9975433349609375,-0.0182037353515625,-0.0249176025390625
1760555370234445000,43.00844506835937,-0.9962310791015625,-0.01519775390625,-0.0283355712890625
1760555370244451300,43.01845141601562,-0.9990692138671875,-0.0195465087890625,-0.0281982421875
1760555370254457300,43.02845727539062,-0.997161865234375,-0.0232086181640625,-0.025726318359375
1760555370264462300,43.03846240234375,-0.9947662353515625,-0.0228271484375,-0.0217742919921875
1760555370274468000,43.048468017578124,-0.995452880859375,-0.0189666748046875,-0.024658203125
1760555370284474000,43.05847412109375,-0.9988555908203125,-0.015106201171875,-0.02435302734375
1760555370294479000,43.06847900390625,-1.0015716552734375,-0.0160675048828125,-0.0240020751953125
1760555370304485400,43.0784853515625,-0.9998931884765625,-0.0186920166015625,-0.023651123046875
1760555370314491400,43.08849145507813,-0.99639892578125,-0.0167083740234375,-0.02099609375
1760555370324496400,43.09849633789062,-0.9962005615234375,-0.02081298828125,-0.020904541015625
1760555370334502100,43.10850219726562,-0.99853515625,-0.0204620361328125,-0.024505615234375
1760555370344508200,43.11850805664063,-0.9983367919921875,-0.0251617431640625,-0.026611328125
1760555370354513200,43.12851318359375,-0.9933929443359375,-0.03448486328125,-0.0276947021484375
1760555370364519200,43.138519287109375,-0.990234375,-0.0348968505859375,-0.024322509765625
1760555370374525200,43.148525146484374,-0.9929656982421875,-0.0300445556640625,-0.0229339599609375
1760555370384530200,43.1585302734375,-0.998199462890625,-0.0235443115234375,-0.025054931640625
1760555370394536200,43.1685361328125,-1.000762939453125,-0.023712158203125,-0.0261993408203125
1760555370404541200,43.17854125976562,-0.9956512451171875,-0.02587890625,-0.02691650390625
1760555370414547200,43.18854711914062,-0.9937896728515625,-0.0263824462890625,-0.0215606689453125
1760555370424553200,43.19855322265625,-0.99639892578125,-0.0223846435546875,-0.0189208984375
1760555370434558200,43.20855810546875,-0.9998626708984375,-0.0217742919921875,-0.0166778564453125
1760555370444564200,43.218564208984375,-0.99639892578125,-0.0308685302734375,-0.024017333984375
1760555370454570000,43.228570068359375,-0.991943359375,-0.0361175537109375,-0.0269317626953125
1760555370464575000,43.23857495117188,-0.993316650390625,-0.032501220703125,-0.024169921875
1760555370474581200,43.24858129882813,-0.99713134765625,-0.0272064208984375,-0.020782470703125
1760555370484587300,43.25858715820313,-1.000701904296875,-0.0199432373046875,-0.014617919921875
1760555370494592300,43.26859228515625,-1.000152587890625,-0.01220703125,-0.010040283203125
1760555370504598000,43.27859790039062,-0.9999847412109375,-0.013580322265625,-0.006072998046875
1760555370514604000,43.28860400390625,-0.99822998046875,-0.0175628662109375,-0.0070343017578125
1760555370524609000,43.298609130859376,-0.9954833984375,-0.0237579345703125,-0.0096282958984375
1760555370534615300,43.308615234375,-0.995941162109375,-0.0233154296875,-0.01312255859375
1760555370544621300,43.318621337890626,-0.9970703125,-0.0258331298828125,-0.014251708984375
1760555370554626300,43.32862622070313,-0.997039794921875,-0.0223846435546875,-0.0151214599609375
1760555370564632000,43.33863208007813,-0.9987335205078125,-0.013275146484375,-0.0140380859375
1760555370574638000,43.34863818359375,-1.0010528564453125,-0.0098419189453125,-0.01287841796875
1760555370584643000,43.35864306640625,-1.0038299560546875,-0.0083160400390625,-0.0081634521484375
1760555370594649000,43.36864916992187,-1.0020294189453125,-0.00787353515625,-0.0043182373046875
1760555370604655400,43.3786552734375,-0.9999847412109375,-0.0115966796875,-0.0019378662109375
1760555370614660400,43.38866040039063,-0.9933013916015625,-0.0258941650390625,-0.00653076171875
1760555370624666000,43.398666015625,-0.9911651611328125,-0.034698486328125,-0.0075225830078125
1760555370634672000,43.408672119140626,-0.9917449951171875,-0.0335235595703125,-0.005950927734375
1760555370644677000,43.41867700195313,-0.99310302734375,-0.0254669189453125,-0.007080078125
1760555370654683100,43.42868310546875,-0.99957275390625,-0.017242431640625,-0.0092926025390625
1760555370664689200,43.43868920898438,-1.001739501953125,-0.01544189453125,-0.0149993896484375
1760555370674694100,43.448694091796874,-1.001556396484375,-0.016998291015625,-0.0157623291015625
1760555370684700200,43.4587001953125,-0.9947357177734375,-0.0266571044921875,-0.0209808349609375
1760555370694706200,43.4687060546875,-0.988983154296875,-0.0423431396484375,-0.02197265625
1760555370704711200,43.47871118164063,-0.989715576171875,-0.035797119140625,-0.01654052734375
1760555370714717200,43.48871728515625,-0.9947357177734375,-0.02630615234375,-0.0193328857421875
1760555370724722200,43.49872216796875,-1.0000457763671875,-0.015350341796875,-0.023712158203125
1760555370734728200,43.50872827148437,-1.0058135986328125,-0.0071868896484375,-0.0241851806640625
1760555370744734000,43.51873388671875,-1.0013580322265625,-0.0159454345703125,-0.024078369140625
1760555370754739000,43.528739013671874,-0.9943389892578125,-0.02325439453125,-0.019287109375
1760555370764745200,43.5387451171875,-0.9918212890625,-0.0172576904296875,-0.01361083984375
1760555370774751200,43.548751220703124,-0.996856689453125,-0.0169525146484375,-0.0140380859375
1760555370784756200,43.55875610351563,-0.9999542236328125,-0.0160980224609375,-0.015106201171875
1760555370794762200,43.56876220703125,-1.0001678466796875,-0.0085601806640625,-0.0118865966796875
1760555370804768000,43.57876806640625,-0.9972686767578125,-0.0060272216796875,-0.0096893310546875
1760555370814773000,43.58877294921875,-1.0016021728515625,0.00018310546875,-0.009613037109375
1760555370824779300,43.598779296875,-1.00274658203125,-0.000457763671875,-0.0178985595703125
1760555370834785300,43.60878540039062,-1.00604248046875,-0.0092010498046875,-0.02362060546875
1760555370844790300,43.618790283203126,-1.0021514892578125,-0.0083770751953125,-0.0145416259765625
1760555370854796300,43.62879638671875,-0.995635986328125,-0.0063018798828125,-0.0106048583984375
1760555370864802000,43.638802001953124,-0.9974517822265625,-0.00994873046875,-0.015899658203125
1760555370874807000,43.64880712890625,-1.003021240234375,-0.0166473388671875,-0.0228424072265625
1760555370884813000,43.65881298828125,-1.0026397705078125,-0.01910400390625,-0.022796630859375
1760555370894819300,43.6688193359375,-0.995452880859375,-0.025238037109375,-0.016754150390625
1760555370904824300,43.67882421875,-0.9910125732421875,-0.0200042724609375,-0.011993408203125
1760555370914830000,43.688830078125,-0.998382568359375,-0.0150909423828125,-0.012451171875
1760555370924836000,43.69883618164062,-0.9985809326171875,-0.02642822265625,-0.0214385986328125
1760555370934841000,43.708841064453125,-0.9973907470703125,-0.028717041015625,-0.02520751953125
1760555370944847000,43.71884716796875,-0.9922943115234375,-0.0292510986328125,-0.0229339599609375
1760555370954852000,43.72885205078125,-0.9890594482421875,-0.0308837890625,-0.02374267578125
1760555370964858000,43.73885815429688,-0.99530029296875,-0.0297698974609375,-0.0204925537109375
1760555370974864100,43.74886401367188,-1.00225830078125,-0.025848388671875,-0.0174560546875
1760555370984869000,43.758869140625,-0.99676513671875,-0.0244140625,-0.0092315673828125
1760555370994875100,43.768875244140624,-0.991729736328125,-0.0216522216796875,-0.0050506591796875
1760555371004881200,43.77888110351562,-0.9954071044921875,-0.01629638671875,-0.0024871826171875
1760555371014886100,43.78888623046875,-1.00054931640625,-0.013153076171875,-0.00616455078125
1760555371024892200,43.79889208984375,-1.00091552734375,-0.0226593017578125,-0.0116119384765625
1760555371034898000,43.80889794921875,-0.9935760498046875,-0.0301513671875,-0.0109100341796875
1760555371044903200,43.81890307617188,-0.9918212890625,-0.019561767578125,-0.0096588134765625
1760555371054909200,43.8289091796875,-0.9971771240234375,-0.0128326416015625,-0.011138916015625
1760555371064915200,43.83891528320312,-1.0059661865234375,-0.0130462646484375,-0.01727294921875
1760555371074920200,43.848920166015624,-1.004974365234375,-0.0127410888671875,-0.0172119140625
1760555371084926200,43.85892626953125,-0.99749755859375,-0.0116119384765625,-0.0117034912109375
1760555371094932000,43.86893188476562,-0.993499755859375,-0.0166168212890625,-0.0091400146484375
1760555371104937000,43.87893701171875,-0.9955596923828125,-0.0192108154296875,-0.01287841796875
1760555371114943200,43.888943115234376,-1.0030364990234375,-0.017059326171875,-0.0147705078125
1760555371124949200,43.89894921875,-1.0025634765625,-0.0145721435546875,-0.018280029296875
1760555371134954200,43.90895434570312,-0.9969482421875,-0.0197601318359375,-0.017791748046875
1760555371144960300,43.91896020507812,-0.9918670654296875,-0.0277099609375,-0.01641845703125
1760555371154966000,43.92896606445313,-0.9941253662109375,-0.03143310546875,-0.014068603515625
1760555371164971000,43.938970947265624,-0.9977569580078125,-0.030364990234375,-0.0137481689453125
1760555371174977000,43.94897705078125,-0.9945068359375,-0.0316162109375,-0.0136566162109375
1760555371184983300,43.9589833984375,-0.9925384521484375,-0.0326995849609375,-0.0115966796875
1760555371194988300,43.96898828125,-0.992889404296875,-0.031646728515625,-0.009521484375
1760555371204994300,43.97899438476563,-0.996002197265625,-0.0280914306640625,-0.010955810546875
1760555371214999300,43.98899926757812,-0.9976348876953125,-0.02484130859375,-0.0166473388671875
1760555371225005000,43.99900512695312,-0.9980926513671875,-0.0234222412109375,-0.018218994140625
1760555371235011000,44.00901098632813,-0.9982757568359375,-0.0222015380859375,-0.0157318115234375
1760555371245016000,44.01901611328125,-0.998382568359375,-0.02020263671875,-0.01641845703125
1760555371255022000,44.02902197265625,-0.9979248046875,-0.0216217041015625,-0.0192413330078125
1760555371265028400,44.0390283203125,-1.000335693359375,-0.0173187255859375,-0.0183258056640625
1760555371275033300,44.04903344726562,-0.999786376953125,-0.019683837890625,-0.014892578125
1760555371285039000,44.0590390625,-0.99591064453125,-0.0214080810546875,-0.0147705078125
1760555371295045000,44.06904516601563,-0.998321533203125,-0.0181884765625,-0.012420654296875
1760555371305050000,44.07905004882812,-0.99822998046875,-0.01580810546875,-0.0176239013671875
1760555371315056600,44.089056640625,-1.002685546875,-0.0143280029296875,-0.0198822021484375
1760555371325062400,44.0990625,-1.003204345703125,-0.016510009765625,-0.023773193359375
1760555371335067400,44.1090673828125,-0.998199462890625,-0.022216796875,-0.0223236083984375
1760555371345073400,44.119073486328126,-0.992156982421875,-0.0292816162109375,-0.022216796875
1760555371355079700,44.12907958984375,-0.99481201171875,-0.02874755859375,-0.021575927734375
1760555371365084700,44.13908471679687,-0.9964141845703125,-0.0290985107421875,-0.01983642578125
1760555371375090700,44.14909057617187,-0.99517822265625,-0.036468505859375,-0.0203857421875
1760555371385095700,44.159095703125,-0.9922637939453125,-0.0314178466796875,-0.021209716796875
1760555371395101400,44.169101318359374,-0.9928131103515625,-0.02764892578125,-0.020721435546875
1760555371405107500,44.179107421875,-0.9982757568359375,-0.0254364013671875,-0.0214691162109375
1760555371415112400,44.18911254882813,-1.000244140625,-0.0280609130859375,-0.023681640625
1760555371425118500,44.19911840820313,-0.9964447021484375,-0.033111572265625,-0.0220794677734375
1760555371435124700,44.20912475585938,-0.99139404296875,-0.0323486328125,-0.020660400390625
1760555371445129700,44.21912963867187,-0.995208740234375,-0.025970458984375,-0.0230712890625
1760555371455135500,44.22913549804687,-1.0015411376953125,-0.0221099853515625,-0.0228118896484375
1760555371465141500,44.2391416015625,-1.00244140625,-0.022613525390625,-0.0242462158203125
1760555371475146500,44.249146484375,-0.9947967529296875,-0.0352630615234375,-0.026580810546875
1760555371485152500,44.259152587890625,-0.9876556396484375,-0.0408782958984375,-0.02459716796875
1760555371495158500,44.269158447265625,-0.9911041259765625,-0.034698486328125,-0.0239715576171875
1760555371505163500,44.27916357421875,-0.9989776611328125,-0.028900146484375,-0.0282135009765625
1760555371515169500,44.28916943359375,-1.00244140625,-0.0256195068359375,-0.023529052734375
1760555371525175600,44.29917553710938,-0.9966888427734375,-0.0263824462890625,-0.0193634033203125
1760555371535180500,44.3091806640625,-0.99298095703125,-0.022918701171875,-0.01910400390625
1760555371545186600,44.3191865234375,-0.99505615234375,-0.0244598388671875,-0.021026611328125
1760555371555191600,44.32919165039063,-1.0013885498046875,-0.0293731689453125,-0.02581787109375
1760555371565197600,44.339197509765626,-0.996978759765625,-0.0339813232421875,-0.019195556640625
1760555371575203300,44.349203369140625,-0.99078369140625,-0.0300445556640625,-0.0112762451171875
1760555371585208600,44.35920849609375,-0.9896087646484375,-0.02197265625,-0.009735107421875
1760555371595214600,44.36921459960938,-0.9986572265625,-0.018829345703125,-0.01422119140625
1760555371605220600,44.379220703125,-1.0081787109375,-0.0135498046875,-0.0185089111328125
1760555371615225600,44.3892255859375,-1.004486083984375,-0.0093994140625,-0.0194854736328125
1760555371625231600,44.399231689453124,-0.9977874755859375,-0.0084686279296875,-0.016876220703125
1760555371635237400,44.4092373046875,-0.9962310791015625,-0.0151519775390625,-0.0182342529296875
1760555371645242400,44.419242431640626,-1.0003814697265625,-0.021270751953125,-0.0202178955078125
1760555371655248600,44.42924853515625,-1.001312255859375,-0.0182647705078125,-0.0176849365234375
1760555371665254700,44.439254638671876,-0.9968414306640625,-0.015289306640625,-0.013519287109375
1760555371675259600,44.449259765625,-0.99664306640625,-0.012481689453125,-0.012969970703125
1760555371685265700,44.459265625,-0.9978790283203125,-0.015106201171875,-0.01776123046875
1760555371695271400,44.469271484375,-1.000152587890625,-0.029296875,-0.025482177734375
1760555371705276400,44.4792763671875,-0.995391845703125,-0.035797119140625,-0.0228118896484375
1760555371715282400,44.489282470703124,-0.9877166748046875,-0.0345916748046875,-0.01995849609375
1760555371725287400,44.499287353515626,-0.9903411865234375,-0.02520751953125,-0.0153350830078125
1760555371735293700,44.50929370117188,-1.003173828125,-0.0130157470703125,-0.015869140625
1760555371745299500,44.51929956054688,-1.00689697265625,-0.0112457275390625,-0.0201416015625
1760555371755304400,44.52930444335937,-1.001129150390625,-0.015899658203125,-0.016632080078125
1760555371765310500,44.539310546875,-0.995452880859375,-0.0149993896484375,-0.014251708984375
1760555371775316500,44.54931640625,-0.995391845703125,-0.01116943359375,-0.015472412109375
1760555371785321500,44.559321533203125,-1.0066375732421875,-0.0066375732421875,-0.0166473388671875
1760555371795327500,44.569327392578124,-1.00604248046875,-0.0072479248046875,-0.01629638671875
1760555371805333500,44.57933349609375,-1.000885009765625,-0.008148193359375,-0.0114288330078125
1760555371815338500,44.58933837890625,-0.99517822265625,-0.0091705322265625,-0.011688232421875
1760555371825344500,44.59934448242188,-0.99688720703125,-0.0172576904296875,-0.015625
1760555371835350500,44.6093505859375,-1.0040740966796875,-0.0110626220703125,-0.0184783935546875
1760555371845355500,44.61935546875,-1.0072479248046875,-0.007232666015625,-0.01904296875
1760555371855361500,44.62936157226562,-1.000457763671875,-0.007049560546875,-0.01556396484375
1760555371865366500,44.639366455078125,-0.9990386962890625,-0.0083160400390625,-0.011962890625
1760555371875372500,44.64937255859375,-0.999267578125,-0.0136871337890625,-0.012725830078125
1760555371885378600,44.659378662109376,-1.001983642578125,-0.026458740234375,-0.0158233642578125
1760555371895383600,44.66938354492188,-0.991302490234375,-0.037109375,-0.0129852294921875
1760555371905389600,44.6793896484375,-0.988037109375,-0.0380096435546875,-0.0131378173828125
1760555371915395600,44.6893955078125,-0.9880523681640625,-0.0409393310546875,-0.0168304443359375
1760555371925400600,44.699400634765624,-0.994659423828125,-0.0339813232421875,-0.0198974609375
1760555371935406300,44.70940625,-0.998809814453125,-0.0319671630859375,-0.0204315185546875
1760555371945412600,44.71941259765625,-0.9940643310546875,-0.0343017578125,-0.018310546875
1760555371955417600,44.72941748046875,-0.9898529052734375,-0.034423828125,-0.01226806640625
1760555371965423600,44.739423583984376,-0.9910888671875,-0.03167724609375,-0.0143890380859375
1760555371975429600,44.7494296875,-0.9975433349609375,-0.028472900390625,-0.020294189453125
1760555371985434600,44.7594345703125,-1.001129150390625,-0.02703857421875,-0.02313232421875
1760555371995440400,44.7694404296875,-0.997802734375,-0.0251922607421875,-0.0189971923828125
1760555372005446400,44.7794462890625,-0.989288330078125,-0.0327301025390625,-0.01739501953125
1760555372015451400,44.78945141601562,-0.989349365234375,-0.03424072265625,-0.02001953125
1760555372025457700,44.799457763671874,-0.9998016357421875,-0.02435302734375,-0.0215911865234375
1760555372035463700,44.809463623046874,-1.0042877197265625,-0.0129547119140625,-0.0230712890625
1760555372045468700,44.81946875,-1.0034332275390625,-0.009307861328125,-0.01904296875
1760555372055474400,44.829474365234375,-1.0006103515625,-0.012542724609375,-0.0187530517578125
1760555372065479400,44.8394794921875,-1.0024261474609375,-0.0083465576171875,-0.017425537109375
1760555372075485400,44.8494853515625,-1.0052490234375,-0.0030517578125,-0.0189208984375
1760555372085491500,44.85949145507813,-1.0058746337890625,-0.0077972412109375,-0.0201873779296875
1760555372095496700,44.86949658203125,-1.0009613037109375,-0.0192413330078125,-0.019927978515625
1760555372105502700,44.879502685546875,-0.9932708740234375,-0.0230712890625,-0.0204315185546875
1760555372115508500,44.889508544921874,-0.994964599609375,-0.0171356201171875,-0.02294921875
1760555372125513500,44.89951342773438,-1.0003509521484375,-0.020660400390625,-0.0261383056640625
1760555372135519500,44.90951953125,-1.007354736328125,-0.016845703125,-0.0274200439453125
1760555372145525500,44.919525390625,-1.00640869140625,-0.0051422119140625,-0.0302886962890625
1760555372155530500,44.92953051757812,-1.009918212890625,0.0114288330078125,-0.0221710205078125
1760555372165536800,44.93953686523437,-1.015289306640625,0.010345458984375,-0.006561279296875
1760555372175541800,44.949541748046876,-1.0001678466796875,-0.04193115234375,-0.0065765380859375
1760555372185547500,44.959547607421875,-0.9774932861328125,-0.0652008056640625,-0.0111541748046875
1760555372195553500,44.969553466796874,-0.9808197021484375,-0.0466156005859375,-0.0059814453125
1760555372205558500,44.97955859375,-0.98919677734375,-0.0468902587890625,-0.0184478759765625
1760555372215564500,44.989564453125,-0.996917724609375,-0.0594940185546875,-0.037017822265625
1760555372225570600,44.99957055664063,-0.989715576171875,-0.083282470703125,-0.039886474609375
1760555372235575600,45.00957543945312,-0.97955322265625,-0.080108642578125,-0.0290069580078125
1760555372245581600,45.01958154296875,-0.9768218994140625,-0.054901123046875,-0.019500732421875
1760555372255587600,45.02958764648437,-0.9975128173828125,-0.0223388671875,-0.0178070068359375
1760555372265592600,45.039592529296876,-1.024871826171875,-0.0024261474609375,-0.02239990234375
1760555372275598600,45.0495986328125,-1.0209503173828125,-0.0164031982421875,-0.0277862548828125
1760555372285604400,45.059604248046874,-0.9981536865234375,-0.03314208984375,-0.0194854736328125
1760555372295609600,45.06960961914063,-0.984527587890625,-0.035614013671875,-0.012908935546875
1760555372305615400,45.07961547851563,-0.9878692626953125,-0.0440216064453125,-0.0204620361328125
1760555372315620900,45.089620849609375,-0.9957427978515625,-0.0617828369140625,-0.03314208984375
1760555372325627000,45.099626953125,-0.9927978515625,-0.0803070068359375,-0.041778564453125
1760555372335633000,45.1096328125,-0.981475830078125,-0.0835723876953125,-0.028900146484375
1760555372345638000,45.11963793945313,-0.97552490234375,-0.06768798828125,-0.01934814453125
1760555372355643600,45.1296435546875,-0.9882965087890625,-0.037384033203125,-0.0160064697265625
1760555372365649700,45.139649658203126,-1.0138397216796875,-0.0111846923828125,-0.0193328857421875
1760555372375654700,45.14965454101562,-1.0242919921875,-0.0081329345703125,-0.030364990234375
1760555372385661000,45.15966088867187,-1.01171875,-0.0150299072265625,-0.0277252197265625
1760555372395667000,45.1696669921875,-0.9919281005859375,-0.0319976806640625,-0.0170745849609375
1760555372405672000,45.179671875,-0.9834442138671875,-0.054718017578125,-0.0149078369140625
1760555372415677700,45.189677734375,-0.988525390625,-0.0631561279296875,-0.018768310546875
1760555372425682700,45.1996826171875,-0.9946136474609375,-0.0648040771484375,-0.0190887451171875
1760555372435688700,45.20968872070313,-0.99346923828125,-0.0627899169921875,-0.0153045654296875
1760555372445694700,45.21969482421875,-0.9900054931640625,-0.0412445068359375,-0.0098114013671875
1760555372455699700,45.22969970703125,-0.9997406005859375,-0.0243377685546875,-0.01641845703125
1760555372465706000,45.2397060546875,-1.0118560791015625,-0.0245208740234375,-0.02740478515625
1760555372475711700,45.24971166992187,-1.018768310546875,-0.0238494873046875,-0.031585693359375
1760555372485716700,45.259716796875,-1.0026397705078125,-0.0322265625,-0.029144287109375
1760555372495722800,45.26972265625,-0.986236572265625,-0.0607147216796875,-0.0260162353515625
1760555372505728800,45.279728759765625,-0.984161376953125,-0.0723419189453125,-0.0257568359375
1760555372515733800,45.28973364257813,-0.9863128662109375,-0.080291748046875,-0.02679443359375
1760555372525739800,45.29973974609375,-0.9879608154296875,-0.0812530517578125,-0.0280609130859375
1760555372535744800,45.309744873046874,-0.9869232177734375,-0.073394775390625,-0.023834228515625
1760555372545750800,45.31975073242187,-0.981903076171875,-0.074432373046875,-0.0224151611328125
1760555372555756800,45.3297568359375,-0.9874267578125,-0.0727691650390625,-0.024017333984375
1760555372565761800,45.33976171875,-0.994842529296875,-0.0680084228515625,-0.0270538330078125
1760555372575767800,45.349767822265626,-0.9902191162109375,-0.07318115234375,-0.026123046875
1760555372585773800,45.35977392578125,-0.980926513671875,-0.0815277099609375,-0.0201568603515625
1760555372595778800,45.36977880859375,-0.97515869140625,-0.08984375,-0.016387939453125
1760555372605784800,45.37978491210937,-0.9747772216796875,-0.092529296875,-0.012237548828125
1760555372615790800,45.38979077148438,-0.9739532470703125,-0.09942626953125,-0.014617919921875
1760555372625795800,45.3997958984375,-0.9783935546875,-0.094512939453125,-0.0147705078125
1760555372635801900,45.4098017578125,-0.9801177978515625,-0.08056640625,-0.0045166015625
1760555372645806800,45.41980688476563,-0.988372802734375,-0.055572509765625,0.0064697265625
1760555372655812900,45.42981274414063,-1.004425048828125,-0.0044097900390625,0.00946044921875
1760555372665818600,45.439818603515626,-1.0170440673828125,0.016510009765625,-0.0012969970703125
1760555372675823600,45.44982373046875,-1.021820068359375,0.003570556640625,-0.0092926025390625
1760555372685830000,45.45982983398437,-1.0153350830078125,-0.012176513671875,-0.013397216796875
1760555372695836000,45.4698359375,-0.9954071044921875,-0.0047607421875,-0.01727294921875
1760555372705841000,45.4798408203125,-1.0001068115234375,0.00897216796875,-0.021026611328125
1760555372715846700,45.4898466796875,-1.02398681640625,0.03192138671875,-0.02935791015625
1760555372725852700,45.499852783203124,-1.0340728759765625,0.0310821533203125,-0.0319976806640625
1760555372735857700,45.50985766601563,-1.012603759765625,0.0090179443359375,-0.026702880859375
1760555372745863700,45.51986376953125,-0.9912261962890625,-0.0111236572265625,-0.011322021484375
1760555372755868700,45.52986865234375,-0.983612060546875,-0.018157958984375,-0.009857177734375
1760555372765875000,45.539875,-0.9935760498046875,-0.0183258056640625,-0.02203369140625
1760555372775880700,45.54988061523437,-1.007720947265625,-0.024993896484375,-0.03631591796875
1760555372785885700,45.5598857421875,-1.0097503662109375,-0.017608642578125,-0.0327606201171875
1760555372795891700,45.5698916015625,-0.9987640380859375,-0.005767822265625,-0.0249786376953125
1760555372805897700,45.579897705078125,-0.9903564453125,-0.0087127685546875,-0.025604248046875
1760555372815902700,45.58990283203125,-1.006134033203125,-0.019805908203125,-0.022247314453125
1760555372825909000,45.59990893554688,-1.003936767578125,-0.023956298828125,-0.0227508544921875
1760555372835914800,45.60991479492188,-0.9971771240234375,-0.019561767578125,-0.0206756591796875
1760555372845919700,45.61991967773437,-0.9890289306640625,-0.02423095703125,-0.01910400390625
1760555372855925800,45.62992578125,-0.9858245849609375,-0.0439605712890625,-0.025543212890625
1760555372865930800,45.6399306640625,-0.9937744140625,-0.047882080078125,-0.0273895263671875
1760555372875936800,45.649936767578126,-0.995941162109375,-0.0365753173828125,-0.021759033203125
1760555372885942800,45.65994287109375,-0.9960479736328125,-0.0221099853515625,-0.0151824951171875
1760555372895947800,45.66994775390625,-0.9952545166015625,-0.01324462890625,-0.0197906494140625
1760555372905953800,45.67995385742187,-1.0064697265625,-0.0028076171875,-0.02410888671875
1760555372915959800,45.68995971679688,-1.0126495361328125,0.008636474609375,-0.0209197998046875
1760555372925964800,45.69996484375,-1.0074615478515625,-0.005584716796875,-0.0247802734375
1760555372935970800,45.709970703125,-0.995941162109375,-0.01446533203125,-0.0204620361328125
1760555372945976800,45.719976806640624,-0.9932708740234375,-0.019195556640625,-0.0170135498046875
1760555372955981800,45.72998193359375,-0.9944305419921875,-0.022674560546875,-0.0221710205078125
1760555372965987600,45.739987548828125,-0.999755859375,-0.0211029052734375,-0.025390625
1760555372975992600,45.74999267578125,-0.9990234375,-0.0218048095703125,-0.0252532958984375
1760555372985998800,45.75999877929687,-1.0005035400390625,-0.0079498291015625,-0.02099609375
1760555372996004900,45.7700048828125,-1.0018768310546875,-0.0035858154296875,-0.016387939453125
1760555373006009900,45.780009765625,-1.0024261474609375,-0.015716552734375,-0.014923095703125
1760555373016016000,45.790015869140625,-0.9949493408203125,-0.0352935791015625,-0.0201416015625
1760555373026021600,45.800021728515624,-0.9871826171875,-0.0390777587890625,-0.0191650390625
1760555373036026600,45.81002661132813,-0.9939422607421875,-0.025482177734375,-0.01654052734375
1760555373046032600,45.82003271484375,-1.000579833984375,-0.019866943359375,-0.0215606689453125
1760555373056038000,45.83003784179687,-1.0049285888671875,-0.0208740234375,-0.0283203125
1760555373066044000,45.8400439453125,-0.99334716796875,-0.045379638671875,-0.03564453125
1760555373076050000,45.8500498046875,-0.982208251953125,-0.059783935546875,-0.0295257568359375
1760555373086055000,45.860054931640626,-0.986846923828125,-0.04498291015625,-0.02069091796875
1760555373096060700,45.870060791015625,-0.9933319091796875,-0.0317535400390625,-0.0227813720703125
1760555373106066700,45.880066650390624,-1.001495361328125,-0.0299530029296875,-0.0258331298828125
1760555373116071700,45.89007177734375,-0.9987335205078125,-0.036865234375,-0.0258331298828125
1760555373126078000,45.90007788085938,-0.989349365234375,-0.0400238037109375,-0.022125244140625
1760555373136084000,45.910083984375,-0.9870758056640625,-0.029876708984375,-0.01971435546875
1760555373146089000,45.9200888671875,-1.000213623046875,-0.0162506103515625,-0.0235595703125
1760555373156094700,45.9300947265625,-1.011077880859375,-0.0121612548828125,-0.027557373046875
1760555373166099700,45.940099609375,-1.0030670166015625,-0.01513671875,-0.027435302734375
1760555373176105700,45.950105712890625,-0.992706298828125,-0.019805908203125,-0.0203704833984375
1760555373186111700,45.96011181640625,-0.9897613525390625,-0.01611328125,-0.0195159912109375
1760555373196116700,45.97011669921875,-1.0007476806640625,-0.0119476318359375,-0.025604248046875
1760555373206122800,45.98012280273438,-1.008880615234375,-0.0148468017578125,-0.0314178466796875
1760555373216128800,45.99012866210938,-1.003173828125,-0.0142669677734375,-0.0290069580078125
1760555373226133800,46.0001337890625,-0.99420166015625,-0.0166168212890625,-0.024871826171875
1760555373236139800,46.010139892578124,-0.994903564453125,-0.0201263427734375,-0.024139404296875
1760555373246145800,46.02014575195312,-1.0029449462890625,-0.0260772705078125,-0.02716064453125
1760555373256150800,46.03015087890625,-0.9980316162109375,-0.0310516357421875,-0.0304107666015625
1760555373266156800,46.04015673828125,-0.9937286376953125,-0.027435302734375,-0.023681640625
1760555373276161800,46.05016186523437,-0.991363525390625,-0.030059814453125,-0.0243682861328125
1760555373286167800,46.06016772460937,-0.993499755859375,-0.0292510986328125,-0.0243377685546875
1760555373296173800,46.070173828125,-1.0011138916015625,-0.0265960693359375,-0.0242462158203125
1760555373306178800,46.0801787109375,-0.998382568359375,-0.03118896484375,-0.0262451171875
1760555373316185000,46.09018505859375,-0.99383544921875,-0.0324249267578125,-0.01983642578125
1760555373326190800,46.10019091796875,-0.989013671875,-0.032379150390625,-0.0155792236328125
1760555373336195800,46.11019580078125,-0.993988037109375,-0.0294952392578125,-0.0196990966796875
1760555373346201900,46.12020190429688,-1.0005950927734375,-0.0293426513671875,-0.0234222412109375
1760555373356206800,46.13020678710937,-1.0001983642578125,-0.0346221923828125,-0.023895263671875
1760555373366212900,46.140212890625,-0.990447998046875,-0.03753662109375,-0.02398681640625
1760555373376219100,46.15021923828125,-0.99053955078125,-0.0302581787109375,-0.0257110595703125
1760555373386224000,46.16022412109375,-1.0000457763671875,-0.0184173583984375,-0.0274505615234375
1760555373396230000,46.17022998046875,-1.00860595703125,-0.0120086669921875,-0.0313262939453125
1760555373406236000,46.18023583984375,-1.0032196044921875,-0.015625,-0.0288238525390625
1760555373416241000,46.19024096679688,-0.9949798583984375,-0.0235137939453125,-0.0270538330078125
1760555373426247000,46.20024682617188,-0.993133544921875,-0.0247650146484375,-0.0230712890625
1760555373436252000,46.210251953125,-0.994537353515625,-0.0354156494140625,-0.0211181640625
1760555373446258200,46.220258056640624,-0.99591064453125,-0.03314208984375,-0.0200347900390625
1760555373456264000,46.23026391601562,-0.995635986328125,-0.0246429443359375,-0.015106201171875
1760555373466269000,46.24026904296875,-0.9944305419921875,-0.020416259765625,-0.0116119384765625
1760555373476275000,46.25027490234375,-0.99822998046875,-0.021820068359375,-0.013214111328125
1760555373486281000,46.260281005859376,-0.997955322265625,-0.0323638916015625,-0.01580810546875
1760555373496286000,46.27028588867187,-0.9974822998046875,-0.0314483642578125,-0.011688232421875
1760555373506292000,46.2802919921875,-0.9920806884765625,-0.026275634765625,-0.0122528076171875
1760555373516298000,46.29029809570312,-0.9945068359375,-0.0266876220703125,-0.0149688720703125
1760555373526303000,46.300302978515624,-0.999664306640625,-0.02313232421875,-0.0178070068359375
1760555373536309000,46.31030908203125,-0.999847412109375,-0.0240020751953125,-0.0230560302734375
1760555373546314000,46.32031396484375,-0.9964599609375,-0.0275115966796875,-0.0226593017578125
1760555373556320000,46.33032006835938,-0.9916229248046875,-0.03802490234375,-0.0224456787109375
1760555373566326000,46.340325927734376,-0.9888153076171875,-0.038665771484375,-0.025482177734375
1760555373576331000,46.3503310546875,-0.9962005615234375,-0.0330352783203125,-0.021484375
1760555373586336800,46.36033666992188,-1.000732421875,-0.0172271728515625,-0.0173187255859375
1760555373596343000,46.37034301757812,-0.998870849609375,-0.0169677734375,-0.0177764892578125
1760555373606348000,46.38034814453125,-0.9962310791015625,-0.0261077880859375,-0.0171356201171875
1760555373616354000,46.39035400390625,-0.99169921875,-0.029327392578125,-0.0140380859375
1760555373626359000,46.40035913085938,-0.9929962158203125,-0.03411865234375,-0.0154571533203125
1760555373636365000,46.41036499023438,-0.9960784912109375,-0.027679443359375,-0.0173187255859375
1760555373646370800,46.42037084960938,-0.99462890625,-0.021728515625,-0.0160980224609375
1760555373656375800,46.43037573242187,-0.9996795654296875,-0.01953125,-0.013671875
1760555373666381800,46.4403818359375,-0.9986419677734375,-0.01544189453125,-0.0147857666015625
1760555373676388000,46.45038818359375,-1.000762939453125,-0.0102386474609375,-0.0125885009765625
1760555373686393000,46.46039306640625,-1.0014190673828125,-0.013458251953125,-0.0106964111328125
1760555373696398800,46.47039892578125,-1.0012359619140625,-0.0129241943359375,-0.0088043212890625
1760555373706404900,46.48040478515625,-0.99658203125,-0.010833740234375,-0.0121917724609375
1760555373716409900,46.49040991210938,-0.9989013671875,-0.0069732666015625,-0.023193359375
1760555373726416000,46.50041577148438,-1.005706787109375,-0.0113983154296875,-0.024993896484375
1760555373736420900,46.5104208984375,-0.9999237060546875,-0.0195770263671875,-0.02557373046875
1760555373746427100,46.52042724609375,-0.9944610595703125,-0.0193023681640625,-0.02215576171875
1760555373756433000,46.53043286132812,-0.991058349609375,-0.015533447265625,-0.01861572265625
1760555373766438000,46.54043798828125,-0.997314453125,-0.017547607421875,-0.0187530517578125
1760555373776444000,46.55044384765625,-1,-0.0239715576171875,-0.0224456787109375
1760555373786449000,46.56044897460937,-0.99517822265625,-0.021697998046875,-0.0215301513671875
1760555373796455000,46.57045483398438,-0.993560791015625,-0.0201263427734375,-0.01055908203125
1760555373806461000,46.5804609375,-0.9933929443359375,-0.013702392578125,-0.01556396484375
1760555373816466000,46.5904658203125,-1.000213623046875,-0.00970458984375,-0.0216827392578125
1760555373826472000,46.600471923828124,-1.0049896240234375,-0.010101318359375,-0.0218353271484375
1760555373836478000,46.61047802734375,-0.9987945556640625,-0.00811767578125,-0.019378662109375
1760555373846483000,46.62048291015625,-0.9976348876953125,-0.004547119140625,-0.0258636474609375
1760555373856489000,46.63048901367188,-1.0028228759765625,-0.00189208984375,-0.02850341796875
1760555373866495000,46.640494873046876,-1.0059356689453125,-0.003204345703125,-0.02630615234375
1760555373876500000,46.6505,-1.0008087158203125,-0.0103912353515625,-0.0252227783203125
1760555373886505700,46.66050561523438,-0.9937896728515625,-0.009918212890625,-0.0174102783203125
1760555373896510700,46.6705107421875,-0.9915771484375,-0.0135955810546875,-0.014007568359375
1760555373906517000,46.68051708984375,-0.996856689453125,-0.0109405517578125,-0.0241851806640625
1760555373916523000,46.69052294921875,-1.0077362060546875,-0.00384521484375,-0.0291290283203125
1760555373926528000,46.70052807617188,-1.005950927734375,-0.0047454833984375,-0.0253753662109375
1760555373936534000,46.71053393554688,-0.996002197265625,-0.0095977783203125,-0.024322509765625
1760555373946539800,46.720539794921876,-0.9909515380859375,-0.0153045654296875,-0.0260162353515625
1760555373956544800,46.73054467773437,-0.9981842041015625,-0.0168304443359375,-0.0247039794921875
1760555373966551000,46.74055102539062,-1.003875732421875,-0.0136566162109375,-0.0264892578125
1760555373976556000,46.75055615234375,-1.0010986328125,-0.012542724609375,-0.0257720947265625
1760555373986562000,46.76056201171875,-0.9951171875,-0.0201873779296875,-0.01898193359375
1760555373996568000,46.770568115234376,-0.990692138671875,-0.033905029296875,-0.0216064453125
1760555374006573000,46.78057299804688,-0.9937286376953125,-0.0275421142578125,-0.02099609375
1760555374016578800,46.79057885742188,-0.9977569580078125,-0.0251922607421875,-0.0241546630859375
1760555374026584800,46.80058471679688,-0.998443603515625,-0.02349853515625,-0.02947998046875
1760555374036589800,46.81058984375,-0.9969482421875,-0.019927978515625,-0.03070068359375
1760555374046596000,46.82059619140625,-0.9960784912109375,-0.0238189697265625,-0.03338623046875
1760555374056601000,46.83060107421875,-0.9965667724609375,-0.0245513916015625,-0.0352325439453125
1760555374066607000,46.84060717773438,-1.00067138671875,-0.0207977294921875,-0.0330047607421875
1760555374076612900,46.85061279296875,-0.99786376953125,-0.01959228515625,-0.0288848876953125
1760555374086617900,46.86061791992187,-0.9959564208984375,-0.021881103515625,-0.0233154296875
1760555374096623900,46.87062377929688,-0.994232177734375,-0.02435302734375,-0.0233612060546875
1760555374106630000,46.8806298828125,-0.9948272705078125,-0.0201568603515625,-0.0256500244140625
1760555374116635000,46.890634765625,-0.99725341796875,-0.0229339599609375,-0.027252197265625
1760555374126641200,46.90064111328125,-0.9990997314453125,-0.0204315185546875,-0.0242462158203125
1760555374136646100,46.91064624023438,-0.99578857421875,-0.020538330078125,-0.0235595703125
1760555374146652000,46.92065185546875,-0.99578857421875,-0.0237579345703125,-0.0201568603515625
1760555374156658000,46.930657958984376,-0.994781494140625,-0.0272674560546875,-0.0158538818359375
1760555374166663000,46.94066284179687,-0.9942779541015625,-0.0245208740234375,-0.0200347900390625
1760555374176669000,46.9506689453125,-0.997772216796875,-0.0203399658203125,-0.0220184326171875
1760555374186675000,46.96067504882812,-1.0018768310546875,-0.01947021484375,-0.0236968994140625
1760555374196680200,46.97068017578125,-0.99908447265625,-0.0214996337890625,-0.0225067138671875
1760555374206686000,46.98068603515625,-0.992828369140625,-0.0272216796875,-0.02490234375
1760555374216691000,46.99069091796875,-0.9929351806640625,-0.0278778076171875,-0.0247344970703125
1760555374226697000,47.00069702148438,-0.99884033203125,-0.026641845703125,-0.02197265625
1760555374236703000,47.01070288085938,-0.9958953857421875,-0.029144287109375,-0.0244140625
1760555374246708000,47.0207080078125,-0.9947967529296875,-0.02508544921875,-0.023101806640625
1760555374256714000,47.0307138671875,-0.998291015625,-0.02154541015625,-0.023193359375
1760555374266720000,47.04071997070312,-0.9985504150390625,-0.023712158203125,-0.0258331298828125
1760555374276725000,47.05072509765625,-1.0009307861328125,-0.0216522216796875,-0.025634765625
1760555374286731000,47.06073095703125,-0.99871826171875,-0.0237579345703125,-0.024932861328125
1760555374296736000,47.07073608398437,-0.9946441650390625,-0.0287628173828125,-0.02264404296875
1760555374306742000,47.08074194335938,-0.9939117431640625,-0.0279693603515625,-0.0220794677734375
1760555374316747500,47.09074755859375,-0.99737548828125,-0.0225982666015625,-0.0244598388671875
1760555374326752500,47.10075244140625,-1.0014801025390625,-0.01922607421875,-0.0217437744140625
1760555374336758500,47.11075854492187,-0.9989471435546875,-0.0201416015625,-0.0219268798828125
1760555374346764500,47.1207646484375,-0.996612548828125,-0.0264739990234375,-0.023834228515625
1760555374356769500,47.13076953125,-0.99322509765625,-0.0337371826171875,-0.0217132568359375
1760555374366775600,47.140775634765625,-0.9924163818359375,-0.03192138671875,-0.021728515625
1760555374376780500,47.15078051757813,-0.9963531494140625,-0.027984619140625,-0.02191162109375
1760555374386786600,47.16078662109375,-0.997894287109375,-0.0239715576171875,-0.0237579345703125
1760555374396792600,47.17079248046875,-0.997100830078125,-0.0256805419921875,-0.023162841796875
1760555374406797600,47.18079760742187,-0.9952392578125,-0.02703857421875,-0.023712158203125
1760555374416803600,47.19080346679687,-0.9943084716796875,-0.029083251953125,-0.0236968994140625
1760555374426809600,47.2008095703125,-0.99652099609375,-0.0288543701171875,-0.0308074951171875
1760555374436814600,47.210814697265626,-0.99981689453125,-0.0294952392578125,-0.038055419921875
1760555374446820600,47.220820556640625,-0.9989776611328125,-0.0301666259765625,-0.0424346923828125
1760555374456825600,47.23082568359375,-0.99688720703125,-0.030242919921875,-0.040283203125
1760555374466831400,47.24083129882813,-0.9954833984375,-0.0278167724609375,-0.0353851318359375
1760555374476837600,47.25083764648438,-0.997039794921875,-0.0233917236328125,-0.030517578125
1760555374486842600,47.26084252929687,-0.9986572265625,-0.0237274169921875,-0.0298919677734375
1760555374496848600,47.2708486328125,-0.997589111328125,-0.0234375,-0.030975341796875
1760555374506853600,47.280853515625,-0.999237060546875,-0.0201263427734375,-0.0260162353515625
1760555374516859600,47.290859619140626,-0.9982757568359375,-0.020538330078125,-0.0284423828125
1760555374526865400,47.300865478515625,-0.999298095703125,-0.0202789306640625,-0.032501220703125
1760555374536870400,47.31087036132813,-0.999298095703125,-0.022369384765625,-0.0362701416015625
1760555374546876400,47.32087646484375,-0.99725341796875,-0.0266265869140625,-0.0361480712890625
1760555374556882700,47.33088256835938,-0.9945068359375,-0.0287017822265625,-0.033233642578125
1760555374566887700,47.3408876953125,-0.9936370849609375,-0.032623291015625,-0.0310516357421875
1760555374576893700,47.350893798828125,-0.996337890625,-0.0296783447265625,-0.03009033203125
1760555374586898700,47.36089868164063,-0.99853515625,-0.023406982421875,-0.030487060546875
1760555374596904400,47.370904541015626,-0.9998626708984375,-0.02679443359375,-0.032135009765625
1760555374606910500,47.380910400390626,-0.99676513671875,-0.0285797119140625,-0.03240966796875
1760555374616915500,47.39091552734375,-0.9967803955078125,-0.031341552734375,-0.03021240234375
1760555374626921700,47.40092163085937,-0.9938812255859375,-0.029937744140625,-0.0294036865234375
1760555374636927500,47.41092749023438,-0.993194580078125,-0.03118896484375,-0.0342559814453125
1760555374646932500,47.420932373046874,-0.9965667724609375,-0.0312347412109375,-0.0323028564453125
1760555374656938500,47.4309384765625,-0.9952545166015625,-0.0340576171875,-0.031768798828125
1760555374666943500,47.44094360351563,-0.9928436279296875,-0.0292816162109375,-0.0276031494140625
1760555374676949500,47.45094946289063,-0.99481201171875,-0.0279541015625,-0.0236358642578125
1760555374686955500,47.46095556640625,-0.99591064453125,-0.0268402099609375,-0.0240936279296875
1760555374696960500,47.47096044921875,-0.99908447265625,-0.02215576171875,-0.0304107666015625
1760555374706966500,47.48096655273437,-0.999359130859375,-0.023956298828125,-0.0308990478515625
1760555374716972500,47.49097265625,-0.998321533203125,-0.0246734619140625,-0.03179931640625
1760555374726977500,47.5009775390625,-0.9963531494140625,-0.02337646484375,-0.0318756103515625
1760555374736983600,47.510983642578125,-0.9978790283203125,-0.0209197998046875,-0.02935791015625
1760555374746988500,47.52098852539063,-0.999847412109375,-0.020904541015625,-0.027862548828125
1760555374756994600,47.53099462890625,-0.9988861083984375,-0.02252197265625,-0.029205322265625
1760555374767000300,47.541000244140626,-0.9956817626953125,-0.025909423828125,-0.0287017822265625
1760555374777005300,47.55100537109375,-0.99725341796875,-0.0255126953125,-0.0270233154296875
1760555374787011600,47.56101147460937,-0.995574951171875,-0.0259246826171875,-0.0260162353515625
1760555374797016600,47.5710166015625,-0.997650146484375,-0.025421142578125,-0.0280914306640625
1760555374807022600,47.58102270507813,-0.998687744140625,-0.0264434814453125,-0.0305023193359375
1760555374817028600,47.591028564453126,-0.9990997314453125,-0.0240478515625,-0.0316619873046875
1760555374827033600,47.60103369140625,-1.0007171630859375,-0.0233306884765625,-0.02813720703125
1760555374837039400,47.61103930664063,-0.9951171875,-0.0325164794921875,-0.03009033203125
1760555374847045400,47.62104541015625,-0.99578857421875,-0.0316925048828125,-0.028717041015625
1760555374857050400,47.63105029296875,-0.9966278076171875,-0.0290679931640625,-0.024322509765625
1760555374867056600,47.641056640625,-0.9947662353515625,-0.0293426513671875,-0.0250701904296875
1760555374877061600,47.6510615234375,-0.993621826171875,-0.0317230224609375,-0.025634765625
1760555374887067600,47.66106762695313,-0.9942626953125,-0.034027099609375,-0.0310821533203125
1760555374897073400,47.671073486328126,-0.99591064453125,-0.035797119140625,-0.0326080322265625
1760555374907078400,47.68107836914062,-0.998687744140625,-0.0332489013671875,-0.033843994140625
1760555374917084400,47.69108447265625,-0.9974365234375,-0.029571533203125,-0.0331268310546875
1760555374927090700,47.70109057617187,-0.995880126953125,-0.0263824462890625,-0.03558349609375
1760555374937095700,47.711095703125,-0.9991607666015625,-0.0271148681640625,-0.0346221923828125
1760555374947101700,47.721101806640625,-0.9983367919921875,-0.029052734375,-0.034576416015625
1760555374957106700,47.73110668945313,-0.9970550537109375,-0.0247955322265625,-0.03643798828125
1760555374967112400,47.74111254882813,-1.00048828125,-0.0233612060546875,-0.0369873046875
1760555374977118500,47.751118408203126,-1.0009613037109375,-0.02264404296875,-0.03564453125
1760555374987123500,47.76112353515625,-0.9983062744140625,-0.0316314697265625,-0.036163330078125
1760555374997129500,47.77112939453125,-0.9923095703125,-0.038177490234375,-0.035614013671875
1760555375007135700,47.7811357421875,-0.9924163818359375,-0.0348968505859375,-0.033050537109375
1760555375017140700,47.791140625,-0.995574951171875,-0.029541015625,-0.0376739501953125
1760555375027146500,47.801146484375,-1.00323486328125,-0.0272979736328125,-0.0416717529296875
1760555375037151500,47.8111513671875,-1.00067138671875,-0.027740478515625,-0.03985595703125
1760555375047157500,47.82115747070313,-0.995697021484375,-0.0321044921875,-0.03558349609375
1760555375057163500,47.83116357421875,-0.9910888671875,-0.0326385498046875,-0.0341644287109375
1760555375067168500,47.84116845703125,-0.9972381591796875,-0.0287933349609375,-0.0357208251953125
1760555375077174500,47.85117456054687,-1.003173828125,-0.02752685546875,-0.0369720458984375
1760555375087179500,47.861179443359376,-1.0000762939453125,-0.02545166015625,-0.037506103515625
1760555375097185500,47.871185546875,-0.9946441650390625,-0.0322113037109375,-0.039794921875
1760555375107191600,47.881191650390626,-0.98992919921875,-0.0438079833984375,-0.04345703125
1760555375117196500,47.89119653320312,-0.995208740234375,-0.040435791015625,-0.04461669921875
1760555375127202600,47.90120263671875,-0.99969482421875,-0.0318603515625,-0.042938232421875
1760555375137208600,47.91120849609375,-0.9984130859375,-0.032562255859375,-0.038299560546875
1760555375147213600,47.921213623046874,-0.99493408203125,-0.0365753173828125,-0.034515380859375
1760555375157219600,47.931219482421874,-0.9904632568359375,-0.0379486083984375,-0.0292205810546875
1760555375167224600,47.941224609375,-0.9959564208984375,-0.0358734130859375,-0.0253448486328125
1760555375177230600,47.95123071289063,-0.9991302490234375,-0.0317535400390625,-0.0252685546875
1760555375187236600,47.961236572265626,-0.9976959228515625,-0.0330047607421875,-0.0234527587890625
1760555375197241600,47.97124169921875,-0.993743896484375,-0.0415191650390625,-0.017852783203125
1760555375207247600,47.98124755859375,-0.99078369140625,-0.0409088134765625,-0.013946533203125
1760555375217252600,47.991252685546876,-0.9911956787109375,-0.0357208251953125,-0.0137786865234375
1760555375227258400,48.00125830078125,-0.99835205078125,-0.029815673828125,-0.0208892822265625
1760555375237264600,48.0112646484375,-1.0020599365234375,-0.0280914306640625,-0.0223388671875
1760555375247269600,48.02126953125,-0.9992828369140625,-0.0285797119140625,-0.0236663818359375
1760555375257275600,48.03127563476563,-0.9940185546875,-0.0297698974609375,-0.022979736328125
1760555375267281400,48.04128149414063,-0.99505615234375,-0.02880859375,-0.0245361328125
1760555375277286700,48.05128662109375,-1.0012359619140625,-0.02392578125,-0.0277557373046875
1760555375287292400,48.06129248046875,-1.0032806396484375,-0.0231781005859375,-0.0314483642578125
1760555375297297400,48.07129736328125,-1.0005645751953125,-0.0243988037109375,-0.0284881591796875
1760555375307303400,48.081303466796875,-0.9970245361328125,-0.0246734619140625,-0.022979736328125
1760555375317309400,48.091309326171874,-0.9967193603515625,-0.024200439453125,-0.0238189697265625
1760555375327314400,48.101314453125,-1.000152587890625,-0.0269012451171875,-0.0279998779296875
1760555375337320400,48.11132055664063,-1.00140380859375,-0.0301361083984375,-0.02899169921875
1760555375347325400,48.12132543945312,-0.9975738525390625,-0.027618408203125,-0.0274810791015625
1760555375357331200,48.13133129882812,-0.998260498046875,-0.027740478515625,-0.0220489501953125
1760555375367337200,48.14133715820312,-0.9974212646484375,-0.0303192138671875,-0.021759033203125
1760555375377342200,48.15134228515625,-0.9988250732421875,-0.034210205078125,-0.023284912109375
1760555375387348500,48.161348388671875,-0.9918365478515625,-0.048553466796875,-0.0247650146484375
1760555375397354200,48.171354248046875,-0.9904632568359375,-0.0520477294921875,-0.0243072509765625
1760555375407359500,48.181359375,-0.991241455078125,-0.04425048828125,-0.02276611328125
1760555375417365200,48.191365234375,-0.995452880859375,-0.0387115478515625,-0.0268402099609375
1760555375427370200,48.201370361328124,-1.000732421875,-0.0389251708984375,-0.0287017822265625
1760555375437376300,48.21137622070312,-0.99444580078125,-0.04620361328125,-0.0323944091796875
1760555375447382300,48.22138232421875,-0.990814208984375,-0.0491943359375,-0.0313262939453125
1760555375457387300,48.23138720703125,-0.99041748046875,-0.047210693359375,-0.0325164794921875
1760555375467393300,48.241393310546876,-0.9959716796875,-0.043548583984375,-0.0330657958984375
1760555375477398300,48.25139819335938,-0.99761962890625,-0.0425567626953125,-0.03741455078125
1760555375487404300,48.261404296875,-0.9948577880859375,-0.0473785400390625,-0.0367279052734375
1760555375497410300,48.27141040039062,-0.991302490234375,-0.047576904296875,-0.033538818359375
1760555375507415300,48.281415283203124,-0.98760986328125,-0.0495147705078125,-0.0331878662109375
1760555375517421300,48.29142138671875,-0.9929046630859375,-0.0452880859375,-0.033966064453125
1760555375527427300,48.30142724609375,-0.9974822998046875,-0.0396728515625,-0.0326385498046875
1760555375537432300,48.31143237304688,-1.00054931640625,-0.03228759765625,-0.02880859375
1760555375547438300,48.321438232421876,-0.9988555908203125,-0.0245819091796875,-0.02606201171875
1760555375557443300,48.331443359375,-1.0000762939453125,-0.0252532958984375,-0.0279998779296875
1760555375567449300,48.34144946289062,-1.001190185546875,-0.0270843505859375,-0.0312957763671875
1760555375577455400,48.35145532226562,-1.000732421875,-0.0289764404296875,-0.0346221923828125
1760555375587460400,48.36146044921875,-1.0002899169921875,-0.0276031494140625,-0.0323638916015625
1760555375597466000,48.371466064453124,-0.997528076171875,-0.026611328125,-0.0309906005859375
1760555375607471000,48.38147119140625,-0.9984283447265625,-0.02752685546875,-0.02850341796875
1760555375617477400,48.39147729492188,-0.9995574951171875,-0.0320587158203125,-0.02685546875
1760555375627483400,48.4014833984375,-0.9981536865234375,-0.0330047607421875,-0.0222930908203125
1760555375637488400,48.41148828125,-0.995208740234375,-0.029144287109375,-0.0189971923828125
1760555375647494400,48.42149438476562,-0.997467041015625,-0.0290069580078125,-0.02276611328125
1760555375657500200,48.43150024414062,-1.00140380859375,-0.027130126953125,-0.02301025390625
1760555375667505200,48.441505126953125,-1.0001983642578125,-0.0300750732421875,-0.024383544921875
1760555375677511200,48.45151123046875,-0.9969482421875,-0.033538818359375,-0.0264434814453125
1760555375687516200,48.46151611328125,-0.995697021484375,-0.0365447998046875,-0.0237579345703125
1760555375697522400,48.4715224609375,-0.995697021484375,-0.038116455078125,-0.02801513671875
1760555375707528400,48.48152856445312,-0.997283935546875,-0.0369720458984375,-0.0303192138671875
1760555375717533400,48.491533447265624,-0.9969940185546875,-0.0373992919921875,-0.0273895263671875
1760555375727539200,48.50153930664062,-0.9922637939453125,-0.042877197265625,-0.0250396728515625
1760555375737545200,48.51154516601562,-0.9921875,-0.0413665771484375,-0.025665283203125
1760555375747550200,48.52155029296875,-0.99658203125,-0.03741455078125,-0.02545166015625
1760555375757556500,48.531556396484376,-0.9978790283203125,-0.03778076171875,-0.026947021484375
1760555375767561500,48.5415615234375,-0.99725341796875,-0.0371551513671875,-0.0254058837890625
1760555375777567500,48.5515673828125,-0.9950408935546875,-0.0360107421875,-0.0220489501953125
1760555375787573200,48.5615732421875,-0.99493408203125,-0.0330047607421875,-0.0182952880859375
1760555375797578200,48.571578125,-0.9993438720703125,-0.0303955078125,-0.0219879150390625
1760555375807584300,48.581584228515624,-1.001739501953125,-0.02935791015625,-0.0270843505859375
1760555375817589200,48.59158935546875,-0.9990386962890625,-0.0294189453125,-0.027679443359375
1760555375827595300,48.60159521484375,-0.99859619140625,-0.032501220703125,-0.0262298583984375
1760555375837601500,48.6116015625,-0.998321533203125,-0.0378570556640625,-0.0196075439453125
1760555375847606500,48.6216064453125,-0.995513916015625,-0.0382537841796875,-0.0186614990234375
1760555375857612300,48.6316123046875,-0.9942626953125,-0.0388336181640625,-0.019287109375
1760555375867617300,48.6416171875,-0.9934539794921875,-0.04180908203125,-0.018768310546875
1760555375877623300,48.651623291015625,-0.9932861328125,-0.040802001953125,-0.021514892578125
1760555375887629300,48.66162939453125,-0.9964447021484375,-0.0383148193359375,-0.0224151611328125
1760555375897634300,48.67163427734375,-0.9961395263671875,-0.0390472412109375,-0.0242156982421875
1760555375907640300,48.68164038085938,-0.994171142578125,-0.0425872802734375,-0.0254364013671875
1760555375917645300,48.69164526367187,-0.995025634765625,-0.045501708984375,-0.0244598388671875
1760555375927651300,48.7016513671875,-0.9918975830078125,-0.0478057861328125,-0.01922607421875
1760555375937657300,48.7116572265625,-0.9898529052734375,-0.045684814453125,-0.0202789306640625
1760555375947662300,48.721662353515626,-0.99346923828125,-0.04144287109375,-0.021392822265625
1760555375957668400,48.73166845703125,-0.9976654052734375,-0.0420989990234375,-0.024261474609375
1760555375967674400,48.74167431640625,-0.995849609375,-0.041229248046875,-0.02642822265625
1760555375977679400,48.75167944335937,-0.9942779541015625,-0.0405731201171875,-0.0255279541015625
1760555375987685400,48.76168530273438,-0.994964599609375,-0.038665771484375,-0.023773193359375
1760555375997690400,48.7716904296875,-0.99627685546875,-0.0377197265625,-0.028045654296875
1760555376007696400,48.7816962890625,-0.99859619140625,-0.0367431640625,-0.0312042236328125
1760555376017702400,48.791702392578124,-0.997528076171875,-0.033966064453125,-0.0289306640625
1760555376027707400,48.801707275390626,-0.999664306640625,-0.0274810791015625,-0.029266357421875
1760555376037713400,48.81171337890625,-1.0007781982421875,-0.022552490234375,-0.0322418212890625
1760555376047718400,48.82171850585937,-1.0028076171875,-0.021087646484375,-0.0322723388671875
1760555376057724200,48.83172412109375,-1.0038299560546875,-0.02532958984375,-0.0291595458984375
1760555376067730400,48.84173046875,-0.99462890625,-0.033782958984375,-0.030487060546875
1760555376077735400,48.8517353515625,-0.9921112060546875,-0.0353546142578125,-0.028961181640625
1760555376087741400,48.861741455078125,-0.997802734375,-0.025848388671875,-0.028839111328125
1760555376097747200,48.871747314453124,-1.0037689208984375,-0.02056884765625,-0.0328521728515625
1760555376107752400,48.88175244140625,-1.002960205078125,-0.025726318359375,-0.0340728759765625
1760555376117758200,48.89175830078125,-0.994415283203125,-0.0353240966796875,-0.0326080322265625
1760555376127763200,48.90176318359375,-0.9903564453125,-0.033935546875,-0.0314788818359375
1760555376137769200,48.91176928710937,-0.9959869384765625,-0.0331878662109375,-0.0318603515625
1760555376147775500,48.921775390625,-1.0001983642578125,-0.034271240234375,-0.0307769775390625
1760555376157780500,48.931780517578126,-0.999969482421875,-0.03662109375,-0.0302734375
1760555376167786200,48.9417861328125,-0.9910430908203125,-0.037078857421875,-0.0235748291015625
1760555376177791200,48.95179125976563,-0.99078369140625,-0.033111572265625,-0.0224761962890625
1760555376187797200,48.96179736328125,-0.9987640380859375,-0.029449462890625,-0.02532958984375
1760555376197803300,48.97180322265625,-1.002227783203125,-0.03271484375,-0.027923583984375
1760555376207808300,48.98180834960937,-0.9936065673828125,-0.0386810302734375,-0.026947021484375
1760555376217814500,48.991814453125,-0.990509033203125,-0.03302001953125,-0.0269012451171875
1760555376227819500,49.00181958007813,-0.9938507080078125,-0.0319061279296875,-0.030853271484375
1760555376237825300,49.0118251953125,-0.999542236328125,-0.0347900390625,-0.0377960205078125
1760555376247831300,49.021831298828126,-1.0015869140625,-0.034393310546875,-0.0416412353515625
1760555376257836300,49.03183618164063,-0.996002197265625,-0.027618408203125,-0.0343170166015625
1760555376267842300,49.04184228515625,-0.99395751953125,-0.023590087890625,-0.0314178466796875
1760555376277847300,49.051847412109375,-0.99969482421875,-0.026336669921875,-0.033905029296875
1760555376287853300,49.061853271484374,-1.0040130615234375,-0.0272064208984375,-0.0367431640625
1760555376297859300,49.071859375,-0.9989166259765625,-0.0309295654296875,-0.035125732421875
1760555376307864300,49.0818642578125,-0.991363525390625,-0.0306854248046875,-0.0350189208984375
1760555376317870300,49.09187036132813,-0.993194580078125,-0.0279998779296875,-0.0360870361328125
1760555376327876000,49.1018759765625,-1.0022735595703125,-0.0251922607421875,-0.0366363525390625
1760555376337881000,49.11188110351563,-1.0038909912109375,-0.0243988037109375,-0.0341644287109375
1760555376347887000,49.12188720703125,-0.996551513671875,-0.0279083251953125,-0.0301361083984375
1760555376357892000,49.13189208984375,-0.9910430908203125,-0.032501220703125,-0.026580810546875
1760555376367898000,49.141898193359374,-0.995452880859375,-0.0278778076171875,-0.0291595458984375
1760555376377904000,49.15190405273437,-1.0007171630859375,-0.028289794921875,-0.032440185546875
1760555376387909000,49.1619091796875,-1.0016326904296875,-0.03070068359375,-0.0346527099609375
1760555376397915100,49.1719150390625,-0.9937591552734375,-0.02947998046875,-0.036163330078125
1760555376407920000,49.18192016601562,-0.993896484375,-0.030242919921875,-0.039794921875
1760555376417926100,49.19192602539062,-0.9997406005859375,-0.032501220703125,-0.0385589599609375
1760555376427932000,49.20193188476563,-1.0011749267578125,-0.027618408203125,-0.039581298828125
1760555376437937000,49.21193701171875,-0.9971771240234375,-0.0281524658203125,-0.036346435546875
1760555376447943000,49.22194287109375,-0.99566650390625,-0.03033447265625,-0.0301971435546875
1760555376457948000,49.23194799804688,-0.9965667724609375,-0.030120849609375,-0.026519775390625
1760555376467954200,49.2419541015625,-0.997039794921875,-0.031341552734375,-0.027435302734375
1760555376477960200,49.25196020507813,-0.99658203125,-0.0321197509765625,-0.0288543701171875
1760555376487965200,49.26196508789062,-0.99591064453125,-0.0286712646484375,-0.0271148681640625
1760555376497971000,49.27197094726562,-0.99627685546875,-0.028717041015625,-0.032867431640625
1760555376507976000,49.281975830078125,-0.997344970703125,-0.0302276611328125,-0.03619384765625
1760555376517982000,49.29198193359375,-0.998809814453125,-0.0348663330078125,-0.0389404296875
1760555376527988200,49.30198828125,-0.9960174560546875,-0.0333251953125,-0.0331878662109375
1760555376537993200,49.3119931640625,-0.9952239990234375,-0.0316009521484375,-0.0318450927734375
1760555376547999200,49.32199926757813,-0.9945526123046875,-0.0296783447265625,-0.0369110107421875
1760555376558005000,49.3320048828125,-0.999603271484375,-0.02801513671875,-0.0400543212890625
1760555376568010000,49.34201000976562,-1.0015869140625,-0.030059814453125,-0.0365447998046875
1760555376578016000,49.35201611328125,-0.9960479736328125,-0.0319061279296875,-0.032440185546875
1760555376588021000,49.36202099609375,-0.9918212890625,-0.0297698974609375,-0.028289794921875
1760555376598027000,49.372027099609376,-0.9982147216796875,-0.0252838134765625,-0.0277557373046875
1760555376608033300,49.382033203125,-1.0025787353515625,-0.027740478515625,-0.03424072265625
1760555376618038300,49.39203833007812,-0.9980621337890625,-0.0325469970703125,-0.035919189453125
1760555376628044000,49.4020439453125,-0.9922637939453125,-0.03387451171875,-0.0329437255859375
1760555376638049000,49.412049072265624,-0.993316650390625,-0.02923583984375,-0.0319366455078125
1760555376648055000,49.42205493164062,-0.9957733154296875,-0.03271484375,-0.0335540771484375
1760555376658061000,49.43206103515625,-0.9995269775390625,-0.0336761474609375,-0.0370941162109375
1760555376668066000,49.44206616210938,-0.996185302734375,-0.03570556640625,-0.038421630859375
1760555376678072000,49.452072021484376,-0.991180419921875,-0.0363311767578125,-0.0367431640625
1760555376688077000,49.4620771484375,-0.9955291748046875,-0.0316162109375,-0.0355377197265625
1760555376698083000,49.4720830078125,-0.997314453125,-0.0349273681640625,-0.035980224609375
1760555376708089000,49.48208911132812,-0.997406005859375,-0.038238525390625,-0.03851318359375
1760555376718094000,49.492093994140625,-0.9936065673828125,-0.0361480712890625,-0.041290283203125
1760555376728100000,49.50210009765625,-0.99298095703125,-0.035400390625,-0.039398193359375
1760555376738105000,49.51210498046875,-0.9986114501953125,-0.0307464599609375,-0.0411529541015625
1760555376748111000,49.52211108398438,-1.00128173828125,-0.029937744140625,-0.0415496826171875
1760555376758116900,49.53211694335938,-0.9971466064453125,-0.0338134765625,-0.0361785888671875
1760555376768122000,49.5421220703125,-0.9926605224609375,-0.0355987548828125,-0.0302276611328125
1760555376778128100,49.55212817382812,-0.994140625,-0.034759521484375,-0.0237884521484375
1760555376788133000,49.562133056640626,-0.99664306640625,-0.031707763671875,-0.0196990966796875
1760555376798139100,49.57213916015625,-0.9967803955078125,-0.03021240234375,-0.0196533203125
1760555376808145200,49.582145263671876,-0.996063232421875,-0.030853271484375,-0.016143798828125
1760555376818150100,49.59215014648437,-0.994537353515625,-0.030517578125,-0.0157623291015625
1760555376828156000,49.60215600585938,-0.993133544921875,-0.0292205810546875,-0.019683837890625
1760555376838161000,49.61216088867187,-0.9955291748046875,-0.0275726318359375,-0.0279541015625
1760555376848167200,49.622167236328124,-0.9992523193359375,-0.0273895263671875,-0.033721923828125
1760555376858173200,49.63217309570312,-0.9987335205078125,-0.028594970703125,-0.0308380126953125
1760555376868178200,49.64217822265625,-0.994354248046875,-0.0317840576171875,-0.0285186767578125
1760555376878184200,49.65218408203125,-0.9919891357421875,-0.0319976806640625,-0.0274505615234375
1760555376888190000,49.66218994140625,-0.9963531494140625,-0.0291900634765625,-0.027587890625
1760555376898195000,49.67219482421875,-1.0015411376953125,-0.0279083251953125,-0.0254364013671875
1760555376908201000,49.68220092773438,-0.9940948486328125,-0.034942626953125,-0.0239105224609375
1760555376918206000,49.6922060546875,-0.9922027587890625,-0.0315093994140625,-0.0222320556640625
1760555376928212200,49.702212158203125,-0.9936065673828125,-0.0294342041015625,-0.025726318359375
1760555376938217200,49.71221728515625,-0.9974212646484375,-0.0258331298828125,-0.0317840576171875
1760555376948223200,49.72222314453125,-1.00286865234375,-0.0254364013671875,-0.0311126708984375
1760555376958229000,49.73222900390625,-0.997711181640625,-0.0270233154296875,-0.0309600830078125
1760555376968234000,49.74223388671875,-0.9951629638671875,-0.021759033203125,-0.024658203125
1760555376978240000,49.75223999023437,-0.99725341796875,-0.0215301513671875,-0.0236663818359375
1760555376988246000,49.76224609375,-1.0019989013671875,-0.01898193359375,-0.0259246826171875
1760555376998251000,49.7722509765625,-0.9995269775390625,-0.01934814453125,-0.02288818359375
1760555377008257000,49.782257080078125,-0.996368408203125,-0.019927978515625,-0.02203369140625
1760555377018262300,49.79226220703125,-0.9969635009765625,-0.0188751220703125,-0.02447509765625
1760555377028268000,49.80226806640625,-0.998992919921875,-0.0205230712890625,-0.0261383056640625
1760555377038274000,49.81227416992188,-0.999755859375,-0.023895263671875,-0.0254058837890625
1760555377048279000,49.82227905273437,-0.9955902099609375,-0.02044677734375,-0.0263671875
1760555377058285000,49.83228515625,-0.995574951171875,-0.0196380615234375,-0.0217742919921875
1760555377068290000,49.8422900390625,-0.9965972900390625,-0.0167694091796875,-0.024566650390625
1760555377078296000,49.852296142578126,-1.000762939453125,-0.015289306640625,-0.0269927978515625
1760555377088302000,49.862302001953125,-1.0015716552734375,-0.0146942138671875,-0.0281524658203125
1760555377098307000,49.87230712890625,-0.9984893798828125,-0.0183563232421875,-0.0251312255859375
1760555377108313000,49.88231298828125,-0.99542236328125,-0.0174102783203125,-0.0241851806640625
1760555377118318000,49.892318115234374,-0.99853515625,-0.0140228271484375,-0.024566650390625
1760555377128324000,49.902323974609374,-0.9990997314453125,-0.0150604248046875,-0.024993896484375
1760555377138329900,49.91232983398437,-0.9993743896484375,-0.014923095703125,-0.0239410400390625
1760555377148335000,49.92233520507813,-0.9962005615234375,-0.0172119140625,-0.025909423828125
1760555377158341000,49.93234106445313,-0.994842529296875,-0.0250396728515625,-0.0263519287109375
1760555377168346000,49.94234619140625,-0.987152099609375,-0.0249786376953125,-0.0244140625
1760555377178352000,49.95235205078125,-0.985870361328125,-0.026611328125,-0.0132598876953125
1760555377188358100,49.96235815429687,-0.9990081787109375,-0.033782958984375,-0.0013275146484375
1760555377198363100,49.972363037109375,-1.045867919921875,-0.0792083740234375,0.055572509765625
1760555377208369000,49.982368896484374,-0.99346923828125,-0.1433258056640625,0.0653533935546875
1760555377218374000,49.99237377929688,-0.9570465087890625,-0.160980224609375,0.029266357421875
1760555377228380000,50.0023798828125,-1.015106201171875,-0.1861724853515625,-0.0646514892578125
1760555377238386200,50.01238623046875,-0.972442626953125,-0.1996917724609375,-0.338226318359375
1760555377248391200,50.02239111328125,-1.060638427734375,-0.219757080078125,0.0572662353515625
1760555377258397200,50.03239721679687,-1.0256805419921875,-0.1689453125,-0.0326995849609375
1760555377268402200,50.042402099609376,-0.9216156005859375,-0.1370391845703125,-0.090301513671875
1760555377278408000,50.052407958984375,-1.0106201171875,-0.05035400390625,-0.081573486328125
1760555377288414000,50.0624140625,-1.0278472900390625,0.08221435546875,-0.01885986328125
1760555377298419000,50.0724189453125,-0.9544525146484375,0.123992919921875,0.034210205078125
1760555377308425200,50.08242529296875,-0.985260009765625,0.1137847900390625,0.026031494140625
1760555377318430200,50.09243017578125,-1.026397705078125,0.1278076171875,0.0257568359375
1760555377328436500,50.1024365234375,-0.9995269775390625,0.1389923095703125,-0.004150390625
1760555377338442200,50.112442138671874,-0.990570068359375,0.1375274658203125,-0.0381927490234375
1760555377348447200,50.122447265625,-1.0062255859375,0.1125640869140625,0.003875732421875
1760555377358453200,50.13245336914063,-1.0029296875,0.096527099609375,-0.031524658203125
1760555377368458200,50.14245825195312,-0.985198974609375,0.0228118896484375,-0.028228759765625
1760555377378464300,50.15246435546875,-0.989166259765625,-0.042999267578125,-0.026031494140625
1760555377388470300,50.16247021484375,-1.0022430419921875,-0.02099609375,-0.025634765625
1760555377398475300,50.172475341796876,-0.9986572265625,-0.0222320556640625,-0.015533447265625
1760555377408481300,50.182481201171875,-0.9943695068359375,-0.0277862548828125,-0.0206298828125
1760555377418486300,50.192486328125,-1.003692626953125,-0.0235748291015625,-0.020965576171875
1760555377428492300,50.2024921875,-0.9973602294921875,-0.023651123046875,-0.0159912109375
1760555377438498300,50.21249829101563,-0.9921417236328125,-0.0221710205078125,-0.016876220703125
1760555377448503300,50.22250341796875,-1.0037384033203125,-0.01763916015625,-0.0243682861328125
1760555377458509300,50.23250927734375,-1.00341796875,-0.0174713134765625,-0.021453857421875
1760555377468514300,50.24251440429688,-0.992828369140625,-0.0250701904296875,-0.0184326171875
1760555377478520300,50.252520263671876,-1.00048828125,-0.0257110595703125,-0.0245819091796875
1760555377488526300,50.2625263671875,-1.0027618408203125,-0.028717041015625,-0.0244598388671875
1760555377498531300,50.27253125,-0.991455078125,-0.0275726318359375,-0.0158843994140625
1760555377508537300,50.28253735351562,-0.9959869384765625,-0.024261474609375,-0.0190582275390625
1760555377518542300,50.292542236328124,-1.0016326904296875,-0.030181884765625,-0.0233306884765625
1760555377528548400,50.30254833984375,-0.99298095703125,-0.0285491943359375,-0.0193023681640625
1760555377538554000,50.31255419921875,-0.9931793212890625,-0.02545166015625,-0.01910400390625
1760555377548559000,50.32255908203125,-1.0016632080078125,-0.0241851806640625,-0.0244140625
1760555377558565400,50.3325654296875,-0.997589111328125,-0.0279998779296875,-0.0230560302734375
1760555377568570400,50.3425703125,-0.989990234375,-0.0338134765625,-0.0173797607421875
1760555377578576400,50.35257641601562,-0.9953155517578125,-0.0341033935546875,-0.0205078125
1760555377588582400,50.36258251953125,-0.9961395263671875,-0.0296630859375,-0.0217132568359375
1760555377598587400,50.37258740234375,-0.9961700439453125,-0.026092529296875,-0.0184783935546875
1760555377608593200,50.38259326171875,-0.9979248046875,-0.0258331298828125,-0.020294189453125
1760555377618598100,50.39259814453125,-0.9989471435546875,-0.026702880859375,-0.0236053466796875
1760555377628604200,50.40260424804688,-0.9958038330078125,-0.028839111328125,-0.0211944580078125
1760555377638610400,50.4126103515625,-0.9956207275390625,-0.0288543701171875,-0.019866943359375
1760555377648615400,50.422615478515624,-0.999267578125,-0.0296783447265625,-0.023895263671875
1760555377658621200,50.43262109375,-0.9967193603515625,-0.0275115966796875,-0.0213165283203125
1760555377668626400,50.44262646484375,-0.992462158203125,-0.0280609130859375,-0.0175628662109375
1760555377678632200,50.452632080078125,-0.9998626708984375,-0.0265350341796875,-0.0216827392578125
1760555377688638200,50.46263818359375,-1.0012054443359375,-0.0228118896484375,-0.02020263671875
1760555377698643200,50.47264331054687,-0.9965667724609375,-0.0219573974609375,-0.0198974609375
1760555377708649500,50.4826494140625,-0.9984130859375,-0.0229949951171875,-0.0195159912109375
1760555377718654500,50.492654541015625,-0.9981689453125,-0.027099609375,-0.02349853515625
1760555377728660200,50.50266015625,-0.993377685546875,-0.028961181640625,-0.01922607421875
1760555377738666200,50.51266625976562,-0.9954376220703125,-0.026763916015625,-0.0194854736328125
1760555377748671200,50.522671142578126,-0.9997711181640625,-0.0288238525390625,-0.0223541259765625
1760555377758677200,50.53267724609375,-0.9964447021484375,-0.0284881591796875,-0.0202789306640625
1760555377768682200,50.54268212890625,-0.9950103759765625,-0.0299072265625,-0.0180816650390625
1760555377778688300,50.55268823242187,-0.99615478515625,-0.03216552734375,-0.019378662109375
1760555377788694300,50.5626943359375,-0.997833251953125,-0.031280517578125,-0.019805908203125
1760555377798699300,50.57269921875,-0.995941162109375,-0.0289459228515625,-0.0180816650390625
1760555377808705300,50.582705322265625,-0.9971923828125,-0.0297393798828125,-0.0214080810546875
1760555377818710300,50.59271020507813,-0.99871826171875,-0.0317230224609375,-0.021087646484375
1760555377828716300,50.60271630859375,-0.9955291748046875,-0.0327606201171875,-0.0170745849609375
1760555377838722300,50.61272241210938,-0.9942474365234375,-0.031646728515625,-0.0145111083984375
1760555377848727300,50.62272729492187,-0.9984130859375,-0.0288543701171875,-0.017242431640625
1760555377858733000,50.63273315429687,-1.0009613037109375,-0.026458740234375,-0.0159454345703125
1760555377868738000,50.642738037109375,-0.9979095458984375,-0.02587890625,-0.014862060546875
1760555377878744300,50.652744384765626,-0.997802734375,-0.0257110595703125,-0.0184326171875
1760555377888750300,50.662750244140625,-0.999969482421875,-0.02386474609375,-0.021331787109375
1760555377898755300,50.67275537109375,-0.996856689453125,-0.0240936279296875,-0.015869140625
1760555377908761300,50.68276123046875,-0.99835205078125,-0.0271148681640625,-0.0181427001953125
1760555377918766300,50.692766357421874,-0.9998931884765625,-0.0238494873046875,-0.0212860107421875
1760555377928772000,50.70277221679687,-0.9978790283203125,-0.0282745361328125,-0.0195770263671875
1760555377938778400,50.7127783203125,-0.9973907470703125,-0.0242919921875,-0.0184783935546875
1760555377948783400,50.72278344726563,-1.0013427734375,-0.0196380615234375,-0.01959228515625
1760555377958789400,50.732789306640626,-1.00189208984375,-0.0221405029296875,-0.0165252685546875
1760555377968794400,50.74279443359375,-0.9930877685546875,-0.027679443359375,-0.0176849365234375
1760555377978800400,50.75280029296875,-0.9928741455078125,-0.0342254638671875,-0.0218048095703125
1760555377988806100,50.76280615234375,-0.9991302490234375,-0.0298004150390625,-0.018035888671875
1760555377998811100,50.77281103515625,-0.992645263671875,-0.0332183837890625,-0.016265869140625
1760555378008817200,50.782817138671874,-0.995758056640625,-0.0302581787109375,-0.018707275390625
1760555378018822100,50.792822265625,-1.0013580322265625,-0.03143310546875,-0.0208892822265625
1760555378028828400,50.80282836914063,-0.9935302734375,-0.034271240234375,-0.01763916015625
1760555378038834400,50.81283447265625,-0.9935455322265625,-0.034912109375,-0.0171661376953125
1760555378048839400,50.82283935546875,-1.0004119873046875,-0.030364990234375,-0.0201416015625
1760555378058845200,50.83284521484375,-0.9976654052734375,-0.0301666259765625,-0.01910400390625
1760555378068850200,50.84285009765625,-0.99493408203125,-0.0320281982421875,-0.017578125
1760555378078856200,50.852856201171875,-0.99542236328125,-0.0360565185546875,-0.0183258056640625
1760555378088862200,50.8628623046875,-0.992462158203125,-0.040618896484375,-0.018035888671875
1760555378098867200,50.8728671875,-0.9886932373046875,-0.0458831787109375,-0.01641845703125
1760555378108873500,50.88287353515625,-0.99395751953125,-0.040313720703125,-0.0174560546875
1760555378118878500,50.89287841796875,-1.0012969970703125,-0.0269775390625,-0.0167083740234375
1760555378128884200,50.90288427734375,-0.999786376953125,-0.02484130859375,-0.017547607421875
1760555378138890200,50.91289013671875,-0.998992919921875,-0.029083251953125,-0.02142333984375
1760555378148895200,50.922895263671876,-0.998291015625,-0.030426025390625,-0.0219879150390625
1760555378158901200,50.9329013671875,-0.9985809326171875,-0.027679443359375,-0.0212249755859375
1760555378168906200,50.94290625,-0.9997406005859375,-0.027130126953125,-0.02154541015625
1760555378178912500,50.95291259765625,-0.9980621337890625,-0.0311431884765625,-0.0203399658203125
1760555378188918300,50.96291821289063,-0.9936981201171875,-0.03564453125,-0.017974853515625
1760555378198923300,50.97292333984375,-0.9939422607421875,-0.036041259765625,-0.0179901123046875
1760555378208929300,50.98292919921875,-0.997467041015625,-0.0325775146484375,-0.0197906494140625
1760555378218934300,50.99293432617188,-0.997467041015625,-0.0302886962890625,-0.017364501953125
1760555378228940300,51.002940185546876,-0.996185302734375,-0.031402587890625,-0.0179290771484375
1760555378238946300,51.0129462890625,-0.996490478515625,-0.03460693359375,-0.0187225341796875
1760555378248951300,51.02295141601562,-0.9928436279296875,-0.040496826171875,-0.0177764892578125
1760555378258957300,51.03295727539062,-0.9932098388671875,-0.0393218994140625,-0.01727294921875
1760555378268962300,51.04296240234375,-0.9954376220703125,-0.034698486328125,-0.01605224609375
1760555378278968300,51.05296826171875,-0.9959564208984375,-0.0353851318359375,-0.0167388916015625
1760555378288973300,51.06297338867188,-0.9936370849609375,-0.036346435546875,-0.0175323486328125
1760555378298979300,51.07297924804688,-0.9963226318359375,-0.0333404541015625,-0.02069091796875
1760555378308985300,51.0829853515625,-1.0016021728515625,-0.0271759033203125,-0.0229339599609375
1760555378318990300,51.092990234375,-1.0003509521484375,-0.0237579345703125,-0.0204925537109375
1760555378328996900,51.102996826171875,-1.0013885498046875,-0.0238800048828125,-0.0206298828125
1760555378339001900,51.113001953125,-0.99896240234375,-0.0280303955078125,-0.026123046875
1760555378349008000,51.1230078125,-0.9958953857421875,-0.0326995849609375,-0.0299224853515625
1760555378359014000,51.13301391601563,-0.9972686767578125,-0.029266357421875,-0.028717041015625
1760555378369019000,51.14301879882812,-1.000335693359375,-0.0268096923828125,-0.0245361328125
1760555378379024600,51.15302465820312,-0.9991455078125,-0.0264892578125,-0.0222625732421875
1760555378389029600,51.163029541015625,-0.9982757568359375,-0.0264892578125,-0.0213470458984375
1760555378399036000,51.173035888671876,-0.9969482421875,-0.0283050537109375,-0.0203094482421875
1760555378409042000,51.1830419921875,-0.9983673095703125,-0.02874755859375,-0.0222625732421875
1760555378419047000,51.193046875,-0.9962158203125,-0.030670166015625,-0.0244140625
1760555378429053000,51.20305297851562,-0.9975738525390625,-0.033935546875,-0.0260009765625
1760555378439058000,51.213057861328124,-0.996368408203125,-0.0372161865234375,-0.0273590087890625
1760555378449063700,51.223063720703124,-0.99139404296875,-0.0396881103515625,-0.02655029296875
1760555378459069700,51.23306958007812,-0.991607666015625,-0.0386962890625,-0.027008056640625
1760555378469074700,51.24307470703125,-0.9965667724609375,-0.0388031005859375,-0.026092529296875
1760555378479081000,51.2530810546875,-0.9947509765625,-0.03656005859375,-0.0229034423828125
1760555378489086000,51.2630859375,-0.9944305419921875,-0.0351715087890625,-0.02490234375
1760555378499092000,51.27309204101562,-0.9987030029296875,-0.034698486328125,-0.027374267578125
1760555378509097700,51.28309765625,-0.9960174560546875,-0.031463623046875,-0.0259552001953125
1760555378519102700,51.293102783203125,-0.9960784912109375,-0.0296173095703125,-0.02655029296875
1760555378529108700,51.303108642578124,-1.0003204345703125,-0.0290069580078125,-0.02716064453125
1760555378539113700,51.31311376953125,-0.99749755859375,-0.030303955078125,-0.0226593017578125
1760555378549119700,51.32311962890625,-0.9962615966796875,-0.03204345703125,-0.02154541015625
1760555378559126000,51.3331259765625,-0.998443603515625,-0.03082275390625,-0.0225982666015625
1760555378569131000,51.343131103515624,-0.997406005859375,-0.032562255859375,-0.0241546630859375
1760555378579136800,51.35313671875,-0.995941162109375,-0.032562255859375,-0.0235748291015625
1760555378589141800,51.363141845703126,-0.9968414306640625,-0.02899169921875,-0.0246734619140625
1760555378599147800,51.373147705078125,-0.998626708984375,-0.0288543701171875,-0.0248565673828125
1760555378609152800,51.38315283203125,-0.9973297119140625,-0.02783203125,-0.02325439453125
1760555378619158800,51.39315869140625,-0.9958038330078125,-0.031158447265625,-0.0245208740234375
1760555378629165000,51.4031650390625,-0.997833251953125,-0.03179931640625,-0.0247802734375
1760555378639170000,51.413170166015625,-0.9960174560546875,-0.0305023193359375,-0.0215911865234375
1760555378649175800,51.42317578125,-0.9967041015625,-0.03369140625,-0.0261383056640625
1760555378659180800,51.43318090820313,-0.9947052001953125,-0.0348663330078125,-0.0278167724609375
1760555378669186800,51.443186767578126,-0.99169921875,-0.0425567626953125,-0.027313232421875
1760555378679192800,51.45319287109375,-0.99365234375,-0.0389251708984375,-0.02508544921875
1760555378689197800,51.46319775390625,-0.995574951171875,-0.0340728759765625,-0.02667236328125
1760555378699203800,51.47320385742187,-0.9976806640625,-0.02825927734375,-0.02520751953125
1760555378709208800,51.483208740234375,-1.0007781982421875,-0.02362060546875,-0.0221099853515625
1760555378719214800,51.49321484375,-0.9996795654296875,-0.0260467529296875,-0.019683837890625
1760555378729219800,51.5032197265625,-0.9951171875,-0.0306243896484375,-0.01812744140625
1760555378739225900,51.51322583007813,-0.9965667724609375,-0.0308685302734375,-0.019989013671875
1760555378749231900,51.52323193359375,-0.995941162109375,-0.031646728515625,-0.0259246826171875
1760555378759236900,51.53323681640625,-0.9930877685546875,-0.0337371826171875,-0.024871826171875
1760555378769243000,51.54324291992187,-0.9918060302734375,-0.041046142578125,-0.0252227783203125
1760555378779247900,51.553247802734376,-0.9970550537109375,-0.0331573486328125,-0.0231781005859375
1760555378789253600,51.563253662109375,-1.0011138916015625,-0.020751953125,-0.0234222412109375
1760555378799260000,51.573260009765626,-1.002349853515625,-0.01678466796875,-0.0243072509765625
1760555378809265000,51.58326489257813,-1.0008544921875,-0.0196075439453125,-0.0220947265625
1760555378819271000,51.59327099609375,-0.9965667724609375,-0.0271453857421875,-0.026092529296875
1760555378829276000,51.60327587890625,-0.9951171875,-0.031097412109375,-0.02911376953125
1760555378839282000,51.613281982421874,-0.998016357421875,-0.0294342041015625,-0.027191162109375
1760555378849287700,51.62328759765625,-0.9975128173828125,-0.02410888671875,-0.029022216796875
1760555378859292700,51.633292724609376,-1.0001678466796875,-0.021148681640625,-0.0318450927734375
1760555378869299000,51.643298828125,-0.9981842041015625,-0.0250244140625,-0.0304412841796875
1760555378879304000,51.65330395507812,-0.996337890625,-0.0244598388671875,-0.026611328125
1760555378889310000,51.66331005859375,-1.0006103515625,-0.0214691162109375,-0.0291290283203125
1760555378899315700,51.67331567382813,-0.9978179931640625,-0.0236663818359375,-0.0294189453125
1760555378909320700,51.68332080078125,-0.996429443359375,-0.0289459228515625,-0.028472900390625
1760555378919326700,51.69332666015625,-0.9966583251953125,-0.0297088623046875,-0.025787353515625
1760555378929331700,51.70333178710938,-0.994171142578125,-0.0291290283203125,-0.0267333984375
1760555378939337700,51.713337646484376,-0.99774169921875,-0.0269927978515625,-0.0254364013671875
1760555378949342700,51.7233427734375,-0.9990692138671875,-0.0247802734375,-0.0256195068359375
1760555378959349000,51.73334887695312,-0.99786376953125,-0.0247650146484375,-0.022735595703125
1760555378969354800,51.74335473632812,-0.997528076171875,-0.0273895263671875,-0.024322509765625
1760555378979359700,51.75335986328125,-1.0004119873046875,-0.026611328125,-0.027801513671875
1760555378989365800,51.76336572265625,-0.9965362548828125,-0.0271759033203125,-0.0252532958984375
1760555378999370800,51.77337084960938,-0.9949493408203125,-0.0265655517578125,-0.0240631103515625
1760555379009376800,51.78337670898438,-0.9974517822265625,-0.0254669189453125,-0.0242462158203125
1760555379019382800,51.7933828125,-0.99609375,-0.0302581787109375,-0.0260772705078125
1760555379029387800,51.8033876953125,-0.995208740234375,-0.0293121337890625,-0.0274658203125
1760555379039393800,51.81339379882812,-0.99853515625,-0.02642822265625,-0.0319366455078125
1760555379049398800,51.823398681640626,-0.9993438720703125,-0.0224761962890625,-0.033782958984375
1760555379059404800,51.83340478515625,-0.9986114501953125,-0.0208892822265625,-0.0338134765625
1760555379069409800,51.84340991210937,-0.9984893798828125,-0.0240020751953125,-0.02899169921875
1760555379079415800,51.85341577148437,-0.997772216796875,-0.0276031494140625,-0.0229034423828125
1760555379089421800,51.863421875,-0.9961090087890625,-0.0255126953125,-0.020477294921875
1760555379099426800,51.8734267578125,-0.9991455078125,-0.0268402099609375,-0.0212860107421875
1760555379109432800,51.883432861328124,-0.996612548828125,-0.0276336669921875,-0.026824951171875
1760555379119437800,51.89343774414063,-0.9937744140625,-0.031524658203125,-0.031524658203125
1760555379129443800,51.90344384765625,-0.9953460693359375,-0.032196044921875,-0.0358123779296875
1760555379139449900,51.91344995117188,-0.994293212890625,-0.0335540771484375,-0.0329742431640625
1760555379149454800,51.92345483398437,-0.9938812255859375,-0.0341033935546875,-0.035736083984375
1760555379159460900,51.9334609375,-1.0008697509765625,-0.028472900390625,-0.0422821044921875
1760555379169465900,51.9434658203125,-1.0030059814453125,-0.0260162353515625,-0.0423126220703125
1760555379179471600,51.9534716796875,-0.9969635009765625,-0.0253448486328125,-0.0416412353515625
1760555379189476600,51.9634765625,-0.9945831298828125,-0.0352935791015625,-0.0426483154296875
1760555379199483000,51.97348291015625,-0.994873046875,-0.0377960205078125,-0.03826904296875
1760555379209489000,51.98348901367188,-0.992034912109375,-0.0363311767578125,-0.0358734130859375
1760555379219494000,51.993493896484374,-0.9942474365234375,-0.0355224609375,-0.0354156494140625
1760555379229500000,52.0035,-1.0002899169921875,-0.0323944091796875,-0.0385284423828125
1760555379239505000,52.0135048828125,-0.9964447021484375,-0.0297393798828125,-0.036773681640625
1760555379249510700,52.0235107421875,-0.996490478515625,-0.0302734375,-0.037872314453125
1760555379259516700,52.0335166015625,-1.000396728515625,-0.0292816162109375,-0.03955078125
1760555379269521700,52.04352172851563,-0.995635986328125,-0.030059814453125,-0.038970947265625
1760555379279528000,52.05352783203125,-0.9965057373046875,-0.03118896484375,-0.042877197265625
1760555379289533000,52.063532958984375,-1.0013885498046875,-0.029754638671875,-0.048065185546875
1760555379299539000,52.0735390625,-0.9976959228515625,-0.032318115234375,-0.047332763671875
1760555379309544000,52.0835439453125,-0.9932861328125,-0.0360565185546875,-0.045166015625
1760555379319549700,52.0935498046875,-0.9962310791015625,-0.033538818359375,-0.0467681884765625
1760555379329555000,52.10355493164062,-0.9935760498046875,-0.039093017578125,-0.04705810546875
1760555379339560000,52.113559814453126,-0.9949493408203125,-0.0343780517578125,-0.045013427734375
1760555379349566000,52.12356591796875,-0.998931884765625,-0.030487060546875,-0.0477447509765625
1760555379359571000,52.13357104492187,-1.00421142578125,-0.0253448486328125,-0.04656982421875
1760555379369577200,52.1435771484375,-1.0001983642578125,-0.0258331298828125,-0.04290771484375
1760555379379583200,52.15358325195312,-0.9985198974609375,-0.0314788818359375,-0.0408782958984375
1760555379389588200,52.163588134765625,-0.998138427734375,-0.0343475341796875,-0.035675048828125
1760555379399594000,52.173593994140624,-0.9982757568359375,-0.033050537109375,-0.0348358154296875
1760555379409599000,52.18359887695313,-0.9997100830078125,-0.035980224609375,-0.0346221923828125
1760555379419605000,52.19360498046875,-0.994171142578125,-0.0437774658203125,-0.0335540771484375
1760555379429610000,52.20360986328125,-0.9916534423828125,-0.0438690185546875,-0.0254974365234375
1760555379439616000,52.21361596679687,-0.9873199462890625,-0.052764892578125,-0.024505615234375
1760555379449622300,52.223622314453124,-0.991607666015625,-0.0500335693359375,-0.0258636474609375
1760555379459627300,52.233627197265626,-0.9901580810546875,-0.0465087890625,-0.027740478515625
1760555379469633000,52.243633056640626,-0.990447998046875,-0.0446929931640625,-0.0300750732421875
1760555379479638000,52.25363793945313,-0.9949493408203125,-0.0399322509765625,-0.033660888671875
1760555379489644000,52.26364404296875,-0.996368408203125,-0.03961181640625,-0.0366363525390625
1760555379499649000,52.27364892578125,-0.9933013916015625,-0.0401458740234375,-0.03424072265625
1760555379509655000,52.283655029296874,-0.992950439453125,-0.0401153564453125,-0.03314208984375
1760555379519661300,52.293661376953125,-0.995849609375,-0.0393524169921875,-0.0346832275390625
1760555379529666300,52.30366625976563,-0.9947662353515625,-0.039276123046875,-0.034759521484375
1760555379539672000,52.31367211914063,-0.9947967529296875,-0.041961669921875,-0.0349578857421875
1760555379549677000,52.32367700195312,-0.9976959228515625,-0.03997802734375,-0.0328369140625
1760555379559683000,52.33368310546875,-0.9943389892578125,-0.0387725830078125,-0.032073974609375
1760555379569689000,52.34368920898437,-0.996307373046875,-0.0366668701171875,-0.0285491943359375
1760555379579694000,52.353694091796875,-0.998870849609375,-0.0316314697265625,-0.025634765625
1760555379589700000,52.3637001953125,-0.9999237060546875,-0.0296478271484375,-0.0225677490234375
1760555379599705000,52.373705078125,-0.999176025390625,-0.0274505615234375,-0.02386474609375
1760555379609711000,52.38371118164063,-0.9980621337890625,-0.033233642578125,-0.0271453857421875
1760555379619716000,52.39371606445312,-0.992950439453125,-0.038818359375,-0.031097412109375
1760555379629722000,52.40372216796875,-0.9924163818359375,-0.041259765625,-0.0329437255859375
1760555379639728000,52.41372802734375,-0.9977569580078125,-0.037200927734375,-0.0348968505859375
1760555379649733000,52.423733154296876,-0.997161865234375,-0.031768798828125,-0.0323486328125
1760555379659739100,52.4337392578125,-0.996185302734375,-0.0319061279296875,-0.033203125
1760555379669744000,52.443744140625,-0.997528076171875,-0.0337371826171875,-0.0363922119140625
1760555379679750000,52.45375,-0.996307373046875,-0.0340728759765625,-0.036163330078125
1760555379689756200,52.46375610351563,-0.9959564208984375,-0.0328826904296875,-0.03375244140625
1760555379699761200,52.47376123046875,-0.998504638671875,-0.0291748046875,-0.0332794189453125
1760555379709767200,52.48376708984375,-1.0006103515625,-0.0268707275390625,-0.0310821533203125
1760555379719772200,52.49377221679688,-0.997955322265625,-0.0269622802734375,-0.0293731689453125
1760555379729778200,52.503778076171876,-0.9980316162109375,-0.0282440185546875,-0.0321044921875
1760555379739783200,52.513783203125,-1.000946044921875,-0.0237274169921875,-0.033538818359375
1760555379749789000,52.52378881835938,-1.001617431640625,-0.0210723876953125,-0.0313568115234375
1760555379759795200,52.53379516601562,-0.9997406005859375,-0.023529052734375,-0.0300445556640625
1760555379769800200,52.54380029296875,-0.99884033203125,-0.0299072265625,-0.027374267578125
1760555379779806200,52.55380615234375,-0.994415283203125,-0.031036376953125,-0.0277862548828125
1760555379789811200,52.56381127929688,-0.994659423828125,-0.032135009765625,-0.0291900634765625
1760555379799817000,52.57381689453125,-0.99847412109375,-0.0279693603515625,-0.030792236328125
1760555379809823000,52.58382299804688,-0.998260498046875,-0.02593994140625,-0.03076171875
1760555379819828000,52.59382788085937,-0.9965972900390625,-0.02581787109375,-0.0296173095703125
1760555379829834000,52.603833984375,-1.0012969970703125,-0.02508544921875,-0.0354461669921875
1760555379839839000,52.6138388671875,-0.997772216796875,-0.02850341796875,-0.0335540771484375
1760555379849845200,52.62384521484375,-0.994293212890625,-0.033905029296875,-0.0322418212890625
1760555379859850200,52.63385034179687,-0.99237060546875,-0.038818359375,-0.0341949462890625
1760555379869856000,52.64385595703125,-0.9937744140625,-0.0371856689453125,-0.0337677001953125
1760555379879862000,52.65386206054688,-0.9963836669921875,-0.0300445556640625,-0.0295867919921875
1760555379889867000,52.66386694335937,-0.9987640380859375,-0.02996826171875,-0.031005859375
1760555379899873000,52.673873046875,-0.996856689453125,-0.0341033935546875,-0.03173828125
1760555379909878000,52.6838779296875,-0.9953460693359375,-0.0324554443359375,-0.031280517578125
1760555379919884000,52.693884033203126,-0.99725341796875,-0.0309906005859375,-0.03076171875
1760555379929889000,52.70388891601562,-0.99786376953125,-0.03192138671875,-0.0298919677734375
1760555379939895000,52.71389501953125,-0.99273681640625,-0.03680419921875,-0.029144287109375
1760555379949901000,52.72390112304687,-0.9934234619140625,-0.03741455078125,-0.0328369140625
1760555379959906000,52.733906005859374,-0.994598388671875,-0.0357818603515625,-0.0353240966796875
1760555379969912000,52.743912109375,-0.9943695068359375,-0.034027099609375,-0.0338287353515625
1760555379979917000,52.7539169921875,-0.99774169921875,-0.0287933349609375,-0.0323638916015625
1760555379989923000,52.76392309570313,-0.999481201171875,-0.0261383056640625,-0.0320892333984375
1760555379999928000,52.77392797851562,-0.998382568359375,-0.0283660888671875,-0.0311126708984375
1760555380009934000,52.78393408203125,-0.998199462890625,-0.02630615234375,-0.0302886962890625
1760555380019940000,52.79394018554687,-0.9988861083984375,-0.026336669921875,-0.0333251953125
1760555380029945000,52.803945068359376,-0.998046875,-0.0285186767578125,-0.0312652587890625
1760555380039951000,52.813951171875,-0.99615478515625,-0.0309600830078125,-0.0322113037109375
1760555380049956000,52.8239560546875,-0.996734619140625,-0.0325469970703125,-0.03289794921875
1760555380059962000,52.83396215820313,-0.99652099609375,-0.0322418212890625,-0.031494140625
1760555380069968000,52.8439677734375,-0.9955596923828125,-0.0309906005859375,-0.031097412109375
1760555380079972900,52.85397290039062,-0.996917724609375,-0.0298614501953125,-0.0288543701171875
1760555380089979100,52.863979248046874,-0.99945068359375,-0.0314178466796875,-0.0287322998046875
1760555380099984100,52.87398413085938,-0.9958648681640625,-0.0340118408203125,-0.027130126953125
1760555380109990100,52.883990234375,-0.996917724609375,-0.0322418212890625,-0.0262908935546875
1760555380119995100,52.8939951171875,-1.0003509521484375,-0.0299835205078125,-0.0263519287109375
1760555380130001200,52.90400122070312,-0.995086669921875,-0.0320587158203125,-0.025543212890625
1760555380140007000,52.9140068359375,-0.994354248046875,-0.037200927734375,-0.0267791748046875
1760555380150012000,52.924011962890624,-0.99481201171875,-0.039703369140625,-0.0304107666015625
1760555380160018000,52.93401782226562,-0.995941162109375,-0.036041259765625,-0.0289459228515625
1760555380170023000,52.94402294921875,-0.994384765625,-0.0345306396484375,-0.0250244140625
1760555380180029200,52.954029296875,-0.9981536865234375,-0.034820556640625,-0.0295867919921875
1760555380190034200,52.9640341796875,-0.9976959228515625,-0.03533935546875,-0.0294952392578125
1760555380200040200,52.974040283203124,-0.99517822265625,-0.033966064453125,-0.02685546875
1760555380210046000,52.9840458984375,-0.9972381591796875,-0.032501220703125,-0.0294647216796875
1760555380220051000,52.994051025390625,-0.999114990234375,-0.0323333740234375,-0.02984619140625
1760555380230057000,53.004056884765625,-0.996551513671875,-0.03302001953125,-0.027587890625
1760555380240062000,53.01406201171875,-0.9979400634765625,-0.030029296875,-0.027069091796875
1760555380250068200,53.02406811523438,-0.9998321533203125,-0.0302886962890625,-0.0301055908203125
1760555380260073200,53.0340732421875,-0.9972991943359375,-0.0294647216796875,-0.029541015625
1760555380270079200,53.044079345703125,-0.9984893798828125,-0.031829833984375,-0.0301971435546875
1760555380280085000,53.0540849609375,-0.9984283447265625,-0.03411865234375,-0.0294342041015625
1760555380290090000,53.06409008789063,-0.9945526123046875,-0.0391387939453125,-0.028350830078125
1760555380300096000,53.074095947265626,-0.9951171875,-0.0353851318359375,-0.0291748046875
1760555380310101000,53.08410107421875,-0.99835205078125,-0.0333404541015625,-0.0290069580078125
1760555380320107000,53.09410693359375,-0.9956207275390625,-0.03973388671875,-0.0288238525390625
1760555380330112800,53.10411279296875,-0.99267578125,-0.041839599609375,-0.027435302734375
1760555380340118500,53.114118408203126,-0.9969482421875,-0.0383453369140625,-0.027923583984375
1760555380350124500,53.12412451171875,-0.998443603515625,-0.033660888671875,-0.028350830078125
1760555380360129500,53.13412963867187,-0.9967498779296875,-0.0341644287109375,-0.030487060546875
1760555380370135800,53.1441357421875,-0.998565673828125,-0.0384674072265625,-0.0327606201171875
1760555380380140800,53.154140869140626,-0.9952239990234375,-0.041229248046875,-0.0294952392578125
1760555380390146800,53.164146728515625,-0.990447998046875,-0.0484771728515625,-0.0268707275390625
1760555380400152600,53.174152587890624,-0.9889984130859375,-0.0544586181640625,-0.0284423828125
1760555380410157600,53.18415747070313,-0.987030029296875,-0.05963134765625,-0.0269927978515625
1760555380420163600,53.19416357421875,-0.990966796875,-0.0487823486328125,-0.0281829833984375
1760555380430168600,53.20416845703125,-0.999420166015625,-0.0370941162109375,-0.029693603515625
1760555380440174800,53.2141748046875,-0.999908447265625,-0.035430908203125,-0.0278778076171875
1760555380450179800,53.22417993164063,-0.9966583251953125,-0.0371551513671875,-0.027191162109375
1760555380460185900,53.234185791015626,-0.9976654052734375,-0.0362091064453125,-0.02960205078125
1760555380470191600,53.244191650390626,-0.997528076171875,-0.036163330078125,-0.033538818359375
1760555380480196600,53.25419653320313,-0.9960174560546875,-0.0361175537109375,-0.0291290283203125
1760555380490202600,53.26420263671875,-0.996307373046875,-0.03497314453125,-0.031585693359375
1760555380500207600,53.27420751953125,-0.998748779296875,-0.0345458984375,-0.03387451171875
1760555380510213600,53.284213623046874,-0.9959564208984375,-0.0389404296875,-0.0267333984375
1760555380520218600,53.29421850585938,-0.986846923828125,-0.050506591796875,-0.0227203369140625
1760555380530225000,53.30422485351563,-0.9916229248046875,-0.049652099609375,-0.0281982421875
1760555380540230700,53.31423071289063,-0.9959564208984375,-0.0393524169921875,-0.03302001953125
1760555380550235600,53.32423559570312,-0.9931488037109375,-0.036956787109375,-0.030487060546875
1760555380560241700,53.33424169921875,-0.9950714111328125,-0.0391845703125,-0.0291900634765625
1760555380570246700,53.34424658203125,-0.996551513671875,-0.040435791015625,-0.0273590087890625
1760555380580252700,53.354252685546875,-0.9929656982421875,-0.0433502197265625,-0.0223846435546875
1760555380590257700,53.36425756835938,-0.9945831298828125,-0.042083740234375,-0.0243988037109375
1760555380600263700,53.374263671875,-0.9969024658203125,-0.03790283203125,-0.0262298583984375
1760555380610269700,53.38426977539063,-0.993865966796875,-0.037994384765625,-0.0239410400390625
1760555380620274700,53.39427465820312,-0.998077392578125,-0.035369873046875,-0.0262908935546875
1760555380630280700,53.40428076171875,-1.0000762939453125,-0.0325469970703125,-0.0325469970703125
1760555380640285700,53.41428564453125,-0.99591064453125,-0.034698486328125,-0.0306549072265625
1760555380650291700,53.424291748046876,-0.994415283203125,-0.0347900390625,-0.0283203125
1760555380660296700,53.43429663085937,-0.99517822265625,-0.03656005859375,-0.02911376953125
1760555380670302700,53.444302734375,-0.9951629638671875,-0.037109375,-0.026641845703125
1760555380680308700,53.45430883789062,-0.9978485107421875,-0.0267486572265625,-0.0234832763671875
1760555380690313700,53.464313720703124,-1.0037384033203125,-0.0185699462890625,-0.0258636474609375
1760555380700319700,53.47431982421875,-1.0026702880859375,-0.019073486328125,-0.028350830078125
1760555380710324700,53.48432470703125,-0.9976043701171875,-0.0253753662109375,-0.0285491943359375
1760555380720330800,53.49433081054688,-0.99945068359375,-0.0238037109375,-0.0255889892578125
1760555380730335700,53.50433569335937,-0.998382568359375,-0.0247802734375,-0.0235443115234375
1760555380740341800,53.514341796875,-0.9985504150390625,-0.0188140869140625,-0.025146484375
1760555380750347500,53.52434741210938,-1.0020751953125,-0.018280029296875,-0.02545166015625
1760555380760352500,53.5343525390625,-1.000152587890625,-0.021148681640625,-0.0271453857421875
1760555380770358800,53.54435888671875,-0.997589111328125,-0.0225982666015625,-0.02752685546875
1760555380780363800,53.55436376953125,-0.997344970703125,-0.024322509765625,-0.03094482421875
1760555380790369800,53.56436987304688,-1.000732421875,-0.0223236083984375,-0.0314788818359375
1760555380800374800,53.574374755859374,-1.0007781982421875,-0.021697998046875,-0.0304107666015625
1760555380810380800,53.584380859375,-0.9962005615234375,-0.029510498046875,-0.0275421142578125
1760555380820386600,53.59438647460937,-0.9965972900390625,-0.0306549072265625,-0.026153564453125
1760555380830391600,53.6043916015625,-0.99578857421875,-0.0315093994140625,-0.024200439453125
1760555380840397600,53.6143974609375,-0.9920196533203125,-0.03619384765625,-0.026031494140625
1760555380850402600,53.62440258789063,-0.99676513671875,-0.0324554443359375,-0.028717041015625
1760555380860408800,53.63440893554687,-0.998504638671875,-0.0272674560546875,-0.0277252197265625
1760555380870413800,53.644413818359375,-0.9968109130859375,-0.0253448486328125,-0.0241546630859375
1760555380880419800,53.654419921875,-0.9977264404296875,-0.0269317626953125,-0.0272064208984375
1760555380890425600,53.66442553710937,-0.9965667724609375,-0.0317535400390625,-0.02801513671875
1760555380900430600,53.6744306640625,-0.99517822265625,-0.0342864990234375,-0.029510498046875
1760555380910436600,53.6844365234375,-0.9940185546875,-0.0345458984375,-0.0296630859375
1760555380920441600,53.69444165039062,-0.9958343505859375,-0.0348358154296875,-0.0296478271484375
1760555380930448000,53.70444775390625,-0.997650146484375,-0.0277862548828125,-0.025787353515625
1760555380940452900,53.714452880859376,-0.995086669921875,-0.0280914306640625,-0.0242767333984375
1760555380950459000,53.724458984375,-0.99676513671875,-0.0290374755859375,-0.0254974365234375
1760555380960464600,53.734464599609375,-0.998382568359375,-0.0271759033203125,-0.0262298583984375
1760555380970469600,53.7444697265625,-0.9983673095703125,-0.0231781005859375,-0.0227508544921875
1760555380980475600,53.7544755859375,-1.00042724609375,-0.022064208984375,-0.028076171875
1760555380990480600,53.764480712890624,-1.0014190673828125,-0.022918701171875,-0.0352325439453125
1760555381000486700,53.77448657226562,-0.9971923828125,-0.0298614501953125,-0.038360595703125
1760555381010491600,53.78449169921875,-0.9940185546875,-0.033843994140625,-0.0358734130859375
1760555381020498000,53.79449780273438,-0.9926300048828125,-0.0392913818359375,-0.0338134765625
1760555381030503700,53.804503662109376,-0.9953155517578125,-0.0327911376953125,-0.0342559814453125
1760555381040508700,53.8145087890625,-0.9996337890625,-0.02484130859375,-0.0335540771484375
1760555381050514700,53.8245146484375,-0.998809814453125,-0.028045654296875,-0.0331268310546875
1760555381060519700,53.834519775390625,-0.9960174560546875,-0.0288848876953125,-0.033416748046875
1760555381070525700,53.844525634765624,-0.9960784912109375,-0.03106689453125,-0.036651611328125
1760555381080530700,53.85453076171875,-0.997222900390625,-0.0330963134765625,-0.03533935546875
1760555381090536700,53.86453662109375,-0.9918212890625,-0.035369873046875,-0.0390472412109375
1760555381100542700,53.87454272460938,-0.9956817626953125,-0.03668212890625,-0.041595458984375
1760555381110547700,53.88454760742187,-0.9938201904296875,-0.0399627685546875,-0.0438385009765625
1760555381120553700,53.8945537109375,-0.994110107421875,-0.040802001953125,-0.042388916015625
1760555381130558700,53.904558837890626,-0.99395751953125,-0.0379791259765625,-0.040130615234375
1760555381140564700,53.914564697265625,-0.9945831298828125,-0.0365753173828125,-0.0365142822265625
1760555381150569700,53.92456982421875,-0.9933319091796875,-0.0346832275390625,-0.0348663330078125
1760555381160575700,53.93457568359375,-0.9955902099609375,-0.036529541015625,-0.0345306396484375
1760555381170581800,53.94458178710938,-0.993896484375,-0.0376739501953125,-0.037994384765625
1760555381180586800,53.95458666992187,-0.9952392578125,-0.034881591796875,-0.0377960205078125
1760555381190592800,53.9645927734375,-0.9986572265625,-0.032257080078125,-0.0378265380859375
1760555381200597800,53.97459765625,-0.998199462890625,-0.02972412109375,-0.0349578857421875
1760555381210603800,53.984603759765626,-0.9960479736328125,-0.03082275390625,-0.03436279296875
1760555381220608800,53.99460888671875,-0.9970245361328125,-0.0290679931640625,-0.035308837890625
1760555381230614800,54.00461474609375,-0.9958648681640625,-0.032196044921875,-0.040008544921875
1760555381240620500,54.01462060546875,-0.9943084716796875,-0.0308685302734375,-0.033447265625
1760555381250625500,54.02462548828125,-0.996673583984375,-0.0299224853515625,-0.0321502685546875
1760555381260631800,54.0346318359375,-0.9971160888671875,-0.0296173095703125,-0.0397796630859375
1760555381270636800,54.04463671875,-0.9990386962890625,-0.029205322265625,-0.03997802734375
1760555381280642800,54.05464282226563,-0.9985198974609375,-0.0245361328125,-0.03350830078125
1760555381290647800,54.06464770507812,-0.9993896484375,-0.0220489501953125,-0.0346527099609375
1760555381300653800,54.07465380859375,-1.0010833740234375,-0.02044677734375,-0.03436279296875
1760555381310659600,54.08465966796875,-0.9979095458984375,-0.0208282470703125,-0.031280517578125
1760555381320664600,54.09466455078125,-0.996307373046875,-0.025115966796875,-0.0337371826171875
1760555381330670000,54.10467016601562,-0.9937286376953125,-0.0372314453125,-0.037139892578125
1760555381340675000,54.114675048828126,-0.9932708740234375,-0.0372467041015625,-0.036651611328125
1760555381350681300,54.12468139648438,-0.9911651611328125,-0.0341339111328125,-0.031829833984375
1760555381360686300,54.13468627929687,-0.997406005859375,-0.022125244140625,-0.03424072265625
1760555381370692400,54.1446923828125,-0.999603271484375,-0.021759033203125,-0.0390472412109375
1760555381380698000,54.15469799804688,-0.9987945556640625,-0.0225830078125,-0.0350799560546875
1760555381390703000,54.164703125,-0.999420166015625,-0.01837158203125,-0.0316162109375
1760555381400709000,54.174709228515624,-0.999237060546875,-0.0211944580078125,-0.03497314453125
1760555381410714000,54.18471411132813,-0.996612548828125,-0.0254364013671875,-0.0359039306640625
1760555381420720000,54.19472021484375,-0.997406005859375,-0.0239105224609375,-0.0328521728515625
1760555381430725000,54.20472509765625,-0.9982147216796875,-0.0212860107421875,-0.0275726318359375
1760555381440731400,54.2147314453125,-0.9993896484375,-0.0198822021484375,-0.028778076171875
1760555381450737200,54.22473706054687,-0.9975433349609375,-0.020843505859375,-0.0255584716796875
1760555381460742100,54.2347421875,-0.9942169189453125,-0.0269012451171875,-0.0269012451171875
1760555381470748200,54.244748046875,-0.9930877685546875,-0.029449462890625,-0.0299835205078125
1760555381480753200,54.25475317382813,-0.997344970703125,-0.0240325927734375,-0.031768798828125
1760555381490759200,54.26475927734375,-0.9966278076171875,-0.02252197265625,-0.0348968505859375
1760555381500764200,54.27476416015625,-0.9977874755859375,-0.022186279296875,-0.03558349609375
1760555381510770400,54.2847705078125,-0.9997100830078125,-0.020111083984375,-0.0358734130859375
1760555381520776200,54.29477612304687,-0.999603271484375,-0.0204010009765625,-0.0348968505859375
1760555381530781200,54.30478125,-0.99755859375,-0.0205535888671875,-0.0346832275390625
1760555381540787200,54.314787109375,-0.9949798583984375,-0.0244598388671875,-0.0357666015625
1760555381550792200,54.32479223632812,-0.996307373046875,-0.0266571044921875,-0.0364532470703125
1760555381560798200,54.33479809570313,-0.9971160888671875,-0.021209716796875,-0.035552978515625
1760555381570803200,54.34480322265625,-0.99993896484375,-0.0193939208984375,-0.034881591796875
1760555381580809200,54.354809326171875,-0.9984130859375,-0.017974853515625,-0.0340118408203125
1760555381590815200,54.364815185546874,-0.995330810546875,-0.020843505859375,-0.0339202880859375
1760555381600820200,54.3748203125,-0.9941253662109375,-0.026092529296875,-0.0335235595703125
1760555381610826200,54.384826171875,-0.994110107421875,-0.028350830078125,-0.033966064453125
1760555381620831200,54.39483129882812,-0.9973907470703125,-0.0202789306640625,-0.0319366455078125
1760555381630837200,54.40483715820312,-0.9976959228515625,-0.0153045654296875,-0.0333251953125
1760555381640842200,54.41484228515625,-1.001800537109375,-0.0143890380859375,-0.034942626953125
1760555381650848300,54.42484814453125,-0.9991912841796875,-0.0176849365234375,-0.0355682373046875
1760555381660853200,54.43485327148438,-0.99713134765625,-0.02032470703125,-0.035064697265625
1760555381670859000,54.44485888671875,-0.99737548828125,-0.0228424072265625,-0.0363922119140625
1760555381680865300,54.454865234375,-0.998260498046875,-0.022552490234375,-0.0378570556640625
1760555381690870300,54.464870361328124,-0.9941253662109375,-0.0242919921875,-0.04241943359375
1760555381700876300,54.47487622070312,-0.9945526123046875,-0.0266876220703125,-0.040985107421875
1760555381710881300,54.48488134765625,-0.9972381591796875,-0.0255126953125,-0.0383758544921875
1760555381720887300,54.49488720703125,-0.9969329833984375,-0.0224456787109375,-0.0386199951171875
1760555381730892300,54.50489233398437,-0.9990386962890625,-0.0224761962890625,-0.039276123046875
1760555381740898000,54.51489794921875,-0.9973602294921875,-0.0213623046875,-0.035888671875
1760555381750904000,54.52490405273438,-0.996063232421875,-0.024383544921875,-0.0354156494140625
1760555381760909300,54.534909423828125,-0.9972991943359375,-0.0250091552734375,-0.0385894775390625
1760555381770915300,54.544915283203125,-0.995635986328125,-0.0264739990234375,-0.037445068359375
1760555381780920300,54.55492041015625,-0.994720458984375,-0.02655029296875,-0.0358428955078125
1760555381790926300,54.56492626953125,-0.995635986328125,-0.02490234375,-0.0342864990234375
1760555381800931300,54.574931396484374,-0.9991302490234375,-0.02099609375,-0.0341644287109375
1760555381810937000,54.58493701171875,-0.9983367919921875,-0.017425537109375,-0.0344085693359375
1760555381820943000,54.59494311523437,-0.9982452392578125,-0.0180206298828125,-0.0366363525390625
1760555381830948000,54.604947998046875,-0.998992919921875,-0.0183868408203125,-0.038543701171875
1760555381840954400,54.614954345703126,-0.996002197265625,-0.02056884765625,-0.036346435546875
1760555381850959400,54.62495947265625,-0.9962615966796875,-0.01971435546875,-0.03485107421875
1760555381860965400,54.63496533203125,-0.9986419677734375,-0.0207977294921875,-0.0364837646484375
1760555381870970400,54.644970458984375,-0.99688720703125,-0.021331787109375,-0.03472900390625
1760555381880976100,54.65497607421875,-0.99566650390625,-0.0226593017578125,-0.0368804931640625
1760555381890981000,54.66498120117188,-0.99896240234375,-0.0221405029296875,-0.037139892578125
1760555381900987100,54.674987060546876,-0.9956817626953125,-0.0264892578125,-0.03509521484375
1760555381910993200,54.6849931640625,-0.9924468994140625,-0.0287017822265625,-0.03466796875
1760555381920998100,54.694998046875,-0.9975738525390625,-0.0253448486328125,-0.03594970703125
1760555381931004200,54.70500415039062,-0.996002197265625,-0.0265045166015625,-0.03826904296875
1760555381941009400,54.715009521484376,-0.9942474365234375,-0.026336669921875,-0.033843994140625
1760555381951015200,54.72501513671875,-0.9963836669921875,-0.025970458984375,-0.0347747802734375
1760555381961020200,54.73502026367188,-0.9974212646484375,-0.02239990234375,-0.0340576171875
1760555381971026200,54.74502612304688,-0.99517822265625,-0.024078369140625,-0.0327911376953125
1760555381981032200,54.7550322265625,-0.9941864013671875,-0.025909423828125,-0.0342254638671875
1760555381991037200,54.765037109375,-0.996612548828125,-0.0251617431640625,-0.03778076171875
1760555382001043200,54.77504321289062,-0.995880126953125,-0.02288818359375,-0.0400390625
1760555382011048200,54.785048095703125,-0.996612548828125,-0.02294921875,-0.0351104736328125
1760555382021054200,54.79505419921875,-0.9976043701171875,-0.0224761962890625,-0.03460693359375
1760555382031059200,54.80505908203125,-0.9977569580078125,-0.0212860107421875,-0.0351104736328125
1760555382041065200,54.81506518554688,-0.996429443359375,-0.0203857421875,-0.035186767578125
1760555382051071200,54.8250712890625,-1.0000152587890625,-0.0172271728515625,-0.0358123779296875
1760555382061076200,54.835076171875,-0.999267578125,-0.01678466796875,-0.0349578857421875
1760555382071082200,54.845082275390624,-0.9983978271484375,-0.0196990966796875,-0.0345458984375
1760555382081087200,54.855087158203126,-0.9969329833984375,-0.019195556640625,-0.0359344482421875
1760555382091093200,54.86509326171875,-0.99639892578125,-0.0243682861328125,-0.0358123779296875
1760555382101098200,54.87509814453125,-0.9974822998046875,-0.0233917236328125,-0.0336151123046875
1760555382111104300,54.88510424804687,-0.9948883056640625,-0.0238189697265625,-0.035736083984375
1760555382121110300,54.8951103515625,-0.9998931884765625,-0.01495361328125,-0.0347747802734375
1760555382131115300,54.905115234375,-0.9986419677734375,-0.016845703125,-0.0342254638671875
1760555382141121000,54.91512109375,-0.9986419677734375,-0.016632080078125,-0.0330963134765625
1760555382151126300,54.92512622070313,-0.997528076171875,-0.0191650390625,-0.032257080078125
1760555382161132000,54.93513208007813,-0.9960479736328125,-0.020111083984375,-0.0350189208984375
1760555382171137000,54.94513696289062,-0.9986724853515625,-0.0204010009765625,-0.0330352783203125
1760555382181143300,54.95514331054687,-0.99658203125,-0.01763916015625,-0.0321197509765625
1760555382191148300,54.965148193359376,-0.99884033203125,-0.018707275390625,-0.036468505859375
1760555382201154300,54.975154296875,-0.9972991943359375,-0.02044677734375,-0.0389556884765625
1760555382211160000,54.98516015625,-0.994415283203125,-0.0229644775390625,-0.0352020263671875
1760555382221165000,54.9951650390625,-0.9950714111328125,-0.0217742919921875,-0.0330810546875
1760555382231171000,55.00517114257813,-0.998565673828125,-0.0193634033203125,-0.0341339111328125
1760555382241176000,55.01517602539062,-0.99871826171875,-0.017364501953125,-0.031219482421875
1760555382251182300,55.025182373046874,-0.9986114501953125,-0.015869140625,-0.03179931640625
1760555382261187300,55.03518725585938,-0.9985198974609375,-0.0193023681640625,-0.0363922119140625
1760555382271193300,55.045193359375,-0.9972076416015625,-0.0244293212890625,-0.034637451171875
1760555382281199000,55.05519921875,-0.9959716796875,-0.0216522216796875,-0.0336456298828125
1760555382291204000,55.0652041015625,-0.99920654296875,-0.020538330078125,-0.0366668701171875
1760555382301210000,55.07521020507812,-0.9989166259765625,-0.021392822265625,-0.0376434326171875
1760555382311215000,55.085215087890624,-0.99322509765625,-0.02471923828125,-0.032989501953125
1760555382321221000,55.09522119140625,-0.99591064453125,-0.026275634765625,-0.032073974609375
1760555382331226000,55.10522607421875,-0.9960174560546875,-0.028076171875,-0.0312042236328125
1760555382341232000,55.11523217773438,-0.9931488037109375,-0.0284576416015625,-0.0331268310546875
1760555382351237000,55.12523706054687,-0.9928436279296875,-0.0276336669921875,-0.0352630615234375
1760555382361243100,55.1352431640625,-0.996978759765625,-0.0248260498046875,-0.0368804931640625
1760555382371249200,55.14524926757812,-0.9964599609375,-0.0234375,-0.0370941162109375
1760555382381254100,55.155254150390626,-0.9956817626953125,-0.0281829833984375,-0.03668212890625
1760555382391260200,55.16526025390625,-0.9953765869140625,-0.0274810791015625,-0.0373382568359375
1760555382401265200,55.17526513671875,-0.9947967529296875,-0.025482177734375,-0.0373077392578125
1760555382411271200,55.18527124023438,-0.9965057373046875,-0.024749755859375,-0.0377197265625
1760555382421276200,55.195276123046874,-0.997161865234375,-0.02239990234375,-0.0385284423828125
1760555382431282000,55.20528198242187,-0.9948883056640625,-0.0258636474609375,-0.0358428955078125
1760555382441288200,55.2152880859375,-0.99627685546875,-0.026092529296875,-0.037567138671875
1760555382451293200,55.22529321289063,-0.99713134765625,-0.022979736328125,-0.0361328125
1760555382461299200,55.23529931640625,-0.9983367919921875,-0.01776123046875,-0.037078857421875
1760555382471304200,55.24530419921875,-0.999755859375,-0.0182342529296875,-0.0402374267578125
1760555382481310200,55.25531030273437,-1.0001373291015625,-0.019805908203125,-0.041229248046875
1760555382491315200,55.265315185546875,-0.996978759765625,-0.0219573974609375,-0.042633056640625
1760555382501321000,55.275321044921874,-0.995147705078125,-0.026336669921875,-0.039398193359375
1760555382511326000,55.28532592773438,-0.99383544921875,-0.0258331298828125,-0.03851318359375
1760555382521332200,55.29533227539063,-0.995574951171875,-0.0250244140625,-0.0366058349609375
1760555382531338200,55.30533813476563,-0.995941162109375,-0.021942138671875,-0.035552978515625
1760555382541343200,55.31534326171875,-0.99652099609375,-0.022552490234375,-0.034027099609375
1760555382551349200,55.32534936523437,-0.99713134765625,-0.0240631103515625,-0.0372161865234375
1760555382561354200,55.335354248046876,-0.997314453125,-0.0219879150390625,-0.03729248046875
1760555382571360000,55.345360107421875,-0.99566650390625,-0.020751953125,-0.036865234375
1760555382581365000,55.35536499023438,-0.99664306640625,-0.019378662109375,-0.0417938232421875
1760555382591371000,55.36537109375,-1.0001068115234375,-0.0205841064453125,-0.043365478515625
1760555382601377300,55.37537719726563,-0.99566650390625,-0.0255584716796875,-0.0412750244140625
1760555382611382300,55.38538232421875,-0.99493408203125,-0.022796630859375,-0.0374298095703125
1760555382621388300,55.39538818359375,-0.9983978271484375,-0.017242431640625,-0.04034423828125
1760555382631393300,55.40539331054688,-1.0008697509765625,-0.0164031982421875,-0.037109375
1760555382641399000,55.41539892578125,-0.995758056640625,-0.0197296142578125,-0.034820556640625
1760555382651404000,55.42540405273437,-0.9969024658203125,-0.02142333984375,-0.0363922119140625
1760555382661410000,55.43541015625,-0.996795654296875,-0.0212860107421875,-0.0371551513671875
1760555382671415000,55.4454150390625,-0.994476318359375,-0.024505615234375,-0.0345916748046875
1760555382681421000,55.455421142578125,-0.9938812255859375,-0.027069091796875,-0.0395355224609375
1760555382691427300,55.46542724609375,-0.9969482421875,-0.0273284912109375,-0.04052734375
1760555382701432300,55.47543237304688,-0.9925689697265625,-0.0274658203125,-0.0352020263671875
1760555382711438000,55.48543798828125,-0.9969482421875,-0.0224456787109375,-0.035186767578125
1760555382721443000,55.49544311523437,-0.9998016357421875,-0.019805908203125,-0.038543701171875
1760555382731449000,55.50544897460937,-0.99713134765625,-0.023101806640625,-0.036651611328125
1760555382741454000,55.5154541015625,-0.99761962890625,-0.0238800048828125,-0.0384979248046875
1760555382751460000,55.525460205078126,-0.999267578125,-0.020599365234375,-0.0397491455078125
1760555382761466400,55.53546630859375,-0.99609375,-0.024932861328125,-0.0407562255859375
1760555382771471400,55.54547143554687,-0.995880126953125,-0.026214599609375,-0.0398406982421875
1760555382781477000,55.55547705078125,-0.996856689453125,-0.023712158203125,-0.0376129150390625
1760555382791482000,55.565482177734374,-0.99444580078125,-0.0252685546875,-0.0362701416015625
1760555382801488100,55.57548803710937,-0.9947357177734375,-0.026092529296875,-0.0338134765625
1760555382811493000,55.5854931640625,-0.9971771240234375,-0.0233306884765625,-0.037933349609375
1760555382821499100,55.5954990234375,-1.000274658203125,-0.0186004638671875,-0.040283203125
1760555382831504100,55.60550415039062,-0.9967803955078125,-0.01995849609375,-0.0392913818359375
1760555382841510100,55.61551025390625,-0.9968109130859375,-0.02178955078125,-0.03814697265625
1760555382851516200,55.62551611328125,-0.9973907470703125,-0.022003173828125,-0.041229248046875
1760555382861521200,55.635521240234375,-0.99298095703125,-0.0284576416015625,-0.0391082763671875
1760555382871527200,55.645527099609374,-0.9919586181640625,-0.03314208984375,-0.038787841796875
1760555382881532200,55.6555322265625,-0.9945068359375,-0.029083251953125,-0.0397186279296875
1760555382891538200,55.6655380859375,-0.9970855712890625,-0.021636962890625,-0.0388641357421875
1760555382901543200,55.675543212890624,-0.99853515625,-0.01904296875,-0.039581298828125
1760555382911549200,55.68554907226562,-0.9947052001953125,-0.0254364013671875,-0.0423126220703125
1760555382921554200,55.69555419921875,-0.99456787109375,-0.02618408203125,-0.0446929931640625
1760555382931560200,55.705560302734376,-0.9969024658203125,-0.0223236083984375,-0.0372314453125
1760555382941566200,55.715566162109376,-0.9960479736328125,-0.0216217041015625,-0.0311737060546875
1760555382951571200,55.7255712890625,-0.99847412109375,-0.0176544189453125,-0.03448486328125
1760555382961577200,55.7355771484375,-0.999420166015625,-0.0185394287109375,-0.0347900390625
1760555382971582200,55.745582275390625,-0.995880126953125,-0.0179443359375,-0.0332183837890625
1760555382981588200,55.755588134765624,-0.9969635009765625,-0.01544189453125,-0.0334930419921875
1760555382991593200,55.76559326171875,-0.9995269775390625,-0.0198211669921875,-0.036376953125
1760555383001599000,55.775598876953126,-0.996978759765625,-0.0185699462890625,-0.0372772216796875
1760555383011605200,55.78560522460938,-1,-0.014892578125,-0.0368499755859375
1760555383021610200,55.7956103515625,-1.0016021728515625,-0.013092041015625,-0.03485107421875
1760555383031616300,55.8056162109375,-0.996612548828125,-0.0162200927734375,-0.03759765625
1760555383041621200,55.815621337890626,-0.997894287109375,-0.01666259765625,-0.03887939453125
1760555383051627300,55.825627197265625,-0.99737548828125,-0.021820068359375,-0.041778564453125
1760555383061632300,55.83563232421875,-0.9948883056640625,-0.022796630859375,-0.0400848388671875
1760555383071638000,55.84563793945313,-0.9954681396484375,-0.02587890625,-0.038299560546875
1760555383081643000,55.85564306640625,-0.9938507080078125,-0.026885986328125,-0.0388946533203125
1760555383091649000,55.86564892578125,-0.996551513671875,-0.021240234375,-0.0396575927734375
1760555383101655300,55.8756552734375,-0.9998931884765625,-0.0196533203125,-0.037628173828125
1760555383111660300,55.88566040039063,-0.9954681396484375,-0.025390625,-0.0337677001953125
1760555383121666300,55.895666259765626,-0.993560791015625,-0.0290679931640625,-0.0295562744140625
1760555383131671300,55.90567138671875,-0.998046875,-0.026214599609375,-0.022857666015625
1760555383141677000,55.91567700195313,-0.998291015625,-0.0168609619140625,-0.0187225341796875
1760555383151682000,55.92568212890625,-1.0001373291015625,-0.0168304443359375,-0.0220947265625
1760555383161688000,55.93568798828125,-0.99932861328125,-0.019805908203125,-0.0276947021484375
1760555383171693000,55.94569311523438,-0.996337890625,-0.022979736328125,-0.0254058837890625
1760555383181699300,55.95569921875,-0.9932861328125,-0.02801513671875,-0.0279388427734375
1760555383191705300,55.96570532226563,-0.9959716796875,-0.02630615234375,-0.0338287353515625
1760555383201710300,55.97571044921875,-0.9971160888671875,-0.0254974365234375,-0.0346832275390625
1760555383211716000,55.98571606445312,-0.994964599609375,-0.0269317626953125,-0.0374908447265625
1760555383221721000,55.99572119140625,-0.9976348876953125,-0.0236053466796875,-0.0397491455078125
1760555383231727000,56.00572705078125,-1.000732421875,-0.0216522216796875,-0.0313720703125
1760555383241732000,56.01573217773438,-0.9943389892578125,-0.02410888671875,-0.017364501953125
1760555383251738000,56.02573803710938,-0.996002197265625,-0.025482177734375,-0.0103912353515625
1760555383261743000,56.0357431640625,-0.9974212646484375,-0.025238037109375,-0.00738525390625
1760555383271749400,56.045749267578124,-0.9926300048828125,-0.026123046875,-0.0057830810546875
1760555383281755100,56.05575512695312,-0.9927520751953125,-0.0310211181640625,-0.007843017578125
1760555383291760000,56.065760009765626,-0.996551513671875,-0.0277862548828125,-0.010223388671875
1760555383301766100,56.07576611328125,-0.99688720703125,-0.02252197265625,-0.0155487060546875
1760555383311771100,56.08577124023437,-0.998046875,-0.022735595703125,-0.022674560546875
1760555383321777200,56.09577709960938,-0.998931884765625,-0.0247039794921875,-0.026031494140625
1760555383331782400,56.105782470703126,-0.9972076416015625,-0.02313232421875,-0.0233917236328125
1760555383341788400,56.115788330078125,-0.9968414306640625,-0.022247314453125,-0.017913818359375
1760555383351793400,56.12579345703125,-1.0000457763671875,-0.021484375,-0.01898193359375
1760555383361799200,56.13579907226563,-0.9979400634765625,-0.0214385986328125,-0.0170440673828125
1760555383371805200,56.14580517578125,-0.9962158203125,-0.02288818359375,-0.01605224609375
1760555383381810200,56.15581005859375,-0.999267578125,-0.022705078125,-0.017120361328125
1760555383391816400,56.16581640625,-0.99884033203125,-0.0204010009765625,-0.018341064453125
1760555383401821400,56.17582153320313,-0.9968719482421875,-0.0202789306640625,-0.023223876953125
1760555383411827200,56.1858271484375,-1.000823974609375,-0.0203094482421875,-0.02679443359375
1760555383421832400,56.19583251953125,-0.998748779296875,-0.022491455078125,-0.0269317626953125
1760555383431838200,56.20583813476563,-0.9969024658203125,-0.021331787109375,-0.0294036865234375
1760555383441843200,56.21584326171875,-0.998138427734375,-0.024993896484375,-0.0327301025390625
1760555383451849200,56.22584912109375,-0.99688720703125,-0.027862548828125,-0.030181884765625
1760555383461855200,56.235855224609374,-0.994415283203125,-0.025726318359375,-0.0244140625
1760555383471860200,56.245860107421876,-0.994598388671875,-0.0291290283203125,-0.026611328125
1760555383481866200,56.2558662109375,-0.9984130859375,-0.024688720703125,-0.0265960693359375
1760555383491871200,56.26587133789062,-0.9968414306640625,-0.0213165283203125,-0.01995849609375
1760555383501877200,56.27587719726562,-0.9977264404296875,-0.0208282470703125,-0.0238189697265625
1760555383511882200,56.28588232421875,-1,-0.0231170654296875,-0.028564453125
1760555383521888300,56.29588818359375,-0.9976043701171875,-0.0230560302734375,-0.0269012451171875
1760555383531894300,56.305894287109375,-0.9958648681640625,-0.0211944580078125,-0.027130126953125
1760555383541899300,56.31589916992188,-1.0011444091796875,-0.0205535888671875,-0.028594970703125
1760555383551905300,56.3259052734375,-1.0005645751953125,-0.021026611328125,-0.0256195068359375
1760555383561910300,56.33591015625,-0.9950714111328125,-0.0242462158203125,-0.0245513916015625
1760555383571916300,56.34591625976562,-0.999267578125,-0.0201263427734375,-0.0256500244140625
1760555383581921300,56.35592138671875,-1.001495361328125,-0.0159454345703125,-0.0240325927734375
1760555383591927300,56.36592724609375,-0.9988861083984375,-0.016845703125,-0.023895263671875
1760555383601932300,56.37593237304687,-1.000640869140625,-0.0189666748046875,-0.0252227783203125
1760555383611938300,56.38593823242188,-0.99993896484375,-0.0211639404296875,-0.026519775390625
1760555383621943300,56.395943359375,-0.9961395263671875,-0.0242919921875,-0.020599365234375
1760555383631949300,56.40594921875,-0.9930419921875,-0.0323638916015625,-0.0240936279296875
1760555383641955300,56.415955322265624,-0.9968414306640625,-0.034088134765625,-0.0266265869140625
1760555383651960300,56.42596020507813,-0.99114990234375,-0.03759765625,-0.022064208984375
1760555383661966300,56.43596630859375,-0.9927520751953125,-0.0321197509765625,-0.0227813720703125
1760555383671971300,56.44597143554687,-1.0016632080078125,-0.0250091552734375,-0.0237579345703125
1760555383681977300,56.45597729492187,-0.99761962890625,-0.02783203125,-0.019378662109375
1760555383691982300,56.465982421875,-0.99066162109375,-0.03155517578125,-0.01611328125
1760555383701988000,56.475988037109374,-0.9946746826171875,-0.03509521484375,-0.02154541015625
1760555383711993300,56.48599340820312,-0.995452880859375,-0.0329132080078125,-0.0208282470703125
1760555383721999000,56.4959990234375,-0.99481201171875,-0.0326385498046875,-0.0196533203125
1760555383732005400,56.50600537109375,-0.9944915771484375,-0.0355072021484375,-0.0234527587890625
1760555383742010400,56.51601025390625,-0.993743896484375,-0.0380706787109375,-0.02288818359375
1760555383752016400,56.526016357421874,-0.993377685546875,-0.030120849609375,-0.0173797607421875
1760555383762021400,56.536021484375,-0.9979400634765625,-0.0239410400390625,-0.0195465087890625
1760555383772027100,56.546027099609375,-1.001220703125,-0.02490234375,-0.0203857421875
1760555383782032100,56.5560322265625,-0.9954376220703125,-0.0304107666015625,-0.01904296875
1760555383792038100,56.5660380859375,-0.9940338134765625,-0.0343017578125,-0.0186920166015625
1760555383802043100,56.576043212890625,-0.9986419677734375,-0.0302276611328125,-0.0236053466796875
1760555383812049400,56.58604931640625,-0.9984588623046875,-0.0243682861328125,-0.0223236083984375
1760555383822055400,56.596055419921875,-0.99700927734375,-0.025146484375,-0.0205535888671875
1760555383832060400,56.60606030273438,-0.9983673095703125,-0.028900146484375,-0.021331787109375
1760555383842066200,56.61606616210938,-0.9951019287109375,-0.0303192138671875,-0.0234832763671875
1760555383852071200,56.6260712890625,-0.9971923828125,-0.031280517578125,-0.02447509765625
1760555383862077200,56.6360771484375,-0.9998931884765625,-0.026702880859375,-0.024749755859375
1760555383872082200,56.646082275390626,-0.99920654296875,-0.024810791015625,-0.021759033203125
1760555383882088200,56.656088134765625,-0.998443603515625,-0.027435302734375,-0.0229949951171875
1760555383892093200,56.66609326171875,-0.998687744140625,-0.0267333984375,-0.025787353515625
1760555383902099500,56.67609936523438,-0.99847412109375,-0.027496337890625,-0.02325439453125
1760555383912105200,56.68610522460938,-0.99688720703125,-0.0280303955078125,-0.0269927978515625
1760555383922110200,56.69611010742187,-0.9981536865234375,-0.03265380859375,-0.0267486572265625
1760555383932116200,56.7061162109375,-0.995086669921875,-0.034454345703125,-0.0210418701171875
1760555383942121200,56.71612133789063,-0.994903564453125,-0.0305938720703125,-0.0214080810546875
1760555383952127200,56.726127197265626,-1.002044677734375,-0.025909423828125,-0.0259552001953125
1760555383962132200,56.73613232421875,-1.00262451171875,-0.026092529296875,-0.0260772705078125
1760555383972138500,56.74613842773437,-0.996246337890625,-0.0270538330078125,-0.02294921875
1760555383982143500,56.7561435546875,-0.9990081787109375,-0.0263214111328125,-0.0247802734375
1760555383992149200,56.766149169921874,-0.999298095703125,-0.03155517578125,-0.027740478515625
1760555384002155300,56.7761552734375,-0.996429443359375,-0.03204345703125,-0.0231475830078125
1760555384012160300,56.78616015625,-0.995208740234375,-0.03155517578125,-0.026153564453125
1760555384022166300,56.79616625976563,-0.996490478515625,-0.03399658203125,-0.024322509765625
1760555384032171300,56.80617114257812,-0.9900054931640625,-0.03948974609375,-0.021453857421875
1760555384042177300,56.81617724609375,-0.9929351806640625,-0.0367431640625,-0.0244598388671875
1760555384052182300,56.826182373046876,-0.9999847412109375,-0.02960205078125,-0.0265960693359375
1760555384062188300,56.836188232421875,-0.998626708984375,-0.027496337890625,-0.0237884521484375
1760555384072193300,56.846193359375,-0.9985504150390625,-0.02734375,-0.024017333984375
1760555384082199300,56.85619921875,-1.002044677734375,-0.029510498046875,-0.02740478515625
1760555384092205300,56.86620532226563,-0.9971923828125,-0.03289794921875,-0.026947021484375
1760555384102210300,56.876210205078124,-0.9942474365234375,-0.0346527099609375,-0.0258331298828125
1760555384112216300,56.88621630859375,-0.9956817626953125,-0.03924560546875,-0.0306243896484375
1760555384122221300,56.89622119140625,-0.9974212646484375,-0.0361480712890625,-0.027069091796875
1760555384132227000,56.90622705078125,-0.9876861572265625,-0.0474853515625,-0.02142333984375
1760555384142232000,56.91623217773437,-0.99200439453125,-0.0457611083984375,-0.025909423828125
1760555384152238300,56.92623828125,-0.997100830078125,-0.035430908203125,-0.0265655517578125
1760555384162243300,56.936243408203126,-0.9976348876953125,-0.029510498046875,-0.0224456787109375
1760555384172249300,56.946249267578125,-1.0006866455078125,-0.0271759033203125,-0.02593994140625
1760555384182255400,56.95625537109375,-1.00274658203125,-0.0278778076171875,-0.0319671630859375
1760555384192260400,56.96626025390625,-0.998443603515625,-0.0319366455078125,-0.0308837890625
1760555384202266000,56.97626611328125,-0.9962158203125,-0.034149169921875,-0.0310516357421875
1760555384212271000,56.98627099609375,-1.0025177001953125,-0.0311431884765625,-0.0330047607421875
1760555384222277400,56.99627734375,-0.99737548828125,-0.0307159423828125,-0.0317840576171875
1760555384232282400,57.00628247070313,-0.9990386962890625,-0.028289794921875,-0.0279541015625
1760555384242288400,57.016288330078126,-1.00567626953125,-0.02239990234375,-0.02911376953125
1760555384252293400,57.02629345703125,-0.9992218017578125,-0.0326690673828125,-0.0215301513671875
1760555384262299400,57.03629931640625,-0.9781036376953125,-0.0650787353515625,-0.0203857421875
1760555384272304400,57.046304443359375,-0.9793853759765625,-0.07049560546875,-0.0262603759765625
1760555384282310100,57.05631005859375,-0.9933013916015625,-0.049468994140625,-0.0307159423828125
1760555384292316200,57.06631616210937,-1.00103759765625,-0.0271148681640625,-0.0264892578125
1760555384302321200,57.076321044921876,-1.0045013427734375,-0.0234832763671875,-0.0298614501953125
1760555384312327400,57.08632739257813,-0.9981231689453125,-0.041107177734375,-0.0300750732421875
1760555384322332400,57.09633251953125,-0.989349365234375,-0.049346923828125,-0.0232086181640625
1760555384332338700,57.106338623046874,-0.9911651611328125,-0.044097900390625,-0.025634765625
1760555384342343700,57.11634375,-0.999298095703125,-0.0377655029296875,-0.0293426513671875
1760555384352349700,57.126349609375,-0.995361328125,-0.0388641357421875,-0.02276611328125
1760555384362354700,57.13635473632812,-0.9912261962890625,-0.043426513671875,-0.0220184326171875
1760555384372360700,57.14636059570312,-0.99237060546875,-0.04718017578125,-0.02691650390625
1760555384382367000,57.15636694335937,-0.99273681640625,-0.0450897216796875,-0.0260009765625
1760555384392372000,57.1663720703125,-0.9918060302734375,-0.04150390625,-0.0255126953125
1760555384402377700,57.176377685546875,-0.9991302490234375,-0.0359344482421875,-0.028839111328125
1760555384412382700,57.1863828125,-1.001312255859375,-0.0299835205078125,-0.026702880859375
1760555384422388700,57.196388671875,-0.9949951171875,-0.033477783203125,-0.0236968994140625
1760555384432393700,57.206393798828124,-0.996856689453125,-0.036590576171875,-0.026702880859375
1760555384442399700,57.21639965820312,-1.0005035400390625,-0.032958984375,-0.027862548828125
1760555384452404700,57.22640478515625,-0.9996337890625,-0.02752685546875,-0.0230865478515625
1760555384462410800,57.23641064453125,-0.999237060546875,-0.025604248046875,-0.0244293212890625
1760555384472416800,57.246416748046876,-0.999664306640625,-0.0305328369140625,-0.024627685546875
1760555384482421800,57.256421875,-0.995452880859375,-0.0343017578125,-0.0277862548828125
1760555384492427800,57.266427734375,-0.995635986328125,-0.030242919921875,-0.027099609375
1760555384502432800,57.276432861328125,-1.002044677734375,-0.0222015380859375,-0.0291748046875
1760555384512438800,57.286438720703124,-1.0025634765625,-0.0262451171875,-0.0304412841796875
1760555384522443800,57.29644384765625,-0.9961700439453125,-0.031036376953125,-0.0283660888671875
1760555384532449800,57.30644970703125,-0.9954681396484375,-0.033416748046875,-0.0283203125
1760555384542454800,57.31645483398437,-0.994903564453125,-0.03411865234375,-0.0306854248046875
1760555384552460500,57.32646044921875,-0.9975738525390625,-0.0348968505859375,-0.030487060546875
1760555384562465800,57.3364658203125,-0.996124267578125,-0.035491943359375,-0.027740478515625
1760555384572471800,57.346471923828126,-0.993682861328125,-0.036468505859375,-0.0261077880859375
1760555384582477800,57.356477783203125,-0.995880126953125,-0.035888671875,-0.0285797119140625
1760555384592482800,57.36648291015625,-0.99700927734375,-0.0364837646484375,-0.02783203125
1760555384602488800,57.37648876953125,-0.9986114501953125,-0.030487060546875,-0.029571533203125
1760555384612493800,57.386493896484374,-1.0009613037109375,-0.0289154052734375,-0.033843994140625
1760555384622499600,57.39649951171875,-0.9994354248046875,-0.0316009521484375,-0.03289794921875
1760555384632504600,57.406504638671876,-0.99468994140625,-0.0347442626953125,-0.0310211181640625
1760555384642510800,57.4165107421875,-0.9945831298828125,-0.0411529541015625,-0.033477783203125
1760555384652515800,57.42651586914062,-0.99456787109375,-0.04107666015625,-0.0314178466796875
1760555384662521900,57.43652197265625,-0.9909515380859375,-0.04144287109375,-0.0272674560546875
1760555384672528000,57.44652783203125,-0.993194580078125,-0.0409393310546875,-0.0281219482421875
1760555384682532900,57.456532958984376,-0.9986724853515625,-0.0348663330078125,-0.0291900634765625
1760555384692538600,57.46653857421875,-0.9984130859375,-0.02960205078125,-0.02874755859375
1760555384702543600,57.47654370117188,-0.9975433349609375,-0.02880859375,-0.029693603515625
1760555384712549600,57.48654956054688,-0.997833251953125,-0.0317535400390625,-0.031951904296875
1760555384722554600,57.4965546875,-0.996826171875,-0.0324859619140625,-0.032379150390625
1760555384732561000,57.50656079101562,-1,-0.0291595458984375,-0.0299072265625
1760555384742566000,57.51656591796875,-1.00018310546875,-0.0312957763671875,-0.0303955078125
1760555384752572000,57.52657202148438,-0.996246337890625,-0.0324554443359375,-0.03070068359375
1760555384762577000,57.53657690429687,-0.9972991943359375,-0.0328369140625,-0.030914306640625
1760555384772582700,57.54658276367188,-0.995635986328125,-0.0391387939453125,-0.032318115234375
1760555384782588700,57.55658862304688,-0.9987335205078125,-0.0351715087890625,-0.0333251953125
1760555384792593700,57.56659375,-0.9977874755859375,-0.0305328369140625,-0.0328216552734375
1760555384802599700,57.576599609375,-1.0010528564453125,-0.0299072265625,-0.0335235595703125
1760555384812605000,57.58660498046875,-0.99908447265625,-0.0303802490234375,-0.0331878662109375
1760555384822611000,57.59661083984375,-0.998626708984375,-0.030181884765625,-0.0293121337890625
1760555384832616000,57.60661596679687,-1.00067138671875,-0.028045654296875,-0.029388427734375
1760555384842621700,57.61662158203125,-1.0002593994140625,-0.03118896484375,-0.0315399169921875
1760555384852626700,57.626626708984375,-0.9980010986328125,-0.0337982177734375,-0.0236053466796875
1760555384862632700,57.6366328125,-0.9866180419921875,-0.054351806640625,-0.0285797119140625
1760555384872637700,57.6466376953125,-0.979827880859375,-0.0736846923828125,-0.0331878662109375
1760555384882643700,57.65664379882813,-0.986053466796875,-0.059295654296875,-0.03399658203125
1760555384892650000,57.66664990234375,-0.9961090087890625,-0.0395050048828125,-0.033111572265625
1760555384902655000,57.676655029296874,-1.00164794921875,-0.0296630859375,-0.034912109375
1760555384912660700,57.68666064453125,-0.999603271484375,-0.0325775146484375,-0.0365142822265625
1760555384922665700,57.696665771484376,-0.995086669921875,-0.041656494140625,-0.0384368896484375
1760555384932671700,57.706671630859375,-0.99346923828125,-0.042266845703125,-0.03582763671875
1760555384942676700,57.7166767578125,-0.9979248046875,-0.0386505126953125,-0.0355377197265625
1760555384952682800,57.72668286132812,-0.9979400634765625,-0.037261962890625,-0.032867431640625
1760555384962687700,57.736687744140625,-0.993682861328125,-0.0416412353515625,-0.0270233154296875
1760555384972693800,57.74669384765625,-0.99310302734375,-0.0434112548828125,-0.0268402099609375
1760555384982698800,57.75669873046875,-0.9978179931640625,-0.0370635986328125,-0.0316009521484375
1760555384992704800,57.76670483398438,-0.9993133544921875,-0.0325775146484375,-0.0324554443359375
1760555385002710800,57.77671069335938,-0.9982147216796875,-0.0314788818359375,-0.0345916748046875
1760555385012715800,57.7867158203125,-0.9977264404296875,-0.03533935546875,-0.036102294921875
1760555385022721800,57.7967216796875,-0.997283935546875,-0.037811279296875,-0.03533935546875
1760555385032726800,57.806726806640626,-0.9950408935546875,-0.03924560546875,-0.0317230224609375
1760555385042732800,57.81673291015625,-0.9981689453125,-0.0343475341796875,-0.0287933349609375
1760555385052737800,57.82673779296875,-0.9973907470703125,-0.0374298095703125,-0.0263214111328125
1760555385062743800,57.83674389648438,-0.9958343505859375,-0.0402374267578125,-0.02642822265625
1760555385072748800,57.846748779296874,-0.99627685546875,-0.039886474609375,-0.0314483642578125
1760555385082754800,57.8567548828125,-0.996978759765625,-0.03680419921875,-0.0320892333984375
1760555385092760800,57.8667607421875,-0.999420166015625,-0.0341796875,-0.032989501953125
1760555385102765800,57.87676586914063,-0.9991607666015625,-0.03253173828125,-0.0319061279296875
1760555385112771800,57.886771728515626,-1.0003814697265625,-0.0325927734375,-0.032867431640625
1760555385122776800,57.89677685546875,-0.9983673095703125,-0.036865234375,-0.0311431884765625
1760555385132782600,57.90678247070313,-0.998748779296875,-0.0345611572265625,-0.0252227783203125
1760555385142787600,57.91678759765625,-0.998199462890625,-0.0338134765625,-0.0255279541015625
1760555385152793900,57.9267939453125,-0.995208740234375,-0.04034423828125,-0.026031494140625
1760555385162798800,57.936798828125,-0.993682861328125,-0.044342041015625,-0.02911376953125
1760555385172804900,57.94680493164063,-0.995269775390625,-0.0423126220703125,-0.031341552734375
1760555385182809900,57.95680981445312,-0.998443603515625,-0.035552978515625,-0.03057861328125
1760555385192815900,57.96681591796875,-0.9985198974609375,-0.033905029296875,-0.0268096923828125
1760555385202821600,57.97682153320312,-1.001007080078125,-0.0287322998046875,-0.0289459228515625
1760555385212826600,57.98682666015625,-0.9978790283203125,-0.041351318359375,-0.03045654296875
1760555385222832600,57.99683251953125,-0.9951019287109375,-0.0426177978515625,-0.0264739990234375
1760555385232837600,58.00683764648438,-0.9948272705078125,-0.0397491455078125,-0.026641845703125
1760555385242844000,58.01684399414062,-1.0025177001953125,-0.034271240234375,-0.02947998046875
1760555385252849000,58.026848876953125,-0.9999542236328125,-0.0362091064453125,-0.0328369140625
1760555385262855000,58.03685498046875,-0.9949493408203125,-0.0413360595703125,-0.0327911376953125
1760555385272860000,58.04685986328125,-0.9909820556640625,-0.054718017578125,-0.0347442626953125
1760555385282865700,58.05686572265625,-0.993408203125,-0.054229736328125,-0.0366363525390625
1760555385292870700,58.06687060546875,-0.996185302734375,-0.0424957275390625,-0.0313568115234375
1760555385302876700,58.07687670898437,-0.9974212646484375,-0.0380096435546875,-0.028533935546875
1760555385312883000,58.08688305664062,-0.998748779296875,-0.0386962890625,-0.02880859375
1760555385322888000,58.096887939453126,-0.9989013671875,-0.0446319580078125,-0.0291900634765625
1760555385332893200,58.10689306640625,-0.9938507080078125,-0.0475311279296875,-0.0272064208984375
1760555385342898200,58.116898193359376,-0.9950103759765625,-0.0446929931640625,-0.0312652587890625
1760555385352904200,58.126904296875,-0.997650146484375,-0.04412841796875,-0.0303955078125
1760555385362909400,58.13690942382812,-0.995880126953125,-0.0443572998046875,-0.0315704345703125
1760555385372915200,58.14691528320313,-0.9946136474609375,-0.04815673828125,-0.0317535400390625
1760555385382920200,58.156920166015624,-0.995269775390625,-0.0484161376953125,-0.0300445556640625
1760555385392926200,58.16692626953125,-0.9892120361328125,-0.0582427978515625,-0.025604248046875
1760555385402932200,58.17693212890625,-0.986724853515625,-0.063629150390625,-0.0254669189453125
1760555385412937200,58.18693725585938,-0.9898223876953125,-0.062347412109375,-0.0272979736328125
1760555385422943200,58.196943115234376,-0.989471435546875,-0.0615081787109375,-0.02581787109375
1760555385432948200,58.2069482421875,-0.992523193359375,-0.0508880615234375,-0.0269317626953125
1760555385442954200,58.21695434570312,-1.00018310546875,-0.0418701171875,-0.02587890625
1760555385452959200,58.226959228515625,-1.0009307861328125,-0.037933349609375,-0.0280609130859375
1760555385462965200,58.23696533203125,-0.99664306640625,-0.03961181640625,-0.0279693603515625
1760555385472970200,58.24697021484375,-0.9962615966796875,-0.0435333251953125,-0.0308074951171875
1760555385482976300,58.25697631835938,-0.996246337890625,-0.045166015625,-0.028350830078125
1760555385492981200,58.26698120117187,-0.996002197265625,-0.0437469482421875,-0.026702880859375
1760555385502987300,58.2769873046875,-0.9999847412109375,-0.0405426025390625,-0.0266876220703125
1760555385512992300,58.2869921875,-1.00006103515625,-0.0404510498046875,-0.0282745361328125
1760555385522998000,58.296998046875,-1.000335693359375,-0.03759765625,-0.0329742431640625
1760555385533004300,58.30700439453125,-1.002899169921875,-0.0352020263671875,-0.028167724609375
1760555385543009300,58.31700927734375,-1.0014495849609375,-0.0336456298828125,-0.02294921875
1760555385553015300,58.32701538085937,-1.00323486328125,-0.0333251953125,-0.01910400390625
1760555385563020300,58.337020263671874,-0.9993896484375,-0.041168212890625,-0.0244903564453125
1760555385573026300,58.3470263671875,-0.9935760498046875,-0.052490234375,-0.0257110595703125
1760555385583031300,58.35703125,-0.986053466796875,-0.0634613037109375,-0.02655029296875
1760555385593037000,58.367037109375,-0.99029541015625,-0.05877685546875,-0.024871826171875
1760555385603042000,58.3770419921875,-0.9977264404296875,-0.0482330322265625,-0.025634765625
1760555385613048300,58.38704833984375,-0.997955322265625,-0.0453643798828125,-0.02691650390625
1760555385623053300,58.39705322265625,-0.999176025390625,-0.0433349609375,-0.0323486328125
1760555385633059300,58.407059326171876,-1.0058746337890625,-0.03656005859375,-0.039794921875
1760555385643065000,58.417065185546875,-1.0050811767578125,-0.03369140625,-0.04083251953125
1760555385653070300,58.4270703125,-0.9985504150390625,-0.0437164306640625,-0.0413055419921875
1760555385663076000,58.437076171875,-0.9914093017578125,-0.0602264404296875,-0.0413970947265625
1760555385673081000,58.4470810546875,-0.981414794921875,-0.077117919921875,-0.0404815673828125
1760555385683087000,58.45708715820312,-0.9787750244140625,-0.0821075439453125,-0.03497314453125
1760555385693092000,58.467092041015626,-0.983245849609375,-0.0769195556640625,-0.0323638916015625
1760555385703098400,58.47709838867188,-0.9902496337890625,-0.06536865234375,-0.0291748046875
1760555385713103400,58.48710327148437,-0.996551513671875,-0.0543212890625,-0.0290679931640625
1760555385723109000,58.49710913085938,-1.0009613037109375,-0.0457763671875,-0.027618408203125
1760555385733114400,58.5071142578125,-1.002197265625,-0.039642333984375,-0.032135009765625
1760555385743120100,58.5171201171875,-1.001434326171875,-0.0390777587890625,-0.0362548828125
1760555385753126100,58.527126220703124,-1.0027313232421875,-0.041107177734375,-0.0394287109375
1760555385763131100,58.53713110351563,-1.0014801025390625,-0.043426513671875,-0.03717041015625
1760555385773137200,58.54713720703125,-0.9987030029296875,-0.0480499267578125,-0.0370025634765625
1760555385783142100,58.55714208984375,-0.9928436279296875,-0.061065673828125,-0.039764404296875
1760555385793148200,58.56714819335937,-0.9897308349609375,-0.0652313232421875,-0.0362548828125
1760555385803153200,58.577153076171875,-0.9868621826171875,-0.0676116943359375,-0.03302001953125
1760555385813159200,58.5871591796875,-0.9918670654296875,-0.0643157958984375,-0.03515625
1760555385823164200,58.5971640625,-0.9978485107421875,-0.0535430908203125,-0.036712646484375
1760555385833170200,58.60717016601563,-1.0001678466796875,-0.047515869140625,-0.0330047607421875
1760555385843175200,58.61717504882812,-0.9985198974609375,-0.0470428466796875,-0.0321044921875
1760555385853181200,58.62718115234375,-0.9996337890625,-0.04913330078125,-0.0348052978515625
1760555385863186200,58.63718627929688,-0.9969482421875,-0.05450439453125,-0.03546142578125
1760555385873192200,58.647192138671876,-0.99224853515625,-0.05975341796875,-0.0322113037109375
1760555385883198200,58.6571982421875,-0.991455078125,-0.065582275390625,-0.0351104736328125
1760555385893203200,58.667203125,-0.98773193359375,-0.0726470947265625,-0.040374755859375
1760555385903209200,58.67720922851562,-0.985626220703125,-0.0716705322265625,-0.0398712158203125
1760555385913214200,58.687214111328124,-0.9857330322265625,-0.0740814208984375,-0.04022216796875
1760555385923220200,58.69722021484375,-0.9843597412109375,-0.078704833984375,-0.0425567626953125
1760555385933225200,58.70722509765625,-0.9843292236328125,-0.0779571533203125,-0.0360565185546875
1760555385943231200,58.71723120117188,-0.98748779296875,-0.0709381103515625,-0.032470703125
1760555385953236200,58.727236328125,-0.9905548095703125,-0.0606689453125,-0.0308685302734375
1760555385963242200,58.7372421875,-0.9944000244140625,-0.0542449951171875,-0.0348663330078125
1760555385973247200,58.747247314453126,-0.994049072265625,-0.050811767578125,-0.0335845947265625
1760555385983253200,58.757253173828126,-0.997283935546875,-0.0487060546875,-0.0364227294921875
1760555385993259300,58.76725927734375,-0.997955322265625,-0.04345703125,-0.0336151123046875
1760555386003264300,58.77726416015625,-0.9991455078125,-0.0421295166015625,-0.0347137451171875
1760555386013270000,58.78727001953125,-1.0008697509765625,-0.037567138671875,-0.035552978515625
1760555386023275300,58.797275146484374,-1.0032958984375,-0.0339508056640625,-0.032440185546875
1760555386033281000,58.80728100585937,-1.003173828125,-0.0269775390625,-0.030426025390625
1760555386043286000,58.8172861328125,-1.009033203125,-0.018035888671875,-0.0316009521484375
1760555386053292300,58.82729223632813,-1.0126495361328125,-0.0082855224609375,-0.0327606201171875
1760555386063297300,58.83729736328125,-1.0132293701171875,-0.00732421875,-0.0292816162109375
1760555386073303300,58.84730322265625,-1.0098876953125,-0.0123138427734375,-0.0254058837890625
1760555386083308300,58.857308349609376,-1.0043792724609375,-0.02099609375,-0.026275634765625
1760555386093314000,58.86731396484375,-1.0003814697265625,-0.0333251953125,-0.0284576416015625
1760555386103320000,58.877320068359374,-0.9932403564453125,-0.0433197021484375,-0.0304718017578125
1760555386113325000,58.88732495117188,-0.9906768798828125,-0.053466796875,-0.033111572265625
1760555386123331300,58.89733129882813,-0.9930419921875,-0.048980712890625,-0.0316314697265625
1760555386133336300,58.90733642578125,-0.999603271484375,-0.038604736328125,-0.032928466796875
1760555386143342300,58.91734228515625,-1.000885009765625,-0.0347137451171875,-0.0352020263671875
1760555386153347300,58.92734741210938,-0.99822998046875,-0.04010009765625,-0.0354766845703125
1760555386163353000,58.93735302734375,-0.993408203125,-0.0511016845703125,-0.0340423583984375
1760555386173358000,58.94735815429687,-0.9900970458984375,-0.05780029296875,-0.0312652587890625
1760555386183364000,58.95736401367188,-0.98876953125,-0.0594329833984375,-0.03021240234375
1760555386193369000,58.967369140625,-0.9899444580078125,-0.060577392578125,-0.031036376953125
1760555386203375000,58.977375,-0.9918670654296875,-0.0560150146484375,-0.032745361328125
1760555386213380000,58.98738012695313,-0.9931640625,-0.057464599609375,-0.0335540771484375
1760555386223386400,58.99738647460938,-0.9904327392578125,-0.05633544921875,-0.035400390625
1760555386233392000,59.00739208984375,-0.9933624267578125,-0.0512237548828125,-0.035552978515625
1760555386243397000,59.01739721679687,-0.9965667724609375,-0.0457305908203125,-0.0345916748046875
1760555386253403100,59.02740307617187,-0.997528076171875,-0.037872314453125,-0.0317230224609375
1760555386263408000,59.037408203125,-0.998321533203125,-0.040313720703125,-0.0332183837890625
1760555386273414100,59.0474140625,-0.9962615966796875,-0.0452117919921875,-0.032806396484375
1760555386283419100,59.05741918945313,-0.9964141845703125,-0.0450439453125,-0.032012939453125
1760555386293425200,59.06742504882813,-0.99627685546875,-0.041748046875,-0.0336761474609375
1760555386303430400,59.077430419921875,-1.000640869140625,-0.0376739501953125,-0.0337677001953125
1760555386313436200,59.087436279296874,-0.99755859375,-0.0418853759765625,-0.0317535400390625
1760555386323441200,59.09744116210938,-0.995391845703125,-0.0408172607421875,-0.033172607421875
1760555386333447200,59.107447265625,-0.9972991943359375,-0.045318603515625,-0.034576416015625
1760555386343452200,59.1174521484375,-0.996673583984375,-0.0453948974609375,-0.0352325439453125
1760555386353458400,59.12745849609375,-0.9954986572265625,-0.0423583984375,-0.03448486328125
1760555386363464400,59.13746435546875,-1.00115966796875,-0.0352020263671875,-0.0337982177734375
1760555386373469400,59.147469482421876,-1.003509521484375,-0.033050537109375,-0.0349273681640625
1760555386383475200,59.15747509765625,-0.9962310791015625,-0.046356201171875,-0.03460693359375
1760555386393480200,59.16748022460938,-0.9888916015625,-0.0565032958984375,-0.036895751953125
1760555386403486200,59.177486328125,-0.9901885986328125,-0.0590362548828125,-0.0372314453125
1760555386413491200,59.1874912109375,-0.99383544921875,-0.055572509765625,-0.0341949462890625
1760555386423497500,59.19749755859375,-0.99530029296875,-0.0475006103515625,-0.0331878662109375
1760555386433502500,59.20750244140625,-0.9965972900390625,-0.0462799072265625,-0.0324554443359375
1760555386443508500,59.21750854492188,-0.9934844970703125,-0.05145263671875,-0.0352325439453125
1760555386453513500,59.22751342773437,-0.98919677734375,-0.0579376220703125,-0.034881591796875
1760555386463519200,59.23751928710937,-0.9921112060546875,-0.055633544921875,-0.0353240966796875
1760555386473524200,59.247524169921874,-0.9909210205078125,-0.0548248291015625,-0.03240966796875
1760555386483530200,59.2575302734375,-0.99114990234375,-0.0550384521484375,-0.0269012451171875
1760555386493536300,59.267536376953124,-0.9920654296875,-0.0497283935546875,-0.0245513916015625
1760555386503541200,59.27754125976563,-0.9929962158203125,-0.049072265625,-0.0261077880859375
1760555386513547500,59.28754760742188,-0.9953765869140625,-0.0423736572265625,-0.0274505615234375
1760555386523552500,59.297552490234374,-0.99969482421875,-0.033721923828125,-0.0264434814453125
1760555386533558300,59.30755834960937,-0.9998321533203125,-0.0350341796875,-0.0285186767578125
1760555386543563300,59.317563232421875,-0.9992218017578125,-0.03753662109375,-0.02972412109375
1760555386553569300,59.3275693359375,-0.994873046875,-0.0450592041015625,-0.030548095703125
1760555386563574300,59.33757421875,-0.9946746826171875,-0.0477752685546875,-0.0273895263671875
1760555386573580300,59.34758032226563,-0.9970703125,-0.0419158935546875,-0.0265655517578125
1760555386583585300,59.357585205078124,-0.99774169921875,-0.03802490234375,-0.0261993408203125
1760555386593591300,59.36759130859375,-1.0018310546875,-0.026123046875,-0.0265045166015625
1760555386603596300,59.37759619140625,-1.00323486328125,-0.021881103515625,-0.0251007080078125
1760555386613602300,59.38760229492188,-1.005340576171875,-0.0201568603515625,-0.023712158203125
1760555386623608300,59.3976083984375,-1.00537109375,-0.0195465087890625,-0.0240325927734375
1760555386633613300,59.40761328125,-0.99969482421875,-0.031158447265625,-0.0247344970703125
1760555386643619300,59.41761938476562,-0.993804931640625,-0.0423126220703125,-0.0290374755859375
1760555386653624300,59.427624267578125,-0.9945220947265625,-0.040771484375,-0.0316162109375
1760555386663630300,59.43763037109375,-0.992919921875,-0.0413818359375,-0.0313720703125
1760555386673635300,59.44763525390625,-0.9952239990234375,-0.0438690185546875,-0.028961181640625
1760555386683641300,59.45764135742188,-0.9987030029296875,-0.0338897705078125,-0.0279693603515625
1760555386693646300,59.46764624023437,-1.0012969970703125,-0.0295257568359375,-0.026519775390625
1760555386703652400,59.47765234375,-1.0022125244140625,-0.0284271240234375,-0.0246124267578125
1760555386713657300,59.4876572265625,-1.000823974609375,-0.03106689453125,-0.0245208740234375
1760555386723663400,59.497663330078126,-0.995147705078125,-0.041046142578125,-0.0266876220703125
1760555386733668400,59.50766845703125,-0.9899444580078125,-0.048492431640625,-0.024444580078125
1760555386743674400,59.51767431640625,-0.9919891357421875,-0.0498199462890625,-0.0262603759765625
1760555386753680100,59.52768017578125,-0.9938812255859375,-0.0487213134765625,-0.02850341796875
1760555386763685000,59.53768505859375,-0.99273681640625,-0.045166015625,-0.029815673828125
1760555386773691400,59.54769140625,-0.9948577880859375,-0.0420684814453125,-0.0256805419921875
1760555386783696400,59.5576962890625,-0.99542236328125,-0.0439605712890625,-0.026214599609375
1760555386793702400,59.56770239257813,-0.9962310791015625,-0.041046142578125,-0.0274810791015625
1760555386803707400,59.57770727539062,-0.99951171875,-0.0352935791015625,-0.0220794677734375
1760555386813713400,59.58771337890625,-0.99505615234375,-0.0380096435546875,-0.01751708984375
1760555386823718400,59.597718505859376,-0.9945068359375,-0.043060302734375,-0.02001953125
1760555386833724200,59.60772412109375,-0.996307373046875,-0.0377655029296875,-0.0209503173828125
1760555386843729200,59.61772924804688,-0.997100830078125,-0.0398406982421875,-0.0249786376953125
1760555386853735200,59.62773510742188,-0.995880126953125,-0.0414886474609375,-0.029205322265625
1760555386863740400,59.637740478515624,-0.9995574951171875,-0.0350494384765625,-0.0268096923828125
1760555386873746400,59.647746337890624,-0.9982452392578125,-0.0320587158203125,-0.0248565673828125
1760555386883752400,59.65775244140625,-0.9980316162109375,-0.0308837890625,-0.023162841796875
1760555386893757400,59.66775732421875,-1.002197265625,-0.0288543701171875,-0.0230560302734375
1760555386903763200,59.67776318359375,-1.0031280517578125,-0.0223236083984375,-0.01947021484375
1760555386913768200,59.68776831054687,-1.0003509521484375,-0.0241851806640625,-0.0200347900390625
1760555386923774200,59.69777416992188,-0.99761962890625,-0.033843994140625,-0.0222320556640625
1760555386933779200,59.707779296875,-0.9940338134765625,-0.0417327880859375,-0.0227508544921875
1760555386943785500,59.717785400390625,-0.9942779541015625,-0.0393829345703125,-0.02410888671875
1760555386953790500,59.72779052734375,-1.0001678466796875,-0.033447265625,-0.0260009765625
1760555386963796500,59.73779638671875,-0.9976959228515625,-0.0347137451171875,-0.0267791748046875
1760555386973801500,59.747801513671874,-0.9950103759765625,-0.0414886474609375,-0.0278778076171875
1760555386983807200,59.75780712890625,-0.9954376220703125,-0.041717529296875,-0.0274505615234375
1760555386993812200,59.767812255859376,-0.993316650390625,-0.0423431396484375,-0.026641845703125
1760555387003818200,59.777818359375,-0.9956817626953125,-0.0373077392578125,-0.0265350341796875
1760555387013823200,59.7878232421875,-0.9962615966796875,-0.0394744873046875,-0.0310821533203125
1760555387023829200,59.79782934570313,-0.9952545166015625,-0.0385284423828125,-0.0275421142578125
1760555387033835500,59.80783544921875,-0.99432373046875,-0.0386505126953125,-0.0257415771484375
1760555387043840500,59.817840576171875,-0.9983367919921875,-0.0352630615234375,-0.0290069580078125
1760555387053846300,59.82784619140625,-1.001129150390625,-0.0303192138671875,-0.0272674560546875
1760555387063851300,59.83785131835938,-0.9951629638671875,-0.0334320068359375,-0.02276611328125
1760555387073857300,59.847857177734376,-0.9932861328125,-0.038909912109375,-0.024993896484375
1760555387083862300,59.8578623046875,-0.9956207275390625,-0.040435791015625,-0.0247650146484375
1760555387093868300,59.86786840820312,-0.9974212646484375,-0.0363311767578125,-0.0255584716796875
1760555387103873300,59.877873291015625,-0.9950408935546875,-0.03558349609375,-0.023406982421875
1760555387113879600,59.887879638671876,-0.998077392578125,-0.034088134765625,-0.02667236328125
1760555387123884500,59.89788452148437,-0.998626708984375,-0.0314788818359375,-0.027557373046875
1760555387133890300,59.90789038085938,-0.9989013671875,-0.029876708984375,-0.0284881591796875
1760555387143895300,59.91789526367187,-0.999267578125,-0.0319671630859375,-0.0281829833984375
1760555387153901300,59.9279013671875,-0.997955322265625,-0.031890869140625,-0.0255279541015625
1760555387163907300,59.9379072265625,-0.997955322265625,-0.0332489013671875,-0.0263214111328125
1760555387173912300,59.947912353515626,-0.9974822998046875,-0.032958984375,-0.0277557373046875
1760555387183918300,59.95791845703125,-1.00048828125,-0.031646728515625,-0.0247039794921875
1760555387193923300,59.96792333984375,-0.9984588623046875,-0.0349884033203125,-0.0238800048828125
1760555387203929300,59.97792944335937,-0.9954986572265625,-0.0399017333984375,-0.027008056640625
1760555387213934300,59.987934326171874,-0.9940185546875,-0.04534912109375,-0.029022216796875
1760555387223940400,59.9979404296875,-0.9948272705078125,-0.038818359375,-0.0245513916015625
1760555387233945300,60.0079453125,-0.9994354248046875,-0.0314483642578125,-0.0248870849609375
1760555387243951400,60.01795141601563,-1.0019989013671875,-0.0298004150390625,-0.0248870849609375
1760555387253956400,60.02795629882812,-0.9987030029296875,-0.031494140625,-0.0256195068359375
1760555387263962400,60.03796240234375,-1.0024566650390625,-0.0319671630859375,-0.0280303955078125
1760555387273967400,60.04796728515625,-0.9998779296875,-0.0355072021484375,-0.026947021484375
1760555387283973000,60.05797314453125,-0.99688720703125,-0.033660888671875,-0.021728515625
1760555387293978000,60.06797802734375,-0.99835205078125,-0.0302276611328125,-0.0226593017578125
1760555387303984400,60.077984375,-0.99847412109375,-0.0369873046875,-0.03076171875
1760555387313989400,60.0879892578125,-0.997528076171875,-0.042877197265625,-0.0303955078125
1760555387323995400,60.097995361328124,-0.99029541015625,-0.0509490966796875,-0.02691650390625
1760555387334001400,60.10800146484375,-0.9926605224609375,-0.04833984375,-0.0276947021484375
1760555387344006400,60.11800634765625,-0.9987030029296875,-0.0432891845703125,-0.0321197509765625
1760555387354012200,60.12801220703125,-0.9991302490234375,-0.0391998291015625,-0.029876708984375
1760555387364017200,60.13801708984375,-1.0005035400390625,-0.03326416015625,-0.0260162353515625
1760555387374023200,60.14802319335938,-1.003173828125,-0.0341644287109375,-0.025299072265625
1760555387384028200,60.158028076171874,-0.9972076416015625,-0.043243408203125,-0.02239990234375
1760555387394034200,60.1680341796875,-0.98297119140625,-0.0670318603515625,-0.02056884765625
1760555387404039200,60.1780390625,-0.9777679443359375,-0.08160400390625,-0.02569580078125
1760555387414045200,60.18804516601563,-0.982025146484375,-0.081634521484375,-0.026947021484375
1760555387424050200,60.19805029296875,-0.98565673828125,-0.0649566650390625,-0.0267791748046875
1760555387434056200,60.20805615234375,-0.995452880859375,-0.049346923828125,-0.02764892578125
1760555387444061200,60.218061279296876,-1.0004730224609375,-0.0430755615234375,-0.028778076171875
1760555387454067200,60.228067138671875,-0.998382568359375,-0.0455474853515625,-0.0270233154296875
1760555387464072200,60.238072265625,-0.995574951171875,-0.04754638671875,-0.0271453857421875
1760555387474078200,60.248078125,-0.9977264404296875,-0.0460052490234375,-0.0278778076171875
1760555387484084200,60.25808422851563,-0.9988250732421875,-0.03985595703125,-0.0255126953125
1760555387494089200,60.26808911132812,-0.9976959228515625,-0.0391998291015625,-0.0228118896484375
1760555387504095200,60.27809521484375,-0.99664306640625,-0.0455322265625,-0.02398681640625
1760555387514100200,60.28810034179688,-0.9952850341796875,-0.0464630126953125,-0.0262603759765625
1760555387524106200,60.298106201171876,-0.9952239990234375,-0.047576904296875,-0.0273590087890625
1760555387534111200,60.308111328125,-0.9962158203125,-0.044921875,-0.0287017822265625
1760555387544117200,60.3181171875,-0.9969329833984375,-0.0432281494140625,-0.0250396728515625
1760555387554122200,60.328122314453125,-0.993621826171875,-0.0459747314453125,-0.0261077880859375
1760555387564128300,60.338128173828125,-0.9994964599609375,-0.0372314453125,-0.0264129638671875
1760555387574133200,60.34813330078125,-1.0029449462890625,-0.031707763671875,-0.0270843505859375
1760555387584139000,60.358138916015626,-0.998443603515625,-0.038055419921875,-0.0268402099609375
1760555387594144000,60.36814404296875,-0.99853515625,-0.03997802734375,-0.0264434814453125
1760555387604150300,60.378150390625,-0.9960479736328125,-0.0451202392578125,-0.0272979736328125
1760555387614155300,60.3881552734375,-0.9936065673828125,-0.0458526611328125,-0.02294921875
1760555387624161300,60.39816137695313,-0.9954376220703125,-0.0455780029296875,-0.0232696533203125
1760555387634167300,60.408167236328126,-0.998931884765625,-0.0436859130859375,-0.0233306884765625
1760555387644172300,60.41817236328125,-0.996490478515625,-0.0412445068359375,-0.0212860107421875
1760555387654178000,60.42817797851563,-0.9949798583984375,-0.0410003662109375,-0.0225677490234375
1760555387664183000,60.43818310546875,-0.997894287109375,-0.0397796630859375,-0.0225372314453125
1760555387674189000,60.44818896484375,-0.9972686767578125,-0.041534423828125,-0.0224609375
1760555387684194000,60.45819409179688,-0.99444580078125,-0.0444793701171875,-0.0260467529296875
1760555387694200300,60.46820043945313,-0.99676513671875,-0.0456695556640625,-0.028472900390625
1760555387704205300,60.47820532226562,-0.994049072265625,-0.0477142333984375,-0.025421142578125
1760555387714211300,60.48821142578125,-0.9924163818359375,-0.0496673583984375,-0.0232696533203125
1760555387724216300,60.49821630859375,-0.997894287109375,-0.04083251953125,-0.0271453857421875
1760555387734222000,60.50822216796875,-0.9983673095703125,-0.040008544921875,-0.025054931640625
1760555387744227000,60.51822705078125,-0.99365234375,-0.0404205322265625,-0.023712158203125
1760555387754233000,60.52823315429688,-0.9989166259765625,-0.0392608642578125,-0.0246124267578125
1760555387764238000,60.53823803710937,-1.0006866455078125,-0.0358123779296875,-0.0256195068359375
1760555387774244400,60.548244384765624,-0.999267578125,-0.0328521728515625,-0.0268402099609375
1760555387784250400,60.55825048828125,-1.0019989013671875,-0.035003662109375,-0.0300750732421875
1760555387794255400,60.56825537109375,-0.9989776611328125,-0.0395965576171875,-0.0285797119140625
1760555387804261000,60.57826123046875,-0.9945526123046875,-0.0445404052734375,-0.024749755859375
1760555387814266000,60.58826611328125,-0.9940032958984375,-0.0467376708984375,-0.0266265869140625
1760555387824272100,60.59827221679687,-0.995025634765625,-0.050201416015625,-0.0274810791015625
1760555387834277000,60.608277099609374,-0.9894866943359375,-0.05035400390625,-0.0233001708984375
1760555387844283100,60.618283203125,-0.9946746826171875,-0.042236328125,-0.02313232421875
1760555387854288100,60.6282880859375,-1.0039825439453125,-0.0333404541015625,-0.0260162353515625
1760555387864294400,60.63829443359375,-1.0011749267578125,-0.0345916748046875,-0.0267181396484375
1760555387874299400,60.64829931640625,-0.997344970703125,-0.039520263671875,-0.026275634765625
1760555387884305200,60.65830517578125,-0.997772216796875,-0.0421295166015625,-0.028167724609375
1760555387894310100,60.66831005859375,-0.9968109130859375,-0.0425262451171875,-0.025238037109375
1760555387904316200,60.678316162109375,-0.999053955078125,-0.0386199951171875,-0.023590087890625
1760555387914321200,60.68832104492188,-1.0025787353515625,-0.033355712890625,-0.0261993408203125
1760555387924327200,60.6983271484375,-1,-0.033966064453125,-0.0277862548828125
1760555387934332200,60.708332275390624,-0.9947967529296875,-0.0457916259765625,-0.025848388671875
1760555387944338200,60.718338134765624,-0.99334716796875,-0.0499114990234375,-0.0294036865234375
1760555387954344200,60.72834423828125,-0.99444580078125,-0.051300048828125,-0.02606201171875
1760555387964349200,60.73834912109375,-0.9936370849609375,-0.047088623046875,-0.0229644775390625
1760555387974355200,60.74835522460938,-0.9951019287109375,-0.0442352294921875,-0.0270538330078125
1760555387984360200,60.75836010742187,-0.9971923828125,-0.0482940673828125,-0.0297393798828125
1760555387994366200,60.7683662109375,-0.996307373046875,-0.0473175048828125,-0.027587890625
1760555388004371200,60.77837109375,-0.995361328125,-0.04443359375,-0.026885986328125
1760555388014377200,60.788377197265625,-0.9992218017578125,-0.040191650390625,-0.027679443359375
1760555388024382200,60.79838232421875,-0.999481201171875,-0.039459228515625,-0.0244903564453125
1760555388034388200,60.80838818359375,-0.995513916015625,-0.047119140625,-0.02032470703125
1760555388044393200,60.818393310546874,-0.992462158203125,-0.0550537109375,-0.0222015380859375
1760555388054399200,60.82839916992187,-0.984283447265625,-0.0683441162109375,-0.02581787109375
1760555388064404200,60.838404296875,-0.9792327880859375,-0.07659912109375,-0.028778076171875
1760555388074410200,60.84841015625,-0.9889984130859375,-0.0635986328125,-0.030517578125
1760555388084415200,60.85841528320312,-0.996795654296875,-0.046844482421875,-0.0295867919921875
1760555388094421200,60.86842114257813,-0.9978485107421875,-0.0422210693359375,-0.02783203125
1760555388104426200,60.87842626953125,-0.999053955078125,-0.04425048828125,-0.02899169921875
1760555388114432000,60.88843188476562,-0.9973602294921875,-0.0455169677734375,-0.02801513671875
1760555388124438300,60.898438232421874,-0.995758056640625,-0.043121337890625,-0.0232696533203125
1760555388134443300,60.908443359375,-0.997314453125,-0.0416412353515625,-0.0258636474609375
1760555388144449300,60.91844921875,-0.9998016357421875,-0.0405731201171875,-0.028228759765625
1760555388154454300,60.92845434570312,-0.9951171875,-0.0462799072265625,-0.02801513671875
1760555388164460300,60.93846020507812,-0.99005126953125,-0.0525970458984375,-0.028167724609375
1760555388174465300,60.94846533203125,-0.9946136474609375,-0.0481414794921875,-0.02557373046875
1760555388184471000,60.958470947265624,-1.000152587890625,-0.0359039306640625,-0.019500732421875
1760555388194476000,60.96847607421875,-1.0028228759765625,-0.03192138671875,-0.01922607421875
1760555388204482300,60.978482421875,-1.002166748046875,-0.0348052978515625,-0.0195770263671875
1760555388214487300,60.9884873046875,-0.9975738525390625,-0.03753662109375,-0.0197906494140625
1760555388224493300,60.998493408203124,-0.995208740234375,-0.0452117919921875,-0.0243682861328125
1760555388234498300,61.00849829101563,-0.9918365478515625,-0.0519561767578125,-0.0245361328125
1760555388244504300,61.01850439453125,-0.9903564453125,-0.0496368408203125,-0.0244140625
1760555388254509300,61.02850927734375,-0.9950408935546875,-0.0465240478515625,-0.0259246826171875
1760555388264515000,61.03851513671875,-0.9940185546875,-0.047271728515625,-0.02374267578125
1760555388274520000,61.04852001953125,-0.9956207275390625,-0.0427398681640625,-0.0224609375
1760555388284526000,61.058526123046875,-0.998138427734375,-0.0395050048828125,-0.018798828125
1760555388294532400,61.068532470703126,-0.996673583984375,-0.0404205322265625,-0.01861572265625
1760555388304537300,61.07853735351563,-0.9930267333984375,-0.042724609375,-0.01641845703125
1760555388314543400,61.08854345703125,-0.9959869384765625,-0.042236328125,-0.0192413330078125
1760555388324548400,61.09854833984375,-0.99383544921875,-0.0423126220703125,-0.0228729248046875
1760555388334554400,61.108554443359374,-0.9948577880859375,-0.041778564453125,-0.022216796875
1760555388344559400,61.11855932617188,-0.9974212646484375,-0.0372314453125,-0.0233001708984375
1760555388354565600,61.12856567382813,-1.001007080078125,-0.0290679931640625,-0.019317626953125
1760555388364570600,61.13857055664062,-1.00201416015625,-0.0255279541015625,-0.0200653076171875
1760555388374576600,61.14857666015625,-1.0048370361328125,-0.0280303955078125,-0.0211181640625
1760555388384581600,61.15858154296875,-0.9978790283203125,-0.035400390625,-0.0204620361328125
1760555388394587400,61.16858740234375,-0.9980010986328125,-0.0341339111328125,-0.020660400390625
1760555388404592600,61.17859252929688,-1.0013427734375,-0.03143310546875,-0.0222930908203125
1760555388414598400,61.18859838867188,-0.9994049072265625,-0.0312042236328125,-0.0203399658203125
1760555388424603400,61.19860327148437,-0.99554443359375,-0.0340118408203125,-0.0189361572265625
1760555388434609700,61.208609619140624,-0.9969940185546875,-0.0361785888671875,-0.0196685791015625
1760555388444614700,61.21861474609375,-0.996307373046875,-0.034912109375,-0.018707275390625
1760555388454620700,61.22862060546875,-0.9989471435546875,-0.031585693359375,-0.021697998046875
1760555388464626400,61.23862646484375,-1.00262451171875,-0.030975341796875,-0.0250244140625
1760555388474631400,61.24863134765625,-1.000579833984375,-0.032501220703125,-0.024139404296875
1760555388484637400,61.25863745117187,-0.9949493408203125,-0.0395965576171875,-0.019500732421875
1760555388494642400,61.268642333984374,-0.99420166015625,-0.0423583984375,-0.020782470703125
1760555388504648400,61.2786484375,-0.9955902099609375,-0.0467071533203125,-0.0220947265625
1760555388514653400,61.2886533203125,-0.995574951171875,-0.04541015625,-0.019561767578125
1760555388524659700,61.29865966796875,-0.996337890625,-0.0430755615234375,-0.021453857421875
1760555388534664700,61.308664794921874,-0.9979400634765625,-0.0418701171875,-0.021453857421875
1760555388544670500,61.31867041015625,-0.9969635009765625,-0.0409698486328125,-0.0200958251953125
1760555388554675500,61.328675537109376,-0.9965667724609375,-0.041778564453125,-0.020599365234375
1760555388564681500,61.338681396484375,-0.9975433349609375,-0.043792724609375,-0.019866943359375
1760555388574686500,61.3486865234375,-0.9947357177734375,-0.0467987060546875,-0.0195159912109375
1760555388584692500,61.3586923828125,-0.992645263671875,-0.0474700927734375,-0.02099609375
1760555388594697500,61.368697509765624,-0.9926300048828125,-0.0503997802734375,-0.018798828125
1760555388604703500,61.378703369140624,-0.99505615234375,-0.0472869873046875,-0.0186004638671875
1760555388614708500,61.38870849609375,-0.9958038330078125,-0.0421600341796875,-0.0205078125
1760555388624714500,61.39871459960938,-0.9973297119140625,-0.0403594970703125,-0.021026611328125
1760555388634719500,61.40871948242187,-0.9986572265625,-0.0371856689453125,-0.0211181640625
1760555388644725500,61.4187255859375,-1.000701904296875,-0.03570556640625,-0.0222625732421875
1760555388654731500,61.4287314453125,-1.00189208984375,-0.03204345703125,-0.02276611328125
1760555388664736500,61.438736572265626,-0.9992218017578125,-0.0369873046875,-0.0201873779296875
1760555388674742500,61.448742431640625,-0.9964141845703125,-0.0419769287109375,-0.02056884765625
1760555388684747500,61.45874755859375,-0.9982757568359375,-0.039398193359375,-0.02117919921875
1760555388694753500,61.46875341796875,-0.9989471435546875,-0.0373687744140625,-0.0194854736328125
1760555388704758500,61.478758544921874,-0.9991912841796875,-0.0342559814453125,-0.0182342529296875
1760555388714764500,61.4887646484375,-0.9992523193359375,-0.0340728759765625,-0.0224456787109375
1760555388724769500,61.49876953125,-0.998931884765625,-0.0417938232421875,-0.0267486572265625
1760555388734775600,61.50877563476563,-0.99749755859375,-0.04217529296875,-0.0260772705078125
1760555388744780500,61.51878051757812,-0.999053955078125,-0.039886474609375,-0.0228729248046875
1760555388754786600,61.52878662109375,-0.9974212646484375,-0.0398101806640625,-0.02081298828125
1760555388764791600,61.53879150390625,-0.99566650390625,-0.044952392578125,-0.02044677734375
1760555388774797300,61.54879736328125,-0.990264892578125,-0.0599212646484375,-0.023040771484375
1760555388784802600,61.55880249023438,-0.9870452880859375,-0.06170654296875,-0.0224456787109375
1760555388794808600,61.56880859375,-0.993255615234375,-0.05322265625,-0.024383544921875
1760555388804813600,61.5788134765625,-0.997039794921875,-0.046844482421875,-0.022308349609375
1760555388814819600,61.58881958007812,-0.996917724609375,-0.0446319580078125,-0.0216827392578125
1760555388824824600,61.598824462890626,-0.9982147216796875,-0.0435333251953125,-0.0224151611328125
1760555388834830600,61.60883056640625,-0.9986419677734375,-0.041351318359375,-0.0229644775390625
1760555388844835600,61.61883569335937,-0.999847412109375,-0.0404510498046875,-0.02105712890625
1760555388854841300,61.62884130859375,-0.995391845703125,-0.0470428466796875,-0.0232696533203125
1760555388864847400,61.63884741210938,-0.991790771484375,-0.0566253662109375,-0.0238189697265625
1760555388874852400,61.64885229492187,-0.9904327392578125,-0.0625762939453125,-0.021697998046875
1760555388884858600,61.658858642578124,-0.9883270263671875,-0.0629730224609375,-0.020782470703125
1760555388894863600,61.66886352539063,-0.9915008544921875,-0.0559844970703125,-0.02130126953125
1760555388904869600,61.67886962890625,-0.996002197265625,-0.0486297607421875,-0.02142333984375
1760555388914874600,61.68887451171875,-0.9959259033203125,-0.043914794921875,-0.01995849609375
1760555388924880400,61.69888037109375,-0.99945068359375,-0.0416412353515625,-0.024566650390625
1760555388934885400,61.708885498046875,-1.0017547607421875,-0.0411834716796875,-0.0249786376953125
1760555388944891400,61.718891357421874,-1.0001983642578125,-0.041717529296875,-0.02392578125
1760555388954896400,61.728896484375,-0.9987335205078125,-0.0443878173828125,-0.024993896484375
1760555388964902700,61.73890258789063,-0.997161865234375,-0.047393798828125,-0.021087646484375
1760555388974907600,61.74890771484375,-0.9931488037109375,-0.0547027587890625,-0.0195465087890625
1760555388984913700,61.75891357421875,-0.9896240234375,-0.0615692138671875,-0.0190887451171875
1760555388994918700,61.76891870117188,-0.99188232421875,-0.059112548828125,-0.021575927734375
1760555389004924400,61.77892431640625,-0.998687744140625,-0.0458984375,-0.0214691162109375
1760555389014929400,61.78892944335937,-0.9997406005859375,-0.0366973876953125,-0.019256591796875
1760555389024935400,61.79893530273438,-0.9972381591796875,-0.0428466796875,-0.023590087890625
1760555389034940400,61.8089404296875,-0.9968414306640625,-0.046173095703125,-0.0233154296875
1760555389044946400,61.818946533203125,-0.9954833984375,-0.044891357421875,-0.0193023681640625
1760555389054951400,61.82895141601563,-0.99859619140625,-0.0417022705078125,-0.02099609375
1760555389064957700,61.83895776367188,-1.0008697509765625,-0.04034423828125,-0.020751953125
1760555389074963500,61.84896337890625,-0.9959869384765625,-0.0483245849609375,-0.02069091796875
1760555389084968400,61.85896850585937,-0.990814208984375,-0.0570220947265625,-0.0208587646484375
1760555389094974500,61.86897436523437,-0.992462158203125,-0.058563232421875,-0.024810791015625
1760555389104979500,61.8789794921875,-0.9936370849609375,-0.0531768798828125,-0.02117919921875
1760555389114985500,61.8889853515625,-0.9944000244140625,-0.0469818115234375,-0.017791748046875
1760555389124990500,61.89899047851563,-0.9992828369140625,-0.0394744873046875,-0.02044677734375
1760555389134996700,61.90899682617187,-1.0013580322265625,-0.03558349609375,-0.02093505859375
1760555389145001700,61.919001708984375,-0.996368408203125,-0.0439453125,-0.0201568603515625
1760555389155007500,61.929007568359374,-0.98883056640625,-0.05572509765625,-0.021759033203125
1760555389165012500,61.93901245117188,-0.987640380859375,-0.0634307861328125,-0.023284912109375
1760555389175018500,61.9490185546875,-0.9887542724609375,-0.05841064453125,-0.0198822021484375
1760555389185023500,61.9590234375,-0.9942779541015625,-0.0445098876953125,-0.0223236083984375
1760555389195029500,61.96902954101562,-1.0009307861328125,-0.03778076171875,-0.025390625
1760555389205034500,61.979034423828125,-1.001953125,-0.0348968505859375,-0.0218505859375
1760555389215040500,61.98904052734375,-0.9989166259765625,-0.032470703125,-0.0204315185546875
1760555389225045500,61.99904541015625,-1.0004425048828125,-0.03436279296875,-0.02130126953125
1760555389235051500,62.00905151367188,-1.0001220703125,-0.0371551513671875,-0.021331787109375
1760555389245056500,62.01905639648437,-0.999053955078125,-0.034759521484375,-0.019378662109375
1760555389255062500,62.0290625,-1.00152587890625,-0.029754638671875,-0.02203369140625
1760555389265067500,62.03906762695313,-1.002685546875,-0.02923583984375,-0.021453857421875
1760555389275073500,62.049073486328126,-0.998321533203125,-0.03515625,-0.021881103515625
1760555389285078500,62.05907861328125,-0.99835205078125,-0.03472900390625,-0.02313232421875
1760555389295084500,62.06908447265625,-1.0019073486328125,-0.0330810546875,-0.0249481201171875
1760555389305090300,62.07909033203125,-0.9995880126953125,-0.0342254638671875,-0.0208740234375
1760555389315095600,62.089095458984374,-0.997406005859375,-0.0372314453125,-0.0225830078125
1760555389325101600,62.0991015625,-0.9983978271484375,-0.0391387939453125,-0.0241241455078125
1760555389335106800,62.10910693359375,-0.9944305419921875,-0.0427093505859375,-0.020965576171875
1760555389345112800,62.11911279296875,-0.99371337890625,-0.0446929931640625,-0.021240234375
1760555389355117800,62.129117919921875,-0.9955902099609375,-0.0442047119140625,-0.022216796875
1760555389365123800,62.139123779296874,-0.9951171875,-0.045501708984375,-0.0204620361328125
1760555389375128800,62.14912890625,-0.9930267333984375,-0.047027587890625,-0.0205230712890625
1760555389385134600,62.159134521484376,-0.9934844970703125,-0.04913330078125,-0.0223541259765625
1760555389395139600,62.1691396484375,-0.9937591552734375,-0.04541015625,-0.01922607421875
1760555389405145900,62.17914575195312,-0.9938812255859375,-0.0433807373046875,-0.019805908203125
1760555389415150800,62.18915087890625,-0.9962158203125,-0.043548583984375,-0.0228729248046875
1760555389425156900,62.199156982421876,-0.9914093017578125,-0.0504150390625,-0.021331787109375
1760555389435161900,62.20916186523438,-0.9893951416015625,-0.0479583740234375,-0.017547607421875
1760555389445167900,62.21916796875,-0.994049072265625,-0.0430145263671875,-0.021331787109375
1760555389455172900,62.2291728515625,-0.9970550537109375,-0.03875732421875,-0.0209197998046875
1760555389465178600,62.2391787109375,-0.9984283447265625,-0.03515625,-0.021026611328125
1760555389475183600,62.24918359375,-1.0001220703125,-0.033660888671875,-0.0233612060546875
1760555389485189600,62.259189697265626,-1.00152587890625,-0.03271484375,-0.0243072509765625
1760555389495194600,62.26919458007813,-0.999481201171875,-0.0312652587890625,-0.0211639404296875
1760555389505201000,62.27920092773437,-0.9997406005859375,-0.0285797119140625,-0.0187225341796875
1760555389515207000,62.28920703125,-1.0023345947265625,-0.028106689453125,-0.01959228515625
1760555389525212000,62.2992119140625,-0.9974212646484375,-0.032196044921875,-0.021209716796875
1760555389535217700,62.3092177734375,-0.9962310791015625,-0.0348358154296875,-0.019775390625
1760555389545222700,62.31922265625,-0.999664306640625,-0.0336151123046875,-0.0237274169921875
1760555389555228700,62.32922875976563,-0.997222900390625,-0.03314208984375,-0.02191162109375
1760555389565233700,62.33923364257812,-0.9968109130859375,-0.033660888671875,-0.0218048095703125
1760555389575240000,62.34923999023437,-0.9995269775390625,-0.0345611572265625,-0.0233612060546875
1760555389585245000,62.359244873046876,-0.992431640625,-0.0432586669921875,-0.02099609375
1760555389595251000,62.3692509765625,-0.993499755859375,-0.040740966796875,-0.0198211669921875
1760555389605256000,62.379255859375,-0.997039794921875,-0.038299560546875,-0.020660400390625
1760555389615261700,62.38926171875,-0.9950103759765625,-0.03955078125,-0.0193023681640625
1760555389625266700,62.3992666015625,-0.9910125732421875,-0.0455474853515625,-0.0200958251953125
1760555389635272700,62.40927270507812,-0.9900054931640625,-0.049713134765625,-0.02447509765625
1760555389645277700,62.419277587890626,-0.9952239990234375,-0.04486083984375,-0.0227813720703125
1760555389655283700,62.42928369140625,-1.000244140625,-0.029388427734375,-0.0149688720703125
1760555389665288700,62.43928881835937,-0.9977569580078125,-0.0287628173828125,-0.0169677734375
1760555389675295000,62.449294921875,-0.9974822998046875,-0.032867431640625,-0.0210113525390625
1760555389685300000,62.459300048828126,-0.994842529296875,-0.0381622314453125,-0.02069091796875
1760555389695305700,62.4693056640625,-0.9966888427734375,-0.033294677734375,-0.022430419921875
1760555389705310700,62.47931079101563,-1.0028076171875,-0.0240020751953125,-0.0311737060546875
1760555389715316700,62.48931665039063,-1.0025634765625,-0.0190582275390625,-0.029449462890625
1760555389725321700,62.49932177734375,-1.0027313232421875,-0.0202484130859375,-0.0278167724609375
1760555389735327700,62.50932763671875,-1.0015716552734375,-0.023834228515625,-0.0271759033203125
1760555389745332700,62.519332763671876,-0.9969635009765625,-0.0318450927734375,-0.02593994140625
1760555389755338800,62.5293388671875,-0.9949951171875,-0.0326385498046875,-0.025543212890625
1760555389765344800,62.5393447265625,-0.997833251953125,-0.0327301025390625,-0.022705078125
1760555389775349800,62.54934985351562,-0.9957122802734375,-0.0350799560546875,-0.022430419921875
1760555389785355800,62.55935571289063,-0.9951629638671875,-0.0374755859375,-0.0221405029296875
1760555389795360800,62.56936083984375,-1.000152587890625,-0.0325164794921875,-0.0251007080078125
1760555389805366800,62.57936669921875,-0.9996490478515625,-0.0297393798828125,-0.025909423828125
1760555389815371800,62.58937182617188,-0.998870849609375,-0.0291748046875,-0.026458740234375
1760555389825377800,62.59937768554688,-0.999298095703125,-0.0312652587890625,-0.0266571044921875
1760555389835382800,62.6093828125,-0.9970245361328125,-0.0344085693359375,-0.0271453857421875
1760555389845388800,62.61938891601562,-0.993743896484375,-0.04046630859375,-0.0270843505859375
1760555389855393800,62.629393798828126,-0.9908599853515625,-0.044281005859375,-0.023101806640625
1760555389865399800,62.63939990234375,-0.992462158203125,-0.043609619140625,-0.0225067138671875
1760555389875404800,62.64940478515625,-0.994842529296875,-0.0390777587890625,-0.0241851806640625
1760555389885410800,62.65941088867187,-0.99859619140625,-0.033172607421875,-0.023712158203125
1760555389895415800,62.669415771484374,-0.997222900390625,-0.0340728759765625,-0.0255279541015625
1760555389905421800,62.679421875,-0.9984588623046875,-0.0363616943359375,-0.0278167724609375
1760555389915426800,62.6894267578125,-0.9969940185546875,-0.0368804931640625,-0.0269622802734375
1760555389925432600,62.6994326171875,-0.9934234619140625,-0.03924560546875,-0.0258636474609375
1760555389935437600,62.7094375,-0.994781494140625,-0.0408935546875,-0.0238189697265625
1760555389945443800,62.71944384765625,-0.9937591552734375,-0.0412750244140625,-0.0228271484375
1760555389955448800,62.72944873046875,-0.9955902099609375,-0.036163330078125,-0.0201873779296875
1760555389965454800,62.739454833984375,-0.999481201171875,-0.0328521728515625,-0.0245361328125
1760555389975459800,62.7494599609375,-1.000274658203125,-0.0347137451171875,-0.0245819091796875
1760555389985465900,62.7594658203125,-0.993560791015625,-0.04132080078125,-0.0230560302734375
1760555389995470800,62.769470947265624,-0.9933319091796875,-0.0409393310546875,-0.0233306884765625
1760555390005476600,62.7794765625,-0.9961395263671875,-0.0424346923828125,-0.026092529296875
1760555390015483000,62.78948291015625,-0.9950714111328125,-0.0420684814453125,-0.0253753662109375
1760555390025488000,62.79948779296875,-0.993438720703125,-0.0406646728515625,-0.0229034423828125
1760555390035494000,62.809493896484376,-0.9936676025390625,-0.0398712158203125,-0.0251312255859375
1760555390045499000,62.81949877929687,-0.996795654296875,-0.041168212890625,-0.0266876220703125
1760555390055505000,62.8295048828125,-0.9965667724609375,-0.035858154296875,-0.023468017578125
1760555390065510000,62.839510009765625,-0.9969329833984375,-0.0319366455078125,-0.0243377685546875
1760555390075515600,62.849515625,-0.997467041015625,-0.0338592529296875,-0.0254364013671875
1760555390085520600,62.85952075195313,-0.99786376953125,-0.0357513427734375,-0.02618408203125
1760555390095526700,62.869526611328126,-0.9964752197265625,-0.0341796875,-0.0263824462890625
1760555390105531600,62.87953173828125,-0.99578857421875,-0.0342254638671875,-0.024688720703125
1760555390115538000,62.88953784179687,-0.998565673828125,-0.03179931640625,-0.0232086181640625
1760555390125543000,62.89954296875,-1.0023345947265625,-0.0261077880859375,-0.0221405029296875
1760555390135549000,62.909548828125,-1.00323486328125,-0.023193359375,-0.023834228515625
1760555390145554000,62.91955395507812,-1.0003662109375,-0.02764892578125,-0.024810791015625
1760555390155559700,62.9295595703125,-0.99615478515625,-0.035888671875,-0.023712158203125
1760555390165564700,62.939564697265624,-0.9924163818359375,-0.0418243408203125,-0.02490234375
1760555390175570700,62.94957080078125,-0.99212646484375,-0.04144287109375,-0.0250701904296875
1760555390185575700,62.95957568359375,-0.996063232421875,-0.0356597900390625,-0.022369384765625
1760555390195581700,62.96958178710938,-0.993316650390625,-0.0420074462890625,-0.021728515625
1760555390205586700,62.97958666992187,-0.9930877685546875,-0.0356597900390625,-0.0248260498046875
1760555390215593000,62.98959301757812,-0.9983367919921875,-0.03131103515625,-0.028594970703125
1760555390225598000,62.999597900390626,-0.9930572509765625,-0.0384674072265625,-0.0249481201171875
1760555390235603700,63.009603759765625,-0.9921722412109375,-0.042022705078125,-0.0258941650390625
1760555390245608700,63.01960864257813,-0.995880126953125,-0.0386962890625,-0.026885986328125
1760555390255614700,63.02961474609375,-0.9954071044921875,-0.03668212890625,-0.0269012451171875
1760555390265619700,63.03961962890625,-0.9980621337890625,-0.0330352783203125,-0.02618408203125
1760555390275625700,63.04962573242187,-1.00054931640625,-0.0298004150390625,-0.0247802734375
1760555390285632000,63.059632080078124,-0.9976654052734375,-0.0285186767578125,-0.0233001708984375
1760555390295637000,63.06963696289063,-0.9953765869140625,-0.0323486328125,-0.0233306884765625
1760555390305642800,63.079642822265626,-1.0002593994140625,-0.0289459228515625,-0.025848388671875
1760555390315647700,63.08964770507812,-0.9972686767578125,-0.030242919921875,-0.023773193359375
1760555390325653800,63.09965380859375,-0.995452880859375,-0.0291595458984375,-0.0231475830078125
1760555390335658500,63.10965844726562,-1.002044677734375,-0.02301025390625,-0.02337646484375
1760555390345664500,63.11966455078125,-1.001708984375,-0.019500732421875,-0.0201263427734375
1760555390355669500,63.12966943359375,-0.99798583984375,-0.0229339599609375,-0.0229644775390625
1760555390365675800,63.13967578125,-1.0010986328125,-0.02508544921875,-0.0247650146484375
1760555390375680800,63.1496806640625,-1.0007781982421875,-0.0255889892578125,-0.0229644775390625
1760555390385686500,63.1596865234375,-0.996551513671875,-0.027740478515625,-0.0217437744140625
1760555390395691500,63.16969140625,-1.0001068115234375,-0.0278778076171875,-0.02410888671875
1760555390405697500,63.179697509765624,-0.9991912841796875,-0.0296173095703125,-0.0231475830078125
1760555390415702500,63.18970263671875,-0.993743896484375,-0.0312652587890625,-0.0240020751953125
1760555390425708500,63.19970849609375,-1.0004425048828125,-0.02880859375,-0.0260467529296875
1760555390435713500,63.20971362304687,-0.99859619140625,-0.0304718017578125,-0.0279541015625
1760555390445719600,63.21971948242187,-0.9951019287109375,-0.0339813232421875,-0.0263214111328125
1760555390455724500,63.229724609375,-0.9970550537109375,-0.0348968505859375,-0.0283203125
1760555390465730600,63.23973046875,-0.9951629638671875,-0.0401458740234375,-0.0264129638671875
1760555390475735600,63.24973559570312,-0.991058349609375,-0.0409698486328125,-0.021148681640625
1760555390485741600,63.25974145507813,-0.9965667724609375,-0.0359649658203125,-0.0250701904296875
1760555390495746600,63.26974658203125,-0.99871826171875,-0.029541015625,-0.0245819091796875
1760555390505752600,63.279752685546875,-0.995086669921875,-0.0303192138671875,-0.0199737548828125
1760555390515757600,63.28975756835938,-0.9957427978515625,-0.030303955078125,-0.0223846435546875
1760555390525763600,63.299763671875,-0.99884033203125,-0.0303497314453125,-0.0255279541015625
1760555390535768600,63.3097685546875,-0.9979705810546875,-0.029571533203125,-0.022674560546875
1760555390545774300,63.3197744140625,-0.9976806640625,-0.029571533203125,-0.0244140625
1760555390555779600,63.329779541015625,-0.99810791015625,-0.0304412841796875,-0.0255889892578125
1760555390565785600,63.33978564453125,-0.998443603515625,-0.0295867919921875,-0.023345947265625
1760555390575790600,63.34979052734375,-0.9972381591796875,-0.027069091796875,-0.0231781005859375
1760555390585796600,63.35979663085938,-1.000244140625,-0.0269622802734375,-0.0228271484375
1760555390595802600,63.369802734375,-0.99871826171875,-0.0270843505859375,-0.0227813720703125
1760555390605807600,63.3798076171875,-0.9988555908203125,-0.026641845703125,-0.0202484130859375
1760555390615813400,63.3898134765625,-0.9959259033203125,-0.0335693359375,-0.0205535888671875
1760555390625818400,63.399818359375,-0.9953765869140625,-0.03509521484375,-0.02215576171875
1760555390635824600,63.40982470703125,-0.9998016357421875,-0.0272216796875,-0.02069091796875
1760555390645829600,63.41982958984375,-0.999176025390625,-0.0264434814453125,-0.021575927734375
1760555390655835600,63.42983569335937,-0.9982452392578125,-0.0332489013671875,-0.0260772705078125
1760555390665840600,63.439840576171875,-0.9944610595703125,-0.0373077392578125,-0.0258026123046875
1760555390675846700,63.4498466796875,-0.9964752197265625,-0.0348358154296875,-0.023529052734375
1760555390685851600,63.4598515625,-0.99920654296875,-0.031646728515625,-0.0235443115234375
1760555390695857400,63.469857421875,-0.99993896484375,-0.0306243896484375,-0.02252197265625
1760555390705862400,63.4798623046875,-0.997314453125,-0.03472900390625,-0.02294921875
1760555390715868400,63.48986840820312,-0.9952239990234375,-0.0397491455078125,-0.02313232421875
1760555390725873400,63.499873291015625,-0.99456787109375,-0.043914794921875,-0.0216522216796875
1760555390735879700,63.509879638671876,-0.9888458251953125,-0.0493621826171875,-0.020721435546875
1760555390745884700,63.519884765625,-0.9940032958984375,-0.04400634765625,-0.02191162109375
1760555390755890700,63.529890625,-0.99786376953125,-0.03466796875,-0.0217437744140625
1760555390765895700,63.539895751953125,-0.9973297119140625,-0.0366973876953125,-0.0211944580078125
1760555390775901400,63.5499013671875,-0.99554443359375,-0.0387115478515625,-0.0235443115234375
1760555390785906400,63.55990649414063,-0.9957427978515625,-0.0382232666015625,-0.024261474609375
1760555390795912400,63.569912353515626,-0.9971771240234375,-0.038238525390625,-0.020843505859375
1760555390805917400,63.57991748046875,-0.9950408935546875,-0.039276123046875,-0.020843505859375
1760555390815923700,63.589923828125,-0.99755859375,-0.040740966796875,-0.0208282470703125
1760555390825928700,63.5999287109375,-0.99542236328125,-0.042236328125,-0.01983642578125
1760555390835934700,63.609934814453126,-0.9975128173828125,-0.0384063720703125,-0.0192718505859375
1760555390845939700,63.61993969726562,-1.000701904296875,-0.0325164794921875,-0.0195465087890625
1760555390855945500,63.62994555664063,-1.00006103515625,-0.031097412109375,-0.0185089111328125
1760555390865950500,63.63995043945312,-0.9981536865234375,-0.0338897705078125,-0.0148468017578125
1760555390875956500,63.64995654296875,-0.9962310791015625,-0.0383453369140625,-0.01593017578125
1760555390885961500,63.65996142578125,-0.9957427978515625,-0.042877197265625,-0.0189971923828125
1760555390895967500,63.669967529296876,-0.99664306640625,-0.036773681640625,-0.0194091796875
1760555390905973800,63.67997387695313,-0.99981689453125,-0.0377044677734375,-0.019927978515625
1760555390915978800,63.68997875976562,-0.99615478515625,-0.0410919189453125,-0.0186004638671875
1760555390925984500,63.69998461914062,-0.9955596923828125,-0.0437164306640625,-0.0181732177734375
1760555390935989500,63.709989501953125,-0.993743896484375,-0.04638671875,-0.019195556640625
1760555390945995500,63.71999560546875,-0.995147705078125,-0.042724609375,-0.01971435546875
1760555390956000500,63.73000048828125,-0.99798583984375,-0.0359039306640625,-0.0204925537109375
1760555390966006500,63.74000659179688,-0.998565673828125,-0.03369140625,-0.019775390625
1760555390976011500,63.75001147460937,-0.9990081787109375,-0.0368499755859375,-0.019287109375
1760555390986017500,63.760017578125,-0.99639892578125,-0.04119873046875,-0.01947021484375
1760555390996022500,63.7700224609375,-0.9946746826171875,-0.0431060791015625,-0.0180206298828125
1760555391006028500,63.780028564453126,-0.99560546875,-0.043548583984375,-0.0185546875
1760555391016033500,63.79003344726563,-0.995391845703125,-0.0415802001953125,-0.0181427001953125
1760555391026039600,63.80003955078125,-0.9907989501953125,-0.0474395751953125,-0.017120361328125
1760555391036044500,63.81004443359375,-0.994354248046875,-0.04437255859375,-0.0178680419921875
1760555391046050600,63.820050537109374,-0.9960174560546875,-0.0413665771484375,-0.0155487060546875
1760555391056055600,63.8300556640625,-0.99505615234375,-0.0429534912109375,-0.0159912109375
1760555391066061600,63.8400615234375,-0.9942626953125,-0.04327392578125,-0.018035888671875
1760555391076066600,63.85006665039062,-0.9980010986328125,-0.04248046875,-0.0210723876953125
1760555391086072600,63.86007250976562,-0.9944305419921875,-0.04119873046875,-0.019439697265625
1760555391096077600,63.87007763671875,-0.994110107421875,-0.0466461181640625,-0.020538330078125
1760555391106083600,63.88008349609375,-0.9954681396484375,-0.0465545654296875,-0.02020263671875
1760555391116088600,63.89008862304688,-0.9934844970703125,-0.0453948974609375,-0.018707275390625
1760555391126094600,63.90009448242188,-0.996551513671875,-0.040069580078125,-0.019439697265625
1760555391136099600,63.910099609375,-1.00152587890625,-0.0319671630859375,-0.0175018310546875
1760555391146105600,63.920105712890624,-0.99932861328125,-0.030548095703125,-0.014404296875
1760555391156110600,63.93011059570313,-1.0001983642578125,-0.0301666259765625,-0.0179290771484375
1760555391166116400,63.940116455078126,-1.0019989013671875,-0.028167724609375,-0.0213775634765625
1760555391176121600,63.95012158203125,-0.9989013671875,-0.0318145751953125,-0.018524169921875
1760555391186127600,63.96012768554687,-1.0000457763671875,-0.03375244140625,-0.020477294921875
1760555391196132600,63.970132568359375,-0.997589111328125,-0.0352020263671875,-0.02032470703125
1760555391206138600,63.980138671875,-0.9950103759765625,-0.03985595703125,-0.015899658203125
1760555391216143600,63.9901435546875,-0.995574951171875,-0.038604736328125,-0.0153961181640625
1760555391226149600,64.00014965820313,-0.998809814453125,-0.0344085693359375,-0.017333984375
1760555391236154600,64.01015454101562,-0.999542236328125,-0.030059814453125,-0.0182037353515625
1760555391246160400,64.02016040039062,-0.9990234375,-0.0308380126953125,-0.0192718505859375
1760555391256165600,64.03016552734375,-0.99847412109375,-0.0379180908203125,-0.020660400390625
1760555391266171600,64.04017163085938,-0.995361328125,-0.04217529296875,-0.019317626953125
1760555391276177700,64.050177734375,-0.99542236328125,-0.0384521484375,-0.015838623046875
1760555391286182700,64.0601826171875,-0.998321533203125,-0.0390472412109375,-0.0192108154296875
1760555391296188700,64.07018872070313,-0.9955902099609375,-0.0400543212890625,-0.020477294921875
1760555391306193700,64.08019360351562,-0.9956512451171875,-0.0431671142578125,-0.0170745849609375
1760555391316199400,64.09019946289062,-0.995361328125,-0.0431671142578125,-0.016876220703125
1760555391326204400,64.10020434570312,-0.9946136474609375,-0.04315185546875,-0.017669677734375
1760555391336210400,64.11021044921876,-0.9951324462890625,-0.0440826416015625,-0.01873779296875
1760555391346215400,64.12021533203125,-0.9930267333984375,-0.0422821044921875,-0.01947021484375
1760555391356221400,64.13022143554687,-0.99591064453125,-0.0402374267578125,-0.0206756591796875
1760555391366226400,64.14022631835938,-0.99578857421875,-0.039825439453125,-0.0193023681640625
1760555391376232400,64.150232421875,-0.9968719482421875,-0.0384674072265625,-0.016387939453125
1760555391386237400,64.16023754882812,-0.997100830078125,-0.0378570556640625,-0.018157958984375
1760555391396243500,64.17024340820312,-0.99664306640625,-0.03546142578125,-0.0190277099609375
1760555391406248400,64.18024853515625,-0.99639892578125,-0.0343017578125,-0.0182342529296875
1760555391416254500,64.19025439453125,-0.9984588623046875,-0.034881591796875,-0.021087646484375
1760555391426259500,64.20025952148437,-1.000396728515625,-0.03424072265625,-0.022369384765625
1760555391436265500,64.21026538085937,-0.9983673095703125,-0.0338134765625,-0.0208740234375
1760555391446270500,64.2202705078125,-0.9983367919921875,-0.0347747802734375,-0.0205230712890625
1760555391456276500,64.2302763671875,-0.99627685546875,-0.03717041015625,-0.0203399658203125
1760555391466281500,64.24028149414063,-0.996673583984375,-0.036224365234375,-0.0190277099609375
1760555391476287500,64.25028759765625,-1.00030517578125,-0.035675048828125,-0.020233154296875
1760555391486292500,64.26029248046875,-0.9959869384765625,-0.0437164306640625,-0.024749755859375
1760555391496298200,64.27029833984375,-0.997894287109375,-0.03961181640625,-0.020782470703125
1760555391506303200,64.28030322265624,-0.9954071044921875,-0.039337158203125,-0.0211181640625
1760555391516309500,64.2903095703125,-0.9994659423828125,-0.0384368896484375,-0.0211639404296875
1760555391526314500,64.300314453125,-0.9932708740234375,-0.044464111328125,-0.02020263671875
1760555391536320500,64.31032055664062,-0.991302490234375,-0.0520477294921875,-0.020965576171875
1760555391546325500,64.32032543945313,-0.9950103759765625,-0.049041748046875,-0.020843505859375
1760555391556331500,64.33033154296875,-0.9953155517578125,-0.0426025390625,-0.020965576171875
1760555391566336500,64.34033642578125,-0.9950103759765625,-0.0422821044921875,-0.01971435546875
1760555391576342300,64.35034228515624,-0.9967193603515625,-0.0447845458984375,-0.0199127197265625
1760555391586347300,64.36034716796875,-0.9933624267578125,-0.04681396484375,-0.02032470703125
1760555391596353300,64.37035327148438,-0.9926910400390625,-0.0447540283203125,-0.018157958984375
1760555391606358500,64.38035864257813,-0.9952392578125,-0.0420074462890625,-0.0189971923828125
1760555391616364500,64.39036450195313,-0.99609375,-0.04071044921875,-0.019287109375
1760555391626369500,64.40036962890625,-0.9944305419921875,-0.041595458984375,-0.019439697265625
1760555391636375600,64.41037548828125,-0.994720458984375,-0.0433502197265625,-0.024169921875
1760555391646380500,64.42038061523438,-0.9951019287109375,-0.0417327880859375,-0.028411865234375
1760555391656386300,64.43038623046876,-0.99761962890625,-0.03778076171875,-0.0283355712890625
1760555391666391300,64.44039135742187,-0.998565673828125,-0.0356292724609375,-0.0272979736328125
1760555391676397300,64.45039721679687,-0.995208740234375,-0.0382843017578125,-0.0255279541015625
1760555391686402300,64.46040234375,-0.99700927734375,-0.0393218994140625,-0.0200958251953125
1760555391696408600,64.47040869140625,-0.996185302734375,-0.0379486083984375,-0.01947021484375
1760555391706414300,64.48041430664063,-0.99566650390625,-0.036773681640625,-0.0177764892578125
1760555391716419600,64.49041967773438,-0.9963531494140625,-0.03521728515625,-0.0201416015625
1760555391726425300,64.50042529296876,-0.998687744140625,-0.0362396240234375,-0.0210418701171875
1760555391736430300,64.51043041992187,-0.999267578125,-0.033538818359375,-0.023468017578125
1760555391746436400,64.52043627929687,-0.9983367919921875,-0.0305328369140625,-0.02734375
1760555391756441300,64.53044140625,-0.9990692138671875,-0.031097412109375,-0.03082275390625
1760555391766447400,64.540447265625,-0.9980010986328125,-0.0328521728515625,-0.0268096923828125
1760555391776452400,64.55045239257812,-0.99261474609375,-0.0399932861328125,-0.0231781005859375
1760555391786458400,64.56045825195312,-0.994964599609375,-0.0363311767578125,-0.023162841796875
1760555391796463600,64.57046362304688,-0.99798583984375,-0.0303802490234375,-0.026397705078125
1760555391806469400,64.58046948242188,-0.9986724853515625,-0.02642822265625,-0.028533935546875
1760555391816474400,64.59047436523437,-0.998931884765625,-0.02911376953125,-0.030487060546875
1760555391826480400,64.60048046875,-0.9978179931640625,-0.0340576171875,-0.0313720703125
1760555391836485400,64.6104853515625,-0.9920196533203125,-0.0414276123046875,-0.029052734375
1760555391846491400,64.62049145507812,-0.99560546875,-0.0415191650390625,-0.0291290283203125
1760555391856496400,64.63049633789062,-0.9976348876953125,-0.0370941162109375,-0.0293426513671875
1760555391866502400,64.64050244140626,-0.9960479736328125,-0.0341339111328125,-0.024993896484375
1760555391876507600,64.65050756835937,-0.99945068359375,-0.0244140625,-0.0262603759765625
1760555391886513400,64.66051342773437,-1.0009765625,-0.024383544921875,-0.02789306640625
1760555391896518400,64.67051831054688,-0.9976959228515625,-0.0274810791015625,-0.0299835205078125
1760555391906524400,64.6805244140625,-0.99761962890625,-0.0292816162109375,-0.0346527099609375
1760555391916529400,64.690529296875,-1.0004119873046875,-0.0284881591796875,-0.0326385498046875
1760555391926535400,64.70053540039062,-0.9995880126953125,-0.0248565673828125,-0.030975341796875
1760555391936540400,64.71054052734375,-1,-0.0228424072265625,-0.028564453125
1760555391946546400,64.72054638671875,-1.00201416015625,-0.0261077880859375,-0.0268707275390625
1760555391956551400,64.73055151367187,-0.9975433349609375,-0.032135009765625,-0.028778076171875
1760555391966557400,64.74055737304687,-0.9959716796875,-0.0302886962890625,-0.0266876220703125
1760555391976562400,64.7505625,-0.9993133544921875,-0.0284576416015625,-0.031524658203125
1760555391986568400,64.760568359375,-1.00018310546875,-0.0280609130859375,-0.033172607421875
1760555391996573400,64.77057348632812,-0.9977264404296875,-0.0279693603515625,-0.0341644287109375
1760555392006579500,64.78057934570313,-0.9975128173828125,-0.0309295654296875,-0.034942626953125
1760555392016584400,64.79058447265625,-0.998046875,-0.029022216796875,-0.036590576171875
1760555392026590500,64.80059057617187,-0.9974517822265625,-0.03106689453125,-0.0343017578125
1760555392036595500,64.81059545898438,-0.9971466064453125,-0.034698486328125,-0.03363037109375
1760555392046601200,64.82060131835938,-0.9956817626953125,-0.033843994140625,-0.0364532470703125
1760555392056606200,64.83060620117188,-0.9981689453125,-0.0342864990234375,-0.0353240966796875
1760555392066612500,64.84061254882812,-0.9979095458984375,-0.035430908203125,-0.026885986328125
1760555392076617500,64.85061743164063,-0.9969024658203125,-0.03515625,-0.024078369140625
1760555392086623500,64.86062353515625,-0.9966888427734375,-0.0360260009765625,-0.0223541259765625
1760555392096628500,64.87062841796875,-0.9874420166015625,-0.0510101318359375,-0.0252532958984375
1760555392106634500,64.88063452148438,-0.98876953125,-0.0528717041015625,-0.02142333984375
1760555392116639500,64.89063940429688,-0.9922027587890625,-0.0471038818359375,-0.0224456787109375
1760555392126645200,64.90064526367188,-0.9952239990234375,-0.0382232666015625,-0.02294921875
1760555392136650200,64.91065014648437,-0.997802734375,-0.033660888671875,-0.0272369384765625
1760555392146656500,64.92065649414063,-0.9967498779296875,-0.0370635986328125,-0.032745361328125
1760555392156661500,64.93066162109375,-0.99652099609375,-0.03973388671875,-0.034271240234375
1760555392166667500,64.94066748046875,-0.996978759765625,-0.035430908203125,-0.032684326171875
1760555392176672500,64.95067260742188,-0.9991607666015625,-0.0331573486328125,-0.029388427734375
1760555392186678500,64.96067846679688,-0.99859619140625,-0.0314483642578125,-0.0293426513671875
1760555392196684300,64.97068432617188,-1.0008697509765625,-0.030517578125,-0.0217742919921875
1760555392206689300,64.98068920898437,-0.9945068359375,-0.0384979248046875,-0.013031005859375
1760555392216694300,64.9906943359375,-0.9922943115234375,-0.041595458984375,-0.0120697021484375
1760555392226700300,65.0007001953125,-0.994873046875,-0.0417938232421875,-0.0183563232421875
1760555392236706600,65.01070654296875,-0.9962158203125,-0.037445068359375,-0.0186920166015625
1760555392246711600,65.02071166992188,-0.9952850341796875,-0.035400390625,-0.01971435546875
1760555392256717600,65.03071752929688,-1,-0.0339813232421875,-0.0255889892578125
1760555392266722600,65.04072265625,-0.997894287109375,-0.038726806640625,-0.028350830078125
1760555392276728300,65.05072827148437,-0.9946136474609375,-0.0401611328125,-0.025665283203125
1760555392286733300,65.0607333984375,-0.9995574951171875,-0.036834716796875,-0.027496337890625
1760555392296739300,65.0707392578125,-1.0009918212890625,-0.0322113037109375,-0.0269317626953125
1760555392306744300,65.08074438476562,-0.997894287109375,-0.0355224609375,-0.018341064453125
1760555392316750600,65.09075048828124,-0.990997314453125,-0.046875,-0.0146331787109375
1760555392326755600,65.10075561523438,-0.989990234375,-0.051116943359375,-0.015777587890625
1760555392336761600,65.11076171875,-0.9947662353515625,-0.0472259521484375,-0.016082763671875
1760555392346766600,65.1207666015625,-0.9952850341796875,-0.0423736572265625,-0.01904296875
1760555392356772600,65.13077270507813,-0.9955596923828125,-0.0373077392578125,-0.024932861328125
1760555392366777600,65.14077758789062,-0.997802734375,-0.0378265380859375,-0.024932861328125
1760555392376783600,65.15078369140625,-0.994171142578125,-0.0390625,-0.025054931640625
1760555392386788600,65.16078857421876,-0.9954681396484375,-0.0382843017578125,-0.028350830078125
1760555392396795000,65.170794921875,-0.9987640380859375,-0.034759521484375,-0.02630615234375
1760555392406800000,65.1807998046875,-0.99627685546875,-0.0340423583984375,-0.0180511474609375
1760555392416805600,65.1908056640625,-0.997589111328125,-0.03363037109375,-0.0200653076171875
1760555392426810600,65.200810546875,-1.00103759765625,-0.0337982177734375,-0.0220184326171875
1760555392436816600,65.21081665039063,-0.996368408203125,-0.0346527099609375,-0.0173187255859375
1760555392446821600,65.22082153320312,-0.996612548828125,-0.0356292724609375,-0.0197601318359375
1760555392456827600,65.23082763671874,-0.9991912841796875,-0.03680419921875,-0.022979736328125
1760555392466832600,65.24083251953125,-0.996124267578125,-0.03582763671875,-0.021087646484375
1760555392476838700,65.25083862304687,-0.9946746826171875,-0.0381927490234375,-0.0206451416015625
1760555392486843600,65.26084375,-0.9968414306640625,-0.039306640625,-0.024505615234375
1760555392496849700,65.270849609375,-0.99383544921875,-0.039886474609375,-0.0215606689453125
1760555392506854700,65.28085473632812,-0.993621826171875,-0.0415496826171875,-0.0219573974609375
1760555392516860700,65.29086059570312,-0.99932861328125,-0.036102294921875,-0.0287322998046875
1760555392526865700,65.30086572265625,-0.9986114501953125,-0.033935546875,-0.026519775390625
1760555392536871700,65.31087158203125,-0.99481201171875,-0.036346435546875,-0.01812744140625
1760555392546876700,65.32087670898437,-0.991546630859375,-0.044677734375,-0.021942138671875
1760555392556882700,65.33088256835937,-0.99176025390625,-0.04547119140625,-0.0284576416015625
1760555392566887700,65.3408876953125,-0.9937591552734375,-0.04052734375,-0.027435302734375
1760555392576893700,65.35089379882812,-1.0000152587890625,-0.0319061279296875,-0.027801513671875
1760555392586898700,65.36089868164062,-1.00152587890625,-0.0280609130859375,-0.0301055908203125
1760555392596904700,65.37090478515626,-0.99871826171875,-0.0303497314453125,-0.02728271484375
1760555392606909700,65.38090966796875,-0.999053955078125,-0.029571533203125,-0.023345947265625
1760555392616915700,65.39091577148437,-1.0006561279296875,-0.028839111328125,-0.0239410400390625
1760555392626920700,65.40092065429687,-0.9997100830078125,-0.029022216796875,-0.0243377685546875
1760555392636926700,65.4109267578125,-0.99609375,-0.03411865234375,-0.02606201171875
1760555392646931700,65.420931640625,-0.99517822265625,-0.0408477783203125,-0.0267791748046875
1760555392656937500,65.4309375,-0.9913330078125,-0.0415496826171875,-0.025787353515625
1760555392666942700,65.44094262695313,-0.9966583251953125,-0.034515380859375,-0.0241241455078125
1760555392676948700,65.45094873046875,-1.00335693359375,-0.0278778076171875,-0.025360107421875
1760555392686953700,65.46095361328125,-0.9970550537109375,-0.0290374755859375,-0.0237579345703125
1760555392696959700,65.47095971679687,-0.9941253662109375,-0.0349884033203125,-0.0241851806640625
1760555392706964700,65.48096484375,-0.9990692138671875,-0.03082275390625,-0.0229949951171875
1760555392716970800,65.490970703125,-0.9954376220703125,-0.0315399169921875,-0.02197265625
1760555392726975700,65.50097583007812,-0.9980010986328125,-0.028564453125,-0.02435302734375
1760555392736981500,65.5109814453125,-0.9985809326171875,-0.0336151123046875,-0.0299072265625
1760555392746986800,65.52098681640625,-0.9952239990234375,-0.0333709716796875,-0.025543212890625
1760555392756992800,65.53099267578125,-0.9942169189453125,-0.0352783203125,-0.025665283203125
1760555392766997800,65.54099780273438,-0.9943389892578125,-0.0389404296875,-0.0259552001953125
1760555392777003800,65.55100366210938,-0.99261474609375,-0.0379486083984375,-0.0240325927734375
1760555392787008800,65.5610087890625,-0.99365234375,-0.0352630615234375,-0.02581787109375
1760555392797014800,65.57101489257812,-1.0007781982421875,-0.0281524658203125,-0.0262908935546875
1760555392807019800,65.58101977539063,-0.99761962890625,-0.0255889892578125,-0.0240936279296875
1760555392817025500,65.59102563476563,-0.998016357421875,-0.0283203125,-0.0256500244140625
1760555392827030800,65.60103076171875,-0.9988250732421875,-0.0316619873046875,-0.0263671875
1760555392837036500,65.61103662109375,-0.9945220947265625,-0.0313720703125,-0.023895263671875
1760555392847041500,65.62104150390626,-0.9962005615234375,-0.031646728515625,-0.024200439453125
1760555392857047800,65.6310478515625,-1.000274658203125,-0.028045654296875,-0.02398681640625
1760555392867052800,65.641052734375,-0.999420166015625,-0.0267486572265625,-0.025177001953125
1760555392877058800,65.65105883789063,-0.99664306640625,-0.0290069580078125,-0.027435302734375
1760555392887063800,65.66106372070313,-0.997222900390625,-0.03271484375,-0.02557373046875
1760555392897069600,65.67106958007813,-0.9945831298828125,-0.0318603515625,-0.02459716796875
1760555392907074800,65.68107470703124,-0.999755859375,-0.028472900390625,-0.02496337890625
1760555392917080600,65.69108056640626,-0.9991302490234375,-0.0290374755859375,-0.02508544921875
1760555392927085600,65.70108544921875,-0.9961700439453125,-0.0283203125,-0.0246429443359375
1760555392937091600,65.71109155273437,-0.99456787109375,-0.0339813232421875,-0.0248870849609375
1760555392947096600,65.7210966796875,-0.997314453125,-0.033233642578125,-0.02557373046875
1760555392957102800,65.73110278320313,-0.99755859375,-0.029083251953125,-0.02288818359375
1760555392967108600,65.74110864257813,-0.996185302734375,-0.02947998046875,-0.0267486572265625
1760555392977113600,65.75111352539062,-0.9971466064453125,-0.0318450927734375,-0.0295867919921875
1760555392987119600,65.76111962890624,-0.994110107421875,-0.033172607421875,-0.0272979736328125
1760555392997124600,65.77112451171875,-0.9972076416015625,-0.025604248046875,-0.026153564453125
1760555393007130600,65.78113061523437,-0.999908447265625,-0.02374267578125,-0.0273284912109375
1760555393017135600,65.79113549804687,-1.0006561279296875,-0.0216827392578125,-0.023529052734375
1760555393027142000,65.80114184570313,-1.0008697509765625,-0.02081298828125,-0.022125244140625
1760555393037147000,65.81114697265625,-1.0008544921875,-0.0233001708984375,-0.027130126953125
1760555393047152600,65.82115258789062,-0.9991607666015625,-0.0246124267578125,-0.029754638671875
1760555393057157600,65.83115771484376,-0.9971771240234375,-0.0255126953125,-0.0302276611328125
1760555393067163600,65.84116357421875,-0.9978790283203125,-0.0288543701171875,-0.031341552734375
1760555393077168600,65.85116870117187,-0.9976043701171875,-0.02911376953125,-0.0300140380859375
1760555393087174700,65.86117456054687,-0.998138427734375,-0.0269775390625,-0.0266876220703125
1760555393097179600,65.8711796875,-0.9952239990234375,-0.031036376953125,-0.0274200439453125
1760555393107185700,65.881185546875,-0.9981689453125,-0.027801513671875,-0.031097412109375
1760555393117190700,65.89119067382812,-1.00079345703125,-0.0292816162109375,-0.031341552734375
1760555393127196700,65.90119677734376,-0.9969329833984375,-0.0265045166015625,-0.03021240234375
1760555393137201700,65.91120166015625,-0.998321533203125,-0.0283203125,-0.0302886962890625
1760555393147207700,65.92120776367187,-0.9995574951171875,-0.0274200439453125,-0.0297393798828125
1760555393157212700,65.93121264648437,-0.9985198974609375,-0.030303955078125,-0.0294189453125
1760555393167218700,65.94121875,-0.9992523193359375,-0.028656005859375,-0.0321502685546875
1760555393177223700,65.9512236328125,-0.996307373046875,-0.033050537109375,-0.0305328369140625
1760555393187229700,65.96122973632812,-0.991241455078125,-0.0390472412109375,-0.0281524658203125
1760555393197234700,65.97123461914063,-0.992218017578125,-0.0414276123046875,-0.0291748046875
1760555393207240700,65.98124072265625,-0.9964599609375,-0.0347900390625,-0.02923583984375
1760555393217245700,65.99124560546875,-0.99786376953125,-0.0289764404296875,-0.0313262939453125
1760555393227251700,66.00125170898437,-0.9981689453125,-0.031005859375,-0.03289794921875
1760555393237256700,66.01125659179688,-0.9967193603515625,-0.034759521484375,-0.0352783203125
1760555393247262700,66.0212626953125,-0.997833251953125,-0.033782958984375,-0.0299072265625
1760555393257267700,66.03126782226562,-0.996734619140625,-0.030914306640625,-0.027435302734375
1760555393267273700,66.04127368164062,-1.000091552734375,-0.0270538330078125,-0.030853271484375
1760555393277278700,66.05127880859375,-1.0018157958984375,-0.0271148681640625,-0.02703857421875
1760555393287284700,66.06128466796875,-0.9970245361328125,-0.034210205078125,-0.026397705078125
1760555393297289700,66.07128979492188,-0.996612548828125,-0.033935546875,-0.0245208740234375
1760555393307295700,66.08129565429688,-0.9893798828125,-0.049896240234375,-0.02325439453125
1760555393317300700,66.09130078125,-0.9860992431640625,-0.0521087646484375,-0.0191497802734375
1760555393327306800,66.101306640625,-0.995452880859375,-0.0371856689453125,-0.022186279296875
1760555393337311500,66.1113115234375,-1.003265380859375,-0.0271453857421875,-0.025421142578125
1760555393347317500,66.1213173828125,-0.998504638671875,-0.0296478271484375,-0.0281829833984375
1760555393357322500,66.13132250976562,-0.9967193603515625,-0.0341796875,-0.032562255859375
1760555393367328500,66.14132861328125,-0.9981231689453125,-0.033447265625,-0.0316009521484375
1760555393377333500,66.15133349609376,-0.9989471435546875,-0.03082275390625,-0.02691650390625
1760555393387339300,66.16133935546875,-1.0022430419921875,-0.026123046875,-0.025177001953125
1760555393397344300,66.17134423828125,-0.9999542236328125,-0.0293121337890625,-0.0260772705078125
1760555393407350300,66.18135034179687,-0.9935150146484375,-0.043792724609375,-0.02093505859375
1760555393417355300,66.19135522460938,-0.9857635498046875,-0.0565948486328125,-0.0218963623046875
1760555393427361500,66.20136157226563,-0.99322509765625,-0.0505218505859375,-0.02484130859375
1760555393437366500,66.21136645507812,-0.9922027587890625,-0.04571533203125,-0.02581787109375
1760555393447372500,66.22137255859376,-0.994720458984375,-0.040191650390625,-0.02435302734375
1760555393457377500,66.23137744140625,-1.0019073486328125,-0.0339508056640625,-0.0312042236328125
1760555393467383300,66.24138330078125,-1.0006561279296875,-0.0352630615234375,-0.027984619140625
1760555393477388300,66.25138818359375,-0.9946746826171875,-0.038177490234375,-0.0268096923828125
1760555393487394300,66.26139428710937,-0.9971160888671875,-0.0396881103515625,-0.03021240234375
1760555393497399300,66.2713994140625,-0.998809814453125,-0.03985595703125,-0.0291748046875
1760555393507405600,66.28140551757812,-0.9943389892578125,-0.04156494140625,-0.0271759033203125
1760555393517410600,66.29141064453125,-0.9982147216796875,-0.037933349609375,-0.029327392578125
1760555393527416600,66.30141650390625,-0.9964752197265625,-0.043426513671875,-0.027984619140625
1760555393537421600,66.31142163085937,-0.9910888671875,-0.0464019775390625,-0.0227203369140625
1760555393547427300,66.32142724609375,-0.9891815185546875,-0.0537872314453125,-0.02423095703125
1760555393557432300,66.33143237304688,-0.98529052734375,-0.0618133544921875,-0.0213470458984375
1760555393567438300,66.34143823242188,-0.9879150390625,-0.052947998046875,-0.021026611328125
1760555393577443300,66.351443359375,-0.99945068359375,-0.040435791015625,-0.0197601318359375
1760555393587449300,66.36144946289062,-0.9981536865234375,-0.035797119140625,-0.01800537109375
1760555393597454300,66.37145434570313,-0.9941558837890625,-0.038177490234375,-0.0183563232421875
1760555393607460600,66.38146069335937,-0.9979248046875,-0.0384979248046875,-0.024993896484375
1760555393617465600,66.39146557617188,-0.9976654052734375,-0.0410003662109375,-0.022735595703125
1760555393627471400,66.40147143554688,-0.9952850341796875,-0.038330078125,-0.0225830078125
1760555393637476400,66.41147631835938,-0.9984588623046875,-0.03729248046875,-0.0235137939453125
1760555393647482400,66.421482421875,-0.993896484375,-0.039764404296875,-0.024261474609375
1760555393657487400,66.4314873046875,-0.99578857421875,-0.035125732421875,-0.0238189697265625
1760555393667493400,66.44149340820313,-1.003570556640625,-0.02484130859375,-0.0308685302734375
1760555393677498400,66.45149829101562,-1.0056304931640625,-0.0214691162109375,-0.0348052978515625
1760555393687504400,66.46150439453125,-1.00018310546875,-0.023529052734375,-0.0386199951171875
1760555393697509600,66.47150952148438,-1.001220703125,-0.0263519287109375,-0.043792724609375
1760555393707515400,66.48151538085938,-1.0017242431640625,-0.0322265625,-0.0397796630859375
1760555393717520400,66.49152026367187,-0.9939727783203125,-0.0346832275390625,-0.0290679931640625
1760555393727526400,66.5015263671875,-0.996612548828125,-0.0360107421875,-0.0255279541015625
1760555393737531400,66.51153149414063,-0.9969482421875,-0.0386199951171875,-0.024932861328125
1760555393747537400,66.52153735351563,-0.9921417236328125,-0.0398101806640625,-0.0252227783203125
1760555393757542400,66.53154248046874,-0.995452880859375,-0.040496826171875,-0.030975341796875
1760555393767548400,66.54154833984374,-0.999237060546875,-0.0386810302734375,-0.0321502685546875
1760555393777553400,66.55155346679688,-0.99664306640625,-0.0367584228515625,-0.0290374755859375
1760555393787559400,66.56155932617187,-0.995819091796875,-0.040069580078125,-0.02923583984375
1760555393797564400,66.571564453125,-0.9970245361328125,-0.0411376953125,-0.0269622802734375
1760555393807570400,66.5815703125,-0.9909515380859375,-0.0443572998046875,-0.02716064453125
1760555393817575400,66.59157543945312,-0.9906005859375,-0.050262451171875,-0.029510498046875
1760555393827581400,66.60158154296874,-0.991790771484375,-0.0506134033203125,-0.0302276611328125
1760555393837586400,66.61158642578125,-0.9936981201171875,-0.0432586669921875,-0.0316314697265625
1760555393847592400,66.62159252929688,-0.9982147216796875,-0.037567138671875,-0.0283966064453125
1760555393857597400,66.63159741210937,-0.9976348876953125,-0.0367431640625,-0.0260467529296875
1760555393867603200,66.64160327148437,-0.9945220947265625,-0.036590576171875,-0.0262908935546875
1760555393877608200,66.65160815429688,-0.9957733154296875,-0.0394287109375,-0.0263824462890625
1760555393887614500,66.66161450195312,-0.991302490234375,-0.0429229736328125,-0.0285186767578125
1760555393897619500,66.67161938476562,-0.99005126953125,-0.0460968017578125,-0.029693603515625
1760555393907625500,66.68162548828126,-0.991851806640625,-0.04864501953125,-0.0306854248046875
1760555393917630500,66.69163037109375,-0.992584228515625,-0.040374755859375,-0.02862548828125
1760555393927636500,66.70163647460937,-1.0009002685546875,-0.0242919921875,-0.030517578125
1760555393937641500,66.71164135742187,-1.0057830810546875,-0.021636962890625,-0.032745361328125
1760555393947647200,66.72164721679688,-0.9959564208984375,-0.0305328369140625,-0.028594970703125
1760555393957652200,66.73165234375,-0.992340087890625,-0.037384033203125,-0.0295867919921875
1760555393967658500,66.74165844726562,-0.9916229248046875,-0.0498199462890625,-0.0338592529296875
1760555393977663500,66.75166357421875,-0.9882049560546875,-0.05029296875,-0.026611328125
1760555393987669500,66.76166943359375,-0.9843292236328125,-0.0458526611328125,-0.0269622802734375
1760555393997674500,66.77167456054687,-0.9978485107421875,-0.0316619873046875,-0.02935791015625
1760555394007680500,66.78168041992187,-1.0031585693359375,-0.0209503173828125,-0.02996826171875
1760555394017685500,66.791685546875,-1.00018310546875,-0.0199432373046875,-0.024932861328125
1760555394027691300,66.80169116210938,-0.9988250732421875,-0.024749755859375,-0.0277557373046875
1760555394037696300,66.8116962890625,-0.9954071044921875,-0.0331573486328125,-0.02978515625
1760555394047702300,66.82170239257813,-0.9943084716796875,-0.0297088623046875,-0.0235748291015625
1760555394057707300,66.83170727539063,-0.998687744140625,-0.02197265625,-0.0218658447265625
1760555394067713500,66.84171362304687,-1.0058441162109375,-0.01116943359375,-0.024017333984375
1760555394077718500,66.85171850585938,-1.004302978515625,-0.009033203125,-0.0233917236328125
1760555394087724500,66.861724609375,-1.0012664794921875,-0.0102996826171875,-0.0248565673828125
1760555394097729500,66.8717294921875,-1.0031585693359375,-0.0112457275390625,-0.0269622802734375
1760555394107735300,66.8817353515625,-1.0050201416015625,-0.007843017578125,-0.02825927734375
1760555394117740300,66.891740234375,-1.004486083984375,-0.00347900390625,-0.020965576171875
1760555394127746300,66.90174633789063,-1.0047607421875,-0.0002288818359375,-0.0270233154296875
1760555394137751300,66.91175122070312,-1.00579833984375,-0.003387451171875,-0.032501220703125
1760555394147757300,66.92175732421875,-1.0014190673828125,-0.0104522705078125,-0.0285186767578125
1760555394157762600,66.93176245117188,-0.99676513671875,-0.01904296875,-0.0301361083984375
1760555394167768600,66.9417685546875,-0.9955902099609375,-0.025115966796875,-0.032806396484375
1760555394177773600,66.95177368164063,-0.9947357177734375,-0.029327392578125,-0.0269317626953125
1760555394187779300,66.961779296875,-0.9900665283203125,-0.0312042236328125,-0.023223876953125
1760555394197784300,66.97178442382813,-0.9903564453125,-0.0364990234375,-0.027862548828125
1760555394207790300,66.98179028320313,-0.9961090087890625,-0.0335693359375,-0.0290679931640625
1760555394217795300,66.99179541015624,-0.99346923828125,-0.0284423828125,-0.02532958984375
1760555394227801300,67.00180126953126,-0.9969940185546875,-0.0254974365234375,-0.0246429443359375
1760555394237806300,67.01180639648437,-0.9981536865234375,-0.0272216796875,-0.0277252197265625
1760555394247812600,67.0218125,-0.9966888427734375,-0.02471923828125,-0.0257415771484375
1760555394257817600,67.03181762695313,-0.9976654052734375,-0.0207672119140625,-0.0251617431640625
1760555394267823400,67.0418232421875,-1.00048828125,-0.0205841064453125,-0.0272674560546875
1760555394277828400,67.05182836914062,-0.99169921875,-0.030792236328125,-0.0267181396484375
1760555394287834400,67.06183447265624,-0.994110107421875,-0.028594970703125,-0.023895263671875
1760555394297839400,67.07183935546875,-0.9998779296875,-0.0199432373046875,-0.0256805419921875
1760555394307845400,67.08184545898438,-1.0006256103515625,-0.0160980224609375,-0.023101806640625
1760555394317850400,67.09185034179687,-1.0011444091796875,-0.0147247314453125,-0.023681640625
1760555394327856400,67.1018564453125,-1.003326416015625,-0.01416015625,-0.0278472900390625
1760555394337862000,67.11186181640625,-0.999969482421875,-0.0157470703125,-0.0261688232421875
1760555394347867600,67.12186767578125,-0.999114990234375,-0.0157623291015625,-0.0219268798828125
1760555394357872600,67.13187255859376,-0.998931884765625,-0.0187225341796875,-0.02386474609375
1760555394367878700,67.14187866210938,-0.99700927734375,-0.0282135009765625,-0.024200439453125
1760555394377883600,67.15188354492187,-0.9976959228515625,-0.022918701171875,-0.024139404296875
1760555394387889700,67.1618896484375,-1.00091552734375,-0.01922607421875,-0.0269317626953125
1760555394397894700,67.17189477539063,-1.000335693359375,-0.02081298828125,-0.026641845703125
1760555394407900700,67.18190063476563,-0.9929046630859375,-0.02838134765625,-0.0218353271484375
1760555394417905700,67.19190576171874,-0.986846923828125,-0.04736328125,-0.020721435546875
1760555394427911700,67.20191162109376,-0.98858642578125,-0.0444183349609375,-0.0241546630859375
1760555394437916700,67.21191674804687,-0.993988037109375,-0.0305938720703125,-0.0263824462890625
1760555394447922700,67.22192260742187,-0.99993896484375,-0.024322509765625,-0.0252532958984375
1760555394457927700,67.231927734375,-0.998504638671875,-0.02789306640625,-0.0247955322265625
1760555394467933700,67.24193359375,-0.9921112060546875,-0.04010009765625,-0.0297698974609375
1760555394477938700,67.25193872070312,-0.99041748046875,-0.04150390625,-0.02606201171875
1760555394487944700,67.26194482421874,-0.9903564453125,-0.03778076171875,-0.0223846435546875
1760555394497949700,67.27194970703125,-0.9945068359375,-0.03729248046875,-0.0245513916015625
1760555394507955500,67.28195556640625,-0.993743896484375,-0.0363922119140625,-0.0233001708984375
1760555394517960400,67.29196044921875,-0.9906005859375,-0.0345916748046875,-0.0238800048828125
1760555394527966700,67.301966796875,-0.9981689453125,-0.0285491943359375,-0.0318450927734375
1760555394537971700,67.3119716796875,-1.000030517578125,-0.02362060546875,-0.028045654296875
1760555394547977700,67.32197778320312,-0.9983673095703125,-0.0195465087890625,-0.026214599609375
1760555394557982700,67.33198266601562,-1.000823974609375,-0.0193939208984375,-0.0286407470703125
1760555394567988700,67.34198876953126,-1.000762939453125,-0.0205535888671875,-0.03009033203125
1760555394577993700,67.35199365234375,-0.994476318359375,-0.0239715576171875,-0.026885986328125
1760555394587999500,67.36199951171875,-0.9976348876953125,-0.02081298828125,-0.0277099609375
1760555394598004500,67.37200439453125,-1.0008697509765625,-0.0149688720703125,-0.0277557373046875
1760555394608010800,67.3820107421875,-0.9983062744140625,-0.0184326171875,-0.0275421142578125
1760555394618015700,67.392015625,-0.9995269775390625,-0.0177459716796875,-0.0267333984375
1760555394628021800,67.40202172851562,-1.0004119873046875,-0.016204833984375,-0.0316925048828125
1760555394638026800,67.41202685546875,-0.998199462890625,-0.022003173828125,-0.0321197509765625
1760555394648032800,67.42203271484375,-0.9931793212890625,-0.026580810546875,-0.0301513671875
1760555394658037800,67.43203784179687,-0.9934844970703125,-0.0257568359375,-0.02862548828125
1760555394668043500,67.44204345703125,-0.9950714111328125,-0.02740478515625,-0.0289764404296875
1760555394678048500,67.45204858398438,-0.994659423828125,-0.0279388427734375,-0.0270843505859375
1760555394688054500,67.46205444335938,-0.9947967529296875,-0.0286102294921875,-0.0237884521484375
1760555394698059500,67.4720595703125,-0.990264892578125,-0.0363616943359375,-0.027069091796875
1760555394708065800,67.48206567382813,-0.996490478515625,-0.025726318359375,-0.0262298583984375
1760555394718070800,67.49207080078125,-0.9984130859375,-0.019622802734375,-0.0272369384765625
1760555394728076800,67.50207690429687,-0.99761962890625,-0.0201568603515625,-0.0326080322265625
1760555394738081800,67.51208178710938,-0.9980316162109375,-0.02252197265625,-0.041900634765625
1760555394748087600,67.52208764648438,-0.9993438720703125,-0.02215576171875,-0.0392303466796875
1760555394758092500,67.53209252929688,-0.9966888427734375,-0.0166778564453125,-0.036590576171875
1760555394768098600,67.5420986328125,-1.0013580322265625,-0.0142364501953125,-0.036224365234375
1760555394778103600,67.552103515625,-1.0018310546875,-0.0175018310546875,-0.0367279052734375
1760555394788109800,67.56210986328125,-0.998077392578125,-0.0136566162109375,-0.03289794921875
1760555394798114800,67.57211474609375,-0.996795654296875,-0.0164642333984375,-0.030487060546875
1760555394808120800,67.58212084960938,-0.99761962890625,-0.0200653076171875,-0.0283966064453125
1760555394818125800,67.59212573242188,-1.0006256103515625,-0.0130767822265625,-0.0282135009765625
1760555394828131600,67.60213159179688,-0.998382568359375,-0.012786865234375,-0.0272979736328125
1760555394838136600,67.61213647460937,-0.9996490478515625,-0.0153656005859375,-0.0330963134765625
1760555394848142600,67.622142578125,-1.000885009765625,-0.01318359375,-0.03515625
1760555394858147600,67.63214770507813,-1.0002899169921875,-0.0142059326171875,-0.0341644287109375
1760555394868153600,67.64215356445312,-0.9983673095703125,-0.017974853515625,-0.0367431640625
1760555394878158600,67.65215869140626,-1.0013427734375,-0.021270751953125,-0.0387725830078125
1760555394888164900,67.66216479492188,-1.0008544921875,-0.0218505859375,-0.039642333984375
1760555394898169900,67.672169921875,-0.996307373046875,-0.0283660888671875,-0.0336456298828125
1760555394908175600,67.68217553710937,-0.992401123046875,-0.0362548828125,-0.030487060546875
1760555394918180600,67.6921806640625,-0.992401123046875,-0.0378265380859375,-0.029693603515625
1760555394928186600,67.7021865234375,-0.9898529052734375,-0.0348358154296875,-0.0257415771484375
1760555394938191600,67.71219165039062,-0.995697021484375,-0.02783203125,-0.0252227783203125
1760555394948197600,67.72219775390624,-0.99871826171875,-0.025543212890625,-0.024444580078125
1760555394958202600,67.73220263671875,-0.997100830078125,-0.026580810546875,-0.0271453857421875
1760555394968208600,67.74220874023437,-0.9931488037109375,-0.0327606201171875,-0.0292816162109375
1760555394978213600,67.75221362304687,-0.9957427978515625,-0.0312042236328125,-0.030303955078125
1760555394988219600,67.7622197265625,-0.99664306640625,-0.0286407470703125,-0.0296630859375
1760555394998224600,67.772224609375,-0.9971923828125,-0.0265655517578125,-0.0270843505859375
1760555395008230700,67.78223071289062,-0.9965667724609375,-0.025054931640625,-0.029266357421875
1760555395018235600,67.79223559570312,-0.9962921142578125,-0.0283050537109375,-0.0308074951171875
1760555395028241700,67.80224169921875,-0.996673583984375,-0.027313232421875,-0.0253448486328125
1760555395038246700,67.81224658203125,-0.9926300048828125,-0.03118896484375,-0.0263519287109375
1760555395048252700,67.82225268554687,-0.9947052001953125,-0.031097412109375,-0.029144287109375
1760555395058257700,67.83225756835938,-1.000457763671875,-0.0243072509765625,-0.0276641845703125
1760555395068263700,67.842263671875,-1.0012054443359375,-0.021759033203125,-0.0257415771484375
1760555395078268700,67.8522685546875,-0.9990081787109375,-0.0239715576171875,-0.0291290283203125
1760555395088274700,67.86227465820312,-1.0006866455078125,-0.024871826171875,-0.031707763671875
1760555395098279700,67.87227978515625,-0.999114990234375,-0.0275115966796875,-0.030853271484375
1760555395108284700,67.88228466796875,-0.9971771240234375,-0.0293731689453125,-0.0259552001953125
1760555395118290700,67.89229077148437,-0.99688720703125,-0.0276336669921875,-0.0254974365234375
1760555395128295700,67.90229565429688,-0.9948577880859375,-0.032958984375,-0.02557373046875
1760555395138301700,67.9123017578125,-0.9894866943359375,-0.0411529541015625,-0.02606201171875
1760555395148306700,67.922306640625,-0.99188232421875,-0.0415496826171875,-0.027984619140625
1760555395158312400,67.9323125,-0.9947357177734375,-0.0364837646484375,-0.0277252197265625
1760555395168317400,67.9423173828125,-0.9925994873046875,-0.0375823974609375,-0.027099609375
1760555395178323700,67.95232373046875,-0.9963836669921875,-0.0346527099609375,-0.03192138671875
1760555395188328700,67.96232861328124,-0.99493408203125,-0.0355072021484375,-0.0314483642578125
1760555395198334700,67.97233471679688,-0.9953765869140625,-0.03558349609375,-0.02838134765625
1760555395208339700,67.98233959960938,-0.996185302734375,-0.0335540771484375,-0.0306549072265625
1760555395218345700,67.992345703125,-0.9982452392578125,-0.0317535400390625,-0.0290374755859375
1760555395228350700,68.00235083007813,-0.99688720703125,-0.03106689453125,-0.02923583984375
1760555395238356500,68.0123564453125,-0.9984130859375,-0.0320281982421875,-0.0317230224609375
1760555395248361500,68.02236157226562,-0.997833251953125,-0.030242919921875,-0.0308837890625
1760555395258367700,68.03236767578124,-0.9974365234375,-0.0274810791015625,-0.0263214111328125
1760555395268372700,68.04237280273438,-0.9971923828125,-0.02947998046875,-0.027923583984375
1760555395278378800,68.05237866210938,-0.9965667724609375,-0.0293731689453125,-0.0276336669921875
1760555395288383700,68.0623837890625,-0.9971771240234375,-0.0288543701171875,-0.026885986328125
1760555395298389800,68.0723896484375,-0.9989776611328125,-0.02734375,-0.0247344970703125
1760555395308394800,68.08239477539063,-0.9986114501953125,-0.026763916015625,-0.0236968994140625
1760555395318400500,68.092400390625,-0.9975128173828125,-0.0301666259765625,-0.023468017578125
1760555395328405500,68.10240551757812,-0.9949798583984375,-0.03485107421875,-0.024169921875
1760555395338411800,68.11241186523438,-0.994293212890625,-0.034332275390625,-0.0301361083984375
1760555395348416800,68.12241674804687,-0.9950714111328125,-0.032379150390625,-0.0282745361328125
1760555395358423000,68.13242309570313,-0.9968719482421875,-0.0325469970703125,-0.028656005859375
1760555395368428000,68.14242797851563,-0.9938812255859375,-0.0356292724609375,-0.0301666259765625
1760555395378434000,68.15243408203125,-0.997039794921875,-0.0337371826171875,-0.0283203125
1760555395388439000,68.16243896484374,-0.996002197265625,-0.0315093994140625,-0.026519775390625
1760555395398444800,68.17244482421874,-0.99530029296875,-0.03057861328125,-0.0269775390625
1760555395408449800,68.18244970703125,-0.998016357421875,-0.0286407470703125,-0.0285797119140625
1760555395418455800,68.19245581054687,-0.9979095458984375,-0.0299072265625,-0.03143310546875
1760555395428460800,68.20246069335937,-0.9971160888671875,-0.0303192138671875,-0.0313873291015625
1760555395438467000,68.21246704101563,-0.9951171875,-0.0321044921875,-0.03057861328125
1760555395448472000,68.22247216796875,-0.998626708984375,-0.0258636474609375,-0.028594970703125
1760555395458478000,68.23247802734375,-1.0011749267578125,-0.02203369140625,-0.027618408203125
1760555395468483000,68.24248315429688,-0.99896240234375,-0.0268402099609375,-0.0253143310546875
1760555395478488800,68.25248876953125,-0.995880126953125,-0.0269622802734375,-0.026824951171875
1760555395488493800,68.26249389648437,-0.995880126953125,-0.027374267578125,-0.0303192138671875
1760555395498499800,68.27249975585937,-0.997589111328125,-0.029327392578125,-0.030364990234375
1760555395508504800,68.2825048828125,-0.99737548828125,-0.029571533203125,-0.0283355712890625
1760555395518510800,68.2925107421875,-0.996856689453125,-0.0281829833984375,-0.02764892578125
1760555395528515800,68.30251586914062,-0.998565673828125,-0.025848388671875,-0.0312652587890625
1760555395538522000,68.31252221679688,-0.9967193603515625,-0.0263519287109375,-0.0282440185546875
1760555395548527000,68.32252709960937,-0.996368408203125,-0.02947998046875,-0.0263824462890625
1760555395558532900,68.33253295898437,-0.9960174560546875,-0.0327301025390625,-0.027130126953125
1760555395568537900,68.34253784179687,-0.9942169189453125,-0.035247802734375,-0.0283355712890625
1760555395578543900,68.3525439453125,-0.9923553466796875,-0.034759521484375,-0.0284271240234375
1760555395588548900,68.362548828125,-0.994873046875,-0.034637451171875,-0.030670166015625
1760555395598555000,68.37255493164062,-0.997406005859375,-0.0302886962890625,-0.0318603515625
1760555395608559900,68.38255981445313,-0.9981536865234375,-0.0268096923828125,-0.0302581787109375
1760555395618566000,68.39256591796875,-0.9947052001953125,-0.0290069580078125,-0.0289154052734375
1760555395628571000,68.40257080078125,-0.9974517822265625,-0.0299530029296875,-0.0308990478515625
1760555395638577000,68.41257690429687,-0.9972991943359375,-0.0274505615234375,-0.0339813232421875
1760555395648582000,68.42258178710938,-0.997283935546875,-0.0228118896484375,-0.03094482421875
1760555395658588000,68.432587890625,-1.0002288818359375,-0.02691650390625,-0.02886962890625
1760555395668593000,68.44259301757812,-0.993133544921875,-0.032806396484375,-0.0299072265625
1760555395678599000,68.45259887695312,-0.9947052001953125,-0.028900146484375,-0.0299072265625
1760555395688604000,68.46260400390625,-0.9985198974609375,-0.0216217041015625,-0.0274658203125
1760555395698610000,68.47260986328125,-0.9973907470703125,-0.0249176025390625,-0.028564453125
1760555395708615000,68.48261499023438,-0.999755859375,-0.02423095703125,-0.0330657958984375
1760555395718621000,68.49262084960938,-1.000213623046875,-0.022857666015625,-0.0335693359375
1760555395728626000,68.5026259765625,-0.9984283447265625,-0.0244598388671875,-0.03155517578125
1760555395738631000,68.512630859375,-0.99822998046875,-0.023529052734375,-0.0332794189453125
1760555395748637000,68.52263696289063,-1.0005340576171875,-0.025634765625,-0.0330657958984375
1760555395758642000,68.53264184570313,-0.995697021484375,-0.02880859375,-0.0299835205078125
1760555395768648000,68.54264794921875,-0.9956817626953125,-0.0301971435546875,-0.030303955078125
1760555395778653000,68.55265283203126,-0.99774169921875,-0.030792236328125,-0.033416748046875
1760555395788659000,68.56265893554688,-0.9957122802734375,-0.02911376953125,-0.0298614501953125
1760555395798664000,68.57266381835937,-0.9956512451171875,-0.0279541015625,-0.031463623046875
1760555395808669700,68.58266967773437,-0.99749755859375,-0.02923583984375,-0.03411865234375
1760555395818674700,68.5926748046875,-0.9942169189453125,-0.0311737060546875,-0.03033447265625
1760555395828681000,68.60268090820313,-0.9958953857421875,-0.0286407470703125,-0.0302886962890625
1760555395838686000,68.61268603515624,-0.9984130859375,-0.029632568359375,-0.031494140625
1760555395848692000,68.62269189453124,-0.9978179931640625,-0.0296173095703125,-0.0334625244140625
1760555395858697000,68.63269702148438,-0.995513916015625,-0.0330963134765625,-0.0323944091796875
1760555395868703000,68.64270288085937,-0.9982757568359375,-0.03326416015625,-0.033416748046875
1760555395878708000,68.6527080078125,-0.99334716796875,-0.0368194580078125,-0.0321044921875
1760555395888713700,68.66271362304687,-0.995086669921875,-0.0344390869140625,-0.035675048828125
1760555395898718700,68.67271875,-1.000396728515625,-0.030426025390625,-0.03692626953125
1760555395908725000,68.68272509765625,-0.9962310791015625,-0.0281829833984375,-0.0329742431640625
1760555395918730000,68.69272998046876,-0.9969329833984375,-0.0280609130859375,-0.032989501953125
1760555395928736000,68.70273608398438,-1.0001983642578125,-0.0272216796875,-0.0335693359375
1760555395938741000,68.71274096679687,-0.999237060546875,-0.02374267578125,-0.0328216552734375
1760555395948747000,68.7227470703125,-0.9969635009765625,-0.0256195068359375,-0.0333099365234375
1760555395958752000,68.732751953125,-0.9987640380859375,-0.028228759765625,-0.0348663330078125
1760555395968757800,68.7427578125,-0.999176025390625,-0.027984619140625,-0.032989501953125
1760555395978762800,68.7527626953125,-0.9969940185546875,-0.0283050537109375,-0.030853271484375
1760555395988768800,68.76276879882812,-0.9980926513671875,-0.027099609375,-0.03143310546875
1760555395998773800,68.77277368164063,-0.9925384521484375,-0.04156494140625,-0.0289306640625
1760555396008780000,68.78278002929687,-0.9875946044921875,-0.0480804443359375,-0.031402587890625
1760555396018785000,68.79278491210937,-0.991058349609375,-0.0450286865234375,-0.0352935791015625
1760555396028791000,68.802791015625,-0.9932708740234375,-0.0399169921875,-0.0335845947265625
1760555396038796000,68.81279614257812,-0.9957122802734375,-0.031219482421875,-0.0318756103515625
1760555396048801800,68.8228017578125,-0.9969940185546875,-0.03582763671875,-0.0341796875
1760555396058806800,68.83280688476563,-0.993896484375,-0.03973388671875,-0.03564453125
1760555396068812800,68.84281274414063,-0.990081787109375,-0.040802001953125,-0.03802490234375
1760555396078817800,68.85281787109375,-0.9950714111328125,-0.036407470703125,-0.0387725830078125
1760555396088823800,68.86282373046875,-1.0012664794921875,-0.0291290283203125,-0.0416107177734375
1760555396098828800,68.87282885742188,-0.9988555908203125,-0.0283203125,-0.0374298095703125
1760555396108835000,68.8828349609375,-0.998626708984375,-0.0284271240234375,-0.0367584228515625
1760555396118840000,68.89284008789062,-0.9989166259765625,-0.0279083251953125,-0.0373687744140625
1760555396128845800,68.902845703125,-0.9956817626953125,-0.0302734375,-0.0321197509765625
1760555396138850800,68.91285083007813,-0.997406005859375,-0.026947021484375,-0.0279083251953125
1760555396148856800,68.92285693359375,-0.9993896484375,-0.027984619140625,-0.030181884765625
1760555396158861800,68.93286181640624,-0.9968109130859375,-0.028076171875,-0.0345916748046875
1760555396168867800,68.94286791992188,-0.99615478515625,-0.0311279296875,-0.0373992919921875
1760555396178872800,68.95287280273438,-0.9954376220703125,-0.031097412109375,-0.03997802734375
1760555396188879000,68.96287915039062,-0.99896240234375,-0.0266876220703125,-0.0420074462890625
1760555396198884000,68.97288403320313,-0.99639892578125,-0.0261993408203125,-0.0446929931640625
1760555396208889000,68.98288916015625,-0.9962310791015625,-0.0335540771484375,-0.040679931640625
1760555396218894800,68.99289477539062,-0.9951629638671875,-0.0350799560546875,-0.0353240966796875
1760555396228899800,69.00289990234376,-0.9922332763671875,-0.037567138671875,-0.033538818359375
1760555396238905900,69.01290576171876,-0.995391845703125,-0.03350830078125,-0.0349884033203125
1760555396248910800,69.02291088867187,-0.9973907470703125,-0.0301971435546875,-0.038818359375
1760555396258916900,69.03291674804687,-0.99615478515625,-0.0334625244140625,-0.039276123046875
1760555396268921900,69.042921875,-0.994232177734375,-0.036224365234375,-0.03948974609375
1760555396278928000,69.05292797851563,-0.9922027587890625,-0.0384063720703125,-0.043548583984375
1760555396288932900,69.06293286132812,-0.9945068359375,-0.037109375,-0.0523681640625
1760555396298939000,69.07293896484374,-0.9967041015625,-0.0351409912109375,-0.0616607666015625
1760555396308944000,69.08294384765625,-0.9956207275390625,-0.035308837890625,-0.0707855224609375
1760555396318950000,69.09294995117187,-0.9949951171875,-0.0356903076171875,-0.0774078369140625
1760555396328955000,69.10295483398437,-0.994384765625,-0.0383453369140625,-0.0733489990234375
1760555396338961000,69.1129609375,-0.9949493408203125,-0.0361480712890625,-0.056427001953125
1760555396348966000,69.1229658203125,-0.996246337890625,-0.0291290283203125,-0.044677734375
1760555396358972000,69.13297192382812,-0.9983978271484375,-0.0286712646484375,-0.0419158935546875
1760555396368977000,69.14297680664062,-0.9923858642578125,-0.0390472412109375,-0.0423736572265625
1760555396378983000,69.15298291015625,-0.990936279296875,-0.0424346923828125,-0.0443572998046875
1760555396388988000,69.16298779296875,-0.9951934814453125,-0.036163330078125,-0.0435333251953125
1760555396398994000,69.17299389648437,-0.9952545166015625,-0.03656005859375,-0.0374603271484375
1760555396408999000,69.1829990234375,-0.9935150146484375,-0.03021240234375,-0.0364532470703125
1760555396419005000,69.1930048828125,-1.001190185546875,-0.0271759033203125,-0.04083251953125
1760555396429010000,69.20301000976562,-0.9971923828125,-0.03192138671875,-0.0441741943359375
1760555396439016000,69.21301586914062,-0.992095947265625,-0.0340423583984375,-0.0486907958984375
1760555396449021000,69.22302099609375,-0.99853515625,-0.0322723388671875,-0.05303955078125
1760555396459026700,69.23302661132813,-0.995697021484375,-0.032257080078125,-0.049560546875
1760555396469032000,69.24303198242187,-0.9932861328125,-0.029388427734375,-0.0465545654296875
1760555396479038000,69.25303784179688,-0.99945068359375,-0.029876708984375,-0.0419464111328125
1760555396489043000,69.26304296875,-0.996490478515625,-0.02996826171875,-0.0299530029296875
1760555396499049000,69.27304907226562,-0.9971771240234375,-0.02557373046875,-0.023834228515625
1760555396509054000,69.28305395507813,-1.0010833740234375,-0.0206756591796875,-0.027191162109375
1760555396519060000,69.29306005859375,-0.9984130859375,-0.0256195068359375,-0.0263671875
1760555396529065000,69.30306494140625,-0.9957275390625,-0.0289306640625,-0.029022216796875
1760555396539070700,69.31307080078125,-0.996795654296875,-0.032257080078125,-0.0360260009765625
1760555396549076000,69.32307592773438,-0.9940338134765625,-0.0357818603515625,-0.0450439453125
1760555396559081700,69.33308178710938,-0.993988037109375,-0.0342559814453125,-0.045501708984375
1760555396569087000,69.3430869140625,-0.9949188232421875,-0.0330810546875,-0.0461578369140625
1760555396579093000,69.35309301757812,-0.9967803955078125,-0.030242919921875,-0.0439453125
1760555396589098000,69.36309790039063,-0.996429443359375,-0.027587890625,-0.036834716796875
1760555396599103000,69.37310302734375,-0.9955596923828125,-0.026214599609375,-0.0334625244140625
1760555396609109000,69.38310888671874,-0.997039794921875,-0.0302276611328125,-0.0308990478515625
1760555396619114000,69.39311401367188,-0.9951324462890625,-0.02972412109375,-0.0276031494140625
1760555396629120000,69.4031201171875,-0.9984130859375,-0.0250701904296875,-0.0274200439453125
1760555396639125000,69.413125,-1.00006103515625,-0.022979736328125,-0.0288238525390625
1760555396649130800,69.423130859375,-1.001922607421875,-0.0199737548828125,-0.031829833984375
1760555396659135700,69.4331357421875,-1,-0.0178375244140625,-0.033935546875
1760555396669142000,69.44314208984375,-1.0004425048828125,-0.0206451416015625,-0.03057861328125
1760555396679147000,69.45314697265626,-0.99176025390625,-0.02935791015625,-0.03448486328125
1760555396689153000,69.46315307617188,-0.9884796142578125,-0.038482666015625,-0.039398193359375
1760555396699158000,69.47315795898437,-0.99407958984375,-0.0330657958984375,-0.0458831787109375
1760555396709164000,69.4831640625,-0.9969024658203125,-0.0251007080078125,-0.044647216796875
1760555396719169000,69.4931689453125,-0.997406005859375,-0.020538330078125,-0.044769287109375
1760555396729174800,69.5031748046875,-1.0019073486328125,-0.0164642333984375,-0.0439910888671875
1760555396739179800,69.5131796875,-0.997589111328125,-0.020782470703125,-0.0387420654296875
1760555396749185800,69.52318579101562,-1.000640869140625,-0.01806640625,-0.0362701416015625
1760555396759190800,69.53319067382813,-1.00238037109375,-0.01898193359375,-0.03466796875
1760555396769197000,69.54319702148437,-0.9951019287109375,-0.0268707275390625,-0.032623291015625
1760555396779202000,69.5532021484375,-0.9925384521484375,-0.0296173095703125,-0.0377349853515625
1760555396789207800,69.56320776367187,-0.9992218017578125,-0.0276031494140625,-0.0400543212890625
1760555396799213000,69.57321313476562,-0.9973602294921875,-0.0248870849609375,-0.0420684814453125
1760555396809218800,69.58321875,-0.9980316162109375,-0.0222015380859375,-0.045745849609375
1760555396819223800,69.59322387695312,-1.0001068115234375,-0.01947021484375,-0.047088623046875
1760555396829229800,69.60322973632813,-0.9957427978515625,-0.0238800048828125,-0.0411376953125
1760555396839234800,69.61323486328125,-0.9937591552734375,-0.028472900390625,-0.0368499755859375
1760555396849241000,69.62324096679687,-0.9976043701171875,-0.027435302734375,-0.03985595703125
1760555396859246000,69.63324609375,-0.9925079345703125,-0.02825927734375,-0.0364990234375
1760555396869251800,69.643251953125,-0.99273681640625,-0.0316619873046875,-0.039764404296875
1760555396879257000,69.65325708007812,-0.9986419677734375,-0.026458740234375,-0.0435638427734375
1760555396889262800,69.66326293945312,-0.996368408203125,-0.0211639404296875,-0.0436553955078125
1760555396899267800,69.67326782226563,-0.9962158203125,-0.0236968994140625,-0.04412841796875
1760555396909273900,69.68327392578125,-1.0020751953125,-0.0188751220703125,-0.04046630859375
1760555396919278800,69.69327880859375,-0.996795654296875,-0.01898193359375,-0.037445068359375
1760555396929284900,69.70328491210938,-0.996185302734375,-0.0237884521484375,-0.037322998046875
1760555396939289900,69.71328979492188,-0.997283935546875,-0.024078369140625,-0.03863525390625
1760555396949294800,69.723294921875,-0.993560791015625,-0.026611328125,-0.03729248046875
1760555396959301000,69.73330102539063,-0.9978179931640625,-0.025543212890625,-0.037506103515625
1760555396969306000,69.74330615234375,-0.995819091796875,-0.02783203125,-0.03631591796875
1760555396979311900,69.75331176757813,-0.992279052734375,-0.0308837890625,-0.033172607421875
1760555396989316900,69.76331689453124,-0.9972381591796875,-0.0252838134765625,-0.033233642578125
1760555396999323000,69.77332299804688,-0.997100830078125,-0.0222930908203125,-0.0347747802734375
1760555397009327900,69.78332788085937,-0.997406005859375,-0.0186309814453125,-0.0312652587890625
1760555397019334000,69.793333984375,-0.9996185302734375,-0.022857666015625,-0.033416748046875
1760555397029339000,69.8033388671875,-0.9979705810546875,-0.02545166015625,-0.037811279296875
1760555397039345200,69.81334521484375,-0.996795654296875,-0.0237884521484375,-0.0370635986328125
1760555397049350100,69.82335009765625,-0.997772216796875,-0.0249786376953125,-0.03924560546875
1760555397059356000,69.83335595703124,-0.99554443359375,-0.0266571044921875,-0.0409698486328125
1760555397069361000,69.84336083984375,-0.9963226318359375,-0.0270538330078125,-0.0403900146484375
1760555397079367000,69.85336694335938,-0.9970855712890625,-0.0236358642578125,-0.038177490234375
1760555397089372000,69.86337182617187,-0.9977874755859375,-0.022979736328125,-0.0358734130859375
1760555397099378000,69.8733779296875,-0.9936065673828125,-0.029998779296875,-0.03729248046875
1760555397109383000,69.8833828125,-0.99688720703125,-0.0274200439453125,-0.03692626953125
1760555397119389000,69.89338891601562,-0.99505615234375,-0.0244293212890625,-0.0341339111328125
1760555397129394000,69.90339379882812,-0.997650146484375,-0.025390625,-0.032562255859375
1760555397139400000,69.91339990234376,-0.9978485107421875,-0.0259857177734375,-0.0348663330078125
1760555397149405000,69.92340502929687,-0.997314453125,-0.02581787109375,-0.03668212890625
1760555397159411000,69.93341088867187,-0.9959259033203125,-0.0261688232421875,-0.036773681640625
1760555397169416000,69.943416015625,-0.9977874755859375,-0.024261474609375,-0.0377197265625
1760555397179422000,69.953421875,-1.0004119873046875,-0.0206451416015625,-0.0381317138671875
1760555397189427000,69.96342700195312,-0.9998321533203125,-0.0239410400390625,-0.0381011962890625
1760555397199433000,69.97343286132812,-0.998016357421875,-0.026031494140625,-0.0391387939453125
1760555397209438000,69.98343798828125,-0.9996337890625,-0.0245208740234375,-0.039215087890625
1760555397219443700,69.99344360351563,-0.9990997314453125,-0.0189056396484375,-0.0385589599609375
1760555397229448700,70.00344873046875,-1.000396728515625,-0.0216217041015625,-0.0371246337890625
1760555397239455000,70.013455078125,-0.9976959228515625,-0.02655029296875,-0.0358123779296875
1760555397249460000,70.0234599609375,-0.993072509765625,-0.034149169921875,-0.0340423583984375
1760555397259465000,70.03346484375,-0.9940185546875,-0.033355712890625,-0.035980224609375
1760555397269471000,70.04347094726562,-0.999298095703125,-0.0283660888671875,-0.0387420654296875
1760555397279476000,70.05347607421875,-0.998565673828125,-0.026275634765625,-0.0364227294921875
1760555397289482000,70.06348193359375,-0.996612548828125,-0.027587890625,-0.035308837890625
1760555397299487000,70.07348706054688,-0.99700927734375,-0.0284576416015625,-0.040771484375
1760555397309492700,70.08349267578124,-0.99560546875,-0.03118896484375,-0.0412445068359375
1760555397319497700,70.09349780273438,-0.9935455322265625,-0.0336151123046875,-0.040191650390625
1760555397329504000,70.10350390625,-0.9923248291015625,-0.0389251708984375,-0.042938232421875
1760555397339508200,70.11350830078125,-0.99188232421875,-0.04180908203125,-0.0373687744140625
1760555397349514500,70.12351440429687,-0.990509033203125,-0.0422821044921875,-0.0330963134765625
1760555397359519500,70.13351953125,-0.9918670654296875,-0.04193115234375,-0.0350799560546875
1760555397369525500,70.143525390625,-0.9955596923828125,-0.0352630615234375,-0.0399627685546875
1760555397379530500,70.15353051757812,-0.9967193603515625,-0.03302001953125,-0.0379638671875
1760555397389536300,70.16353637695312,-0.996978759765625,-0.03173828125,-0.0405731201171875
1760555397399541500,70.17354150390625,-0.9976654052734375,-0.033721923828125,-0.04022216796875
1760555397409547300,70.18354736328125,-0.9950103759765625,-0.034393310546875,-0.0399932861328125
1760555397419552300,70.19355224609374,-0.993316650390625,-0.036895751953125,-0.0405426025390625
1760555397429558500,70.20355859375,-0.995330810546875,-0.03729248046875,-0.042877197265625
1760555397439563500,70.2135634765625,-0.9959259033203125,-0.030059814453125,-0.0408782958984375
1760555397449569500,70.22356958007812,-0.996490478515625,-0.0302734375,-0.042510986328125
1760555397459574500,70.23357446289063,-0.99560546875,-0.035064697265625,-0.040130615234375
1760555397469580300,70.24358032226563,-0.9929656982421875,-0.0360870361328125,-0.0367279052734375
1760555397479585500,70.25358544921875,-0.99267578125,-0.0354156494140625,-0.0362548828125
1760555397489591300,70.26359130859375,-0.9980926513671875,-0.029388427734375,-0.0378570556640625
1760555397499596300,70.27359619140626,-0.997772216796875,-0.027557373046875,-0.0364532470703125
1760555397509602300,70.28360229492188,-0.998321533203125,-0.0267486572265625,-0.0386199951171875
1760555397519607300,70.29360717773437,-0.9996337890625,-0.029449462890625,-0.0419921875
1760555397529613600,70.30361352539063,-0.9979400634765625,-0.0290374755859375,-0.0401763916015625
1760555397539618600,70.31361865234375,-0.9966888427734375,-0.031585693359375,-0.040313720703125
1760555397549624300,70.32362426757813,-0.996368408203125,-0.0335540771484375,-0.042327880859375
1760555397559629600,70.33362963867188,-0.994659423828125,-0.0348358154296875,-0.0426177978515625
1760555397569634600,70.34363452148438,-0.9937591552734375,-0.0334014892578125,-0.0428466796875
1760555397579640300,70.35364038085937,-1.00042724609375,-0.0241241455078125,-0.03863525390625
1760555397589645300,70.36364526367187,-0.9989166259765625,-0.0245208740234375,-0.0364532470703125
1760555397599651300,70.3736513671875,-0.997894287109375,-0.0279541015625,-0.037261962890625
1760555397609656300,70.38365625,-1.001556396484375,-0.022125244140625,-0.03741455078125
1760555397619662600,70.39366259765625,-0.9991302490234375,-0.0216522216796875,-0.036834716796875
1760555397629667600,70.40366748046876,-0.99664306640625,-0.024322509765625,-0.0402374267578125
1760555397639673300,70.41367333984375,-0.9979400634765625,-0.0317535400390625,-0.04071044921875
1760555397649678600,70.4236787109375,-0.9923553466796875,-0.038848876953125,-0.0397186279296875
1760555397659684400,70.43368432617187,-0.9918212890625,-0.03521728515625,-0.037353515625
1760555397669689300,70.443689453125,-0.9992218017578125,-0.0300445556640625,-0.0397186279296875
1760555397679695400,70.4536953125,-0.9974517822265625,-0.026885986328125,-0.039703369140625
1760555397689700400,70.46370043945312,-0.9966583251953125,-0.02801513671875,-0.04052734375
1760555397699706400,70.47370629882812,-0.9971466064453125,-0.029449462890625,-0.0399322509765625
1760555397709711400,70.48371142578125,-0.9957122802734375,-0.0314788818359375,-0.0386505126953125
1760555397719717400,70.49371728515625,-0.9953460693359375,-0.031036376953125,-0.0398101806640625
1760555397729722600,70.50372265625,-0.9954986572265625,-0.0345306396484375,-0.041015625
1760555397739728400,70.51372827148438,-0.9936981201171875,-0.03509521484375,-0.0373687744140625
1760555397749733400,70.5237333984375,-0.9949951171875,-0.029693603515625,-0.038330078125
1760555397759739400,70.53373950195312,-0.998138427734375,-0.0295867919921875,-0.037109375
1760555397769744400,70.54374438476563,-0.994476318359375,-0.0321807861328125,-0.035919189453125
1760555397779750400,70.55375048828125,-0.995880126953125,-0.0313568115234375,-0.0390777587890625
1760555397789755400,70.56375537109375,-0.999542236328125,-0.029022216796875,-0.040374755859375
1760555397799761400,70.57376147460937,-0.997161865234375,-0.02813720703125,-0.03826904296875
1760555397809766400,70.58376635742188,-0.994049072265625,-0.031158447265625,-0.0386810302734375
1760555397819772400,70.5937724609375,-0.9953765869140625,-0.034332275390625,-0.04058837890625
1760555397829777400,70.60377734375,-0.9957275390625,-0.0333099365234375,-0.0396270751953125
1760555397839783400,70.61378344726562,-0.9961090087890625,-0.0296783447265625,-0.0388641357421875
1760555397849788400,70.62378833007813,-0.9974517822265625,-0.0297088623046875,-0.0381927490234375
1760555397859793400,70.63379345703125,-0.998809814453125,-0.0280914306640625,-0.0390167236328125
1760555397869799400,70.64379931640624,-0.99920654296875,-0.0286865234375,-0.037994384765625
1760555397879804400,70.65380444335938,-0.998565673828125,-0.0270233154296875,-0.03643798828125
1760555397889810400,70.663810546875,-0.998260498046875,-0.024871826171875,-0.037139892578125
1760555397899815400,70.6738154296875,-0.9945526123046875,-0.0344085693359375,-0.0416259765625
1760555397909821400,70.68382153320313,-0.9948883056640625,-0.0366973876953125,-0.03692626953125
1760555397919826400,70.69382641601563,-0.9939117431640625,-0.034210205078125,-0.037689208984375
1760555397929832400,70.70383251953125,-0.998199462890625,-0.03143310546875,-0.0422210693359375
1760555397939837400,70.71383740234376,-0.997528076171875,-0.0318756103515625,-0.039794921875
1760555397949843500,70.72384350585938,-0.99688720703125,-0.0333709716796875,-0.0382843017578125
1760555397959848400,70.73384838867187,-0.999053955078125,-0.02874755859375,-0.0382843017578125
1760555397969854500,70.7438544921875,-0.9989776611328125,-0.029144287109375,-0.0390625
1760555397979859500,70.753859375,-0.9965667724609375,-0.029144287109375,-0.0372467041015625
1760555397989865200,70.763865234375,-0.9975433349609375,-0.0324859619140625,-0.038330078125
1760555397999870200,70.7738701171875,-0.9964599609375,-0.031463623046875,-0.0388641357421875
1760555398009876500,70.78387646484374,-0.9920501708984375,-0.0369110107421875,-0.0373992919921875
1760555398019881500,70.79388159179688,-0.994476318359375,-0.036224365234375,-0.0356292724609375
1760555398029887500,70.80388745117187,-0.9972686767578125,-0.03076171875,-0.0365447998046875
1760555398039892500,70.813892578125,-0.99517822265625,-0.0315399169921875,-0.03668212890625
1760555398049898500,70.8238984375,-0.9949493408203125,-0.0357208251953125,-0.0388336181640625
1760555398059903500,70.83390356445312,-0.9960784912109375,-0.036041259765625,-0.0390472412109375
1760555398069909200,70.8439091796875,-0.9954071044921875,-0.0333709716796875,-0.037872314453125
1760555398079914200,70.85391430664062,-0.9981842041015625,-0.030670166015625,-0.0355072021484375
1760555398089919200,70.86391918945313,-0.99835205078125,-0.0303497314453125,-0.034332275390625
1760555398099925500,70.87392553710937,-0.9983367919921875,-0.02789306640625,-0.0337982177734375
1760555398109930500,70.88393041992188,-0.9982757568359375,-0.028045654296875,-0.033843994140625
1760555398119936500,70.8939365234375,-0.9990997314453125,-0.02996826171875,-0.0360565185546875
1760555398129941500,70.90394140625,-0.99560546875,-0.0309906005859375,-0.0339813232421875
1760555398139947500,70.91394750976562,-0.9955291748046875,-0.0313568115234375,-0.033233642578125
1760555398149952500,70.92395239257813,-0.996856689453125,-0.03228759765625,-0.035736083984375
1760555398159958300,70.93395825195313,-0.9959869384765625,-0.0316314697265625,-0.0359954833984375
1760555398169963300,70.94396337890625,-0.996673583984375,-0.03009033203125,-0.03692626953125
1760555398179969300,70.95396923828125,-1.0005645751953125,-0.0273895263671875,-0.036376953125
1760555398189974300,70.96397436523438,-0.9999542236328125,-0.025360107421875,-0.033203125
1760555398199980500,70.97398046875,-0.993316650390625,-0.0359954833984375,-0.036041259765625
1760555398209985500,70.98398559570313,-0.9997711181640625,-0.03350830078125,-0.03741455078125
1760555398219991600,70.99399145507813,-0.997222900390625,-0.0280609130859375,-0.03436279296875
1760555398229996500,71.00399658203125,-1.00115966796875,-0.0211029052734375,-0.035919189453125
1760555398240002300,71.01400219726563,-1.007110595703125,-0.0203399658203125,-0.041107177734375
1760555398250007300,71.02400732421874,-1.00018310546875,-0.024322509765625,-0.0361480712890625
1760555398260013300,71.03401342773438,-0.9863739013671875,-0.048004150390625,-0.0260772705078125
1760555398270018300,71.04401831054687,-0.973724365234375,-0.0778350830078125,-0.0293731689453125
1760555398280024600,71.05402465820312,-0.9835052490234375,-0.064666748046875,-0.0335845947265625
1760555398290029600,71.06402954101563,-0.997894287109375,-0.0374908447265625,-0.036865234375
1760555398300035600,71.07403564453125,-1.001739501953125,-0.026123046875,-0.0362548828125
1760555398310040600,71.08404052734375,-0.9995880126953125,-0.033721923828125,-0.035247802734375
1760555398320046300,71.09404638671874,-0.9930572509765625,-0.042938232421875,-0.036346435546875
1760555398330051300,71.10405126953125,-0.9943084716796875,-0.043121337890625,-0.0343780517578125
1760555398340056800,71.11405688476563,-0.9945526123046875,-0.0371856689453125,-0.033935546875
1760555398350062800,71.12406274414063,-0.99713134765625,-0.0332183837890625,-0.033203125
1760555398360067800,71.13406787109375,-0.995086669921875,-0.0399017333984375,-0.0355377197265625
1760555398370073900,71.14407397460937,-0.9908599853515625,-0.0435333251953125,-0.035400390625
1760555398380078800,71.15407885742188,-0.993804931640625,-0.038787841796875,-0.0373687744140625
1760555398390084900,71.1640849609375,-0.99737548828125,-0.0335845947265625,-0.0340728759765625
1760555398400089900,71.17408984375,-1.001556396484375,-0.0264892578125,-0.0327911376953125
1760555398410095600,71.184095703125,-1.000762939453125,-0.0267181396484375,-0.0322113037109375
1760555398420100600,71.1941005859375,-0.998291015625,-0.030426025390625,-0.0339508056640625
1760555398430107000,71.20410693359375,-0.997161865234375,-0.030517578125,-0.0315093994140625
1760555398440111900,71.21411181640624,-0.9956512451171875,-0.032989501953125,-0.0308837890625
1760555398450118000,71.22411791992188,-0.9946441650390625,-0.036468505859375,-0.0306854248046875
1760555398460123000,71.23412280273438,-0.9918670654296875,-0.0426788330078125,-0.0307769775390625
1760555398470129000,71.24412890625,-0.9926910400390625,-0.0390472412109375,-0.0356292724609375
1760555398480134000,71.2541337890625,-0.999786376953125,-0.0267791748046875,-0.0403594970703125
1760555398490139600,71.2641396484375,-1.0004730224609375,-0.02410888671875,-0.0391082763671875
1760555398500144600,71.27414453125,-0.996856689453125,-0.0281829833984375,-0.0387725830078125
1760555398510150700,71.28415063476562,-0.994720458984375,-0.033843994140625,-0.039947509765625
1760555398520155600,71.29415576171876,-0.9947052001953125,-0.0317230224609375,-0.0369873046875
1760555398530161000,71.30416088867187,-0.9938812255859375,-0.0353546142578125,-0.0335235595703125
1760555398540167000,71.3141669921875,-0.995452880859375,-0.035736083984375,-0.0355987548828125
1760555398550172000,71.324171875,-0.9992218017578125,-0.027435302734375,-0.03759765625
1760555398560178000,71.33417797851563,-0.9957427978515625,-0.0265045166015625,-0.032562255859375
1760555398570183000,71.34418286132812,-0.997039794921875,-0.0252532958984375,-0.0350494384765625
1760555398580188700,71.35418872070312,-1.000946044921875,-0.022247314453125,-0.0401458740234375
1760555398590193700,71.36419360351563,-1.003082275390625,-0.0145263671875,-0.037384033203125
1760555398600199700,71.37419970703125,-1.00640869140625,-0.008026123046875,-0.034454345703125
1760555398610204700,71.38420458984375,-1.0060272216796875,-0.0107879638671875,-0.0345458984375
1760555398620211000,71.3942109375,-0.9997406005859375,-0.022491455078125,-0.0366668701171875
1760555398630216000,71.4042158203125,-0.998443603515625,-0.0251312255859375,-0.0337066650390625
1760555398640222000,71.41422192382812,-0.996429443359375,-0.029022216796875,-0.0318603515625
1760555398650227000,71.42422705078125,-0.993255615234375,-0.0337066650390625,-0.0341339111328125
1760555398660232700,71.43423266601563,-0.9951934814453125,-0.03314208984375,-0.0359344482421875
1760555398670237700,71.44423779296875,-0.999969482421875,-0.0268707275390625,-0.0349884033203125
1760555398680243700,71.45424365234375,-0.996978759765625,-0.0274810791015625,-0.0353240966796875
1760555398690248700,71.46424877929688,-0.9983367919921875,-0.027374267578125,-0.0353851318359375
1760555398700254700,71.47425463867188,-0.9969024658203125,-0.0307159423828125,-0.03253173828125
1760555398710259700,71.484259765625,-0.9918365478515625,-0.0373382568359375,-0.0296783447265625
1760555398720264700,71.4942646484375,-0.99224853515625,-0.040863037109375,-0.033111572265625
1760555398730271000,71.50427099609375,-0.9928436279296875,-0.0445098876953125,-0.0336151123046875
1760555398740276000,71.51427587890625,-0.9934844970703125,-0.0389251708984375,-0.0316619873046875
1760555398750281700,71.52428173828125,-0.9962158203125,-0.032989501953125,-0.0328369140625
1760555398760286700,71.53428662109376,-0.9993133544921875,-0.0331268310546875,-0.036346435546875
1760555398770292700,71.54429272460938,-0.997406005859375,-0.03497314453125,-0.0358123779296875
1760555398780297700,71.55429760742187,-0.995452880859375,-0.0369873046875,-0.0345916748046875
1760555398790303700,71.5643037109375,-0.9974365234375,-0.0338287353515625,-0.036712646484375
1760555398800308700,71.57430883789063,-0.9977264404296875,-0.034912109375,-0.034576416015625
1760555398810315000,71.58431494140625,-0.9954071044921875,-0.0372772216796875,-0.0328521728515625
1760555398820320000,71.59432006835938,-0.993865966796875,-0.0399017333984375,-0.0325775146484375
1760555398830325800,71.60432568359376,-0.9911651611328125,-0.043701171875,-0.0305633544921875
1760555398840330800,71.61433081054687,-0.996185302734375,-0.034393310546875,-0.032073974609375
1760555398850336800,71.62433666992187,-1.0008544921875,-0.027374267578125,-0.0318145751953125
1760555398860341800,71.634341796875,-0.9957122802734375,-0.0322723388671875,-0.0319366455078125
1760555398870347800,71.64434765625,-0.9944915771484375,-0.0345458984375,-0.03363037109375
1760555398880352800,71.65435278320312,-0.996673583984375,-0.0388336181640625,-0.03558349609375
1760555398890358800,71.66435888671874,-0.9952850341796875,-0.0371551513671875,-0.0345458984375
1760555398900363800,71.67436376953125,-0.9955596923828125,-0.031463623046875,-0.0309906005859375
1760555398910369800,71.68436987304688,-0.9998779296875,-0.0300750732421875,-0.0322418212890625
1760555398920374800,71.69437475585937,-0.997314453125,-0.0314788818359375,-0.0342254638671875
1760555398930379800,71.7043798828125,-0.996368408203125,-0.0346221923828125,-0.033843994140625
1760555398940385800,71.7143857421875,-0.998748779296875,-0.0324859619140625,-0.033447265625
1760555398950390800,71.72439086914062,-0.997802734375,-0.031524658203125,-0.0326995849609375
1760555398960396800,71.73439672851562,-0.9966278076171875,-0.0347137451171875,-0.032440185546875
1760555398970401800,71.74440185546875,-0.995330810546875,-0.038970947265625,-0.03216552734375
1760555398980407800,71.75440771484375,-0.992218017578125,-0.040985107421875,-0.03155517578125
1760555398990412800,71.76441284179687,-0.9934844970703125,-0.037841796875,-0.03466796875
1760555399000418800,71.77441870117187,-0.9971923828125,-0.03546142578125,-0.0354461669921875
1760555399010423800,71.784423828125,-0.99481201171875,-0.0362091064453125,-0.032196044921875
1760555399020429800,71.79442993164062,-0.9944610595703125,-0.0372467041015625,-0.0334320068359375
1760555399030434800,71.80443481445313,-0.9965667724609375,-0.0367889404296875,-0.0335845947265625
1760555399040440800,71.81444091796875,-0.9951324462890625,-0.0360565185546875,-0.031829833984375
1760555399050445800,71.82444580078125,-0.995880126953125,-0.0366973876953125,-0.0328826904296875
1760555399060451800,71.83445190429687,-0.9977874755859375,-0.035064697265625,-0.0340423583984375
1760555399070456800,71.84445678710938,-0.9960479736328125,-0.03271484375,-0.032928466796875
1760555399080462600,71.85446264648438,-0.9968719482421875,-0.0317535400390625,-0.033843994140625
1760555399090467600,71.86446752929687,-1.0003662109375,-0.0306854248046875,-0.0327606201171875
1760555399100472600,71.87447265625,-0.998321533203125,-0.02789306640625,-0.0288543701171875
1760555399110478800,71.88447875976563,-0.9993743896484375,-0.02752685546875,-0.0276641845703125
1760555399120483800,71.89448388671875,-0.999420166015625,-0.03204345703125,-0.0299224853515625
1760555399130489900,71.90448974609374,-0.9973297119140625,-0.031890869140625,-0.02911376953125
1760555399140494800,71.91449487304688,-0.9970855712890625,-0.02984619140625,-0.0290679931640625
1760555399150500900,71.9245009765625,-0.99871826171875,-0.029571533203125,-0.033233642578125
1760555399160505900,71.934505859375,-0.998291015625,-0.0295257568359375,-0.0329437255859375
1760555399170511600,71.94451171875,-0.99591064453125,-0.035491943359375,-0.032501220703125
1760555399180516600,71.9545166015625,-0.9969940185546875,-0.0345611572265625,-0.0325775146484375
1760555399190522600,71.96452270507812,-0.998687744140625,-0.0333404541015625,-0.0305328369140625
1760555399200527600,71.97452758789062,-0.9955596923828125,-0.0352325439453125,-0.028961181640625
1760555399210534000,71.98453393554688,-0.9969635009765625,-0.036102294921875,-0.0280914306640625
1760555399220539000,71.99453881835937,-0.996856689453125,-0.033599853515625,-0.0308685302734375
1760555399230545000,72.004544921875,-0.9984130859375,-0.034027099609375,-0.033447265625
1760555399240550000,72.0145498046875,-0.9961395263671875,-0.033477783203125,-0.0302886962890625
1760555399250555600,72.0245556640625,-0.9935760498046875,-0.0386505126953125,-0.0315704345703125
1760555399260560600,72.034560546875,-0.991851806640625,-0.044281005859375,-0.03045654296875
1760555399270566700,72.04456665039062,-0.9932098388671875,-0.0406341552734375,-0.0302734375
1760555399280571600,72.05457153320313,-0.9957427978515625,-0.0365447998046875,-0.02911376953125
1760555399290576600,72.06457666015625,-0.9947052001953125,-0.035797119140625,-0.0277557373046875
1760555399300583000,72.0745830078125,-0.99462890625,-0.03765869140625,-0.029754638671875
1760555399310588000,72.084587890625,-0.99627685546875,-0.0380859375,-0.031707763671875
1760555399320594000,72.09459399414062,-0.99810791015625,-0.034423828125,-0.0306854248046875
1760555399330599000,72.10459887695312,-0.9967803955078125,-0.0332794189453125,-0.0298919677734375
1760555399340604700,72.11460473632812,-0.9969329833984375,-0.0348663330078125,-0.0287628173828125
1760555399350609200,72.12460913085937,-0.99688720703125,-0.0333709716796875,-0.030517578125
1760555399360615000,72.13461499023437,-0.99884033203125,-0.0318603515625,-0.0281829833984375
1760555399370620000,72.14461987304688,-0.9963531494140625,-0.02935791015625,-0.0277862548828125
1760555399380626000,72.1546259765625,-0.9954986572265625,-0.0325164794921875,-0.02850341796875
1760555399390631000,72.164630859375,-0.9959259033203125,-0.0371551513671875,-0.030364990234375
1760555399400637200,72.17463720703125,-0.9962005615234375,-0.0355072021484375,-0.03082275390625
1760555399410642200,72.18464208984375,-0.997039794921875,-0.0306243896484375,-0.0287628173828125
1760555399420648200,72.19464819335937,-0.9985809326171875,-0.0293121337890625,-0.0292205810546875
1760555399430653200,72.20465307617188,-0.9992828369140625,-0.034088134765625,-0.025665283203125
1760555399440659000,72.21465893554688,-0.9947509765625,-0.03399658203125,-0.026641845703125
1760555399450664000,72.22466381835937,-0.9944000244140625,-0.036041259765625,-0.0256805419921875
1760555399460669000,72.2346689453125,-0.992889404296875,-0.04034423828125,-0.025634765625
1760555399470675000,72.24467504882813,-0.9936981201171875,-0.04022216796875,-0.0291290283203125
1760555399480680000,72.25467993164062,-0.9976654052734375,-0.0375213623046875,-0.0306549072265625
1760555399490686000,72.26468603515625,-0.9915313720703125,-0.041656494140625,-0.0281982421875
1760555399500691000,72.27469091796875,-0.989471435546875,-0.0434417724609375,-0.0269927978515625
1760555399510697200,72.284697265625,-0.993255615234375,-0.0437774658203125,-0.0287933349609375
1760555399520702200,72.2947021484375,-0.9932861328125,-0.039306640625,-0.0260467529296875
1760555399530708000,72.3047080078125,-0.9957427978515625,-0.031280517578125,-0.02288818359375
1760555399540713000,72.314712890625,-0.99664306640625,-0.02984619140625,-0.026123046875
1760555399550719000,72.32471899414062,-0.9966583251953125,-0.0366668701171875,-0.028472900390625
1760555399560724000,72.33472387695312,-0.9919891357421875,-0.035308837890625,-0.02947998046875
1760555399570730000,72.34472998046876,-0.9989013671875,-0.027557373046875,-0.032958984375
1760555399580735000,72.35473486328125,-1.0028533935546875,-0.021759033203125,-0.0314178466796875
1760555399590741000,72.36474096679687,-0.998443603515625,-0.0230712890625,-0.02935791015625
1760555399600746200,72.37474633789063,-0.9997406005859375,-0.0208282470703125,-0.032073974609375
1760555399610752000,72.384751953125,-1.003662109375,-0.0163726806640625,-0.0316314697265625
1760555399620757000,72.39475708007812,-1.0017547607421875,-0.012054443359375,-0.0242919921875
1760555399630762000,72.40476196289063,-1.0036773681640625,-0.0111236572265625,-0.0281524658203125
1760555399640768000,72.41476806640625,-1.00274658203125,-0.019500732421875,-0.032012939453125
1760555399650773000,72.42477294921875,-0.9932861328125,-0.0312347412109375,-0.03399658203125
1760555399660779000,72.43477905273437,-0.9951324462890625,-0.0296478271484375,-0.037353515625
1760555399670784000,72.44478393554688,-1.001434326171875,-0.02264404296875,-0.035858154296875
1760555399680790000,72.4547900390625,-0.9980010986328125,-0.0209503173828125,-0.0295562744140625
1760555399690795000,72.464794921875,-0.9980621337890625,-0.0252227783203125,-0.0293426513671875
1760555399700801000,72.47480102539062,-0.9988555908203125,-0.0266876220703125,-0.0329437255859375
1760555399710806000,72.48480590820313,-0.99725341796875,-0.026397705078125,-0.030303955078125
1760555399720812000,72.49481201171875,-0.999420166015625,-0.025482177734375,-0.032379150390625
1760555399730817000,72.50481713867188,-0.999298095703125,-0.0267181396484375,-0.0298614501953125
1760555399740823000,72.51482299804688,-0.9942474365234375,-0.0279083251953125,-0.0285491943359375
1760555399750828000,72.524828125,-0.996307373046875,-0.02923583984375,-0.0311431884765625
1760555399760834000,72.534833984375,-0.9980926513671875,-0.0298614501953125,-0.0324249267578125
1760555399770839000,72.54483911132813,-0.9980621337890625,-0.0303802490234375,-0.031341552734375
1760555399780844000,72.55484399414063,-0.996063232421875,-0.032318115234375,-0.0296478271484375
1760555399790850000,72.56485009765625,-0.99603271484375,-0.0306243896484375,-0.029571533203125
1760555399800855000,72.57485498046876,-0.9951019287109375,-0.029205322265625,-0.0257415771484375
1760555399810861000,72.58486108398438,-0.9967193603515625,-0.0284881591796875,-0.032073974609375
1760555399820866000,72.59486596679687,-0.9989013671875,-0.0277557373046875,-0.0289459228515625
1760555399830872000,72.6048720703125,-0.9953460693359375,-0.028411865234375,-0.0251312255859375
1760555399840877000,72.614876953125,-0.99627685546875,-0.0283355712890625,-0.027374267578125
1760555399850883000,72.62488305664063,-0.998443603515625,-0.0249786376953125,-0.031005859375
1760555399860888000,72.63488818359374,-0.99609375,-0.0258941650390625,-0.02850341796875
1760555399870894000,72.64489404296874,-0.996246337890625,-0.0285797119140625,-0.0290985107421875
1760555399880899000,72.65489916992188,-0.9970245361328125,-0.0325927734375,-0.030517578125
1760555399890905000,72.66490502929688,-0.995452880859375,-0.0328826904296875,-0.0277557373046875
1760555399900910000,72.67491015625,-0.99481201171875,-0.032684326171875,-0.0254974365234375
1760555399910916000,72.684916015625,-0.9972686767578125,-0.0279693603515625,-0.0263824462890625
1760555399920921000,72.69492114257812,-0.9978485107421875,-0.026275634765625,-0.02685546875
1760555399930927000,72.70492700195312,-0.996307373046875,-0.0295257568359375,-0.02838134765625
1760555399940932000,72.71493212890626,-0.9977569580078125,-0.0303802490234375,-0.0290069580078125
1760555399950937000,72.72493701171875,-0.9945831298828125,-0.0301361083984375,-0.028594970703125
1760555399960943000,72.73494311523437,-0.9947509765625,-0.0332794189453125,-0.0273284912109375
1760555399970948000,72.74494799804687,-0.9957122802734375,-0.0316009521484375,-0.0272369384765625
1760555399980953900,72.75495385742188,-0.996185302734375,-0.0297393798828125,-0.0243072509765625
1760555399990958800,72.76495874023438,-0.998077392578125,-0.0301971435546875,-0.0245208740234375
1760555400000965000,72.77496508789062,-0.995697021484375,-0.0281829833984375,-0.0253753662109375
1760555400010970000,72.78497021484375,-0.997344970703125,-0.0225830078125,-0.023681640625
1760555400020976000,72.79497607421875,-1.000152587890625,-0.0223541259765625,-0.02679443359375
1760555400030981000,72.80498120117187,-0.9969940185546875,-0.0267181396484375,-0.028411865234375
1760555400040987100,72.81498706054687,-0.9954681396484375,-0.027130126953125,-0.026397705078125
1760555400050992000,72.8249921875,-0.9967193603515625,-0.0268096923828125,-0.024322509765625
1760555400060998000,72.83499780273438,-0.9940338134765625,-0.0289459228515625,-0.0235443115234375
1760555400071003000,72.8450029296875,-0.9945831298828125,-0.02972412109375,-0.02569580078125
1760555400081009200,72.85500903320313,-0.9969635009765625,-0.0282135009765625,-0.0257110595703125
1760555400091014100,72.86501416015625,-0.99664306640625,-0.025390625,-0.026336669921875
1760555400101019100,72.87501904296874,-0.99578857421875,-0.0272674560546875,-0.02667236328125
1760555400111025200,72.88502514648438,-0.9966888427734375,-0.0285797119140625,-0.0249176025390625
1760555400121030100,72.89503002929688,-0.996063232421875,-0.026702880859375,-0.025848388671875
1760555400131036200,72.9050361328125,-0.9972381591796875,-0.0315704345703125,-0.02789306640625
1760555400141041200,72.91504125976563,-0.996490478515625,-0.0293121337890625,-0.0248870849609375
1760555400151047000,72.925046875,-0.9966278076171875,-0.0272979736328125,-0.02423095703125
1760555400161052000,72.93505200195312,-0.998687744140625,-0.0262451171875,-0.0244140625
1760555400171058000,72.94505786132812,-0.996978759765625,-0.027618408203125,-0.02117919921875
1760555400181063000,72.95506298828126,-0.9952239990234375,-0.0282745361328125,-0.02008056640625
1760555400191069200,72.96506909179688,-0.997955322265625,-0.0270538330078125,-0.0198974609375
1760555400201074200,72.97507421875,-0.9958953857421875,-0.029388427734375,-0.0188140869140625
1760555400211080200,72.985080078125,-0.995025634765625,-0.02813720703125,-0.0194244384765625
1760555400221085200,72.99508520507813,-0.9960479736328125,-0.0283050537109375,-0.0230560302734375
1760555400231091000,73.00509106445313,-0.9959869384765625,-0.0309600830078125,-0.0246124267578125
1760555400241096000,73.01509594726562,-0.9967803955078125,-0.0255279541015625,-0.0209197998046875
1760555400251101000,73.02510083007813,-0.9979400634765625,-0.0263824462890625,-0.020477294921875
1760555400261107000,73.03510693359375,-1.000030517578125,-0.024932861328125,-0.02142333984375
1760555400271112000,73.04511181640625,-0.9988555908203125,-0.0235137939453125,-0.0177459716796875
1760555400281118200,73.0551181640625,-0.996612548828125,-0.02471923828125,-0.0160675048828125
1760555400291123200,73.06512329101562,-0.99591064453125,-0.025665283203125,-0.016143798828125
1760555400301129200,73.07512915039062,-0.99481201171875,-0.02923583984375,-0.01708984375
1760555400311134200,73.08513427734376,-0.9981689453125,-0.02838134765625,-0.0174713134765625
1760555400321140000,73.09513989257813,-0.9972381591796875,-0.0239715576171875,-0.0218353271484375
1760555400331145000,73.10514501953125,-0.9976806640625,-0.0245513916015625,-0.0211334228515625
1760555400341151000,73.11515087890625,-0.9943389892578125,-0.030548095703125,-0.0225067138671875
1760555400351156200,73.12515625,-0.994659423828125,-0.031463623046875,-0.0224609375
1760555400361162200,73.13516235351562,-0.997711181640625,-0.0232696533203125,-0.020751953125
1760555400371167200,73.14516723632812,-0.997955322265625,-0.023956298828125,-0.02001953125
1760555400381173200,73.15517333984376,-0.9971466064453125,-0.023040771484375,-0.0203857421875
1760555400391178200,73.16517822265625,-0.9972686767578125,-0.025421142578125,-0.021820068359375
1760555400401183200,73.17518334960937,-0.9967498779296875,-0.0256805419921875,-0.0213775634765625
1760555400411189000,73.18518896484375,-0.99664306640625,-0.0282745361328125,-0.0219573974609375
1760555400421194000,73.19519409179688,-0.996307373046875,-0.0271148681640625,-0.0232696533203125
1760555400431200300,73.2052001953125,-0.9944000244140625,-0.0261688232421875,-0.0198211669921875
1760555400441205200,73.21520532226563,-0.9949493408203125,-0.0308837890625,-0.020050048828125
1760555400451211300,73.22521118164063,-0.999847412109375,-0.0230865478515625,-0.020355224609375
1760555400461216300,73.23521630859375,-0.9993438720703125,-0.02197265625,-0.0205841064453125
1760555400471222300,73.24522216796875,-0.99810791015625,-0.022796630859375,-0.0228271484375
1760555400481227300,73.25522729492188,-0.9987030029296875,-0.02606201171875,-0.0281524658203125
1760555400491233000,73.26523291015624,-0.9962615966796875,-0.029937744140625,-0.0300445556640625
1760555400501238000,73.27523803710938,-0.9958648681640625,-0.0286407470703125,-0.024932861328125
1760555400511244000,73.285244140625,-0.994049072265625,-0.0334625244140625,-0.022369384765625
1760555400521249000,73.2952490234375,-0.9954833984375,-0.0282440185546875,-0.02154541015625
1760555400531255300,73.30525537109375,-0.996734619140625,-0.0239715576171875,-0.0214691162109375
1760555400541260300,73.31526025390625,-0.99755859375,-0.0232696533203125,-0.0185546875
1760555400551265300,73.32526538085938,-0.997467041015625,-0.0217742919921875,-0.02081298828125
1760555400561271300,73.33527124023438,-0.99481201171875,-0.029693603515625,-0.01800537109375
1760555400571276300,73.3452763671875,-0.9915618896484375,-0.0316619873046875,-0.02203369140625
1760555400581282000,73.35528198242187,-0.9967803955078125,-0.02490234375,-0.0198211669921875
1760555400591287000,73.365287109375,-0.997833251953125,-0.0226593017578125,-0.0189361572265625
1760555400601293000,73.37529296875,-0.999053955078125,-0.020965576171875,-0.02154541015625
1760555400611298000,73.38529809570312,-1.00115966796875,-0.018646240234375,-0.0255889892578125
1760555400621304300,73.39530419921876,-1.000091552734375,-0.0176239013671875,-0.0247802734375
1760555400631309300,73.40530932617187,-0.99810791015625,-0.0201568603515625,-0.0275115966796875
1760555400641315300,73.4153154296875,-0.9994049072265625,-0.022125244140625,-0.03131103515625
1760555400651320300,73.4253203125,-1.00054931640625,-0.0170440673828125,-0.027313232421875
1760555400661326000,73.435326171875,-0.9981689453125,-0.017822265625,-0.0220489501953125
1760555400671331000,73.4453310546875,-0.999114990234375,-0.0202484130859375,-0.0228118896484375
1760555400681336000,73.45533618164062,-0.9986114501953125,-0.0223236083984375,-0.0236053466796875
1760555400691342000,73.46534204101563,-0.9951019287109375,-0.0240020751953125,-0.023284912109375
1760555400701347000,73.47534716796875,-0.9979095458984375,-0.0251007080078125,-0.0246734619140625
1760555400711353000,73.48535302734375,-0.9962921142578125,-0.025604248046875,-0.02215576171875
1760555400721358000,73.49535815429688,-0.9965667724609375,-0.023529052734375,-0.02490234375
1760555400731364400,73.5053642578125,-1.0010833740234375,-0.0214385986328125,-0.0309295654296875
1760555400741369300,73.51536938476562,-0.9975128173828125,-0.0233612060546875,-0.029632568359375
1760555400751375000,73.525375,-0.996551513671875,-0.023590087890625,-0.0283660888671875
1760555400761380000,73.53538012695313,-0.9960784912109375,-0.024169921875,-0.028564453125
1760555400771386000,73.54538623046875,-0.996734619140625,-0.0242462158203125,-0.0267333984375
1760555400781391000,73.55539111328125,-0.9939117431640625,-0.028778076171875,-0.0239715576171875
1760555400791397000,73.56539721679688,-0.995635986328125,-0.0272979736328125,-0.021728515625
1760555400801402000,73.57540209960938,-0.9979400634765625,-0.021209716796875,-0.02435302734375
1760555400811407000,73.58540698242187,-0.9967803955078125,-0.0206146240234375,-0.0230865478515625
1760555400821413400,73.59541333007813,-0.999267578125,-0.0226593017578125,-0.0253753662109375
1760555400831418400,73.60541845703125,-0.9972381591796875,-0.0224609375,-0.0289764404296875
1760555400841424100,73.61542407226563,-0.9969635009765625,-0.0238189697265625,-0.027618408203125
1760555400851429000,73.62542919921874,-0.9987640380859375,-0.0235443115234375,-0.0259552001953125
1760555400861435100,73.63543505859376,-0.996246337890625,-0.02496337890625,-0.0237884521484375
1760555400871440100,73.64544018554687,-0.9965057373046875,-0.025238037109375,-0.021820068359375
1760555400881446100,73.65544604492187,-0.996490478515625,-0.0233612060546875,-0.0241851806640625
1760555400891451100,73.665451171875,-0.995086669921875,-0.028961181640625,-0.023834228515625
1760555400901457200,73.67545703125,-0.9959259033203125,-0.026580810546875,-0.0248565673828125
1760555400911462100,73.68546215820312,-0.998931884765625,-0.02056884765625,-0.0258026123046875
1760555400921468200,73.69546826171874,-0.9961395263671875,-0.02227783203125,-0.0269622802734375
1760555400931473200,73.70547314453125,-0.9981842041015625,-0.023712158203125,-0.0281219482421875
1760555400941479200,73.71547924804688,-0.996612548828125,-0.025482177734375,-0.0283355712890625
1760555400951484200,73.72548413085937,-0.9960479736328125,-0.0240325927734375,-0.02593994140625
1760555400961489200,73.7354892578125,-0.9974212646484375,-0.024810791015625,-0.0276336669921875
1760555400971495200,73.7454951171875,-0.9973297119140625,-0.0262603759765625,-0.0269775390625
1760555400981500200,73.75550024414062,-0.997467041015625,-0.0217132568359375,-0.022491455078125
1760555400991506200,73.76550610351562,-0.9979400634765625,-0.02154541015625,-0.0206146240234375
1760555401001511200,73.77551123046875,-0.9980621337890625,-0.024169921875,-0.0209808349609375
1760555401011517000,73.78551684570313,-0.9970550537109375,-0.02239990234375,-0.0221710205078125
1760555401021522000,73.79552197265625,-0.9959564208984375,-0.0250244140625,-0.0247344970703125
1760555401031528200,73.80552807617188,-0.9997711181640625,-0.02325439453125,-0.024261474609375
1760555401041533200,73.815533203125,-0.9976959228515625,-0.0247039794921875,-0.022430419921875
1760555401051539200,73.82553930664062,-0.995697021484375,-0.024932861328125,-0.0205841064453125
1760555401061544200,73.83554418945313,-0.995513916015625,-0.0279083251953125,-0.0219268798828125
1760555401071550200,73.84555029296875,-0.9949798583984375,-0.028778076171875,-0.022918701171875
1760555401081555200,73.85555517578125,-0.9959259033203125,-0.0258331298828125,-0.0201873779296875
1760555401091560200,73.86556030273438,-0.99896240234375,-0.0242462158203125,-0.0204925537109375
1760555401101566000,73.87556591796876,-0.996551513671875,-0.0251922607421875,-0.0222015380859375
1760555401111571200,73.8855712890625,-0.996917724609375,-0.0229644775390625,-0.0195770263671875
1760555401121577200,73.8955771484375,-0.997222900390625,-0.028228759765625,-0.0230712890625
1760555401131582200,73.90558227539063,-0.99609375,-0.028350830078125,-0.022979736328125
1760555401141588200,73.91558813476563,-0.9979400634765625,-0.024688720703125,-0.023193359375
1760555401151593200,73.92559326171875,-0.99810791015625,-0.0258026123046875,-0.0235748291015625
1760555401161599200,73.93559912109374,-0.9969940185546875,-0.02789306640625,-0.0237579345703125
1760555401171604200,73.94560424804688,-0.994232177734375,-0.0292510986328125,-0.02294921875
1760555401181610000,73.95560986328125,-0.9964447021484375,-0.0261077880859375,-0.0217437744140625
1760555401191615200,73.965615234375,-0.9971923828125,-0.0214691162109375,-0.020111083984375
1760555401201621000,73.97562109375,-0.998046875,-0.0245361328125,-0.02337646484375
1760555401211626000,73.9856259765625,-1.0001373291015625,-0.026214599609375,-0.026885986328125
1760555401221631000,73.995630859375,-0.9960479736328125,-0.0252685546875,-0.0242156982421875
1760555401231637200,74.00563720703126,-0.994110107421875,-0.0244598388671875,-0.0232696533203125
1760555401241642200,74.01564233398437,-0.9980316162109375,-0.0233917236328125,-0.025421142578125
1760555401251648300,74.02564819335937,-0.9997406005859375,-0.0196380615234375,-0.02313232421875
1760555401261653200,74.0356533203125,-1.000030517578125,-0.0177764892578125,-0.0211334228515625
1760555401271659000,74.04565893554687,-0.9981231689453125,-0.020904541015625,-0.0216522216796875
1760555401281664300,74.05566430664062,-0.99658203125,-0.0242462158203125,-0.02227783203125
1760555401291670000,74.065669921875,-0.9933929443359375,-0.0280303955078125,-0.0223236083984375
1760555401301675000,74.07567504882813,-0.994842529296875,-0.027618408203125,-0.023773193359375
1760555401311679200,74.08567919921875,-0.992919921875,-0.0293731689453125,-0.026580810546875
1760555401321684200,74.09568432617188,-0.99737548828125,-0.021514892578125,-0.0257720947265625
1760555401331690000,74.10568994140625,-1.000091552734375,-0.01763916015625,-0.02679443359375
1760555401341695000,74.11569506835937,-1.000091552734375,-0.0190582275390625,-0.025054931640625
1760555401351700500,74.12570043945313,-0.99664306640625,-0.0203399658203125,-0.02618408203125
1760555401361706500,74.13570654296875,-0.996612548828125,-0.0267486572265625,-0.0258941650390625
1760555401371711500,74.14571142578124,-0.9932708740234375,-0.02606201171875,-0.0262908935546875
1760555401381717500,74.15571752929688,-0.9954986572265625,-0.0219573974609375,-0.0248565673828125
1760555401391722500,74.16572241210937,-0.99786376953125,-0.0193328857421875,-0.024078369140625
1760555401401728500,74.175728515625,-1.0018157958984375,-0.0145721435546875,-0.022125244140625
1760555401411733500,74.1857333984375,-1.0020599365234375,-0.010772705078125,-0.021636962890625
1760555401421739500,74.19573950195313,-1.0009307861328125,-0.015045166015625,-0.0267791748046875
1760555401431744500,74.20574462890625,-0.99871826171875,-0.0191802978515625,-0.0279083251953125
1760555401441750500,74.21575048828124,-0.9969024658203125,-0.0174560546875,-0.0259246826171875
1760555401451755500,74.22575561523438,-0.997100830078125,-0.0183258056640625,-0.0257568359375
1760555401461761500,74.23576147460938,-0.9979705810546875,-0.01751708984375,-0.0243988037109375
1760555401471766500,74.2457666015625,-0.997161865234375,-0.018280029296875,-0.019561767578125
1760555401481771500,74.255771484375,-0.99609375,-0.0215606689453125,-0.02325439453125
1760555401491777500,74.26577758789062,-0.998260498046875,-0.0185699462890625,-0.0261993408203125
1760555401501782500,74.27578247070312,-0.9970245361328125,-0.0193634033203125,-0.02606201171875
1760555401511788500,74.28578857421876,-0.9940338134765625,-0.027740478515625,-0.02630615234375
1760555401521793500,74.29579345703125,-0.993927001953125,-0.0295257568359375,-0.025543212890625
1760555401531799600,74.30579956054687,-0.994384765625,-0.0253753662109375,-0.0205841064453125
1760555401541804500,74.31580444335937,-0.9975738525390625,-0.0188140869140625,-0.01934814453125
1760555401551810600,74.325810546875,-0.9974212646484375,-0.02056884765625,-0.021209716796875
1760555401561815600,74.33581567382812,-0.99810791015625,-0.0203399658203125,-0.022369384765625
1760555401571821600,74.34582153320312,-0.9979248046875,-0.020172119140625,-0.0224151611328125
1760555401581826600,74.35582666015625,-0.99755859375,-0.0169219970703125,-0.024871826171875
1760555401591832600,74.36583251953125,-0.9974822998046875,-0.0187225341796875,-0.025634765625
1760555401601837600,74.37583764648437,-0.9957733154296875,-0.023284912109375,-0.024566650390625
1760555401611842600,74.38584252929688,-0.9992828369140625,-0.0179443359375,-0.02301025390625
1760555401621848600,74.3958486328125,-0.9976348876953125,-0.0175933837890625,-0.0233306884765625
1760555401631853600,74.405853515625,-1.000396728515625,-0.0094146728515625,-0.0218353271484375
1760555401641859600,74.41585961914062,-1.0015411376953125,-0.0088348388671875,-0.0244140625
1760555401651864600,74.42586450195313,-0.9985504150390625,-0.0100860595703125,-0.022216796875
1760555401661870600,74.43587060546875,-0.999359130859375,-0.013214111328125,-0.0214691162109375
1760555401671875600,74.44587548828125,-1.0009765625,-0.013824462890625,-0.0242767333984375
1760555401681881300,74.45588134765624,-0.998504638671875,-0.0169677734375,-0.02197265625
1760555401691887600,74.4658876953125,-0.99700927734375,-0.0176544189453125,-0.0207061767578125
1760555401701893600,74.4758935546875,-0.9979705810546875,-0.01983642578125,-0.02362060546875
1760555401711898600,74.48589868164062,-0.99957275390625,-0.0155792236328125,-0.0245513916015625
1760555401721904600,74.49590454101562,-0.9976348876953125,-0.01318359375,-0.022491455078125
1760555401731909600,74.50590966796875,-0.99932861328125,-0.0162200927734375,-0.022003173828125
1760555401741915400,74.51591528320313,-0.9972076416015625,-0.0214385986328125,-0.023529052734375
1760555401751920400,74.52592041015625,-0.9966583251953125,-0.018096923828125,-0.021026611328125
1760555401761926700,74.5359267578125,-0.9978790283203125,-0.018157958984375,-0.02325439453125
1760555401771931600,74.545931640625,-0.9970245361328125,-0.0216064453125,-0.02252197265625
1760555401781937700,74.55593774414062,-0.995941162109375,-0.02294921875,-0.019500732421875
1760555401791942700,74.56594262695313,-0.9922332763671875,-0.0306396484375,-0.0211181640625
1760555401801948700,74.57594873046875,-0.9949798583984375,-0.0281219482421875,-0.023712158203125
1760555401811953700,74.58595361328125,-0.9954681396484375,-0.0220947265625,-0.0263671875
1760555401821958700,74.59595874023438,-0.99822998046875,-0.016998291015625,-0.0294952392578125
1760555401831964400,74.60596435546876,-0.999420166015625,-0.0160980224609375,-0.0263824462890625
1760555401841969400,74.61596948242187,-0.9950103759765625,-0.0183258056640625,-0.023895263671875
1760555401851975400,74.62597534179687,-0.998748779296875,-0.0179443359375,-0.024078369140625
1760555401861980400,74.63598046875,-0.9973602294921875,-0.017913818359375,-0.024688720703125
1760555401871986700,74.64598657226563,-0.9960479736328125,-0.0163421630859375,-0.022857666015625
1760555401881991700,74.65599169921875,-1.0011138916015625,-0.0149078369140625,-0.0232696533203125
1760555401891997700,74.66599780273438,-0.9979400634765625,-0.019378662109375,-0.0253753662109375
1760555401902002700,74.67600268554688,-0.9933929443359375,-0.0255279541015625,-0.022064208984375
1760555401912008400,74.68600854492188,-0.996826171875,-0.021087646484375,-0.025726318359375
1760555401922013400,74.69601342773437,-0.9987945556640625,-0.01800537109375,-0.0241241455078125
1760555401932019500,74.70601953125,-0.9962158203125,-0.01611328125,-0.0197906494140625
1760555401942024400,74.7160244140625,-0.99822998046875,-0.0162811279296875,-0.0217437744140625
1760555401952029400,74.72602954101562,-0.996246337890625,-0.0194244384765625,-0.0218963623046875
1760555401962035500,74.73603540039062,-0.99407958984375,-0.02117919921875,-0.02154541015625
1760555401972040700,74.74604077148437,-0.99810791015625,-0.0207672119140625,-0.027008056640625
1760555401982046700,74.75604663085937,-1.0001220703125,-0.0177001953125,-0.030181884765625
1760555401992051700,74.7660517578125,-0.9984893798828125,-0.0143585205078125,-0.0263519287109375
1760555402002057500,74.77605737304688,-0.996734619140625,-0.019927978515625,-0.022552490234375
1760555402012062500,74.7860625,-0.9982452392578125,-0.0218353271484375,-0.0222320556640625
1760555402022068500,74.796068359375,-0.9935150146484375,-0.02642822265625,-0.0192108154296875
1760555402032073500,74.80607348632813,-0.99127197265625,-0.0333709716796875,-0.022705078125
1760555402042079500,74.81607958984375,-0.99591064453125,-0.0280609130859375,-0.0269927978515625
1760555402052084500,74.82608447265625,-0.997039794921875,-0.0220947265625,-0.025360107421875
1760555402062089500,74.83608935546874,-0.9959564208984375,-0.02276611328125,-0.0234375
1760555402072095700,74.846095703125,-0.9980010986328125,-0.0229339599609375,-0.02569580078125
1760555402082100700,74.85610083007812,-0.99468994140625,-0.0245819091796875,-0.0243682861328125
1760555402092106500,74.8661064453125,-0.9942779541015625,-0.026123046875,-0.0231170654296875
1760555402102111500,74.87611157226563,-0.9981689453125,-0.0211639404296875,-0.023162841796875
1760555402112117500,74.88611743164063,-0.9960479736328125,-0.0231475830078125,-0.0239410400390625
1760555402122122500,74.89612255859375,-0.9965667724609375,-0.025146484375,-0.02655029296875
1760555402132128500,74.90612841796874,-0.9983367919921875,-0.02117919921875,-0.0275115966796875
1760555402142133500,74.91613354492188,-0.996429443359375,-0.022125244140625,-0.025238037109375
1760555402152139500,74.92613940429688,-0.99896240234375,-0.0203399658203125,-0.0253448486328125
1760555402162144500,74.93614453125,-1.001129150390625,-0.0154876708984375,-0.023773193359375
1760555402172150500,74.94615063476563,-0.9978790283203125,-0.016021728515625,-0.0234375
1760555402182155500,74.95615551757813,-0.9991302490234375,-0.016571044921875,-0.0256500244140625
1760555402192160500,74.96616040039062,-0.99822998046875,-0.0190277099609375,-0.0234375
1760555402202166500,74.97616650390626,-0.9961700439453125,-0.019744873046875,-0.0227203369140625
1760555402212171500,74.98617163085937,-0.995574951171875,-0.022369384765625,-0.023681640625
1760555402222177500,74.99617749023437,-0.9943084716796875,-0.027313232421875,-0.0235595703125
1760555402232182500,75.0061826171875,-0.99273681640625,-0.0262603759765625,-0.02392578125
1760555402242188500,75.0161884765625,-0.9927825927734375,-0.0267333984375,-0.02166748046875
1760555402252193500,75.02619360351562,-0.9957733154296875,-0.02374267578125,-0.026611328125
1760555402262199600,75.03619946289062,-1.002777099609375,-0.0108795166015625,-0.0255126953125
1760555402272204500,75.04620458984375,-0.9990997314453125,-0.013763427734375,-0.0218963623046875
1760555402282210600,75.05621044921875,-0.9933013916015625,-0.0265655517578125,-0.0239715576171875
1760555402292215600,75.06621557617187,-0.99658203125,-0.0246734619140625,-0.0270843505859375
1760555402302220500,75.07622045898438,-0.99713134765625,-0.0190277099609375,-0.02520751953125
1760555402312226600,75.0862265625,-0.9987335205078125,-0.018341064453125,-0.026641845703125
1760555402322231600,75.0962314453125,-1.0026397705078125,-0.0134735107421875,-0.029998779296875
1760555402332237600,75.10623754882812,-0.9996490478515625,-0.0145111083984375,-0.0273895263671875
1760555402342242600,75.11624267578125,-0.998138427734375,-0.0147247314453125,-0.0261688232421875
1760555402352248000,75.126248046875,-1.0010833740234375,-0.01214599609375,-0.0261688232421875
1760555402362253300,75.13625341796875,-0.9998016357421875,-0.0155029296875,-0.0260009765625
1760555402372259000,75.14625903320312,-0.997222900390625,-0.018218994140625,-0.02642822265625
1760555402382264000,75.15626416015625,-0.996551513671875,-0.0182342529296875,-0.0253143310546875
1760555402392270000,75.16627001953125,-0.9944000244140625,-0.0239715576171875,-0.0238800048828125
1760555402402275000,75.17627514648437,-0.99395751953125,-0.02996826171875,-0.0257415771484375
1760555402412280000,75.18628002929688,-0.9963836669921875,-0.02532958984375,-0.027008056640625
1760555402422286300,75.19628637695313,-0.9998931884765625,-0.0169677734375,-0.02471923828125
1760555402432291300,75.20629125976562,-0.998382568359375,-0.017364501953125,-0.022064208984375
1760555402442297300,75.21629736328126,-0.99822998046875,-0.0190887451171875,-0.0234375
1760555402452302300,75.22630224609375,-1.000518798828125,-0.018585205078125,-0.026214599609375
1760555402462308000,75.23630810546875,-0.9998016357421875,-0.014617919921875,-0.024627685546875
1760555402472313000,75.24631298828125,-1.00091552734375,-0.014801025390625,-0.0258331298828125
1760555402482319000,75.25631909179687,-0.999755859375,-0.0194091796875,-0.02972412109375
1760555402492324000,75.26632397460938,-0.997467041015625,-0.0218963623046875,-0.02508544921875
1760555402502330000,75.276330078125,-0.996307373046875,-0.0208892822265625,-0.0236663818359375
1760555402512335000,75.28633520507813,-1.0016326904296875,-0.011749267578125,-0.0271148681640625
1760555402522341400,75.29634130859375,-0.9995880126953125,-0.0183868408203125,-0.0232086181640625
1760555402532346400,75.30634643554687,-0.9962921142578125,-0.022705078125,-0.0224761962890625
1760555402542351400,75.31635131835938,-0.996856689453125,-0.026214599609375,-0.0263824462890625
1760555402552357000,75.32635717773438,-0.9969482421875,-0.0262451171875,-0.0273895263671875
1760555402562362000,75.33636206054688,-0.9991912841796875,-0.0151214599609375,-0.0219268798828125
1760555402572368100,75.3463681640625,-0.9990386962890625,-0.0186920166015625,-0.0209197998046875
1760555402582373000,75.356373046875,-0.998016357421875,-0.02386474609375,-0.023406982421875
1760555402592379100,75.36637915039063,-0.994384765625,-0.02813720703125,-0.0258026123046875
1760555402602384100,75.37638403320312,-0.9900665283203125,-0.0366668701171875,-0.0270843505859375
1760555402612390400,75.38639038085938,-0.994171142578125,-0.0348358154296875,-0.0300140380859375
1760555402622395400,75.3963955078125,-0.994781494140625,-0.0380096435546875,-0.026153564453125
1760555402632401200,75.40640112304688,-0.9894561767578125,-0.04144287109375,-0.024810791015625
1760555402642406100,75.41640625,-0.9907073974609375,-0.0407867431640625,-0.024993896484375
1760555402652411100,75.4264111328125,-0.9941558837890625,-0.033599853515625,-0.0242156982421875
1760555402662417200,75.43641723632813,-0.9949798583984375,-0.0269775390625,-0.026763916015625
1760555402672422100,75.44642211914062,-0.9971923828125,-0.0302886962890625,-0.03033447265625
1760555402682428200,75.45642822265626,-0.9964599609375,-0.02886962890625,-0.031524658203125
1760555402692433200,75.46643310546875,-0.99664306640625,-0.0273590087890625,-0.031280517578125
1760555402702439200,75.47643920898437,-0.99774169921875,-0.0267333984375,-0.0338287353515625
1760555402712444200,75.48644409179687,-0.9975433349609375,-0.0271453857421875,-0.0310821533203125
1760555402722450200,75.4964501953125,-0.9968414306640625,-0.0235748291015625,-0.0270843505859375
1760555402732455200,75.506455078125,-0.999847412109375,-0.0238494873046875,-0.028778076171875
1760555402742461200,75.51646118164062,-0.9990386962890625,-0.022705078125,-0.0300445556640625
1760555402752466200,75.52646606445313,-0.9981842041015625,-0.022369384765625,-0.0301666259765625
1760555402762471200,75.53647119140625,-0.998504638671875,-0.022857666015625,-0.0338134765625
1760555402772477200,75.54647729492187,-0.9993896484375,-0.020355224609375,-0.0312042236328125
1760555402782482200,75.55648217773438,-0.9966888427734375,-0.0207061767578125,-0.032196044921875
1760555402792488200,75.56648828125,-0.9954376220703125,-0.02978515625,-0.032989501953125
1760555402802493200,75.5764931640625,-0.994659423828125,-0.03094482421875,-0.0308380126953125
1760555402812499000,75.5864990234375,-0.99560546875,-0.0274505615234375,-0.0305328369140625
1760555402822504000,75.59650390625,-0.9984893798828125,-0.024566650390625,-0.03118896484375
1760555402832510200,75.60651025390625,-0.9993133544921875,-0.02655029296875,-0.02947998046875
1760555402842515200,75.61651513671875,-0.9947662353515625,-0.028900146484375,-0.0276336669921875
1760555402852521200,75.62652124023438,-0.9962005615234375,-0.0285491943359375,-0.026947021484375
1760555402862526200,75.63652612304688,-0.9943389892578125,-0.03106689453125,-0.0252227783203125
1760555402872531200,75.64653125,-0.9936981201171875,-0.031707763671875,-0.02276611328125
1760555402882537200,75.656537109375,-0.997650146484375,-0.0252227783203125,-0.029022216796875
1760555402892542200,75.66654223632813,-0.9987030029296875,-0.0232696533203125,-0.0299072265625
1760555402902548000,75.6765478515625,-0.9959564208984375,-0.024169921875,-0.0277557373046875
1760555402912553000,75.68655297851562,-0.997161865234375,-0.026641845703125,-0.028228759765625
1760555402922559200,75.69655932617188,-0.99334716796875,-0.033416748046875,-0.0297698974609375
1760555402932564200,75.70656420898437,-0.9937286376953125,-0.029815673828125,-0.0279541015625
1760555402942570200,75.7165703125,-0.9962615966796875,-0.0266876220703125,-0.024444580078125
1760555402952575200,75.7265751953125,-0.9976806640625,-0.0237579345703125,-0.0281829833984375
1760555402962581200,75.73658129882813,-0.9993133544921875,-0.0209503173828125,-0.02777099609375
1760555402972586200,75.74658618164062,-0.9981689453125,-0.0195770263671875,-0.0266265869140625
1760555402982591200,75.75659130859376,-1.0007781982421875,-0.01837158203125,-0.027587890625
1760555402992597000,75.76659692382813,-1.001251220703125,-0.017608642578125,-0.0292510986328125
1760555403002602000,75.77660205078125,-0.9996795654296875,-0.0192413330078125,-0.02886962890625
1760555403012608000,75.78660791015625,-0.9984588623046875,-0.0234375,-0.02783203125
1760555403022613000,75.79661303710938,-0.9961700439453125,-0.0245208740234375,-0.027618408203125
1760555403032619300,75.80661938476563,-0.9967041015625,-0.0205078125,-0.0289154052734375
1760555403042624300,75.81662426757812,-1.0009307861328125,-0.0201263427734375,-0.03070068359375
1760555403052630300,75.82663037109376,-0.996978759765625,-0.0235137939453125,-0.0279693603515625
1760555403062635300,75.83663525390625,-0.995513916015625,-0.02789306640625,-0.0320281982421875
1760555403072640300,75.84664013671875,-0.99853515625,-0.0251922607421875,-0.0286407470703125
1760555403082646000,75.85664599609375,-0.997222900390625,-0.02435302734375,-0.028106689453125
1760555403092651000,75.86665112304688,-0.9953765869140625,-0.0276336669921875,-0.0277862548828125
1760555403102657000,75.87665698242188,-0.9936370849609375,-0.0299224853515625,-0.0275115966796875
1760555403112662000,75.886662109375,-0.993011474609375,-0.029266357421875,-0.026123046875
1760555403122668300,75.89666821289063,-0.9960174560546875,-0.0270538330078125,-0.0308685302734375
1760555403132673300,75.90667333984375,-0.996856689453125,-0.0285491943359375,-0.0315093994140625
1760555403142679300,75.91667919921875,-0.9948577880859375,-0.030181884765625,-0.030609130859375
1760555403152684300,75.92668432617188,-0.9957733154296875,-0.0294647216796875,-0.029815673828125
1760555403162690000,75.93668994140624,-0.99700927734375,-0.0290679931640625,-0.0296630859375
1760555403172695000,75.94669506835938,-0.9952392578125,-0.0269775390625,-0.028900146484375
1760555403182700000,75.95669995117187,-0.9968719482421875,-0.0248260498046875,-0.028778076171875
1760555403192706000,75.9667060546875,-0.996734619140625,-0.025390625,-0.0292816162109375
1760555403202711000,75.9767109375,-0.9962310791015625,-0.02459716796875,-0.0290069580078125
1760555403212717000,75.98671704101562,-0.997467041015625,-0.023895263671875,-0.02911376953125
1760555403222722000,75.99672216796876,-1,-0.023834228515625,-0.0296783447265625
1760555403232728300,76.00672827148438,-0.997711181640625,-0.023193359375,-0.03076171875
1760555403242733300,76.0167333984375,-0.9965972900390625,-0.024169921875,-0.0310821533203125
1760555403252739000,76.02673901367187,-0.998443603515625,-0.02325439453125,-0.0311126708984375
1760555403262744000,76.036744140625,-0.995147705078125,-0.0252227783203125,-0.0299530029296875
1760555403272750000,76.04675,-0.9951934814453125,-0.0274505615234375,-0.030029296875
1760555403282755000,76.05675512695312,-0.99664306640625,-0.028167724609375,-0.0289154052734375
1760555403292760000,76.06676000976563,-0.997650146484375,-0.0254669189453125,-0.0288848876953125
1760555403302766000,76.07676611328125,-0.9968414306640625,-0.0258026123046875,-0.030426025390625
1760555403312771000,76.08677099609375,-0.9967193603515625,-0.0279541015625,-0.0309295654296875
1760555403322777300,76.09677734375,-0.996185302734375,-0.0276947021484375,-0.029296875
1760555403332782300,76.1067822265625,-0.99554443359375,-0.0292510986328125,-0.0308380126953125
1760555403342788000,76.1167880859375,-0.9956207275390625,-0.029144287109375,-0.0321502685546875
1760555403352793300,76.12679345703125,-0.994598388671875,-0.029052734375,-0.027984619140625
1760555403362799400,76.13679931640625,-0.993072509765625,-0.03143310546875,-0.029571533203125
1760555403372804400,76.14680444335937,-0.995941162109375,-0.0281982421875,-0.03033447265625
1760555403382809300,76.15680932617188,-0.996185302734375,-0.02880859375,-0.0265045166015625
1760555403392815400,76.1668154296875,-0.996612548828125,-0.0245513916015625,-0.0280914306640625
1760555403402820400,76.1768203125,-0.9982757568359375,-0.0208892822265625,-0.026824951171875
1760555403412826600,76.18682666015626,-0.998809814453125,-0.02154541015625,-0.0224609375
1760555403422831600,76.19683154296875,-0.9968719482421875,-0.02386474609375,-0.0192413330078125
1760555403432837400,76.20683740234375,-1.0003509521484375,-0.019805908203125,-0.02099609375
1760555403442842400,76.21684228515625,-0.999664306640625,-0.0196380615234375,-0.0200653076171875
1760555403452848400,76.22684838867187,-0.993255615234375,-0.0306243896484375,-0.022918701171875
1760555403462853400,76.23685327148438,-0.9937896728515625,-0.03375244140625,-0.02667236328125
1760555403472859400,76.246859375,-0.996826171875,-0.0277862548828125,-0.0242767333984375
1760555403482864400,76.25686450195313,-0.9933319091796875,-0.025726318359375,-0.0171356201171875
1760555403492869400,76.26686938476563,-0.9967803955078125,-0.0256195068359375,-0.025970458984375
1760555403502875600,76.27687573242187,-1.00286865234375,-0.0202789306640625,-0.0245819091796875
1760555403512880600,76.28688061523438,-0.9983673095703125,-0.0195159912109375,-0.01837158203125
1760555403522886400,76.29688647460938,-0.9969024658203125,-0.0240325927734375,-0.026214599609375
1760555403532891400,76.30689135742188,-0.9977569580078125,-0.0276641845703125,-0.02874755859375
1760555403542897400,76.3168974609375,-0.990631103515625,-0.0299224853515625,-0.0230865478515625
1760555403552902400,76.32690234375,-0.9955291748046875,-0.0283050537109375,-0.022003173828125
1760555403562908400,76.33690844726563,-0.9990234375,-0.02301025390625,-0.0232086181640625
1760555403572913400,76.34691333007812,-0.9957733154296875,-0.024139404296875,-0.020751953125
1760555403582918400,76.35691845703126,-0.9973907470703125,-0.021514892578125,-0.019866943359375
1760555403592924400,76.36692431640626,-1.0021514892578125,-0.01806640625,-0.021392822265625
1760555403602929400,76.37692944335937,-0.9977569580078125,-0.018096923828125,-0.014373779296875
1760555403612935400,76.38693530273437,-0.9964599609375,-0.01812744140625,-0.013702392578125
1760555403622940400,76.3969404296875,-0.998565673828125,-0.0201568603515625,-0.01824951171875
1760555403632946400,76.40694653320313,-0.996002197265625,-0.0242156982421875,-0.0166778564453125
1760555403642951400,76.41695141601562,-0.9951934814453125,-0.022247314453125,-0.0143585205078125
1760555403652957400,76.42695751953126,-0.997314453125,-0.022491455078125,-0.0175018310546875
1760555403662962400,76.43696240234375,-0.99713134765625,-0.0235748291015625,-0.0172271728515625
1760555403672968400,76.44696850585937,-0.9963226318359375,-0.0240325927734375,-0.018310546875
1760555403682973400,76.45697338867187,-0.997711181640625,-0.0216217041015625,-0.021087646484375
1760555403692978400,76.466978515625,-0.9981689453125,-0.021942138671875,-0.022064208984375
1760555403702984400,76.476984375,-0.99609375,-0.0243377685546875,-0.0193328857421875
1760555403712989700,76.48698974609376,-0.9965362548828125,-0.0247039794921875,-0.0177764892578125
1760555403722995500,76.49699536132813,-0.991485595703125,-0.0329742431640625,-0.01861572265625
1760555403733000400,76.50700048828125,-0.994232177734375,-0.0282745361328125,-0.0140380859375
1760555403743006500,76.51700634765625,-0.99664306640625,-0.0239410400390625,-0.0108184814453125
1760555403753011500,76.52701147460938,-0.99639892578125,-0.02490234375,-0.0136566162109375
1760555403763017500,76.537017578125,-0.9963836669921875,-0.0236358642578125,-0.012725830078125
1760555403773022500,76.5470224609375,-0.9940948486328125,-0.0269012451171875,-0.0135498046875
1760555403783027500,76.55702734375,-0.9894256591796875,-0.0387420654296875,-0.0199432373046875
1760555403793033500,76.56703344726563,-0.993804931640625,-0.0334320068359375,-0.018463134765625
1760555403803038500,76.57703857421875,-0.9931488037109375,-0.0240020751953125,-0.013763427734375
1760555403813044500,76.58704443359375,-0.9977874755859375,-0.0183258056640625,-0.0157318115234375
1760555403823049500,76.59704956054688,-1.0028533935546875,-0.01617431640625,-0.017333984375
1760555403833055500,76.60705541992188,-0.9994964599609375,-0.01611328125,-0.0149688720703125
1760555403843060500,76.617060546875,-0.9973907470703125,-0.01629638671875,-0.0150146484375
1760555403853066500,76.62706640625,-1.000579833984375,-0.0149993896484375,-0.0186309814453125
1760555403863071500,76.63707153320313,-0.999664306640625,-0.012420654296875,-0.0158233642578125
1760555403873076500,76.64707641601562,-0.995147705078125,-0.0187225341796875,-0.0133819580078125
1760555403883082500,76.65708251953124,-1.000274658203125,-0.0131072998046875,-0.0135345458984375
1760555403893087500,76.66708740234375,-0.9978485107421875,-0.012054443359375,-0.0142822265625
1760555403903093200,76.67709326171875,-1.0002899169921875,-0.009735107421875,-0.015594482421875
1760555403913098200,76.68709814453125,-1.0054473876953125,-0.0025482177734375,-0.0183868408203125
1760555403923104500,76.6971044921875,-1.003997802734375,0.001434326171875,-0.01593017578125
1760555403933109500,76.70710961914062,-1.003662109375,-0.0004425048828125,-0.015899658203125
1760555403943115500,76.71711547851562,-1.0014801025390625,-0.004913330078125,-0.0155487060546875
1760555403953120500,76.72712060546876,-0.997711181640625,-0.0126190185546875,-0.0128326416015625
1760555403963126500,76.73712646484375,-0.995086669921875,-0.016571044921875,-0.0113677978515625
1760555403973131500,76.74713159179687,-0.99200439453125,-0.0218048095703125,-0.0183563232421875
1760555403983136500,76.75713647460938,-0.99542236328125,-0.022552490234375,-0.0177154541015625
1760555403993142300,76.76714233398438,-1.0003662109375,-0.01165771484375,-0.0141754150390625
1760555404003147300,76.77714721679688,-0.9985809326171875,-0.006683349609375,-0.015869140625
1760555404013153500,76.78715356445312,-0.99871826171875,-0.0121002197265625,-0.017974853515625
1760555404023158500,76.79715844726563,-0.9967041015625,-0.02008056640625,-0.020172119140625
1760555404033164500,76.80716455078125,-0.9960479736328125,-0.0189971923828125,-0.016693115234375
1760555404043169500,76.81716943359375,-1,-0.0129547119140625,-0.0129852294921875
1760555404053175600,76.82717553710937,-1.000732421875,-0.0101776123046875,-0.014801025390625
1760555404063180500,76.8371806640625,-0.9986572265625,-0.009857177734375,-0.0146636962890625
1760555404073185500,76.847185546875,-0.9965972900390625,-0.014495849609375,-0.0131683349609375
1760555404083191300,76.85719140625,-0.9952850341796875,-0.0160980224609375,-0.0142059326171875
1760555404093196300,76.8671962890625,-0.996337890625,-0.018524169921875,-0.0158538818359375
1760555404103202300,76.87720239257813,-0.9958038330078125,-0.019134521484375,-0.01220703125
1760555404113207300,76.88720727539062,-0.9974822998046875,-0.0129852294921875,-0.01373291015625
1760555404123213600,76.89721362304688,-0.9989013671875,-0.011444091796875,-0.01568603515625
1760555404133218600,76.90721850585938,-0.996429443359375,-0.0131683349609375,-0.014373779296875
1760555404143224600,76.917224609375,-0.9970703125,-0.014495849609375,-0.017303466796875
1760555404153229600,76.9272294921875,-0.9997711181640625,-0.013641357421875,-0.0157470703125
1760555404163234600,76.93723461914063,-0.9965057373046875,-0.015533447265625,-0.0113525390625
1760555404173240300,76.947240234375,-0.9972686767578125,-0.014923095703125,-0.012451171875
1760555404183245300,76.95724536132812,-0.9992523193359375,-0.015106201171875,-0.014190673828125
1760555404193251300,76.96725122070312,-0.997406005859375,-0.01220703125,-0.014373779296875
1760555404203256300,76.97725634765625,-1,-0.01123046875,-0.017669677734375
1760555404213262600,76.9872626953125,-0.9971160888671875,-0.01556396484375,-0.0216522216796875
1760555404223267600,76.997267578125,-0.995452880859375,-0.0191497802734375,-0.015472412109375
1760555404233273600,77.00727368164063,-0.9959259033203125,-0.0163726806640625,-0.0151824951171875
1760555404243278600,77.01727856445312,-0.9998626708984375,-0.012176513671875,-0.0173797607421875
1760555404253283600,77.02728369140625,-0.9969940185546875,-0.013092041015625,-0.012664794921875
1760555404263289300,77.03728930664063,-0.995513916015625,-0.0181884765625,-0.013824462890625
1760555404273294300,77.04729443359375,-0.99810791015625,-0.0178375244140625,-0.015350341796875
1760555404283300400,77.05730029296875,-0.996490478515625,-0.019500732421875,-0.0146484375
1760555404293305300,77.06730541992188,-0.99462890625,-0.0207061767578125,-0.0151519775390625
1760555404303311400,77.07731127929688,-0.99810791015625,-0.0186309814453125,-0.0167236328125
1760555404313316400,77.08731640625,-0.99798583984375,-0.0131988525390625,-0.0139617919921875
1760555404323322600,77.09732250976562,-0.9970703125,-0.01513671875,-0.0128326416015625
1760555404333327600,77.10732763671875,-0.99871826171875,-0.0159149169921875,-0.0137481689453125
1760555404343332600,77.11733251953125,-0.9969024658203125,-0.0167388916015625,-0.0139923095703125
1760555404353338400,77.12733837890624,-0.9945831298828125,-0.0194549560546875,-0.0162200927734375
1760555404363343400,77.13734326171875,-0.998687744140625,-0.018707275390625,-0.0160980224609375
1760555404373349400,77.14734936523438,-0.996673583984375,-0.0165252685546875,-0.0119171142578125
1760555404383354400,77.15735424804687,-0.996978759765625,-0.0157470703125,-0.01251220703125
1760555404393360400,77.1673603515625,-0.9990997314453125,-0.0145111083984375,-0.0138702392578125
1760555404403365400,77.17736547851563,-0.9999237060546875,-0.0117340087890625,-0.0137786865234375
1760555404413371600,77.18737158203125,-0.99761962890625,-0.0138092041015625,-0.0138092041015625
1760555404423376600,77.19737670898438,-0.9994964599609375,-0.0155181884765625,-0.0138092041015625
1760555404433382400,77.20738232421876,-0.996429443359375,-0.015350341796875,-0.0083465576171875
1760555404443387400,77.21738745117187,-0.9984893798828125,-0.013702392578125,-0.009613037109375
1760555404453392400,77.22739233398437,-1.00006103515625,-0.0129852294921875,-0.01605224609375
1760555404463398400,77.2373984375,-0.997039794921875,-0.016876220703125,-0.014617919921875
1760555404473403400,77.2474033203125,-0.996185302734375,-0.0201416015625,-0.017852783203125
1760555404483409400,77.25740942382812,-1.0005340576171875,-0.0158233642578125,-0.019805908203125
1760555404493414400,77.26741430664063,-0.9999237060546875,-0.013275146484375,-0.0151214599609375
1760555404503420400,77.27742041015625,-0.995330810546875,-0.0205841064453125,-0.013214111328125
1760555404513425400,77.28742529296875,-1.0011444091796875,-0.013946533203125,-0.0084381103515625
1760555404523431400,77.29743139648437,-0.9992523193359375,-0.0131988525390625,-0.0029754638671875
1760555404533436400,77.3074365234375,-0.9985809326171875,-0.0139312744140625,-0.0028076171875
1760555404543441400,77.31744140625,-0.998779296875,-0.013519287109375,-0.003692626953125
1760555404553447400,77.32744750976562,-0.9967498779296875,-0.0173797607421875,-0.0033416748046875
1760555404563452400,77.33745239257813,-0.996490478515625,-0.0196685791015625,-0.010345458984375
1760555404573458400,77.34745849609375,-1.0023345947265625,-0.013885498046875,-0.0122222900390625
1760555404583463400,77.35746337890625,-1.001251220703125,-0.0114288330078125,-0.007965087890625
1760555404593469400,77.36746948242188,-1.0014190673828125,-0.00830078125,-0.0059967041015625
1760555404603474400,77.37747436523438,-0.9991912841796875,-0.0193023681640625,-0.0045928955078125
1760555404613480400,77.38748046875,-0.98822021484375,-0.035003662109375,-0.000823974609375
1760555404623485400,77.3974853515625,-0.995819091796875,-0.026824951171875,0.001373291015625
1760555404633490700,77.40749072265625,-0.9990234375,-0.02105712890625,-0.0035552978515625
1760555404643496400,77.41749633789063,-0.996673583984375,-0.0187835693359375,-0.00408935546875
1760555404653501400,77.42750146484374,-0.997222900390625,-0.0183563232421875,-0.0064544677734375
1760555404663507500,77.43750756835938,-1.00445556640625,-0.0150299072265625,-0.0114593505859375
1760555404673512400,77.44751245117187,-1.0016326904296875,-0.0147247314453125,-0.00799560546875
1760555404683518500,77.4575185546875,-0.9977874755859375,-0.0147247314453125,-0.0015716552734375
1760555404693523500,77.4675234375,-0.9969024658203125,-0.0226593017578125,-0.0116119384765625
1760555404703529500,77.47752954101563,-0.9962310791015625,-0.038665771484375,-0.019744873046875
1760555404713534500,77.48753442382812,-0.992950439453125,-0.0350341796875,-0.0142059326171875
1760555404723539500,77.49753955078126,-0.9904937744140625,-0.03826904296875,-0.0111846923828125
1760555404733545500,77.50754541015625,-0.990814208984375,-0.0424041748046875,-0.00970458984375
1760555404743550500,77.51755053710937,-0.99273681640625,-0.03594970703125,-0.0099029541015625
1760555404753556500,77.52755639648437,-0.99676513671875,-0.0289306640625,-0.0078887939453125
1760555404763561500,77.5375615234375,-1.000457763671875,-0.0249786376953125,-0.0129547119140625
1760555404773567500,77.5475673828125,-0.99871826171875,-0.0248260498046875,-0.0153045654296875
1760555404783572500,77.55757250976562,-0.997955322265625,-0.02520751953125,-0.0153961181640625
1760555404793578500,77.56757861328126,-0.998931884765625,-0.0257568359375,-0.0155029296875
1760555404803583500,77.57758349609375,-1.00177001953125,-0.021820068359375,-0.0154571533203125
1760555404813588500,77.58758837890625,-1.00421142578125,-0.0150146484375,-0.01409912109375
1760555404823594500,77.59759448242187,-1.005584716796875,-0.0115509033203125,-0.015472412109375
1760555404833599500,77.607599609375,-1.0029449462890625,-0.0202789306640625,-0.01910400390625
1760555404843605500,77.61760546875,-1.006134033203125,-0.0196075439453125,-0.02197265625
1760555404853610500,77.62761059570313,-1.0064849853515625,-0.0138092041015625,-0.021697998046875
1760555404863616500,77.63761645507813,-1.01165771484375,-0.0043182373046875,-0.01959228515625
1760555404873621500,77.64762158203125,-1.0032196044921875,-0.018096923828125,-0.0027923583984375
1760555404883627500,77.65762744140625,-0.96746826171875,-0.0832977294921875,0.0069427490234375
1760555404893632500,77.66763256835938,-0.953704833984375,-0.11370849609375,0.0018310546875
1760555404903637500,77.67763745117188,-0.9755401611328125,-0.084716796875,-0.0037689208984375
1760555404913643300,77.68764331054687,-0.9972991943359375,-0.0312652587890625,0.00030517578125
1760555404923648300,77.69764819335937,-1.0081939697265625,-0.0111083984375,-0.00518798828125
1760555404933654500,77.70765454101563,-1.004730224609375,-0.0259552001953125,-0.0148773193359375
1760555404943659500,77.71765942382812,-0.9940948486328125,-0.0460052490234375,-0.0175323486328125
1760555404953665500,77.72766552734375,-0.9891204833984375,-0.050628662109375,-0.0142669677734375
1760555404963670500,77.73767041015626,-0.994842529296875,-0.04510498046875,-0.0198516845703125
1760555404973676500,77.74767651367188,-0.996612548828125,-0.0393218994140625,-0.01824951171875
1760555404983681500,77.757681640625,-0.996551513671875,-0.037994384765625,-0.0159912109375
1760555404993686500,77.7676865234375,-1.001708984375,-0.0286102294921875,-0.0186309814453125
1760555405003692300,77.7776923828125,-1.0023193359375,-0.02880859375,-0.020782470703125
1760555405013697300,77.787697265625,-0.9980316162109375,-0.0364227294921875,-0.0167999267578125
1760555405023703300,77.79770336914062,-0.9962310791015625,-0.036956787109375,-0.010406494140625
1760555405033708300,77.80770825195313,-0.99176025390625,-0.0438232421875,-0.004180908203125
1760555405043714600,77.81771459960937,-0.9861297607421875,-0.0540771484375,-0.004425048828125
1760555405053719600,77.82771948242187,-0.992706298828125,-0.046600341796875,-0.0070343017578125
1760555405063724500,77.837724609375,-0.998291015625,-0.0316925048828125,-0.008209228515625
1760555405073730600,77.84773046875,-1.0045166015625,-0.0204010009765625,-0.01116943359375
1760555405083735600,77.85773559570312,-1.0052337646484375,-0.0229644775390625,-0.0165252685546875
1760555405093741300,77.8677412109375,-1.0034027099609375,-0.025115966796875,-0.0172119140625
1760555405103746300,77.87774633789063,-1.00341796875,-0.024810791015625,-0.0275115966796875
1760555405113752300,77.88775244140625,-1.0105133056640625,-0.017974853515625,-0.0384521484375
1760555405123757300,77.89775732421874,-1.0126800537109375,-0.0138092041015625,-0.040252685546875
1760555405133763600,77.907763671875,-1.01348876953125,-0.0076446533203125,-0.034759521484375
1760555405143768600,77.9177685546875,-1.01751708984375,-0.0029754638671875,-0.0338134765625
1760555405153774600,77.92777465820312,-1.015472412109375,-0.0052642822265625,-0.0275115966796875
1760555405163779600,77.93777954101563,-1.0025177001953125,-0.029205322265625,-0.02020263671875
1760555405173784600,77.94778466796875,-0.98028564453125,-0.071380615234375,-0.0015716552734375
1760555405183790300,77.95779028320312,-0.9526214599609375,-0.12066650390625,-0.0035247802734375
1760555405193795300,77.96779541015626,-0.9648590087890625,-0.107330322265625,-0.012847900390625
1760555405203801300,77.97780126953126,-0.9962921142578125,-0.05828857421875,-0.0218048095703125
1760555405213806300,77.98780639648437,-1.01324462890625,-0.015106201171875,-0.0227508544921875
1760555405223812400,77.99781225585937,-1.0163726806640625,-0.0071868896484375,-0.029083251953125
1760555405233817300,78.0078173828125,-1.0096893310546875,-0.034393310546875,-0.0388946533203125
1760555405243822300,78.017822265625,-0.9915771484375,-0.05938720703125,-0.03973388671875
1760555405253828600,78.02782861328124,-0.9761962890625,-0.0830535888671875,-0.043212890625
1760555405263833600,78.03783349609375,-0.9799346923828125,-0.09149169921875,-0.049652099609375
1760555405273839400,78.04783935546875,-0.9839935302734375,-0.07855224609375,-0.0502166748046875
1760555405283844400,78.05784423828125,-0.9891204833984375,-0.064788818359375,-0.04193115234375
1760555405293850400,78.06785034179687,-0.9911041259765625,-0.0681915283203125,-0.0394287109375
1760555405303855400,78.07785546875,-0.98321533203125,-0.081512451171875,-0.0311126708984375
1760555405313859600,78.08785961914063,-0.98236083984375,-0.0780029296875,-0.025482177734375
1760555405323865300,78.097865234375,-0.995849609375,-0.060272216796875,-0.02960205078125
1760555405333870300,78.10787036132812,-0.999237060546875,-0.0507354736328125,-0.027801513671875
1760555405343876400,78.11787646484375,-0.9934234619140625,-0.0536956787109375,-0.0229949951171875
1760555405353881600,78.12788159179688,-0.992523193359375,-0.0614471435546875,-0.0291748046875
1760555405363886600,78.13788647460937,-0.9901123046875,-0.0662994384765625,-0.0309600830078125
1760555405373892600,78.147892578125,-0.990020751953125,-0.06207275390625,-0.032318115234375
1760555405383897600,78.15789770507813,-0.9960784912109375,-0.0521697998046875,-0.03656005859375
1760555405393903600,78.16790356445313,-0.998687744140625,-0.050323486328125,-0.0357666015625
1760555405403908600,78.17790869140624,-0.9941253662109375,-0.049957275390625,-0.03143310546875
1760555405413914400,78.18791430664062,-0.993743896484375,-0.049560546875,-0.0337677001953125
1760555405423919400,78.19791943359375,-1.0000152587890625,-0.0466156005859375,-0.036163330078125
1760555405433925600,78.20792553710938,-0.994476318359375,-0.0508270263671875,-0.0319976806640625
1760555405443930600,78.2179306640625,-0.988616943359375,-0.061431884765625,-0.026947021484375
1760555405453935600,78.227935546875,-0.99267578125,-0.0570220947265625,-0.0289154052734375
1760555405463941600,78.23794165039062,-0.994598388671875,-0.04962158203125,-0.028717041015625
1760555405473946600,78.24794653320312,-1.00067138671875,-0.04217529296875,-0.0344696044921875
1760555405483952600,78.25795263671876,-1.0037384033203125,-0.0350494384765625,-0.033721923828125
1760555405493957600,78.26795751953125,-0.9994659423828125,-0.0371551513671875,-0.0307769775390625
1760555405503963400,78.27796337890625,-0.9986572265625,-0.0432586669921875,-0.0362701416015625
1760555405513968400,78.28796850585937,-0.9947662353515625,-0.05389404296875,-0.039825439453125
1760555405523973400,78.29797338867188,-0.983001708984375,-0.076446533203125,-0.0379486083984375
1760555405533979600,78.30797973632812,-0.974761962890625,-0.089447021484375,-0.0413818359375
1760555405543984600,78.31798461914063,-0.9735870361328125,-0.0937957763671875,-0.040496826171875
1760555405553990700,78.32799072265625,-0.983612060546875,-0.071380615234375,-0.0317230224609375
1760555405563995600,78.33799560546875,-0.999298095703125,-0.037506103515625,-0.0283203125
1760555405574001700,78.34800170898437,-1.0097503662109375,-0.01751708984375,-0.023284912109375
1760555405584006700,78.35800659179688,-1.0087127685546875,-0.01580810546875,-0.019317626953125
1760555405594012400,78.36801245117188,-0.998931884765625,-0.03179931640625,-0.0186614990234375
1760555405604017400,78.37801733398437,-0.9941558837890625,-0.0460357666015625,-0.023101806640625
1760555405614022400,78.3880224609375,-0.991546630859375,-0.0501708984375,-0.0247650146484375
1760555405624028400,78.3980283203125,-0.9935150146484375,-0.0407867431640625,-0.0282440185546875
1760555405634033400,78.40803344726562,-1.005767822265625,-0.0204010009765625,-0.031646728515625
1760555405644039700,78.41803979492188,-1.006805419921875,-0.012054443359375,-0.02886962890625
1760555405654044700,78.42804467773438,-1.0026092529296875,-0.019775390625,-0.0292510986328125
1760555405664050700,78.43805078125,-1.0005035400390625,-0.0297088623046875,-0.027862548828125
1760555405674055700,78.4480556640625,-0.9972991943359375,-0.03173828125,-0.027557373046875
1760555405684063500,78.4580634765625,-0.993072509765625,-0.0362091064453125,-0.03106689453125
1760555405694068500,78.468068359375,-1.0008392333984375,-0.0278167724609375,-0.03167724609375
1760555405704073500,78.47807348632813,-1.0033111572265625,-0.018524169921875,-0.0248565673828125
1760555405714079700,78.48807983398437,-1.000640869140625,-0.0204010009765625,-0.0247039794921875
1760555405724084700,78.49808471679688,-0.9977264404296875,-0.034576416015625,-0.021575927734375
1760555405734090500,78.50809057617188,-0.996429443359375,-0.031219482421875,-0.015777587890625
1760555405744095500,78.51809545898438,-0.999114990234375,-0.02325439453125,-0.010894775390625
1760555405754101500,78.5281015625,-1.001556396484375,-0.0258636474609375,-0.01654052734375
1760555405764106500,78.5381064453125,-0.9993438720703125,-0.0241546630859375,-0.0204315185546875
1760555405774112500,78.54811254882813,-1.0021209716796875,-0.019287109375,-0.0255279541015625
1760555405784117500,78.55811743164062,-1.0027618408203125,-0.0204620361328125,-0.0327301025390625
1760555405794122500,78.56812255859376,-1.00274658203125,-0.0196990966796875,-0.0316009521484375
1760555405804128800,78.57812866210938,-0.9993438720703125,-0.0194854736328125,-0.027374267578125
1760555405814133800,78.5881337890625,-0.9934539794921875,-0.0329132080078125,-0.0261993408203125
1760555405824139500,78.59813940429687,-0.99566650390625,-0.03509521484375,-0.021209716796875
1760555405834144500,78.60814453125,-0.9936981201171875,-0.0309600830078125,-0.018218994140625
1760555405844150500,78.61815063476563,-0.9993896484375,-0.026611328125,-0.021636962890625
1760555405854155500,78.62815551757812,-1.001953125,-0.022796630859375,-0.0195159912109375
1760555405864161500,78.63816162109374,-0.999969482421875,-0.020416259765625,-0.01806640625
1760555405874166500,78.64816650390625,-1.001251220703125,-0.0208740234375,-0.0229339599609375
1760555405884171500,78.65817163085937,-0.9995574951171875,-0.0290069580078125,-0.0246124267578125
1760555405894177500,78.66817749023437,-0.995452880859375,-0.032958984375,-0.01873779296875
1760555405904182500,78.6781826171875,-0.9975128173828125,-0.026519775390625,-0.0157623291015625
1760555405914188500,78.6881884765625,-1.0023345947265625,-0.025909423828125,-0.0193328857421875
1760555405924193500,78.69819360351562,-0.9980010986328125,-0.029052734375,-0.01568603515625
1760555405934199600,78.70819946289062,-0.994171142578125,-0.0363006591796875,-0.0160064697265625
1760555405944204500,78.71820458984375,-0.9962921142578125,-0.0351104736328125,-0.0240631103515625
1760555405954209500,78.72820947265625,-0.9988861083984375,-0.030670166015625,-0.023956298828125
1760555405964215600,78.73821557617188,-1.0005950927734375,-0.0274658203125,-0.0216217041015625
1760555405974220500,78.74822045898438,-0.9990692138671875,-0.0347900390625,-0.0232086181640625
1760555405984226600,78.7582265625,-0.9901580810546875,-0.0449066162109375,-0.01934814453125
1760555405994231600,78.7682314453125,-0.9919281005859375,-0.0453948974609375,-0.0154876708984375
1760555406004237600,78.77823754882813,-0.994873046875,-0.040557861328125,-0.017974853515625
1760555406014242600,78.78824267578125,-0.9942474365234375,-0.0402984619140625,-0.0149078369140625
1760555406024248600,78.79824853515625,-0.9919281005859375,-0.042205810546875,-0.014007568359375
1760555406034253600,78.80825366210938,-0.9955902099609375,-0.04180908203125,-0.0166473388671875
1760555406044258600,78.81825854492187,-0.995025634765625,-0.0416412353515625,-0.017547607421875
1760555406054264600,78.8282646484375,-0.98974609375,-0.0461578369140625,-0.015716552734375
1760555406064269600,78.83826953125,-0.9900970458984375,-0.0487518310546875,-0.0196075439453125
1760555406074275600,78.84827563476563,-0.9964599609375,-0.0438995361328125,-0.020416259765625
1760555406084280600,78.85828051757812,-0.992645263671875,-0.04052734375,-0.0185394287109375
1760555406094286300,78.86828637695312,-0.9960174560546875,-0.0384521484375,-0.02581787109375
1760555406104291300,78.87829125976563,-0.9972686767578125,-0.0393829345703125,-0.0314483642578125
1760555406114297600,78.88829760742188,-0.9940338134765625,-0.04107666015625,-0.0288848876953125
1760555406124302600,78.89830249023437,-0.9976348876953125,-0.0327301025390625,-0.02545166015625
1760555406134307600,78.9083076171875,-1.00201416015625,-0.025634765625,-0.0267181396484375
1760555406144313600,78.91831372070313,-1.00048828125,-0.0266265869140625,-0.0256195068359375
1760555406154318600,78.92831860351562,-0.9984130859375,-0.03106689453125,-0.027008056640625
1760555406164324600,78.93832470703126,-0.997406005859375,-0.0358123779296875,-0.022491455078125
1760555406174329600,78.94832958984375,-0.9926300048828125,-0.039031982421875,-0.019134521484375
1760555406184335400,78.95833544921875,-0.995635986328125,-0.0357666015625,-0.0211181640625
1760555406194340400,78.96834033203125,-1.0013275146484375,-0.0325775146484375,-0.02337646484375
1760555406204346400,78.97834643554687,-0.9973602294921875,-0.0300140380859375,-0.0247650146484375
1760555406214351600,78.9883515625,-0.9970550537109375,-0.030364990234375,-0.02728271484375
1760555406224356600,78.99835668945312,-1,-0.03558349609375,-0.0249786376953125
1760555406234362600,79.00836254882813,-0.9916229248046875,-0.0377197265625,-0.01947021484375
1760555406244367600,79.01836767578125,-0.9969329833984375,-0.0321502685546875,-0.02056884765625
1760555406254373600,79.02837353515625,-1.002197265625,-0.0313720703125,-0.0242919921875
1760555406264378600,79.03837866210938,-0.9929656982421875,-0.040496826171875,-0.02349853515625
1760555406274384400,79.04838427734374,-0.99017333984375,-0.0453643798828125,-0.023681640625
1760555406284389400,79.05838940429688,-0.993865966796875,-0.04541015625,-0.0274505615234375
1760555406294394400,79.06839428710937,-0.9939422607421875,-0.038787841796875,-0.0239410400390625
1760555406304400400,79.078400390625,-0.9926605224609375,-0.03839111328125,-0.022491455078125
1760555406314405400,79.0884052734375,-0.9946441650390625,-0.0355224609375,-0.0240325927734375
1760555406324411600,79.09841162109375,-0.9984588623046875,-0.0274200439453125,-0.0227203369140625
1760555406334416600,79.10841674804688,-1.0012359619140625,-0.0248565673828125,-0.019744873046875
1760555406344422700,79.11842260742188,-0.999969482421875,-0.0250091552734375,-0.0219268798828125
1760555406354427400,79.12842749023437,-0.9998016357421875,-0.02447509765625,-0.0203704833984375
1760555406364433400,79.13843334960937,-0.995574951171875,-0.0236663818359375,-0.018218994140625
1760555406374438400,79.1484384765625,-1.0016021728515625,-0.0182952880859375,-0.0190582275390625
1760555406384443400,79.158443359375,-1.0047149658203125,-0.01287841796875,-0.02166748046875
1760555406394449200,79.16844921875,-0.9994659423828125,-0.017578125,-0.0220794677734375
1760555406404454100,79.1784541015625,-1.00201416015625,-0.0170135498046875,-0.01788330078125
1760555406414460200,79.18846020507813,-1.002197265625,-0.013885498046875,-0.0153656005859375
1760555406424465200,79.19846508789063,-1.0013427734375,-0.013671875,-0.017364501953125
1760555406434471400,79.20847143554687,-1.001373291015625,-0.01739501953125,-0.0129547119140625
1760555406444476400,79.21847631835938,-0.996917724609375,-0.0242767333984375,-0.013397216796875
1760555406454481400,79.2284814453125,-0.9927520751953125,-0.032073974609375,-0.0154571533203125
1760555406464487400,79.2384873046875,-0.995025634765625,-0.02996826171875,-0.011627197265625
1760555406474492400,79.24849243164063,-0.996246337890625,-0.0219268798828125,-0.0102691650390625
1760555406484498200,79.25849829101563,-0.9990081787109375,-0.0188140869140625,-0.01080322265625
1760555406494503200,79.26850317382812,-1.0003509521484375,-0.023834228515625,-0.01226806640625
1760555406504509200,79.27850927734374,-0.999053955078125,-0.02496337890625,-0.0160675048828125
1760555406514514200,79.28851416015625,-0.998199462890625,-0.026611328125,-0.01885986328125
1760555406524519200,79.29851928710937,-0.99603271484375,-0.0335235595703125,-0.0207977294921875
1760555406534525400,79.308525390625,-0.9906463623046875,-0.04083251953125,-0.0199127197265625
1760555406544530400,79.31853051757813,-0.9921722412109375,-0.039306640625,-0.0159149169921875
1760555406554536400,79.32853637695312,-0.9936981201171875,-0.037261962890625,-0.01019287109375
1760555406564541400,79.33854150390626,-0.9940338134765625,-0.030181884765625,-0.0093841552734375
1760555406574547200,79.34854711914062,-1.0004425048828125,-0.018768310546875,-0.0060272216796875
1760555406584552200,79.35855224609375,-1.0013275146484375,-0.0167999267578125,-0.00360107421875
1760555406594558200,79.36855810546875,-0.9969024658203125,-0.0246124267578125,-0.00408935546875
1760555406604563200,79.37856323242187,-0.9976043701171875,-0.021881103515625,-0.011932373046875
1760555406614568200,79.38856811523438,-0.9986419677734375,-0.02203369140625,-0.015655517578125
1760555406624574200,79.39857421875,-0.99761962890625,-0.023284912109375,-0.013458251953125
1760555406634579200,79.4085791015625,-0.99951171875,-0.0244140625,-0.016998291015625
1760555406644585500,79.41858544921875,-0.997283935546875,-0.0272064208984375,-0.015838623046875
1760555406654590500,79.42859057617187,-0.99444580078125,-0.029876708984375,-0.0088348388671875
1760555406664596200,79.43859619140625,-1.000152587890625,-0.021453857421875,-0.0047454833984375
1760555406674601200,79.44860131835938,-1.0050048828125,-0.01470947265625,-0.00689697265625
1760555406684607200,79.45860717773438,-1.00103759765625,-0.01422119140625,-0.0030059814453125
1760555406694612200,79.4686123046875,-0.99871826171875,-0.0205078125,-0.0018157958984375
1760555406704617200,79.4786171875,-1.001190185546875,-0.0203704833984375,-0.0042724609375
1760555406714623200,79.48862329101563,-0.9988861083984375,-0.0275726318359375,-0.0042266845703125
1760555406724628200,79.49862817382812,-0.990081787109375,-0.0395355224609375,-0.0045166015625
1760555406734634500,79.50863452148438,-0.9930419921875,-0.03857421875,-0.0061798095703125
1760555406744639500,79.51863940429688,-0.9975433349609375,-0.0299835205078125,-0.0016937255859375
1760555406754645200,79.52864526367188,-0.9940338134765625,-0.0295257568359375,0.0020904541015625
1760555406764650200,79.53865014648437,-0.9971466064453125,-0.0296173095703125,0.0041046142578125
1760555406774655200,79.5486552734375,-0.99444580078125,-0.0343780517578125,0.0036163330078125
1760555406784661200,79.5586611328125,-0.9933624267578125,-0.0347137451171875,0.0006256103515625
1760555406794666200,79.56866625976562,-0.9942626953125,-0.0352630615234375,-0.00335693359375
1760555406804672300,79.57867236328126,-0.9941864013671875,-0.033355712890625,-0.0040283203125
1760555406814677200,79.58867724609375,-0.9935302734375,-0.034149169921875,-0.0061798095703125
1760555406824683300,79.59868334960937,-0.9945831298828125,-0.0355377197265625,-0.0096588134765625
1760555406834688300,79.60868823242187,-0.995758056640625,-0.0322723388671875,-0.006561279296875
1760555406844694300,79.6186943359375,-0.9957733154296875,-0.02996826171875,-0.0013427734375
1760555406854699300,79.62869921875,-0.998779296875,-0.025848388671875,-0.0009918212890625
1760555406864704300,79.63870434570312,-1.0015106201171875,-0.0215301513671875,-0.001068115234375
1760555406874710300,79.64871020507813,-1.000823974609375,-0.0185699462890625,-0.001556396484375
1760555406884715300,79.65871533203125,-1.0027313232421875,-0.0209197998046875,-0.0041351318359375
1760555406894721300,79.66872119140625,-1.0001220703125,-0.0232391357421875,-0.00244140625
1760555406904726300,79.67872631835938,-0.994140625,-0.028564453125,-0.000885009765625
1760555406914732300,79.68873217773438,-0.9971160888671875,-0.0299224853515625,0.0008544921875
1760555406924737300,79.6987373046875,-0.9978485107421875,-0.0289154052734375,0.001220703125
1760555406934742300,79.7087421875,-0.9935150146484375,-0.0315399169921875,-0.0007781982421875
1760555406944748300,79.71874829101563,-0.997650146484375,-0.030609130859375,-0.001129150390625
1760555406954753300,79.72875317382812,-0.996978759765625,-0.029998779296875,0.0011749267578125
1760555406964759300,79.73875927734375,-0.9967803955078125,-0.0296478271484375,0.004608154296875
1760555406974764300,79.74876440429688,-0.997406005859375,-0.02728271484375,-0.000579833984375
1760555406984770300,79.75877026367188,-0.995361328125,-0.03070068359375,-0.0068359375
1760555406994775300,79.768775390625,-0.99554443359375,-0.028564453125,-0.0133209228515625
1760555407004780300,79.7787802734375,-0.9997711181640625,-0.0252227783203125,-0.0164794921875
1760555407014786300,79.78878637695313,-1.0018310546875,-0.02301025390625,-0.0145416259765625
1760555407024791300,79.79879125976562,-0.9980926513671875,-0.0278167724609375,-0.013458251953125
1760555407034797300,79.80879736328124,-0.9951934814453125,-0.033966064453125,-0.0135498046875
1760555407044802300,79.81880224609375,-0.9950714111328125,-0.033477783203125,-0.0106201171875
1760555407054808300,79.82880834960937,-0.9973602294921875,-0.0274810791015625,-0.0110931396484375
1760555407064813300,79.83881323242187,-0.997161865234375,-0.0265655517578125,-0.0087738037109375
1760555407074819300,79.8488193359375,-0.9981536865234375,-0.0238037109375,-0.00738525390625
1760555407084824300,79.85882421875,-1.000274658203125,-0.021759033203125,-0.0067901611328125
1760555407094829300,79.86882934570312,-1.0025787353515625,-0.0183258056640625,-0.0090179443359375
1760555407104835300,79.87883544921876,-1.0027923583984375,-0.0158843994140625,-0.0104827880859375
1760555407114840300,79.88884033203125,-1.0013275146484375,-0.0207672119140625,-0.0115966796875
1760555407124846300,79.89884643554687,-0.9994049072265625,-0.025726318359375,-0.0096588134765625
1760555407134851300,79.90885131835938,-0.99774169921875,-0.0239105224609375,-0.006439208984375
1760555407144857000,79.91885717773438,-0.9988250732421875,-0.0227203369140625,-0.00762939453125
1760555407154862300,79.9288623046875,-1.0009307861328125,-0.0253143310546875,-0.0072021484375
1760555407164867300,79.93886743164063,-0.99468994140625,-0.0310821533203125,-0.0040435791015625
1760555407174873300,79.94887329101563,-0.9941253662109375,-0.0321044921875,-0.0082244873046875
1760555407184878300,79.95887841796875,-1.0004119873046875,-0.02545166015625,-0.0077972412109375
1760555407194884400,79.96888427734375,-0.9982757568359375,-0.0233154296875,-0.009002685546875
1760555407204889300,79.97888940429688,-0.9982452392578125,-0.0253448486328125,-0.01446533203125
1760555407214895400,79.98889526367188,-1.0024871826171875,-0.02349853515625,-0.0129852294921875
1760555407224900400,79.998900390625,-0.994384765625,-0.029632568359375,-0.010406494140625
1760555407234905300,80.0089052734375,-0.9951324462890625,-0.030059814453125,-0.0095672607421875
1760555407244911000,80.0189111328125,-0.99774169921875,-0.027923583984375,-0.0090789794921875
1760555407254916000,80.028916015625,-0.99639892578125,-0.026458740234375,-0.0067138671875
1760555407264922400,80.03892236328124,-0.9977569580078125,-0.02752685546875,-0.0086669921875
1760555407274927400,80.04892724609375,-0.99432373046875,-0.034912109375,-0.0098114013671875
1760555407284933400,80.05893334960938,-0.99029541015625,-0.0419921875,-0.0058135986328125
1760555407294938400,80.0689384765625,-0.9923095703125,-0.0399017333984375,-0.0070343017578125
1760555407304943400,80.078943359375,-0.9985809326171875,-0.030303955078125,-0.0091705322265625
1760555407314949400,80.08894946289062,-0.995880126953125,-0.02874755859375,-0.00079345703125
1760555407324954400,80.09895434570312,-0.9941558837890625,-0.0313262939453125,-0.004302978515625
1760555407334960000,80.10896020507812,-0.994415283203125,-0.0357208251953125,-0.0096893310546875
1760555407344965000,80.11896508789063,-0.99005126953125,-0.0391387939453125,-0.0054931640625
1760555407354971400,80.12897143554687,-0.98602294921875,-0.0503997802734375,-0.0060272216796875
1760555407364976400,80.13897631835937,-0.9865875244140625,-0.0528106689453125,-0.0099334716796875
1760555407374982400,80.148982421875,-0.9918975830078125,-0.0418548583984375,-0.0135498046875
1760555407384987400,80.1589873046875,-0.998382568359375,-0.0229949951171875,-0.0145263671875
1760555407394992400,80.16899243164063,-1.007232666015625,-0.012176513671875,-0.0143280029296875
1760555407404998400,80.17899829101563,-1.00457763671875,-0.012481689453125,-0.0172271728515625
1760555407415003400,80.18900341796875,-1.000396728515625,-0.0205078125,-0.00946044921875
1760555407425009400,80.19900952148437,-0.99310302734375,-0.02978515625,-0.0074462890625
1760555407435014400,80.20901440429688,-0.993988037109375,-0.0317535400390625,-0.008331298828125
1760555407445020400,80.2190205078125,-0.9979248046875,-0.0254058837890625,-0.005645751953125
1760555407455025400,80.229025390625,-1.003173828125,-0.0092620849609375,-0.00311279296875
1760555407465030400,80.23903051757813,-1.0059967041015625,-0.001678466796875,-0.0034027099609375
1760555407475036400,80.24903637695313,-1.007354736328125,-0.0007781982421875,-0.00506591796875
1760555407485041400,80.25904150390625,-1.0030975341796875,-0.0047760009765625,-0.007598876953125
1760555407495047400,80.26904736328125,-0.9989013671875,-0.0145416259765625,-0.0067291259765625
1760555407505052400,80.27905249023438,-0.99420166015625,-0.0252685546875,-0.010223388671875
1760555407515058400,80.28905834960938,-0.9937286376953125,-0.02667236328125,-0.0156707763671875
1760555407525063400,80.2990634765625,-0.999542236328125,-0.0219268798828125,-0.0175018310546875
1760555407535068400,80.309068359375,-0.9998626708984375,-0.019927978515625,-0.022613525390625
1760555407545074400,80.31907446289063,-1.0052642822265625,-0.0142059326171875,-0.030303955078125
1760555407555079400,80.32907934570312,-1.003570556640625,-0.0137176513671875,-0.027862548828125
1760555407565085400,80.33908544921874,-0.99993896484375,-0.01666259765625,-0.018463134765625
1760555407575090400,80.34909033203125,-0.9990997314453125,-0.0179901123046875,-0.0150604248046875
1760555407585096400,80.35909643554687,-0.99822998046875,-0.02325439453125,-0.01434326171875
1760555407595101400,80.36910131835937,-0.993927001953125,-0.026123046875,-0.0084228515625
1760555407605107200,80.37910717773437,-0.996917724609375,-0.02630615234375,-0.007720947265625
1760555407615112200,80.3891123046875,-0.996917724609375,-0.0301513671875,-0.01422119140625
1760555407625117200,80.3991171875,-0.995513916015625,-0.029296875,-0.01312255859375
1760555407635123500,80.40912353515625,-0.99554443359375,-0.02984619140625,-0.0203399658203125
1760555407645128400,80.41912841796875,-0.9984283447265625,-0.0318756103515625,-0.0258941650390625
1760555407655134500,80.42913452148437,-0.994140625,-0.033721923828125,-0.024932861328125
1760555407665139500,80.43913940429688,-0.9931182861328125,-0.0380401611328125,-0.0249176025390625
1760555407675145500,80.4491455078125,-0.9984130859375,-0.03033447265625,-0.0280914306640625
1760555407685150500,80.459150390625,-0.998504638671875,-0.0270538330078125,-0.0245819091796875
1760555407695155500,80.46915551757813,-0.9942169189453125,-0.0289306640625,-0.0230865478515625
1760555407705161200,80.4791611328125,-0.9947967529296875,-0.034393310546875,-0.0238800048828125
1760555407715166200,80.48916625976562,-0.9951629638671875,-0.0372314453125,-0.0247650146484375
1760555407725172500,80.49917236328125,-0.995819091796875,-0.0281219482421875,-0.024810791015625
1760555407735177500,80.50917749023438,-0.99737548828125,-0.0277099609375,-0.028839111328125
1760555407745183500,80.51918359375,-0.9979095458984375,-0.027801513671875,-0.031280517578125
1760555407755188500,80.5291884765625,-0.9964599609375,-0.028961181640625,-0.03179931640625
1760555407765193500,80.539193359375,-0.996063232421875,-0.0295562744140625,-0.036407470703125
1760555407775199500,80.54919946289063,-0.9969482421875,-0.030364990234375,-0.0391082763671875
1760555407785204500,80.55920458984374,-0.9956207275390625,-0.0285797119140625,-0.037261962890625
1760555407795210200,80.56921020507812,-0.9987640380859375,-0.02862548828125,-0.0352325439453125
1760555407805215200,80.57921533203125,-0.99725341796875,-0.0278167724609375,-0.031768798828125
1760555407815221200,80.58922119140625,-0.996063232421875,-0.0259857177734375,-0.0327301025390625
1760555407825226200,80.59922631835937,-0.9990386962890625,-0.024658203125,-0.0357818603515625
1760555407835231200,80.60923120117188,-0.9986419677734375,-0.0263214111328125,-0.0402374267578125
1760555407845237500,80.61923754882812,-0.994415283203125,-0.0302734375,-0.0377349853515625
1760555407855242500,80.62924243164062,-0.993072509765625,-0.0326080322265625,-0.0332183837890625
1760555407865248500,80.63924853515626,-0.9961700439453125,-0.029449462890625,-0.0327911376953125
1760555407875253500,80.64925341796875,-0.9984893798828125,-0.0235443115234375,-0.03057861328125
1760555407885259300,80.65925927734375,-0.9983978271484375,-0.021697998046875,-0.0255279541015625
1760555407895264500,80.66926440429687,-0.9978179931640625,-0.02337646484375,-0.02423095703125
1760555407905269500,80.67926953125,-0.9972381591796875,-0.027191162109375,-0.025787353515625
1760555407915275300,80.68927514648438,-0.996307373046875,-0.02984619140625,-0.025299072265625
1760555407925280300,80.6992802734375,-0.9969024658203125,-0.024566650390625,-0.0304718017578125
1760555407935286500,80.70928662109375,-0.9988250732421875,-0.0264739990234375,-0.033416748046875
1760555407945291500,80.71929150390625,-0.9985504150390625,-0.0230255126953125,-0.038177490234375
1760555407955297500,80.72929760742187,-0.997344970703125,-0.0231170654296875,-0.0388946533203125
1760555407965302500,80.73930249023438,-1.0003662109375,-0.025421142578125,-0.0432586669921875
1760555407975307500,80.7493076171875,-0.997802734375,-0.025543212890625,-0.0401611328125
1760555407985313500,80.7593134765625,-0.9909820556640625,-0.029632568359375,-0.044342041015625
1760555407995318500,80.76931860351563,-0.99884033203125,-0.02880859375,-0.0457305908203125
1760555408005324300,80.77932421875,-0.99700927734375,-0.0258026123046875,-0.037384033203125
1760555408015329300,80.78932934570312,-0.992431640625,-0.028594970703125,-0.0312957763671875
1760555408025335300,80.79933520507812,-0.99591064453125,-0.0318756103515625,-0.0361175537109375
1760555408035340300,80.80934033203125,-0.9980926513671875,-0.0265960693359375,-0.0350189208984375
1760555408045346600,80.8193466796875,-0.99481201171875,-0.0282135009765625,-0.0385894775390625
1760555408055351600,80.8293515625,-0.99981689453125,-0.026123046875,-0.0423126220703125
1760555408065356500,80.8393564453125,-0.999267578125,-0.02099609375,-0.0345306396484375
1760555408075362600,80.84936254882813,-0.9961395263671875,-0.02545166015625,-0.0328369140625
1760555408085367600,80.85936743164062,-1.00067138671875,-0.0246734619140625,-0.0343780517578125
1760555408095373300,80.86937329101562,-0.9937286376953125,-0.02801513671875,-0.0308837890625
1760555408105378300,80.87937841796875,-0.9922637939453125,-0.0321502685546875,-0.03289794921875
1760555408115384300,80.88938427734375,-0.9985198974609375,-0.033660888671875,-0.038421630859375
1760555408125389300,80.89938940429687,-0.9962615966796875,-0.0302276611328125,-0.0321197509765625
1760555408135394300,80.90939428710938,-0.99609375,-0.0279083251953125,-0.0263214111328125
1760555408145400600,80.91940063476562,-0.9997100830078125,-0.0257568359375,-0.02789306640625
1760555408155405600,80.92940551757812,-0.9954986572265625,-0.0285797119140625,-0.021697998046875
1760555408165411600,80.93941162109375,-0.9918365478515625,-0.0342864990234375,-0.014739990234375
1760555408175416600,80.94941650390625,-0.9941558837890625,-0.033905029296875,-0.0174102783203125
1760555408185422300,80.95942236328125,-0.9970245361328125,-0.0294036865234375,-0.022125244140625
1760555408195427300,80.96942724609374,-0.994049072265625,-0.0321807861328125,-0.0235443115234375
1760555408205432300,80.97943237304688,-0.9961090087890625,-0.032501220703125,-0.0225830078125
1760555408215438300,80.98943823242188,-0.998779296875,-0.0262298583984375,-0.024749755859375
1760555408225443300,80.999443359375,-0.999420166015625,-0.0229034423828125,-0.0307464599609375
1760555408235449300,81.00944946289063,-1.0021514892578125,-0.021728515625,-0.0395965576171875
1760555408245454300,81.01945434570312,-1.000823974609375,-0.0243682861328125,-0.0400543212890625
1760555408255460600,81.02946069335937,-0.998138427734375,-0.026031494140625,-0.031768798828125
1760555408265465600,81.03946557617188,-1.000885009765625,-0.02783203125,-0.0270843505859375
1760555408275470600,81.049470703125,-0.9999847412109375,-0.0254669189453125,-0.023956298828125
1760555408285476400,81.05947631835937,-0.9983673095703125,-0.0267181396484375,-0.0226287841796875
1760555408295481300,81.0694814453125,-0.9982452392578125,-0.028839111328125,-0.0210418701171875
1760555408305487400,81.0794873046875,-0.99920654296875,-0.02703857421875,-0.02349853515625
1760555408315492400,81.08949243164062,-1.0018768310546875,-0.022308349609375,-0.0206146240234375
1760555408325498400,81.09949829101562,-1.001922607421875,-0.0190277099609375,-0.0156707763671875
1760555408335503400,81.10950341796875,-1.0038604736328125,-0.0177001953125,-0.0164337158203125
1760555408345508400,81.11950830078125,-1.005096435546875,-0.0165557861328125,-0.0156707763671875
1760555408355514400,81.12951440429687,-1.001251220703125,-0.022247314453125,-0.009735107421875
1760555408365519400,81.13951928710938,-0.99072265625,-0.0429840087890625,-0.010589599609375
1760555408375525000,81.14952514648438,-0.986328125,-0.05487060546875,-0.0064697265625
1760555408385530000,81.15953002929687,-0.9832000732421875,-0.058441162109375,-0.003753662109375
1760555408395536100,81.1695361328125,-0.9849090576171875,-0.05224609375,-0.0061798095703125
1760555408405541000,81.179541015625,-0.9996337890625,-0.029815673828125,-0.01239013671875
1760555408415546000,81.18954614257812,-1.0029754638671875,-0.0225677490234375,-0.0106658935546875
1760555408425552400,81.19955249023438,-0.9962005615234375,-0.0333099365234375,-0.0140838623046875
1760555408435557400,81.20955737304688,-0.995758056640625,-0.0410003662109375,-0.020263671875
1760555408445563400,81.2195634765625,-0.994140625,-0.043701171875,-0.0206146240234375
1760555408455568400,81.229568359375,-0.9957122802734375,-0.03900146484375,-0.018798828125
1760555408465574100,81.23957421875,-0.9971160888671875,-0.03680419921875,-0.0192718505859375
1760555408475579100,81.2495791015625,-0.9927520751953125,-0.0446929931640625,-0.0145721435546875
1760555408485584400,81.25958447265624,-0.9862518310546875,-0.048675537109375,-0.00897216796875
1760555408495590100,81.26959008789062,-0.9882659912109375,-0.052520751953125,-0.0075531005859375
1760555408505595100,81.27959521484375,-0.9935150146484375,-0.0472259521484375,-0.0100555419921875
1760555408515601400,81.28960131835937,-0.993621826171875,-0.038818359375,-0.01220703125
1760555408525606400,81.2996064453125,-0.9958648681640625,-0.03436279296875,-0.0167999267578125
1760555408535612400,81.3096123046875,-0.9979705810546875,-0.0363006591796875,-0.023712158203125
1760555408545617400,81.31961743164062,-0.995391845703125,-0.0354461669921875,-0.026580810546875
1760555408555622400,81.32962231445312,-0.9997100830078125,-0.0296783447265625,-0.0253753662109375
1760555408565628400,81.33962841796875,-1.001800537109375,-0.0276336669921875,-0.0252227783203125
1760555408575633400,81.34963330078125,-0.997802734375,-0.0290069580078125,-0.023712158203125
1760555408585639200,81.35963916015625,-0.9982452392578125,-0.0308837890625,-0.0257415771484375
1760555408595644200,81.36964404296874,-0.998687744140625,-0.032318115234375,-0.0263519287109375
1760555408605650200,81.37965014648438,-0.999420166015625,-0.029510498046875,-0.0215301513671875
1760555408615655200,81.3896552734375,-0.997894287109375,-0.0316925048828125,-0.02178955078125
1760555408625660200,81.39966015625,-0.9998626708984375,-0.0310821533203125,-0.0254974365234375
1760555408635666400,81.40966650390625,-0.99810791015625,-0.0305633544921875,-0.0221405029296875
1760555408645671400,81.41967138671875,-1.0003509521484375,-0.0262451171875,-0.023956298828125
1760555408655677400,81.42967749023437,-0.99945068359375,-0.0302276611328125,-0.0269317626953125
1760555408665682400,81.43968237304688,-0.9979095458984375,-0.033203125,-0.027862548828125
1760555408675688200,81.44968823242188,-0.9975128173828125,-0.0334014892578125,-0.024383544921875
1760555408685693200,81.45969311523437,-0.9964141845703125,-0.03936767578125,-0.0214080810546875
1760555408695698200,81.4696982421875,-0.9927978515625,-0.04266357421875,-0.0205230712890625
1760555408705704200,81.4797041015625,-0.9928436279296875,-0.042388916015625,-0.021514892578125
1760555408715709200,81.48970922851562,-0.995025634765625,-0.0373077392578125,-0.0232391357421875
1760555408725715500,81.49971557617188,-0.9933319091796875,-0.03924560546875,-0.0219268798828125
1760555408735720400,81.50972045898438,-0.992828369140625,-0.041900634765625,-0.0251617431640625
1760555408745726500,81.5197265625,-0.9941558837890625,-0.040924072265625,-0.03253173828125
1760555408755731500,81.5297314453125,-0.99542236328125,-0.0399017333984375,-0.0318756103515625
1760555408765736400,81.539736328125,-1.0004730224609375,-0.0311126708984375,-0.0328826904296875
1760555408775742200,81.5497421875,-0.999237060546875,-0.0302734375,-0.039825439453125
1760555408785747200,81.55974731445312,-0.9938507080078125,-0.0385894775390625,-0.0423736572265625
1760555408795753200,81.56975317382812,-0.9932098388671875,-0.0410308837890625,-0.0373687744140625
1760555408805758200,81.57975830078125,-0.9962615966796875,-0.0391387939453125,-0.04119873046875
1760555408815764200,81.58976416015625,-0.997039794921875,-0.03424072265625,-0.041046142578125
1760555408825769200,81.59976928710938,-0.996673583984375,-0.0293731689453125,-0.035675048828125
1760555408835774200,81.60977416992188,-0.9991912841796875,-0.03057861328125,-0.0311737060546875
1760555408845780500,81.61978051757812,-1.001129150390625,-0.0271453857421875,-0.0297698974609375
1760555408855785500,81.62978540039063,-1.0012969970703125,-0.024444580078125,-0.0321807861328125
1760555408865791200,81.63979125976563,-1.001251220703125,-0.0239715576171875,-0.041351318359375
1760555408875796200,81.64979614257813,-0.9995574951171875,-0.0276336669921875,-0.0420989990234375
1760555408885802200,81.65980224609375,-0.9939422607421875,-0.0384063720703125,-0.0387115478515625
1760555408895807200,81.66980712890626,-0.991119384765625,-0.038360595703125,-0.0384674072265625
1760555408905812200,81.67981225585937,-1.000274658203125,-0.028411865234375,-0.042327880859375
1760555408915818200,81.689818359375,-1.000732421875,-0.0251922607421875,-0.0426025390625
1760555408925823200,81.6998232421875,-0.995513916015625,-0.0298309326171875,-0.0411834716796875
1760555408935829500,81.70982958984375,-0.994873046875,-0.035980224609375,-0.0437164306640625
1760555408945834500,81.71983447265625,-0.99774169921875,-0.0350341796875,-0.0352020263671875
1760555408955840300,81.72984033203124,-0.997772216796875,-0.0300750732421875,-0.0322723388671875
1760555408965845200,81.73984521484375,-0.99859619140625,-0.0277252197265625,-0.034454345703125
1760555408975850200,81.74985034179687,-0.9951019287109375,-0.0315399169921875,-0.036407470703125
1760555408985856300,81.75985620117187,-0.995025634765625,-0.0382232666015625,-0.03509521484375
1760555408995861200,81.769861328125,-0.993988037109375,-0.0374908447265625,-0.035430908203125
1760555409005867300,81.7798671875,-0.9938812255859375,-0.0396270751953125,-0.0375213623046875
1760555409015872300,81.78987231445312,-0.9927978515625,-0.041046142578125,-0.040863037109375
1760555409025878300,81.79987817382812,-0.9941253662109375,-0.0425262451171875,-0.044281005859375
1760555409035883300,81.80988330078125,-0.9949951171875,-0.0412750244140625,-0.0426025390625
1760555409045888300,81.81988818359375,-0.9940185546875,-0.0389251708984375,-0.0437164306640625
1760555409055894300,81.82989428710937,-0.993621826171875,-0.0410308837890625,-0.04156494140625
1760555409065899300,81.83989916992188,-0.991546630859375,-0.04193115234375,-0.043121337890625
1760555409075905300,81.8499052734375,-0.9931182861328125,-0.0430145263671875,-0.0444793701171875
1760555409085910300,81.85991015625,-0.9965972900390625,-0.0384063720703125,-0.0443878173828125
1760555409095916300,81.86991625976563,-0.99853515625,-0.032806396484375,-0.0426025390625
1760555409105921300,81.87992138671875,-1.00115966796875,-0.0272369384765625,-0.044464111328125
1760555409115926300,81.88992626953124,-0.9998016357421875,-0.030548095703125,-0.0417327880859375
1760555409125932300,81.89993237304688,-0.9950103759765625,-0.0345916748046875,-0.0397796630859375
1760555409135937300,81.90993725585938,-0.995697021484375,-0.0343017578125,-0.0426483154296875
1760555409145943300,81.919943359375,-0.9956207275390625,-0.0303497314453125,-0.042449951171875
1760555409155948300,81.9299482421875,-0.997314453125,-0.0329742431640625,-0.040283203125
1760555409165954300,81.93995434570313,-0.99676513671875,-0.03546142578125,-0.0411376953125
1760555409175959300,81.94995922851562,-0.9956207275390625,-0.0359649658203125,-0.0411376953125
1760555409185964300,81.95996435546876,-0.9975433349609375,-0.03192138671875,-0.0359649658203125
1760555409195970300,81.96997021484376,-0.9972686767578125,-0.027496337890625,-0.0283203125
1760555409205975300,81.97997534179687,-1.0015716552734375,-0.0242767333984375,-0.029083251953125
1760555409215981300,81.98998120117187,-1.0002899169921875,-0.025665283203125,-0.0332794189453125
1760555409225986300,81.999986328125,-0.9970703125,-0.03021240234375,-0.0348358154296875
1760555409235992300,82.00999243164063,-0.995697021484375,-0.03045654296875,-0.0407257080078125
1760555409245997300,82.01999731445312,-0.99822998046875,-0.032989501953125,-0.04278564453125
1760555409256002300,82.03000219726563,-0.9962310791015625,-0.0345001220703125,-0.0438995361328125
1760555409266008300,82.04000830078125,-0.995697021484375,-0.0348052978515625,-0.04193115234375
1760555409276013300,82.05001342773437,-0.9942169189453125,-0.0369415283203125,-0.0406341552734375
1760555409286019300,82.06001928710937,-0.994049072265625,-0.0367431640625,-0.0391693115234375
1760555409296024300,82.0700244140625,-0.9965362548828125,-0.0319976806640625,-0.03765869140625
1760555409306029300,82.080029296875,-0.9964599609375,-0.03240966796875,-0.0359649658203125
1760555409316033300,82.090033203125,-0.99749755859375,-0.02978515625,-0.0360260009765625
1760555409326038300,82.10003833007812,-0.9990081787109375,-0.0299835205078125,-0.03851318359375
1760555409336044300,82.11004418945312,-0.995269775390625,-0.03472900390625,-0.038604736328125
1760555409346049300,82.12004931640625,-0.99273681640625,-0.038330078125,-0.042449951171875
1760555409356055000,82.13005493164063,-0.99664306640625,-0.036041259765625,-0.045928955078125
1760555409366060000,82.14006005859375,-0.9972991943359375,-0.0330810546875,-0.0442047119140625
1760555409376065000,82.15006494140626,-0.994476318359375,-0.034088134765625,-0.0389862060546875
1760555409386071000,82.16007104492188,-0.9948272705078125,-0.038665771484375,-0.0390777587890625
1760555409396076000,82.17007592773437,-0.9951629638671875,-0.0342864990234375,-0.037933349609375
1760555409406082000,82.18008203125,-0.9963836669921875,-0.0300140380859375,-0.0364837646484375
1760555409416087000,82.19008715820313,-0.9991455078125,-0.029022216796875,-0.0360107421875
1760555409426093000,82.20009301757813,-0.999725341796875,-0.029510498046875,-0.0398712158203125
1760555409436098000,82.21009814453124,-0.996612548828125,-0.0307159423828125,-0.039154052734375
1760555409446103000,82.22010302734375,-0.9959259033203125,-0.0353240966796875,-0.0429534912109375
1760555409456109000,82.23010913085938,-0.9975433349609375,-0.0313720703125,-0.04217529296875
1760555409466114000,82.24011401367187,-0.9981842041015625,-0.0292510986328125,-0.0437469482421875
1760555409476120000,82.2501201171875,-0.9939422607421875,-0.0348358154296875,-0.0464324951171875
1760555409486125000,82.260125,-0.996368408203125,-0.031280517578125,-0.043792724609375
1760555409496130800,82.270130859375,-0.998504638671875,-0.0282745361328125,-0.04095458984375
1760555409506136000,82.28013598632812,-0.996246337890625,-0.0280914306640625,-0.03997802734375
1760555409516141000,82.29014111328125,-0.998687744140625,-0.02667236328125,-0.0403900146484375
1760555409526147000,82.30014697265625,-0.9967803955078125,-0.0308837890625,-0.0410614013671875
1760555409536152000,82.31015209960937,-0.99560546875,-0.032623291015625,-0.037750244140625
1760555409546158000,82.32015795898438,-0.99847412109375,-0.0325469970703125,-0.044036865234375
1760555409556163000,82.3301630859375,-0.9982757568359375,-0.030517578125,-0.043182373046875
1760555409566169000,82.34016918945312,-0.997161865234375,-0.0314788818359375,-0.0393829345703125
1760555409576174000,82.35017407226563,-0.9959869384765625,-0.035400390625,-0.038787841796875
1760555409586179000,82.36017895507813,-0.99542236328125,-0.0363616943359375,-0.0421142578125
1760555409596185000,82.37018505859375,-0.99578857421875,-0.03875732421875,-0.043121337890625
1760555409606190000,82.38019018554688,-0.9940338134765625,-0.0389404296875,-0.044342041015625
1760555409616195800,82.39019580078126,-0.994415283203125,-0.035858154296875,-0.050750732421875
1760555409626201000,82.400201171875,-0.99627685546875,-0.0387115478515625,-0.0552978515625
1760555409636207000,82.41020703125,-0.9961090087890625,-0.0357818603515625,-0.0525665283203125
1760555409646212000,82.42021215820313,-0.998138427734375,-0.0326690673828125,-0.052520751953125
1760555409656217000,82.43021704101562,-0.9998779296875,-0.0339508056640625,-0.0550994873046875
1760555409666223000,82.44022314453125,-0.99578857421875,-0.033233642578125,-0.04962158203125
1760555409676228000,82.45022802734375,-0.9966583251953125,-0.03424072265625,-0.050323486328125
1760555409686234000,82.46023413085938,-0.9973907470703125,-0.041015625,-0.053863525390625
1760555409696239000,82.47023901367187,-0.9925994873046875,-0.0427093505859375,-0.051605224609375
1760555409706244000,82.480244140625,-0.990478515625,-0.04754638671875,-0.0460662841796875
1760555409716249900,82.49024975585938,-0.9932403564453125,-0.05322265625,-0.0503082275390625
1760555409726254800,82.5002548828125,-0.98956298828125,-0.0551300048828125,-0.050079345703125
1760555409736261000,82.51026123046876,-0.9851226806640625,-0.05755615234375,-0.045379638671875
1760555409746266000,82.52026611328125,-0.994110107421875,-0.0479888916015625,-0.045806884765625
1760555409756272000,82.53027221679687,-0.997955322265625,-0.038177490234375,-0.0430450439453125
1760555409766277000,82.54027709960937,-0.995452880859375,-0.039886474609375,-0.03936767578125
1760555409776282000,82.5502822265625,-0.99365234375,-0.0450286865234375,-0.041473388671875
1760555409786288000,82.5602880859375,-0.9920806884765625,-0.04986572265625,-0.038421630859375
1760555409796293000,82.57029321289062,-0.9887847900390625,-0.050262451171875,-0.0308380126953125
1760555409806299000,82.580298828125,-0.9936981201171875,-0.04168701171875,-0.0280609130859375
1760555409816303900,82.59030395507813,-0.9973907470703125,-0.03424072265625,-0.0261993408203125
1760555409826310000,82.60030981445313,-0.992767333984375,-0.0413665771484375,-0.02569580078125
1760555409836315000,82.61031494140624,-0.9912567138671875,-0.04376220703125,-0.03057861328125
1760555409846320000,82.62032006835938,-0.993927001953125,-0.0403900146484375,-0.03533935546875
1760555409856326100,82.630326171875,-0.9934234619140625,-0.039306640625,-0.039337158203125
1760555409866331100,82.6403310546875,-1.0010833740234375,-0.029388427734375,-0.039886474609375
1760555409876337200,82.65033715820313,-1.003204345703125,-0.0226287841796875,-0.0413818359375
1760555409886342100,82.66034204101562,-1.0000152587890625,-0.023681640625,-0.0384368896484375
1760555409896348000,82.67034790039062,-0.997161865234375,-0.0280609130859375,-0.037322998046875
1760555409906353000,82.68035278320312,-1.0007476806640625,-0.0266265869140625,-0.044891357421875
1760555409916358000,82.69035791015625,-1.0005645751953125,-0.0279998779296875,-0.045013427734375
1760555409926364000,82.70036401367187,-0.9967498779296875,-0.03131103515625,-0.037109375
1760555409936369000,82.71036889648437,-0.993011474609375,-0.0355377197265625,-0.0347900390625
1760555409946375200,82.72037524414063,-1.000579833984375,-0.031097412109375,-0.034912109375
1760555409956380200,82.73038012695312,-1.002410888671875,-0.02093505859375,-0.026275634765625
1760555409966385200,82.74038525390625,-1.00299072265625,-0.018157958984375,-0.0214080810546875
1760555409976391200,82.75039111328125,-1.004608154296875,-0.01678466796875,-0.02618408203125
1760555409986396200,82.76039624023437,-1.000396728515625,-0.02423095703125,-0.0234375
1760555409996402000,82.77040185546875,-0.9943695068359375,-0.03369140625,-0.0262298583984375
1760555410006407000,82.78040698242188,-0.99542236328125,-0.03656005859375,-0.0269927978515625
1760555410016413000,82.79041284179688,-0.9939422607421875,-0.041259765625,-0.0306854248046875
1760555410026418000,82.80041796875,-0.9923858642578125,-0.040130615234375,-0.027313232421875
1760555410036423000,82.8104228515625,-0.9957275390625,-0.0359954833984375,-0.022613525390625
1760555410046429000,82.82042895507813,-0.995025634765625,-0.03717041015625,-0.021514892578125
1760555410056434200,82.83043408203125,-0.9967193603515625,-0.032684326171875,-0.0243072509765625
1760555410066440200,82.84044018554688,-0.997314453125,-0.0319976806640625,-0.02618408203125
1760555410076445200,82.85044506835938,-0.998291015625,-0.0306243896484375,-0.02923583984375
1760555410086451000,82.86045092773438,-0.9958343505859375,-0.029571533203125,-0.029541015625
1760555410096456000,82.8704560546875,-0.9972686767578125,-0.0333099365234375,-0.0294952392578125
1760555410106461000,82.8804609375,-0.9959259033203125,-0.035400390625,-0.0331268310546875
1760555410116467000,82.89046704101563,-0.99456787109375,-0.0365142822265625,-0.0294036865234375
1760555410126472000,82.90047192382812,-0.9955291748046875,-0.031585693359375,-0.027435302734375
1760555410136478000,82.91047802734376,-1.0003662109375,-0.0281219482421875,-0.0245513916015625
1760555410146483000,82.92048291015625,-0.9986724853515625,-0.024749755859375,-0.0230560302734375
1760555410156489200,82.9304892578125,-1.000030517578125,-0.0241241455078125,-0.0245819091796875
1760555410166494200,82.940494140625,-1.0008392333984375,-0.023773193359375,-0.0267181396484375
1760555410176499200,82.95049926757812,-0.999298095703125,-0.0245208740234375,-0.0293121337890625
1760555410186505000,82.9605048828125,-0.9980621337890625,-0.028350830078125,-0.0341033935546875
1760555410196510000,82.97051000976562,-0.9981536865234375,-0.0328216552734375,-0.03338623046875
1760555410206516000,82.98051586914063,-0.995147705078125,-0.033050537109375,-0.0312347412109375
1760555410216521000,82.99052099609375,-0.9933013916015625,-0.0346221923828125,-0.0302734375
1760555410226527000,83.00052685546875,-0.997589111328125,-0.0352935791015625,-0.03411865234375
1760555410236532000,83.01053198242188,-0.9980621337890625,-0.032684326171875,-0.030914306640625
1760555410246537000,83.02053686523438,-0.9962005615234375,-0.0323944091796875,-0.030853271484375
1760555410256543000,83.03054296875,-0.9961090087890625,-0.0343780517578125,-0.03265380859375
1760555410266548000,83.0405478515625,-0.996337890625,-0.037109375,-0.02777099609375
1760555410276554000,83.05055395507813,-0.9947662353515625,-0.033660888671875,-0.0252685546875
1760555410286559200,83.06055932617187,-0.99481201171875,-0.03778076171875,-0.031494140625
1760555410296564200,83.07056420898438,-0.9940643310546875,-0.039825439453125,-0.03057861328125
1760555410306570000,83.08057006835938,-0.9918670654296875,-0.0394439697265625,-0.0276336669921875
1760555410316575000,83.09057495117187,-0.9969635009765625,-0.031219482421875,-0.029083251953125
1760555410326581000,83.1005810546875,-0.9996185302734375,-0.026153564453125,-0.0275726318359375
1760555410336586000,83.1105859375,-0.9968414306640625,-0.0262451171875,-0.0234222412109375
1760555410346592000,83.12059204101563,-0.9969635009765625,-0.0319976806640625,-0.0266876220703125
1760555410356598000,83.13059790039063,-0.9985198974609375,-0.02667236328125,-0.0295562744140625
1760555410366603000,83.14060302734374,-0.9972686767578125,-0.02490234375,-0.0260009765625
1760555410376608800,83.15060888671874,-0.99566650390625,-0.0339508056640625,-0.026458740234375
1760555410386613800,83.16061376953125,-0.9974517822265625,-0.0311431884765625,-0.0225677490234375
1760555410396619800,83.17061987304687,-0.9985504150390625,-0.0262603759765625,-0.0212554931640625
1760555410406624800,83.18062475585937,-1.0025787353515625,-0.0202178955078125,-0.0210418701171875
1760555410416630800,83.190630859375,-1.001922607421875,-0.0166168212890625,-0.0192718505859375
1760555410426635800,83.2006357421875,-1.00189208984375,-0.01861572265625,-0.023468017578125
1760555410436640800,83.21064086914062,-0.997772216796875,-0.030914306640625,-0.0277862548828125
1760555410446646800,83.22064672851562,-0.9920654296875,-0.038177490234375,-0.029296875
1760555410456651800,83.23065185546875,-0.9933319091796875,-0.03839111328125,-0.02850341796875
1760555410466657800,83.24065771484375,-0.993743896484375,-0.0382537841796875,-0.0269927978515625
1760555410476662800,83.25066284179688,-0.99310302734375,-0.034393310546875,-0.023162841796875
1760555410486667800,83.26066772460938,-0.9967498779296875,-0.02734375,-0.0253143310546875
1760555410496673800,83.270673828125,-1.001068115234375,-0.02532958984375,-0.0271148681640625
1760555410506678800,83.2806787109375,-0.999267578125,-0.022369384765625,-0.0238037109375
1760555410516684800,83.29068481445313,-0.9961395263671875,-0.027496337890625,-0.0261077880859375
1760555410526689800,83.30068969726562,-0.99578857421875,-0.032135009765625,-0.029449462890625
1760555410536695800,83.31069580078125,-0.9924163818359375,-0.0373382568359375,-0.0257110595703125
1760555410546700800,83.32070068359376,-0.995330810546875,-0.0304107666015625,-0.0263214111328125
1760555410556705800,83.33070581054687,-1.0016021728515625,-0.02490234375,-0.0276336669921875
1760555410566711800,83.3407119140625,-0.9964599609375,-0.0277099609375,-0.025238037109375
1760555410576716800,83.350716796875,-0.99896240234375,-0.0204010009765625,-0.0206451416015625
1760555410586722800,83.36072290039063,-1.006072998046875,-0.0160369873046875,-0.025360107421875
1760555410596727800,83.37072778320312,-1.00286865234375,-0.018310546875,-0.02880859375
1760555410606732800,83.38073291015625,-0.9990692138671875,-0.022308349609375,-0.0269927978515625
1760555410616738800,83.39073876953125,-0.999053955078125,-0.0251007080078125,-0.029815673828125
1760555410626743800,83.40074389648437,-0.9979705810546875,-0.0263214111328125,-0.028289794921875
1760555410636749800,83.41074975585937,-0.994110107421875,-0.027374267578125,-0.02362060546875
1760555410646754800,83.4207548828125,-0.9976654052734375,-0.025115966796875,-0.0258941650390625
1760555410656760600,83.43076049804688,-1.000244140625,-0.0218658447265625,-0.0233612060546875
1760555410666765600,83.440765625,-0.998138427734375,-0.0213470458984375,-0.019805908203125
1760555410676770600,83.4507705078125,-1.002777099609375,-0.01806640625,-0.0209503173828125
1760555410686776800,83.46077685546875,-1.00286865234375,-0.0185699462890625,-0.023162841796875
1760555410696781800,83.47078173828125,-0.9956817626953125,-0.0290069580078125,-0.02001953125
1760555410706787800,83.48078784179687,-0.99310302734375,-0.0361480712890625,-0.023223876953125
1760555410716792800,83.49079272460938,-0.9942169189453125,-0.038360595703125,-0.028106689453125
1760555410726798800,83.500798828125,-0.9951019287109375,-0.034942626953125,-0.0229034423828125
1760555410736803800,83.51080395507813,-0.994873046875,-0.03363037109375,-0.0232391357421875
1760555410746808800,83.52080883789063,-0.996826171875,-0.0385894775390625,-0.0246124267578125
1760555410756814600,83.53081469726563,-0.993896484375,-0.0399169921875,-0.0265960693359375
1760555410766819800,83.54081982421874,-0.996307373046875,-0.0348968505859375,-0.0268096923828125
1760555410776825900,83.55082592773438,-0.9993743896484375,-0.0308837890625,-0.02386474609375
1760555410786830800,83.56083081054688,-0.9971160888671875,-0.0303955078125,-0.0230560302734375
1760555410796835800,83.5708359375,-0.997344970703125,-0.03082275390625,-0.0223236083984375
1760555410806841900,83.580841796875,-0.997802734375,-0.0342559814453125,-0.0231475830078125
1760555410816846800,83.59084692382812,-0.996673583984375,-0.0345916748046875,-0.0221099853515625
1760555410826852900,83.60085278320312,-0.9975433349609375,-0.0306549072265625,-0.022369384765625
1760555410836857900,83.61085791015626,-0.9961395263671875,-0.0338287353515625,-0.019744873046875
1760555410846864000,83.62086376953125,-0.9957122802734375,-0.0341339111328125,-0.019378662109375
1760555410856868900,83.63086889648437,-0.996002197265625,-0.0343017578125,-0.0179901123046875
1760555410866873900,83.64087377929687,-0.9934234619140625,-0.0376739501953125,-0.017120361328125
1760555410876879600,83.65087963867188,-0.990203857421875,-0.0396575927734375,-0.01666259765625
1760555410886884600,83.66088452148438,-0.992218017578125,-0.0392303466796875,-0.019073486328125
1760555410896891000,83.67089086914062,-0.99774169921875,-0.032135009765625,-0.02203369140625
1760555410906896000,83.68089575195313,-0.99847412109375,-0.030853271484375,-0.018798828125
1760555410916900900,83.69090087890625,-0.9974365234375,-0.0312042236328125,-0.0184478759765625
1760555410926907000,83.70090698242187,-0.9972991943359375,-0.030853271484375,-0.021636962890625
1760555410936912000,83.71091186523438,-0.993438720703125,-0.036712646484375,-0.018463134765625
1760555410946918000,83.72091796875,-0.993896484375,-0.0394439697265625,-0.0177001953125
1760555410956923000,83.7309228515625,-0.99822998046875,-0.0334014892578125,-0.0241241455078125
1760555410966928600,83.7409287109375,-1.001068115234375,-0.024261474609375,-0.0263824462890625
1760555410976933600,83.75093359375,-0.999725341796875,-0.0279998779296875,-0.025299072265625
1760555410986938600,83.76093872070312,-0.992218017578125,-0.042816162109375,-0.0242767333984375
1760555410996945000,83.77094482421874,-0.99462890625,-0.0413360595703125,-0.02081298828125
1760555411006950000,83.78094995117188,-0.99884033203125,-0.0282440185546875,-0.0166168212890625
1760555411016956000,83.79095581054688,-1.0024261474609375,-0.0224456787109375,-0.0193939208984375
1760555411026961000,83.8009609375,-1.0016021728515625,-0.0250091552734375,-0.021514892578125
1760555411036966000,83.8109658203125,-0.99798583984375,-0.0254669189453125,-0.0200347900390625
1760555411046972000,83.82097192382813,-0.996551513671875,-0.032806396484375,-0.0259552001953125
1760555411056977000,83.83097680664062,-0.99560546875,-0.0399169921875,-0.0300445556640625
1760555411066982700,83.84098266601562,-0.992950439453125,-0.0370330810546875,-0.027099609375
1760555411076987600,83.85098754882813,-0.99774169921875,-0.031707763671875,-0.0253143310546875
1760555411086993700,83.86099365234375,-1.0034027099609375,-0.027069091796875,-0.02301025390625
1760555411096998700,83.87099853515625,-0.996490478515625,-0.0308074951171875,-0.020751953125
1760555411107003600,83.88100366210938,-0.9960174560546875,-0.031219482421875,-0.0205535888671875
1760555411117010000,83.89101000976562,-1.000885009765625,-0.0301666259765625,-0.0287017822265625
1760555411127015000,83.90101489257812,-0.9951934814453125,-0.03558349609375,-0.0319366455078125
1760555411137021000,83.91102099609375,-0.993499755859375,-0.03509521484375,-0.0296630859375
1760555411147026000,83.92102587890625,-0.9959869384765625,-0.036712646484375,-0.030975341796875
1760555411157031000,83.93103100585938,-0.9971466064453125,-0.03472900390625,-0.02374267578125
1760555411167036700,83.94103662109374,-0.993011474609375,-0.038360595703125,-0.0198516845703125
1760555411177041700,83.95104174804688,-0.9967803955078125,-0.033447265625,-0.0164642333984375
1760555411187047700,83.96104760742188,-1.000640869140625,-0.031707763671875,-0.018646240234375
1760555411197052700,83.971052734375,-0.997161865234375,-0.0299072265625,-0.0188751220703125
1760555411207058700,83.98105859375,-0.9998016357421875,-0.030364990234375,-0.0252227783203125
1760555411217064000,83.99106396484375,-1.0011749267578125,-0.0308074951171875,-0.027313232421875
1760555411227069000,84.00106884765626,-1.0004730224609375,-0.0290679931640625,-0.0214385986328125
1760555411237075000,84.01107495117188,-0.9974517822265625,-0.0349273681640625,-0.0240325927734375
1760555411247080000,84.02107983398437,-0.9958953857421875,-0.0426025390625,-0.02874755859375
1760555411257085700,84.03108569335937,-0.9952850341796875,-0.036468505859375,-0.0185546875
1760555411267090700,84.04109057617187,-0.9965667724609375,-0.03466796875,-0.016876220703125
1760555411277095700,84.051095703125,-1.00067138671875,-0.03228759765625,-0.020263671875
1760555411287101700,84.06110180664062,-1.0011749267578125,-0.026611328125,-0.018707275390625
1760555411297106700,84.07110668945313,-0.999755859375,-0.0285186767578125,-0.019073486328125
1760555411307112700,84.08111279296875,-0.994354248046875,-0.039947509765625,-0.023345947265625
1760555411317117700,84.09111767578125,-0.994720458984375,-0.0464324951171875,-0.022552490234375
1760555411327124000,84.1011240234375,-0.9934844970703125,-0.0429840087890625,-0.0194549560546875
1760555411337129000,84.11112890625,-0.99810791015625,-0.0369415283203125,-0.02001953125
1760555411347134000,84.12113403320312,-0.9998626708984375,-0.0304107666015625,-0.020965576171875
1760555411357139700,84.1311396484375,-0.9982757568359375,-0.0364532470703125,-0.01580810546875
1760555411367144700,84.14114477539063,-0.9930877685546875,-0.048431396484375,-0.0152587890625
1760555411377150700,84.15115063476563,-0.98828125,-0.0576019287109375,-0.0135955810546875
1760555411387155700,84.16115576171875,-0.98760986328125,-0.0562286376953125,-0.010955810546875
1760555411397160700,84.17116064453126,-0.984375,-0.061309814453125,-0.00848388671875
1760555411407166700,84.18116674804688,-0.98150634765625,-0.06842041015625,-0.0062255859375
1760555411417171700,84.19117163085937,-0.9811859130859375,-0.0710906982421875,-0.0050811767578125
1760555411427177700,84.201177734375,-0.9855804443359375,-0.05810546875,-0.0071868896484375
1760555411437182700,84.2111826171875,-0.9945220947265625,-0.04571533203125,-0.0058746337890625
1760555411447188700,84.22118872070313,-0.9945068359375,-0.037689208984375,0.0008697509765625
1760555411457193700,84.23119384765624,-0.99346923828125,-0.0352325439453125,0.0029144287109375
1760555411467198700,84.24119873046875,-0.9966583251953125,-0.0351409912109375,-0.00799560546875
1760555411477204700,84.25120483398437,-0.9985809326171875,-0.0268096923828125,-0.009490966796875
1760555411487209700,84.26120971679687,-0.999603271484375,-0.0230712890625,-0.014251708984375
1760555411497215700,84.2712158203125,-1.003448486328125,-0.0210723876953125,-0.0251617431640625
1760555411507220700,84.281220703125,-1.007781982421875,-0.010345458984375,-0.0203704833984375
1760555411517225700,84.29122583007812,-1.0057220458984375,-0.0068359375,-0.0196380615234375
1760555411527231700,84.30123168945312,-1.006988525390625,-0.0128021240234375,-0.0217742919921875
1760555411537236700,84.31123681640625,-1.0047760009765625,-0.013427734375,-0.01922607421875
1760555411547242800,84.32124267578125,-1.0008544921875,-0.0129241943359375,-0.0127410888671875
1760555411557247700,84.33124780273438,-1.0049285888671875,-0.0079803466796875,-0.0078582763671875
1760555411567253500,84.34125341796874,-1.00335693359375,-0.0103302001953125,-0.0113677978515625
1760555411577258500,84.35125854492188,-0.99127197265625,-0.03326416015625,-0.0203857421875
1760555411587263500,84.36126342773437,-0.9976348876953125,-0.03094482421875,-0.02984619140625
1760555411597269800,84.37126977539063,-1.0079345703125,-0.0090789794921875,-0.0302886962890625
1760555411607274800,84.38127465820313,-1.0076446533203125,0.000030517578125,-0.0228424072265625
1760555411617280800,84.39128076171875,-1.009246826171875,-0.00341796875,-0.0182037353515625
1760555411627285800,84.40128564453126,-1.005279541015625,-0.0106201171875,-0.017608642578125
1760555411637290800,84.41129077148437,-1.000030517578125,-0.01593017578125,-0.013885498046875
1760555411647296800,84.421296875,-0.99847412109375,-0.0180511474609375,-0.0096893310546875
1760555411657301800,84.4313017578125,-0.9956817626953125,-0.026092529296875,-0.0117950439453125
1760555411667307500,84.4413076171875,-0.998809814453125,-0.0235595703125,-0.0110015869140625
1760555411677312500,84.4513125,-1.0010986328125,-0.0156097412109375,-0.0114288330078125
1760555411687317500,84.4613173828125,-1.004364013671875,-0.0124664306640625,-0.01910400390625
1760555411697323800,84.47132373046875,-1.0013427734375,-0.0173187255859375,-0.0229644775390625
1760555411707328800,84.48132885742187,-0.9956817626953125,-0.0293426513671875,-0.0249176025390625
1760555411717334800,84.49133471679687,-0.993408203125,-0.0381317138671875,-0.0247344970703125
1760555411727339800,84.50133984375,-0.99267578125,-0.0389862060546875,-0.0234375
1760555411737345800,84.511345703125,-0.993865966796875,-0.034881591796875,-0.017852783203125
1760555411747350800,84.52135083007812,-0.9943695068359375,-0.038909912109375,-0.01556396484375
1760555411757355800,84.53135571289063,-0.9940032958984375,-0.0404815673828125,-0.0175018310546875
1760555411767361500,84.54136157226563,-0.9924468994140625,-0.0412445068359375,-0.022216796875
1760555411777366500,84.55136645507812,-0.9951019287109375,-0.040069580078125,-0.0261688232421875
1760555411787372500,84.56137255859375,-0.9954681396484375,-0.0382080078125,-0.0262298583984375
1760555411797377500,84.57137744140626,-0.9985198974609375,-0.030914306640625,-0.027313232421875
1760555411807382500,84.58138256835937,-0.996124267578125,-0.0303955078125,-0.0262603759765625
1760555411817388800,84.59138891601563,-0.998291015625,-0.031463623046875,-0.0233154296875
1760555411827393800,84.60139379882813,-0.9973602294921875,-0.0337677001953125,-0.0231475830078125
1760555411837399800,84.61139990234375,-0.993560791015625,-0.04071044921875,-0.0252685546875
1760555411847404800,84.62140478515624,-0.9930267333984375,-0.0410614013671875,-0.027679443359375
1760555411857410600,84.63141064453124,-0.998565673828125,-0.0311737060546875,-0.02752685546875
1760555411867415600,84.64141552734375,-1.0012054443359375,-0.025421142578125,-0.02581787109375
1760555411877420500,84.65142065429687,-1.001373291015625,-0.02581787109375,-0.026214599609375
1760555411887426600,84.66142651367187,-0.9947967529296875,-0.03558349609375,-0.0225067138671875
1760555411897431600,84.671431640625,-0.988037109375,-0.04803466796875,-0.0267181396484375
1760555411907437800,84.68143774414062,-0.991790771484375,-0.0486907958984375,-0.0296783447265625
1760555411917442800,84.69144287109376,-0.99462890625,-0.040679931640625,-0.0248260498046875
1760555411927447800,84.70144775390625,-0.994873046875,-0.0335235595703125,-0.0256195068359375
1760555411937453800,84.71145385742187,-0.9971923828125,-0.0377349853515625,-0.0283355712890625
1760555411947458800,84.72145874023437,-0.9998779296875,-0.03045654296875,-0.02117919921875
1760555411957464600,84.73146459960938,-0.9909210205078125,-0.0364990234375,-0.0211181640625
1760555411967469600,84.74146948242188,-1.0007781982421875,-0.0317230224609375,-0.0218658447265625
1760555411977474800,84.75147485351563,-1.00189208984375,-0.021636962890625,-0.0198516845703125
1760555411987480600,84.76148046875,-1.0012359619140625,-0.0232086181640625,-0.01849365234375
1760555411997485600,84.77148559570313,-1.0023193359375,-0.025909423828125,-0.024017333984375
1760555412007491600,84.78149169921875,-0.9990692138671875,-0.0245819091796875,-0.0228118896484375
1760555412017496600,84.79149658203124,-1.004241943359375,-0.012939453125,-0.022735595703125
1760555412027502800,84.8015029296875,-1.0108184814453125,-0.0080413818359375,-0.0260772705078125
1760555412037507800,84.8115078125,-1.007171630859375,-0.014801025390625,-0.027496337890625
1760555412047512800,84.82151293945313,-0.9946136474609375,-0.0343780517578125,-0.0292816162109375
1760555412057518800,84.83151879882813,-0.984344482421875,-0.0632781982421875,-0.038909912109375
1760555412067523800,84.84152392578125,-0.988494873046875,-0.060882568359375,-0.0373382568359375
1760555412077529600,84.85152954101562,-0.98773193359375,-0.0492401123046875,-0.0298309326171875
1760555412087534600,84.86153466796875,-0.997161865234375,-0.0387115478515625,-0.0313720703125
1760555412097539600,84.87153955078125,-1.0018310546875,-0.0336761474609375,-0.032135009765625
1760555412107545600,84.88154565429687,-0.9918212890625,-0.0445098876953125,-0.034515380859375
1760555412117550600,84.89155053710938,-0.992431640625,-0.0454864501953125,-0.0401611328125
1760555412127556900,84.90155688476563,-1.0004119873046875,-0.0381927490234375,-0.0382080078125
1760555412137561900,84.91156176757812,-1.0048980712890625,-0.02117919921875,-0.0244598388671875
1760555412147567900,84.92156787109376,-1.0146331787109375,0.000946044921875,-0.021942138671875
1760555412157572900,84.93157275390625,-1.0227813720703125,0.00946044921875,-0.0277557373046875
1760555412167577900,84.94157788085937,-1.002166748046875,-0.0262908935546875,-0.034332275390625
1760555412177583600,84.95158349609375,-0.98651123046875,-0.0583953857421875,-0.0466461181640625
1760555412187588600,84.96158862304688,-0.980865478515625,-0.078460693359375,-0.0599365234375
1760555412197594600,84.9715947265625,-0.9817047119140625,-0.075653076171875,-0.0612945556640625
1760555412207599600,84.981599609375,-0.991180419921875,-0.05206298828125,-0.0575103759765625
1760555412217604600,84.9916044921875,-1.0008392333984375,-0.0395050048828125,-0.0526275634765625
1760555412227610600,85.00161059570313,-0.9971923828125,-0.0423583984375,-0.0507049560546875
1760555412237615600,85.01161572265624,-0.9946441650390625,-0.0512847900390625,-0.0492401123046875
1760555412247622000,85.02162182617188,-0.99591064453125,-0.055938720703125,-0.046875
1760555412257627000,85.031626953125,-0.998748779296875,-0.04278564453125,-0.0415496826171875
1760555412267631900,85.0416318359375,-0.9996337890625,-0.04107666015625,-0.045257568359375
1760555412277637600,85.0516376953125,-1.0002899169921875,-0.045166015625,-0.051849365234375
1760555412287642600,85.061642578125,-0.9888916015625,-0.060394287109375,-0.0574951171875
1760555412297648600,85.07164868164062,-0.9811248779296875,-0.0820770263671875,-0.05908203125
1760555412307653600,85.08165356445312,-0.9803466796875,-0.0888214111328125,-0.057525634765625
1760555412317658600,85.09165869140625,-0.983673095703125,-0.075164794921875,-0.0545196533203125
1760555412327664600,85.10166455078125,-0.992767333984375,-0.0612945556640625,-0.051849365234375
1760555412337669600,85.11166967773437,-0.9891510009765625,-0.0650177001953125,-0.0664520263671875
1760555412347676000,85.12167602539063,-0.9915618896484375,-0.059844970703125,-0.0714569091796875
1760555412357681000,85.13168090820312,-0.993927001953125,-0.0565643310546875,-0.070037841796875
1760555412367686400,85.14168627929688,-0.9930419921875,-0.0541534423828125,-0.066558837890625
1760555412377691400,85.15169140625,-0.994720458984375,-0.0479278564453125,-0.066558837890625
1760555412387696400,85.1616962890625,-0.99578857421875,-0.0467529296875,-0.064605712890625
1760555412397702400,85.17170239257813,-0.99652099609375,-0.0472259521484375,-0.0595855712890625
1760555412407707400,85.18170727539062,-0.9955902099609375,-0.045806884765625,-0.0615997314453125
1760555412417713700,85.19171362304688,-0.998077392578125,-0.0466156005859375,-0.068572998046875
1760555412427718700,85.20171875,-0.9979705810546875,-0.0467681884765625,-0.073760986328125
1760555412437723600,85.2117236328125,-0.993072509765625,-0.05389404296875,-0.0677947998046875
1760555412447729700,85.22172973632813,-0.9866790771484375,-0.068206787109375,-0.0611419677734375
1760555412457734700,85.23173461914062,-0.9785614013671875,-0.081146240234375,-0.0679168701171875
1760555412467740400,85.24174047851562,-0.979095458984375,-0.0831451416015625,-0.0735015869140625
1760555412477745400,85.25174536132812,-0.9844512939453125,-0.06512451171875,-0.073944091796875
1760555412487751400,85.26175146484375,-0.9940643310546875,-0.04656982421875,-0.069915771484375
1760555412497756400,85.27175634765625,-0.9992218017578125,-0.042694091796875,-0.06689453125
1760555412507761400,85.28176147460937,-0.9974517822265625,-0.045135498046875,-0.0603179931640625
1760555412517767400,85.29176733398438,-0.998382568359375,-0.0349884033203125,-0.0494384765625
1760555412527772400,85.3017724609375,-1.0100250244140625,-0.01220703125,-0.0310211181640625
1760555412537778700,85.31177880859374,-1.0254364013671875,0.0159454345703125,-0.019927978515625
1760555412547783700,85.32178369140625,-1.032745361328125,0.0263214111328125,-0.0112457275390625
1760555412557788700,85.33178857421875,-1.0242156982421875,0.008331298828125,-0.012451171875
1760555412567794700,85.34179467773437,-1.0101318359375,-0.014312744140625,-0.021759033203125
1760555412577799700,85.35179956054688,-1.007110595703125,-0.0311431884765625,-0.0335845947265625
1760555412587805400,85.36180541992188,-0.9850006103515625,-0.0655670166015625,-0.057464599609375
1760555412597810400,85.371810546875,-0.9654541015625,-0.105072021484375,-0.07415771484375
1760555412607815400,85.3818154296875,-0.95916748046875,-0.119049072265625,-0.09051513671875
1760555412617821400,85.39182153320313,-0.9737396240234375,-0.094390869140625,-0.0848388671875
1760555412627826400,85.40182641601562,-0.99053955078125,-0.0585174560546875,-0.0809783935546875
1760555412637832700,85.41183276367188,-1.0056915283203125,-0.0294647216796875,-0.0688629150390625
1760555412647837700,85.42183764648438,-1.013031005859375,-0.0191650390625,-0.061065673828125
1760555412657842700,85.4318427734375,-1.007354736328125,-0.03216552734375,-0.053497314453125
1760555412667848700,85.4418486328125,-0.9987335205078125,-0.0527496337890625,-0.0281219482421875
1760555412677853700,85.45185375976563,-1.000244140625,-0.0421905517578125,-0.0074615478515625
1760555412687859500,85.461859375,-1.0162353515625,-0.0113067626953125,0.0124053955078125
1760555412697864400,85.47186450195312,-1.005889892578125,-0.0246124267578125,-0.0045928955078125
1760555412707870500,85.48187036132812,-0.98150634765625,-0.0826873779296875,-0.0312652587890625
1760555412717875500,85.49187548828125,-0.97125244140625,-0.1103515625,-0.0277862548828125
1760555412727880400,85.50188037109375,-0.9611053466796875,-0.114471435546875,-0.041778564453125
1760555412737886500,85.51188647460937,-0.978485107421875,-0.098419189453125,-0.0465850830078125
1760555412747891500,85.52189135742188,-0.996734619140625,-0.0649261474609375,-0.0404510498046875
1760555412757897700,85.53189770507812,-0.993255615234375,-0.0557403564453125,-0.0307464599609375
1760555412767902700,85.54190283203125,-0.986785888671875,-0.068756103515625,-0.0313720703125
1760555412777907700,85.55190771484375,-0.9901275634765625,-0.0775146484375,-0.041656494140625
1760555412787913500,85.56191357421875,-0.9804840087890625,-0.0851898193359375,-0.035797119140625
1760555412797918500,85.57191845703124,-0.9756927490234375,-0.083648681640625,-0.0271759033203125
1760555412807924500,85.58192456054688,-0.9834136962890625,-0.0750732421875,-0.039642333984375
1760555412817929500,85.59192944335938,-0.9886474609375,-0.0618743896484375,-0.0498199462890625
1760555412827934500,85.6019345703125,-0.9905853271484375,-0.043243408203125,-0.052886962890625
1760555412837940500,85.6119404296875,-1.0311279296875,0.0295562744140625,-0.0536956787109375
1760555412847945500,85.62194555664063,-1.0320281982421875,0.0469207763671875,-0.066741943359375
1760555412857951700,85.63195166015625,-1.0182647705078125,0.020721435546875,-0.0773773193359375
1760555412867956700,85.64195678710938,-0.9984893798828125,-0.0246429443359375,-0.08447265625
1760555412877962500,85.65196240234376,-0.988616943359375,-0.0418548583984375,-0.097076416015625
1760555412887967500,85.66196752929687,-0.9917449951171875,-0.0263671875,-0.1109161376953125
1760555412897972500,85.67197241210937,-0.9937286376953125,-0.0291290283203125,-0.0855712890625
1760555412907978500,85.681978515625,-0.9976043701171875,-0.0337066650390625,-0.0301055908203125
1760555412917983500,85.6919833984375,-0.9993896484375,-0.0293121337890625,-0.0627899169921875
1760555412927989500,85.70198950195312,-1.0029754638671875,-0.03411865234375,-0.0587005615234375
1760555412937994500,85.71199438476563,-0.991851806640625,-0.041259765625,-0.071258544921875
1760555412947999500,85.72199951171875,-1.0005340576171875,-0.0401458740234375,-0.0672454833984375
1760555412958005500,85.73200561523437,-1.006317138671875,-0.030059814453125,-0.0495147705078125
1760555412968010500,85.74201049804688,-0.9990997314453125,-0.0227813720703125,-0.031494140625
1760555412978016500,85.7520166015625,-0.9986724853515625,-0.0303955078125,-0.027435302734375
1760555412988021500,85.762021484375,-0.9954376220703125,-0.0408782958984375,-0.0335235595703125
1760555412998026500,85.77202661132813,-0.99200439453125,-0.037445068359375,-0.03167724609375
1760555413008032500,85.78203247070313,-0.99237060546875,-0.0380401611328125,-0.035675048828125
1760555413018037500,85.79203759765625,-0.9893341064453125,-0.046722412109375,-0.042816162109375
1760555413028043500,85.80204345703125,-0.9901885986328125,-0.045196533203125,-0.0412750244140625
1760555413038048500,85.81204858398438,-0.9969329833984375,-0.0296173095703125,-0.0347137451171875
1760555413048053500,85.82205346679687,-1.0002593994140625,-0.028533935546875,-0.0326385498046875
1760555413058059500,85.8320595703125,-0.9996795654296875,-0.027313232421875,-0.0259552001953125
1760555413068064500,85.842064453125,-1.000732421875,-0.021942138671875,-0.024383544921875
1760555413078070500,85.85207055664063,-1.0016021728515625,-0.02325439453125,-0.03045654296875
1760555413088075500,85.86207543945312,-0.997039794921875,-0.0318145751953125,-0.0354461669921875
1760555413098081500,85.87208154296874,-0.9922027587890625,-0.035064697265625,-0.0372467041015625
1760555413108086500,85.88208642578125,-0.99468994140625,-0.03924560546875,-0.03570556640625
1760555413118091500,85.89209155273437,-1.001739501953125,-0.0242919921875,-0.0286407470703125
1760555413128097500,85.90209765625,-1.0103302001953125,0.0022735595703125,-0.0218963623046875
1760555413138102500,85.9121025390625,-1.0131988525390625,0.000030517578125,-0.018524169921875
1760555413148108500,85.92210864257812,-1.0028228759765625,-0.01605224609375,-0.0181121826171875
1760555413158113500,85.93211352539062,-0.995452880859375,-0.0256195068359375,-0.0206146240234375
1760555413168118500,85.94211840820313,-0.998016357421875,-0.0280303955078125,-0.0239715576171875
1760555413178124500,85.95212451171875,-0.994720458984375,-0.029510498046875,-0.0167999267578125
1760555413188129500,85.96212963867187,-0.9930267333984375,-0.032135009765625,-0.0104522705078125
1760555413198135600,85.97213549804688,-0.9943084716796875,-0.038360595703125,-0.01739501953125
1760555413208140500,85.982140625,-0.9918975830078125,-0.04144287109375,-0.02154541015625
1760555413218145500,85.9921455078125,-0.9888458251953125,-0.0439300537109375,-0.0171661376953125
1760555413228151600,86.00215161132813,-0.9906463623046875,-0.0441436767578125,-0.022247314453125
1760555413238156500,86.01215649414063,-0.991485595703125,-0.046661376953125,-0.0272674560546875
1760555413248162600,86.02216259765625,-0.9916229248046875,-0.0420989990234375,-0.02276611328125
1760555413258167600,86.03216748046874,-0.9956817626953125,-0.0299835205078125,-0.0215301513671875
1760555413268172500,86.04217260742188,-1.0024871826171875,-0.02008056640625,-0.02191162109375
1760555413278178600,86.05217846679687,-0.9960784912109375,-0.0261993408203125,-0.0180206298828125
1760555413288183600,86.06218359375,-0.993499755859375,-0.033447265625,-0.0149993896484375
1760555413298189600,86.072189453125,-0.995147705078125,-0.029510498046875,-0.0125274658203125
1760555413308194600,86.08219458007812,-0.998291015625,-0.0228118896484375,-0.0076446533203125
1760555413318200600,86.09220068359375,-0.9968719482421875,-0.0200042724609375,-0.0101776123046875
1760555413328205600,86.10220556640625,-1.0026092529296875,-0.017059326171875,-0.0149078369140625
1760555413338210600,86.11221044921875,-1.0013580322265625,-0.019989013671875,-0.01318359375
1760555413348216600,86.12221655273437,-1.0010833740234375,-0.0191192626953125,-0.0139617919921875
1760555413358221600,86.1322216796875,-0.9989776611328125,-0.0252532958984375,-0.0206756591796875
1760555413368227600,86.1422275390625,-0.9984283447265625,-0.0316925048828125,-0.024932861328125
1760555413378232600,86.15223266601562,-0.9968719482421875,-0.027679443359375,-0.022796630859375
1760555413388237600,86.16223754882813,-1.0013885498046875,-0.0217132568359375,-0.0252227783203125
1760555413398243300,86.17224340820313,-1.0024871826171875,-0.022857666015625,-0.0268096923828125
1760555413408248300,86.18224829101563,-0.9972686767578125,-0.025482177734375,-0.0240478515625
1760555413418254600,86.19225463867187,-0.995452880859375,-0.0314788818359375,-0.026611328125
1760555413428259600,86.20225952148438,-0.9983673095703125,-0.0344696044921875,-0.027801513671875
1760555413438264600,86.2122646484375,-0.9934844970703125,-0.033233642578125,-0.0269927978515625
1760555413448270600,86.2222705078125,-0.99188232421875,-0.0377197265625,-0.0250396728515625
1760555413458275600,86.23227563476563,-0.996063232421875,-0.03265380859375,-0.0206756591796875
1760555413468281600,86.24228149414063,-0.99810791015625,-0.024932861328125,-0.017852783203125
1760555413478286600,86.25228662109375,-0.9971160888671875,-0.0248870849609375,-0.012237548828125
1760555413488291600,86.26229150390625,-0.992340087890625,-0.032562255859375,-0.01177978515625
1760555413498297300,86.27229736328125,-0.993133544921875,-0.0364837646484375,-0.0144195556640625
1760555413508302300,86.28230224609375,-0.997528076171875,-0.0249481201171875,-0.0133209228515625
1760555413518308600,86.29230859375,-0.999420166015625,-0.0165252685546875,-0.0107879638671875
1760555413528313600,86.30231372070313,-0.999298095703125,-0.0142364501953125,-0.0161895751953125
1760555413538318600,86.31231860351562,-1.00341796875,-0.012481689453125,-0.026153564453125
1760555413548324600,86.32232470703126,-1.0021209716796875,-0.017181396484375,-0.034515380859375
1760555413558329600,86.33232958984375,-0.9986724853515625,-0.023529052734375,-0.0328369140625
1760555413568335600,86.34233569335937,-1.000091552734375,-0.020660400390625,-0.031494140625
1760555413578340600,86.35234057617187,-1.001861572265625,-0.01416015625,-0.0214996337890625
1760555413588345600,86.362345703125,-0.999481201171875,-0.017852783203125,-0.0147552490234375
1760555413598351400,86.37235131835938,-0.99688720703125,-0.0226593017578125,-0.0148773193359375
1760555413608356400,86.3823564453125,-0.99822998046875,-0.0233917236328125,-0.0138702392578125
1760555413618362400,86.3923623046875,-0.9966278076171875,-0.02691650390625,-0.01373291015625
1760555413628367400,86.40236743164063,-0.999786376953125,-0.0200347900390625,-0.0134429931640625
1760555413638373600,86.41237353515625,-1.002197265625,-0.013824462890625,-0.01202392578125
1760555413648378600,86.42237866210938,-1.0005035400390625,-0.014739990234375,-0.014434814453125
1760555413658383600,86.43238354492188,-1.0013275146484375,-0.0205841064453125,-0.01898193359375
1760555413668389600,86.4423896484375,-0.9972076416015625,-0.02618408203125,-0.0198822021484375
1760555413678394600,86.45239453125,-0.992919921875,-0.0296173095703125,-0.0194854736328125
1760555413688402700,86.46240258789062,-0.994171142578125,-0.033477783203125,-0.0208282470703125
1760555413698407700,86.47240771484375,-0.9927978515625,-0.033477783203125,-0.01959228515625
1760555413708412700,86.48241259765625,-0.9959716796875,-0.0296783447265625,-0.0195159912109375
1760555413718418700,86.49241870117187,-0.9961395263671875,-0.0287628173828125,-0.028594970703125
1760555413728423700,86.50242358398438,-0.9900054931640625,-0.0417938232421875,-0.0326385498046875
1760555413738429400,86.51242944335938,-0.9946136474609375,-0.034515380859375,-0.0240325927734375
1760555413748434400,86.52243432617188,-0.9973297119140625,-0.024993896484375,-0.0191650390625
1760555413758439400,86.532439453125,-1.0020599365234375,-0.02105712890625,-0.0203704833984375
1760555413768445400,86.54244555664063,-0.99853515625,-0.0213165283203125,-0.0141448974609375
1760555413778450400,86.55245043945312,-0.9969329833984375,-0.0203094482421875,-0.0104522705078125
1760555413788456400,86.56245654296875,-1.0007171630859375,-0.019073486328125,-0.0101776123046875
1760555413798461400,86.57246142578126,-0.99859619140625,-0.023651123046875,-0.012725830078125
1760555413808466400,86.58246655273437,-0.9942474365234375,-0.0265960693359375,-0.016815185546875
1760555413818472700,86.59247265625,-0.996307373046875,-0.022735595703125,-0.018585205078125
1760555413828477700,86.60247778320313,-0.9958038330078125,-0.0243377685546875,-0.0194854736328125
1760555413838483500,86.6124833984375,-0.9981231689453125,-0.02239990234375,-0.01800537109375
1760555413848488400,86.62248852539062,-1.0007171630859375,-0.014434814453125,-0.01873779296875
1760555413858493400,86.63249340820313,-1.0029144287109375,-0.013031005859375,-0.01898193359375
1760555413868499500,86.64249951171875,-0.99908447265625,-0.015899658203125,-0.01806640625
1760555413878504400,86.65250439453125,-1.0018768310546875,-0.01544189453125,-0.020172119140625
1760555413888510500,86.66251049804687,-1.000213623046875,-0.01611328125,-0.0184783935546875
1760555413898515500,86.67251538085938,-0.9979248046875,-0.0186004638671875,-0.01849365234375
1760555413908521700,86.68252172851562,-0.998779296875,-0.0201873779296875,-0.01953125
1760555413918526700,86.69252661132812,-0.9951934814453125,-0.0280609130859375,-0.01861572265625
1760555413928531700,86.70253173828125,-0.992156982421875,-0.0306549072265625,-0.020355224609375
1760555413938537500,86.71253735351563,-0.9926910400390625,-0.030670166015625,-0.024017333984375
1760555413948542700,86.72254272460937,-0.9958953857421875,-0.031158447265625,-0.0237884521484375
1760555413958548500,86.73254858398437,-0.992706298828125,-0.0301513671875,-0.022705078125
1760555413968553500,86.74255346679688,-0.9930572509765625,-0.0336761474609375,-0.0230712890625
1760555413978558500,86.75255834960937,-1,-0.0250396728515625,-0.0207977294921875
1760555413988564500,86.762564453125,-0.9987335205078125,-0.020721435546875,-0.0188446044921875
1760555413998569500,86.77256958007813,-0.997344970703125,-0.0250701904296875,-0.0211029052734375
1760555414008575500,86.78257543945313,-0.997833251953125,-0.0236968994140625,-0.0165252685546875
1760555414018580500,86.79258056640624,-0.99615478515625,-0.017059326171875,-0.013336181640625
1760555414028585500,86.80258544921875,-1.0000457763671875,-0.014923095703125,-0.0111846923828125
1760555414038591700,86.812591796875,-0.9998016357421875,-0.0146942138671875,-0.01171875
1760555414048596700,86.8225966796875,-0.9996795654296875,-0.011138916015625,-0.0142364501953125
1760555414058602500,86.8326025390625,-1.0009002685546875,-0.01495361328125,-0.0183563232421875
1760555414068607500,86.842607421875,-0.996856689453125,-0.02203369140625,-0.019073486328125
1760555414078612500,86.85261254882812,-0.9958953857421875,-0.0201568603515625,-0.0186309814453125
1760555414088618500,86.86261840820312,-0.9999237060546875,-0.0144805908203125,-0.0174102783203125
1760555414098623500,86.87262353515625,-1.0029449462890625,-0.0115966796875,-0.01904296875
1760555414108629500,86.88262939453125,-0.999542236328125,-0.011016845703125,-0.015838623046875
1760555414118634500,86.89263452148438,-1.00079345703125,-0.0109100341796875,-0.0138397216796875
1760555414128639500,86.90263940429688,-1.002471923828125,-0.01312255859375,-0.0150299072265625
1760555414138645800,86.91264575195312,-0.9975433349609375,-0.019256591796875,-0.0173492431640625
1760555414148650800,86.92265063476563,-0.995208740234375,-0.02667236328125,-0.0196685791015625
1760555414158656500,86.93265649414063,-0.9932708740234375,-0.0294036865234375,-0.01849365234375
1760555414168661500,86.94266162109375,-0.9962310791015625,-0.0226287841796875,-0.0199737548828125
1760555414178666500,86.95266650390624,-1.00103759765625,-0.02044677734375,-0.020782470703125
1760555414188672500,86.96267260742188,-1.0010833740234375,-0.020721435546875,-0.0231170654296875
1760555414198677500,86.97267749023437,-0.996063232421875,-0.023223876953125,-0.021759033203125
1760555414208683500,86.98268359375,-0.996734619140625,-0.0218505859375,-0.021087646484375
1760555414218688500,86.9926884765625,-0.9987640380859375,-0.0208587646484375,-0.01904296875
1760555414228694500,87.00269458007813,-0.9982452392578125,-0.021270751953125,-0.015899658203125
1760555414238699500,87.01269946289062,-0.995941162109375,-0.0233306884765625,-0.01702880859375
1760555414248704500,87.02270458984376,-0.9941864013671875,-0.0283203125,-0.0159759521484375
1760555414258710500,87.03271044921875,-0.9951629638671875,-0.026123046875,-0.0163421630859375
1760555414268715500,87.04271557617187,-0.9965057373046875,-0.0239715576171875,-0.0149383544921875
1760555414278721500,87.05272143554687,-0.9986114501953125,-0.017578125,-0.014251708984375
1760555414288726500,87.0627265625,-0.9992218017578125,-0.0165863037109375,-0.0163726806640625
1760555414298731500,87.0727314453125,-0.9983978271484375,-0.0200042724609375,-0.0200958251953125
1760555414308737500,87.08273754882812,-0.99822998046875,-0.0229644775390625,-0.0198211669921875
1760555414318742500,87.09274243164063,-0.9958343505859375,-0.02410888671875,-0.0176239013671875
1760555414328748500,87.10274853515625,-0.9980621337890625,-0.01837158203125,-0.0191650390625
1760555414338753500,87.11275341796875,-1.0097198486328125,-0.013702392578125,-0.0186767578125
1760555414348758500,87.12275854492188,-0.985260009765625,-0.023773193359375,-0.0177459716796875
1760555414358764500,87.1327646484375,-0.991851806640625,-0.01739501953125,-0.0061187744140625
1760555414368769500,87.14276953125,-1.005401611328125,-0.0192718505859375,-0.0162506103515625
1760555414378775600,87.15277563476562,-1.005340576171875,-0.01849365234375,-0.0184173583984375
1760555414388780500,87.16278051757813,-0.99371337890625,-0.0171356201171875,-0.012939453125
1760555414398785500,87.17278564453125,-0.9938507080078125,-0.0197601318359375,-0.012359619140625
1760555414408791600,87.18279150390624,-0.9960479736328125,-0.0190887451171875,-0.0131988525390625
1760555414418796800,87.192796875,-0.99365234375,-0.0187225341796875,-0.012481689453125
1760555414428802800,87.202802734375,-1.0008697509765625,-0.018341064453125,-0.016754150390625
1760555414438807800,87.21280786132813,-1.006317138671875,-0.018951416015625,-0.024139404296875
1760555414448812800,87.22281274414063,-1.003326416015625,-0.0173797607421875,-0.0159454345703125
1760555414458818600,87.23281860351562,-0.987060546875,-0.021087646484375,-0.0085601806640625
1760555414468823600,87.24282348632812,-1.001434326171875,-0.0232391357421875,-0.022613525390625
1760555414478829600,87.25282958984376,-1.0016021728515625,-0.02569580078125,-0.0183868408203125
1760555414488834600,87.26283447265625,-0.9872589111328125,-0.026275634765625,-0.011077880859375
1760555414498839600,87.27283959960937,-0.9987945556640625,-0.0260772705078125,-0.0172119140625
1760555414508845600,87.28284545898437,-1.0040740966796875,-0.022918701171875,-0.0206298828125
1760555414518850600,87.2928505859375,-0.9929656982421875,-0.02008056640625,-0.011810302734375
1760555414528856800,87.30285693359374,-0.9985198974609375,-0.021759033203125,-0.017364501953125
1760555414538861800,87.31286181640625,-1.0040283203125,-0.0214080810546875,-0.020477294921875
1760555414548866800,87.32286669921875,-0.9954376220703125,-0.0207366943359375,-0.013946533203125
1760555414558872600,87.33287255859375,-0.999053955078125,-0.0203399658203125,-0.0182952880859375
1760555414568877800,87.3428779296875,-1.0018463134765625,-0.0257415771484375,-0.02288818359375
1760555414578883600,87.35288354492188,-0.9927978515625,-0.0271453857421875,-0.016815185546875
1760555414588888600,87.362888671875,-0.99505615234375,-0.025238037109375,-0.01495361328125
1760555414598893600,87.3728935546875,-1.0034027099609375,-0.0218963623046875,-0.0189056396484375
1760555414608899600,87.38289965820313,-0.9958648681640625,-0.0217132568359375,-0.0127716064453125
1760555414618904600,87.39290454101562,-0.9939117431640625,-0.023468017578125,-0.0128021240234375
1760555414628910600,87.40291064453125,-1.0001678466796875,-0.0252227783203125,-0.0200653076171875
1760555414638915800,87.41291577148438,-0.996551513671875,-0.0261077880859375,-0.017730712890625
1760555414648920800,87.4229208984375,-0.995269775390625,-0.0247802734375,-0.0126190185546875
1760555414658926800,87.4329267578125,-0.998016357421875,-0.0274658203125,-0.0188751220703125
1760555414668931800,87.44293188476563,-1.0009613037109375,-0.02294921875,-0.017364501953125
1760555414678937600,87.4529375,-0.9965362548828125,-0.0232391357421875,-0.01226806640625
1760555414688942600,87.46294262695312,-1.0001220703125,-0.0177459716796875,-0.0116119384765625
1760555414698948600,87.47294848632812,-0.997589111328125,-0.024169921875,-0.0160369873046875
1760555414708953600,87.48295361328125,-0.9930572509765625,-0.0312652587890625,-0.016204833984375
1760555414718958600,87.49295849609375,-0.995452880859375,-0.03167724609375,-0.0170745849609375
1760555414728964600,87.50296459960937,-0.9979705810546875,-0.024078369140625,-0.017791748046875
1760555414738969600,87.51296948242188,-0.998260498046875,-0.0231170654296875,-0.014984130859375
1760555414748975900,87.52297583007812,-1.00006103515625,-0.0204010009765625,-0.0134429931640625
1760555414758980900,87.53298095703126,-1.0001983642578125,-0.0213775634765625,-0.0143585205078125
1760555414768985900,87.54298583984375,-0.996856689453125,-0.027923583984375,-0.01470947265625
1760555414778991600,87.55299169921875,-0.99493408203125,-0.0291900634765625,-0.014404296875
1760555414788996600,87.56299658203125,-0.99652099609375,-0.0282440185546875,-0.01617431640625
1760555414799002600,87.57300268554687,-0.9975738525390625,-0.02825927734375,-0.016754150390625
1760555414809007600,87.58300756835938,-1.0029754638671875,-0.0282745361328125,-0.021942138671875
1760555414819012600,87.5930126953125,-0.993072509765625,-0.029144287109375,-0.0139312744140625
1760555414829018600,87.6030185546875,-0.9858856201171875,-0.03118896484375,-0.01763916015625
