time,seconds_elapsed,z,y,x
1760554526532666600,0.05466650390625,-0.9573822021484375,-0.3399658203125,0.158905029296875
1760554526542671600,0.064671630859375,-0.9881439208984375,-0.325714111328125,0.06378173828125
1760554526552675800,0.07467578125,-0.9923553466796875,-0.347747802734375,0.0526885986328125
1760554526562679800,0.0846796875,-0.9496002197265625,-0.3622894287109375,0.0683135986328125
1760554526572684800,0.094684814453125,-0.89501953125,-0.3958740234375,0.12847900390625
1760554526582688500,0.1046884765625,-0.8294830322265625,-0.46966552734375,0.18585205078125
1760554526592693500,0.114693603515625,-0.800262451171875,-0.5564422607421875,0.2235565185546875
1760554526602697700,0.12469775390625,-0.8238677978515625,-0.581146240234375,0.2656097412109375
1760554526612701700,0.13470166015625,-0.8225250244140625,-0.4126434326171875,0.22149658203125
1760554526622706700,0.144706787109375,-0.7756805419921875,-0.2301788330078125,0.1361846923828125
1760554526632710700,0.154710693359375,-0.766204833984375,-0.2696380615234375,0.09320068359375
1760554526642715600,0.164715576171875,-0.7402191162109375,-0.29833984375,0.0409393310546875
1760554526652719600,0.1747197265625,-0.7232513427734375,-0.343231201171875,0.0123748779296875
1760554526662723600,0.1847236328125,-0.7229156494140625,-0.367950439453125,0.003692626953125
1760554526672728600,0.194728515625,-0.7283782958984375,-0.3745269775390625,-0.007659912109375
1760554526682732500,0.204732666015625,-0.732940673828125,-0.3885650634765625,-0.0328826904296875
1760554526692737500,0.214737548828125,-0.7286376953125,-0.374786376953125,-0.0634765625
1760554526702741500,0.224741455078125,-0.70263671875,-0.3350372314453125,-0.0992584228515625
1760554526712745700,0.234745849609375,-0.6650238037109375,-0.27752685546875,-0.14129638671875
1760554526722750700,0.244750732421875,-0.6551971435546875,-0.237091064453125,-0.189971923828125
1760554526732754700,0.254754638671875,-0.66015625,-0.195404052734375,-0.2279815673828125
1760554526742759700,0.264759765625,-0.669525146484375,-0.156463623046875,-0.230712890625
1760554526752763600,0.274763671875,-0.692474365234375,-0.126953125,-0.1967926025390625
1760554526762767600,0.284767578125,-0.724822998046875,-0.1024322509765625,-0.136077880859375
1760554526772772600,0.294772705078125,-0.7652130126953125,-0.0572967529296875,-0.067291259765625
1760554526782776600,0.304776611328125,-0.7914886474609375,-0.00439453125,-0.00152587890625
1760554526792781600,0.314781494140625,-0.7977447509765625,0.016326904296875,0.0704193115234375
1760554526802785500,0.32478564453125,-0.8148651123046875,-0.0055084228515625,0.1319580078125
1760554526812789800,0.334789794921875,-0.83740234375,-0.0453643798828125,0.191619873046875
1760554526822794800,0.344794677734375,-0.8509979248046875,-0.09539794921875,0.2523040771484375
1760554526832798700,0.354798828125,-0.8709869384765625,-0.147430419921875,0.3076019287109375
1760554526842803700,0.3648037109375,-0.887451171875,-0.20391845703125,0.34674072265625
1760554526852807700,0.3748076171875,-0.9281005859375,-0.2139892578125,0.346954345703125
1760554526862811600,0.384811767578125,-0.98291015625,-0.1990203857421875,0.272247314453125
1760554526872816600,0.394816650390625,-0.7028961181640625,-0.162445068359375,0.012603759765625
1760554526882820600,0.404820556640625,-0.68731689453125,-0.130035400390625,0.2578125
1760554526892825600,0.41482568359375,-0.989776611328125,-0.265045166015625,1.1148223876953125
1760554526902829600,0.42482958984375,-1.102203369140625,-0.3600006103515625,0.901336669921875
1760554526912833800,0.434833740234375,-1.3578643798828125,-0.2812652587890625,0.815185546875
1760554526922838800,0.4448388671875,-1.5018157958984375,-0.1249542236328125,0.61566162109375
1760554526932842800,0.4548427734375,-1.3195343017578125,-0.0273284912109375,0.3303680419921875
1760554526942847700,0.46484765625,-0.7287750244140625,0.0890350341796875,-0.3831939697265625
1760554526952851500,0.4748515625,-0.9574432373046875,0.1438751220703125,-0.36279296875
1760554526962855700,0.484855712890625,-0.945281982421875,0.0640411376953125,-0.3021697998046875
1760554526972860700,0.494860595703125,-0.96258544921875,-0.06689453125,-0.070770263671875
1760554526982864600,0.50486474609375,-1.083984375,-0.2107391357421875,0.25006103515625
1760554526992869600,0.51486962890625,-1.137664794921875,-0.2413787841796875,0.5662994384765625
1760554527002873600,0.52487353515625,-1.06988525390625,-0.2862396240234375,0.5828399658203125
1760554527012877800,0.5348779296875,-0.991455078125,-0.186492919921875,0.6631011962890625
1760554527022882800,0.5448828125,-1.027099609375,-0.07086181640625,0.6331939697265625
1760554527032886800,0.55488671875,-0.948699951171875,-0.1012115478515625,0.2315673828125
1760554527042891800,0.564891845703125,-0.88702392578125,-0.1606597900390625,-0.0867156982421875
1760554527052895500,0.5748955078125,-0.56683349609375,-0.0090789794921875,-0.241180419921875
1760554527062899700,0.584899658203125,-0.6165924072265625,0.2406463623046875,-0.0606536865234375
1760554527072904700,0.59490478515625,-0.88189697265625,0.1823883056640625,0.33856201171875
1760554527082908700,0.60490869140625,-0.8702239990234375,0.0157928466796875,0.52099609375
1760554527092913700,0.61491357421875,-0.8270721435546875,-0.138671875,0.64544677734375
1760554527102917600,0.624917724609375,-0.7156982421875,-0.2923126220703125,0.616455078125
1760554527112921600,0.634921630859375,-0.7089996337890625,-0.261199951171875,0.534759521484375
1760554527122926600,0.644926513671875,-0.809814453125,-0.051513671875,0.496917724609375
1760554527132930800,0.654930908203125,-0.8902740478515625,0.2231903076171875,0.4853515625
1760554527142935800,0.664935791015625,-0.9645843505859375,0.380462646484375,0.3817291259765625
1760554527152939500,0.674939453125,-1.0153350830078125,0.3972930908203125,0.2730712890625
1760554527162943500,0.684943603515625,-1.0615386962890625,0.41204833984375,0.3143768310546875
1760554527172948500,0.694948486328125,-0.983856201171875,0.3990631103515625,0.352569580078125
1760554527182952700,0.70495263671875,-0.9859771728515625,0.407440185546875,0.3947296142578125
1760554527192957700,0.714957763671875,-1.0872802734375,0.4066162109375,0.3437042236328125
1760554527202961700,0.724961669921875,-1.1236114501953125,0.46875,0.2066497802734375
1760554527212966700,0.734966552734375,-1.1687469482421875,0.55517578125,0.0621490478515625
1760554527222970600,0.744970703125,-1.24224853515625,0.627960205078125,-0.0186767578125
1760554527232974800,0.754974853515625,-1.2879638671875,0.6263885498046875,-0.0996856689453125
1760554527242979800,0.764979736328125,-1.246124267578125,0.562469482421875,-0.19256591796875
1760554527252983600,0.774983642578125,-1.1333160400390625,0.5313720703125,-0.1447296142578125
1760554527262988500,0.784988525390625,-1.0767059326171875,0.44976806640625,-0.071807861328125
1760554527272992500,0.794992431640625,-1.0229949951171875,0.3483123779296875,-0.0286865234375
1760554527282996700,0.804996826171875,-1.012664794921875,0.235321044921875,0.019287109375
1760554527293002200,0.815002197265625,-1.0277099609375,0.127685546875,0.0328369140625
1760554527303006200,0.825006103515625,-1.01275634765625,0.1246795654296875,-0.0522918701171875
1760554527313011200,0.83501123046875,-1.1042022705078125,0.0898895263671875,-0.047698974609375
1760554527323015000,0.845014892578125,-1.0577239990234375,0.012420654296875,-0.07257080078125
1760554527333019100,0.85501904296875,-0.9342498779296875,-0.0598907470703125,-0.2465362548828125
1760554527343024000,0.865024169921875,-0.927764892578125,-0.1452789306640625,-0.2609405517578125
1760554527353028000,0.875028076171875,-0.95281982421875,-0.1368560791015625,-0.2189483642578125
1760554527363033000,0.885033203125,-0.9713592529296875,-0.167999267578125,-0.2363433837890625
1760554527373037000,0.895037109375,-1.0106353759765625,-0.2031097412109375,-0.2253265380859375
1760554527383041000,0.905041015625,-1.07269287109375,-0.1927337646484375,-0.1924285888671875
1760554527393046000,0.9150458984375,-1.11151123046875,-0.223663330078125,-0.2271270751953125
1760554527403050200,0.92505029296875,-1.1146697998046875,-0.2480010986328125,-0.265106201171875
1760554527413055200,0.93505517578125,-1.138946533203125,-0.2834625244140625,-0.2911376953125
1760554527423059000,0.945058837890625,-1.14300537109375,-0.260223388671875,-0.2869110107421875
1760554527433063000,0.95506298828125,-1.1311187744140625,-0.3090362548828125,-0.2246551513671875
1760554527443068000,0.96506787109375,-1.1598052978515625,-0.364990234375,-0.169525146484375
1760554527453072100,0.975072021484375,-1.1152801513671875,-0.3988800048828125,-0.126708984375
1760554527463077000,0.9850771484375,-1.0781097412109375,-0.4154205322265625,-0.0818023681640625
1760554527473081000,0.9950810546875,-1.073760986328125,-0.438232421875,-0.0962982177734375
1760554527483085000,1.0050849609375,-1.1156158447265625,-0.3935546875,0.0343170166015625
1760554527493090000,1.015090087890625,-1.111572265625,-0.32965087890625,0.0488739013671875
1760554527503094000,1.025093994140625,-1.131103515625,-0.272705078125,0.059356689453125
1760554527513099000,1.03509912109375,-1.1309356689453125,-0.253082275390625,0.0872344970703125
1760554527523103000,1.04510302734375,-1.1353912353515625,-0.313385009765625,0.1211700439453125
1760554527533107000,1.05510693359375,-1.06768798828125,-0.3590850830078125,0.1961212158203125
1760554527543112000,1.06511181640625,-0.98809814453125,-0.42608642578125,0.1980133056640625
1760554527553116200,1.0751162109375,-0.97125244140625,-0.4306793212890625,0.2234954833984375
1760554527563121200,1.08512109375,-0.9505615234375,-0.371795654296875,0.184539794921875
1760554527573125000,1.095125,-0.9752655029296875,-0.30877685546875,0.126953125
1760554527583129000,1.105129150390625,-0.9561614990234375,-0.266326904296875,0.1267852783203125
1760554527593134000,1.115134033203125,-0.9661865234375,-0.2617950439453125,0.1274261474609375
1760554527603138000,1.125137939453125,-1.038116455078125,-0.2426605224609375,0.1191558837890625
1760554527613143000,1.13514306640625,-1.0458984375,-0.217498779296875,0.112060546875
1760554527623147000,1.14514697265625,-1.0532989501953125,-0.229766845703125,0.12744140625
1760554527633151000,1.15515087890625,-1.0755462646484375,-0.232818603515625,0.1400146484375
1760554527643156000,1.165156005859375,-1.0721282958984375,-0.2488861083984375,0.1439971923828125
1760554527653160200,1.17516015625,-1.0646820068359375,-0.271759033203125,0.15997314453125
1760554527663165200,1.185165283203125,-1.0734100341796875,-0.2765350341796875,0.1712799072265625
1760554527673169200,1.195169189453125,-1.025421142578125,-0.25347900390625,0.1522064208984375
1760554527683173000,1.205173095703125,-0.836395263671875,-0.2799072265625,0.151153564453125
1760554527693178000,1.21517822265625,-1.112762451171875,-0.1814117431640625,-0.0098724365234375
1760554527703182000,1.22518212890625,-1.0618896484375,-0.113800048828125,0.27142333984375
1760554527713187000,1.23518701171875,-1.0127716064453125,-0.28228759765625,0.1177520751953125
1760554527723191000,1.24519091796875,-0.9918212890625,-0.1967315673828125,0.1075897216796875
1760554527733195000,1.255195068359375,-1.0345001220703125,-0.135009765625,0.20257568359375
1760554527743200000,1.265199951171875,-1.016876220703125,-0.1636962890625,0.1483001708984375
1760554527753204200,1.275204345703125,-1.009429931640625,-0.1562347412109375,0.1533203125
1760554527763209200,1.285209228515625,-0.99261474609375,-0.1666259765625,0.139373779296875
1760554527773213200,1.295213134765625,-0.975189208984375,-0.1803436279296875,0.161376953125
1760554527783217000,1.305216796875,-0.95111083984375,-0.19036865234375,0.175445556640625
1760554527793222000,1.315221923828125,-0.9000701904296875,-0.1914825439453125,0.143157958984375
1760554527803226000,1.32522607421875,-0.925323486328125,-0.182525634765625,0.1481170654296875
1760554527813231000,1.335231201171875,-0.994293212890625,-0.22259521484375,0.0654449462890625
1760554527823235000,1.345235107421875,-1.055450439453125,-0.2224884033203125,-0.003753662109375
1760554527833239000,1.355239013671875,-1.0597991943359375,-0.1786346435546875,0.0252532958984375
1760554527843244000,1.365244140625,-1.0617218017578125,-0.1151580810546875,0.0547943115234375
1760554527853248000,1.375248046875,-1.0156402587890625,-0.074920654296875,0.04376220703125
1760554527863253000,1.3852529296875,-0.89398193359375,-0.151153564453125,0.174468994140625
1760554527873257200,1.39525732421875,-0.934539794921875,-0.2198486328125,0.1692657470703125
1760554527883261000,1.405260986328125,-0.896209716796875,-0.14752197265625,0.070281982421875
1760554527893266000,1.415265869140625,-1.01556396484375,-0.165283203125,0.00897216796875
1760554527903270000,1.425269775390625,-1.06903076171875,-0.1895294189453125,0.024322509765625
1760554527913275000,1.43527490234375,-0.9886932373046875,-0.160369873046875,0.08050537109375
1760554527923279000,1.445279052734375,-0.9611053466796875,-0.186676025390625,0.1314849853515625
1760554527933283000,1.455282958984375,-0.9482269287109375,-0.2496185302734375,0.21246337890625
1760554527943288000,1.4652880859375,-0.9952239990234375,-0.2214202880859375,0.1550750732421875
1760554527953292000,1.4752919921875,-1.022735595703125,-0.2149810791015625,0.132904052734375
1760554527963297000,1.485297119140625,-1.009796142578125,-0.198333740234375,0.072601318359375
1760554527973301200,1.49530126953125,-0.9845733642578125,-0.2109527587890625,0.0209503173828125
1760554527983305000,1.505304931640625,-0.922210693359375,-0.2059326171875,0.031829833984375
1760554527993310000,1.51531005859375,-0.9125213623046875,-0.203338623046875,0.028594970703125
1760554528003314000,1.52531396484375,-0.944854736328125,-0.175445556640625,0.0416717529296875
1760554528013319000,1.53531884765625,-0.9290618896484375,-0.1818389892578125,0.04071044921875
1760554528023323100,1.5453232421875,-0.971282958984375,-0.158416748046875,0.0079193115234375
1760554528033327000,1.5553271484375,-1.1012725830078125,-0.166107177734375,0.0458526611328125
1760554528043332000,1.56533203125,-1.0332489013671875,-0.129119873046875,0.0710601806640625
1760554528053336000,1.575336181640625,-0.9372100830078125,-0.1253814697265625,0.0659027099609375
1760554528063341000,1.585341064453125,-0.94268798828125,-0.1689453125,0.0628509521484375
1760554528073345300,1.59534521484375,-0.960693359375,-0.3506317138671875,0.1633148193359375
1760554528083349000,1.605348876953125,-0.9874420166015625,-0.1131439208984375,0.0775604248046875
1760554528093354000,1.61535400390625,-1.038360595703125,-0.134063720703125,0.0524139404296875
1760554528103358000,1.62535791015625,-1.019134521484375,-0.1366424560546875,-0.020172119140625
1760554528113363000,1.635363037109375,-0.928466796875,-0.1021270751953125,-0.019256591796875
1760554528123367200,1.6453671875,-0.830810546875,-0.1171875,-0.01318359375
1760554528133371100,1.65537109375,-0.8027191162109375,-0.1270294189453125,0.0068206787109375
1760554528143376100,1.665376220703125,-0.7554473876953125,-0.06866455078125,-0.052825927734375
1760554528153380000,1.675380126953125,-0.48968505859375,-0.1048126220703125,-0.0638580322265625
1760554528163385000,1.685385009765625,-0.03289794921875,-0.0542755126953125,-0.0713348388671875
1760554528173389000,1.69538916015625,0.1483306884765625,0.0382843017578125,-0.0157928466796875
1760554528183393000,1.70539306640625,-2.7144622802734375,0.04248046875,0.7643585205078125
1760554528193398000,1.71539794921875,-0.8582305908203125,0.009429931640625,0.2266387939453125
1760554528203402000,1.725402099609375,-3.1190185546875,0.096099853515625,-0.098846435546875
1760554528213407000,1.735406982421875,-3.384246826171875,0.0159454345703125,-0.0520172119140625
1760554528223411200,1.7454111328125,1.5824127197265625,0.2579803466796875,0.034423828125
1760554528233415200,1.755415283203125,0.132110595703125,0.1521759033203125,0.006103515625
1760554528243420200,1.765420166015625,0.221649169921875,0.0313720703125,-0.0171051025390625
1760554528253424000,1.775424072265625,-4.828033447265625,-0.1987457275390625,0.1784820556640625
1760554528263429000,1.78542919921875,0.4053802490234375,0.0908203125,-0.04058837890625
1760554528273433000,1.79543310546875,0.116119384765625,0.0189056396484375,0.0148162841796875
1760554528283437000,1.80543701171875,-2.3973846435546875,-0.0302886962890625,0.024505615234375
1760554528293442300,1.8154423828125,-0.7938995361328125,-0.0099639892578125,-0.1036834716796875
1760554528303446000,1.825446044921875,-0.5696563720703125,0.0117645263671875,0.05810546875
1760554528313451000,1.835450927734375,-1.304107666015625,0.0135345458984375,0.096832275390625
1760554528323455000,1.845455078125,-1.1202239990234375,0.0423126220703125,-0.0420989990234375
1760554528333459200,1.855459228515625,-1.033203125,0.0260162353515625,-0.0044708251953125
1760554528343464200,1.865464111328125,-0.83636474609375,-0.00384521484375,0.107818603515625
1760554528353468200,1.87546826171875,-1.1144256591796875,0.018951416015625,0.027130126953125
1760554528363473200,1.88547314453125,-0.9318695068359375,0.0009765625,0.0440826416015625
1760554528373477000,1.89547705078125,-1.009521484375,0.0088653564453125,0.0258941650390625
1760554528383481300,1.9054814453125,-1.0008087158203125,0.0088653564453125,0.0169677734375
1760554528393486300,1.915486328125,-0.9976959228515625,0.0113372802734375,0.01220703125
1760554528403490000,1.925489990234375,-0.9993896484375,0.012451171875,0.01568603515625
1760554528413495000,1.9354951171875,-0.9987030029296875,0.0117645263671875,0.0230712890625
1760554528423499000,1.9454990234375,-1.00006103515625,0.0158233642578125,0.0299530029296875
1760554528433503200,1.955503173828125,-0.9984588623046875,0.0131072998046875,0.030548095703125
1760554528443508200,1.96550830078125,-0.99871826171875,0.0096282958984375,0.0283050537109375
1760554528453512200,1.97551220703125,-0.9991455078125,0.008514404296875,0.025177001953125
1760554528463517200,1.98551708984375,-0.997894287109375,0.004241943359375,0.0248870849609375
1760554528473521200,1.995521240234375,-0.997314453125,0.003387451171875,0.0248870849609375
1760554528483525000,2.005525146484375,-0.9979705810546875,0.0012969970703125,0.028472900390625
1760554528493530000,2.015530029296875,-0.9975738525390625,-0.0015716552734375,0.0292816162109375
1760554528503534000,2.0255341796875,-0.996917724609375,-0.0008392333984375,0.0300445556640625
1760554528513539000,2.0355390625,-0.9963836669921875,0.0022125244140625,0.0336151123046875
1760554528523543000,2.04554296875,-0.9972991943359375,0.0062713623046875,0.0323333740234375
1760554528533547300,2.05554736328125,-0.999298095703125,0.00921630859375,0.0232086181640625
1760554528543552300,2.06555224609375,-0.9979705810546875,0.0047149658203125,0.0164947509765625
1760554528553556200,2.07555615234375,-1.0002288818359375,0.0033416748046875,0.0107421875
1760554528563561200,2.085561279296875,-0.9970550537109375,0.0028076171875,0.011505126953125
1760554528573565200,2.095565185546875,-0.999603271484375,0.0038604736328125,0.0079498291015625
1760554528583569200,2.105569091796875,-0.998870849609375,0.00445556640625,0.010162353515625
1760554528593574100,2.11557421875,-0.9987335205078125,0.0039215087890625,0.0113372802734375
1760554528603578000,2.125578125,-0.9996490478515625,0.00469970703125,0.0140228271484375
1760554528613583000,2.1355830078125,-0.9983367919921875,0.0012359619140625,0.01422119140625
1760554528623587000,2.145587158203125,-0.99822998046875,-0.001495361328125,0.008209228515625
1760554528633591300,2.15559130859375,-0.99615478515625,-0.0050811767578125,0.015960693359375
1760554528643596300,2.16559619140625,-0.9960174560546875,-0.007080078125,0.0248565673828125
1760554528653600300,2.175600341796875,-0.994598388671875,-0.00421142578125,0.0327911376953125
1760554528663605200,2.185605224609375,-0.994293212890625,-0.000091552734375,0.039764404296875
1760554528673609200,2.195609130859375,-0.996124267578125,0.0059356689453125,0.0461883544921875
1760554528683613200,2.20561328125,-0.9987335205078125,0.0092620849609375,0.0473785400390625
1760554528693618200,2.2156181640625,-0.999237060546875,0.0134429931640625,0.0419158935546875
1760554528703622100,2.2256220703125,-1.000518798828125,0.0178070068359375,0.036865234375
1760554528713627100,2.235627197265625,-1.0042877197265625,0.02166748046875,0.023284912109375
1760554528723631000,2.245631103515625,-1.0058746337890625,0.0260467529296875,0.0099334716796875
1760554528733635000,2.255635009765625,-1.0034637451171875,0.0250701904296875,0.0140380859375
1760554528743640000,2.26564013671875,-1.002197265625,0.019073486328125,0.0225830078125
1760554528753644300,2.275644287109375,-0.999481201171875,0.012420654296875,0.0341644287109375
1760554528763649300,2.285649169921875,-0.997161865234375,0.0090179443359375,0.04327392578125
1760554528773653200,2.2956533203125,-0.99658203125,0.00640869140625,0.044403076171875
1760554528783657000,2.305656982421875,-0.9969482421875,0.0036468505859375,0.0473480224609375
1760554528793662000,2.315661865234375,-0.9959564208984375,0.0018157958984375,0.0453338623046875
1760554528803666200,2.325666259765625,-0.9967041015625,-0.00067138671875,0.0432586669921875
1760554528813671200,2.335671142578125,-0.997406005859375,0.002410888671875,0.0418701171875
1760554528823675100,2.345675048828125,-0.996429443359375,0.00445556640625,0.0369415283203125
1760554528833679000,2.35567919921875,-0.9980316162109375,0.0068817138671875,0.0305023193359375
1760554528843684000,2.36568408203125,-0.9986419677734375,0.0069427490234375,0.0266265869140625
1760554528853688300,2.375688232421875,-0.995361328125,0.00238037109375,0.025054931640625
1760554528863693300,2.385693359375,-0.9981689453125,0.0025482177734375,0.0240478515625
1760554528873697000,2.395697021484375,-0.9973297119140625,0.001495361328125,0.024688720703125
1760554528883701000,2.405700927734375,-0.996124267578125,0.0014801025390625,0.0280914306640625
1760554528893706000,2.4157060546875,-0.99774169921875,0.0031280517578125,0.0298614501953125
1760554528903710200,2.425710205078125,-0.9969635009765625,0.0014801025390625,0.03228759765625
1760554528913715200,2.435715087890625,-0.99871826171875,0.0024566650390625,0.0289459228515625
1760554528923719200,2.44571923828125,-0.996795654296875,0.005157470703125,0.0299530029296875
1760554528933723100,2.45572314453125,-0.998046875,0.006591796875,0.0281982421875
1760554528943728000,2.46572802734375,-0.997955322265625,0.0069732666015625,0.0218353271484375
1760554528953732400,2.475732421875,-0.9987945556640625,0.0074920654296875,0.018951416015625
1760554528963737300,2.4857373046875,-1.0004119873046875,0.0114898681640625,0.018218994140625
1760554528973741000,2.495740966796875,-1.0012359619140625,0.0155792236328125,0.020782470703125
1760554528983745000,2.5057451171875,-1.000579833984375,0.0162353515625,0.023468017578125
1760554528993750000,2.51575,-1.0019989013671875,0.017120361328125,0.029296875
1760554529003754200,2.525754150390625,-1.0002593994140625,0.0173797607421875,0.0273895263671875
1760554529013759200,2.53575927734375,-0.9990997314453125,0.0126495361328125,0.027313232421875
1760554529023763200,2.54576318359375,-0.9988250732421875,0.00970458984375,0.02886962890625
1760554529033767200,2.55576708984375,-0.9970550537109375,0.005218505859375,0.0266876220703125
1760554529043772200,2.565772216796875,-0.997894287109375,0.003021240234375,0.0198822021484375
1760554529053776400,2.5757763671875,-0.9983978271484375,0.004608154296875,0.0176544189453125
1760554529063780000,2.585780029296875,-0.99761962890625,0.0024871826171875,0.01983642578125
1760554529073785000,2.59578515625,-0.9976959228515625,0.0043487548828125,0.0206146240234375
1760554529083789000,2.6057890625,-0.997528076171875,0.00018310546875,0.0254669189453125
1760554529093794000,2.6157939453125,-0.9969482421875,0.0040435791015625,0.03118896484375
1760554529103798300,2.62579833984375,-0.9974517822265625,0.0033111572265625,0.0331878662109375
1760554529113802200,2.63580224609375,-0.9972076416015625,0.0046234130859375,0.042022705078125
1760554529123807200,2.64580712890625,-0.9976043701171875,0.0074920654296875,0.0442657470703125
1760554529133811200,2.655811279296875,-0.9985809326171875,0.007843017578125,0.0384368896484375
1760554529143816200,2.665816162109375,-0.99957275390625,0.00885009765625,0.0317535400390625
1760554529153820200,2.675820068359375,-0.9972686767578125,0.0074615478515625,0.0341949462890625
1760554529163824000,2.68582421875,-0.9975433349609375,0.0048370361328125,0.0329742431640625
1760554529173829000,2.6958291015625,-0.9965972900390625,0.005615234375,0.0333099365234375
1760554529183833000,2.7058330078125,-0.996185302734375,0.0019378662109375,0.0398406982421875
1760554529193838000,2.715838134765625,-0.9983367919921875,0.003326416015625,0.041015625
1760554529203842000,2.725842041015625,-0.9983062744140625,0.0059051513671875,0.0423431396484375
1760554529213846300,2.73584619140625,-0.99896240234375,0.006072998046875,0.0425262451171875
1760554529223851300,2.745851318359375,-0.9998931884765625,0.0074310302734375,0.0364227294921875
1760554529233855200,2.755855224609375,-0.9990997314453125,0.004791259765625,0.0352325439453125
1760554529243860200,2.765860107421875,-0.997222900390625,0.0034942626953125,0.0346221923828125
1760554529253864000,2.775864013671875,-0.9966583251953125,0.00372314453125,0.031951904296875
1760554529263868200,2.7858681640625,-0.9993133544921875,0.0082550048828125,0.03131103515625
1760554529273873200,2.795873046875,-1.0003662109375,0.00946044921875,0.029998779296875
1760554529283877000,2.805877197265625,-0.9989471435546875,0.0083770751953125,0.0315399169921875
1760554529293882600,2.815882568359375,-0.9990386962890625,0.00811767578125,0.0301055908203125
1760554529303886300,2.82588623046875,-0.99945068359375,0.0086517333984375,0.028778076171875
1760554529313890600,2.835890625,-0.9988861083984375,0.0030364990234375,0.0281219482421875
1760554529323895600,2.8458955078125,-0.9969635009765625,0.000579833984375,0.0271453857421875
1760554529333899500,2.8558994140625,-0.996978759765625,-0.0002899169921875,0.02716064453125
1760554529343904500,2.865904541015625,-0.997100830078125,0.0037841796875,0.0289764404296875
1760554529353908500,2.875908447265625,-0.996337890625,0.00341796875,0.0331878662109375
1760554529363912700,2.88591259765625,-0.9982147216796875,0.0081024169921875,0.03875732421875
1760554529373917700,2.895917724609375,-1.0000457763671875,0.0097808837890625,0.042327880859375
1760554529383921700,2.905921630859375,-0.9985809326171875,0.010528564453125,0.0434112548828125
1760554529393926700,2.9159267578125,-1.0006561279296875,0.0126953125,0.0407867431640625
1760554529403930400,2.925930419921875,-1.0019683837890625,0.0154571533203125,0.0365142822265625
1760554529413934600,2.9359345703125,-0.999267578125,0.01446533203125,0.0347137451171875
1760554529423939600,2.945939697265625,-0.9992828369140625,0.0113983154296875,0.0294342041015625
1760554529433943600,2.955943603515625,-0.9983978271484375,0.008331298828125,0.0267181396484375
1760554529443948500,2.965948486328125,-0.9967041015625,0.0052337646484375,0.027191162109375
1760554529453952500,2.975952392578125,-0.9964141845703125,0.0047607421875,0.0294342041015625
1760554529463956500,2.98595654296875,-0.9979705810546875,0.00482177734375,0.02471923828125
1760554529473961500,2.99596142578125,-0.998077392578125,0.005645751953125,0.027984619140625
1760554529483965700,3.005965576171875,-0.9976959228515625,0.005279541015625,0.02764892578125
1760554529493970700,3.015970703125,-0.99859619140625,0.0060882568359375,0.0234222412109375
1760554529503974400,3.025974365234375,-0.998626708984375,0.005645751953125,0.0225830078125
1760554529513978400,3.035978271484375,-0.9984283447265625,0.00433349609375,0.021484375
1760554529523983400,3.0459833984375,-0.997344970703125,0.0065765380859375,0.022857666015625
1760554529533987600,3.055987548828125,-0.9992828369140625,0.0078125,0.0255584716796875
1760554529543992600,3.06599267578125,-0.9986572265625,0.008880615234375,0.0270233154296875
1760554529553996500,3.07599658203125,-0.998687744140625,0.0094451904296875,0.0315704345703125
1760554529564000500,3.08600048828125,-0.99969482421875,0.0153045654296875,0.0341339111328125
1760554529574005500,3.096005615234375,-1.00018310546875,0.01336669921875,0.0326080322265625
1760554529584009500,3.106009521484375,-0.9980316162109375,0.01190185546875,0.0345458984375
1760554529594014700,3.1160146484375,-1.0003204345703125,0.0118865966796875,0.0359954833984375
1760554529604018400,3.126018310546875,-1.0004730224609375,0.0094146728515625,0.0349578857421875
1760554529614022400,3.1360224609375,-0.9979400634765625,0.009674072265625,0.0318450927734375
1760554529624027400,3.14602734375,-0.99853515625,0.0098876953125,0.0308837890625
1760554529634031600,3.156031494140625,-0.9991455078125,0.0100555419921875,0.0301971435546875
1760554529644036600,3.16603662109375,-0.99896240234375,0.009307861328125,0.02783203125
1760554529654040600,3.17604052734375,-0.99896240234375,0.00616455078125,0.0287322998046875
1760554529664044500,3.18604443359375,-0.99774169921875,0.006195068359375,0.025787353515625
1760554529674049500,3.196049560546875,-0.9987640380859375,0.0058441162109375,0.0279083251953125
1760554529684053500,3.206053466796875,-0.9996490478515625,0.00531005859375,0.029327392578125
1760554529694057500,3.216057373046875,-0.997802734375,0.00384521484375,0.0326995849609375
1760554529704062500,3.2260625,-0.9980621337890625,0.0059967041015625,0.0291595458984375
1760554529714066400,3.23606640625,-0.997222900390625,0.0029449462890625,0.03045654296875
1760554529724071400,3.246071533203125,-0.99798583984375,0.002532958984375,0.0286407470703125
1760554529734075600,3.25607568359375,-0.9969482421875,0.0024871826171875,0.0289764404296875
1760554529744080600,3.26608056640625,-0.9976348876953125,0.0039825439453125,0.0293121337890625
1760554529754084600,3.276084716796875,-0.998443603515625,0.003143310546875,0.0308837890625
1760554529764088600,3.286088623046875,-0.9966278076171875,0.0030517578125,0.031494140625
1760554529774093600,3.296093505859375,-0.99639892578125,0.0037689208984375,0.0316162109375
1760554529784097500,3.30609765625,-0.998565673828125,0.005645751953125,0.0258636474609375
1760554529794101500,3.3161015625,-0.996673583984375,0.0072479248046875,0.02935791015625
1760554529804106500,3.3261064453125,-0.9969329833984375,0.0086669921875,0.028411865234375
1760554529814110500,3.3361103515625,-0.9979095458984375,0.007659912109375,0.0258636474609375
1760554529824115500,3.346115478515625,-0.9991607666015625,0.008331298828125,0.026336669921875
1760554529834119700,3.35611962890625,-0.998321533203125,0.008514404296875,0.027801513671875
1760554529844123600,3.36612353515625,-0.9993133544921875,0.0085906982421875,0.0286102294921875
1760554529854128600,3.376128662109375,-1.000335693359375,0.008697509765625,0.028106689453125
1760554529864132600,3.386132568359375,-0.9991607666015625,0.009765625,0.030792236328125
1760554529874137600,3.3961376953125,-0.998382568359375,0.0078125,0.0259246826171875
1760554529884141600,3.4061416015625,-0.9983062744140625,0.0050506591796875,0.02862548828125
1760554529894145500,3.4161455078125,-0.9992828369140625,0.0060882568359375,0.025726318359375
1760554529904150500,3.426150634765625,-0.9985504150390625,0.0049591064453125,0.026519775390625
1760554529914154500,3.436154541015625,-0.996826171875,0.0039520263671875,0.0290985107421875
1760554529924159500,3.446159423828125,-0.9973297119140625,-0.0001373291015625,0.027862548828125
1760554529934163500,3.45616357421875,-0.9954986572265625,-0.00030517578125,0.0301055908203125
1760554529944167700,3.466167724609375,-0.995941162109375,-0.0004425048828125,0.0328521728515625
1760554529954172700,3.476172607421875,-0.9979095458984375,0.0029754638671875,0.032135009765625
1760554529964176400,3.48617626953125,-0.99798583984375,0.00323486328125,0.0291290283203125
1760554529974181400,3.496181396484375,-0.9971771240234375,0.0040130615234375,0.034088134765625
1760554529984185300,3.506185302734375,-0.9973297119140625,0.006011962890625,0.034027099609375
1760554529994189600,3.516189453125,-0.9975433349609375,0.007049560546875,0.0316619873046875
1760554530004194600,3.526194580078125,-0.9983367919921875,0.0095977783203125,0.028564453125
1760554530014198500,3.536198486328125,-1.00115966796875,0.0118408203125,0.029754638671875
1760554530024203500,3.54620361328125,-1.000823974609375,0.01458740234375,0.0321807861328125
1760554530034207500,3.55620751953125,-1.0005035400390625,0.016143798828125,0.032073974609375
1760554530044211700,3.566211669921875,-0.99896240234375,0.0114593505859375,0.0313873291015625
1760554530054216700,3.576216796875,-0.9980316162109375,0.009613037109375,0.030426025390625
1760554530064220400,3.586220458984375,-0.9969482421875,0.005584716796875,0.0278167724609375
1760554530074225400,3.596225341796875,-0.997650146484375,0.0073089599609375,0.0238037109375
1760554530084229400,3.6062294921875,-0.999267578125,0.0099029541015625,0.02313232421875
1760554530094233600,3.616233642578125,-0.998046875,0.0087890625,0.025787353515625
1760554530104238600,3.626238525390625,-1.0001373291015625,0.010040283203125,0.0276031494140625
1760554530114242600,3.63624267578125,-0.9990386962890625,0.0112762451171875,0.028350830078125
1760554530124247600,3.64624755859375,-1.000213623046875,0.01007080078125,0.0301055908203125
1760554530134251500,3.65625146484375,-0.99981689453125,0.0086669921875,0.0307464599609375
1760554530144255700,3.666255859375,-0.9976654052734375,0.009368896484375,0.0293426513671875
1760554530154260700,3.6762607421875,-0.9975128173828125,0.0061798095703125,0.034942626953125
1760554530164264400,3.686264404296875,-0.9964599609375,0.0057220458984375,0.03436279296875
1760554530174269400,3.69626953125,-0.9964599609375,0.0049896240234375,0.0359954833984375
1760554530184273400,3.7062734375,-0.9957122802734375,0.002899169921875,0.038726806640625
1760554530194277600,3.716277587890625,-0.99542236328125,0.0003662109375,0.0421905517578125
1760554530204282600,3.72628271484375,-0.99530029296875,0.0028839111328125,0.0407257080078125
1760554530214286600,3.73628662109375,-0.9965667724609375,0.0041656494140625,0.0348968505859375
1760554530224291600,3.74629150390625,-0.9958648681640625,0.00531005859375,0.0359344482421875
1760554530234295600,3.756295654296875,-0.99786376953125,0.007354736328125,0.0369720458984375
1760554530244299500,3.766299560546875,-0.99810791015625,0.0073089599609375,0.0289459228515625
1760554530254304500,3.776304443359375,-0.9992523193359375,0.0102996826171875,0.0249786376953125
1760554530264308500,3.78630859375,-0.999053955078125,0.0125732421875,0.0267791748046875
1760554530274313500,3.7963134765625,-0.999786376953125,0.016265869140625,0.023681640625
1760554530284317400,3.8063173828125,-0.9982757568359375,0.0165863037109375,0.0225067138671875
1760554530294321000,3.81632080078125,-1.0001220703125,0.017486572265625,0.0240478515625
1760554530304326000,3.826325927734375,-1.0010986328125,0.0170745849609375,0.0254974365234375
1760554530314329900,3.836329833984375,-1.00091552734375,0.0165252685546875,0.0232391357421875
1760554530324333800,3.846333740234375,-0.9986572265625,0.0176544189453125,0.0229339599609375
1760554530334338800,3.8563388671875,-1.001068115234375,0.0159149169921875,0.02642822265625
1760554530344342800,3.8663427734375,-1.00054931640625,0.01605224609375,0.026092529296875
1760554530354347800,3.87634765625,-0.999359130859375,0.0173797607421875,0.0282135009765625
1760554530364351700,3.886351806640625,-1.0000457763671875,0.0167388916015625,0.0299835205078125
1760554530374355700,3.896355712890625,-0.998931884765625,0.017669677734375,0.0271759033203125
1760554530384360700,3.906360595703125,-1.0001068115234375,0.016387939453125,0.02703857421875
1760554530394365000,3.916364990234375,-0.9990386962890625,0.0145263671875,0.0316619873046875
1760554530404370000,3.926369873046875,-0.9976348876953125,0.013397216796875,0.034149169921875
1760554530414374000,3.936373779296875,-0.99713134765625,0.0116729736328125,0.0384063720703125
1760554530424377900,3.9463779296875,-0.9984130859375,0.0123138427734375,0.035919189453125
1760554530434382800,3.9563828125,-0.996978759765625,0.0099334716796875,0.0334320068359375
1760554530444386800,3.96638671875,-0.9991302490234375,0.010406494140625,0.0344696044921875
1760554530454391800,3.976391845703125,-0.9996490478515625,0.010101318359375,0.0278472900390625
1760554530464395800,3.986395751953125,-0.997039794921875,0.0084228515625,0.028076171875
1760554530474399000,3.99639892578125,-0.998016357421875,0.0077056884765625,0.028076171875
1760554530484403000,4.00640283203125,-0.9983367919921875,0.0086669921875,0.02972412109375
1760554530494408000,4.016407958984375,-0.9986419677734375,0.008392333984375,0.029998779296875
1760554530504412000,4.026411865234375,-0.99615478515625,0.005889892578125,0.0283660888671875
1760554530514415600,4.03641552734375,-0.997039794921875,0.0052032470703125,0.0319976806640625
1760554530524420900,4.0464208984375,-0.9969635009765625,0.009124755859375,0.0310516357421875
1760554530534424800,4.0564248046875,-0.996826171875,0.00897216796875,0.02655029296875
1760554530544429800,4.066429931640625,-0.99749755859375,0.0076446533203125,0.0279693603515625
1760554530554433800,4.076433837890625,-0.9968414306640625,0.0107269287109375,0.0313568115234375
1760554530564437800,4.086437744140625,-0.9984893798828125,0.0124969482421875,0.0326690673828125
1760554530574442800,4.09644287109375,-1.0000762939453125,0.0137481689453125,0.03057861328125
1760554530584447000,4.106447021484375,-0.9974517822265625,0.0123138427734375,0.0338592529296875
1760554530594452000,4.116451904296875,-0.9990692138671875,0.014190673828125,0.03533935546875
1760554530604455700,4.12645556640625,-0.9998931884765625,0.0174713134765625,0.0373382568359375
1760554530614459600,4.136459716796875,-0.9998779296875,0.0173187255859375,0.03265380859375
1760554530624464600,4.146464599609375,-0.9987030029296875,0.017120361328125,0.034027099609375
1760554530634468900,4.15646875,-0.9987335205078125,0.0185699462890625,0.03411865234375
1760554530644473900,4.166473876953125,-0.999664306640625,0.0186920166015625,0.0323028564453125
1760554530654477800,4.176477783203125,-0.999786376953125,0.0169830322265625,0.032867431640625
1760554530664481800,4.186481689453125,-0.9982147216796875,0.016693115234375,0.0377960205078125
1760554530674486800,4.19648681640625,-0.99658203125,0.0131072998046875,0.041015625
1760554530684491000,4.206490966796875,-0.9962005615234375,0.01263427734375,0.04278564453125
1760554530694496000,4.21649609375,-0.995849609375,0.008148193359375,0.0420684814453125
1760554530704499700,4.226499755859375,-0.9971771240234375,0.0093231201171875,0.039459228515625
1760554530714503700,4.236503662109375,-0.9968719482421875,0.0083465576171875,0.0386810302734375
1760554530724508700,4.2465087890625,-0.9964141845703125,0.00799560546875,0.0386962890625
1760554530734513000,4.256512939453125,-0.999176025390625,0.01458740234375,0.0396270751953125
1760554530744516900,4.266516845703125,-0.9977874755859375,0.012176513671875,0.0353546142578125
1760554530754521900,4.27652197265625,-0.99749755859375,0.0129547119140625,0.0341949462890625
1760554530764525800,4.28652587890625,-0.997833251953125,0.014678955078125,0.03515625
1760554530774530800,4.29653076171875,-0.9979248046875,0.0156707763671875,0.0323638916015625
1760554530784535000,4.30653515625,-0.9995269775390625,0.01556396484375,0.0349273681640625
1760554530794538800,4.316538818359375,-0.99969482421875,0.01617431640625,0.036346435546875
1760554530804543700,4.326543701171875,-0.9986114501953125,0.0188446044921875,0.0377044677734375
1760554530814547700,4.336547607421875,-0.998077392578125,0.0197601318359375,0.0380706787109375
1760554530824552700,4.346552734375,-0.998809814453125,0.019012451171875,0.0380401611328125
1760554530834557000,4.356556884765625,-0.9984893798828125,0.016815185546875,0.03558349609375
1760554530844562700,4.366562744140625,-0.9980926513671875,0.0199432373046875,0.0352935791015625
1760554530854567000,4.37656689453125,-1.0006103515625,0.019287109375,0.0363006591796875
1760554530864571000,4.38657080078125,-0.9976043701171875,0.017547607421875,0.0374298095703125
1760554530874576000,4.396575927734375,-0.998870849609375,0.01800537109375,0.03961181640625
1760554530884579800,4.406579833984375,-0.99774169921875,0.0196685791015625,0.039459228515625
1760554530894584800,4.416584716796875,-0.9980926513671875,0.0176849365234375,0.037200927734375
1760554530904588800,4.4265888671875,-0.9982452392578125,0.0207366943359375,0.0371856689453125
1760554530914592800,4.4365927734375,-0.998779296875,0.02069091796875,0.0339202880859375
1760554530924597800,4.44659765625,-0.9987945556640625,0.019744873046875,0.033172607421875
1760554530934601700,4.456601806640625,-0.99951171875,0.020355224609375,0.0323028564453125
1760554530944606700,4.466606689453125,-0.9975738525390625,0.02117919921875,0.0350341796875
1760554530954611000,4.47661083984375,-0.9991912841796875,0.019287109375,0.0351104736328125
1760554530964615000,4.486614990234375,-0.9972686767578125,0.019622802734375,0.036651611328125
1760554530974620000,4.496619873046875,-0.996917724609375,0.0192718505859375,0.03826904296875
1760554530984623900,4.506623779296875,-0.9975738525390625,0.01434326171875,0.0372314453125
1760554530994628900,4.51662890625,-0.9977874755859375,0.0138397216796875,0.0360565185546875
1760554531004632800,4.5266328125,-0.9969940185546875,0.0135955810546875,0.0339813232421875
1760554531014636800,4.53663671875,-0.9971923828125,0.013702392578125,0.0311126708984375
1760554531024641800,4.546641845703125,-0.9970550537109375,0.014862060546875,0.0318145751953125
1760554531034645800,4.556645751953125,-0.9984283447265625,0.0161285400390625,0.0298309326171875
1760554531044649700,4.566649658203125,-0.99822998046875,0.0177459716796875,0.029876708984375
1760554531054654700,4.57665478515625,-0.997894287109375,0.0199127197265625,0.031463623046875
1760554531064659000,4.586658935546875,-0.9987640380859375,0.0188140869140625,0.0322265625
1760554531074664000,4.596663818359375,-0.9985809326171875,0.018707275390625,0.0329742431640625
1760554531084668000,4.60666796875,-0.9997406005859375,0.0172271728515625,0.0335693359375
1760554531094673000,4.6166728515625,-0.99871826171875,0.0173797607421875,0.037109375
1760554531104676600,4.626676513671875,-0.997467041015625,0.0163421630859375,0.0356292724609375
1760554531114680800,4.636680908203125,-0.998382568359375,0.014678955078125,0.032928466796875
1760554531124685800,4.646685791015625,-0.998870849609375,0.0136566162109375,0.0357208251953125
1760554531134689800,4.656689697265625,-0.9989013671875,0.0134124755859375,0.0343780517578125
1760554531144694800,4.66669482421875,-0.9998321533203125,0.0152130126953125,0.032562255859375
1760554531154698800,4.67669873046875,-0.9980926513671875,0.01318359375,0.03326416015625
1760554531164703000,4.686702880859375,-0.9970245361328125,0.0119476318359375,0.030364990234375
1760554531174708000,4.6967080078125,-0.997314453125,0.0108642578125,0.0326080322265625
1760554531184712000,4.7067119140625,-0.9971160888671875,0.0114898681640625,0.0311126708984375
1760554531194715600,4.716715576171875,-0.99908447265625,0.0095672607421875,0.0310211181640625
1760554531204720600,4.726720703125,-0.99835205078125,0.012237548828125,0.0308837890625
1760554531214724900,4.736724853515625,-0.9984283447265625,0.011932373046875,0.0289154052734375
1760554531224729900,4.746729736328125,-0.9987030029296875,0.0112762451171875,0.030609130859375
1760554531234733800,4.75673388671875,-0.997161865234375,0.0121307373046875,0.03082275390625
1760554531244737800,4.76673779296875,-0.9972991943359375,0.0079803466796875,0.0322265625
1760554531254742800,4.77674267578125,-0.9963836669921875,0.0062255859375,0.0310516357421875
1760554531264747000,4.7867470703125,-0.9993438720703125,0.0082855224609375,0.0297698974609375
1760554531274752000,4.796751953125,-0.9976959228515625,0.00640869140625,0.0278472900390625
1760554531284755700,4.806755615234375,-0.997314453125,0.0081329345703125,0.0283966064453125
1760554531294760400,4.816760498046875,-0.9976654052734375,0.0107879638671875,0.0333404541015625
1760554531304765400,4.826765380859375,-0.9994049072265625,0.0106048583984375,0.021270751953125
1760554531314769400,4.836769287109375,-0.9988555908203125,0.0129547119140625,0.0291595458984375
1760554531324774400,4.8467744140625,-1.0003662109375,0.014739990234375,0.0305023193359375
1760554531334778600,4.856778564453125,-0.9994659423828125,0.0144805908203125,0.0293426513671875
1760554531344782600,4.866782470703125,-0.99981689453125,0.0178680419921875,0.0314483642578125
1760554531354787600,4.87678759765625,-0.99908447265625,0.01470947265625,0.0300140380859375
1760554531364791600,4.88679150390625,-0.998260498046875,0.0134124755859375,0.0311737060546875
1760554531374796500,4.896796630859375,-0.9973602294921875,0.0107574462890625,0.029693603515625
1760554531384800800,4.90680078125,-0.997711181640625,0.0119476318359375,0.0276641845703125
1760554531394804500,4.916804443359375,-0.9980316162109375,0.0148162841796875,0.026885986328125
1760554531404809500,4.9268095703125,-0.999725341796875,0.010711669921875,0.026763916015625
1760554531414813400,4.9368134765625,-1.0001220703125,0.010711669921875,0.0267181396484375
1760554531424818400,4.946818359375,-0.9991455078125,0.0130767822265625,0.027862548828125
1760554531434822700,4.95682275390625,-0.9985198974609375,0.0108642578125,0.0295257568359375
1760554531444826600,4.96682666015625,-0.997528076171875,0.0111541748046875,0.028106689453125
1760554531454831600,4.97683154296875,-0.99798583984375,0.0107269287109375,0.0276031494140625
1760554531464835600,4.986835693359375,-0.9983978271484375,0.010894775390625,0.0255279541015625
1760554531474840600,4.996840576171875,-0.9976806640625,0.011016845703125,0.02545166015625
1760554531484844800,5.0068447265625,-0.9983062744140625,0.011932373046875,0.02508544921875
1760554531494848500,5.0168486328125,-0.9983062744140625,0.013092041015625,0.0245361328125
1760554531504853500,5.026853515625,-0.997650146484375,0.0131378173828125,0.02166748046875
1760554531514857500,5.036857421875,-0.9990692138671875,0.0137939453125,0.0220184326171875
1760554531524862500,5.046862548828125,-0.99981689453125,0.01470947265625,0.021514892578125
1760554531534866700,5.05686669921875,-0.9993133544921875,0.0134124755859375,0.0199127197265625
1760554531544870700,5.06687060546875,-0.99853515625,0.0136566162109375,0.0184173583984375
1760554531554875600,5.076875732421875,-0.9991302490234375,0.0121307373046875,0.0215911865234375
1760554531564879600,5.086879638671875,-0.9972686767578125,0.008392333984375,0.02044677734375
1760554531574884600,5.096884521484375,-0.9972686767578125,0.0099334716796875,0.021575927734375
1760554531584888600,5.106888671875,-0.998443603515625,0.013427734375,0.0224609375
1760554531594892500,5.116892578125,-0.998626708984375,0.0115814208984375,0.0234832763671875
1760554531604897500,5.1268974609375,-0.998687744140625,0.0116119384765625,0.0240936279296875
1760554531614901500,5.136901611328125,-0.9978790283203125,0.0148162841796875,0.0234375
1760554531624906500,5.146906494140625,-0.998992919921875,0.0137786865234375,0.026031494140625
1760554531634910500,5.156910400390625,-0.99786376953125,0.0144805908203125,0.0254669189453125
1760554531644914700,5.166914794921875,-0.998199462890625,0.016571044921875,0.0252227783203125
1760554531654919700,5.176919677734375,-1.0001220703125,0.0161590576171875,0.024749755859375
1760554531664923600,5.186923583984375,-1.00115966796875,0.0169677734375,0.0207061767578125
1760554531674928600,5.1969287109375,-0.9996337890625,0.0151824951171875,0.018524169921875
1760554531684932400,5.206932373046875,-1.000335693359375,0.015167236328125,0.01629638671875
1760554531694936600,5.2169365234375,-0.999359130859375,0.01617431640625,0.0157470703125
1760554531704941600,5.226941650390625,-0.9991607666015625,0.0154876708984375,0.016845703125
1760554531714945500,5.236945556640625,-0.9985809326171875,0.0146026611328125,0.01934814453125
1760554531724950500,5.246950439453125,-0.9996490478515625,0.0128936767578125,0.0193634033203125
1760554531734954500,5.25695458984375,-0.99859619140625,0.0103302001953125,0.018341064453125
1760554531744958700,5.266958740234375,-0.99578857421875,0.0086212158203125,0.016632080078125
1760554531754963700,5.276963623046875,-0.9966278076171875,0.00823974609375,0.0154876708984375
1760554531764967700,5.2869677734375,-0.995880126953125,0.0067901611328125,0.0164947509765625
1760554531774972700,5.29697265625,-0.9969940185546875,0.0084381103515625,0.0162506103515625
1760554531784976400,5.306976318359375,-0.99700927734375,0.010040283203125,0.0176239013671875
1760554531794980600,5.316980712890625,-0.9974822998046875,0.010894775390625,0.01861572265625
1760554531804985600,5.326985595703125,-0.9996337890625,0.0120849609375,0.018829345703125
1760554531814989600,5.336989501953125,-1.0004730224609375,0.0128326416015625,0.0186004638671875
1760554531824994600,5.34699462890625,-0.9981231689453125,0.01068115234375,0.018707275390625
1760554531834998500,5.35699853515625,-0.997802734375,0.010986328125,0.0161590576171875
1760554531845002800,5.367002685546875,-0.9979705810546875,0.007110595703125,0.015777587890625
1760554531855007700,5.3770078125,-0.9973602294921875,0.0069580078125,0.0146636962890625
1760554531865011500,5.387011474609375,-0.9972991943359375,0.0088653564453125,0.0162353515625
1760554531875015400,5.397015380859375,-0.9966888427734375,0.0077667236328125,0.0179901123046875
1760554531885020400,5.4070205078125,-0.99658203125,0.0069427490234375,0.0184173583984375
1760554531895024600,5.417024658203125,-0.997161865234375,0.0109710693359375,0.02044677734375
1760554531905029600,5.427029541015625,-0.9984130859375,0.0098876953125,0.019866943359375
1760554531915033600,5.43703369140625,-0.9984588623046875,0.0117950439453125,0.0206451416015625
1760554531925037600,5.44703759765625,-0.998992919921875,0.0146026611328125,0.0192718505859375
1760554531935042600,5.45704248046875,-0.9986572265625,0.013031005859375,0.019378662109375
1760554531945046800,5.467046875,-0.99810791015625,0.0108795166015625,0.0190887451171875
1760554531955051800,5.4770517578125,-0.999298095703125,0.0137481689453125,0.01800537109375
1760554531965055500,5.487055419921875,-0.9992828369140625,0.0145416259765625,0.0216522216796875
1760554531975059500,5.4970595703125,-0.99884033203125,0.01202392578125,0.019134521484375
1760554531985064400,5.507064453125,-0.996673583984375,0.0099639892578125,0.01397705078125
1760554531995068700,5.517068603515625,-0.997406005859375,0.00689697265625,0.0109100341796875
1760554532005073700,5.52707373046875,-0.9981231689453125,0.0069580078125,0.0103607177734375
1760554532015077600,5.53707763671875,-0.996734619140625,0.0047454833984375,0.0094146728515625
1760554532025081600,5.54708154296875,-0.9976806640625,0.0043487548828125,0.007781982421875
1760554532035086600,5.557086669921875,-0.998046875,0.004638671875,0.00933837890625
1760554532045090600,5.567090576171875,-0.9968719482421875,0.0054779052734375,0.0059356689453125
1760554532055095600,5.577095458984375,-0.997528076171875,0.0102081298828125,0.004302978515625
1760554532065099500,5.587099609375,-0.9998626708984375,0.011474609375,0.0050048828125
1760554532075103500,5.597103515625,-0.998992919921875,0.0137481689453125,0.0057373046875
1760554532085108500,5.6071083984375,-0.9982452392578125,0.0161895751953125,0.0047454833984375
1760554532095112400,5.617112548828125,-1.000823974609375,0.01708984375,0.0062103271484375
1760554532105117400,5.627117431640625,-1.0003204345703125,0.0164794921875,0.0067596435546875
1760554532115121700,5.63712158203125,-1.000518798828125,0.016815185546875,0.0099029541015625
1760554532125125600,5.647125732421875,-1.0007171630859375,0.0147857666015625,0.00885009765625
1760554532135130600,5.657130615234375,-0.9996337890625,0.0137481689453125,0.006317138671875
1760554532145134300,5.66713427734375,-0.997955322265625,0.0149078369140625,0.0068817138671875
1760554532155139600,5.6771396484375,-0.9983673095703125,0.0126800537109375,0.0064849853515625
1760554532165143600,5.6871435546875,-0.99810791015625,0.0107879638671875,0.005706787109375
1760554532175147500,5.6971474609375,-0.998504638671875,0.0111846923828125,0.00732421875
1760554532185152500,5.707152587890625,-0.9978790283203125,0.0134735107421875,0.0100555419921875
1760554532195156500,5.717156494140625,-0.9986114501953125,0.0133819580078125,0.0118560791015625
1760554532205161500,5.727161376953125,-0.9997711181640625,0.0146331787109375,0.00592041015625
1760554532215165700,5.737165771484375,-0.9989013671875,0.0140228271484375,0.0040740966796875
1760554532225169700,5.747169677734375,-1.0016632080078125,0.0141754150390625,0.0020294189453125
1760554532235174700,5.757174560546875,-0.9990997314453125,0.0130615234375,-0.0001373291015625
1760554532245178400,5.767178466796875,-0.9991455078125,0.014862060546875,-0.0019073486328125
1760554532255183400,5.777183349609375,-1.0001068115234375,0.01629638671875,-0.00665283203125
1760554532265187600,5.7871875,-0.99981689453125,0.0137939453125,-0.005035400390625
1760554532275191600,5.797191650390625,-0.99798583984375,0.012786865234375,-0.0037689208984375
1760554532285196500,5.807196533203125,-0.999908447265625,0.0131072998046875,0.0010833740234375
1760554532295199700,5.81719970703125,-0.999542236328125,0.015350341796875,0.00439453125
1760554532305203700,5.82720361328125,-0.996429443359375,0.0124664306640625,0.0049896240234375
1760554532315208700,5.837208740234375,-0.998565673828125,0.011749267578125,0.0027923583984375
1760554532325212700,5.847212646484375,-0.9968414306640625,0.0109710693359375,0.0096588134765625
1760554532335217700,5.8572177734375,-0.9969482421875,0.0116424560546875,0.0112457275390625
1760554532345221600,5.8672216796875,-0.998565673828125,0.0110626220703125,0.0113525390625
1760554532355225900,5.877225830078125,-0.9985198974609375,0.0123748779296875,0.008941650390625
1760554532365230800,5.88723095703125,-0.9976959228515625,0.0107421875,0.007781982421875
1760554532375234600,5.897234619140625,-0.9980926513671875,0.009033203125,0.005035400390625
1760554532385239600,5.907239501953125,-0.9979705810546875,0.006988525390625,0.001220703125
1760554532395243500,5.917243408203125,-0.9964599609375,0.0078125,-0.0009307861328125
1760554532405247700,5.927247802734375,-0.9965972900390625,0.008544921875,-0.0005340576171875
1760554532415252700,5.937252685546875,-0.998382568359375,0.01092529296875,0.0003204345703125
1760554532425256700,5.947256591796875,-0.997161865234375,0.0108642578125,-0.00079345703125
1760554532435261700,5.95726171875,-0.9976348876953125,0.009368896484375,-0.0030059814453125
1760554532445265700,5.967265625,-0.9966888427734375,0.0122833251953125,0.00347900390625
1760554532455269600,5.97726953125,-0.9982757568359375,0.0147705078125,0.0004425048828125
1760554532465275000,5.98727490234375,-0.9990386962890625,0.017059326171875,-0.002532958984375
1760554532475278600,5.997278564453125,-0.9984130859375,0.0174713134765625,-0.001708984375
1760554532485283600,6.00728369140625,-0.998291015625,0.01910400390625,0.0030364990234375
1760554532495287600,6.01728759765625,-1.0010528564453125,0.02203369140625,0.0046844482421875
1760554532505291800,6.027291748046875,-1.0001068115234375,0.022247314453125,0.00494384765625
1760554532515296800,6.037296875,-1.00091552734375,0.0244140625,0.0079345703125
1760554532525300700,6.04730078125,-0.9997711181640625,0.0239410400390625,0.0065155029296875
1760554532535305700,6.0573056640625,-0.9994354248046875,0.021759033203125,0.0072021484375
1760554532545309700,6.067309814453125,-0.9986724853515625,0.0211944580078125,0.0038299560546875
1760554532555313700,6.077313720703125,-0.997772216796875,0.0202178955078125,0.00360107421875
1760554532565318700,6.087318603515625,-0.99871826171875,0.0130462646484375,0.003143310546875
1760554532575322600,6.097322509765625,-0.9982452392578125,0.013946533203125,0.001434326171875
1760554532585327600,6.10732763671875,-0.99920654296875,0.0150604248046875,0.0024261474609375
1760554532595331600,6.11733154296875,-0.9983673095703125,0.0153350830078125,0.000030517578125
1760554532605335800,6.127335693359375,-0.9982147216796875,0.0175018310546875,-0.001312255859375
1760554532615340800,6.1373408203125,-0.9986572265625,0.0196990966796875,-0.0011138916015625
1760554532625344800,6.1473447265625,-0.998779296875,0.019866943359375,-0.00140380859375
1760554532635349800,6.157349853515625,-0.996826171875,0.02105712890625,-0.005096435546875
1760554532645353700,6.167353759765625,-0.9988250732421875,0.01971435546875,-0.0019073486328125
1760554532655357700,6.177357666015625,-0.998992919921875,0.020965576171875,0.0021514892578125
1760554532665362700,6.18736279296875,-0.999725341796875,0.019012451171875,0.0013275146484375
1760554532675366700,6.19736669921875,-0.999053955078125,0.0202484130859375,0.001953125
1760554532685371600,6.20737158203125,-1.000457763671875,0.0207061767578125,0.0038299560546875
1760554532695375600,6.217375732421875,-0.998992919921875,0.0190887451171875,0.0028228759765625
1760554532705379800,6.2273798828125,-0.9998779296875,0.0163421630859375,0.0070953369140625
1760554532715384800,6.237384765625,-0.998504638671875,0.0173797607421875,0.0072479248046875
1760554532725388800,6.247388916015625,-1.0001220703125,0.0179901123046875,0.0065155029296875
1760554532735393800,6.257393798828125,-0.999114990234375,0.01556396484375,0.0090789794921875
1760554532745397800,6.267397705078125,-0.9971466064453125,0.0179595947265625,0.0115966796875
1760554532755401700,6.277401611328125,-0.99810791015625,0.0185699462890625,0.0132904052734375
1760554532765406700,6.28740673828125,-0.998931884765625,0.018829345703125,0.0151824951171875
1760554532775410700,6.29741064453125,-0.9978790283203125,0.0157928466796875,0.0147705078125
1760554532785414700,6.30741455078125,-0.9965057373046875,0.013519287109375,0.0139312744140625
1760554532795419600,6.317419677734375,-0.9986724853515625,0.01605224609375,0.013763427734375
1760554532805423600,6.327423583984375,-0.9981536865234375,0.0132904052734375,0.01495361328125
1760554532815428600,6.3374287109375,-0.9990081787109375,0.0135040283203125,0.0148468017578125
1760554532825432800,6.347432861328125,-0.99908447265625,0.0147857666015625,0.015594482421875
1760554532835436500,6.3574365234375,-0.99847412109375,0.015655517578125,0.0165557861328125
1760554532845441500,6.367441650390625,-0.9983062744140625,0.0162506103515625,0.015472412109375
1760554532855445500,6.377445556640625,-0.9991607666015625,0.0165863037109375,0.010101318359375
1760554532865450500,6.387450439453125,-0.9979095458984375,0.0121002197265625,0.011962890625
1760554532875454700,6.397454833984375,-0.9987640380859375,0.009735107421875,0.01336669921875
1760554532885458700,6.407458740234375,-0.9963226318359375,0.00677490234375,0.012908935546875
1760554532895463700,6.417463623046875,-0.996368408203125,0.0069580078125,0.0117645263671875
1760554532905467600,6.427467529296875,-0.9964447021484375,0.00579833984375,0.0131683349609375
1760554532915472600,6.43747265625,-0.997802734375,0.0074005126953125,0.0141754150390625
1760554532925476900,6.447476806640625,-0.9972686767578125,0.008270263671875,0.0113372802734375
1760554532935480600,6.45748046875,-0.9987335205078125,0.00823974609375,0.0081329345703125
1760554532945485600,6.467485595703125,-0.9979095458984375,0.0088043212890625,0.0087127685546875
1760554532955489500,6.477489501953125,-0.9992523193359375,0.0075531005859375,0.010467529296875
1760554532965494500,6.48749462890625,-0.9968109130859375,0.00421142578125,0.0183868408203125
1760554532975498800,6.497498779296875,-0.9965667724609375,0.001983642578125,0.01849365234375
1760554532985502700,6.507502685546875,-0.99566650390625,0.001983642578125,0.0200653076171875
1760554532995507700,6.5175078125,-0.9971466064453125,0.0059661865234375,0.0196533203125
1760554533005511700,6.52751171875,-0.9979705810546875,0.008880615234375,0.0171966552734375
1760554533015516700,6.5375166015625,-0.999786376953125,0.011260986328125,0.0175018310546875
1760554533025521000,6.54752099609375,-1.0001373291015625,0.014373779296875,0.0164794921875
1760554533035524600,6.557524658203125,-0.99853515625,0.0173492431640625,0.012603759765625
1760554533045529600,6.567529541015625,-1.000885009765625,0.01702880859375,0.012298583984375
1760554533055533600,6.577533447265625,-1.00164794921875,0.014892578125,0.0146636962890625
1760554533065538600,6.58753857421875,-1.000396728515625,0.016510009765625,0.014007568359375
1760554533075542800,6.597542724609375,-0.9990234375,0.0140533447265625,0.0126495361328125
1760554533085546800,6.607546630859375,-0.9983673095703125,0.013916015625,0.0126953125
1760554533095551700,6.6175517578125,-0.99725341796875,0.0136260986328125,0.0142822265625
1760554533105555700,6.6275556640625,-0.9986572265625,0.01007080078125,0.01397705078125
1760554533115560700,6.637560791015625,-0.9978485107421875,0.009735107421875,0.0157928466796875
1760554533125564700,6.647564697265625,-0.9985504150390625,0.0093841552734375,0.02117919921875
1760554533135568600,6.657568603515625,-0.9973297119140625,0.0083465576171875,0.0230712890625
1760554533145573600,6.66757373046875,-0.9965362548828125,0.006103515625,0.0243988037109375
1760554533155577600,6.67757763671875,-0.9972991943359375,0.0076904296875,0.024444580078125
1760554533165582600,6.68758251953125,-0.9991607666015625,0.009002685546875,0.0258636474609375
1760554533175586800,6.6975869140625,-0.9991302490234375,0.012847900390625,0.0259857177734375
1760554533185590800,6.7075908203125,-0.99884033203125,0.014373779296875,0.026031494140625
1760554533195595800,6.717595703125,-0.9995574951171875,0.01324462890625,0.0251007080078125
1760554533205599700,6.727599853515625,-1.0004119873046875,0.0154571533203125,0.025299072265625
1760554533215604700,6.737604736328125,-1.0003509521484375,0.01605224609375,0.0243072509765625
1760554533225608700,6.747608642578125,-1.00042724609375,0.015869140625,0.024749755859375
1760554533235612700,6.75761279296875,-0.999603271484375,0.015625,0.023193359375
1760554533245617700,6.76761767578125,-0.999786376953125,0.01690673828125,0.0223846435546875
1760554533255621600,6.77762158203125,-0.9995269775390625,0.014556884765625,0.02117919921875
1760554533265625600,6.78762548828125,-0.998077392578125,0.011199951171875,0.0193023681640625
1760554533275630600,6.797630615234375,-0.9960174560546875,0.0084686279296875,0.0178375244140625
1760554533285634800,6.807634765625,-0.9953460693359375,0.00543212890625,0.0160675048828125
1760554533295640000,6.81764013671875,-0.9957122802734375,0.0045318603515625,0.0163726806640625
1760554533305644000,6.82764404296875,-0.998626708984375,0.0067138671875,0.021575927734375
1760554533315648000,6.83764794921875,-0.997955322265625,0.006561279296875,0.02154541015625
1760554533325653000,6.847653076171875,-0.998687744140625,0.0073699951171875,0.0224609375
1760554533335657200,6.8576572265625,-0.997222900390625,0.008209228515625,0.025787353515625
1760554533345662200,6.867662109375,-0.9988555908203125,0.0074462890625,0.026824951171875
1760554533355666000,6.877666015625,-0.998138427734375,0.005706787109375,0.0288543701171875
1760554533365670000,6.887669921875,-0.996490478515625,0.009063720703125,0.03057861328125
1760554533375675000,6.8976748046875,-0.9975128173828125,0.0115509033203125,0.03131103515625
1760554533385679000,6.90767919921875,-0.9977264404296875,0.01068115234375,0.028839111328125
1760554533395684000,6.91768408203125,-0.9988861083984375,0.011962890625,0.0267791748046875
1760554533405688000,6.92768798828125,-0.9990081787109375,0.0099334716796875,0.023681640625
1760554533415692000,6.937692138671875,-0.9978485107421875,0.0089263916015625,0.0186920166015625
1760554533425697000,6.947697021484375,-0.9981536865234375,0.009124755859375,0.0182647705078125
1760554533435701200,6.957701171875,-0.9994354248046875,0.0088653564453125,0.01934814453125
1760554533445706200,6.967706298828125,-0.99835205078125,0.0100250244140625,0.0205535888671875
1760554533455710000,6.9777099609375,-0.997100830078125,0.010223388671875,0.02569580078125
1760554533465714000,6.9877138671875,-0.99822998046875,0.00958251953125,0.0279541015625
1760554533475719000,6.997718994140625,-0.9992828369140625,0.0121917724609375,0.0274810791015625
1760554533485723100,7.00772314453125,-0.9985809326171875,0.01165771484375,0.0285797119140625
1760554533495728000,7.01772802734375,-0.9981842041015625,0.009857177734375,0.0263519287109375
1760554533505732000,7.027732177734375,-0.999267578125,0.01019287109375,0.0247802734375
1760554533515736000,7.037736083984375,-0.9983062744140625,0.0119781494140625,0.0274810791015625
1760554533525741000,7.047740966796875,-0.998565673828125,0.0111846923828125,0.027740478515625
1760554533535745000,7.0577451171875,-1.000213623046875,0.0104827880859375,0.0278778076171875
1760554533545750000,7.06775,-0.9987335205078125,0.0084991455078125,0.0289459228515625
1760554533555754000,7.07775390625,-0.99755859375,0.00775146484375,0.0310821533203125
1760554533565758000,7.087758056640625,-0.99664306640625,0.0077972412109375,0.031280517578125
1760554533575763000,7.097762939453125,-0.9978790283203125,0.00335693359375,0.0287017822265625
1760554533585767000,7.107766845703125,-0.9981231689453125,0.0021209716796875,0.0240478515625
1760554533595772000,7.11777197265625,-0.9979095458984375,0.0047760009765625,0.0241546630859375
1760554533605776100,7.127776123046875,-0.9979248046875,0.006011962890625,0.016082763671875
1760554533615780000,7.137780029296875,-0.9983367919921875,0.002655029296875,0.014404296875
1760554533625785000,7.14778515625,-0.99859619140625,0.005584716796875,0.01715087890625
1760554533635788800,7.157788818359375,-0.998748779296875,0.005340576171875,0.01983642578125
1760554533645793800,7.167793701171875,-0.998992919921875,0.0042724609375,0.022369384765625
1760554533655798000,7.177798095703125,-0.9975128173828125,0.00360107421875,0.0216522216796875
1760554533665802000,7.187802001953125,-0.997467041015625,0.00689697265625,0.0209197998046875
1760554533675807000,7.197806884765625,-0.9984588623046875,0.0075836181640625,0.0190277099609375
1760554533685811000,7.20781103515625,-0.9989013671875,0.0076446533203125,0.021270751953125
1760554533695815200,7.217815185546875,-0.9989166259765625,0.00927734375,0.02294921875
1760554533705820200,7.227820068359375,-0.9994659423828125,0.0093841552734375,0.02484130859375
1760554533715824000,7.23782421875,-0.996856689453125,0.0060272216796875,0.024169921875
1760554533725829000,7.2478291015625,-0.997650146484375,0.00543212890625,0.024169921875
1760554533735832800,7.257832763671875,-0.99603271484375,0.0017242431640625,0.02239990234375
1760554533745837000,7.267837158203125,-0.9972991943359375,0.0025634765625,0.0240478515625
1760554533755842000,7.277842041015625,-0.99755859375,0.0065765380859375,0.020660400390625
1760554533765846000,7.287845947265625,-0.9993896484375,0.007415771484375,0.0203704833984375
1760554533775851000,7.29785107421875,-0.997802734375,0.0074615478515625,0.02276611328125
1760554533785855000,7.30785498046875,-0.999542236328125,0.01251220703125,0.0208587646484375
1760554533795859200,7.317859130859375,-1.00042724609375,0.012237548828125,0.018341064453125
1760554533805864200,7.3278642578125,-0.9984588623046875,0.01031494140625,0.019866943359375
1760554533815868200,7.3378681640625,-1.0010223388671875,0.0117034912109375,0.0224761962890625
1760554533825873200,7.347873046875,-1.0018310546875,0.01336669921875,0.023345947265625
1760554533835876900,7.357876953125,-1.00048828125,0.014617919921875,0.02294921875
1760554533845881000,7.367881103515625,-0.998382568359375,0.0138092041015625,0.027252197265625
1760554533855886000,7.377885986328125,-0.99847412109375,0.009521484375,0.0249786376953125
1760554533865890000,7.38789013671875,-0.996856689453125,0.003936767578125,0.0167388916015625
1760554533875895000,7.39789501953125,-0.9949493408203125,-0.002655029296875,0.0206756591796875
1760554533885899000,7.40789892578125,-0.9941253662109375,-0.0082855224609375,0.0222930908203125
1760554533895903200,7.4179033203125,-0.9920654296875,-0.010711669921875,0.0203094482421875
1760554533905908200,7.427908203125,-0.9943389892578125,-0.005584716796875,0.0190887451171875
1760554533915912000,7.437911865234375,-0.996490478515625,0.000457763671875,0.015411376953125
1760554533925917000,7.4479169921875,-0.9964752197265625,0.0046844482421875,0.0142059326171875
1760554533935921000,7.4579208984375,-0.997772216796875,0.0079803466796875,0.013092041015625
1760554533945925000,7.467925048828125,-1.000732421875,0.0136260986328125,0.0198974609375
1760554533955930000,7.47793017578125,-0.9990997314453125,0.0163421630859375,0.0205841064453125
1760554533965934000,7.48793408203125,-1.00299072265625,0.0200653076171875,0.0146331787109375
1760554533975939000,7.49793896484375,-1.0038909912109375,0.023345947265625,0.0160064697265625
1760554533985943000,7.507943115234375,-1.001312255859375,0.024810791015625,0.0141448974609375
1760554533995947000,7.517947021484375,-1.002777099609375,0.024932861328125,0.0135040283203125
1760554534005952000,7.527951904296875,-1.0027618408203125,0.02264404296875,0.0149993896484375
1760554534015956000,7.5379560546875,-1.0005950927734375,0.018341064453125,0.0222320556640625
1760554534025961000,7.5479609375,-0.99896240234375,0.0125885009765625,0.0237579345703125
1760554534035965000,7.55796484375,-0.998565673828125,0.009033203125,0.0233917236328125
1760554534045969000,7.567968994140625,-0.9983062744140625,0.005615234375,0.0238189697265625
1760554534055974000,7.577973876953125,-0.99725341796875,0.005950927734375,0.0171661376953125
1760554534065978000,7.58797802734375,-0.9970550537109375,0.005828857421875,0.0157318115234375
1760554534075983000,7.597983154296875,-0.997833251953125,0.0039520263671875,0.0161285400390625
1760554534085987000,7.607987060546875,-0.9978485107421875,0.00274658203125,0.013702392578125
1760554534095991000,7.617990966796875,-0.997589111328125,0.0030059814453125,0.0126190185546875
1760554534105996000,7.62799609375,-0.9979400634765625,0.004638671875,0.008758544921875
1760554534116000000,7.638,-0.99737548828125,0.0027313232421875,0.0104827880859375
1760554534126004000,7.64800390625,-0.9956512451171875,0.0016937255859375,0.0166778564453125
1760554534136009000,7.658009033203125,-0.99713134765625,0.000030517578125,0.01385498046875
1760554534146013000,7.668012939453125,-0.998138427734375,0.0014495849609375,0.0092010498046875
1760554534156018000,7.678017822265625,-0.998382568359375,0.0022735595703125,0.010467529296875
1760554534166022100,7.688022216796875,-0.996063232421875,0.002166748046875,0.011993408203125
1760554534176026000,7.698026123046875,-0.9964599609375,0.002105712890625,0.0112152099609375
1760554534186031000,7.708031005859375,-0.9970855712890625,0.004180908203125,0.0110931396484375
1760554534196034800,7.718034912109375,-0.9985198974609375,0.0041961669921875,0.010101318359375
1760554534206040000,7.7280400390625,-0.99908447265625,0.0040283203125,0.01361083984375
1760554534216044000,7.7380439453125,-0.9988555908203125,0.0084075927734375,0.018890380859375
1760554534226048000,7.748048095703125,-0.9975433349609375,0.00860595703125,0.0167083740234375
1760554534236053000,7.758052978515625,-0.9980010986328125,0.007965087890625,0.014984130859375
1760554534246057000,7.768056884765625,-0.9979095458984375,0.008819580078125,0.01141357421875
1760554534256062000,7.77806201171875,-0.9980621337890625,0.01153564453125,0.005615234375
1760554534266066200,7.788066162109375,-0.99755859375,0.0112152099609375,0.0032501220703125
1760554534276070100,7.798070068359375,-0.9979095458984375,0.0129241943359375,0.002532958984375
1760554534286075100,7.8080751953125,-0.9991455078125,0.01568603515625,0.00384521484375
1760554534296078600,7.81807861328125,-0.999481201171875,0.0141448974609375,0.0047607421875
1760554534306083600,7.82808349609375,-1.000030517578125,0.0139923095703125,0.0076904296875
1760554534316087800,7.838087890625,-0.9991302490234375,0.01568603515625,0.00775146484375
1760554534326091800,7.848091796875,-1,0.0140838623046875,0.004058837890625
1760554534336096800,7.8580966796875,-0.9971160888671875,0.0137176513671875,0.00494384765625
1760554534346100500,7.8681005859375,-0.999542236328125,0.015777587890625,0.0059051513671875
1760554534356105500,7.87810546875,-1.0019378662109375,0.015289306640625,0.007293701171875
1760554534366109700,7.888109619140625,-1.0005950927734375,0.0185546875,0.0056610107421875
1760554534376113700,7.89811376953125,-1.001678466796875,0.0189666748046875,0.005828857421875
1760554534386118700,7.90811865234375,-0.999237060546875,0.0151519775390625,0.0062255859375
1760554534396122600,7.91812255859375,-0.997711181640625,0.012359619140625,0.0077667236328125
1760554534406127600,7.928127685546875,-0.9978485107421875,0.0137481689453125,0.009521484375
1760554534416131800,7.9381318359375,-0.9977264404296875,0.0126800537109375,0.0125732421875
1760554534426135600,7.948135498046875,-0.9998626708984375,0.0157928466796875,0.0125579833984375
1760554534436140500,7.958140625,-0.9999542236328125,0.0149993896484375,0.012908935546875
1760554534446144500,7.96814453125,-0.9992218017578125,0.013397216796875,0.0115509033203125
1760554534456149500,7.9781494140625,-0.9988861083984375,0.0131072998046875,0.0083770751953125
1760554534466153700,7.98815380859375,-0.9981689453125,0.0129241943359375,0.0073089599609375
1760554534476156700,7.99815673828125,-0.997467041015625,0.010772705078125,0.0068817138671875
1760554534486161700,8.00816162109375,-0.9982452392578125,0.011322021484375,0.006195068359375
1760554534496165600,8.01816552734375,-0.99859619140625,0.0106964111328125,0.009246826171875
1760554534506169600,8.028169677734375,-0.996856689453125,0.009307861328125,0.0079193115234375
1760554534516174600,8.038174560546874,-0.998443603515625,0.0124359130859375,0.0092926025390625
1760554534526178600,8.048178466796875,-0.9983062744140625,0.0130767822265625,0.010589599609375
1760554534536183600,8.05818359375,-0.9987030029296875,0.013885498046875,0.00677490234375
1760554534546187500,8.0681875,-0.9994354248046875,0.0134735107421875,0.0041961669921875
1760554534556191700,8.078191650390625,-1.000762939453125,0.015350341796875,0.004486083984375
1760554534566196700,8.08819677734375,-0.9989166259765625,0.01318359375,0.0031585693359375
1760554534576200700,8.09820068359375,-0.997650146484375,0.013824462890625,0.004791259765625
1760554534586205700,8.108205810546876,-0.995819091796875,0.01129150390625,0.0057373046875
1760554534596209700,8.118209716796875,-0.9996490478515625,0.011962890625,0.0055999755859375
1760554534606213600,8.128213623046875,-0.998199462890625,0.011260986328125,0.006988525390625
1760554534616218600,8.138218505859374,-0.996856689453125,0.0102996826171875,0.0070037841796875
1760554534626222600,8.14822265625,-0.9987945556640625,0.010467529296875,0.0070037841796875
1760554534636227600,8.1582275390625,-0.9978179931640625,0.00860595703125,0.009857177734375
1760554534646231600,8.1682314453125,-0.99713134765625,0.0090179443359375,0.014129638671875
1760554534656235800,8.17823583984375,-0.9974212646484375,0.0082855224609375,0.0122833251953125
1760554534666240800,8.18824072265625,-0.9979400634765625,0.0085906982421875,0.011566162109375
1760554534676244700,8.19824462890625,-0.9955596923828125,0.00958251953125,0.012969970703125
1760554534686248400,8.20824853515625,-0.996612548828125,0.0132904052734375,0.012359619140625
1760554534696253400,8.21825341796875,-0.9996490478515625,0.0163726806640625,0.0073699951171875
1760554534706257700,8.228257568359375,-0.9996490478515625,0.015472412109375,0.005828857421875
1760554534716262700,8.2382626953125,-0.999603271484375,0.0155487060546875,0.0028533935546875
1760554534726266600,8.2482666015625,-0.9987335205078125,0.0160980224609375,-0.0005645751953125
1760554534736271600,8.258271728515625,-0.999542236328125,0.0159759521484375,-0.003173828125
1760554534746275600,8.268275634765626,-0.9998931884765625,0.016693115234375,0.0034942626953125
1760554534756279800,8.27827978515625,-0.9983978271484375,0.0157318115234375,0.005279541015625
1760554534766284800,8.288284912109376,-0.9983978271484375,0.0136871337890625,0.002960205078125
1760554534776288800,8.298288818359374,-0.9984283447265625,0.0166778564453125,0.0039520263671875
1760554534786293800,8.308293701171875,-0.998199462890625,0.016815185546875,0.004974365234375
1760554534796297500,8.31829736328125,-0.9983978271484375,0.017120361328125,0.0019683837890625
1760554534806301700,8.3283017578125,-1.0005645751953125,0.014678955078125,0.004058837890625
1760554534816306700,8.338306640625,-0.9983367919921875,0.0138092041015625,0.0063629150390625
1760554534826312400,8.3483125,-0.998046875,0.0141448974609375,0.006103515625
1760554534836316700,8.358316650390625,-1.000274658203125,0.01531982421875,0.0054168701171875
1760554534846321700,8.36832177734375,-0.99957275390625,0.0145416259765625,0.0054931640625
1760554534856325600,8.37832568359375,-0.9993743896484375,0.0167236328125,0.0029754638671875
1760554534866329600,8.38832958984375,-1.0008697509765625,0.0191497802734375,0.0029449462890625
1760554534876334600,8.39833447265625,-0.9996337890625,0.016510009765625,0.0002593994140625
1760554534886338800,8.4083388671875,-0.9988555908203125,0.0160980224609375,0.0019683837890625
1760554534896343800,8.41834375,-1.0002899169921875,0.01885986328125,0.0016021728515625
1760554534906347800,8.42834765625,-0.998138427734375,0.0173187255859375,0.0030059814453125
1760554534916351500,8.4383515625,-1.00054931640625,0.0154876708984375,0.003173828125
1760554534926356500,8.4483564453125,-0.9995880126953125,0.0178375244140625,-0.0001373291015625
1760554534936360700,8.458360595703125,-1.0017242431640625,0.0222625732421875,-0.003509521484375
1760554534946364700,8.46836474609375,-1.0014495849609375,0.0256805419921875,-0.00726318359375
1760554534956369700,8.47836962890625,-1.000244140625,0.0213623046875,-0.007781982421875
1760554534966373600,8.48837353515625,-0.997772216796875,0.0108642578125,0.0036773681640625
1760554534976378600,8.498378662109374,-0.99066162109375,-0.0101470947265625,0.0074615478515625
1760554534986382800,8.5083828125,-0.986846923828125,-0.0259552001953125,0.012786865234375
1760554534996386800,8.51838671875,-0.987640380859375,-0.025360107421875,0.0143890380859375
1760554535006391800,8.528391845703124,-0.991363525390625,-0.0155487060546875,0.0113372802734375
1760554535016395500,8.5383955078125,-0.9936370849609375,-0.00360107421875,0.0048370361328125
1760554535026400500,8.548400390625,-0.9958343505859375,0.00836181640625,-0.0008087158203125
1760554535036404700,8.55840478515625,-0.9999542236328125,0.02117919921875,-0.0057373046875
1760554535046408700,8.56840869140625,-1.00164794921875,0.026763916015625,-0.002593994140625
1760554535056413700,8.57841357421875,-0.999908447265625,0.026458740234375,-0.0017547607421875
1760554535066417700,8.588417724609375,-1.000335693359375,0.02801513671875,-0.0005645751953125
1760554535076422700,8.598422607421876,-1.005645751953125,0.036895751953125,-0.0005950927734375
1760554535086426600,8.608426513671875,-1.0041961669921875,0.0408172607421875,0.0022125244140625
1760554535096430600,8.6184306640625,-1.005035400390625,0.045135498046875,-0.0003814697265625
1760554535106435600,8.628435546875,-1.0059967041015625,0.043487548828125,-0.006927490234375
1760554535116439600,8.638439453125,-1.0040740966796875,0.043670654296875,-0.0102996826171875
1760554535126444500,8.648444580078126,-1.0050506591796875,0.043365478515625,-0.0087127685546875
1760554535136448500,8.658448486328124,-1.0037689208984375,0.0364990234375,-0.00994873046875
1760554535146452700,8.66845263671875,-1.001007080078125,0.0240325927734375,-0.00762939453125
1760554535156457700,8.678457763671876,-0.99676513671875,0.0115509033203125,0.002532958984375
1760554535166461700,8.688461669921875,-0.99493408203125,0.0020599365234375,0.0063934326171875
1760554535176466700,8.698466796875,-0.993316650390625,-0.0050048828125,0.0040283203125
1760554535186470700,8.708470703125,-0.9915008544921875,-0.009368896484375,0.0001678466796875
1760554535196474600,8.718474609375,-0.9932403564453125,-0.0041351318359375,-0.00439453125
1760554535206479600,8.728479736328126,-0.993316650390625,0.000152587890625,-0.0076904296875
1760554535216483600,8.738483642578124,-0.9945526123046875,0.003997802734375,-0.01068115234375
1760554535226488600,8.748488525390625,-0.995574951171875,0.0095367431640625,-0.01025390625
1760554535236492500,8.758492431640626,-0.9959259033203125,0.01116943359375,-0.006378173828125
1760554535246496800,8.768496826171875,-0.9967193603515625,0.0115203857421875,-0.006927490234375
1760554535256501800,8.778501708984376,-0.9974212646484375,0.0155792236328125,-0.001068115234375
1760554535266505700,8.788505615234374,-0.9991912841796875,0.0188446044921875,0.0001373291015625
1760554535276510700,8.7985107421875,-1.0010223388671875,0.0244903564453125,0.0021514892578125
1760554535286514700,8.8085146484375,-1.00146484375,0.027557373046875,-0.0020294189453125
1760554535296519000,8.818518798828125,-1.0010223388671875,0.0292816162109375,-0.003875732421875
1760554535306524000,8.82852392578125,-1.0013427734375,0.029571533203125,-0.0058746337890625
1760554535316527900,8.83852783203125,-1.0022125244140625,0.0286712646484375,-0.0072784423828125
1760554535326532900,8.848532958984375,-1.0010223388671875,0.026336669921875,-0.0052032470703125
1760554535336536800,8.858536865234376,-0.998382568359375,0.0212860107421875,-0.007232666015625
1760554535346540800,8.868540771484374,-1.0008392333984375,0.018768310546875,-0.0070037841796875
1760554535356545800,8.8785458984375,-0.99951171875,0.01934814453125,-0.0056304931640625
1760554535366549800,8.8885498046875,-0.99945068359375,0.0185089111328125,-0.003448486328125
1760554535376554800,8.8985546875,-1.000091552734375,0.019500732421875,-0.0042572021484375
1760554535386558700,8.908558837890626,-1.00048828125,0.021148681640625,-0.0052947998046875
1760554535396562700,8.918562744140624,-1.0005950927734375,0.0236968994140625,-0.0044403076171875
1760554535406568000,8.92856787109375,-1.0013885498046875,0.023651123046875,-0.0048065185546875
1760554535416572000,8.938572021484376,-0.99969482421875,0.021240234375,-0.0028076171875
1760554535426577000,8.948576904296875,-1.000396728515625,0.01751708984375,-0.000579833984375
1760554535436580600,8.95858056640625,-0.997222900390625,0.0102386474609375,0.0012054443359375
1760554535446584600,8.96858447265625,-0.9976654052734375,0.0092926025390625,-0.000457763671875
1760554535456589800,8.97858984375,-0.9960784912109375,0.0066375732421875,0.0029754638671875
1760554535466593800,8.98859375,-0.9952392578125,0.0040740966796875,-0.0029296875
1760554535476598800,8.998598876953125,-0.9964141845703125,0.00469970703125,-0.007080078125
1760554535486602800,9.008602783203125,-0.9956817626953125,0.006439208984375,-0.008514404296875
1760554535496606700,9.018606689453126,-0.99676513671875,0.008636474609375,-0.0068817138671875
1760554535506611700,9.02861181640625,-0.99725341796875,0.01025390625,-0.0089569091796875
1760554535516616000,9.038615966796876,-0.9971466064453125,0.0143890380859375,-0.0102691650390625
1760554535526621000,9.048620849609375,-0.9987030029296875,0.0180511474609375,-0.009979248046875
1760554535536624600,9.058624755859375,-0.9991455078125,0.0200958251953125,-0.0115203857421875
1760554535546628600,9.068628662109376,-1.00006103515625,0.021270751953125,-0.0115509033203125
1760554535556633600,9.078633544921875,-1.0006866455078125,0.02655029296875,-0.0104522705078125
1760554535566637800,9.088637939453125,-1.0008544921875,0.02642822265625,-0.0134735107421875
1760554535576642800,9.098642822265624,-1.0001983642578125,0.022796630859375,-0.0121307373046875
1760554535586646800,9.108646728515625,-1.0007476806640625,0.02252197265625,-0.0101776123046875
1760554535596650800,9.118650634765626,-1,0.022552490234375,-0.0099945068359375
1760554535606655700,9.12865576171875,-0.998016357421875,0.0198822021484375,-0.0070037841796875
1760554535616660000,9.138659912109375,-0.9973907470703125,0.017364501953125,-0.008575439453125
1760554535626665000,9.1486650390625,-0.996307373046875,0.0135345458984375,-0.0113677978515625
1760554535636668700,9.158668701171875,-0.999176025390625,0.013824462890625,-0.0111236572265625
1760554535646672600,9.168672607421875,-0.9991302490234375,0.01495361328125,-0.0075836181640625
1760554535656677600,9.178677734375,-0.998321533203125,0.0140533447265625,-0.009002685546875
1760554535666681900,9.188681884765625,-0.9980621337890625,0.01470947265625,-0.0070953369140625
1760554535676686800,9.198686767578126,-0.99945068359375,0.015289306640625,-0.0048980712890625
1760554535686690800,9.20869091796875,-0.998626708984375,0.015777587890625,-0.0051116943359375
1760554535696694800,9.21869482421875,-0.9981842041015625,0.01409912109375,-0.006622314453125
1760554535706699800,9.22869970703125,-0.9974365234375,0.0143280029296875,-0.0059661865234375
1760554535716704000,9.2387041015625,-0.9981689453125,0.0146331787109375,-0.0070037841796875
1760554535726709000,9.248708984375,-0.9988555908203125,0.0164947509765625,-0.0091705322265625
1760554535736712700,9.258712646484375,-0.996978759765625,0.0140228271484375,-0.0124664306640625
1760554535746716700,9.268716552734375,-0.9987335205078125,0.0120849609375,-0.0085296630859375
1760554535756721700,9.2787216796875,-0.998138427734375,0.0131072998046875,-0.0073089599609375
1760554535766726000,9.288725830078125,-0.997589111328125,0.0121917724609375,-0.008209228515625
1760554535776731000,9.29873095703125,-0.9983367919921875,0.010772705078125,-0.005462646484375
1760554535786734800,9.30873486328125,-0.999053955078125,0.0130462646484375,-0.007720947265625
1760554535796738800,9.31873876953125,-0.9997711181640625,0.01123046875,-0.006561279296875
1760554535806743800,9.328743896484376,-0.99688720703125,0.010223388671875,-0.0117034912109375
1760554535816747800,9.338747802734375,-0.9976654052734375,0.012420654296875,-0.01312255859375
1760554535826751700,9.348751708984375,-0.998046875,0.0108184814453125,-0.013092041015625
1760554535836756700,9.3587568359375,-0.9975128173828125,0.01312255859375,-0.0153350830078125
1760554535846760700,9.3687607421875,-0.9978179931640625,0.0156097412109375,-0.0110321044921875
1760554535856765700,9.378765625,-0.999664306640625,0.0172882080078125,-0.00958251953125
1760554535866769700,9.388769775390625,-0.999908447265625,0.016357421875,-0.00604248046875
1760554535876775000,9.39877490234375,-1.00006103515625,0.020538330078125,-0.0054473876953125
1760554535886779000,9.40877880859375,-1.001495361328125,0.02197265625,-0.0026397705078125
1760554535896782800,9.418782958984375,-1.000885009765625,0.0207977294921875,-0.00689697265625
1760554535906787800,9.428787841796876,-1.00128173828125,0.0196990966796875,-0.0052337646484375
1760554535916791600,9.43879150390625,-0.999237060546875,0.0182037353515625,-0.008026123046875
1760554535926796800,9.448796875,-0.998748779296875,0.0153961181640625,-0.011077880859375
1760554535936800800,9.45880078125,-0.99969482421875,0.0157012939453125,-0.0117950439453125
1760554535946804700,9.4688046875,-0.997650146484375,0.0136566162109375,-0.011810302734375
1760554535956809700,9.478809814453125,-0.996917724609375,0.0116424560546875,-0.0073699951171875
1760554535966813700,9.488813720703124,-0.9976806640625,0.0092620849609375,-0.011016845703125
1760554535976818000,9.49881787109375,-0.9967041015625,0.00909423828125,-0.0075225830078125
1760554535986823000,9.508822998046876,-0.996337890625,0.0075836181640625,-0.0053863525390625
1760554535996827000,9.518826904296875,-0.9974517822265625,0.00677490234375,-0.00518798828125
1760554536006831900,9.528831787109375,-0.9967498779296875,0.0067901611328125,-0.004974365234375
1760554536016835600,9.538835693359376,-0.9977569580078125,0.007476806640625,-0.0058135986328125
1760554536026839800,9.54883984375,-0.99761962890625,0.0099945068359375,-0.0052032470703125
1760554536036844800,9.5588447265625,-0.99786376953125,0.0116119384765625,-0.0046539306640625
1760554536046848800,9.568848876953124,-0.997894287109375,0.0140380859375,-0.0031280517578125
1760554536056853800,9.578853759765625,-0.998687744140625,0.011688232421875,-0.002685546875
1760554536066857700,9.588857666015626,-0.998138427734375,0.0112457275390625,-0.0032501220703125
1760554536076862000,9.598862060546875,-0.998382568359375,0.00982666015625,-0.00439453125
1760554536086867000,9.608866943359375,-0.99871826171875,0.009124755859375,-0.0056915283203125
1760554536096870700,9.61887060546875,-0.998992919921875,0.0082855224609375,-0.0086669921875
1760554536106875600,9.628875732421875,-0.997222900390625,0.0079803466796875,-0.004241943359375
1760554536116879600,9.638879638671876,-0.996978759765625,0.01068115234375,-0.0059051513671875
1760554536126883800,9.6488837890625,-0.9970855712890625,0.013946533203125,-0.0059967041015625
1760554536136888800,9.658888916015625,-0.9970855712890625,0.01226806640625,-0.0069427490234375
1760554536146892800,9.668892822265626,-0.998809814453125,0.0151824951171875,-0.007843017578125
1760554536156897800,9.678897705078125,-1.0003662109375,0.0173492431640625,-0.0078277587890625
1760554536166901800,9.68890185546875,-1.000396728515625,0.0152130126953125,-0.0098724365234375
1760554536176906000,9.698906005859374,-0.998992919921875,0.01385498046875,-0.0075225830078125
1760554536186911000,9.708910888671875,-0.9991912841796875,0.0149993896484375,-0.0039825439453125
1760554536196914700,9.718914794921876,-1.000152587890625,0.0153045654296875,-0.0013580322265625
1760554536206919700,9.728919677734375,-0.99896240234375,0.0150604248046875,-0.0000762939453125
1760554536216923600,9.738923583984375,-0.9987945556640625,0.0135650634765625,-0.0001678466796875
1760554536226927900,9.748927978515624,-0.9982147216796875,0.01177978515625,-0.0029296875
1760554536236932900,9.758932861328125,-0.99822998046875,0.011383056640625,-0.0055389404296875
1760554536246936800,9.768936767578126,-0.9982452392578125,0.010528564453125,-0.0058441162109375
1760554536256941800,9.77894189453125,-0.996795654296875,0.010833740234375,-0.003326416015625
1760554536266945800,9.78894580078125,-0.9980010986328125,0.0099334716796875,-0.00286865234375
1760554536276949800,9.79894970703125,-0.9970245361328125,0.0095977783203125,-0.003509521484375
1760554536286954800,9.808954833984375,-0.997528076171875,0.010650634765625,-0.004791259765625
1760554536296958500,9.81895849609375,-0.9979400634765625,0.0098876953125,-0.005767822265625
1760554536306963500,9.82896337890625,-0.9991607666015625,0.012603759765625,-0.0064697265625
1760554536316967400,9.838967529296875,-0.9998626708984375,0.0127105712890625,-0.0064544677734375
1760554536326971600,9.8489716796875,-0.99822998046875,0.0140228271484375,-0.0073699951171875
1760554536336976600,9.8589765625,-1.0002593994140625,0.0150909423828125,-0.00701904296875
1760554536346980600,9.868980712890625,-0.9993743896484375,0.014312744140625,-0.0084686279296875
1760554536356985600,9.878985595703124,-0.9999237060546875,0.016204833984375,-0.0095672607421875
1760554536366989600,9.888989501953125,-0.9986724853515625,0.0164947509765625,-0.00701904296875
1760554536376993500,9.89899365234375,-1,0.0160064697265625,-0.0094451904296875
1760554536386998500,9.90899853515625,-0.9995269775390625,0.0177154541015625,-0.0108642578125
1760554536397002500,9.91900244140625,-0.999481201171875,0.0155487060546875,-0.0150299072265625
1760554536407007500,9.929007568359374,-0.9991607666015625,0.015411376953125,-0.0144805908203125
1760554536417011500,9.939011474609375,-0.999053955078125,0.013946533203125,-0.01495361328125
1760554536427015400,9.949015380859375,-0.998260498046875,0.011871337890625,-0.0115814208984375
1760554536437020400,9.9590205078125,-0.9996795654296875,0.01202392578125,-0.0100250244140625
1760554536447024600,9.969024658203125,-0.9990386962890625,0.01220703125,-0.007965087890625
1760554536457029600,9.979029541015626,-0.9971923828125,0.0112762451171875,-0.0059051513671875
1760554536467033600,9.98903369140625,-0.99835205078125,0.011810302734375,-0.0034332275390625
1760554536477037300,9.999037353515625,-0.998382568359375,0.010009765625,-0.003875732421875
1760554536487042300,10.009042236328124,-0.997589111328125,0.0086517333984375,-0.0051727294921875
1760554536497046500,10.019046630859375,-0.9995269775390625,0.0081024169921875,-0.006500244140625
1760554536507050500,10.029050537109375,-0.998382568359375,0.008941650390625,-0.0094451904296875
1760554536517055500,10.039055419921874,-0.998199462890625,0.0087127685546875,-0.0086517333984375
1760554536527059500,10.0490595703125,-0.997772216796875,0.0106048583984375,-0.010711669921875
1760554536537064400,10.059064453125,-0.9987030029296875,0.0117645263671875,-0.009735107421875
1760554536547068700,10.069068603515625,-0.9989471435546875,0.01202392578125,-0.008209228515625
1760554536557072600,10.07907275390625,-0.9983978271484375,0.01171875,-0.0089263916015625
1760554536567077600,10.08907763671875,-0.9985198974609375,0.0146026611328125,-0.00970458984375
1760554536577081300,10.099081298828125,-1.000274658203125,0.01519775390625,-0.0099029541015625
1760554536587086300,10.10908642578125,-0.9988555908203125,0.015106201171875,-0.01165771484375
1760554536597090600,10.119090576171875,-0.9992218017578125,0.0140533447265625,-0.0148773193359375
1760554536607094500,10.129094482421875,-0.99896240234375,0.012298583984375,-0.01654052734375
1760554536617099500,10.139099609375,-0.9976043701171875,0.0114898681640625,-0.01202392578125
1760554536627103500,10.149103515625,-0.99798583984375,0.00994873046875,-0.0108642578125
1760554536637108500,10.1591083984375,-0.997833251953125,0.0096893310546875,-0.01043701171875
1760554536647112700,10.16911279296875,-0.9970855712890625,0.0105133056640625,-0.0091552734375
1760554536657116400,10.179116455078125,-0.9992218017578125,0.0112762451171875,-0.0087127685546875
1760554536667121400,10.189121337890626,-1.0002899169921875,0.0121307373046875,-0.0089111328125
1760554536677125400,10.19912548828125,-0.999176025390625,0.0132598876953125,-0.006378173828125
1760554536687130400,10.20913037109375,-0.998809814453125,0.0157318115234375,-0.00689697265625
1760554536697134600,10.219134521484374,-0.997833251953125,0.0168914794921875,-0.007415771484375
1760554536707138600,10.229138671875,-0.9992523193359375,0.0166015625,-0.0063018798828125
1760554536717143600,10.2391435546875,-1.000640869140625,0.0159912109375,-0.00799560546875
1760554536727147500,10.2491474609375,-0.999664306640625,0.013580322265625,-0.0086669921875
1760554536737152500,10.259152587890625,-0.9978179931640625,0.0099334716796875,-0.0086517333984375
1760554536747156700,10.26915673828125,-0.9989013671875,0.0116729736328125,-0.0093841552734375
1760554536757160400,10.279160400390625,-0.99676513671875,0.01202392578125,-0.01043701171875
1760554536767165400,10.28916552734375,-0.996673583984375,0.0116424560546875,-0.01202392578125
1760554536777169400,10.29916943359375,-0.996429443359375,0.010894775390625,-0.015960693359375
1760554536787174400,10.30917431640625,-0.9979705810546875,0.0125579833984375,-0.0186004638671875
1760554536797178600,10.3191787109375,-0.9987030029296875,0.0135650634765625,-0.0163421630859375
1760554536807182600,10.3291826171875,-0.99847412109375,0.0124969482421875,-0.0228729248046875
1760554536817187600,10.3391875,-0.9975433349609375,0.0168914794921875,-0.01959228515625
1760554536827191600,10.349191650390624,-1.0001220703125,0.0183258056640625,-0.0174560546875
1760554536837195500,10.359195556640625,-1.0018157958984375,0.0180511474609375,-0.0149688720703125
1760554536847200500,10.369200439453126,-1.0005950927734375,0.01904296875,-0.012664794921875
1760554536857204500,10.37920458984375,-1.00103759765625,0.0174560546875,-0.011260986328125
1760554536867209500,10.38920947265625,-0.9990997314453125,0.0163116455078125,-0.00836181640625
1760554536877213400,10.39921337890625,-0.999603271484375,0.01300048828125,-0.01055908203125
1760554536887217400,10.409217529296875,-0.9974517822265625,0.0120849609375,-0.0104217529296875
1760554536897222400,10.419222412109375,-0.9992828369140625,0.0123443603515625,-0.0106353759765625
1760554536907226600,10.4292265625,-0.9966278076171875,0.0080718994140625,-0.013641357421875
1760554536917231600,10.439231689453125,-0.99737548828125,0.0074310302734375,-0.01190185546875
1760554536927235600,10.449235595703126,-0.9984893798828125,0.0079498291015625,-0.0114593505859375
1760554536937239300,10.4592392578125,-0.9971466064453125,0.0042266845703125,-0.013580322265625
1760554536947244500,10.46924462890625,-0.996856689453125,0.006317138671875,-0.0136566162109375
1760554536957248500,10.47924853515625,-0.99676513671875,0.0086517333984375,-0.0155487060546875
1760554536967253500,10.48925341796875,-0.9949493408203125,0.0089111328125,-0.0184478759765625
1760554536977257500,10.499257568359376,-0.9987335205078125,0.0114898681640625,-0.02142333984375
1760554536987261400,10.509261474609374,-0.9977569580078125,0.01434326171875,-0.020263671875
1760554536997266400,10.519266357421875,-0.9993896484375,0.015167236328125,-0.01885986328125
1760554537007270700,10.529270751953124,-0.9997711181640625,0.01641845703125,-0.017852783203125
1760554537017275600,10.539275634765625,-0.9984588623046875,0.016754150390625,-0.0184478759765625
1760554537027279600,10.549279541015625,-0.9998321533203125,0.0177001953125,-0.01849365234375
1760554537037283300,10.559283447265624,-1.0010528564453125,0.0165252685546875,-0.0184478759765625
1760554537047288300,10.569288330078125,-0.9986724853515625,0.0151519775390625,-0.019866943359375
1760554537057292500,10.57929248046875,-0.9975433349609375,0.0137176513671875,-0.0177459716796875
1760554537067296500,10.589296630859375,-0.9984130859375,0.0113983154296875,-0.01495361328125
1760554537077301500,10.599301513671875,-0.9976654052734375,0.01141357421875,-0.0118255615234375
1760554537087305500,10.609305419921874,-0.9971160888671875,0.0073394775390625,-0.0102691650390625
1760554537097310500,10.619310546875,-0.9947357177734375,0.0066680908203125,-0.0098114013671875
1760554537107314700,10.629314697265626,-0.9955902099609375,0.00714111328125,-0.0111083984375
1760554537117318700,10.639318603515624,-0.9986724853515625,0.0085906982421875,-0.012969970703125
1760554537127323600,10.64932373046875,-0.9970855712890625,0.0075225830078125,-0.0159149169921875
1760554537137327400,10.659327392578126,-0.9980316162109375,0.0078887939453125,-0.015350341796875
1760554537147332400,10.669332275390625,-0.9990692138671875,0.0122528076171875,-0.016082763671875
1760554537157336600,10.679336669921875,-0.99798583984375,0.008941650390625,-0.016510009765625
1760554537167340500,10.689340576171874,-0.99761962890625,0.0071563720703125,-0.0117645263671875
1760554537177345500,10.699345458984375,-0.998992919921875,0.0108489990234375,-0.0227813720703125
1760554537187349500,10.709349609375,-0.9981231689453125,0.016510009765625,-0.0235595703125
1760554537197354500,10.7193544921875,-0.9972686767578125,0.0193939208984375,-0.0233917236328125
1760554537207358700,10.729358642578125,-0.99884033203125,0.0188751220703125,-0.022491455078125
1760554537217362700,10.73936279296875,-1.000030517578125,0.01898193359375,-0.023468017578125
1760554537227367700,10.74936767578125,-0.9993896484375,0.018157958984375,-0.0197906494140625
1760554537237371400,10.759371337890625,-0.9987945556640625,0.0170440673828125,-0.017822265625
1760554537247375600,10.769375732421874,-0.9986572265625,0.0166473388671875,-0.017730712890625
1760554537257380600,10.779380615234375,-0.997711181640625,0.0155181884765625,-0.019012451171875
1760554537267384600,10.789384521484376,-0.999176025390625,0.01788330078125,-0.0178070068359375
1760554537277389600,10.7993896484375,-0.99871826171875,0.016143798828125,-0.016204833984375
1760554537287393500,10.8093935546875,-0.997406005859375,0.01470947265625,-0.018218994140625
1760554537297397500,10.8193974609375,-0.997039794921875,0.0145416259765625,-0.0189971923828125
1760554537307402500,10.829402587890625,-0.997772216796875,0.0129852294921875,-0.01873779296875
1760554537317406700,10.83940673828125,-0.996246337890625,0.0104827880859375,-0.016571044921875
1760554537327411700,10.84941162109375,-0.9975128173828125,0.01068115234375,-0.0150299072265625
1760554537337415700,10.859415771484375,-0.997772216796875,0.0120391845703125,-0.015167236328125
1760554537347419600,10.869419677734374,-0.9990692138671875,0.0114288330078125,-0.0145263671875
1760554537357424600,10.879424560546875,-0.9993438720703125,0.0139007568359375,-0.0113983154296875
1760554537367428900,10.889428955078126,-0.9979248046875,0.015411376953125,-0.00921630859375
1760554537377433900,10.899433837890625,-0.998321533203125,0.016265869140625,-0.0154876708984375
1760554537387437600,10.9094375,-0.9980621337890625,0.01470947265625,-0.010345458984375
1760554537397441500,10.919441650390626,-0.99896240234375,0.016326904296875,-0.0166168212890625
1760554537407446500,10.929446533203125,-0.9993133544921875,0.0173187255859375,-0.0161590576171875
1760554537417450800,10.93945068359375,-1.0009918212890625,0.0188446044921875,-0.019073486328125
1760554537427454700,10.949454833984374,-0.9990234375,0.0195770263671875,-0.0222930908203125
1760554537437459700,10.959459716796875,-0.9976348876953125,0.018646240234375,-0.0211334228515625
1760554537447463700,10.969463623046876,-1.0010833740234375,0.017242431640625,-0.019012451171875
1760554537457468700,10.97946875,-1.0001068115234375,0.0147857666015625,-0.015716552734375
1760554537467473000,10.989472900390625,-0.9980010986328125,0.015625,-0.0146942138671875
1760554537477476600,10.9994765625,-0.999298095703125,0.0143585205078125,-0.0122222900390625
1760554537487481600,11.009481689453125,-0.997161865234375,0.0118408203125,-0.0154266357421875
1760554537497485600,11.019485595703125,-0.9978485107421875,0.0119171142578125,-0.017730712890625
1760554537507490600,11.029490478515624,-0.9969482421875,0.0151519775390625,-0.0181884765625
1760554537517494800,11.039494873046875,-0.99871826171875,0.0133056640625,-0.0185546875
1760554537527498800,11.049498779296876,-0.999755859375,0.013702392578125,-0.0157623291015625
1760554537537503700,11.059503662109375,-0.999298095703125,0.01593017578125,-0.0160980224609375
1760554537547507700,11.0695078125,-1.000457763671875,0.0195770263671875,-0.0126953125
1760554537557512700,11.0795126953125,-0.9978485107421875,0.0164031982421875,-0.014007568359375
1760554537567517000,11.089516845703125,-0.9997406005859375,0.0171966552734375,-0.014739990234375
1760554537577520600,11.099520751953126,-1.00006103515625,0.0179443359375,-0.0157470703125
1760554537587525600,11.109525634765625,-0.9995269775390625,0.017425537109375,-0.01568603515625
1760554537597529600,11.119529541015625,-0.9988861083984375,0.014984130859375,-0.0174713134765625
1760554537607533600,11.129533447265626,-0.998321533203125,0.01702880859375,-0.0150604248046875
1760554537617538800,11.139538818359375,-0.998321533203125,0.01776123046875,-0.01409912109375
1760554537627542800,11.149542724609375,-0.996826171875,0.0117034912109375,-0.0143280029296875
1760554537637547800,11.1595478515625,-0.997467041015625,0.0130157470703125,-0.01336669921875
1760554537647551700,11.1695517578125,-0.9984283447265625,0.0123748779296875,-0.013031005859375
1760554537657555500,11.179555419921876,-0.995391845703125,0.009979248046875,-0.012298583984375
1760554537667560700,11.189560791015625,-0.9990692138671875,0.010009765625,-0.013092041015625
1760554537677564700,11.199564697265625,-0.995635986328125,0.0117645263671875,-0.0147552490234375
1760554537687569700,11.209569580078124,-0.998046875,0.013702392578125,-0.01617431640625
1760554537697573600,11.21957373046875,-0.9988555908203125,0.0134429931640625,-0.017486572265625
1760554537707577600,11.22957763671875,-0.998046875,0.0169219970703125,-0.0179901123046875
1760554537717582600,11.23958251953125,-0.9990081787109375,0.018890380859375,-0.016265869140625
1760554537727586800,11.2495869140625,-0.998809814453125,0.01751708984375,-0.017242431640625
1760554537737590800,11.2595908203125,-0.998565673828125,0.0168914794921875,-0.016998291015625
1760554537747595800,11.269595703125,-0.9994964599609375,0.0191192626953125,-0.0167236328125
1760554537757599500,11.279599609375,-0.9989166259765625,0.0175628662109375,-0.0133819580078125
1760554537767604500,11.2896044921875,-0.998077392578125,0.0160675048828125,-0.0124664306640625
1760554537777608700,11.299608642578125,-0.9984893798828125,0.014404296875,-0.0115814208984375
1760554537787612700,11.30961279296875,-0.998138427734375,0.0139312744140625,-0.0104217529296875
1760554537797617700,11.31961767578125,-0.998565673828125,0.0121917724609375,-0.008514404296875
1760554537807621600,11.32962158203125,-0.9981231689453125,0.0121612548828125,-0.010467529296875
1760554537817625900,11.3396259765625,-0.9976654052734375,0.0126495361328125,-0.0129852294921875
1760554537827630800,11.349630859375,-0.9982757568359375,0.009674072265625,-0.011627197265625
1760554537837634800,11.359634765625,-0.996978759765625,0.0091705322265625,-0.013519287109375
1760554537847639800,11.369639892578125,-0.9978790283203125,0.011322021484375,-0.0127105712890625
1760554537857643500,11.3796435546875,-0.9983978271484375,0.0114593505859375,-0.0139923095703125
1760554537867647700,11.389647705078126,-0.9969635009765625,0.0154876708984375,-0.0156707763671875
1760554537877652700,11.39965283203125,-0.9988555908203125,0.0177154541015625,-0.01434326171875
1760554537887656700,11.40965673828125,-0.9994964599609375,0.0170745849609375,-0.0148468017578125
1760554537897661700,11.41966162109375,-0.9970550537109375,0.0170440673828125,-0.0164031982421875
1760554537907665700,11.429665771484375,-0.9988861083984375,0.0182952880859375,-0.014801025390625
1760554537917670000,11.439669921875,-0.9996795654296875,0.0188140869140625,-0.01507568359375
1760554537927675000,11.4496748046875,-0.9989013671875,0.0165252685546875,-0.0162811279296875
1760554537937678600,11.4596787109375,-0.998931884765625,0.017120361328125,-0.013946533203125
1760554537947683800,11.469683837890624,-0.9990997314453125,0.018798828125,-0.015960693359375
1760554537957687600,11.4796875,-0.9996337890625,0.0176544189453125,-0.0150604248046875
1760554537967691800,11.48969189453125,-1.0006256103515625,0.0169219970703125,-0.0150604248046875
1760554537977696800,11.49969677734375,-0.9980010986328125,0.016326904296875,-0.0142974853515625
1760554537987700700,11.50970068359375,-0.999237060546875,0.014404296875,-0.012664794921875
1760554537997704700,11.51970458984375,-0.9979095458984375,0.0131683349609375,-0.0122833251953125
1760554538007709700,11.529709716796875,-0.996734619140625,0.0132293701171875,-0.012481689453125
1760554538017713700,11.539713623046875,-1.000030517578125,0.0119781494140625,-0.01226806640625
1760554538027718700,11.54971875,-0.9969482421875,0.0140533447265625,-0.009735107421875
1760554538037722600,11.55972265625,-0.998138427734375,0.015655517578125,-0.0121002197265625
1760554538047726600,11.5697265625,-0.998565673828125,0.0143585205078125,-0.0136871337890625
1760554538057731600,11.579731689453125,-0.9967498779296875,0.013397216796875,-0.01519775390625
1760554538067735600,11.589735595703125,-0.99810791015625,0.0138397216796875,-0.012451171875
1760554538077739800,11.59973974609375,-0.9993438720703125,0.0167388916015625,-0.0224761962890625
1760554538087744800,11.609744873046875,-0.9963836669921875,0.017913818359375,-0.018402099609375
1760554538097748700,11.619748779296875,-0.99969482421875,0.02197265625,-0.0140533447265625
1760554538107753700,11.629753662109374,-1.0001068115234375,0.021759033203125,-0.0146636962890625
1760554538117757700,11.6397578125,-0.9991302490234375,0.0188751220703125,-0.015350341796875
1760554538127761700,11.64976171875,-0.9992218017578125,0.0169677734375,-0.01470947265625
1760554538137766700,11.6597666015625,-0.9970550537109375,0.015838623046875,-0.014404296875
1760554538147770600,11.6697705078125,-0.9969635009765625,0.012115478515625,-0.0137939453125
1760554538157775600,11.679775634765624,-0.9967193603515625,0.00909423828125,-0.0126953125
1760554538167779600,11.689779541015625,-0.997161865234375,0.01031494140625,-0.01141357421875
1760554538177783800,11.69978369140625,-0.9970703125,0.0122222900390625,-0.0110931396484375
1760554538187788800,11.709788818359375,-0.99822998046875,0.0140228271484375,-0.0084991455078125
1760554538197792800,11.719792724609375,-0.9986724853515625,0.015106201171875,-0.00543212890625
1760554538207796500,11.72979638671875,-0.9977264404296875,0.0171966552734375,-0.0071258544921875
1760554538217801700,11.7398017578125,-0.9988250732421875,0.0191497802734375,-0.010101318359375
1760554538227805700,11.7498056640625,-0.9987335205078125,0.021514892578125,-0.010986328125
1760554538237810700,11.759810791015624,-0.9991455078125,0.0227203369140625,-0.01336669921875
1760554538247814700,11.769814697265625,-0.99932861328125,0.02337646484375,-0.01593017578125
1760554538257818600,11.779818603515626,-0.9990692138671875,0.022064208984375,-0.0136260986328125
1760554538267823600,11.78982373046875,-0.999542236328125,0.0222930908203125,-0.0131683349609375
1760554538277827800,11.799827880859375,-1.000030517578125,0.0223236083984375,-0.01617431640625
1760554538287832800,11.809832763671874,-0.998077392578125,0.0212860107421875,-0.0153656005859375
1760554538297837300,11.81983740234375,-0.9987030029296875,0.0226593017578125,-0.01495361328125
1760554538307841300,11.82984130859375,-0.999298095703125,0.0202484130859375,-0.016998291015625
1760554538317846300,11.83984619140625,-0.9996795654296875,0.0193939208984375,-0.0180206298828125
1760554538327850200,11.849850341796875,-0.998748779296875,0.0210418701171875,-0.01580810546875
1760554538337854500,11.8598544921875,-1.0001373291015625,0.0200653076171875,-0.0140838623046875
1760554538347859500,11.869859375,-0.9987945556640625,0.0213470458984375,-0.0127410888671875
1760554538357863200,11.87986328125,-0.9998931884765625,0.0217742919921875,-0.0108489990234375
1760554538367868200,11.8898681640625,-0.9999237060546875,0.0220184326171875,-0.0084228515625
1760554538377872100,11.8998720703125,-1.00128173828125,0.0237274169921875,-0.012054443359375
1760554538387876400,11.90987646484375,-0.997833251953125,0.023712158203125,-0.012603759765625
1760554538397881300,11.91988134765625,-0.9979400634765625,0.020751953125,-0.0111236572265625
1760554538407885300,11.92988525390625,-0.9990234375,0.020233154296875,-0.0133819580078125
1760554538417890300,11.939890380859374,-0.9981231689453125,0.019744873046875,-0.012603759765625
1760554538427894300,11.949894287109375,-0.99774169921875,0.0173187255859375,-0.0107269287109375
1760554538437898200,11.959898193359376,-0.9978179931640625,0.0153350830078125,-0.0105438232421875
1760554538447903500,11.969903564453125,-0.9964599609375,0.0159759521484375,-0.0106048583984375
1760554538457907200,11.9799072265625,-0.9982147216796875,0.0171661376953125,-0.014251708984375
1760554538467910400,11.989910400390626,-0.9973602294921875,0.018280029296875,-0.0136566162109375
1760554538477914400,11.999914306640624,-0.998199462890625,0.01837158203125,-0.0121002197265625
1760554538487919400,12.00991943359375,-0.998565673828125,0.01983642578125,-0.012786865234375
1760554538497923300,12.01992333984375,-0.999053955078125,0.0226593017578125,-0.013397216796875
1760554538507927300,12.02992724609375,-1.000579833984375,0.021392822265625,-0.0140228271484375
1760554538517932300,12.039932373046875,-0.999908447265625,0.0218353271484375,-0.011688232421875
1760554538527936300,12.049936279296874,-0.998779296875,0.0218353271484375,-0.0115814208984375
1760554538537940200,12.059940185546875,-1.000152587890625,0.021881103515625,-0.0141143798828125
1760554538547945200,12.0699453125,-0.9966888427734375,0.0231781005859375,-0.016021728515625
1760554538557949200,12.07994921875,-0.998687744140625,0.0205230712890625,-0.0172119140625
1760554538567954200,12.0899541015625,-0.9993438720703125,0.0208892822265625,-0.01873779296875
1760554538577958400,12.09995849609375,-0.9984283447265625,0.0202789306640625,-0.0177001953125
1760554538587962400,12.10996240234375,-0.9979705810546875,0.018768310546875,-0.0171661376953125
1760554538597967400,12.11996728515625,-0.9975738525390625,0.0167388916015625,-0.0149383544921875
1760554538607971000,12.12997119140625,-0.997650146484375,0.016632080078125,-0.0129241943359375
1760554538617975300,12.139975341796875,-0.999420166015625,0.0154876708984375,-0.012939453125
1760554538627980300,12.149980224609376,-0.997406005859375,0.01715087890625,-0.0146942138671875
1760554538637984300,12.159984375,-0.99810791015625,0.0167999267578125,-0.014892578125
1760554538647989200,12.1699892578125,-0.999053955078125,0.0196685791015625,-0.01654052734375
1760554538657993200,12.1799931640625,-0.9978179931640625,0.017608642578125,-0.0143890380859375
1760554538667997400,12.18999755859375,-0.9972076416015625,0.0186614990234375,-0.0139617919921875
1760554538678002400,12.20000244140625,-0.9990081787109375,0.018402099609375,-0.0153961181640625
1760554538688006100,12.210006103515624,-0.9991302490234375,0.018829345703125,-0.01611328125
1760554538698010000,12.220010009765625,-0.99774169921875,0.017791748046875,-0.01373291015625
1760554538708015000,12.23001513671875,-0.9987640380859375,0.017425537109375,-0.01141357421875
1760554538718019300,12.240019287109375,-0.998260498046875,0.0172119140625,-0.014862060546875
1760554538728024300,12.2500244140625,-0.99761962890625,0.0164642333984375,-0.0143280029296875
1760554538738028300,12.2600283203125,-0.9980010986328125,0.018035888671875,-0.0179595947265625
1760554538748032300,12.2700322265625,-0.996551513671875,0.0164337158203125,-0.0133819580078125
1760554538758037200,12.280037353515626,-0.9967193603515625,0.01690673828125,-0.0150909423828125
1760554538768041500,12.29004150390625,-0.9972686767578125,0.0164337158203125,-0.0177764892578125
1760554538778045200,12.300045166015625,-0.9991302490234375,0.018829345703125,-0.0197296142578125
1760554538788050200,12.31005029296875,-0.9981689453125,0.0202484130859375,-0.022735595703125
1760554538798054100,12.32005419921875,-0.9986724853515625,0.022064208984375,-0.023773193359375
1760554538808059100,12.33005908203125,-0.9983367919921875,0.021484375,-0.0279541015625
1760554538818063400,12.3400634765625,-0.9981536865234375,0.021759033203125,-0.0298919677734375
1760554538828068400,12.350068359375,-0.9975433349609375,0.02203369140625,-0.031097412109375
1760554538838073300,12.3600732421875,-0.9974517822265625,0.0236053466796875,-0.0301666259765625
1760554538848077300,12.370077392578125,-0.998687744140625,0.024688720703125,-0.034576416015625
1760554538858082300,12.380082275390626,-0.997406005859375,0.0253753662109375,-0.0329437255859375
1760554538868086300,12.390086181640624,-0.998046875,0.0243988037109375,-0.028778076171875
1760554538878090500,12.400090576171875,-0.9986114501953125,0.023345947265625,-0.0279083251953125
1760554538888095500,12.410095458984374,-0.9987640380859375,0.021881103515625,-0.02288818359375
1760554538898099200,12.42009912109375,-0.9984283447265625,0.0197906494140625,-0.0224609375
1760554538908103200,12.430103271484375,-0.9987640380859375,0.0214996337890625,-0.018951416015625
1760554538918108200,12.440108154296874,-0.9993896484375,0.0201873779296875,-0.0188140869140625
1760554538928112400,12.4501123046875,-0.9969940185546875,0.0183868408203125,-0.019927978515625
1760554538938117400,12.460117431640626,-0.9974822998046875,0.017333984375,-0.01953125
1760554538948121300,12.470121337890625,-0.9971466064453125,0.017181396484375,-0.0212554931640625
1760554538958125300,12.480125244140625,-0.9963531494140625,0.01837158203125,-0.020355224609375
1760554538968130300,12.49013037109375,-0.997589111328125,0.0193328857421875,-0.0241546630859375
1760554538978134300,12.50013427734375,-0.99847412109375,0.0206756591796875,-0.026214599609375
1760554538988138200,12.51013818359375,-0.9982452392578125,0.022705078125,-0.02459716796875
1760554538998143200,12.520143310546874,-0.9984893798828125,0.022186279296875,-0.024871826171875
1760554539008147200,12.530147216796875,-0.998138427734375,0.023895263671875,-0.028564453125
1760554539018152200,12.540152099609376,-0.9976043701171875,0.023590087890625,-0.030364990234375
1760554539028156200,12.55015625,-0.997650146484375,0.024322509765625,-0.0285491943359375
1760554539038160400,12.560160400390625,-0.998687744140625,0.0219573974609375,-0.0267181396484375
1760554539048165400,12.570165283203124,-0.997589111328125,0.0218505859375,-0.025543212890625
1760554539058169300,12.58016943359375,-0.99664306640625,0.02117919921875,-0.025146484375
1760554539068174300,12.59017431640625,-0.996917724609375,0.0189361572265625,-0.0246734619140625
1760554539078178000,12.600177978515624,-0.9981842041015625,0.0193023681640625,-0.0251007080078125
1760554539088182300,12.610182373046875,-0.999847412109375,0.019866943359375,-0.0230865478515625
1760554539098187300,12.620187255859374,-0.9961700439453125,0.017974853515625,-0.026519775390625
1760554539108191200,12.630191162109375,-0.996978759765625,0.0197296142578125,-0.02655029296875
1760554539118195200,12.6401953125,-0.99749755859375,0.0184783935546875,-0.02685546875
1760554539128200200,12.6502001953125,-0.9972991943359375,0.02020263671875,-0.0266876220703125
1760554539138204400,12.660204345703125,-0.99639892578125,0.0224151611328125,-0.0260009765625
1760554539148209400,12.67020947265625,-0.9951629638671875,0.017669677734375,-0.031463623046875
1760554539158213400,12.68021337890625,-0.9975128173828125,0.0245208740234375,-0.030517578125
1760554539168217000,12.690217041015625,-1.000152587890625,0.0278167724609375,-0.031158447265625
1760554539178222000,12.70022216796875,-0.9977569580078125,0.025726318359375,-0.0298004150390625
1760554539188226300,12.710226318359375,-0.99737548828125,0.0242767333984375,-0.0296630859375
1760554539198230300,12.720230224609375,-0.99920654296875,0.0246124267578125,-0.0282135009765625
1760554539208235300,12.7302353515625,-0.9986419677734375,0.02532958984375,-0.028472900390625
1760554539218239200,12.7402392578125,-0.9970703125,0.025054931640625,-0.0352325439453125
1760554539228243500,12.750243408203126,-0.9954376220703125,0.024444580078125,-0.0415496826171875
1760554539238248400,12.76024853515625,-0.9963531494140625,0.025787353515625,-0.0435638427734375
1760554539248252400,12.77025244140625,-0.9991607666015625,0.02783203125,-0.0403594970703125
1760554539258257400,12.78025732421875,-0.997100830078125,0.027191162109375,-0.0468597412109375
1760554539268261000,12.79026123046875,-0.9968109130859375,0.026336669921875,-0.048919677734375
1760554539278265300,12.800265380859376,-0.9958038330078125,0.0268402099609375,-0.0496368408203125
1760554539288270300,12.810270263671875,-0.9970703125,0.027618408203125,-0.0511474609375
1760554539298274000,12.820274169921875,-0.9979705810546875,0.0308685302734375,-0.05511474609375
1760554539308279000,12.830279052734374,-0.995697021484375,0.02978515625,-0.056365966796875
1760554539318283000,12.840282958984375,-0.9949951171875,0.0271453857421875,-0.0558929443359375
1760554539328287200,12.850287353515625,-0.995941162109375,0.0281219482421875,-0.055023193359375
1760554539338292200,12.860292236328124,-0.9959259033203125,0.0264892578125,-0.054443359375
1760554539348296200,12.870296142578125,-0.9940643310546875,0.0256805419921875,-0.0535888671875
1760554539358300000,12.8802998046875,-0.9954071044921875,0.026092529296875,-0.0548248291015625
1760554539368305000,12.890304931640625,-0.9952239990234375,0.029266357421875,-0.0556793212890625
1760554539378309000,12.90030908203125,-0.9962310791015625,0.0258331298828125,-0.055389404296875
1760554539388314000,12.910314208984374,-0.9970245361328125,0.029296875,-0.055938720703125
1760554539398318000,12.920318115234375,-0.9965057373046875,0.0291290283203125,-0.058563232421875
1760554539408322000,12.930322021484375,-0.9964599609375,0.0300140380859375,-0.0594940185546875
1760554539418327000,12.9403271484375,-0.9970855712890625,0.031097412109375,-0.058319091796875
1760554539428331300,12.950331298828125,-0.997589111328125,0.0352783203125,-0.0617828369140625
1760554539438335200,12.960335205078126,-0.9964752197265625,0.0328521728515625,-0.056427001953125
1760554539448340200,12.97034033203125,-0.99517822265625,0.0304107666015625,-0.060211181640625
1760554539458344000,12.980343994140625,-0.9963836669921875,0.032470703125,-0.06280517578125
1760554539468348000,12.990347900390624,-0.9953460693359375,0.0325164794921875,-0.068756103515625
1760554539478353000,13.000352783203125,-0.9964141845703125,0.034088134765625,-0.0710601806640625
1760554539488357000,13.010357177734376,-0.9957275390625,0.035675048828125,-0.071044921875
1760554539498362000,13.020362060546875,-0.9966278076171875,0.03436279296875,-0.069793701171875
1760554539508366000,13.030365966796875,-0.9965972900390625,0.0363311767578125,-0.0588226318359375
1760554539518370000,13.0403701171875,-0.9971160888671875,0.03643798828125,-0.058685302734375
1760554539528375000,13.050375,-0.9989166259765625,0.0365142822265625,-0.0518798828125
1760554539538379000,13.06037890625,-1.000335693359375,0.0387420654296875,-0.040283203125
1760554539548383000,13.070383056640624,-1.0013275146484375,0.0388946533203125,-0.036773681640625
1760554539558388000,13.080387939453125,-0.9996337890625,0.0357208251953125,-0.034393310546875
1760554539568392000,13.090391845703126,-0.9985809326171875,0.03125,-0.0261077880859375
1760554539578397000,13.10039697265625,-1.0016326904296875,0.0312347412109375,-0.0255126953125
1760554539588401200,13.110401123046875,-1.00018310546875,0.0324249267578125,-0.0294342041015625
1760554539598405000,13.120405029296874,-0.998779296875,0.0288238525390625,-0.0300140380859375
1760554539608410000,13.13041015625,-0.9976959228515625,0.0272216796875,-0.027862548828125
1760554539618414000,13.1404140625,-0.9987030029296875,0.027374267578125,-0.031158447265625
1760554539628418000,13.15041796875,-0.9982452392578125,0.0252685546875,-0.03094482421875
1760554539638423000,13.160423095703125,-0.997344970703125,0.023956298828125,-0.02716064453125
1760554539648427000,13.170427001953126,-0.99847412109375,0.0217132568359375,-0.02899169921875
1760554539658431000,13.180430908203125,-0.9952392578125,0.016754150390625,-0.02960205078125
1760554539668436000,13.19043603515625,-0.9965972900390625,0.015228271484375,-0.01910400390625
1760554539678440200,13.200440185546874,-0.99871826171875,0.01708984375,-0.0073699951171875
1760554539688445200,13.210445068359375,-1.0006256103515625,0.021270751953125,0.005828857421875
1760554539698449200,13.22044921875,-1.000274658203125,0.01953125,0.015167236328125
1760554539708453000,13.230453125,-0.9991607666015625,0.0144805908203125,0.0224761962890625
1760554539718458000,13.2404580078125,-0.9986724853515625,0.0144500732421875,0.035400390625
1760554539728462000,13.250462158203124,-0.99847412109375,0.0175628662109375,0.0466461181640625
1760554539738466000,13.260466064453125,-0.9979248046875,0.013458251953125,0.05377197265625
1760554539748471000,13.270470947265625,-0.9939422607421875,0.0079345703125,0.06280517578125
1760554539758475000,13.28047509765625,-0.9953155517578125,0.009124755859375,0.063232421875
1760554539768480000,13.29047998046875,-0.992401123046875,0.006072998046875,0.05450439453125
1760554539778484200,13.300484130859376,-0.9920501708984375,-0.00555419921875,0.0413055419921875
1760554539788488200,13.31048828125,-0.990692138671875,-0.01300048828125,0.0384979248046875
1760554539798493200,13.3204931640625,-0.9898223876953125,-0.0101470947265625,0.037445068359375
1760554539808497000,13.330496826171874,-0.989990234375,-0.007568359375,0.0424346923828125
1760554539818501000,13.340501220703125,-0.9867401123046875,-0.0049896240234375,0.055389404296875
1760554539828506000,13.350506103515626,-0.992584228515625,0.002716064453125,0.0558319091796875
1760554539838510000,13.360510009765624,-0.9949188232421875,0.0103912353515625,0.05670166015625
1760554539848514000,13.37051416015625,-0.9937744140625,0.0146331787109375,0.0594482421875
1760554539858519000,13.38051904296875,-0.9962158203125,0.0259246826171875,0.06024169921875
1760554539868523000,13.39052294921875,-0.9988555908203125,0.037353515625,0.06524658203125
1760554539878528000,13.400528076171875,-0.99945068359375,0.043914794921875,0.0762176513671875
1760554539888532200,13.4105322265625,-0.9998626708984375,0.051513671875,0.081512451171875
1760554539898536000,13.420535888671875,-1.00262451171875,0.061065673828125,0.092010498046875
1760554539908541000,13.430541015625,-1.0008392333984375,0.0648651123046875,0.101959228515625
1760554539918545000,13.440544921875,-1.0003814697265625,0.067138671875,0.108245849609375
1760554539928549000,13.450549072265625,-1.00341796875,0.0709228515625,0.1071014404296875
1760554539938554000,13.46055419921875,-1.0028076171875,0.0725250244140625,0.107452392578125
1760554539948558000,13.47055810546875,-0.9999542236328125,0.0663299560546875,0.1152191162109375
1760554539958563000,13.48056298828125,-0.998016357421875,0.0641937255859375,0.1162109375
1760554539968567000,13.490567138671874,-0.9980316162109375,0.0632171630859375,0.1163177490234375
1760554539978571300,13.5005712890625,-0.99749755859375,0.0552215576171875,0.1157379150390625
1760554539988576300,13.510576171875,-0.995025634765625,0.0485382080078125,0.1172943115234375
1760554539998580000,13.520580078125,-0.9940643310546875,0.049072265625,0.11932373046875
1760554540008584000,13.530583984375,-0.99359130859375,0.042022705078125,0.122894287109375
1760554540018589000,13.5405888671875,-0.9885711669921875,0.0297088623046875,0.12725830078125
1760554540028593200,13.55059326171875,-0.9874114990234375,0.0260772705078125,0.13446044921875
1760554540038597000,13.56059716796875,-0.981903076171875,0.0259246826171875,0.1549530029296875
1760554540048602000,13.57060205078125,-0.97662353515625,0.0182037353515625,0.1687469482421875
1760554540058606000,13.580606201171875,-0.9768218994140625,0.013458251953125,0.1657562255859375
1760554540068611000,13.590611083984374,-0.9736480712890625,0.0135955810546875,0.1788330078125
1760554540078615000,13.600614990234375,-0.973388671875,0.01959228515625,0.188323974609375
1760554540088619000,13.610618896484375,-0.980010986328125,0.0272674560546875,0.1810760498046875
1760554540098624000,13.6206240234375,-0.97723388671875,0.0340423583984375,0.197723388671875
1760554540108628000,13.6306279296875,-0.9745635986328125,0.037689208984375,0.2143402099609375
1760554540118632200,13.640632080078126,-0.9760894775390625,0.0382080078125,0.2105865478515625
1760554540128637200,13.65063720703125,-0.97845458984375,0.0257720947265625,0.17022705078125
1760554540138641200,13.66064111328125,-0.9755096435546875,0.023223876953125,0.1396942138671875
1760554540148645000,13.67064501953125,-0.97662353515625,0.0048065185546875,0.0974884033203125
1760554540158650000,13.680650146484375,-0.97918701171875,0.034210205078125,0.33447265625
1760554540168654000,13.690654052734375,-0.906097412109375,0.131500244140625,1.1285858154296875
1760554540178659000,13.7006591796875,-1.0290069580078125,0.0612030029296875,0.472686767578125
1760554540188663000,13.7106630859375,-0.91278076171875,0.028533935546875,-0.2543792724609375
1760554540198667000,13.7206669921875,-0.978240966796875,0.0915069580078125,0.1165618896484375
1760554540208672000,13.730672119140625,-0.9575653076171875,0.042633056640625,0.1019439697265625
1760554540218676000,13.740676025390625,-0.977081298828125,0.0737152099609375,0.781005859375
1760554540228680200,13.75068017578125,-0.967529296875,0.01171875,0.0673675537109375
1760554540238685200,13.760685302734375,-0.9568023681640625,0.0178985595703125,0.0856475830078125
1760554540248689200,13.770689208984376,-0.962127685546875,0.0193634033203125,0.414398193359375
1760554540258692900,13.78069287109375,-0.9515380859375,-0.03289794921875,0.22198486328125
1760554540268697900,13.79069775390625,-0.949859619140625,-0.0373687744140625,0.2582855224609375
1760554540278702000,13.8007021484375,-0.944488525390625,-0.0511932373046875,0.249542236328125
1760554540288707000,13.81070703125,-0.94573974609375,-0.0519256591796875,0.250213623046875
1760554540298711300,13.820711181640625,-0.9495391845703125,-0.0424041748046875,0.2540283203125
1760554540308715300,13.83071533203125,-0.9515380859375,-0.0320587158203125,0.257537841796875
1760554540318720300,13.84072021484375,-0.9604034423828125,-0.010589599609375,0.2537689208984375
1760554540328724500,13.850724365234376,-0.9683074951171875,0.0082550048828125,0.2520599365234375
1760554540338728400,13.860728515625,-0.967437744140625,0.007415771484375,0.253448486328125
1760554540348733400,13.8707333984375,-0.9664764404296875,0.0075531005859375,0.2514190673828125
1760554540358737400,13.8807373046875,-0.9705810546875,0.0153656005859375,0.252838134765625
1760554540368741600,13.89074169921875,-0.96826171875,0.0109710693359375,0.2514801025390625
1760554540378746600,13.90074658203125,-0.965911865234375,0.008209228515625,0.25323486328125
1760554540388750300,13.910750244140624,-0.9660491943359375,0.0095977783203125,0.259307861328125
1760554540398755300,13.92075537109375,-0.9644317626953125,0.004119873046875,0.2506561279296875
1760554540408759300,13.93075927734375,-0.9679107666015625,0.0054473876953125,0.24114990234375
1760554540418763500,13.940763427734375,-0.976104736328125,0.030731201171875,0.2437744140625
1760554540428768500,13.9507685546875,-0.9786224365234375,0.03192138671875,0.2447357177734375
1760554540438772500,13.9607724609375,-0.97100830078125,0.0211944580078125,0.2496185302734375
1760554540448776400,13.9707763671875,-0.967254638671875,0.016632080078125,0.2537689208984375
1760554540458781400,13.980781494140626,-0.96502685546875,0.0115203857421875,0.250762939453125
1760554540468785400,13.990785400390624,-0.964599609375,0.00433349609375,0.243438720703125
1760554540478789400,14.000789306640625,-0.9654998779296875,0.0058441162109375,0.2402191162109375
1760554540488794400,14.01079443359375,-0.968658447265625,0.0177154541015625,0.2384185791015625
1760554540498798300,14.02079833984375,-0.9715118408203125,0.0241851806640625,0.238250732421875
1760554540508803300,14.03080322265625,-0.9726715087890625,0.0240631103515625,0.240020751953125
1760554540518807300,14.040807373046874,-0.9737091064453125,0.0263671875,0.2412872314453125
1760554540528811500,14.0508115234375,-0.9697113037109375,0.026092529296875,0.247100830078125
1760554540538816500,14.06081640625,-0.967987060546875,0.0198516845703125,0.2489776611328125
1760554540548820500,14.070820556640625,-0.9634857177734375,0.0157928466796875,0.2521820068359375
1760554540558824200,14.08082421875,-0.960601806640625,0.01153564453125,0.25341796875
1760554540568829200,14.0908291015625,-0.961181640625,0.0107574462890625,0.25494384765625
1760554540578833400,14.10083349609375,-0.9593353271484375,0.0096588134765625,0.2592926025390625
1760554540588837400,14.11083740234375,-0.9632568359375,0.0139312744140625,0.2519989013671875
1760554540598842400,14.12084228515625,-0.963470458984375,0.0174560546875,0.2474365234375
1760554540608846300,14.130846435546875,-0.96484375,0.0224761962890625,0.2482452392578125
1760554540618851300,14.140851318359376,-0.9709014892578125,0.033935546875,0.2442779541015625
1760554540628855600,14.15085546875,-0.9715576171875,0.040863037109375,0.2425079345703125
1760554540638859500,14.160859619140625,-0.9723968505859375,0.044158935546875,0.241912841796875
1760554540648864500,14.170864501953124,-0.97216796875,0.0455169677734375,0.242889404296875
1760554540658868200,14.1808681640625,-0.9712066650390625,0.0461273193359375,0.24237060546875
1760554540668872400,14.19087255859375,-0.9694366455078125,0.0419464111328125,0.24542236328125
1760554540678877400,14.20087744140625,-0.968658447265625,0.0421905517578125,0.2443695068359375
1760554540688881400,14.21088134765625,-0.969635009765625,0.04779052734375,0.2431640625
1760554540698885400,14.220885498046876,-0.972808837890625,0.055328369140625,0.2396392822265625
1760554540708890400,14.230890380859375,-0.9715728759765625,0.0555419921875,0.237701416015625
1760554540718894600,14.24089453125,-0.9716033935546875,0.0553741455078125,0.2415771484375
1760554540728899600,14.250899658203124,-0.9708404541015625,0.0526275634765625,0.2407684326171875
1760554540738903300,14.2609033203125,-0.9691314697265625,0.0497894287109375,0.2408294677734375
1760554540748907300,14.2709072265625,-0.97027587890625,0.054046630859375,0.2402496337890625
1760554540758912300,14.280912353515625,-0.972442626953125,0.061614990234375,0.238616943359375
1760554540768916500,14.29091650390625,-0.971527099609375,0.0587310791015625,0.2414093017578125
1760554540778920400,14.30092041015625,-0.9676513671875,0.0542755126953125,0.243408203125
1760554540788925400,14.310925537109375,-0.9679412841796875,0.0564422607421875,0.239837646484375
1760554540798929400,14.320929443359375,-0.970947265625,0.0628204345703125,0.2376556396484375
1760554540808933400,14.330933349609374,-0.970977783203125,0.059478759765625,0.2398223876953125
1760554540818938400,14.3409384765625,-0.97100830078125,0.0622100830078125,0.2375335693359375
1760554540828942300,14.3509423828125,-0.974609375,0.0693511962890625,0.2363739013671875
1760554540838947300,14.360947265625,-0.971893310546875,0.0650482177734375,0.238525390625
1760554540848951300,14.370951416015625,-0.966522216796875,0.0531768798828125,0.2403564453125
1760554540858955300,14.380955322265624,-0.9687652587890625,0.0589447021484375,0.2375640869140625
1760554540868960300,14.390960205078125,-0.9712677001953125,0.0662994384765625,0.235748291015625
1760554540878964500,14.400964599609376,-0.969329833984375,0.060516357421875,0.23858642578125
1760554540888968400,14.410968505859374,-0.965484619140625,0.05255126953125,0.2407684326171875
1760554540898973400,14.420973388671875,-0.96282958984375,0.046234130859375,0.2417755126953125
1760554540908977400,14.430977294921876,-0.95953369140625,0.0388336181640625,0.2425537109375
1760554540918981400,14.4409814453125,-0.9591217041015625,0.03814697265625,0.242889404296875
1760554540928986400,14.450986328125,-0.9617767333984375,0.0444488525390625,0.24072265625
1760554540938990300,14.460990234375,-0.9662017822265625,0.05328369140625,0.240234375
1760554540948995300,14.470995361328125,-0.9666748046875,0.0576019287109375,0.2386016845703125
1760554540958999300,14.480999267578126,-0.967529296875,0.06524658203125,0.2387542724609375
1760554540969003500,14.49100341796875,-0.97259521484375,0.0763702392578125,0.2333221435546875
1760554540979008500,14.501008544921875,-0.976287841796875,0.0844268798828125,0.2313690185546875
1760554540989012500,14.511012451171876,-0.9773712158203125,0.089996337890625,0.228271484375
1760554540999016200,14.52101611328125,-0.9794769287109375,0.0984954833984375,0.22552490234375
1760554541009021200,14.531021240234375,-0.9777679443359375,0.0939483642578125,0.227569580078125
1760554541019025400,14.541025390625,-0.969512939453125,0.0738525390625,0.2330169677734375
1760554541029029400,14.551029296875,-0.963348388671875,0.055999755859375,0.2400054931640625
1760554541039034400,14.561034423828126,-0.9607391357421875,0.0503997802734375,0.2431488037109375
1760554541049038300,14.571038330078125,-0.9609375,0.0515289306640625,0.2405242919921875
1760554541059042600,14.58104248046875,-0.9643402099609375,0.0626373291015625,0.23828125
1760554541069047600,14.591047607421874,-0.97216796875,0.08050537109375,0.232513427734375
1760554541079051500,14.601051513671875,-0.97698974609375,0.0916748046875,0.225555419921875
1760554541089056500,14.611056396484376,-0.9773712158203125,0.09588623046875,0.2223052978515625
1760554541099060200,14.621060302734374,-0.9781646728515625,0.09747314453125,0.223876953125
1760554541109064400,14.631064453125,-0.9752960205078125,0.0915069580078125,0.2264404296875
1760554541119069400,14.6410693359375,-0.9673309326171875,0.073577880859375,0.2325897216796875
1760554541129073400,14.651073486328125,-0.9629058837890625,0.06109619140625,0.2358856201171875
1760554541139077400,14.661077392578125,-0.9594268798828125,0.05804443359375,0.2402191162109375
1760554541149082400,14.671082275390624,-0.9580078125,0.0548095703125,0.2491455078125
1760554541159086600,14.681086669921875,-0.9603271484375,0.0550537109375,0.241668701171875
1760554541169091600,14.691091552734376,-0.9659271240234375,0.06329345703125,0.2351531982421875
1760554541179095600,14.701095458984375,-0.969146728515625,0.07220458984375,0.233367919921875
1760554541189099300,14.711099365234375,-0.9668731689453125,0.069610595703125,0.2318267822265625
1760554541199104300,14.721104248046874,-0.968536376953125,0.074951171875,0.2265777587890625
1760554541209108500,14.7311083984375,-0.9710235595703125,0.0814361572265625,0.2258453369140625
1760554541219112400,14.741112548828125,-0.9708251953125,0.0850982666015625,0.223907470703125
1760554541229117400,14.751117431640624,-0.9700164794921875,0.0839385986328125,0.2267608642578125
1760554541239121400,14.761121337890625,-0.9691314697265625,0.0818634033203125,0.2273406982421875
1760554541249125400,14.77112548828125,-0.9715118408203125,0.0878448486328125,0.22503662109375
1760554541259130400,14.78113037109375,-0.971832275390625,0.0939178466796875,0.223602294921875
1760554541269134300,14.79113427734375,-0.9769287109375,0.1024627685546875,0.2200775146484375
1760554541279138300,14.80113818359375,-0.9793243408203125,0.1074676513671875,0.2180328369140625
1760554541289143300,14.811143310546875,-0.9767303466796875,0.1037750244140625,0.21734619140625
1760554541299147000,14.82114697265625,-0.9740753173828125,0.0996246337890625,0.21807861328125
1760554541309152000,14.831152099609374,-0.970001220703125,0.0874786376953125,0.2201385498046875
1760554541319155700,14.84115576171875,-0.96722412109375,0.0885772705078125,0.226318359375
1760554541329159700,14.85115966796875,-0.9710235595703125,0.09478759765625,0.225982666015625
1760554541339164700,14.86116455078125,-0.9691314697265625,0.0913848876953125,0.22723388671875
1760554541349169000,14.8711689453125,-0.968170166015625,0.0888214111328125,0.2240447998046875
1760554541359172900,14.8811728515625,-0.971160888671875,0.0956573486328125,0.222259521484375
1760554541369177900,14.891177734375,-0.9749908447265625,0.1028289794921875,0.2205657958984375
1760554541379181800,14.901181884765625,-0.975616455078125,0.1088104248046875,0.21685791015625
1760554541389185800,14.911185791015624,-0.975128173828125,0.1079559326171875,0.22021484375
1760554541399190800,14.921190673828125,-0.971588134765625,0.0987701416015625,0.22198486328125
1760554541409194800,14.93119482421875,-0.97021484375,0.0927276611328125,0.223724365234375
1760554541419199700,14.94119970703125,-0.9669952392578125,0.0849609375,0.2280120849609375
1760554541429203700,14.95120361328125,-0.962921142578125,0.0773468017578125,0.2287445068359375
1760554541439207700,14.961207763671876,-0.9639434814453125,0.0800018310546875,0.2283477783203125
1760554541449212700,14.971212646484375,-0.96478271484375,0.080322265625,0.2283782958984375
1760554541459217000,14.981216796875,-0.9642181396484375,0.0793304443359375,0.2290496826171875
1760554541469220900,14.991220947265624,-0.967010498046875,0.087982177734375,0.224578857421875
1760554541479225900,15.001225830078125,-0.97137451171875,0.095977783203125,0.221588134765625
1760554541489229600,15.0112294921875,-0.9698333740234375,0.09710693359375,0.2210235595703125
1760554541499234600,15.021234619140625,-0.9712066650390625,0.101226806640625,0.216064453125
1760554541509238800,15.03123876953125,-0.9739532470703125,0.103729248046875,0.212310791015625
1760554541519242800,15.04124267578125,-0.968719482421875,0.0962066650390625,0.2211761474609375
1760554541529247700,15.051247802734375,-0.96600341796875,0.0888671875,0.2271270751953125
1760554541539251700,15.061251708984376,-0.967376708984375,0.0933990478515625,0.225128173828125
1760554541549256000,15.071255859375,-0.9712066650390625,0.1005401611328125,0.220733642578125
1760554541559261000,15.081260986328125,-0.97222900390625,0.1067352294921875,0.2178955078125
1760554541569265000,15.091264892578126,-0.9720001220703125,0.11102294921875,0.213470458984375
1760554541579268600,15.1012685546875,-0.973388671875,0.1090240478515625,0.215484619140625
1760554541589273600,15.111273681640625,-0.9703369140625,0.106201171875,0.215423583984375
1760554541599277800,15.12127783203125,-0.9687042236328125,0.102996826171875,0.2166900634765625
1760554541609281800,15.13128173828125,-0.96881103515625,0.102081298828125,0.2184295654296875
1760554541619286800,15.141286865234376,-0.96966552734375,0.1041412353515625,0.2173004150390625
1760554541629290800,15.151290771484375,-0.9711151123046875,0.110931396484375,0.2132415771484375
1760554541639295700,15.161295654296875,-0.9747314453125,0.118560791015625,0.208648681640625
1760554541649300000,15.171300048828124,-0.9780426025390625,0.12384033203125,0.206634521484375
1760554541659303700,15.1813037109375,-0.979034423828125,0.129119873046875,0.205841064453125
1760554541669308700,15.19130859375,-0.97686767578125,0.1279754638671875,0.206085205078125
1760554541679312600,15.201312744140624,-0.9751739501953125,0.119964599609375,0.210205078125
1760554541689316900,15.21131689453125,-0.97052001953125,0.1108245849609375,0.2146453857421875
1760554541699321900,15.22132177734375,-0.9713592529296875,0.1060333251953125,0.2168121337890625
1760554541709325800,15.231325927734375,-0.9722442626953125,0.107879638671875,0.216033935546875
1760554541719329800,15.241329833984375,-0.972198486328125,0.11102294921875,0.2150115966796875
1760554541729334800,15.251334716796874,-0.9691162109375,0.1047210693359375,0.21844482421875
1760554541739338800,15.2613388671875,-0.965362548828125,0.0927581787109375,0.2241973876953125
1760554541749344000,15.271343994140626,-0.9639129638671875,0.0837249755859375,0.22650146484375
1760554541759347700,15.28134765625,-0.9599456787109375,0.0776519775390625,0.229827880859375
1760554541769351700,15.2913515625,-0.960052490234375,0.0788726806640625,0.230926513671875
1760554541779356700,15.301356689453126,-0.963134765625,0.08380126953125,0.2278900146484375
1760554541789360600,15.311360595703125,-0.96771240234375,0.0895233154296875,0.225860595703125
1760554541799364900,15.32136474609375,-0.9710845947265625,0.0999755859375,0.2209014892578125
1760554541809369900,15.331369873046874,-0.97125244140625,0.1040802001953125,0.219329833984375
1760554541819373800,15.341373779296875,-0.9698028564453125,0.099853515625,0.217987060546875
1760554541829377800,15.351377685546876,-0.9699859619140625,0.100830078125,0.2204742431640625
1760554541839382800,15.3613828125,-0.969146728515625,0.1013946533203125,0.2188873291015625
1760554541849386800,15.37138671875,-0.9693145751953125,0.100982666015625,0.21728515625
1760554541859391700,15.381391845703124,-0.9715728759765625,0.1078338623046875,0.21624755859375
1760554541869395700,15.391395751953125,-0.974609375,0.116546630859375,0.2125396728515625
1760554541879399700,15.401399658203125,-0.9755706787109375,0.11773681640625,0.2135162353515625
1760554541889404700,15.41140478515625,-0.977294921875,0.119354248046875,0.2116546630859375
1760554541899409000,15.421408935546875,-0.9761810302734375,0.1185302734375,0.2119598388671875
1760554541909412900,15.431412841796876,-0.9751434326171875,0.1138458251953125,0.213470458984375
1760554541919417900,15.44141796875,-0.974029541015625,0.1113128662109375,0.2127532958984375
1760554541929421600,15.451421630859375,-0.973602294921875,0.10980224609375,0.21514892578125
1760554541939425800,15.46142578125,-0.9708251953125,0.10101318359375,0.2198028564453125
1760554541949430800,15.4714306640625,-0.9664459228515625,0.0872650146484375,0.22625732421875
1760554541959434800,15.481434814453126,-0.9623260498046875,0.07952880859375,0.22998046875
1760554541969439700,15.491439697265625,-0.9603729248046875,0.072021484375,0.2320404052734375
1760554541979443700,15.501443603515625,-0.95745849609375,0.0668182373046875,0.2351531982421875
1760554541989448000,15.511447998046876,-0.9563751220703125,0.0683135986328125,0.2373046875
1760554541999453000,15.521452880859375,-0.96014404296875,0.0731964111328125,0.2322540283203125
1760554542009457000,15.531456787109375,-0.962860107421875,0.087188720703125,0.2259368896484375
1760554542019460600,15.541460693359374,-0.97100830078125,0.1027374267578125,0.21844482421875
1760554542029465600,15.551465576171875,-0.975311279296875,0.1146697998046875,0.214569091796875
1760554542039469800,15.5614697265625,-0.9783935546875,0.122589111328125,0.210235595703125
1760554542049473800,15.571473876953124,-0.9806976318359375,0.1280364990234375,0.2081451416015625
1760554542059478800,15.581478759765625,-0.9822998046875,0.13482666015625,0.2070159912109375
1760554542069482800,15.591482666015626,-0.9840087890625,0.1377410888671875,0.2057952880859375
1760554542079487700,15.60148779296875,-0.98468017578125,0.135040283203125,0.206146240234375
1760554542089492000,15.611491943359376,-0.98187255859375,0.1237030029296875,0.2111053466796875
1760554542099496000,15.621495849609374,-0.974639892578125,0.110137939453125,0.21728515625
1760554542109501000,15.6315009765625,-0.96783447265625,0.086151123046875,0.2275543212890625
1760554542119504600,15.641504638671876,-0.9585723876953125,0.0622100830078125,0.2380828857421875
1760554542129508600,15.651508544921874,-0.9512176513671875,0.04498291015625,0.246246337890625
1760554542139513900,15.661513916015625,-0.9460601806640625,0.0328521728515625,0.25225830078125
1760554542149517800,15.671517822265624,-0.9451904296875,0.033050537109375,0.24658203125
1760554542159522800,15.681522705078125,-0.956756591796875,0.054473876953125,0.239044189453125
1760554542169526800,15.69152685546875,-0.9658660888671875,0.0799560546875,0.230499267578125
1760554542179530800,15.70153076171875,-0.971588134765625,0.0978851318359375,0.2248382568359375
1760554542189535700,15.71153564453125,-0.976470947265625,0.112335205078125,0.218536376953125
1760554542199539700,15.721539794921876,-0.98187255859375,0.1197509765625,0.213043212890625
1760554542209543700,15.731543701171875,-0.9827880859375,0.129791259765625,0.209259033203125
1760554542219548700,15.741548583984375,-0.98748779296875,0.1401519775390625,0.2046051025390625
1760554542229552600,15.751552734375,-0.991180419921875,0.1464691162109375,0.20306396484375
1760554542239556900,15.761556884765625,-0.9827117919921875,0.1291656494140625,0.2091522216796875
1760554542249561900,15.771561767578126,-0.973419189453125,0.0999755859375,0.2209930419921875
1760554542259565800,15.78156591796875,-0.9657135009765625,0.076385498046875,0.22967529296875
1760554542269569800,15.79156982421875,-0.9584503173828125,0.0554351806640625,0.2382965087890625
1760554542279574800,15.80157470703125,-0.9531097412109375,0.0457305908203125,0.24432373046875
1760554542289578800,15.811578857421875,-0.95220947265625,0.0466766357421875,0.243438720703125
1760554542299584500,15.82158447265625,-0.95318603515625,0.0450439453125,0.2440338134765625
1760554542309588500,15.83158837890625,-0.9557952880859375,0.051727294921875,0.2428131103515625
1760554542319592400,15.841592529296875,-0.9624176025390625,0.068389892578125,0.235198974609375
1760554542329597400,15.851597412109374,-0.968170166015625,0.0833892822265625,0.229156494140625
1760554542339601400,15.861601318359375,-0.975799560546875,0.099029541015625,0.22314453125
1760554542349605400,15.87160546875,-0.9781646728515625,0.1136016845703125,0.2170257568359375
1760554542359610400,15.8816103515625,-0.9821929931640625,0.1201019287109375,0.2147979736328125
1760554542369614300,15.8916142578125,-0.985137939453125,0.124755859375,0.2147216796875
1760554542379618300,15.901618408203126,-0.987518310546875,0.133941650390625,0.209991455078125
1760554542389623300,15.911623291015625,-0.9881134033203125,0.131011962890625,0.2120513916015625
1760554542399627500,15.92162744140625,-0.98443603515625,0.1201324462890625,0.2164306640625
1760554542409632500,15.931632568359374,-0.97991943359375,0.1101226806640625,0.2201995849609375
1760554542419636500,15.941636474609375,-0.977630615234375,0.1001739501953125,0.22491455078125
1760554542429640200,15.95164013671875,-0.9730682373046875,0.0862579345703125,0.2319183349609375
1760554542439645200,15.961645263671874,-0.9676666259765625,0.0736083984375,0.2354736328125
1760554542449649400,15.9716494140625,-0.968048095703125,0.0727996826171875,0.2357177734375
1760554542459653400,15.9816533203125,-0.970367431640625,0.07720947265625,0.2371826171875
1760554542469657300,15.9916572265625,-0.967193603515625,0.06683349609375,0.2391204833984375
1760554542479661600,16.00166162109375,-0.9619598388671875,0.053924560546875,0.2427825927734375
1760554542489665500,16.01166552734375,-0.95751953125,0.03448486328125,0.2445526123046875
1760554542499670500,16.02167041015625,-0.9562835693359375,0.0306396484375,0.24505615234375
1760554542509674200,16.03167431640625,-0.9611358642578125,0.0438385009765625,0.2431793212890625
1760554542519678500,16.041678466796874,-0.96710205078125,0.056365966796875,0.23992919921875
1760554542529683500,16.051683349609377,-0.971771240234375,0.070709228515625,0.2362213134765625
1760554542539687400,16.0616875,-0.9786529541015625,0.082275390625,0.2367095947265625
1760554542549692400,16.0716923828125,-0.98358154296875,0.092864990234375,0.234588623046875
1760554542559696400,16.0816962890625,-0.9925689697265625,0.1090087890625,0.2310791015625
1760554542569700400,16.091700439453124,-0.9990234375,0.1262664794921875,0.2308197021484375
1760554542579705600,16.10170556640625,-0.99859619140625,0.120147705078125,0.2340545654296875
1760554542589709300,16.111709228515625,-0.9853973388671875,0.08807373046875,0.24505615234375
1760554542599713300,16.12171337890625,-0.96429443359375,0.031524658203125,0.25701904296875
1760554542609718300,16.13171826171875,-0.9302215576171875,-0.058349609375,0.2608184814453125
1760554542619722200,16.14172216796875,-0.9128570556640625,-0.108734130859375,0.2643585205078125
1760554542629726500,16.1517265625,-0.914581298828125,-0.1028900146484375,0.261627197265625
1760554542639731500,16.1617314453125,-0.9290924072265625,-0.0700531005859375,0.2595672607421875
1760554542649735400,16.1717353515625,-0.9444580078125,-0.0391693115234375,0.25262451171875
1760554542659739400,16.181739501953125,-0.953338623046875,-0.0166473388671875,0.25030517578125
1760554542669744400,16.191744384765624,-0.9592742919921875,-0.0009613037109375,0.2503204345703125
1760554542679748400,16.201748291015626,-0.9688873291015625,0.031341552734375,0.2467498779296875
1760554542689753300,16.21175341796875,-0.9881744384765625,0.0741119384765625,0.2446441650390625
1760554542699757300,16.22175732421875,-1.00177001953125,0.10784912109375,0.2399749755859375
1760554542709761300,16.23176123046875,-1.0028228759765625,0.10894775390625,0.2382659912109375
1760554542719766300,16.241766357421874,-0.9989471435546875,0.1030426025390625,0.246856689453125
1760554542729770500,16.2517705078125,-0.996551513671875,0.0915679931640625,0.248748779296875
1760554542739774500,16.2617744140625,-0.988555908203125,0.0719146728515625,0.2507781982421875
1760554542749779500,16.271779541015626,-0.9776153564453125,0.04168701171875,0.252716064453125
1760554542759783400,16.281783447265624,-0.9613800048828125,0.000823974609375,0.2542724609375
1760554542769787400,16.291787353515623,-0.9457244873046875,-0.039520263671875,0.2580718994140625
1760554542779792400,16.30179248046875,-0.9404144287109375,-0.0598602294921875,0.25579833984375
1760554542789796400,16.31179638671875,-0.9437713623046875,-0.0537872314453125,0.2530517578125
1760554542799801300,16.32180126953125,-0.951904296875,-0.0373687744140625,0.2530059814453125
1760554542809805300,16.331805419921874,-0.956268310546875,-0.0271453857421875,0.252410888671875
1760554542819809500,16.3418095703125,-0.957427978515625,-0.02618408203125,0.251556396484375
1760554542829814500,16.351814453125,-0.9590911865234375,-0.0239715576171875,0.2519378662109375
1760554542839819500,16.361819580078127,-0.96435546875,-0.0137176513671875,0.2518310546875
1760554542849823500,16.371823486328125,-0.978973388671875,0.021240234375,0.2553253173828125
1760554542859827500,16.381827392578124,-0.9903717041015625,0.050994873046875,0.2556610107421875
1760554542869832400,16.39183251953125,-0.993316650390625,0.0589599609375,0.25872802734375
1760554542879836400,16.40183642578125,-0.988006591796875,0.0424346923828125,0.2566680908203125
1760554542889840400,16.41184033203125,-0.97369384765625,0.00457763671875,0.2548675537109375
1760554542899845400,16.421845458984375,-0.9605255126953125,-0.0315704345703125,0.2531890869140625
1760554542909849300,16.431849365234374,-0.9528656005859375,-0.0506744384765625,0.25177001953125
1760554542919854300,16.441854248046877,-0.948516845703125,-0.0657806396484375,0.2512359619140625
1760554542929858600,16.451858642578124,-0.942413330078125,-0.080322265625,0.2490997314453125
1760554542939862500,16.461862548828126,-0.94329833984375,-0.0787353515625,0.245086669921875
1760554542949867500,16.471867431640625,-0.9471435546875,-0.0720062255859375,0.2468109130859375
1760554542959871200,16.481871337890624,-0.9449005126953125,-0.0788726806640625,0.2440643310546875
1760554542969875500,16.49187548828125,-0.9446563720703125,-0.0760498046875,0.2479095458984375
1760554542979880400,16.50188037109375,-0.9521026611328125,-0.056060791015625,0.2515869140625
1760554542989884400,16.511884521484376,-0.9613494873046875,-0.033416748046875,0.251434326171875
1760554542999888400,16.521888427734375,-0.9689178466796875,-0.011077880859375,0.2531585693359375
1760554543009893400,16.531893310546874,-0.977874755859375,0.0118865966796875,0.2534637451171875
1760554543019897300,16.5418974609375,-0.9783172607421875,0.0146484375,0.25531005859375
1760554543029902300,16.55190234375,-0.9762115478515625,0.0068511962890625,0.252899169921875
1760554543039906600,16.561906494140626,-0.97332763671875,0.003326416015625,0.253936767578125
1760554543049910300,16.57191015625,-0.9698944091796875,-0.0058441162109375,0.2503204345703125
1760554543059915300,16.581915283203124,-0.967193603515625,-0.01123046875,0.2476654052734375
1760554543069919200,16.591919189453126,-0.9688568115234375,-0.00006103515625,0.253173828125
1760554543079923500,16.60192333984375,-0.9673004150390625,-0.0024871826171875,0.2534027099609375
1760554543089928400,16.611928466796876,-0.957489013671875,-0.032623291015625,0.2444000244140625
1760554543099932400,16.621932373046874,-0.9471282958984375,-0.0547943115234375,0.250274658203125
1760554543109936400,16.631936279296873,-0.9365997314453125,-0.075286865234375,0.2516937255859375
1760554543119941400,16.64194140625,-0.9361419677734375,-0.074981689453125,0.2525634765625
1760554543129945600,16.651945556640626,-0.9478912353515625,-0.039459228515625,0.2556304931640625
1760554543139950600,16.66195068359375,-0.9582977294921875,-0.0096435546875,0.252410888671875
1760554543149954300,16.671954345703124,-0.965606689453125,0.010986328125,0.251800537109375
1760554543159958300,16.681958251953127,-0.9698638916015625,0.0215301513671875,0.25
1760554543169963300,16.69196337890625,-0.9708404541015625,0.030303955078125,0.250213623046875
1760554543179967500,16.701967529296876,-0.9789886474609375,0.05914306640625,0.252288818359375
1760554543189971500,16.711971435546875,-0.9847869873046875,0.07904052734375,0.2489776611328125
1760554543199976400,16.7219765625,-0.990875244140625,0.094879150390625,0.241546630859375
1760554543209980400,16.73198046875,-0.9933929443359375,0.0977325439453125,0.2385406494140625
1760554543219984400,16.741984375,-0.9933929443359375,0.10040283203125,0.2362823486328125
1760554543229989400,16.7519892578125,-0.9900665283203125,0.0921783447265625,0.2354583740234375
1760554543239993300,16.761993408203125,-0.9840087890625,0.0749664306640625,0.2388458251953125
1760554543249998300,16.771998291015624,-0.96826171875,0.0388336181640625,0.2445220947265625
1760554543260002300,16.782002197265626,-0.95977783203125,0.0239410400390625,0.246856689453125
1760554543270006500,16.792006591796873,-0.9625091552734375,0.0252685546875,0.244873046875
1760554543280011500,16.802011474609376,-0.9640655517578125,0.03314208984375,0.2459259033203125
1760554543290015500,16.812015380859375,-0.96807861328125,0.04248046875,0.2432098388671875
1760554543300019500,16.82201953125,-0.9717559814453125,0.05523681640625,0.24090576171875
1760554543310023400,16.8320234375,-0.974853515625,0.0657501220703125,0.2385101318359375
1760554543320027600,16.842027587890627,-0.9803009033203125,0.07330322265625,0.2384185791015625
1760554543330031600,16.852031494140626,-0.9853363037109375,0.078857421875,0.236480712890625
1760554543340036600,16.86203662109375,-0.9865875244140625,0.0872955322265625,0.2338409423828125
1760554543350040300,16.872040283203123,-0.988739013671875,0.090087890625,0.234588623046875
1760554543360045300,16.88204541015625,-0.9833526611328125,0.0809478759765625,0.2357330322265625
1760554543370049500,16.892049560546877,-0.9774932861328125,0.0647125244140625,0.241119384765625
1760554543380053500,16.902053466796875,-0.96331787109375,0.0343780517578125,0.2449493408203125
1760554543390058500,16.91205859375,-0.9520416259765625,0.0023040771484375,0.2501983642578125
1760554543400062500,16.9220625,-0.94439697265625,-0.017547607421875,0.253631591796875
1760554543410066700,16.932066650390624,-0.9420623779296875,-0.02520751953125,0.253692626953125
1760554543420071700,16.94207177734375,-0.9445953369140625,-0.0204925537109375,0.2523651123046875
1760554543430075400,16.952075439453125,-0.9457855224609375,-0.0193328857421875,0.25439453125
1760554543440079400,16.962079345703124,-0.946014404296875,-0.0122222900390625,0.2537994384765625
1760554543450084400,16.97208447265625,-0.954925537109375,0.00579833984375,0.24969482421875
1760554543460088600,16.982088623046874,-0.963134765625,0.02825927734375,0.246551513671875
1760554543470093600,16.992093505859376,-0.9671173095703125,0.04022216796875,0.2433929443359375
1760554543480097500,17.00209765625,-0.9735107421875,0.0593109130859375,0.241424560546875
1760554543490101500,17.0121015625,-0.97998046875,0.079010009765625,0.23712158203125
1760554543500106500,17.0221064453125,-0.98492431640625,0.097259521484375,0.2327728271484375
1760554543510110700,17.03211083984375,-0.99481201171875,0.1172027587890625,0.227294921875
1760554543520114400,17.042114501953126,-0.9980926513671875,0.12518310546875,0.224578857421875
1760554543530119400,17.052119384765625,-0.9962921142578125,0.126800537109375,0.2247161865234375
1760554543540123400,17.062123291015624,-0.99407958984375,0.1188507080078125,0.225311279296875
1760554543550128400,17.07212841796875,-0.9823760986328125,0.0887451171875,0.233062744140625
1760554543560132600,17.082132568359373,-0.9649505615234375,0.041046142578125,0.243072509765625
1760554543570136600,17.092136474609376,-0.9505157470703125,0.0011444091796875,0.2506256103515625
1760554543580141600,17.1021416015625,-0.9411468505859375,-0.015167236328125,0.2581634521484375
1760554543590145500,17.1121455078125,-0.9429779052734375,-0.0145416259765625,0.255828857421875
1760554543600149500,17.1221494140625,-0.95166015625,0.0032196044921875,0.250762939453125
1760554543610154800,17.13215478515625,-0.9576416015625,0.022125244140625,0.2472686767578125
1760554543620158500,17.142158447265626,-0.961181640625,0.0306243896484375,0.2454376220703125
1760554543630162400,17.152162353515624,-0.9603424072265625,0.0250701904296875,0.2440948486328125
1760554543640167400,17.16216748046875,-0.95562744140625,0.0190277099609375,0.24884033203125
1760554543650171400,17.17217138671875,-0.960113525390625,0.03070068359375,0.2464447021484375
1760554543660176600,17.1821767578125,-0.9644775390625,0.0475311279296875,0.2437744140625
1760554543670180600,17.1921806640625,-0.97039794921875,0.06573486328125,0.237579345703125
1760554543680184600,17.2021845703125,-0.9782562255859375,0.0821685791015625,0.2368621826171875
1760554543690189600,17.212189453125,-0.9775543212890625,0.08367919921875,0.2336273193359375
1760554543700193500,17.222193603515624,-0.978424072265625,0.0862579345703125,0.2316741943359375
1760554543710197500,17.232197509765626,-0.979156494140625,0.0890960693359375,0.23291015625
1760554543720202500,17.242202392578125,-0.9835357666015625,0.097686767578125,0.229949951171875
1760554543730206500,17.25220654296875,-0.9841461181640625,0.0988311767578125,0.2272491455078125
1760554543740210400,17.26221044921875,-0.9798431396484375,0.087615966796875,0.2318572998046875
1760554543750215400,17.27221533203125,-0.9752349853515625,0.0781097412109375,0.2335357666015625
1760554543760219600,17.2822197265625,-0.9697723388671875,0.0646820068359375,0.2367706298828125
1760554543770224600,17.292224609375,-0.9660797119140625,0.0526275634765625,0.239288330078125
1760554543780228600,17.302228515625,-0.966217041015625,0.04986572265625,0.240875244140625
1760554543790232300,17.312232421875,-0.9674835205078125,0.0539703369140625,0.2397918701171875
1760554543800237300,17.3222373046875,-0.9676513671875,0.059295654296875,0.238494873046875
1760554543810241500,17.332241455078126,-0.9690704345703125,0.0643157958984375,0.237701416015625
1760554543820245500,17.34224560546875,-0.9703521728515625,0.0619354248046875,0.2393341064453125
1760554543830250500,17.35225048828125,-0.9662933349609375,0.0555877685546875,0.2389373779296875
1760554543840254500,17.36225439453125,-0.966827392578125,0.05621337890625,0.2386474609375
1760554543850258700,17.3722587890625,-0.9702606201171875,0.06134033203125,0.2383270263671875
1760554543860263700,17.382263671875,-0.9718170166015625,0.066986083984375,0.2376251220703125
1760554543870267600,17.392267578125,-0.973480224609375,0.0703887939453125,0.2354278564453125
1760554543880272600,17.402272705078126,-0.97491455078125,0.071044921875,0.2356109619140625
1760554543890276400,17.4122763671875,-0.972442626953125,0.0670166015625,0.2374114990234375
1760554543900280600,17.422280517578123,-0.9702301025390625,0.058502197265625,0.241302490234375
1760554543910285600,17.43228564453125,-0.9700164794921875,0.0574798583984375,0.2400665283203125
1760554543920289500,17.44228955078125,-0.9732666015625,0.063934326171875,0.2391357421875
1760554543930293500,17.45229345703125,-0.9765777587890625,0.0672760009765625,0.23748779296875
1760554543940298500,17.462298583984374,-0.9751739501953125,0.06829833984375,0.2375946044921875
1760554543950302700,17.472302734375,-0.974395751953125,0.0624237060546875,0.2393341064453125
1760554543960306700,17.482306640625,-0.967559814453125,0.0458984375,0.243896484375
1760554543970311700,17.492311767578126,-0.9591064453125,0.0220489501953125,0.247222900390625
1760554543980315400,17.5023154296875,-0.9505615234375,0.0056915283203125,0.2503814697265625
1760554543990320400,17.5123203125,-0.951202392578125,0.0055694580078125,0.2496185302734375
1760554544000324600,17.52232470703125,-0.9553070068359375,0.0136566162109375,0.248779296875
1760554544010328600,17.53232861328125,-0.95892333984375,0.0247955322265625,0.2456817626953125
1760554544020333600,17.54233349609375,-0.9664459228515625,0.0414581298828125,0.2462158203125
1760554544030337500,17.552337646484375,-0.97039794921875,0.0543670654296875,0.2425994873046875
1760554544040341500,17.562341552734374,-0.9753265380859375,0.0613250732421875,0.240203857421875
1760554544050346500,17.572346435546876,-0.974853515625,0.0607452392578125,0.241180419921875
1760554544060350500,17.5823505859375,-0.9732666015625,0.055084228515625,0.241424560546875
1760554544070355500,17.59235546875,-0.9723663330078125,0.052215576171875,0.2418670654296875
1760554544080359400,17.602359375,-0.9731903076171875,0.0546417236328125,0.2420654296875
1760554544090363400,17.61236328125,-0.9760894775390625,0.0569915771484375,0.240966796875
1760554544100368400,17.622368408203126,-0.973724365234375,0.0568695068359375,0.24169921875
1760554544110372600,17.63237255859375,-0.972808837890625,0.0522308349609375,0.2424163818359375
1760554544120376600,17.64237646484375,-0.970123291015625,0.042877197265625,0.244842529296875
1760554544130381600,17.652381591796875,-0.9637451171875,0.034149169921875,0.245513916015625
1760554544140385500,17.662385498046874,-0.9604034423828125,0.020050048828125,0.2468719482421875
1760554544150389500,17.672389404296876,-0.960540771484375,0.0175018310546875,0.248443603515625
1760554544160394500,17.68239453125,-0.9604339599609375,0.019317626953125,0.2478790283203125
1760554544170398500,17.6923984375,-0.959442138671875,0.0174102783203125,0.247772216796875
1760554544180403500,17.702403564453125,-0.959991455078125,0.0169219970703125,0.2480926513671875
1760554544190407400,17.712407470703123,-0.958251953125,0.0168304443359375,0.2476043701171875
1760554544200411600,17.72241162109375,-0.962860107421875,0.0227203369140625,0.247711181640625
1760554544210416600,17.732416748046877,-0.96563720703125,0.0303802490234375,0.2456817626953125
1760554544220420600,17.742420654296875,-0.9687652587890625,0.042938232421875,0.2452545166015625
1760554544230424600,17.752424560546874,-0.97332763671875,0.048797607421875,0.2428741455078125
1760554544240429600,17.7624296875,-0.9743499755859375,0.0530242919921875,0.2416534423828125
1760554544250433500,17.77243359375,-0.97406005859375,0.0548248291015625,0.2418365478515625
1760554544260437500,17.7824375,-0.971832275390625,0.0503997802734375,0.2445831298828125
1760554544270442500,17.7924423828125,-0.9702606201171875,0.0424957275390625,0.2441864013671875
1760554544280446500,17.802446533203124,-0.9702301025390625,0.0408172607421875,0.24359130859375
1760554544290451500,17.812451416015627,-0.9693756103515625,0.03955078125,0.24432373046875
1760554544300455700,17.82245556640625,-0.968353271484375,0.0357513427734375,0.2464141845703125
1760554544310460400,17.83246044921875,-0.9650115966796875,0.0300750732421875,0.2470245361328125
1760554544320465400,17.84246533203125,-0.962921142578125,0.026458740234375,0.2463836669921875
1760554544330469400,17.852469482421874,-0.9633331298828125,0.0260772705078125,0.247528076171875
1760554544340473300,17.862473388671877,-0.965362548828125,0.0287322998046875,0.2471923828125
1760554544350478300,17.872478271484376,-0.967987060546875,0.0352325439453125,0.24609375
1760554544360482300,17.882482421875,-0.9697723388671875,0.04241943359375,0.245330810546875
1760554544370487300,17.8924873046875,-0.9716339111328125,0.0444183349609375,0.24200439453125
1760554544380491300,17.9024912109375,-0.9721832275390625,0.0447845458984375,0.2439727783203125
1760554544390495200,17.9124951171875,-0.971435546875,0.0449371337890625,0.244873046875
1760554544400500200,17.922500244140625,-0.9710693359375,0.0421295166015625,0.2450408935546875
1760554544410504400,17.93250439453125,-0.9690704345703125,0.0404052734375,0.24615478515625
1760554544420508400,17.94250830078125,-0.9680328369140625,0.0389556884765625,0.2451019287109375
1760554544430513400,17.952513427734374,-0.970855712890625,0.0425262451171875,0.24432373046875
1760554544440517400,17.962517333984376,-0.971221923828125,0.0420684814453125,0.2461395263671875
1760554544450522400,17.9725224609375,-0.9689788818359375,0.0393829345703125,0.24603271484375
1760554544460526300,17.9825263671875,-0.9697418212890625,0.0371856689453125,0.2451934814453125
1760554544470530300,17.9925302734375,-0.970001220703125,0.0389251708984375,0.2459716796875
1760554544480535300,18.002535400390624,-0.9693145751953125,0.0379638671875,0.24517822265625
1760554544490539300,18.012539306640626,-0.9693145751953125,0.0394744873046875,0.2456817626953125
1760554544500543200,18.022543212890625,-0.9701385498046875,0.040374755859375,0.2453765869140625
1760554544510548500,18.032548583984376,-0.9699859619140625,0.037200927734375,0.2456207275390625
1760554544520552400,18.042552490234375,-0.968414306640625,0.03265380859375,0.2460174560546875
1760554544530556200,18.05255615234375,-0.9676513671875,0.029266357421875,0.24591064453125
1760554544540561200,18.06256103515625,-0.9674224853515625,0.0325775146484375,0.246246337890625
1760554544550565000,18.072565185546875,-0.9696502685546875,0.0354766845703125,0.2448883056640625
1760554544560570400,18.0825703125,-0.969451904296875,0.036651611328125,0.2453765869140625
1760554544570574300,18.09257421875,-0.9692840576171875,0.0360565185546875,0.24737548828125
1760554544580578300,18.102578369140623,-0.9681396484375,0.0325775146484375,0.2475433349609375
1760554544590583300,18.112583251953126,-0.9680633544921875,0.0296478271484375,0.2466583251953125
1760554544600587300,18.122587158203125,-0.967620849609375,0.02630615234375,0.2466278076171875
1760554544610591500,18.132591552734375,-0.96728515625,0.0252838134765625,0.2481536865234375
1760554544620596500,18.142596435546874,-0.966827392578125,0.022735595703125,0.24847412109375
1760554544630600200,18.15260009765625,-0.9658355712890625,0.021636962890625,0.2469482421875
1760554544640605200,18.162605224609376,-0.9627838134765625,0.019256591796875,0.2475433349609375
1760554544650609200,18.172609130859374,-0.9640350341796875,0.01727294921875,0.24688720703125
1760554544660613400,18.18261328125,-0.9639739990234375,0.0144500732421875,0.24737548828125
1760554544670618400,18.192618408203124,-0.964385986328125,0.0133819580078125,0.2490997314453125
1760554544680622300,18.202622314453127,-0.9659881591796875,0.016082763671875,0.24798583984375
1760554544690626300,18.212626220703125,-0.965606689453125,0.0229949951171875,0.2472686767578125
1760554544700631300,18.22263134765625,-0.9688720703125,0.02960205078125,0.24700927734375
1760554544710635500,18.232635498046875,-0.971771240234375,0.03448486328125,0.247467041015625
1760554544720639200,18.24263916015625,-0.969818115234375,0.03704833984375,0.2449493408203125
1760554544730644200,18.252644287109376,-0.9705047607421875,0.033935546875,0.2462310791015625
1760554544740648200,18.262648193359375,-0.970123291015625,0.030120849609375,0.247833251953125
1760554544750653200,18.272653076171874,-0.9703521728515625,0.0282135009765625,0.2483062744140625
1760554544760657400,18.282657470703125,-0.968231201171875,0.027862548828125,0.246368408203125
1760554544770661400,18.292661376953124,-0.9713287353515625,0.030792236328125,0.2497100830078125
1760554544780666400,18.302666259765626,-0.972076416015625,0.032989501953125,0.248687744140625
1760554544790670300,18.31267041015625,-0.971221923828125,0.030548095703125,0.2491302490234375
1760554544800674300,18.32267431640625,-0.968505859375,0.023681640625,0.24884033203125
1760554544810679600,18.332679443359375,-0.9636993408203125,0.0108795166015625,0.2490081787109375
1760554544820683300,18.342683349609374,-0.9556884765625,-0.0063323974609375,0.251129150390625
1760554544830688300,18.352688232421876,-0.9550628662109375,-0.0107574462890625,0.249786376953125
1760554544840692200,18.362692138671875,-0.9557647705078125,-0.0086822509765625,0.2509765625
1760554544850696400,18.372696533203126,-0.9593658447265625,-0.0028839111328125,0.2494049072265625
1760554544860701400,18.382701416015625,-0.9596405029296875,0.0031585693359375,0.2492523193359375
1760554544870705400,18.392705322265623,-0.9651641845703125,0.0153656005859375,0.24896240234375
1760554544880709400,18.40270947265625,-0.9696502685546875,0.0260772705078125,0.24884033203125
1760554544890714400,18.41271435546875,-0.973052978515625,0.0360870361328125,0.2474517822265625
1760554544900718300,18.42271826171875,-0.97674560546875,0.0455780029296875,0.2450408935546875
1760554544910723300,18.432723388671874,-0.97674560546875,0.0487823486328125,0.24566650390625
1760554544920727300,18.442727294921873,-0.9787139892578125,0.0493927001953125,0.24566650390625
1760554544930731300,18.452731201171876,-0.9759521484375,0.04669189453125,0.245391845703125
1760554544940736300,18.462736328125,-0.9755859375,0.0461883544921875,0.2464447021484375
1760554544950740200,18.472740234375,-0.974151611328125,0.038330078125,0.24591064453125
1760554544960744400,18.482744384765624,-0.970489501953125,0.0295562744140625,0.24755859375
1760554544970749400,18.49274951171875,-0.9648590087890625,0.0177001953125,0.248626708984375
1760554544980753400,18.50275341796875,-0.9607391357421875,0.00152587890625,0.2495880126953125
1760554544990757000,18.512757080078124,-0.956573486328125,-0.0049896240234375,0.2518157958984375
1760554545000762000,18.52276220703125,-0.9581298828125,-0.00372314453125,0.25067138671875
1760554545010766300,18.532766357421874,-0.96044921875,0.0009307861328125,0.24810791015625
1760554545020771300,18.542771240234377,-0.960845947265625,0.0107421875,0.248870849609375
1760554545030775300,18.552775390625,-0.9668731689453125,0.0192413330078125,0.247955322265625
1760554545040779300,18.562779296875,-0.969451904296875,0.0273284912109375,0.247772216796875
1760554545050784300,18.5727841796875,-0.973114013671875,0.0384979248046875,0.2468109130859375
1760554545060788500,18.58278857421875,-0.9766845703125,0.0460052490234375,0.24725341796875
1760554545070792400,18.59279248046875,-0.9775543212890625,0.047760009765625,0.2470703125
1760554545080797400,18.60279736328125,-0.9739990234375,0.0443878173828125,0.2443389892578125
1760554545090801200,18.61280126953125,-0.9741058349609375,0.03826904296875,0.2473297119140625
1760554545100806100,18.62280615234375,-0.9751739501953125,0.0340576171875,0.2485198974609375
1760554545110810400,18.632810302734374,-0.971405029296875,0.030517578125,0.2493133544921875
1760554545120814300,18.642814453125,-0.9680938720703125,0.02178955078125,0.24761962890625
1760554545130819300,18.6528193359375,-0.96533203125,0.01483154296875,0.24945068359375
1760554545140823300,18.6628232421875,-0.9618682861328125,0.0110626220703125,0.25079345703125
1760554545150827500,18.67282763671875,-0.9608612060546875,0.0032196044921875,0.2502288818359375
1760554545160832500,18.68283251953125,-0.960845947265625,-0.0001220703125,0.25103759765625
1760554545170836200,18.692836181640626,-0.9635009765625,0.0070343017578125,0.2494659423828125
1760554545180840200,18.702840087890625,-0.9651031494140625,0.010772705078125,0.2486724853515625
1760554545190845200,18.71284521484375,-0.9647216796875,0.0134429931640625,0.2499542236328125
1760554545200849400,18.722849365234374,-0.96728515625,0.020355224609375,0.248077392578125
1760554545210854400,18.7328544921875,-0.9688568115234375,0.024505615234375,0.2491912841796875
1760554545220858400,18.7428583984375,-0.9713134765625,0.0272674560546875,0.248687744140625
1760554545230862300,18.7528623046875,-0.97271728515625,0.0311431884765625,0.2501068115234375
1760554545240867300,18.762867431640625,-0.9723663330078125,0.030853271484375,0.2470703125
1760554545250871300,18.772871337890624,-0.9712982177734375,0.030364990234375,0.2480316162109375
1760554545260875300,18.782875244140627,-0.97100830078125,0.0271759033203125,0.2481231689453125
1760554545270880300,18.79288037109375,-0.9678955078125,0.02105712890625,0.248626708984375
1760554545280884200,18.80288427734375,-0.969635009765625,0.0214996337890625,0.247711181640625
1760554545290888200,18.81288818359375,-0.9688262939453125,0.021575927734375,0.248077392578125
1760554545300893200,18.82289306640625,-0.968658447265625,0.0181732177734375,0.250213623046875
1760554545310896600,18.832896728515625,-0.967041015625,0.0135040283203125,0.2495880126953125
1760554545320901600,18.842901611328124,-0.968475341796875,0.0151214599609375,0.2493438720703125
1760554545330905600,18.852905517578126,-0.969024658203125,0.017730712890625,0.2489013671875
1760554545340909800,18.862909912109377,-0.969818115234375,0.0177459716796875,0.2489471435546875
1760554545350914800,18.872914794921876,-0.9704132080078125,0.0188140869140625,0.248931884765625
1760554545360918800,18.882918701171874,-0.9701080322265625,0.0213165283203125,0.249237060546875
1760554545370922500,18.892922607421873,-0.9722137451171875,0.02423095703125,0.248138427734375
1760554545380927500,18.902927490234376,-0.9751739501953125,0.0293121337890625,0.25006103515625
1760554545390931700,18.912931640625,-0.97607421875,0.0278472900390625,0.24932861328125
1760554545400936700,18.922936767578125,-0.9742279052734375,0.02862548828125,0.2499237060546875
1760554545410940700,18.932940673828124,-0.9712677001953125,0.0214996337890625,0.2494964599609375
1760554545420944600,18.942944580078127,-0.9687652587890625,0.0109100341796875,0.2509613037109375
1760554545430949600,18.95294970703125,-0.9681549072265625,0.0063018798828125,0.25213623046875
1760554545440953900,18.962953857421876,-0.964019775390625,-0.0001373291015625,0.2510833740234375
1760554545450957600,18.97295751953125,-0.9619293212890625,-0.0097808837890625,0.250946044921875
1760554545460962600,18.982962646484374,-0.9605560302734375,-0.0137481689453125,0.2503814697265625
1760554545470966500,18.992966552734377,-0.96063232421875,-0.012969970703125,0.2511138916015625
1760554545480971500,19.002971435546876,-0.9615631103515625,-0.0115966796875,0.2499237060546875
1760554545490975700,19.012975830078126,-0.963531494140625,-0.0073699951171875,0.2515869140625
1760554545500979700,19.022979736328125,-0.9633941650390625,-0.007171630859375,0.2512359619140625
1760554545510984700,19.032984619140624,-0.9657440185546875,-0.00433349609375,0.2509765625
1760554545520988700,19.04298876953125,-0.96588134765625,-0.00250244140625,0.25189208984375
1760554545530992600,19.05299267578125,-0.9671783447265625,0.00103759765625,0.2504425048828125
1760554545540997600,19.06299755859375,-0.971893310546875,0.0081634521484375,0.2516326904296875
1760554545551001600,19.073001708984375,-0.9727325439453125,0.015167236328125,0.2514495849609375
1760554545561005600,19.083005615234374,-0.973236083984375,0.015869140625,0.25115966796875
1760554545571010600,19.093010498046876,-0.974578857421875,0.015899658203125,0.2512969970703125
1760554545581014500,19.1030146484375,-0.975799560546875,0.0153656005859375,0.2520751953125
1760554545591019500,19.11301953125,-0.97314453125,0.0135498046875,0.2518310546875
1760554545601023700,19.123023681640625,-0.9701080322265625,0.0060882568359375,0.252960205078125
1760554545611027700,19.13302783203125,-0.9676971435546875,-0.0031585693359375,0.251495361328125
1760554545621032700,19.14303271484375,-0.96783447265625,-0.0047149658203125,0.2511444091796875
1760554545631036700,19.15303662109375,-0.966339111328125,-0.0066680908203125,0.2509765625
1760554545641040600,19.16304052734375,-0.963348388671875,-0.016387939453125,0.253173828125
1760554545651045600,19.173045654296875,-0.9580535888671875,-0.031158447265625,0.25152587890625
1760554545661049600,19.183049560546873,-0.955047607421875,-0.0388336181640625,0.2497406005859375
1760554545671054600,19.1930546875,-0.956634521484375,-0.032806396484375,0.2499847412109375
1760554545681058600,19.20305859375,-0.962188720703125,-0.0217742919921875,0.2515716552734375
1760554545691062800,19.213062744140625,-0.9673614501953125,-0.00750732421875,0.2515869140625
1760554545701067800,19.22306787109375,-0.970550537109375,0.001617431640625,0.251251220703125
1760554545711071700,19.23307177734375,-0.971038818359375,0.00128173828125,0.250274658203125
1760554545721075500,19.243075439453126,-0.9709014892578125,0.00140380859375,0.253509521484375
1760554545731080400,19.25308056640625,-0.970916748046875,0.00079345703125,0.2534332275390625
1760554545741084700,19.263084716796875,-0.970367431640625,0.0007171630859375,0.2534942626953125
1760554545751088600,19.273088623046874,-0.9724884033203125,0.0037078857421875,0.2521514892578125
1760554545761093600,19.28309375,-0.971710205078125,0.0019683837890625,0.2530059814453125
1760554545771097600,19.29309765625,-0.968963623046875,-0.009521484375,0.25250244140625
1760554545781102600,19.3031025390625,-0.9630126953125,-0.02337646484375,0.2533721923828125
1760554545791106800,19.31310693359375,-0.957122802734375,-0.034942626953125,0.251617431640625
1760554545801110800,19.32311083984375,-0.951568603515625,-0.0477142333984375,0.248809814453125
1760554545811115800,19.33311572265625,-0.95098876953125,-0.048980712890625,0.2501983642578125
1760554545821119500,19.343119384765625,-0.949127197265625,-0.0535125732421875,0.2482147216796875
1760554545831123700,19.353123779296876,-0.94854736328125,-0.0557403564453125,0.2481536865234375
1760554545841128700,19.363128662109375,-0.9504241943359375,-0.0473175048828125,0.251251220703125
1760554545851132700,19.373132568359374,-0.95367431640625,-0.0375213623046875,0.2523193359375
1760554545861137700,19.3831376953125,-0.961181640625,-0.018707275390625,0.255706787109375
1760554545871141600,19.3931416015625,-0.967376708984375,-0.00146484375,0.2533416748046875
1760554545881145600,19.4031455078125,-0.9720458984375,0.0117645263671875,0.2508544921875
1760554545891150600,19.413150634765625,-0.98028564453125,0.0318603515625,0.2533721923828125
1760554545901154800,19.42315478515625,-0.9847259521484375,0.0394287109375,0.2512054443359375
1760554545911158500,19.433158447265626,-0.98455810546875,0.0442962646484375,0.2513427734375
1760554545921163500,19.44316357421875,-0.98443603515625,0.0437164306640625,0.2509613037109375
1760554545931167500,19.45316748046875,-0.98394775390625,0.0469512939453125,0.2498626708984375
1760554545941171700,19.463171630859375,-0.983917236328125,0.0458526611328125,0.250518798828125
1760554545951176700,19.4731767578125,-0.982269287109375,0.04278564453125,0.25030517578125
1760554545961180700,19.4831806640625,-0.97857666015625,0.033477783203125,0.2497100830078125
1760554545971185700,19.493185546875,-0.9716796875,0.01495361328125,0.250823974609375
1760554545981189600,19.503189697265626,-0.9620361328125,-0.011383056640625,0.251190185546875
1760554545991193600,19.513193603515624,-0.9490966796875,-0.0401153564453125,0.2541961669921875
1760554546001198800,19.52319873046875,-0.940643310546875,-0.062469482421875,0.253143310546875
1760554546011202600,19.53320263671875,-0.94012451171875,-0.06396484375,0.25286865234375
1760554546021206500,19.54320654296875,-0.941864013671875,-0.0552520751953125,0.2523345947265625
1760554546031211500,19.55321142578125,-0.94781494140625,-0.039031982421875,0.2531280517578125
1760554546041215700,19.5632158203125,-0.9594879150390625,-0.0127410888671875,0.2531280517578125
1760554546051220700,19.573220703125,-0.97052001953125,0.0183868408203125,0.251312255859375
1760554546061224700,19.583224609375,-0.981903076171875,0.042816162109375,0.2463531494140625
1760554546071228700,19.593228759765626,-0.984527587890625,0.0474090576171875,0.2488861083984375
1760554546081233700,19.603233642578125,-0.983795166015625,0.0512237548828125,0.24725341796875
1760554546091237600,19.613237548828124,-0.9830322265625,0.052886962890625,0.2457733154296875
1760554546101241600,19.62324169921875,-0.9857940673828125,0.0584869384765625,0.246612548828125
1760554546111246600,19.63324658203125,-0.989532470703125,0.0662994384765625,0.24761962890625
1760554546121250600,19.64325048828125,-0.9900054931640625,0.0688323974609375,0.2465667724609375
1760554546131255600,19.653255615234375,-0.98675537109375,0.060943603515625,0.2467193603515625
1760554546141259800,19.663259765625,-0.9791412353515625,0.0389862060546875,0.2493133544921875
1760554546151263700,19.673263671875,-0.9661102294921875,0.0066375732421875,0.25030517578125
1760554546161268700,19.683268798828124,-0.9524993896484375,-0.0229949951171875,0.2523040771484375
1760554546171272700,19.693272705078126,-0.94317626953125,-0.04681396484375,0.2534027099609375
1760554546181276700,19.703276611328125,-0.943023681640625,-0.048126220703125,0.2517852783203125
1760554546191281700,19.71328173828125,-0.950042724609375,-0.0330657958984375,0.251983642578125
1760554546201285600,19.72328564453125,-0.9591217041015625,-0.011627197265625,0.2507476806640625
1760554546211289600,19.73328955078125,-0.9661712646484375,0.01287841796875,0.2487640380859375
1760554546221294600,19.743294677734376,-0.9734649658203125,0.027740478515625,0.2484893798828125
1760554546231298600,19.753298583984375,-0.9764404296875,0.0352630615234375,0.248382568359375
1760554546241303800,19.7633037109375,-0.9774932861328125,0.035003662109375,0.24859619140625
1760554546251307800,19.773307861328124,-0.9747161865234375,0.0287322998046875,0.24920654296875
1760554546261311700,19.783311767578127,-0.9709625244140625,0.02496337890625,0.2496185302734375
1760554546271316700,19.793316650390626,-0.973358154296875,0.024749755859375,0.2510986328125
1760554546281320400,19.803320556640625,-0.971954345703125,0.02215576171875,0.2515411376953125
1760554546291324700,19.81332470703125,-0.971221923828125,0.0192108154296875,0.2511749267578125
1760554546301329700,19.82332958984375,-0.9704132080078125,0.0166473388671875,0.2496795654296875
1760554546311334100,19.833334228515625,-0.9707794189453125,0.019439697265625,0.250030517578125
1760554546321339100,19.843339111328124,-0.96868896484375,0.0117034912109375,0.25067138671875
1760554546331343000,19.853343017578126,-0.9649505615234375,0.0045928955078125,0.250274658203125
1760554546341347300,19.863347412109373,-0.9633941650390625,-0.000244140625,0.2498931884765625
1760554546351352300,19.873352294921876,-0.9600372314453125,-0.00872802734375,0.250335693359375
1760554546361356300,19.883356201171875,-0.960968017578125,-0.0073089599609375,0.2517852783203125
1760554546371360300,19.8933603515625,-0.9655914306640625,0.004913330078125,0.2533111572265625
1760554546381365200,19.903365234375,-0.9712066650390625,0.0151214599609375,0.2516632080078125
1760554546391369200,19.913369140625,-0.9714813232421875,0.0143890380859375,0.2460784912109375
1760554546401373200,19.923373291015626,-0.9680633544921875,0.01055908203125,0.252227783203125
1760554546411378200,19.933378173828125,-0.965728759765625,0.0024871826171875,0.2487945556640625
1760554546421382100,19.943382080078123,-0.9644012451171875,-0.0049285888671875,0.2477569580078125
1760554546431387100,19.95338720703125,-0.9639129638671875,-0.000213623046875,0.2504119873046875
1760554546441391000,19.96339111328125,-0.96697998046875,0.005279541015625,0.2498321533203125
1760554546451395300,19.973395263671875,-0.97015380859375,0.0108795166015625,0.2501068115234375
1760554546461400300,19.983400390625,-0.965576171875,0.0023956298828125,0.249664306640625
1760554546471403000,19.993403076171877,-0.96240234375,-0.003662109375,0.249053955078125
1760554546481408000,20.003407958984376,-0.9620819091796875,-0.00775146484375,0.2501373291015625
1760554546491412200,20.013412109375,-0.9603729248046875,-0.009185791015625,0.2529296875
1760554546501417200,20.023417236328125,-0.9654083251953125,0.003082275390625,0.2523956298828125
1760554546511421200,20.033421142578124,-0.9700775146484375,0.012664794921875,0.2497100830078125
1760554546521425200,20.043425048828126,-0.9736175537109375,0.022125244140625,0.2490692138671875
1760554546531430100,20.05343017578125,-0.9726409912109375,0.0216827392578125,0.2491302490234375
1760554546541434400,20.063434326171876,-0.9722900390625,0.0212860107421875,0.2501220703125
1760554546551438000,20.07343798828125,-0.9716949462890625,0.0223541259765625,0.2490234375
1760554546561443000,20.083443115234374,-0.968170166015625,0.0171661376953125,0.2486572265625
1760554546571447000,20.093447021484376,-0.97119140625,0.0191497802734375,0.2491302490234375
1760554546581452000,20.1034521484375,-0.9710235595703125,0.0220184326171875,0.2501068115234375
1760554546591456300,20.113456298828126,-0.97296142578125,0.024261474609375,0.2501678466796875
1760554546601460200,20.123460205078125,-0.9717254638671875,0.018951416015625,0.2458953857421875
1760554546611465200,20.13346533203125,-0.9709014892578125,0.0221405029296875,0.2472686767578125
1760554546621469200,20.14346923828125,-0.9678497314453125,0.01287841796875,0.2469940185546875
1760554546631473400,20.153473388671873,-0.96331787109375,-0.0009002685546875,0.2481231689453125
1760554546641478400,20.163478515625,-0.961669921875,-0.004119873046875,0.2500152587890625
1760554546651482000,20.173482177734375,-0.96466064453125,0.0035247802734375,0.250213623046875
1760554546661487000,20.183487060546874,-0.966583251953125,0.010467529296875,0.2482147216796875
1760554546671491000,20.193490966796876,-0.970367431640625,0.0224151611328125,0.2493743896484375
1760554546681495300,20.203495361328127,-0.973724365234375,0.0266265869140625,0.2486724853515625
1760554546691500300,20.213500244140626,-0.9736480712890625,0.025177001953125,0.2480010986328125
1760554546701504300,20.223504150390625,-0.97528076171875,0.02569580078125,0.24566650390625
1760554546711508200,20.23350830078125,-0.9739990234375,0.0269317626953125,0.246917724609375
1760554546721513200,20.24351318359375,-0.9760589599609375,0.02886962890625,0.2463531494140625
1760554546731517200,20.25351708984375,-0.979522705078125,0.03887939453125,0.2502899169921875
1760554546741522200,20.263522216796876,-0.9798126220703125,0.03936767578125,0.248443603515625
1760554546751526100,20.273526123046874,-0.981689453125,0.041351318359375,0.249603271484375
1760554546761530000,20.283530029296877,-0.9802398681640625,0.0342559814453125,0.2496490478515625
1760554546771535000,20.29353515625,-0.9743194580078125,0.020294189453125,0.24981689453125
1760554546781539300,20.303539306640626,-0.970367431640625,0.0115814208984375,0.2494049072265625
1760554546791543300,20.313543212890625,-0.9695892333984375,0.003082275390625,0.2489013671875
1760554546801548300,20.32354833984375,-0.9638214111328125,-0.0118865966796875,0.25146484375
1760554546811552300,20.33355224609375,-0.9610748291015625,-0.019927978515625,0.2502899169921875
1760554546821556000,20.343555908203125,-0.9634552001953125,-0.015289306640625,0.25067138671875
1760554546831561200,20.353561279296876,-0.96234130859375,-0.0171966552734375,0.251861572265625
1760554546841566200,20.363566162109375,-0.96044921875,-0.025665283203125,0.24945068359375
1760554546851570200,20.373570068359374,-0.9639434814453125,-0.01904296875,0.250274658203125
1760554546861574100,20.38357421875,-0.978240966796875,0.011810302734375,0.2523956298828125
1760554546871579100,20.3935791015625,-0.9847259521484375,0.027984619140625,0.2567138671875
1760554546881583000,20.4035830078125,-0.9923858642578125,0.0459442138671875,0.2586212158203125
1760554546891588000,20.413588134765625,-0.9922637939453125,0.041900634765625,0.2584075927734375
1760554546901592300,20.42359228515625,-0.986328125,0.0262451171875,0.259307861328125
1760554546911596300,20.43359619140625,-0.9757080078125,-0.0026702880859375,0.2591094970703125
1760554546921601300,20.443601318359374,-0.9688720703125,-0.0264892578125,0.2561492919921875
1760554546931605000,20.45360498046875,-0.9593048095703125,-0.05133056640625,0.2561798095703125
1760554546941609200,20.463609130859375,-0.9482879638671875,-0.0836029052734375,0.2525787353515625
1760554546951614200,20.4736142578125,-0.9357147216796875,-0.113922119140625,0.2415618896484375
1760554546961618200,20.4836181640625,-0.92755126953125,-0.1427154541015625,0.230377197265625
1760554546971623200,20.493623046875,-0.9171295166015625,-0.1716461181640625,0.2216339111328125
1760554546981627100,20.503627197265626,-0.9145965576171875,-0.17437744140625,0.223602294921875
1760554546991631400,20.51363134765625,-0.9332427978515625,-0.134857177734375,0.2307281494140625
1760554547001636400,20.52363623046875,-0.954803466796875,-0.0783233642578125,0.2421875
1760554547011640300,20.533640380859374,-0.9715118408203125,-0.036102294921875,0.2509002685546875
1760554547021644000,20.54364404296875,-0.9848785400390625,-0.00250244140625,0.25848388671875
1760554547031649000,20.55364892578125,-0.9942474365234375,0.0240020751953125,0.266632080078125
1760554547041653200,20.5636533203125,-0.996429443359375,0.0294036865234375,0.2646636962890625
1760554547051658200,20.573658203125,-0.9932708740234375,0.020263671875,0.2627716064453125
1760554547061662200,20.583662109375,-0.9864501953125,0.0054779052734375,0.2621612548828125
1760554547071666200,20.593666259765627,-0.9785308837890625,-0.0139312744140625,0.258209228515625
1760554547081671200,20.603671142578126,-0.9729156494140625,-0.030364990234375,0.2559967041015625
1760554547091675400,20.61367529296875,-0.963775634765625,-0.05322265625,0.25201416015625
1760554547101679000,20.62367919921875,-0.949981689453125,-0.0892486572265625,0.244232177734375
1760554547111684000,20.63368408203125,-0.9294281005859375,-0.141845703125,0.2294158935546875
1760554547121688000,20.64368798828125,-0.9179229736328125,-0.1631011962890625,0.22705078125
1760554547131693000,20.653693115234375,-0.9273529052734375,-0.1473846435546875,0.230316162109375
1760554547141697300,20.663697265625,-0.94293212890625,-0.102508544921875,0.24090576171875
1760554547151701200,20.673701171875,-0.961151123046875,-0.05731201171875,0.249176025390625
1760554547161706200,20.683706298828124,-0.9732513427734375,-0.0285491943359375,0.254913330078125
1760554547171710200,20.693710205078126,-0.978607177734375,-0.0137176513671875,0.25836181640625
1760554547181714200,20.703714111328125,-0.97344970703125,-0.0236663818359375,0.253387451171875
1760554547191719200,20.71371923828125,-0.959197998046875,-0.0545654296875,0.2482757568359375
1760554547201723100,20.72372314453125,-0.95208740234375,-0.0662841796875,0.2480316162109375
1760554547211728100,20.73372802734375,-0.958526611328125,-0.042877197265625,0.2548675537109375
1760554547221732000,20.743732177734376,-0.97430419921875,-0.009613037109375,0.259002685546875
1760554547231736000,20.753736083984375,-0.983428955078125,0.0178985595703125,0.2586517333984375
1760554547241741000,20.763740966796874,-0.9893951416015625,0.0305633544921875,0.2589569091796875
1760554547251745300,20.773745361328125,-0.9831085205078125,0.0179290771484375,0.2582855224609375
1760554547261749200,20.783749267578123,-0.9786224365234375,0.0099945068359375,0.2542724609375
1760554547271754200,20.793754150390626,-0.9784698486328125,0.0030975341796875,0.25335693359375
1760554547281758200,20.80375830078125,-0.9731597900390625,-0.007965087890625,0.252716064453125
1760554547291763200,20.81376318359375,-0.970916748046875,-0.009796142578125,0.2540283203125
1760554547301767200,20.82376708984375,-0.9742889404296875,0.001129150390625,0.2539215087890625
1760554547311770600,20.8337705078125,-0.977447509765625,0.0116424560546875,0.2542572021484375
1760554547321775600,20.843775634765624,-0.9705810546875,-0.0092010498046875,0.253662109375
1760554547331779800,20.85377978515625,-0.9591064453125,-0.0350799560546875,0.2503662109375
1760554547341783800,20.86378369140625,-0.9571380615234375,-0.0412750244140625,0.2484893798828125
1760554547351788800,20.873788818359376,-0.9592742919921875,-0.03558349609375,0.2490386962890625
1760554547361792800,20.883792724609375,-0.9636993408203125,-0.0246734619140625,0.2497100830078125
1760554547371797800,20.8937978515625,-0.9708404541015625,-0.01348876953125,0.251983642578125
1760554547381801700,20.9038017578125,-0.9746856689453125,-0.0021820068359375,0.2543487548828125
1760554547391806000,20.913805908203123,-0.97705078125,0.0047149658203125,0.2520294189453125
1760554547401811000,20.92381103515625,-0.9783935546875,0.010009765625,0.253997802734375
1760554547411814700,20.933814697265625,-0.9796295166015625,0.01055908203125,0.2544097900390625
1760554547421818600,20.943818603515624,-0.9786224365234375,0.0064849853515625,0.256378173828125
1760554547431823600,20.95382373046875,-0.9760589599609375,0.0001068115234375,0.2541656494140625
1760554547441827800,20.963827880859377,-0.9727783203125,-0.0079803466796875,0.2523956298828125
1760554547451832800,20.973832763671876,-0.9729766845703125,-0.0108184814453125,0.2528533935546875
1760554547461836800,20.9838369140625,-0.9719085693359375,-0.0110626220703125,0.256561279296875
1760554547471840800,20.9938408203125,-0.975372314453125,-0.007781982421875,0.2555084228515625
1760554547481845800,21.003845703125,-0.9755859375,-0.00640869140625,0.2540283203125
1760554547491849700,21.013849609375,-0.9737548828125,-0.01605224609375,0.255096435546875
1760554547501853700,21.023853759765625,-0.965057373046875,-0.038848876953125,0.252655029296875
1760554547511858700,21.033858642578124,-0.9612579345703125,-0.05194091796875,0.2482757568359375
1760554547521862700,21.043862548828123,-0.9593963623046875,-0.05853271484375,0.2478485107421875
1760554547531867600,21.05386767578125,-0.9619598388671875,-0.0509033203125,0.2514495849609375
1760554547541871900,21.063871826171876,-0.96697998046875,-0.0362396240234375,0.251861572265625
1760554547551875800,21.073875732421875,-0.9710693359375,-0.03118896484375,0.2535247802734375
1760554547561880800,21.083880859375,-0.9721832275390625,-0.032135009765625,0.2526092529296875
1760554547571884800,21.093884765625,-0.9670257568359375,-0.0425567626953125,0.2523040771484375
1760554547581888800,21.103888671875,-0.96337890625,-0.0558929443359375,0.249481201171875
1760554547591893800,21.113893798828126,-0.9656219482421875,-0.05914306640625,0.2480621337890625
1760554547601897700,21.123897705078125,-0.9635467529296875,-0.058807373046875,0.24835205078125
1760554547611901700,21.133901611328124,-0.9671630859375,-0.05096435546875,0.2508544921875
1760554547621906700,21.14390673828125,-0.9750823974609375,-0.0315399169921875,0.2552337646484375
1760554547631911000,21.153910888671874,-0.979400634765625,-0.0227203369140625,0.2574615478515625
1760554547641916000,21.163916015625,-0.9756317138671875,-0.0354766845703125,0.255615234375
1760554547651920000,21.173919921875,-0.96795654296875,-0.0549163818359375,0.252838134765625
1760554547661923800,21.183923828125,-0.9630126953125,-0.070098876953125,0.2491302490234375
1760554547671928800,21.1939287109375,-0.957305908203125,-0.0851593017578125,0.24542236328125
1760554547681932800,21.203932861328123,-0.945037841796875,-0.1204681396484375,0.2315521240234375
1760554547691936800,21.213936767578126,-0.9412841796875,-0.134521484375,0.22711181640625
1760554547701941800,21.223941650390625,-0.946685791015625,-0.119720458984375,0.2321319580078125
1760554547711945700,21.23394580078125,-0.9539794921875,-0.1041259765625,0.2346038818359375
1760554547721950700,21.24395068359375,-0.9591827392578125,-0.0930328369140625,0.238983154296875
1760554547731954700,21.25395458984375,-0.9602508544921875,-0.0893096923828125,0.2389373779296875
1760554547741959000,21.263958984375,-0.9611358642578125,-0.088104248046875,0.239837646484375
1760554547751964000,21.2739638671875,-0.966339111328125,-0.0756988525390625,0.244110107421875
1760554547761967600,21.283967529296874,-0.9736328125,-0.057647705078125,0.2488250732421875
1760554547771971600,21.2939716796875,-0.9747314453125,-0.0519561767578125,0.2491607666015625
1760554547781976600,21.3039765625,-0.9738311767578125,-0.0515289306640625,0.252655029296875
1760554547791980800,21.313980712890626,-0.97125244140625,-0.061859130859375,0.2519073486328125
1760554547801985800,21.32398583984375,-0.9654388427734375,-0.0764312744140625,0.24609375
1760554547811989800,21.33398974609375,-0.9591064453125,-0.0870208740234375,0.244293212890625
1760554547821993700,21.34399365234375,-0.959686279296875,-0.09033203125,0.241363525390625
1760554547831998700,21.353998779296877,-0.957672119140625,-0.095977783203125,0.2390289306640625
1760554547842003000,21.3640029296875,-0.9582366943359375,-0.095672607421875,0.2389068603515625
1760554547852006700,21.374006591796874,-0.955718994140625,-0.0985107421875,0.2390289306640625
1760554547862011600,21.38401171875,-0.949005126953125,-0.117095947265625,0.2316436767578125
1760554547872015600,21.394015625,-0.9457550048828125,-0.1257171630859375,0.229248046875
1760554547882020600,21.4040205078125,-0.948699951171875,-0.1144866943359375,0.2331695556640625
1760554547892024800,21.41402490234375,-0.957183837890625,-0.091461181640625,0.2414398193359375
1760554547902028800,21.42402880859375,-0.9647216796875,-0.07000732421875,0.248870849609375
1760554547912033800,21.43403369140625,-0.975250244140625,-0.0410308837890625,0.2561798095703125
1760554547922037800,21.444037841796874,-0.9863433837890625,-0.0184478759765625,0.259521484375
1760554547932042000,21.4540419921875,-0.986785888671875,-0.0147857666015625,0.2602996826171875
1760554547942047000,21.464046875,-0.980255126953125,-0.0242919921875,0.2583770751953125
1760554547952050700,21.47405078125,-0.97894287109375,-0.0311431884765625,0.2561187744140625
1760554547962055700,21.4840556640625,-0.97509765625,-0.037078857421875,0.255157470703125
1760554547972059600,21.4940595703125,-0.9775238037109375,-0.035003662109375,0.25494384765625
1760554547982063900,21.50406396484375,-0.976409912109375,-0.03863525390625,0.254425048828125
1760554547992068900,21.51406884765625,-0.971221923828125,-0.0501861572265625,0.2510528564453125
1760554548002072800,21.52407275390625,-0.9647216796875,-0.066436767578125,0.2478179931640625
1760554548012076800,21.534076904296874,-0.95440673828125,-0.0923919677734375,0.240081787109375
1760554548022081800,21.544081787109373,-0.94281005859375,-0.113922119140625,0.233978271484375
1760554548032085800,21.554085693359376,-0.9388885498046875,-0.1265869140625,0.2300567626953125
1760554548042091000,21.564091064453127,-0.93853759765625,-0.131561279296875,0.229156494140625
1760554548052094700,21.5740947265625,-0.94049072265625,-0.11981201171875,0.236602783203125
1760554548062098700,21.5840986328125,-0.949737548828125,-0.0951690673828125,0.2409820556640625
1760554548072103700,21.594103759765623,-0.9669036865234375,-0.0478057861328125,0.2553863525390625
1760554548082108000,21.60410791015625,-0.9810333251953125,-0.0153045654296875,0.2592926025390625
1760554548092112000,21.61411181640625,-0.98150634765625,-0.0104522705078125,0.2588958740234375
1760554548102116900,21.624116943359375,-0.97943115234375,-0.013916015625,0.258148193359375
1760554548112120800,21.634120849609374,-0.9779510498046875,-0.0149383544921875,0.2552032470703125
1760554548122125800,21.644125732421877,-0.979095458984375,-0.0087432861328125,0.257232666015625
1760554548132129800,21.6541298828125,-0.9849700927734375,0.006011962890625,0.2642974853515625
1760554548142133800,21.6641337890625,-0.9945068359375,0.03179931640625,0.2662353515625
1760554548152138800,21.674138671875,-1.005859375,0.0517120361328125,0.2661895751953125
1760554548162142700,21.684142822265624,-1.0015411376953125,0.0446014404296875,0.2653045654296875
1760554548172146700,21.694146728515626,-0.9879302978515625,0.005462646484375,0.262237548828125
1760554548182151700,21.704151611328125,-0.964630126953125,-0.050384521484375,0.2536773681640625
1760554548192156000,21.714156005859376,-0.945831298828125,-0.09918212890625,0.24249267578125
1760554548202161000,21.724160888671875,-0.9341278076171875,-0.12554931640625,0.2366485595703125
1760554548212164900,21.734164794921874,-0.9324798583984375,-0.1304779052734375,0.2349853515625
1760554548222168600,21.74416845703125,-0.92913818359375,-0.1408538818359375,0.2301788330078125
1760554548232173600,21.754173583984375,-0.9287109375,-0.142669677734375,0.232696533203125
1760554548242177800,21.764177734375,-0.93621826171875,-0.1202850341796875,0.237152099609375
1760554548252181800,21.774181640625,-0.9497833251953125,-0.089141845703125,0.2461090087890625
1760554548262186800,21.784186767578124,-0.955535888671875,-0.0712738037109375,0.250030517578125
1760554548272190700,21.794190673828126,-0.9583740234375,-0.0598297119140625,0.252685546875
1760554548282195700,21.80419580078125,-0.9561614990234375,-0.0606689453125,0.253265380859375
1760554548292200000,21.814199951171876,-0.9516754150390625,-0.067779541015625,0.250396728515625
1760554548302204000,21.824203857421875,-0.95977783203125,-0.0457000732421875,0.25579833984375
1760554548312208600,21.834208740234374,-0.9779052734375,0.0023956298828125,0.26007080078125
1760554548322212400,21.84421240234375,-0.99072265625,0.0395965576171875,0.26141357421875
1760554548332216600,21.854216552734375,-0.997650146484375,0.058380126953125,0.260101318359375
1760554548342221600,21.8642216796875,-0.997894287109375,0.0591278076171875,0.2594146728515625
1760554548352225500,21.8742255859375,-0.9931640625,0.050628662109375,0.2561798095703125
1760554548362230500,21.88423046875,-0.98724365234375,0.037109375,0.2545623779296875
1760554548372234500,21.894234375,-0.9807891845703125,0.021514892578125,0.2531280517578125
1760554548382238700,21.90423876953125,-0.977203369140625,0.0128631591796875,0.255706787109375
1760554548392243700,21.91424365234375,-0.9704437255859375,0.0021209716796875,0.262664794921875
1760554548402247700,21.92424755859375,-0.9546661376953125,-0.0413665771484375,0.25445556640625
1760554548412251400,21.93425146484375,-0.9404144287109375,-0.0852813720703125,0.2422332763671875
1760554548422256400,21.94425634765625,-0.921173095703125,-0.127685546875,0.2391815185546875
1760554548432260600,21.954260498046875,-0.9098358154296875,-0.14837646484375,0.2490386962890625
1760554548442265600,21.964265625,-0.917938232421875,-0.1303863525390625,0.2422943115234375
1760554548452269600,21.97426953125,-0.9279022216796875,-0.0990142822265625,0.2513580322265625
1760554548462273500,21.9842734375,-0.940643310546875,-0.0587310791015625,0.2552337646484375
1760554548472278500,21.994278564453126,-0.9576263427734375,-0.0068817138671875,0.26055908203125
1760554548482282800,22.00428271484375,-0.968231201171875,0.0213623046875,0.2512359619140625
1760554548492286700,22.01428662109375,-0.979248046875,0.051849365234375,0.2507476806640625
1760554548502291700,22.024291748046874,-0.9987640380859375,0.1211090087890625,0.2588348388671875
1760554548512295400,22.03429541015625,-1.0055389404296875,0.1306610107421875,0.2388458251953125
1760554548522299600,22.044299560546875,-1.0011444091796875,0.128021240234375,0.2385711669921875
1760554548532304600,22.0543046875,-1.0045166015625,0.13836669921875,0.2328643798828125
1760554548542308600,22.06430859375,-1.0068206787109375,0.1353302001953125,0.222442626953125
1760554548552313600,22.074313720703124,-1.0036468505859375,0.1303863525390625,0.2259979248046875
1760554548562317600,22.084317626953126,-0.998504638671875,0.1158447265625,0.2247467041015625
1760554548572321500,22.094321533203125,-0.993438720703125,0.0982666015625,0.2195892333984375
1760554548582326500,22.104326416015624,-0.98284912109375,0.0732574462890625,0.224212646484375
1760554548592330500,22.11433056640625,-0.9697418212890625,0.03778076171875,0.236297607421875
1760554548602334500,22.12433447265625,-0.95513916015625,-0.001953125,0.235382080078125
1760554548612339500,22.13433935546875,-0.945831298828125,-0.0251312255859375,0.2441253662109375
1760554548622343400,22.144343505859375,-0.9443359375,-0.025848388671875,0.2484893798828125
1760554548632348400,22.154348388671874,-0.9438323974609375,-0.0079803466796875,0.2650604248046875
1760554548642352600,22.1643525390625,-0.9486541748046875,0.005401611328125,0.271514892578125
1760554548652356600,22.174356689453123,-0.95452880859375,0.0337982177734375,0.2795257568359375
1760554548662361600,22.184361572265626,-0.963958740234375,0.067138671875,0.2794342041015625
1760554548672365600,22.194365478515625,-0.9746551513671875,0.08221435546875,0.277801513671875
1760554548682369500,22.20436962890625,-0.9785308837890625,0.095123291015625,0.2715301513671875
1760554548692374500,22.21437451171875,-0.9876556396484375,0.11187744140625,0.2569122314453125
1760554548702378500,22.22437841796875,-0.9900054931640625,0.1128692626953125,0.2525482177734375
1760554548712383500,22.234383544921876,-0.985137939453125,0.096405029296875,0.243499755859375
1760554548722387500,22.244387451171875,-0.98541259765625,0.09222412109375,0.232879638671875
1760554548732391700,22.2543916015625,-0.9865875244140625,0.0884246826171875,0.2315216064453125
1760554548742396700,22.264396728515624,-0.978302001953125,0.0619659423828125,0.238006591796875
1760554548752400600,22.274400634765627,-0.971527099609375,0.045379638671875,0.2395172119140625
1760554548762404600,22.284404541015626,-0.958709716796875,0.007568359375,0.237518310546875
1760554548772409600,22.29440966796875,-0.936309814453125,-0.061981201171875,0.229278564453125
1760554548782413600,22.30441357421875,-0.924163818359375,-0.0940704345703125,0.2272186279296875
1760554548792418600,22.31441845703125,-0.9224090576171875,-0.10498046875,0.217498779296875
1760554548802422500,22.324422607421877,-0.93511962890625,-0.090789794921875,0.1934051513671875
1760554548812426500,22.334426513671875,-0.9474639892578125,-0.0608673095703125,0.176483154296875
1760554548822431500,22.344431396484374,-0.9698333740234375,-0.00201416015625,0.1584625244140625
1760554548832435700,22.354435791015625,-0.9919281005859375,0.0578460693359375,0.1450042724609375
1760554548842439700,22.364439697265624,-1.010589599609375,0.1106719970703125,0.13653564453125
1760554548852444700,22.374444580078126,-1.0217437744140625,0.1502838134765625,0.1298370361328125
1760554548862448400,22.384448486328125,-1.0228118896484375,0.164520263671875,0.129913330078125
1760554548872453400,22.394453369140624,-1.020599365234375,0.159698486328125,0.1303558349609375
1760554548882457600,22.40445751953125,-1.0152130126953125,0.1502532958984375,0.1387176513671875
1760554548892461600,22.414461669921874,-1.0074310302734375,0.1277008056640625,0.137908935546875
1760554548902466600,22.424466552734376,-0.9967498779296875,0.08367919921875,0.1229095458984375
1760554548912470500,22.434470458984375,-0.9843902587890625,0.0449981689453125,0.11468505859375
1760554548922474500,22.444474609375,-0.970733642578125,-0.0083465576171875,0.1042327880859375
1760554548932479700,22.454479736328125,-0.9461517333984375,-0.0642242431640625,0.15087890625
1760554548942483700,22.464483642578124,-0.936431884765625,-0.090667724609375,0.1575164794921875
1760554548952488700,22.47448876953125,-0.9415740966796875,-0.078094482421875,0.16314697265625
1760554548962492400,22.484492431640625,-0.9425048828125,-0.0579071044921875,0.176300048828125
1760554548972496400,22.494496337890624,-0.957550048828125,-0.011749267578125,0.169158935546875
1760554548982501600,22.504501708984375,-0.9739227294921875,0.056182861328125,0.1736907958984375
1760554548992505600,22.514505615234373,-0.980010986328125,0.10833740234375,0.197418212890625
1760554549002509600,22.524509521484376,-0.9837493896484375,0.144866943359375,0.2050018310546875
1760554549012514600,22.5345146484375,-0.9905853271484375,0.1702117919921875,0.19232177734375
1760554549022518500,22.5445185546875,-0.99627685546875,0.196258544921875,0.1720428466796875
1760554549032523500,22.5545234375,-1.005279541015625,0.2188568115234375,0.148284912109375
1760554549042527700,22.56452783203125,-1.0082244873046875,0.228912353515625,0.1350860595703125
1760554549052531500,22.574531494140626,-1.0096435546875,0.2367706298828125,0.1373138427734375
1760554549062536400,22.584536376953125,-1.0106658935546875,0.21905517578125,0.1287078857421875
1760554549072540400,22.59454052734375,-1.004058837890625,0.137908935546875,0.1102294921875
1760554549082544600,22.604544677734374,-1.001251220703125,0.095184326171875,0.0854034423828125
1760554549092549600,22.614549560546877,-0.990814208984375,0.10498046875,0.0734100341796875
1760554549102553600,22.6245537109375,-0.9901580810546875,0.1257171630859375,0.0855255126953125
1760554549112558600,22.63455859375,-0.97186279296875,0.1189117431640625,0.09326171875
1760554549122562600,22.6445625,-0.9620819091796875,0.10205078125,0.1080169677734375
1760554549132566500,22.65456640625,-0.9644775390625,0.0972442626953125,0.105438232421875
1760554549142571500,22.664571533203127,-0.970489501953125,0.06866455078125,0.0869598388671875
1760554549152575500,22.674575439453125,-0.979339599609375,0.092864990234375,0.101531982421875
1760554549162579500,22.684579345703124,-0.98046875,0.1138153076171875,0.1092987060546875
1760554549172584400,22.69458447265625,-0.9770965576171875,0.1075592041015625,0.1186065673828125
1760554549182588700,22.704588623046874,-0.9691619873046875,0.07781982421875,0.106597900390625
1760554549192593700,22.71459375,-0.971710205078125,0.0914764404296875,0.0992584228515625
1760554549202597600,22.72459765625,-0.978057861328125,0.1240234375,0.10247802734375
1760554549212601600,22.7346015625,-0.977264404296875,0.1309356689453125,0.1172637939453125
1760554549222606600,22.744606689453125,-0.9666748046875,0.09332275390625,0.0973052978515625
1760554549232610600,22.754610595703124,-0.97259521484375,0.1125946044921875,0.0763397216796875
1760554549242614500,22.764614501953126,-0.984100341796875,0.1578216552734375,0.0594482421875
1760554549252619500,22.77461962890625,-0.990997314453125,0.1630401611328125,0.0477447509765625
1760554549262623500,22.78462353515625,-0.9987640380859375,0.1248321533203125,0.0281219482421875
1760554549272628500,22.79462841796875,-0.990325927734375,0.119110107421875,0.02764892578125
1760554549282632700,22.8046328125,-0.9980316162109375,0.1250762939453125,0.0338287353515625
1760554549292636700,22.81463671875,-0.9856414794921875,0.109405517578125,0.026123046875
1760554549302641700,22.8246416015625,-0.975799560546875,0.1194915771484375,0.02642822265625
1760554549312646400,22.834646484375,-0.99615478515625,0.1194000244140625,0.016754150390625
1760554549322650400,22.844650390625,-0.9724273681640625,0.1151885986328125,0.0210418701171875
1760554549332655400,22.8546552734375,-0.9945526123046875,0.1226959228515625,0.056488037109375
1760554549342659600,22.86465966796875,-0.98065185546875,0.1265869140625,0.1016693115234375
1760554549352664600,22.87466455078125,-0.9647216796875,0.1259765625,0.086944580078125
1760554549362668500,22.88466845703125,-0.956756591796875,0.1368865966796875,0.0888214111328125
1760554549372672300,22.89467236328125,-0.9524688720703125,0.13824462890625,0.0899810791015625
1760554549382677200,22.90467724609375,-0.9812774658203125,0.240081787109375,0.0754547119140625
1760554549392681500,22.914681396484376,-0.989501953125,2.0750732421875,0.03631591796875
1760554549402685400,22.924685546875,-0.9361419677734375,-0.3333587646484375,0.0091094970703125
1760554549412690400,22.9346904296875,-1.0123138427734375,-0.1351318359375,0.0159912109375
1760554549422694400,22.9446943359375,-0.96685791015625,0.1184844970703125,0.060302734375
1760554549432699400,22.954699462890623,-0.9712677001953125,0.11846923828125,0.03076171875
1760554549442703400,22.964703369140626,-0.9694671630859375,0.1104888916015625,0.05902099609375
1760554549452707300,22.974707275390625,-0.96917724609375,0.148284912109375,0.11627197265625
1760554549462712300,22.98471240234375,-0.982269287109375,0.7881622314453125,0.0967254638671875
1760554549472716300,22.99471630859375,-0.977203369140625,0.02764892578125,-0.009246826171875
1760554549482720300,23.00472021484375,-0.9803619384765625,0.1423187255859375,0.05767822265625
1760554549492725200,23.014725341796876,-0.9627227783203125,0.3310089111328125,0.085357666015625
1760554549502729500,23.0247294921875,-0.974365234375,0.20550537109375,0.0646514892578125
1760554549512734500,23.034734375,-0.9692230224609375,0.206390380859375,0.0576171875
1760554549522738400,23.044738525390624,-0.968780517578125,0.21209716796875,0.0446929931640625
1760554549532742400,23.054742431640626,-0.9942626953125,0.278350830078125,0.0231475830078125
1760554549542747400,23.064747314453125,-1.0061798095703125,0.3355255126953125,0.017608642578125
1760554549552751400,23.07475146484375,-0.95941162109375,0.1912689208984375,0.0139617919921875
1760554549562756400,23.08475634765625,-0.973876953125,0.2302093505859375,0.031890869140625
1760554549572760300,23.09476025390625,-0.9692840576171875,0.21649169921875,0.0319366455078125
1760554549582764300,23.104764404296876,-0.9709625244140625,0.2274627685546875,0.038299560546875
1760554549592769300,23.114769287109375,-0.971710205078125,0.22900390625,0.0238494873046875
1760554549602773500,23.1247734375,-0.9732513427734375,0.2288055419921875,0.0113677978515625
1760554549612777500,23.134777587890625,-0.97314453125,0.2340545654296875,0.0055694580078125
1760554549622782500,23.144782470703124,-0.9730224609375,0.23138427734375,0.000091552734375
1760554549632786400,23.154786376953126,-0.9730224609375,0.2328948974609375,-0.003173828125
1760554549642791400,23.16479150390625,-0.972869873046875,0.233642578125,-0.00970458984375
1760554549652795400,23.17479541015625,-0.9734954833984375,0.2337188720703125,-0.009246826171875
1760554549662799400,23.18479931640625,-0.97137451171875,0.23236083984375,-0.017486572265625
1760554549672804400,23.194804443359374,-0.9722747802734375,0.229827880859375,-0.012237548828125
1760554549682808300,23.204808349609376,-0.9714202880859375,0.2301025390625,-0.00775146484375
1760554549692812500,23.2148125,-0.9706878662109375,0.231903076171875,-0.0110931396484375
1760554549702817500,23.224817626953126,-0.9723663330078125,0.2293548583984375,0
1760554549712821500,23.234821533203124,-0.972564697265625,0.2273712158203125,0.0048065185546875
1760554549722826500,23.244826416015623,-0.9705047607421875,0.2285003662109375,0.0001983642578125
1760554549732830200,23.254830322265626,-0.972442626953125,0.2283935546875,0.0030059814453125
1760554549742834400,23.26483447265625,-0.9737091064453125,0.231903076171875,0.0003662109375
1760554549752839400,23.27483935546875,-0.973602294921875,0.2353057861328125,-0.006561279296875
1760554549762843400,23.284843505859374,-0.9730682373046875,0.2364654541015625,-0.016937255859375
1760554549772847400,23.294847412109377,-0.972808837890625,0.23687744140625,-0.0218353271484375
1760554549782852400,23.304852294921876,-0.97247314453125,0.2348480224609375,-0.01776123046875
1760554549792856600,23.314856689453126,-0.9739532470703125,0.235504150390625,-0.0169219970703125
1760554549802861600,23.324861572265625,-0.9752044677734375,0.234771728515625,-0.0008697509765625
1760554549812865500,23.334865478515624,-0.975372314453125,0.2274017333984375,0.0120849609375
1760554549822869200,23.344869140625,-0.98895263671875,0.2758636474609375,-0.008758544921875
1760554549832874200,23.354874267578126,-0.996978759765625,0.307159423828125,-0.0037689208984375
1760554549842878500,23.36487841796875,-0.9961395263671875,0.2972412109375,-0.0100555419921875
1760554549852882400,23.37488232421875,-0.9968719482421875,0.2988128662109375,-0.025421142578125
1760554549862887400,23.384887451171874,-0.9963226318359375,0.2894134521484375,-0.0397186279296875
1760554549872891400,23.394891357421876,-0.9947052001953125,0.2802734375,-0.0499420166015625
1760554549882896400,23.404896484375,-0.99725341796875,0.283905029296875,-0.0666351318359375
1760554549892900400,23.414900390625,-1.0075225830078125,0.3032684326171875,-0.0762939453125
1760554549902904600,23.424904541015625,-1.020721435546875,0.332977294921875,-0.0776824951171875
1760554549912909600,23.43490966796875,-1.036895751953125,0.3651580810546875,-0.0699005126953125
1760554549922913300,23.444913330078126,-1.0437164306640625,0.3603515625,-0.0416717529296875
1760554549932917200,23.454917236328125,-1.0120849609375,0.237030029296875,-0.0128936767578125
1760554549942922200,23.464922119140624,-0.937469482421875,0.0302886962890625,-0.0281829833984375
1760554549952926500,23.474926513671875,-0.8805999755859375,-0.1239166259765625,-0.087432861328125
1760554549962931500,23.484931396484374,-0.860931396484375,-0.141387939453125,-0.0727386474609375
1760554549972935400,23.494935302734376,-0.8740386962890625,-0.1425018310546875,-0.0883331298828125
1760554549982939400,23.504939453125,-0.9158172607421875,-0.1418914794921875,-0.09771728515625
1760554549992944400,23.5149443359375,-0.9420166015625,-0.050628662109375,-0.097412109375
1760554550002948400,23.5249482421875,-0.977325439453125,0.0770721435546875,-0.0835113525390625
1760554550012952300,23.534952392578123,-0.9968414306640625,0.094268798828125,-0.0621795654296875
1760554550022957300,23.544957275390626,-1.0113983154296875,0.122100830078125,-0.0560455322265625
1760554550032961300,23.554961181640625,-1.0253753662109375,0.3526458740234375,-0.11444091796875
1760554550042966300,23.56496630859375,-1.044708251953125,0.2387847900390625,-0.0876007080078125
1760554550052970500,23.574970458984374,-1.0568389892578125,0.2808380126953125,-0.1030120849609375
1760554550062974500,23.584974365234373,-1.05413818359375,0.2665252685546875,-0.0982513427734375
1760554550072979500,23.5949794921875,-1.0521697998046875,0.2563018798828125,-0.1058807373046875
1760554550082983400,23.6049833984375,-1.0422821044921875,0.2203826904296875,-0.1134185791015625
1760554550092987400,23.6149873046875,-1.0231475830078125,0.1609039306640625,-0.1002960205078125
1760554550102992400,23.624992431640624,-1.0054473876953125,0.1009368896484375,-0.1029052734375
1760554550112996400,23.634996337890627,-0.994293212890625,0.0648345947265625,-0.103851318359375
1760554550123001300,23.64500146484375,-0.993499755859375,0.0551910400390625,-0.09832763671875
1760554550133005300,23.65500537109375,-0.982757568359375,0.032684326171875,-0.128875732421875
1760554550143009500,23.665009521484375,-0.9512939453125,-0.045074462890625,-0.138641357421875
1760554550153014500,23.6750146484375,-0.9214019775390625,-0.1158294677734375,-0.120391845703125
1760554550163018500,23.6850185546875,-0.914825439453125,-0.138671875,-0.114776611328125
1760554550173023500,23.6950234375,-0.9234161376953125,-0.139129638671875,-0.0911407470703125
1760554550183027500,23.70502734375,-0.928863525390625,-0.1222076416015625,-0.1031036376953125
1760554550193031400,23.715031494140625,-0.9482421875,-0.086212158203125,-0.107696533203125
1760554550203036400,23.725036376953124,-0.97430419921875,-0.0426177978515625,-0.103363037109375
1760554550213040400,23.735040283203126,-0.9908447265625,-0.010284423828125,-0.1243896484375
1760554550223044400,23.74504443359375,-1.0074615478515625,0.0192413330078125,-0.1320037841796875
1760554550233049300,23.75504931640625,-1.0177001953125,0.040618896484375,-0.1259002685546875
1760554550243053300,23.76505322265625,-1.012176513671875,0.047576904296875,-0.1476593017578125
1760554550253058600,23.77505859375,-1.0085296630859375,0.03277587890625,-0.1475067138671875
1760554550263062500,23.7850625,-1.0133514404296875,0.037628173828125,-0.129425048828125
1760554550273066200,23.795066162109375,-1.0166015625,0.050201416015625,-0.12579345703125
1760554550283071500,23.805071533203126,-1.0196075439453125,0.05291748046875,-0.130706787109375
1760554550293075200,23.8150751953125,-1.0252532958984375,0.0497589111328125,-0.1385650634765625
1760554550303079400,23.825079345703124,-1.0165863037109375,0.0418548583984375,-0.13250732421875
1760554550313083600,23.835083740234374,-1.0080718994140625,0.029296875,-0.161895751953125
1760554550323087600,23.845087646484377,-0.9652862548828125,0.000091552734375,-0.09588623046875
1760554550333092600,23.855092529296876,-0.9415283203125,-0.035186767578125,-0.0930938720703125
1760554550343096800,23.865096923828126,-0.924102783203125,-0.0529632568359375,-0.08941650390625
1760554550353100800,23.875100830078125,-0.9630584716796875,-0.08050537109375,-0.3457794189453125
1760554550363105800,23.885105712890624,-0.9086151123046875,-0.1420440673828125,-1.60693359375
1760554550373109500,23.895109619140626,-0.9362030029296875,-0.0416107177734375,0.3155975341796875
1760554550383113700,23.90511376953125,-0.877838134765625,-0.0947723388671875,0.0565032958984375
1760554550393118700,23.91511865234375,-0.677154541015625,-0.0978851318359375,-0.017578125
1760554550403122700,23.925122802734375,-0.911651611328125,-0.2711181640625,-1.1656646728515625
1760554550413127700,23.935127685546874,-0.9621124267578125,-0.1515655517578125,0.062652587890625
1760554550423131600,23.945131591796876,-0.986419677734375,-0.1679229736328125,0.022857666015625
1760554550433135900,23.955135986328123,-0.9221038818359375,-0.1847381591796875,-0.0644989013671875
1760554550443140900,23.965140869140626,-0.9686737060546875,-0.1907501220703125,-0.4291229248046875
1760554550453144800,23.975144775390625,-0.937408447265625,-0.176849365234375,-0.3460845947265625
1760554550463148500,23.9851484375,-0.980560302734375,-0.1566162109375,-0.00640869140625
1760554550473153500,23.995153564453126,-0.9462738037109375,-0.202850341796875,-0.4488372802734375
1760554550483157800,24.00515771484375,-0.9868316650390625,-0.2198028564453125,-0.07769775390625
1760554550493162800,24.015162841796876,-0.96636962890625,-0.18475341796875,-0.2980499267578125
1760554550503166700,24.025166748046875,-0.970123291015625,-0.1826171875,-0.240142822265625
1760554550513170700,24.035170654296873,-0.970428466796875,-0.1875457763671875,-0.2481536865234375
1760554550523175700,24.04517578125,-0.971649169921875,-0.1791229248046875,-0.2383575439453125
1760554550533179600,24.0551796875,-0.96746826171875,-0.1604156494140625,-0.2318878173828125
1760554550543184000,24.065183837890626,-0.9590606689453125,-0.1467132568359375,-0.222442626953125
1760554550553188900,24.07518896484375,-0.95745849609375,-0.1400146484375,-0.2179412841796875
1760554550563192600,24.085192626953123,-0.9392242431640625,-0.151275634765625,-0.1955108642578125
1760554550573197600,24.095197509765626,-0.9271697998046875,-0.1563720703125,-0.18414306640625
1760554550583201500,24.105201416015625,-0.953521728515625,-0.1722869873046875,-0.21661376953125
1760554550593205800,24.115205810546875,-0.96600341796875,-0.160308837890625,-0.2322235107421875
1760554550603210800,24.125210693359374,-0.9655914306640625,-0.1157379150390625,-0.230560302734375
1760554550613214700,24.135214599609377,-0.963531494140625,-0.1167755126953125,-0.2309417724609375
1760554550623218700,24.14521875,-0.96319580078125,-0.117156982421875,-0.2275390625
1760554550633223700,24.1552236328125,-0.9676666259765625,-0.1069793701171875,-0.2342529296875
1760554550643227600,24.1652275390625,-0.9713134765625,-0.0969085693359375,-0.238555908203125
1760554550653232600,24.175232666015624,-0.9719390869140625,-0.0970916748046875,-0.2384796142578125
1760554550663236600,24.185236572265627,-0.9728546142578125,-0.09063720703125,-0.2407989501953125
1760554550673240600,24.195240478515625,-0.9779815673828125,-0.08367919921875,-0.2401123046875
1760554550683245600,24.20524560546875,-0.97509765625,-0.0867156982421875,-0.2415771484375
1760554550693249800,24.215249755859375,-0.97430419921875,-0.089324951171875,-0.2394866943359375
1760554550703254800,24.2252548828125,-0.9760589599609375,-0.084136962890625,-0.2419281005859375
1760554550713258800,24.2352587890625,-0.97247314453125,-0.0888519287109375,-0.2413482666015625
1760554550723262700,24.2452626953125,-0.9646148681640625,-0.1122894287109375,-0.2288818359375
1760554550733267700,24.255267822265626,-0.94976806640625,-0.142974853515625,-0.213409423828125
1760554550743271700,24.265271728515625,-0.9489593505859375,-0.145904541015625,-0.2136383056640625
1760554550753275600,24.275275634765624,-0.9505462646484375,-0.1457672119140625,-0.21307373046875
1760554550763280600,24.28528076171875,-0.9510498046875,-0.142913818359375,-0.2148590087890625
1760554550773284600,24.29528466796875,-0.954193115234375,-0.1346435546875,-0.2191009521484375
1760554550783289600,24.30528955078125,-0.95794677734375,-0.1220855712890625,-0.22418212890625
1760554550793293800,24.3152939453125,-0.9629364013671875,-0.1127471923828125,-0.2288970947265625
1760554550803297800,24.3252978515625,-0.966033935546875,-0.10064697265625,-0.235443115234375
1760554550813302800,24.335302734375,-0.9715728759765625,-0.0903472900390625,-0.239715576171875
1760554550823306800,24.345306640625,-0.974395751953125,-0.08319091796875,-0.2413787841796875
1760554550833310700,24.355310791015626,-0.9759521484375,-0.078216552734375,-0.24212646484375
1760554550843315700,24.365315673828125,-0.9794158935546875,-0.072357177734375,-0.246185302734375
1760554550853319700,24.375319580078123,-0.9799346923828125,-0.07257080078125,-0.2451934814453125
1760554550863324700,24.38532470703125,-0.9755401611328125,-0.079620361328125,-0.244415283203125
1760554550873328600,24.39532861328125,-0.9711761474609375,-0.090576171875,-0.240325927734375
1760554550883332600,24.40533251953125,-0.9678497314453125,-0.103546142578125,-0.23486328125
1760554550893337600,24.415337646484375,-0.959503173828125,-0.119781494140625,-0.2279052734375
1760554550903341800,24.425341796875,-0.952484130859375,-0.1311798095703125,-0.22039794921875
1760554550913345500,24.435345458984376,-0.95245361328125,-0.133056640625,-0.2189788818359375
1760554550923350800,24.445350830078127,-0.956268310546875,-0.1287689208984375,-0.2216033935546875
1760554550933354500,24.4553544921875,-0.95855712890625,-0.1198577880859375,-0.2242279052734375
1760554550943359500,24.465359375,-0.956390380859375,-0.12396240234375,-0.223114013671875
1760554550953363700,24.47536376953125,-0.955596923828125,-0.1274566650390625,-0.2247467041015625
1760554550963367700,24.48536767578125,-0.9555511474609375,-0.123138427734375,-0.2232208251953125
1760554550973372700,24.49537255859375,-0.9553070068359375,-0.12359619140625,-0.224456787109375
1760554550983376600,24.505376708984375,-0.9590606689453125,-0.1129913330078125,-0.230194091796875
1760554550993380900,24.515380859375,-0.964630126953125,-0.0989837646484375,-0.2332611083984375
1760554551003385900,24.5253857421875,-0.9680023193359375,-0.090118408203125,-0.2395477294921875
1760554551013389600,24.5353896484375,-0.9707489013671875,-0.0810394287109375,-0.2410888671875
1760554551023394600,24.54539453125,-0.975128173828125,-0.0723876953125,-0.2432403564453125
1760554551033398500,24.5553984375,-0.973358154296875,-0.0721435546875,-0.2421112060546875
1760554551043402800,24.56540283203125,-0.972747802734375,-0.0766448974609375,-0.24066162109375
1760554551053407700,24.57540771484375,-0.97283935546875,-0.07647705078125,-0.2435150146484375
1760554551063411700,24.58541162109375,-0.9724578857421875,-0.07708740234375,-0.24139404296875
1760554551073416700,24.595416748046876,-0.972808837890625,-0.0771331787109375,-0.2407379150390625
1760554551083420700,24.605420654296875,-0.97259521484375,-0.0787200927734375,-0.2414703369140625
1760554551093425000,24.6154248046875,-0.9698638916015625,-0.0841064453125,-0.2398681640625
1760554551103430000,24.625429931640625,-0.9652862548828125,-0.09210205078125,-0.236328125
1760554551113433600,24.63543359375,-0.9571380615234375,-0.107025146484375,-0.2316741943359375
1760554551123437600,24.6454375,-0.952362060546875,-0.11865234375,-0.2263031005859375
1760554551133442600,24.655442626953125,-0.9559326171875,-0.1140899658203125,-0.227508544921875
1760554551143446800,24.66544677734375,-0.9584808349609375,-0.1074371337890625,-0.23016357421875
1760554551153451800,24.67545166015625,-0.961883544921875,-0.099639892578125,-0.231414794921875
1760554551163455700,24.685455810546873,-0.9622802734375,-0.0948638916015625,-0.2331695556640625
1760554551173459700,24.695459716796876,-0.9654998779296875,-0.0903778076171875,-0.236907958984375
1760554551183464700,24.705464599609375,-0.9683685302734375,-0.0854339599609375,-0.237762451171875
1760554551193469000,24.715468994140625,-0.9674835205078125,-0.083099365234375,-0.2398834228515625
1760554551203472600,24.72547265625,-0.9676666259765625,-0.080841064453125,-0.239471435546875
1760554551213477600,24.7354775390625,-0.9685821533203125,-0.079132080078125,-0.239501953125
1760554551223481600,24.745481689453126,-0.97137451171875,-0.071075439453125,-0.2415924072265625
1760554551233486600,24.755486572265625,-0.97393798828125,-0.0673370361328125,-0.2425689697265625
1760554551243490800,24.76549072265625,-0.97393798828125,-0.0711669921875,-0.24224853515625
1760554551253494800,24.775494873046874,-0.9716796875,-0.0733489990234375,-0.2399749755859375
1760554551263499800,24.785499755859377,-0.968658447265625,-0.082611083984375,-0.2391510009765625
1760554551273503700,24.795503662109375,-0.96502685546875,-0.0911865234375,-0.2367401123046875
1760554551283507700,24.8055078125,-0.9607086181640625,-0.09600830078125,-0.236328125
1760554551293512700,24.8155126953125,-0.958984375,-0.0996856689453125,-0.2340087890625
1760554551303516700,24.8255166015625,-0.9599456787109375,-0.1015777587890625,-0.2319793701171875
1760554551313522700,24.835522705078127,-0.9588775634765625,-0.09967041015625,-0.2326202392578125
1760554551323526700,24.845526611328125,-0.9622650146484375,-0.0951690673828125,-0.2332000732421875
1760554551333530600,24.855530517578124,-0.9648895263671875,-0.0906982421875,-0.235198974609375
1760554551343535600,24.86553564453125,-0.9647979736328125,-0.08270263671875,-0.2371978759765625
1760554551353539600,24.87553955078125,-0.965057373046875,-0.0859832763671875,-0.237518310546875
1760554551363544600,24.885544677734377,-0.96258544921875,-0.08734130859375,-0.2353057861328125
1760554551373548500,24.895548583984375,-0.967437744140625,-0.0834197998046875,-0.23748779296875
1760554551383552500,24.905552490234374,-0.9687347412109375,-0.077301025390625,-0.24041748046875
1760554551393557500,24.9155576171875,-0.9673309326171875,-0.0756988525390625,-0.24151611328125
1760554551403561500,24.9255615234375,-0.97076416015625,-0.069793701171875,-0.24169921875
1760554551413565700,24.935565673828126,-0.974029541015625,-0.0644073486328125,-0.2439422607421875
1760554551423570700,24.94557080078125,-0.973602294921875,-0.064453125,-0.24420166015625
1760554551433574700,24.95557470703125,-0.97467041015625,-0.0649566650390625,-0.2457733154296875
1760554551443579600,24.96557958984375,-0.9740142822265625,-0.0652618408203125,-0.2448577880859375
1760554551453583400,24.975583251953125,-0.9715728759765625,-0.06915283203125,-0.2429046630859375
1760554551463587600,24.985587646484376,-0.970062255859375,-0.072235107421875,-0.2398681640625
1760554551473592600,24.995592529296875,-0.9693145751953125,-0.076629638671875,-0.2417755126953125
1760554551483596500,25.005596435546874,-0.969451904296875,-0.0784912109375,-0.2412261962890625
1760554551493600500,25.0156005859375,-0.96820068359375,-0.083221435546875,-0.23748779296875
1760554551503605500,25.02560546875,-0.963531494140625,-0.0938568115234375,-0.2349700927734375
1760554551513609700,25.035609619140626,-0.961456298828125,-0.10302734375,-0.2323455810546875
1760554551523614700,25.04561474609375,-0.9592132568359375,-0.1092681884765625,-0.2292633056640625
1760554551533618400,25.055618408203124,-0.95758056640625,-0.1130523681640625,-0.2285308837890625
1760554551543622400,25.065622314453126,-0.9581146240234375,-0.11151123046875,-0.2292327880859375
1760554551553627400,25.07562744140625,-0.955535888671875,-0.114593505859375,-0.2278289794921875
1760554551563631600,25.085631591796876,-0.958892822265625,-0.1100006103515625,-0.2296600341796875
1760554551573635600,25.095635498046875,-0.96136474609375,-0.10260009765625,-0.232635498046875
1760554551583640600,25.105640625,-0.9619598388671875,-0.1038055419921875,-0.2307586669921875
1760554551593644500,25.11564453125,-0.964996337890625,-0.09979248046875,-0.2332000732421875
1760554551603649500,25.1256494140625,-0.968719482421875,-0.09466552734375,-0.236236572265625
1760554551613653800,25.13565380859375,-0.9661102294921875,-0.09515380859375,-0.234619140625
1760554551623657500,25.145657470703124,-0.96826171875,-0.0914764404296875,-0.237762451171875
1760554551633662500,25.155662353515623,-0.968017578125,-0.0868682861328125,-0.2385101318359375
1760554551643666400,25.16566650390625,-0.9691009521484375,-0.0901641845703125,-0.2371978759765625
1760554551653670700,25.175670654296876,-0.9720001220703125,-0.0884246826171875,-0.2399139404296875
1760554551663675600,25.185675537109375,-0.970245361328125,-0.0909271240234375,-0.239990234375
1760554551673679600,25.1956796875,-0.9699859619140625,-0.0906829833984375,-0.23968505859375
1760554551683684600,25.2056845703125,-0.968658447265625,-0.0973663330078125,-0.2365264892578125
1760554551693688600,25.2156884765625,-0.968170166015625,-0.0977325439453125,-0.2371063232421875
1760554551703692800,25.22569287109375,-0.9682464599609375,-0.1026611328125,-0.2356109619140625
1760554551713697800,25.23569775390625,-0.9674072265625,-0.1015777587890625,-0.23486328125
1760554551723701500,25.245701416015624,-0.9683837890625,-0.101165771484375,-0.2349395751953125
1760554551733705500,25.25570556640625,-0.963836669921875,-0.115142822265625,-0.231231689453125
1760554551743710500,25.26571044921875,-0.9567108154296875,-0.1258392333984375,-0.2249755859375
1760554551753714700,25.275714599609376,-0.955902099609375,-0.132232666015625,-0.219879150390625
1760554551763719700,25.2857197265625,-0.954742431640625,-0.1377410888671875,-0.2173309326171875
1760554551773723600,25.2957236328125,-0.9542388916015625,-0.1383819580078125,-0.2187042236328125
1760554551783727600,25.3057275390625,-0.959136962890625,-0.127471923828125,-0.2235565185546875
1760554551793732600,25.315732666015624,-0.9625701904296875,-0.1230621337890625,-0.2260284423828125
1760554551803736600,25.325736572265626,-0.96343994140625,-0.1199798583984375,-0.22784423828125
1760554551813741600,25.335741455078125,-0.9656829833984375,-0.11700439453125,-0.2286376953125
1760554551823745500,25.34574560546875,-0.964599609375,-0.1199951171875,-0.2271270751953125
1760554551833749500,25.35574951171875,-0.962615966796875,-0.121307373046875,-0.226287841796875
1760554551843754500,25.36575439453125,-0.9639892578125,-0.121612548828125,-0.227386474609375
1760554551853758500,25.375758544921876,-0.966033935546875,-0.1190948486328125,-0.2287750244140625
1760554551863762700,25.3857626953125,-0.9654388427734375,-0.11639404296875,-0.2298431396484375
1760554551873767700,25.395767578125,-0.969512939453125,-0.1096649169921875,-0.2344207763671875
1760554551883771600,25.405771728515624,-0.969329833984375,-0.1071929931640625,-0.23443603515625
1760554551893776600,25.415776611328123,-0.9697265625,-0.1128692626953125,-0.23370361328125
1760554551903780400,25.4257802734375,-0.960174560546875,-0.139556884765625,-0.21710205078125
1760554551913784600,25.43578466796875,-0.9498291015625,-0.162200927734375,-0.2065277099609375
1760554551923789600,25.44578955078125,-0.9495849609375,-0.1616973876953125,-0.206146240234375
1760554551933793500,25.45579345703125,-0.9481964111328125,-0.16424560546875,-0.2015533447265625
1760554551943797500,25.465797607421877,-0.9500732421875,-0.1575927734375,-0.2071380615234375
1760554551953802500,25.475802490234376,-0.94915771484375,-0.16021728515625,-0.204254150390625
1760554551963806700,25.485806640625,-0.950164794921875,-0.16259765625,-0.204498291015625
1760554551973811700,25.495811767578125,-0.9538116455078125,-0.1514129638671875,-0.2102203369140625
1760554551983815700,25.505815673828124,-0.958160400390625,-0.1407928466796875,-0.21697998046875
1760554551993819400,25.5158193359375,-0.9636993408203125,-0.1262359619140625,-0.22576904296875
1760554552003824400,25.525824462890625,-0.9678497314453125,-0.114990234375,-0.2310791015625
1760554552013828600,25.53582861328125,-0.97137451171875,-0.10430908203125,-0.23443603515625
1760554552023832600,25.54583251953125,-0.9775238037109375,-0.09710693359375,-0.238372802734375
1760554552033837600,25.555837646484374,-0.978729248046875,-0.091339111328125,-0.243804931640625
1760554552043841500,25.565841552734376,-0.9764862060546875,-0.0922088623046875,-0.240997314453125
1760554552053846500,25.575846435546875,-0.97589111328125,-0.0960235595703125,-0.239471435546875
1760554552063850800,25.585850830078126,-0.970611572265625,-0.10833740234375,-0.232391357421875
1760554552073854700,25.595854736328125,-0.9611053466796875,-0.1273345947265625,-0.2227783203125
1760554552083859700,25.605859619140624,-0.9550933837890625,-0.14404296875,-0.2139739990234375
1760554552093863400,25.615863525390626,-0.9446868896484375,-0.162872314453125,-0.20440673828125
1760554552103867600,25.62586767578125,-0.9407958984375,-0.17034912109375,-0.2019500732421875
1760554552113872600,25.63587255859375,-0.94024658203125,-0.171844482421875,-0.2004547119140625
1760554552123876600,25.645876708984375,-0.9434967041015625,-0.1638031005859375,-0.2068328857421875
1760554552133881600,25.655881591796874,-0.94891357421875,-0.1514739990234375,-0.2119293212890625
1760554552143885600,25.665885498046876,-0.9542388916015625,-0.1366424560546875,-0.21875
1760554552153889500,25.6758896484375,-0.9565887451171875,-0.125518798828125,-0.2254486083984375
1760554552163894500,25.68589453125,-0.954833984375,-0.1275482177734375,-0.2269744873046875
1760554552173898500,25.6958984375,-0.9633331298828125,-0.1050262451171875,-0.2394866943359375
1760554552183903500,25.705903564453124,-0.971588134765625,-0.08270263671875,-0.24993896484375
1760554552193907500,25.715907470703126,-0.9757080078125,-0.0712432861328125,-0.2464752197265625
1760554552203911400,25.725911376953125,-0.980377197265625,-0.0557708740234375,-0.252227783203125
1760554552213916400,25.73591650390625,-0.9833984375,-0.0470733642578125,-0.2535400390625
1760554552223920600,25.745920654296874,-0.98486328125,-0.0450439453125,-0.2519073486328125
1760554552233924600,25.755924560546877,-0.982666015625,-0.0446929931640625,-0.249969482421875
1760554552243929600,25.7659296875,-0.981689453125,-0.04913330078125,-0.2496337890625
1760554552253933600,25.77593359375,-0.9786529541015625,-0.0527191162109375,-0.24700927734375
1760554552263938600,25.7859384765625,-0.9784088134765625,-0.0554656982421875,-0.247406005859375
1760554552273942500,25.795942626953124,-0.97589111328125,-0.0608673095703125,-0.24395751953125
1760554552283946500,25.805946533203127,-0.974761962890625,-0.0632781982421875,-0.242034912109375
1760554552293951500,25.815951416015626,-0.9715423583984375,-0.069671630859375,-0.240814208984375
1760554552303955500,25.82595556640625,-0.9671630859375,-0.0818939208984375,-0.239166259765625
1760554552313958700,25.835958740234375,-0.9581298828125,-0.1020965576171875,-0.232940673828125
1760554552323963600,25.845963623046874,-0.951080322265625,-0.119293212890625,-0.2280120849609375
1760554552333967600,25.855967529296876,-0.9486083984375,-0.125274658203125,-0.2260589599609375
1760554552343972600,25.86597265625,-0.9542388916015625,-0.1121826171875,-0.228668212890625
1760554552353976600,25.8759765625,-0.9610443115234375,-0.0971527099609375,-0.23004150390625
1760554552363980500,25.88598046875,-0.9652252197265625,-0.0858001708984375,-0.2353973388671875
1760554552373985500,25.895985595703124,-0.9659271240234375,-0.0795745849609375,-0.24005126953125
1760554552383989500,25.905989501953126,-0.967376708984375,-0.0813751220703125,-0.23876953125
1760554552393993700,25.91599365234375,-0.9701690673828125,-0.0760345458984375,-0.2421417236328125
1760554552403998700,25.925998779296876,-0.9732208251953125,-0.0686187744140625,-0.2427825927734375
1760554552414002700,25.936002685546875,-0.97607421875,-0.0557098388671875,-0.2494659423828125
1760554552424007700,25.946007568359374,-0.9819183349609375,-0.042327880859375,-0.25408935546875
1760554552434011400,25.956011474609376,-0.983001708984375,-0.0406646728515625,-0.2556304931640625
1760554552444015600,25.966015625,-0.983917236328125,-0.043304443359375,-0.253448486328125
1760554552454020600,25.9760205078125,-0.9772796630859375,-0.05755615234375,-0.248809814453125
1760554552464024600,25.986024658203124,-0.972686767578125,-0.070648193359375,-0.244598388671875
1760554552474029600,25.996029541015623,-0.968963623046875,-0.082305908203125,-0.240325927734375
1760554552484033500,26.006033447265626,-0.964111328125,-0.0913238525390625,-0.2388458251953125
1760554552494037500,26.01603759765625,-0.9641265869140625,-0.094329833984375,-0.2402191162109375
1760554552504042800,26.026042724609376,-0.96044921875,-0.103912353515625,-0.238677978515625
1760554552514046700,26.036046630859374,-0.9467926025390625,-0.137115478515625,-0.22064208984375
1760554552524050400,26.046050537109377,-0.9385223388671875,-0.156829833984375,-0.212493896484375
1760554552534055400,26.056055419921876,-0.9392547607421875,-0.158660888671875,-0.2119140625
1760554552544059400,26.066059326171874,-0.9429473876953125,-0.150299072265625,-0.2118072509765625
1760554552554064600,26.076064697265625,-0.95074462890625,-0.127349853515625,-0.221710205078125
1760554552564068600,26.086068603515624,-0.9595947265625,-0.113677978515625,-0.228546142578125
1760554552574072600,26.096072509765627,-0.96600341796875,-0.09832763671875,-0.2361297607421875
1760554552584077600,26.10607763671875,-0.9736785888671875,-0.0810394287109375,-0.2420501708984375
1760554552594081500,26.11608154296875,-0.976043701171875,-0.0709991455078125,-0.2454833984375
1760554552604085800,26.126085693359375,-0.978363037109375,-0.0679931640625,-0.2463531494140625
1760554552614090800,26.1360908203125,-0.97943115234375,-0.067535400390625,-0.24835205078125
1760554552624094500,26.146094482421876,-0.97637939453125,-0.073638916015625,-0.2454986572265625
1760554552634099500,26.156099365234375,-0.9743499755859375,-0.0800018310546875,-0.246429443359375
1760554552644103400,26.166103515625,-0.9724884033203125,-0.0850067138671875,-0.2425384521484375
1760554552654107600,26.176107666015625,-0.9727630615234375,-0.0852203369140625,-0.24346923828125
1760554552664112600,26.186112548828124,-0.9745941162109375,-0.0822906494140625,-0.24609375
1760554552674116600,26.19611669921875,-0.9745330810546875,-0.0863494873046875,-0.24395751953125
1760554552684121600,26.20612158203125,-0.964324951171875,-0.111175537109375,-0.233795166015625
1760554552694125600,26.21612548828125,-0.94818115234375,-0.146270751953125,-0.2173919677734375
1760554552704129500,26.226129638671875,-0.93646240234375,-0.173492431640625,-0.19805908203125
1760554552714134500,26.236134521484374,-0.928924560546875,-0.18896484375,-0.1905364990234375
1760554552724138500,26.246138427734376,-0.929412841796875,-0.190032958984375,-0.191619873046875
1760554552734142500,26.256142578125,-0.9376678466796875,-0.1712799072265625,-0.20062255859375
1760554552744147500,26.2661474609375,-0.9474639892578125,-0.14813232421875,-0.2147369384765625
1760554552754151700,26.276151611328125,-0.9547882080078125,-0.1293792724609375,-0.222747802734375
1760554552764156700,26.28615673828125,-0.964508056640625,-0.106536865234375,-0.2343902587890625
1760554552774160600,26.29616064453125,-0.974822998046875,-0.0820465087890625,-0.2445831298828125
1760554552784164600,26.30616455078125,-0.9763031005859375,-0.0770416259765625,-0.2454681396484375
1760554552794169600,26.316169677734376,-0.97637939453125,-0.0748748779296875,-0.247802734375
1760554552804173600,26.326173583984374,-0.9841766357421875,-0.057159423828125,-0.2533416748046875
1760554552814177500,26.336177490234373,-0.99066162109375,-0.0431365966796875,-0.2576141357421875
1760554552824182500,26.3461826171875,-0.9902496337890625,-0.043426513671875,-0.257843017578125
1760554552834186500,26.3561865234375,-0.9904632568359375,-0.043548583984375,-0.256866455078125
1760554552844191500,26.36619140625,-0.985321044921875,-0.05584716796875,-0.2526397705078125
1760554552854195700,26.37619580078125,-0.975738525390625,-0.0767974853515625,-0.2462921142578125
1760554552864199700,26.38619970703125,-0.9652099609375,-0.1011810302734375,-0.235504150390625
1760554552874204700,26.39620458984375,-0.9539337158203125,-0.1271514892578125,-0.22430419921875
1760554552884208600,26.406208740234376,-0.9466552734375,-0.1457061767578125,-0.2158050537109375
1760554552894213600,26.416213623046875,-0.944305419921875,-0.1544036865234375,-0.2090911865234375
1760554552904217600,26.426217529296874,-0.9461212158203125,-0.155548095703125,-0.20855712890625
1760554552914221600,26.4362216796875,-0.9448699951171875,-0.1530914306640625,-0.2069091796875
1760554552924226600,26.4462265625,-0.94805908203125,-0.145233154296875,-0.2126617431640625
1760554552934230500,26.45623046875,-0.9534759521484375,-0.1337432861328125,-0.2188568115234375
1760554552944234500,26.466234375,-0.9559478759765625,-0.128082275390625,-0.223419189453125
1760554552954239500,26.476239501953124,-0.9613494873046875,-0.1169891357421875,-0.2277679443359375
1760554552964243700,26.48624365234375,-0.9671478271484375,-0.10150146484375,-0.23455810546875
1760554552974248700,26.496248779296874,-0.974578857421875,-0.0862579345703125,-0.2403564453125
1760554552984252400,26.50625244140625,-0.979522705078125,-0.0734710693359375,-0.24627685546875
1760554552994256400,26.51625634765625,-0.983001708984375,-0.060455322265625,-0.2518310546875
1760554553004261400,26.526261474609374,-0.9875640869140625,-0.0559234619140625,-0.2551727294921875
1760554553014265600,26.536265625,-0.985015869140625,-0.0609283447265625,-0.253997802734375
1760554553024270600,26.5462705078125,-0.9832763671875,-0.0650177001953125,-0.253570556640625
1760554553034274600,26.556274658203126,-0.9753570556640625,-0.082489013671875,-0.2452545166015625
1760554553044278500,26.566278564453125,-0.965301513671875,-0.106689453125,-0.236083984375
1760554553054283500,26.576283447265624,-0.9616851806640625,-0.114105224609375,-0.23077392578125
1760554553064287700,26.586287841796874,-0.9632415771484375,-0.12103271484375,-0.227935791015625
1760554553074291500,26.59629150390625,-0.9610443115234375,-0.123046875,-0.2286834716796875
1760554553084296400,26.60629638671875,-0.9608154296875,-0.1214141845703125,-0.2292022705078125
1760554553094300400,26.616300537109375,-0.9605712890625,-0.1274261474609375,-0.2239990234375
1760554553104305400,26.626305419921874,-0.9552001953125,-0.1428680419921875,-0.2148895263671875
1760554553114309600,26.6363095703125,-0.9420928955078125,-0.171417236328125,-0.1996917724609375
1760554553124313600,26.646313720703127,-0.940826416015625,-0.1751251220703125,-0.1963653564453125
1760554553134318600,26.656318603515626,-0.946441650390625,-0.163726806640625,-0.2014617919921875
1760554553144322600,26.666322509765624,-0.9508056640625,-0.150482177734375,-0.21112060546875
1760554553154326800,26.676326904296875,-0.955474853515625,-0.14208984375,-0.2151336669921875
1760554553164331800,26.686331787109374,-0.959503173828125,-0.1300506591796875,-0.221343994140625
1760554553174335500,26.69633544921875,-0.9662933349609375,-0.1154327392578125,-0.2294921875
1760554553184340500,26.706340576171876,-0.970184326171875,-0.1052703857421875,-0.2359771728515625
1760554553194344400,26.716344482421874,-0.972900390625,-0.102996826171875,-0.2371978759765625
1760554553204348700,26.7263486328125,-0.97412109375,-0.1019287109375,-0.2381591796875
1760554553214353700,26.736353759765624,-0.9755706787109375,-0.097900390625,-0.2397003173828125
1760554553224357600,26.746357666015626,-0.9759979248046875,-0.09576416015625,-0.2412261962890625
1760554553234362600,26.756362548828125,-0.9750518798828125,-0.097686767578125,-0.2389068603515625
1760554553244366600,26.76636669921875,-0.9712371826171875,-0.1045379638671875,-0.2359619140625
1760554553254370600,26.77637060546875,-0.972381591796875,-0.108856201171875,-0.232666015625
1760554553264375600,26.78637548828125,-0.969940185546875,-0.1127777099609375,-0.2312774658203125
1760554553274379500,26.796379638671876,-0.9666290283203125,-0.1206207275390625,-0.2282867431640625
1760554553284383500,26.806383544921875,-0.959075927734375,-0.137542724609375,-0.22015380859375
1760554553294388500,26.816388427734374,-0.9521636962890625,-0.15447998046875,-0.2107696533203125
1760554553304392700,26.826392822265625,-0.9485321044921875,-0.163482666015625,-0.204986572265625
1760554553314398000,26.83639794921875,-0.9417724609375,-0.174530029296875,-0.195831298828125
1760554553324402200,26.846402099609374,-0.943817138671875,-0.17376708984375,-0.197906494140625
1760554553334406100,26.85640625,-0.946624755859375,-0.166961669921875,-0.1994171142578125
1760554553344411100,26.8664111328125,-0.9442596435546875,-0.169097900390625,-0.198944091796875
1760554553354415000,26.8764150390625,-0.9521026611328125,-0.1576080322265625,-0.205535888671875
1760554553364420000,26.886420166015625,-0.95941162109375,-0.141082763671875,-0.2165374755859375
1760554553374424300,26.89642431640625,-0.96343994140625,-0.1247100830078125,-0.2258148193359375
1760554553384428300,26.90642822265625,-0.972198486328125,-0.10693359375,-0.236602783203125
1760554553394433300,26.916433349609374,-0.97698974609375,-0.098052978515625,-0.24139404296875
1760554553404437000,26.92643701171875,-0.9771728515625,-0.0936126708984375,-0.2419281005859375
1760554553414441200,26.936441162109375,-0.978271484375,-0.088653564453125,-0.2447509765625
1760554553424446200,26.9464462890625,-0.9762115478515625,-0.0903472900390625,-0.2427978515625
1760554553434450200,26.9564501953125,-0.9749755859375,-0.095184326171875,-0.2412261962890625
1760554553444455200,26.966455078125,-0.97265625,-0.1041259765625,-0.23748779296875
1760554553454459100,26.976459228515626,-0.96893310546875,-0.108642578125,-0.2311553955078125
1760554553464463400,26.98646337890625,-0.96600341796875,-0.116302490234375,-0.22705078125
1760554553474468400,26.99646826171875,-0.958953857421875,-0.128326416015625,-0.2218780517578125
1760554553484472000,27.00647216796875,-0.954925537109375,-0.1417236328125,-0.216888427734375
1760554553494477000,27.01647705078125,-0.94830322265625,-0.156524658203125,-0.2073822021484375
1760554553504481000,27.02648095703125,-0.935211181640625,-0.1821441650390625,-0.193817138671875
1760554553514485200,27.0364853515625,-0.92962646484375,-0.1942291259765625,-0.1871185302734375
1760554553524490200,27.046490234375,-0.9390869140625,-0.1757659912109375,-0.2002105712890625
1760554553534494200,27.056494140625,-0.9407501220703125,-0.1660308837890625,-0.20684814453125
1760554553544498200,27.066498291015623,-0.9502716064453125,-0.148590087890625,-0.216796875
1760554553554503200,27.076503173828126,-0.9597625732421875,-0.120941162109375,-0.2332916259765625
1760554553564507100,27.086507080078125,-0.9703216552734375,-0.093994140625,-0.2440185546875
1760554553574512000,27.09651220703125,-0.976776123046875,-0.0762481689453125,-0.252105712890625
1760554553584516000,27.10651611328125,-0.98052978515625,-0.0621337890625,-0.2559051513671875
1760554553594520000,27.11652001953125,-0.9879608154296875,-0.046630859375,-0.2606201171875
1760554553604525000,27.126525146484376,-0.984893798828125,-0.0523529052734375,-0.2548675537109375
1760554553614529000,27.136529052734375,-0.9860076904296875,-0.0508575439453125,-0.2551116943359375
1760554553624534000,27.146533935546874,-0.9820098876953125,-0.057342529296875,-0.251495361328125
1760554553634538200,27.156538330078124,-0.976287841796875,-0.0674896240234375,-0.2461700439453125
1760554553644542200,27.166542236328127,-0.9725799560546875,-0.0768280029296875,-0.2418060302734375
1760554553654547200,27.176547119140626,-0.9647216796875,-0.09375,-0.2376861572265625
1760554553664551200,27.18655126953125,-0.9618072509765625,-0.0989532470703125,-0.2354583740234375
1760554553674555100,27.19655517578125,-0.9617462158203125,-0.1014251708984375,-0.23138427734375
1760554553684560100,27.20656005859375,-0.9589080810546875,-0.105926513671875,-0.2291412353515625
1760554553694564000,27.216564208984376,-0.9597015380859375,-0.107635498046875,-0.2309722900390625
1760554553704569000,27.226569091796875,-0.957000732421875,-0.11090087890625,-0.2301025390625
1760554553714573000,27.236572998046874,-0.9563140869140625,-0.1139373779296875,-0.2303314208984375
1760554553724577300,27.246577392578125,-0.9598236083984375,-0.10504150390625,-0.2332305908203125
1760554553734582300,27.256582275390624,-0.9669952392578125,-0.0891265869140625,-0.235931396484375
1760554553744586200,27.266586181640626,-0.97039794921875,-0.079986572265625,-0.2402496337890625
1760554553754591200,27.27659130859375,-0.9733123779296875,-0.06964111328125,-0.2434539794921875
1760554553764595000,27.286594970703124,-0.9758453369140625,-0.061920166015625,-0.2456512451171875
1760554553774599200,27.29659912109375,-0.9787139892578125,-0.0593719482421875,-0.2472076416015625
1760554553784604200,27.306604248046874,-0.9790191650390625,-0.0591278076171875,-0.247100830078125
1760554553794608000,27.316608154296876,-0.977386474609375,-0.06219482421875,-0.2463836669921875
1760554553804612000,27.326612060546875,-0.97332763671875,-0.0698089599609375,-0.24444580078125
1760554553814617000,27.3366171875,-0.9688720703125,-0.0826263427734375,-0.2406005859375
1760554553824621300,27.346621337890625,-0.9677734375,-0.08587646484375,-0.239959716796875
1760554553834626300,27.356626220703124,-0.9668731689453125,-0.08856201171875,-0.23681640625
1760554553844630300,27.36663037109375,-0.9635162353515625,-0.0959625244140625,-0.2343902587890625
1760554553854634000,27.376634033203125,-0.9626922607421875,-0.0997314453125,-0.2343902587890625
1760554553864639000,27.386638916015624,-0.96282958984375,-0.099090576171875,-0.234893798828125
1760554553874643200,27.396643310546875,-0.9625701904296875,-0.10186767578125,-0.2352752685546875
1760554553884648200,27.406648193359374,-0.9611358642578125,-0.103240966796875,-0.233306884765625
1760554553894652200,27.416652099609376,-0.96270751953125,-0.1037139892578125,-0.2313690185546875
1760554553904656100,27.42665625,-0.9633941650390625,-0.104522705078125,-0.2325439453125
1760554553914661000,27.4366611328125,-0.964080810546875,-0.10186767578125,-0.2333831787109375
1760554553924665000,27.4466650390625,-0.964935302734375,-0.099029541015625,-0.2358245849609375
1760554553934669300,27.45666943359375,-0.966827392578125,-0.0929718017578125,-0.23779296875
1760554553944674300,27.46667431640625,-0.968017578125,-0.094207763671875,-0.237457275390625
1760554553954678000,27.476677978515625,-0.9698333740234375,-0.0932159423828125,-0.2379608154296875
1760554553964683000,27.48668310546875,-0.9637298583984375,-0.099029541015625,-0.236541748046875
1760554553974687000,27.49668701171875,-0.9665679931640625,-0.0998077392578125,-0.236297607421875
1760554553984691200,27.506691162109377,-0.9658050537109375,-0.1037139892578125,-0.23480224609375
1760554553994696200,27.5166962890625,-0.9624786376953125,-0.1074981689453125,-0.2322998046875
1760554554004700200,27.5267001953125,-0.9629364013671875,-0.108551025390625,-0.2315826416015625
1760554554014705200,27.536705078125,-0.9638519287109375,-0.1094970703125,-0.232452392578125
1760554554024709000,27.546709228515624,-0.961181640625,-0.1125946044921875,-0.22998046875
1760554554034713300,27.55671337890625,-0.9545745849609375,-0.128814697265625,-0.2229156494140625
1760554554044718300,27.56671826171875,-0.95013427734375,-0.1378936767578125,-0.2170257568359375
1760554554054722000,27.57672216796875,-0.95404052734375,-0.130706787109375,-0.22052001953125
1760554554064727000,27.58672705078125,-0.954071044921875,-0.127410888671875,-0.2209930419921875
1760554554074731000,27.59673095703125,-0.9568634033203125,-0.1244354248046875,-0.2239227294921875
1760554554084735200,27.6067353515625,-0.96160888671875,-0.11663818359375,-0.2302093505859375
1760554554094740200,27.616740234375,-0.9636077880859375,-0.108917236328125,-0.2312164306640625
1760554554104744200,27.626744140625,-0.9650115966796875,-0.105194091796875,-0.2319183349609375
1760554554114748200,27.636748046875,-0.96856689453125,-0.098541259765625,-0.2357177734375
1760554554124753200,27.646753173828124,-0.9724578857421875,-0.0891265869140625,-0.2391510009765625
1760554554134757000,27.656757080078126,-0.9744110107421875,-0.0831756591796875,-0.24420166015625
1760554554144762000,27.66676220703125,-0.9760894775390625,-0.082122802734375,-0.2446136474609375
1760554554154766000,27.67676611328125,-0.9752960205078125,-0.0806732177734375,-0.24407958984375
1760554554164770000,27.68677001953125,-0.972198486328125,-0.08563232421875,-0.240936279296875
1760554554174775000,27.696775146484374,-0.9687042236328125,-0.0946807861328125,-0.2374420166015625
1760554554184779300,27.706779296875,-0.9651947021484375,-0.101531982421875,-0.2357177734375
1760554554194784300,27.7167841796875,-0.9625091552734375,-0.11151123046875,-0.231231689453125
1760554554204788200,27.726788330078126,-0.95904541015625,-0.1210174560546875,-0.226531982421875
1760554554214792200,27.736792236328125,-0.957733154296875,-0.12432861328125,-0.2233428955078125
1760554554224797200,27.746797119140624,-0.9591522216796875,-0.1237335205078125,-0.2237701416015625
1760554554234801200,27.75680126953125,-0.954986572265625,-0.1300506591796875,-0.2198638916015625
1760554554244805000,27.76680517578125,-0.9531097412109375,-0.131622314453125,-0.2211151123046875
1760554554254810000,27.77681005859375,-0.9544219970703125,-0.13360595703125,-0.2183685302734375
1760554554264814000,27.78681396484375,-0.9498138427734375,-0.139739990234375,-0.216766357421875
1760554554274819000,27.796819091796873,-0.9507293701171875,-0.1375885009765625,-0.2186279296875
1760554554284823300,27.8068232421875,-0.9551239013671875,-0.124603271484375,-0.2251129150390625
1760554554294827300,27.8168271484375,-0.9620208740234375,-0.11090087890625,-0.2308807373046875
1760554554304832300,27.826832275390625,-0.9677276611328125,-0.09710693359375,-0.236724853515625
1760554554314836000,27.8368359375,-0.9719696044921875,-0.0845489501953125,-0.2410430908203125
1760554554324841000,27.846841064453123,-0.9757232666015625,-0.0761260986328125,-0.246185302734375
1760554554334845200,27.85684521484375,-0.975616455078125,-0.0749359130859375,-0.245697021484375
1760554554344849200,27.86684912109375,-0.97601318359375,-0.073394775390625,-0.2455291748046875
1760554554354854100,27.876854248046875,-0.9756622314453125,-0.0733489990234375,-0.2444610595703125
1760554554364857900,27.88685791015625,-0.9742431640625,-0.0771484375,-0.2434539794921875
1760554554374862000,27.896862060546876,-0.971221923828125,-0.08245849609375,-0.2409210205078125
1760554554384867000,27.9068671875,-0.97015380859375,-0.0859527587890625,-0.2383880615234375
1760554554394871000,27.91687109375,-0.966400146484375,-0.0933990478515625,-0.2376861572265625
1760554554404876000,27.9268759765625,-0.9627532958984375,-0.105224609375,-0.2317657470703125
1760554554414880000,27.9368798828125,-0.9578704833984375,-0.115875244140625,-0.2288665771484375
1760554554424884000,27.946884033203126,-0.9566192626953125,-0.118377685546875,-0.2259521484375
1760554554434889000,27.956888916015625,-0.95648193359375,-0.119873046875,-0.2272491455078125
1760554554444893200,27.96689306640625,-0.958587646484375,-0.1157684326171875,-0.2283782958984375
1760554554454898200,27.976898193359375,-0.9609222412109375,-0.11627197265625,-0.227264404296875
1760554554464902000,27.98690185546875,-0.962860107421875,-0.1071319580078125,-0.2307281494140625
1760554554474905900,27.99690576171875,-0.9669342041015625,-0.0980377197265625,-0.234649658203125
1760554554484910800,28.006910888671875,-0.966644287109375,-0.0977325439453125,-0.2344970703125
1760554554494915000,28.0169150390625,-0.9677734375,-0.0975799560546875,-0.2357940673828125
1760554554504920000,28.026920166015625,-0.96661376953125,-0.1012725830078125,-0.2356109619140625
1760554554514924000,28.036924072265624,-0.966827392578125,-0.100494384765625,-0.2343292236328125
1760554554524928000,28.046927978515626,-0.965606689453125,-0.099761962890625,-0.2335052490234375
1760554554534933000,28.05693310546875,-0.96435546875,-0.1003265380859375,-0.232696533203125
1760554554544937200,28.066937255859376,-0.9630584716796875,-0.1038818359375,-0.232269287109375
1760554554554941000,28.07694091796875,-0.963623046875,-0.105712890625,-0.2340240478515625
1760554554564946000,28.08694580078125,-0.9617156982421875,-0.1094512939453125,-0.231536865234375
1760554554574950000,28.096949951171876,-0.9592742919921875,-0.11090087890625,-0.2310638427734375
1760554554584955000,28.106954833984375,-0.958221435546875,-0.1152496337890625,-0.2295074462890625
1760554554594959000,28.116958984375,-0.959075927734375,-0.1152801513671875,-0.229339599609375
1760554554604963000,28.126963134765624,-0.96142578125,-0.10919189453125,-0.2315521240234375
1760554554614968000,28.136968017578123,-0.9607086181640625,-0.1083221435546875,-0.232147216796875
1760554554624972000,28.146971923828126,-0.9625244140625,-0.1057281494140625,-0.232025146484375
1760554554634977000,28.15697705078125,-0.9644775390625,-0.10162353515625,-0.2353515625
1760554554644981000,28.16698095703125,-0.9671630859375,-0.0946502685546875,-0.23626708984375
1760554554654985000,28.17698486328125,-0.9701995849609375,-0.08709716796875,-0.2386322021484375
1760554554664990000,28.186989990234373,-0.9700469970703125,-0.087493896484375,-0.2400360107421875
1760554554674994000,28.196993896484376,-0.97015380859375,-0.084930419921875,-0.2401885986328125
1760554554684999000,28.2069990234375,-0.9720001220703125,-0.0826568603515625,-0.2422332763671875
1760554554695003100,28.217003173828125,-0.972900390625,-0.0810546875,-0.2418975830078125
1760554554705007000,28.227007080078124,-0.97186279296875,-0.0821990966796875,-0.2404937744140625
1760554554715012000,28.23701220703125,-0.970794677734375,-0.0849761962890625,-0.239013671875
1760554554725016000,28.24701611328125,-0.9688262939453125,-0.08740234375,-0.23895263671875
1760554554735020000,28.25702001953125,-0.968231201171875,-0.0920867919921875,-0.237823486328125
1760554554745025000,28.26702490234375,-0.9673004150390625,-0.091064453125,-0.2371063232421875
1760554554755029000,28.277029052734374,-0.9672088623046875,-0.094268798828125,-0.2382049560546875
1760554554765034000,28.287033935546877,-0.965789794921875,-0.0966033935546875,-0.2360382080078125
1760554554775038000,28.297037841796875,-0.9635772705078125,-0.1014862060546875,-0.23663330078125
1760554554785042000,28.3070419921875,-0.963714599609375,-0.1038665771484375,-0.233123779296875
1760554554795047200,28.317047119140625,-0.963531494140625,-0.103851318359375,-0.2329864501953125
1760554554805051100,28.327051025390624,-0.96368408203125,-0.1035919189453125,-0.233551025390625
1760554554815056100,28.33705615234375,-0.9632415771484375,-0.104583740234375,-0.2339935302734375
1760554554825060000,28.34706005859375,-0.96490478515625,-0.1035308837890625,-0.2326812744140625
1760554554835063800,28.357063720703124,-0.966400146484375,-0.0997161865234375,-0.235137939453125
1760554554845069000,28.367069091796875,-0.9651031494140625,-0.1016998291015625,-0.23345947265625
1760554554855073000,28.377072998046874,-0.96295166015625,-0.1072998046875,-0.232635498046875
1760554554865078000,28.387078125,-0.960052490234375,-0.113250732421875,-0.2282867431640625
1760554554875082000,28.39708203125,-0.962127685546875,-0.11065673828125,-0.2305908203125
1760554554885086000,28.4070859375,-0.9624176025390625,-0.11260986328125,-0.228271484375
1760554554895091000,28.417091064453125,-0.9610443115234375,-0.1146697998046875,-0.228363037109375
1760554554905095200,28.42709521484375,-0.960845947265625,-0.1152496337890625,-0.22808837890625
1760554554915099100,28.43709912109375,-0.9625244140625,-0.1143341064453125,-0.228057861328125
1760554554925104000,28.447104248046877,-0.960693359375,-0.1149444580078125,-0.228271484375
1760554554935107800,28.45710791015625,-0.9620513916015625,-0.1115264892578125,-0.229339599609375
1760554554945112800,28.46711279296875,-0.9677276611328125,-0.1013031005859375,-0.2339935302734375
1760554554955117000,28.477116943359373,-0.971343994140625,-0.09539794921875,-0.2374725341796875
1760554554965121000,28.48712109375,-0.973968505859375,-0.0860443115234375,-0.242462158203125
1760554554975126000,28.4971259765625,-0.97467041015625,-0.0840301513671875,-0.2425994873046875
1760554554985130000,28.5071298828125,-0.9750213623046875,-0.08599853515625,-0.242034912109375
1760554554995135000,28.517135009765624,-0.974090576171875,-0.0890960693359375,-0.2410888671875
1760554555005139200,28.52713916015625,-0.9716033935546875,-0.0929718017578125,-0.2410125732421875
1760554555015143000,28.537142822265626,-0.969146728515625,-0.0967559814453125,-0.238067626953125
1760554555025148000,28.54714794921875,-0.9654693603515625,-0.10784912109375,-0.2339324951171875
1760554555035152000,28.55715185546875,-0.9611053466796875,-0.119354248046875,-0.2268218994140625
1760554555045156900,28.567156982421874,-0.955596923828125,-0.1314849853515625,-0.21978759765625
1760554555055161000,28.5771611328125,-0.9545135498046875,-0.1387176513671875,-0.2172698974609375
1760554555065165000,28.5871650390625,-0.9529571533203125,-0.1402740478515625,-0.2165374755859375
1760554555075170000,28.597170166015626,-0.9486083984375,-0.1497344970703125,-0.2109832763671875
1760554555085174000,28.607174072265625,-0.9502105712890625,-0.1456451416015625,-0.211151123046875
1760554555095178200,28.61717822265625,-0.954498291015625,-0.1369476318359375,-0.217559814453125
1760554555105183200,28.627183349609375,-0.9609375,-0.12432861328125,-0.2258758544921875
1760554555115187000,28.63718701171875,-0.9715728759765625,-0.101715087890625,-0.23553466796875
1760554555125192000,28.64719189453125,-0.9743194580078125,-0.09454345703125,-0.2379913330078125
1760554555135196000,28.65719580078125,-0.9722900390625,-0.0965728759765625,-0.23968505859375
1760554555145200000,28.6672001953125,-0.9730377197265625,-0.0970458984375,-0.239593505859375
1760554555155205000,28.677205078125,-0.9739227294921875,-0.09625244140625,-0.2371826171875
1760554555165209000,28.687208984375,-0.968414306640625,-0.1021728515625,-0.236053466796875
1760554555175214000,28.697214111328126,-0.967376708984375,-0.107574462890625,-0.2321929931640625
1760554555185218000,28.707218017578125,-0.9645843505859375,-0.113861083984375,-0.2284088134765625
1760554555195222000,28.717221923828124,-0.962158203125,-0.121917724609375,-0.2231903076171875
1760554555205227300,28.727227294921875,-0.9586334228515625,-0.132720947265625,-0.2178955078125
1760554555215231000,28.73723095703125,-0.9507598876953125,-0.1527557373046875,-0.2112884521484375
1760554555225236000,28.747236083984376,-0.94390869140625,-0.1654205322265625,-0.2032928466796875
1760554555235240000,28.757239990234375,-0.944427490234375,-0.1612396240234375,-0.20281982421875
1760554555245244000,28.767243896484374,-0.94482421875,-0.1609954833984375,-0.206146240234375
1760554555255249000,28.777248779296876,-0.9421844482421875,-0.163421630859375,-0.20635986328125
1760554555265253000,28.787253173828127,-0.942047119140625,-0.162353515625,-0.2086334228515625
1760554555275257000,28.797257080078126,-0.9490814208984375,-0.1463775634765625,-0.2187347412109375
1760554555285262000,28.807261962890625,-0.9577178955078125,-0.126312255859375,-0.224090576171875
1760554555295265800,28.817265869140623,-0.9656982421875,-0.1045074462890625,-0.2355499267578125
1760554555305270800,28.827270751953126,-0.976348876953125,-0.0789337158203125,-0.247039794921875
1760554555315275500,28.837275634765625,-0.9835205078125,-0.0630645751953125,-0.254180908203125
1760554555325279500,28.847279541015624,-0.9857940673828125,-0.053955078125,-0.256744384765625
1760554555335284500,28.857284423828126,-0.986663818359375,-0.0468292236328125,-0.25762939453125
1760554555345288400,28.867288330078125,-0.986083984375,-0.0484619140625,-0.2544097900390625
1760554555355293400,28.87729345703125,-0.9845733642578125,-0.052764892578125,-0.251861572265625
1760554555365297700,28.887297607421875,-0.9791717529296875,-0.0624542236328125,-0.249755859375
1760554555375301600,28.897301513671874,-0.974029541015625,-0.0756072998046875,-0.241424560546875
1760554555385306600,28.907306640625,-0.966094970703125,-0.097137451171875,-0.2360382080078125
1760554555395310600,28.917310546875,-0.9582366943359375,-0.114959716796875,-0.2282562255859375
1760554555405315600,28.927315673828126,-0.9553375244140625,-0.1229705810546875,-0.2255096435546875
1760554555415319600,28.937319580078125,-0.9492034912109375,-0.1353302001953125,-0.21929931640625
1760554555425323500,28.947323486328123,-0.950836181640625,-0.1317596435546875,-0.2205352783203125
1760554555435328500,28.95732861328125,-0.95416259765625,-0.124908447265625,-0.2245635986328125
1760554555445332500,28.96733251953125,-0.955535888671875,-0.1171112060546875,-0.22662353515625
1760554555455337500,28.97733740234375,-0.9618072509765625,-0.1079864501953125,-0.2312469482421875
1760554555465341400,28.987341552734375,-0.96484375,-0.096466064453125,-0.2352294921875
1760554555475345700,28.997345703125,-0.97137451171875,-0.084869384765625,-0.2386322021484375
1760554555485350700,29.0073505859375,-0.9773101806640625,-0.070556640625,-0.244476318359375
1760554555495354400,29.017354248046875,-0.9789886474609375,-0.06317138671875,-0.248626708984375
1760554555505359400,29.027359375,-0.9800567626953125,-0.0594940185546875,-0.2480621337890625
1760554555515363300,29.03736328125,-0.9792022705078125,-0.0618438720703125,-0.2487640380859375
1760554555525367600,29.047367431640627,-0.97796630859375,-0.0705718994140625,-0.2457275390625
1760554555535372500,29.05737255859375,-0.9699859619140625,-0.0855865478515625,-0.2403564453125
1760554555545376500,29.06737646484375,-0.964141845703125,-0.0982666015625,-0.238433837890625
1760554555555380500,29.07738037109375,-0.9629364013671875,-0.1038055419921875,-0.2349853515625
1760554555565385500,29.087385498046874,-0.9619903564453125,-0.1095733642578125,-0.2321624755859375
1760554555575389700,29.0973896484375,-0.960418701171875,-0.113311767578125,-0.2288970947265625
1760554555585394700,29.107394775390624,-0.96087646484375,-0.1145477294921875,-0.2303009033203125
1760554555595398400,29.1173984375,-0.95977783203125,-0.1154327392578125,-0.22857666015625
1760554555605402400,29.12740234375,-0.9605712890625,-0.1148681640625,-0.227386474609375
1760554555615407400,29.137407470703124,-0.961761474609375,-0.1101531982421875,-0.228973388671875
1760554555625411600,29.14741162109375,-0.965484619140625,-0.1051025390625,-0.2330474853515625
1760554555635416600,29.15741650390625,-0.9681396484375,-0.100677490234375,-0.2347259521484375
1760554555645420500,29.167420654296876,-0.9685516357421875,-0.0980987548828125,-0.2346343994140625
1760554555655424500,29.177424560546875,-0.9698028564453125,-0.1007232666015625,-0.2359619140625
1760554555665429500,29.187429443359374,-0.970062255859375,-0.0986480712890625,-0.2368927001953125
1760554555675433700,29.197433837890625,-0.96942138671875,-0.0986785888671875,-0.23663330078125
1760554555685438700,29.207438720703124,-0.970458984375,-0.0987091064453125,-0.235198974609375
1760554555695442400,29.2174423828125,-0.9682464599609375,-0.103729248046875,-0.23321533203125
1760554555705446400,29.2274462890625,-0.967376708984375,-0.1057281494140625,-0.234466552734375
1760554555715451400,29.237451416015624,-0.9630126953125,-0.1150665283203125,-0.2310638427734375
1760554555725455600,29.24745556640625,-0.9586639404296875,-0.128509521484375,-0.2243194580078125
1760554555735459600,29.25745947265625,-0.9528656005859375,-0.14483642578125,-0.21435546875
1760554555745464600,29.267464599609376,-0.9474334716796875,-0.1607818603515625,-0.205474853515625
1760554555755468500,29.277468505859375,-0.941497802734375,-0.1663360595703125,-0.201080322265625
1760554555765473500,29.2874736328125,-0.9466094970703125,-0.1593017578125,-0.2054290771484375
1760554555775477500,29.2974775390625,-0.951446533203125,-0.1493072509765625,-0.211944580078125
1760554555785481500,29.3074814453125,-0.956756591796875,-0.1366424560546875,-0.2181396484375
1760554555795486500,29.317486572265626,-0.9664764404296875,-0.117889404296875,-0.22918701171875
1760554555805490400,29.327490478515625,-0.9728851318359375,-0.1036376953125,-0.235931396484375
1760554555815495400,29.337495361328124,-0.9740753173828125,-0.099578857421875,-0.237640380859375
1760554555825499600,29.347499755859374,-0.97265625,-0.100921630859375,-0.2371673583984375
1760554555835503600,29.357503662109377,-0.9724273681640625,-0.1026458740234375,-0.2381591796875
1760554555845508600,29.367508544921876,-0.9733734130859375,-0.0997314453125,-0.237701416015625
1760554555855512600,29.3775126953125,-0.9770965576171875,-0.0915069580078125,-0.2408905029296875
1760554555865517600,29.387517578125,-0.978302001953125,-0.0917205810546875,-0.2440643310546875
1760554555875521500,29.397521484375,-0.975982666015625,-0.0952606201171875,-0.2424774169921875
1760554555885525500,29.407525390625,-0.9756927490234375,-0.1045989990234375,-0.238616943359375
1760554555895530500,29.417530517578125,-0.971405029296875,-0.1131744384765625,-0.2328033447265625
1760554555905534500,29.427534423828124,-0.966705322265625,-0.1253509521484375,-0.225006103515625
1760554555915539500,29.43753955078125,-0.9556427001953125,-0.14654541015625,-0.216522216796875
1760554555925543400,29.44754345703125,-0.9463958740234375,-0.1646728515625,-0.2040863037109375
1760554555935547600,29.457547607421876,-0.9447021484375,-0.17523193359375,-0.195159912109375
1760554555945552600,29.467552734375,-0.94244384765625,-0.1811370849609375,-0.19158935546875
1760554555955556600,29.477556640625,-0.9428863525390625,-0.1799163818359375,-0.1923675537109375
1760554555965561600,29.4875615234375,-0.9424591064453125,-0.17706298828125,-0.1941070556640625
1760554555975565300,29.4975654296875,-0.94677734375,-0.170562744140625,-0.1991424560546875
1760554555985569500,29.507569580078126,-0.9487152099609375,-0.1668853759765625,-0.20074462890625
1760554555995574500,29.517574462890625,-0.9527740478515625,-0.1579132080078125,-0.2059326171875
1760554556005578500,29.52757861328125,-0.9645843505859375,-0.1295623779296875,-0.222503662109375
1760554556015582500,29.53758251953125,-0.977020263671875,-0.1016998291015625,-0.240234375
1760554556025587500,29.54758740234375,-0.987457275390625,-0.08154296875,-0.25341796875
1760554556035591700,29.557591796875,-0.990509033203125,-0.0763092041015625,-0.2560882568359375
1760554556045596700,29.5675966796875,-0.98809814453125,-0.0785369873046875,-0.251007080078125
1760554556055600600,29.5776005859375,-0.983306884765625,-0.0855255126953125,-0.2497100830078125
1760554556065604400,29.587604248046876,-0.977508544921875,-0.0989990234375,-0.243621826171875
1760554556075609300,29.597609375,-0.9699859619140625,-0.1165771484375,-0.23272705078125
1760554556085613600,29.607613525390626,-0.9658966064453125,-0.1311187744140625,-0.22454833984375
1760554556095618600,29.61761865234375,-0.95770263671875,-0.1485443115234375,-0.2144317626953125
1760554556105622500,29.62762255859375,-0.9522247314453125,-0.1602935791015625,-0.2054290771484375
1760554556115626500,29.63762646484375,-0.952239990234375,-0.1642303466796875,-0.2021942138671875
1760554556125631500,29.647631591796873,-0.9505157470703125,-0.170135498046875,-0.1988677978515625
1760554556135635700,29.6576357421875,-0.9477691650390625,-0.1790924072265625,-0.1917266845703125
1760554556145640700,29.667640625,-0.9452056884765625,-0.1806182861328125,-0.1908721923828125
1760554556155644400,29.67764453125,-0.9462890625,-0.1814422607421875,-0.1891326904296875
1760554556165648400,29.6876484375,-0.9475860595703125,-0.176422119140625,-0.1932525634765625
1760554556175653400,29.6976533203125,-0.9493560791015625,-0.1733551025390625,-0.1974945068359375
1760554556185657600,29.70765771484375,-0.9553375244140625,-0.1564178466796875,-0.2084197998046875
1760554556195662600,29.71766259765625,-0.963958740234375,-0.135009765625,-0.219940185546875
1760554556205666600,29.72766650390625,-0.970123291015625,-0.1225128173828125,-0.2291717529296875
1760554556215670500,29.73767041015625,-0.9766845703125,-0.1067962646484375,-0.2398223876953125
1760554556225675500,29.747675537109377,-0.9786834716796875,-0.1011962890625,-0.239410400390625
1760554556235679700,29.7576796875,-0.986358642578125,-0.08709716796875,-0.2477569580078125
1760554556245684700,29.767684814453126,-0.9844512939453125,-0.0879974365234375,-0.2489776611328125
1760554556255688400,29.7776884765625,-0.9770050048828125,-0.102752685546875,-0.24005126953125
1760554556265692400,29.7876923828125,-0.974700927734375,-0.1100006103515625,-0.234649658203125
1760554556275697400,29.797697509765626,-0.97064208984375,-0.1195526123046875,-0.2289276123046875
1760554556285701600,29.80770166015625,-0.9640045166015625,-0.13653564453125,-0.2196502685546875
1760554556295705600,29.81770556640625,-0.957061767578125,-0.1497039794921875,-0.21148681640625
1760554556305710600,29.827710693359375,-0.95184326171875,-0.165069580078125,-0.201385498046875
1760554556315714600,29.837714599609374,-0.9477996826171875,-0.17236328125,-0.1966400146484375
1760554556325719600,29.847719482421876,-0.9484405517578125,-0.1750946044921875,-0.1947174072265625
1760554556335723500,29.8577236328125,-0.9494781494140625,-0.1695556640625,-0.1981658935546875
1760554556345727500,29.8677275390625,-0.9551544189453125,-0.158233642578125,-0.2042694091796875
1760554556355732500,29.877732421875,-0.9542999267578125,-0.1552581787109375,-0.2079315185546875
1760554556365736400,29.887736328125,-0.95794677734375,-0.1476898193359375,-0.2136688232421875
1760554556375741400,29.897741455078126,-0.9638824462890625,-0.1343536376953125,-0.2225341796875
1760554556385745400,29.907745361328125,-0.9726409912109375,-0.1154327392578125,-0.2333831787109375
1760554556395749600,29.91774951171875,-0.9825286865234375,-0.095672607421875,-0.2427825927734375
1760554556405754600,29.927754638671875,-0.9836273193359375,-0.0907440185546875,-0.249725341796875
1760554556415758600,29.937758544921873,-0.984588623046875,-0.0908050537109375,-0.2489166259765625
1760554556425763600,29.947763671875,-0.9832305908203125,-0.0954132080078125,-0.2441864013671875
1760554556435767300,29.957767333984375,-0.9812164306640625,-0.102996826171875,-0.2405853271484375
1760554556445771500,29.967771484375,-0.9733123779296875,-0.1162261962890625,-0.2340240478515625
1760554556455776500,29.977776611328125,-0.96905517578125,-0.1310272216796875,-0.2275238037109375
1760554556465780500,29.987780517578123,-0.961761474609375,-0.1443634033203125,-0.2180633544921875
1760554556475785500,29.997785400390626,-0.9531097412109375,-0.1647186279296875,-0.203216552734375
1760554556485789400,30.00778955078125,-0.94921875,-0.1756591796875,-0.19537353515625
1760554556495793700,30.017793701171875,-0.94744873046875,-0.1805572509765625,-0.1916961669921875
1760554556505798700,30.027798583984374,-0.9466094970703125,-0.1840057373046875,-0.1886444091796875
1760554556515802600,30.037802734375,-0.9460601806640625,-0.189056396484375,-0.184112548828125
1760554556525807600,30.0478076171875,-0.94439697265625,-0.190155029296875,-0.1824798583984375
1760554556535811300,30.057811279296875,-0.94989013671875,-0.1780242919921875,-0.1919708251953125
1760554556545815600,30.067815673828125,-0.9553375244140625,-0.165313720703125,-0.2021484375
1760554556555820500,30.077820556640624,-0.958648681640625,-0.1548004150390625,-0.21002197265625
1760554556565824500,30.087824462890627,-0.9655303955078125,-0.1428070068359375,-0.2177886962890625
1760554556575829500,30.09782958984375,-0.971343994140625,-0.133819580078125,-0.22198486328125
1760554556585833500,30.10783349609375,-0.9732513427734375,-0.127227783203125,-0.2275390625
1760554556595837700,30.117837646484375,-0.9749298095703125,-0.121795654296875,-0.230224609375
1760554556605842700,30.1278427734375,-0.97265625,-0.1228179931640625,-0.228240966796875
1760554556615846700,30.1378466796875,-0.9713134765625,-0.1288604736328125,-0.225799560546875
1760554556625851600,30.1478515625,-0.9723663330078125,-0.1291046142578125,-0.2256622314453125
1760554556635855400,30.15785546875,-0.9721832275390625,-0.1276702880859375,-0.2281341552734375
1760554556645859600,30.167859619140625,-0.9702301025390625,-0.1332550048828125,-0.223602294921875
1760554556655864600,30.177864501953124,-0.9687957763671875,-0.1392059326171875,-0.22076416015625
1760554556665868500,30.18786865234375,-0.9639434814453125,-0.1483154296875,-0.2142333984375
1760554556675872500,30.19787255859375,-0.9547882080078125,-0.1628875732421875,-0.203948974609375
1760554556685877500,30.20787744140625,-0.9437103271484375,-0.1861724853515625,-0.1866607666015625
1760554556695881700,30.2178818359375,-0.9427642822265625,-0.1948699951171875,-0.180084228515625
1760554556705886700,30.22788671875,-0.944091796875,-0.1942291259765625,-0.1806793212890625
1760554556715890400,30.237890380859376,-0.9438323974609375,-0.188690185546875,-0.1842498779296875
1760554556725894400,30.247894287109375,-0.9460296630859375,-0.185699462890625,-0.1912078857421875
1760554556735899400,30.2578994140625,-0.9453582763671875,-0.1848602294921875,-0.191009521484375
1760554556745903600,30.267903564453125,-0.942108154296875,-0.18914794921875,-0.1885986328125
1760554556755908600,30.27790869140625,-0.9459228515625,-0.1785888671875,-0.1960601806640625
1760554556765912600,30.28791259765625,-0.954559326171875,-0.158203125,-0.2091827392578125
1760554556775916500,30.29791650390625,-0.9626922607421875,-0.1380462646484375,-0.2219390869140625
1760554556785921500,30.307921630859376,-0.971923828125,-0.1170806884765625,-0.235137939453125
1760554556795925500,30.317925537109375,-0.9786529541015625,-0.09710693359375,-0.2445526123046875
1760554556805930500,30.327930419921874,-0.98040771484375,-0.0893096923828125,-0.2472381591796875
1760554556815934500,30.3379345703125,-0.9798583984375,-0.086273193359375,-0.2469024658203125
1760554556825938400,30.3479384765625,-0.9796600341796875,-0.087615966796875,-0.2468719482421875
1760554556835943400,30.357943359375,-0.978546142578125,-0.091827392578125,-0.2429962158203125
1760554556845947400,30.367947509765624,-0.9772796630859375,-0.094268798828125,-0.2408905029296875
1760554556855952400,30.377952392578123,-0.972869873046875,-0.1034393310546875,-0.2360076904296875
1760554556865956600,30.38795654296875,-0.969268798828125,-0.1068267822265625,-0.234222412109375
1760554556875960600,30.397960693359376,-0.9683074951171875,-0.117156982421875,-0.2290191650390625
1760554556885965600,30.407965576171875,-0.9645538330078125,-0.1246490478515625,-0.22454833984375
1760554556895969500,30.417969482421874,-0.9592132568359375,-0.1331024169921875,-0.219573974609375
1760554556905974500,30.427974609375,-0.9484710693359375,-0.1548309326171875,-0.209259033203125
1760554556915978500,30.437978515625,-0.9442596435546875,-0.161712646484375,-0.205535888671875
1760554556925982500,30.447982421875,-0.9514312744140625,-0.1470794677734375,-0.21307373046875
1760554556935987500,30.457987548828125,-0.95391845703125,-0.13873291015625,-0.2172088623046875
1760554556945991400,30.467991455078124,-0.959503173828125,-0.125274658203125,-0.22528076171875
1760554556955996400,30.477996337890627,-0.9652252197265625,-0.1106109619140625,-0.2330169677734375
1760554556966000600,30.488000732421874,-0.96990966796875,-0.0968017578125,-0.23931884765625
1760554556976004600,30.498004638671876,-0.9761810302734375,-0.0829315185546875,-0.2433624267578125
1760554556986009600,30.508009521484375,-0.98101806640625,-0.0703125,-0.247528076171875
1760554556996013600,30.518013671875,-0.9811553955078125,-0.0669403076171875,-0.2505340576171875
1760554557006018600,30.5280185546875,-0.9796905517578125,-0.0731353759765625,-0.2474212646484375
1760554557016022500,30.5380224609375,-0.9791259765625,-0.0737152099609375,-0.2479400634765625
1760554557026026500,30.548026611328126,-0.97808837890625,-0.079437255859375,-0.2455596923828125
1760554557036031500,30.558031494140625,-0.9739227294921875,-0.085357666015625,-0.241790771484375
1760554557046035500,30.568035400390624,-0.97174072265625,-0.090667724609375,-0.240203857421875
1760554557056040400,30.57804052734375,-0.9691009521484375,-0.0984649658203125,-0.235565185546875
1760554557066044700,30.588044677734374,-0.9647216796875,-0.109405517578125,-0.2310333251953125
1760554557076048600,30.598048583984376,-0.9618682861328125,-0.1165618896484375,-0.2297210693359375
1760554557086053600,30.6080537109375,-0.9599151611328125,-0.1239471435546875,-0.223785400390625
1760554557096057300,30.618057373046874,-0.9572906494140625,-0.12847900390625,-0.222076416015625
1760554557106062300,30.628062255859376,-0.957489013671875,-0.1251220703125,-0.22259521484375
1760554557116066600,30.638066650390623,-0.96124267578125,-0.12237548828125,-0.224334716796875
1760554557126070500,30.648070556640626,-0.9639739990234375,-0.116241455078125,-0.2270965576171875
1760554557136075500,30.658075439453125,-0.964019775390625,-0.1096649169921875,-0.229522705078125
1760554557146079500,30.66807958984375,-0.9662933349609375,-0.1073455810546875,-0.2310333251953125
1760554557156084500,30.67808447265625,-0.966888427734375,-0.1071624755859375,-0.2324371337890625
1760554557166088700,30.688088623046873,-0.9651336669921875,-0.107208251953125,-0.232940673828125
1760554557176092700,30.6980927734375,-0.9691925048828125,-0.10546875,-0.2347869873046875
1760554557186097700,30.70809765625,-0.9704437255859375,-0.1042633056640625,-0.235321044921875
1760554557196101400,30.718101318359373,-0.97113037109375,-0.100860595703125,-0.23846435546875
1760554557206106400,30.7281064453125,-0.9729461669921875,-0.0982513427734375,-0.23846435546875
1760554557216110600,30.738110595703127,-0.9710235595703125,-0.1075439453125,-0.235260009765625
1760554557226114600,30.748114501953125,-0.96234130859375,-0.120941162109375,-0.2284393310546875
1760554557236119600,30.75811962890625,-0.95867919921875,-0.131561279296875,-0.221832275390625
1760554557246123500,30.76812353515625,-0.9589996337890625,-0.135284423828125,-0.2191925048828125
1760554557256128500,30.77812841796875,-0.95867919921875,-0.136077880859375,-0.218841552734375
1760554557266132500,30.788132568359377,-0.9587249755859375,-0.1388702392578125,-0.21734619140625
1760554557276136700,30.79813671875,-0.9582672119140625,-0.139617919921875,-0.2180023193359375
1760554557286141700,30.8081416015625,-0.959747314453125,-0.1389312744140625,-0.21820068359375
1760554557296145400,30.8181455078125,-0.959808349609375,-0.1378631591796875,-0.2180328369140625
1760554557306150400,30.828150390625,-0.95819091796875,-0.1337432861328125,-0.2188262939453125
1760554557316154400,30.838154296875,-0.9545135498046875,-0.1450347900390625,-0.2134552001953125
1760554557326158000,30.848157958984373,-0.9558258056640625,-0.1457977294921875,-0.21453857421875
1760554557336163000,30.8581630859375,-0.96087646484375,-0.135833740234375,-0.217803955078125
1760554557346167000,30.8681669921875,-0.962371826171875,-0.1328277587890625,-0.222808837890625
1760554557356172000,30.878172119140626,-0.9642333984375,-0.1252288818359375,-0.2249755859375
1760554557366176300,30.88817626953125,-0.9682159423828125,-0.117889404296875,-0.23016357421875
1760554557376180200,30.89818017578125,-0.9718170166015625,-0.11431884765625,-0.2316131591796875
1760554557386185200,30.908185302734374,-0.9694061279296875,-0.1147003173828125,-0.2308349609375
1760554557396189200,30.918189208984376,-0.9722900390625,-0.1114349365234375,-0.23492431640625
1760554557406194200,30.928194091796875,-0.970855712890625,-0.1139373779296875,-0.2329864501953125
1760554557416198100,30.9381982421875,-0.9691925048828125,-0.1169586181640625,-0.2299957275390625
1760554557426202000,30.9482021484375,-0.9679107666015625,-0.119232177734375,-0.229766845703125
1760554557436207000,30.95820703125,-0.971099853515625,-0.115997314453125,-0.231536865234375
1760554557446211000,30.968211181640626,-0.9688262939453125,-0.1202239990234375,-0.2296600341796875
1760554557456216000,30.978216064453125,-0.964385986328125,-0.13482666015625,-0.2213287353515625
1760554557466220000,30.988219970703124,-0.95703125,-0.14959716796875,-0.210968017578125
1760554557476224300,30.998224365234375,-0.9524993896484375,-0.1616973876953125,-0.2048187255859375
1760554557486229200,31.008229248046874,-0.942535400390625,-0.181732177734375,-0.1927032470703125
1760554557496233200,31.018233154296876,-0.9362640380859375,-0.1919097900390625,-0.1854705810546875
1760554557506238200,31.02823828125,-0.941009521484375,-0.184600830078125,-0.1891021728515625
1760554557516242200,31.0382421875,-0.9466400146484375,-0.1697845458984375,-0.1983795166015625
1760554557526246100,31.04824609375,-0.95391845703125,-0.1585235595703125,-0.2078857421875
1760554557536251100,31.058251220703124,-0.95855712890625,-0.142578125,-0.21484375
1760554557546255000,31.068255126953126,-0.9638519287109375,-0.132110595703125,-0.2231903076171875
1760554557556260000,31.078260009765625,-0.9694366455078125,-0.12042236328125,-0.2300567626953125
1760554557566264000,31.08826416015625,-0.97381591796875,-0.1054840087890625,-0.239288330078125
1760554557576269000,31.09826904296875,-0.979888916015625,-0.092529296875,-0.24493408203125
1760554557586273300,31.108273193359373,-0.9832000732421875,-0.0875701904296875,-0.24658203125
1760554557596277200,31.11827734375,-0.982879638671875,-0.0845184326171875,-0.248199462890625
1760554557606282200,31.1282822265625,-0.9815216064453125,-0.0867156982421875,-0.245574951171875
1760554557616286000,31.138285888671874,-0.9792633056640625,-0.0947418212890625,-0.2436065673828125
1760554557626291000,31.148291015625,-0.9737396240234375,-0.1035614013671875,-0.2382049560546875
1760554557636295200,31.158295166015623,-0.9691162109375,-0.1159210205078125,-0.229736328125
1760554557646299100,31.168299072265626,-0.9630279541015625,-0.130340576171875,-0.222442626953125
1760554557656304000,31.17830419921875,-0.9554595947265625,-0.1501922607421875,-0.2115631103515625
1760554557666308000,31.18830810546875,-0.945526123046875,-0.16766357421875,-0.201446533203125
1760554557676313000,31.19831298828125,-0.937286376953125,-0.1885223388671875,-0.1880645751953125
1760554557686317300,31.2083173828125,-0.9290618896484375,-0.205047607421875,-0.178863525390625
1760554557696321300,31.2183212890625,-0.9339447021484375,-0.1908111572265625,-0.1867828369140625
1760554557706326300,31.228326171875,-0.941131591796875,-0.1760101318359375,-0.1971435546875
1760554557716330000,31.238330078125,-0.94775390625,-0.158966064453125,-0.2075042724609375
1760554557726335000,31.2483349609375,-0.95831298828125,-0.13348388671875,-0.22216796875
1760554557736339200,31.258339111328127,-0.9688873291015625,-0.1056671142578125,-0.236053466796875
1760554557746343200,31.26834326171875,-0.9749603271484375,-0.092620849609375,-0.2434234619140625
1760554557756348200,31.27834814453125,-0.97943115234375,-0.07830810546875,-0.2508087158203125
1760554557766352100,31.28835205078125,-0.9839935302734375,-0.0651397705078125,-0.25567626953125
1760554557776357000,31.298357177734374,-0.9822845458984375,-0.06524658203125,-0.2536773681640625
1760554557786361300,31.308361328125,-0.9853973388671875,-0.06256103515625,-0.253997802734375
1760554557796365300,31.318365234375,-0.9841461181640625,-0.065948486328125,-0.253265380859375
1760554557806370300,31.328370361328126,-0.9798736572265625,-0.0728302001953125,-0.2485809326171875
1760554557816374000,31.3383740234375,-0.9791107177734375,-0.076385498046875,-0.244537353515625
1760554557826379000,31.34837890625,-0.9748687744140625,-0.0871124267578125,-0.2410125732421875
1760554557836383200,31.35838330078125,-0.965972900390625,-0.104888916015625,-0.23345947265625
1760554557846387200,31.36838720703125,-0.9567108154296875,-0.1244049072265625,-0.223541259765625
1760554557856392200,31.37839208984375,-0.947662353515625,-0.1463470458984375,-0.214202880859375
1760554557866396200,31.388396240234375,-0.9454803466796875,-0.1529998779296875,-0.2125091552734375
1760554557876401200,31.398401123046874,-0.9484405517578125,-0.146728515625,-0.2132568359375
1760554557886405000,31.408405029296876,-0.9500732421875,-0.1389007568359375,-0.21783447265625
1760554557896409000,31.4184091796875,-0.9557342529296875,-0.127197265625,-0.2221832275390625
1760554557906414000,31.4284140625,-0.96136474609375,-0.1138916015625,-0.228546142578125
1760554557916418000,31.43841796875,-0.9657440185546875,-0.099822998046875,-0.234832763671875
1760554557926423000,31.448423095703124,-0.972686767578125,-0.0885772705078125,-0.2408599853515625
1760554557936427000,31.458427001953126,-0.97625732421875,-0.078399658203125,-0.245330810546875
1760554557946431200,31.46843115234375,-0.978424072265625,-0.0708160400390625,-0.2481231689453125
1760554557956436200,31.478436279296876,-0.981475830078125,-0.0678863525390625,-0.248504638671875
1760554557966440200,31.488440185546875,-0.9787750244140625,-0.0695953369140625,-0.245635986328125
1760554557976445200,31.498445068359374,-0.9780731201171875,-0.0764312744140625,-0.2439727783203125
1760554557986449200,31.50844921875,-0.975555419921875,-0.0792999267578125,-0.2437896728515625
1760554557996453000,31.518453125,-0.973480224609375,-0.084930419921875,-0.2423248291015625
1760554558006458000,31.5284580078125,-0.9688568115234375,-0.0923309326171875,-0.23956298828125
1760554558016462000,31.538462158203124,-0.967926025390625,-0.1013336181640625,-0.236480712890625
1760554558026467000,31.548467041015623,-0.964080810546875,-0.110809326171875,-0.234161376953125
1760554558036471000,31.558470947265626,-0.9617156982421875,-0.1143798828125,-0.230194091796875
1760554558046475300,31.568475341796876,-0.9626007080078125,-0.1154632568359375,-0.229156494140625
1760554558056480300,31.578480224609375,-0.9616851806640625,-0.11968994140625,-0.228240966796875
1760554558066484200,31.588484130859374,-0.9587860107421875,-0.127655029296875,-0.222900390625
1760554558076489200,31.5984892578125,-0.9530792236328125,-0.138214111328125,-0.2189178466796875
1760554558086493200,31.6084931640625,-0.9490203857421875,-0.1471710205078125,-0.21246337890625
1760554558096497200,31.6184970703125,-0.9506988525390625,-0.1440887451171875,-0.21337890625
1760554558106502100,31.628502197265625,-0.955596923828125,-0.1339111328125,-0.2197723388671875
1760554558116506000,31.638506103515624,-0.9603424072265625,-0.123077392578125,-0.225433349609375
1760554558126511000,31.648510986328127,-0.9681243896484375,-0.1096038818359375,-0.23126220703125
1760554558136515000,31.65851513671875,-0.9712371826171875,-0.1020660400390625,-0.234954833984375
1760554558146519300,31.668519287109376,-0.97308349609375,-0.09552001953125,-0.23895263671875
1760554558156524300,31.678524169921875,-0.974334716796875,-0.0958099365234375,-0.2398529052734375
1760554558166528300,31.6885283203125,-0.9736328125,-0.0974273681640625,-0.238494873046875
1760554558176532200,31.6985322265625,-0.9718475341796875,-0.1004180908203125,-0.2375640869140625
1760554558186537200,31.708537109375,-0.970184326171875,-0.100799560546875,-0.2379608154296875
1760554558196541200,31.718541259765626,-0.9722747802734375,-0.09942626953125,-0.2396697998046875
1760554558206546200,31.728546142578125,-0.972930908203125,-0.102020263671875,-0.238067626953125
1760554558216550100,31.738550048828124,-0.9742431640625,-0.0987701416015625,-0.2399444580078125
1760554558226554000,31.74855419921875,-0.9705810546875,-0.1056671142578125,-0.237823486328125
1760554558236559000,31.75855908203125,-0.96142578125,-0.1281585693359375,-0.223907470703125
1760554558246563000,31.76856298828125,-0.94415283203125,-0.1671905517578125,-0.201019287109375
1760554558256568300,31.778568359375,-0.9422149658203125,-0.1749267578125,-0.1990203857421875
1760554558266572300,31.788572265625,-0.9432373046875,-0.1758880615234375,-0.1962432861328125
1760554558276576000,31.798575927734376,-0.94427490234375,-0.171630859375,-0.1967010498046875
1760554558286581000,31.8085810546875,-0.9488525390625,-0.1623992919921875,-0.202911376953125
1760554558296585000,31.8185849609375,-0.954864501953125,-0.1465301513671875,-0.21142578125
1760554558306590200,31.828590087890625,-0.959564208984375,-0.1361541748046875,-0.2180633544921875
1760554558316594200,31.83859423828125,-0.96380615234375,-0.1273345947265625,-0.22332763671875
1760554558326598100,31.84859814453125,-0.96710205078125,-0.115997314453125,-0.230255126953125
1760554558336603100,31.85860302734375,-0.9703826904296875,-0.1094818115234375,-0.2328033447265625
1760554558346607000,31.868607177734376,-0.9739990234375,-0.101165771484375,-0.2381439208984375
1760554558356612000,31.878612060546875,-0.9757232666015625,-0.09771728515625,-0.240447998046875
1760554558366616300,31.8886162109375,-0.9766998291015625,-0.0966796875,-0.2411651611328125
1760554558376620000,31.8986201171875,-0.975250244140625,-0.0951690673828125,-0.2408294677734375
1760554558386625000,31.908625,-0.972320556640625,-0.1014862060546875,-0.2380523681640625
1760554558396629000,31.91862890625,-0.967742919921875,-0.1139678955078125,-0.23126220703125
1760554558406633200,31.92863330078125,-0.9657135009765625,-0.121490478515625,-0.2281341552734375
1760554558416638200,31.93863818359375,-0.9624176025390625,-0.1305084228515625,-0.221954345703125
1760554558426642200,31.94864208984375,-0.9569854736328125,-0.140167236328125,-0.214996337890625
1760554558436647200,31.958647216796876,-0.952606201171875,-0.1515655517578125,-0.2100677490234375
1760554558446651100,31.968651123046875,-0.9457550048828125,-0.1643524169921875,-0.2019500732421875
1760554558456655400,31.9786552734375,-0.944244384765625,-0.1685791015625,-0.199554443359375
1760554558466660400,31.988660400390625,-0.9401397705078125,-0.17816162109375,-0.1950531005859375
1760554558476664000,31.9986640625,-0.9346923828125,-0.190521240234375,-0.1871795654296875
1760554558486669000,32.0086689453125,-0.93316650390625,-0.1925201416015625,-0.190093994140625
1760554558496673000,32.01867309570312,-0.939056396484375,-0.1764678955078125,-0.2018585205078125
1760554558506677200,32.02867724609375,-0.9508209228515625,-0.1443634033203125,-0.2208251953125
1760554558516682200,32.03868212890625,-0.9622344970703125,-0.1162872314453125,-0.233642578125
1760554558526686200,32.048686279296874,-0.975341796875,-0.086181640625,-0.2479705810546875
1760554558536691200,32.058691162109376,-0.98321533203125,-0.0637054443359375,-0.258087158203125
1760554558546695200,32.068695068359375,-0.9851226806640625,-0.054443359375,-0.2585296630859375
1760554558556699100,32.07869921875,-0.9830780029296875,-0.0554046630859375,-0.2559051513671875
1760554558566704000,32.0887041015625,-0.982086181640625,-0.056549072265625,-0.256103515625
1760554558576708000,32.0987080078125,-0.9797515869140625,-0.0609130859375,-0.250244140625
1760554558586713000,32.10871313476562,-0.9806060791015625,-0.0606536865234375,-0.2524871826171875
1760554558596717000,32.11871704101563,-0.981109619140625,-0.058563232421875,-0.2493133544921875
1760554558606721300,32.12872119140625,-0.9801483154296875,-0.059661865234375,-0.2492218017578125
1760554558616726300,32.138726318359375,-0.973480224609375,-0.076263427734375,-0.2441558837890625
1760554558626730200,32.14873022460937,-0.9519195556640625,-0.126495361328125,-0.22271728515625
1760554558636735200,32.1587353515625,-0.9362335205078125,-0.1554107666015625,-0.213714599609375
1760554558646739200,32.1687392578125,-0.9381256103515625,-0.154296875,-0.215087890625
1760554558656743200,32.1787431640625,-0.93939208984375,-0.1502838134765625,-0.2179718017578125
1760554558666748200,32.188748046875,-0.946380615234375,-0.1326904296875,-0.224365234375
1760554558676752100,32.19875219726563,-0.95733642578125,-0.1063232421875,-0.2336578369140625
1760554558686756000,32.208756103515626,-0.964569091796875,-0.086669921875,-0.2393798828125
1760554558696761000,32.21876098632813,-0.9685516357421875,-0.0743865966796875,-0.2423095703125
1760554558706765000,32.22876513671875,-0.9724273681640625,-0.0651092529296875,-0.2463531494140625
1760554558716770000,32.23877001953125,-0.9725494384765625,-0.0588226318359375,-0.2461395263671875
1760554558726774300,32.24877416992187,-0.9761810302734375,-0.0532379150390625,-0.2471160888671875
1760554558736778200,32.2587783203125,-0.9779052734375,-0.048095703125,-0.2477874755859375
1760554558746783200,32.268783203125,-0.9765777587890625,-0.0439910888671875,-0.2466278076171875
1760554558756787000,32.27878686523437,-0.980712890625,-0.040283203125,-0.2484893798828125
1760554558766792000,32.2887919921875,-0.98065185546875,-0.036407470703125,-0.2526397705078125
1760554558776796200,32.29879614257813,-0.9804534912109375,-0.0345001220703125,-0.2532806396484375
1760554558786800000,32.308800048828125,-0.978546142578125,-0.0435638427734375,-0.2451934814453125
1760554558796805000,32.31880517578125,-0.965484619140625,-0.0715179443359375,-0.241668701171875
1760554558806809000,32.32880908203125,-0.959259033203125,-0.085723876953125,-0.23834228515625
1760554558816814000,32.33881396484375,-0.9589691162109375,-0.0944061279296875,-0.2285919189453125
1760554558826818300,32.348818359375,-0.954559326171875,-0.0985107421875,-0.2290496826171875
1760554558836822000,32.35882202148437,-0.955596923828125,-0.093658447265625,-0.2305755615234375
1760554558846827300,32.3688271484375,-0.9639892578125,-0.0799560546875,-0.235748291015625
1760554558856831000,32.3788310546875,-0.9698944091796875,-0.0676116943359375,-0.238922119140625
1760554558866836000,32.3888359375,-0.97149658203125,-0.0594329833984375,-0.243438720703125
1760554558876840200,32.398840087890626,-0.973052978515625,-0.0538482666015625,-0.244873046875
1760554558886844200,32.40884423828125,-0.9717254638671875,-0.0553741455078125,-0.2445068359375
1760554558896849200,32.41884912109375,-0.9722747802734375,-0.06134033203125,-0.2445526123046875
1760554558906853000,32.42885302734375,-0.9721221923828125,-0.0569305419921875,-0.2460784912109375
1760554558916857300,32.438857421875,-0.976226806640625,-0.04595947265625,-0.2458953857421875
1760554558926862300,32.4488623046875,-0.98345947265625,-0.0363922119140625,-0.245941162109375
1760554558936866000,32.45886596679688,-0.9855499267578125,-0.0311737060546875,-0.2506866455078125
1760554558946871000,32.46887109375,-0.986572265625,-0.029296875,-0.2536468505859375
1760554558956875000,32.478875,-0.9842071533203125,-0.0324859619140625,-0.25189208984375
1760554558966879200,32.48887915039062,-0.9823455810546875,-0.041229248046875,-0.25006103515625
1760554558976884200,32.49888427734375,-0.9797821044921875,-0.05126953125,-0.2501068115234375
1760554558986888200,32.50888818359375,-0.9799346923828125,-0.05108642578125,-0.251312255859375
1760554558996893200,32.51889306640625,-0.980255126953125,-0.050567626953125,-0.253631591796875
1760554559006897200,32.52889721679688,-0.9791259765625,-0.0615234375,-0.2544708251953125
1760554559016901400,32.5389013671875,-0.9744110107421875,-0.0760955810546875,-0.255828857421875
1760554559026906400,32.54890625,-0.965179443359375,-0.1034088134765625,-0.2469329833984375
1760554559036910000,32.55891015625,-0.9537200927734375,-0.1296844482421875,-0.22979736328125
1760554559046915000,32.5689150390625,-0.938507080078125,-0.1666259765625,-0.2132568359375
1760554559056919000,32.5789189453125,-0.934326171875,-0.1795196533203125,-0.2033538818359375
1760554559066923300,32.58892333984375,-0.9472808837890625,-0.15472412109375,-0.212738037109375
1760554559076928300,32.59892822265625,-0.9566650390625,-0.1421966552734375,-0.205902099609375
1760554559086932200,32.60893212890625,-0.967010498046875,-0.123779296875,-0.217681884765625
1760554559096937200,32.61893725585937,-0.971649169921875,-0.1122283935546875,-0.2275543212890625
1760554559106941200,32.62894116210938,-0.9773406982421875,-0.1021270751953125,-0.235870361328125
1760554559116945200,32.63894506835938,-0.98760986328125,-0.0900421142578125,-0.237762451171875
1760554559126950100,32.6489501953125,-0.9902496337890625,-0.0893707275390625,-0.228057861328125
1760554559136954000,32.6589541015625,-0.9793548583984375,-0.114471435546875,-0.219390869140625
1760554559146958000,32.6689580078125,-0.972991943359375,-0.13153076171875,-0.2140045166015625
1760554559156963000,32.678963134765624,-0.9693450927734375,-0.139739990234375,-0.22344970703125
1760554559166967000,32.68896704101562,-0.971282958984375,-0.135009765625,-0.2352752685546875
1760554559176972000,32.698971923828125,-0.9758758544921875,-0.128173828125,-0.2425079345703125
1760554559186976300,32.708976318359376,-0.970428466796875,-0.1435394287109375,-0.2322540283203125
1760554559196980200,32.718980224609375,-0.9601898193359375,-0.169769287109375,-0.208831787109375
1760554559206985200,32.72898510742188,-0.9321746826171875,-0.21966552734375,-0.199249267578125
1760554559216989000,32.738989013671876,-0.936279296875,-0.227752685546875,-0.1776580810546875
1760554559226994000,32.74899389648437,-0.9527587890625,-0.20440673828125,-0.164154052734375
1760554559236998100,32.758998046875,-0.9545745849609375,-0.1995391845703125,-0.1783447265625
1760554559247002000,32.76900219726563,-0.944854736328125,-0.2179412841796875,-0.17657470703125
1760554559257007000,32.779007080078124,-0.9396209716796875,-0.2338409423828125,-0.1543426513671875
1760554559267011000,32.78901098632812,-0.9471435546875,-0.226409912109375,-0.1485443115234375
1760554559277016000,32.79901611328125,-0.955474853515625,-0.21124267578125,-0.1658935546875
1760554559287020300,32.809020263671876,-0.9669952392578125,-0.1963653564453125,-0.171661376953125
1760554559297024300,32.819024169921875,-0.965484619140625,-0.2028045654296875,-0.1577606201171875
1760554559307029200,32.829029296875,-0.9538421630859375,-0.224273681640625,-0.1446685791015625
1760554559317032700,32.83903271484375,-0.957763671875,-0.2240142822265625,-0.124755859375
1760554559327037700,32.84903759765625,-0.95855712890625,-0.2242431640625,-0.123199462890625
1760554559337042000,32.8590419921875,-0.9589691162109375,-0.2272186279296875,-0.1202239990234375
1760554559347045600,32.869045654296876,-0.9542083740234375,-0.2342376708984375,-0.12030029296875
1760554559357050600,32.87905053710937,-0.960906982421875,-0.2212677001953125,-0.135009765625
1760554559367054600,32.8890546875,-0.9615936279296875,-0.2222442626953125,-0.14788818359375
1760554559377059600,32.8990595703125,-0.958465576171875,-0.2286376953125,-0.1424407958984375
1760554559387063800,32.909063720703124,-0.9573516845703125,-0.2322998046875,-0.1369781494140625
1760554559397067800,32.91906787109375,-0.9561767578125,-0.2341156005859375,-0.1421966552734375
1760554559407072800,32.92907275390625,-0.95269775390625,-0.2421722412109375,-0.1421966552734375
1760554559417076700,32.93907666015625,-0.9564056396484375,-0.2410125732421875,-0.1324920654296875
1760554559427081000,32.9490810546875,-0.9583892822265625,-0.2371978759765625,-0.1407470703125
1760554559437086000,32.9590859375,-0.9594879150390625,-0.2365875244140625,-0.14599609375
1760554559447089700,32.969089599609376,-0.948883056640625,-0.23089599609375,-0.1469573974609375
1760554559457094700,32.9790947265625,-0.9494476318359375,-0.1801300048828125,-0.144287109375
1760554559467098600,32.9890986328125,-0.951873779296875,-0.193511962890625,-0.1409454345703125
1760554559477102800,32.99910278320313,-0.9423065185546875,-0.1847991943359375,-0.1522979736328125
1760554559487107800,33.00910791015625,-0.929779052734375,-0.1403961181640625,-0.1491241455078125
1760554559497111800,33.01911181640625,-0.918731689453125,-0.219146728515625,-0.2006683349609375
1760554559507116800,33.02911669921875,-0.996185302734375,-0.3463897705078125,-0.1666259765625
1760554559517120800,33.039120849609375,-0.9476318359375,-0.1887664794921875,-0.07928466796875
1760554559527125000,33.049125,-0.95404052734375,-0.14947509765625,-0.0010986328125
1760554559537130000,33.0591298828125,-0.975006103515625,-0.1653900146484375,-0.064178466796875
1760554559547133700,33.0691337890625,-0.95379638671875,-0.208465576171875,-0.1826934814453125
1760554559557138700,33.079138671875,-0.9676055908203125,-0.195556640625,-0.0956573486328125
1760554559567142700,33.089142578125,-0.967559814453125,-0.94976806640625,0.1668853759765625
1760554559577147000,33.09914697265625,-0.9635009765625,-0.2416839599609375,-0.47882080078125
1760554559587152000,33.10915185546875,-0.9448699951171875,0.036712646484375,0.0446014404296875
1760554559597155800,33.11915576171875,-0.9414520263671875,-0.4614105224609375,0.133514404296875
1760554559607159800,33.12915991210937,-0.94677734375,-0.268798828125,-0.288970947265625
1760554559617164800,33.139164794921875,-0.9346923828125,-0.315399169921875,0.017669677734375
1760554559627168800,33.149168701171874,-0.903106689453125,-0.33251953125,-0.01116943359375
1760554559637174000,33.15917407226563,-0.895751953125,-0.3556060791015625,-0.07659912109375
1760554559647177700,33.169177734375,-0.8983917236328125,-0.330078125,-0.0749053955078125
1760554559657181700,33.179181640625,-0.9291839599609375,-0.275146484375,-0.11505126953125
1760554559667186700,33.18918676757813,-0.94775390625,-0.2421417236328125,-0.0837249755859375
1760554559677190700,33.19919067382813,-0.968231201171875,-0.2030792236328125,-0.09271240234375
1760554559687196000,33.20919580078125,-0.989227294921875,-0.1584625244140625,-0.1069793701171875
1760554559697199900,33.21919995117187,-0.9941253662109375,-0.1418914794921875,-0.1222991943359375
1760554559707203800,33.22920385742187,-1.0051116943359375,-0.1188201904296875,-0.11663818359375
1760554559717208800,33.239208740234375,-1.0174560546875,-0.093597412109375,-0.118682861328125
1760554559727212500,33.249212646484374,-1.037109375,-0.0548553466796875,-0.1148834228515625
1760554559737217800,33.2592177734375,-1.0524749755859375,-0.0282745361328125,-0.090606689453125
1760554559747221800,33.2692216796875,-1.0531158447265625,-0.025634765625,-0.08917236328125
1760554559757225700,33.279225830078126,-1.0445709228515625,-0.043365478515625,-0.076934814453125
1760554559767230700,33.28923071289063,-1.0319366455078125,-0.0676422119140625,-0.061767578125
1760554559777234700,33.29923461914063,-1.0171966552734375,-0.0944976806640625,-0.0526275634765625
1760554559787239700,33.30923974609375,-1.0018768310546875,-0.12017822265625,-0.0398712158203125
1760554559797244000,33.31924389648437,-0.98870849609375,-0.14874267578125,-0.0305938720703125
1760554559807248000,33.32924780273437,-0.9682159423828125,-0.1841278076171875,-0.0163421630859375
1760554559817252900,33.3392529296875,-0.9605255126953125,-0.1956634521484375,-0.005157470703125
1760554559827256600,33.34925659179687,-0.9609222412109375,-0.1976470947265625,-0.0103759765625
1760554559837261600,33.359261474609376,-0.9523468017578125,-0.2102813720703125,0.00640869140625
1760554559847265800,33.36926586914063,-0.9521484375,-0.210662841796875,0.0174407958984375
1760554559857269800,33.379269775390625,-0.947845458984375,-0.215576171875,0.0133209228515625
1760554559867274800,33.38927465820313,-0.9570159912109375,-0.1978759765625,0.0097198486328125
1760554559877278700,33.39927880859375,-0.9676666259765625,-0.1765289306640625,0.016815185546875
1760554559887283700,33.40928369140625,-0.982940673828125,-0.1471710205078125,0.0213165283203125
1760554559897288000,33.41928784179687,-1.012603759765625,-0.0927886962890625,0.0236968994140625
1760554559907292000,33.4292919921875,-1.0364837646484375,-0.0481719970703125,0.011383056640625
1760554559917297000,33.439296875,-1.0377044677734375,-0.0413665771484375,0.0172119140625
1760554559927300600,33.44930053710937,-1.0350494384765625,-0.0426025390625,0.0177764892578125
1760554559937304800,33.459304931640624,-1.0348052978515625,-0.0460662841796875,0.025726318359375
1760554559947309800,33.469309814453126,-1.0272064208984375,-0.059234619140625,0.02606201171875
1760554559957313800,33.479313720703125,-1.018463134765625,-0.0758514404296875,0.0312347412109375
1760554559967318800,33.48931884765625,-1.0097198486328125,-0.0941619873046875,0.0309906005859375
1760554559977322800,33.49932275390625,-1.0040435791015625,-0.1023406982421875,0.02496337890625
1760554559987327000,33.50932690429688,-1.0025787353515625,-0.108642578125,0.024871826171875
1760554559997332000,33.51933203125,-0.9959259033203125,-0.1219024658203125,0.032012939453125
1760554560007335700,33.52933569335938,-0.98638916015625,-0.143218994140625,0.031890869140625
1760554560017340700,33.539340576171874,-0.9749603271484375,-0.1632232666015625,0.031341552734375
1760554560027344600,33.5493447265625,-0.9710540771484375,-0.169952392578125,0.0286712646484375
1760554560037348900,33.55934887695312,-0.9717254638671875,-0.1729278564453125,0.0236358642578125
1760554560047353900,33.569353759765626,-0.977203369140625,-0.16619873046875,0.024566650390625
1760554560057357800,33.57935791015625,-0.9857177734375,-0.1473388671875,0.0296630859375
1760554560067362800,33.58936279296875,-0.9986724853515625,-0.1300506591796875,0.0314483642578125
1760554560077366800,33.59936669921875,-1.004608154296875,-0.12188720703125,0.0238494873046875
1760554560087370800,33.60937084960938,-1.00311279296875,-0.1245574951171875,0.018798828125
1760554560097375700,33.61937573242187,-1.0016021728515625,-0.1330413818359375,0.0173492431640625
1760554560107379700,33.62937963867188,-1.0002288818359375,-0.135223388671875,0.01556396484375
1760554560117384700,33.639384765625,-1.003875732421875,-0.1325836181640625,0.011688232421875
1760554560127388700,33.649388671875,-1.0105438232421875,-0.1243896484375,0.014434814453125
1760554560137392600,33.659392578125,-1.0112152099609375,-0.12548828125,0.0131378173828125
1760554560147397600,33.669397705078126,-1.0152435302734375,-0.1195220947265625,0.0139007568359375
1760554560157401900,33.67940185546875,-1.0221099853515625,-0.1149749755859375,0.021514892578125
1760554560167406800,33.68940673828125,-1.016021728515625,-0.1287994384765625,0.02105712890625
1760554560177410800,33.69941088867188,-1.0122833251953125,-0.1373138427734375,0.034637451171875
1760554560187414800,33.70941479492188,-1.0194854736328125,-0.1270751953125,0.0418548583984375
1760554560197419800,33.71941967773437,-1.018341064453125,-0.136993408203125,0.0327301025390625
1760554560207423700,33.729423828125,-1.0118560791015625,-0.1497955322265625,0.0392608642578125
1760554560217427700,33.739427734375,-1.012237548828125,-0.1527252197265625,0.0445556640625
1760554560227432700,33.7494326171875,-1.0013885498046875,-0.1816253662109375,0.060760498046875
1760554560237436700,33.75943676757812,-0.9701995849609375,-0.2377471923828125,0.0803375244140625
1760554560247441700,33.769441650390625,-0.9559173583984375,-0.2601318359375,0.0712127685546875
1760554560257446000,33.77944580078125,-0.4441375732421875,-1.0132598876953125,0.189117431640625
1760554560267449900,33.789449951171875,-0.7320556640625,-0.5213470458984375,-0.101837158203125
1760554560277454800,33.79945483398438,-1.175689697265625,-0.1714935302734375,-0.0246429443359375
1760554560287458600,33.80945849609375,-0.7928466796875,-0.2520294189453125,0.046539306640625
1760554560297463800,33.8194638671875,-1.046142578125,-0.3720550537109375,0.11688232421875
1760554560307467800,33.8294677734375,-0.9232940673828125,-0.2150726318359375,0.1519775390625
1760554560317472300,33.83947216796875,-0.9788360595703125,-0.2654571533203125,0.0861053466796875
1760554560327477200,33.849477294921876,-0.9656829833984375,-0.266265869140625,0.0493011474609375
1760554560337481200,33.859481201171874,-0.9612274169921875,-0.2608642578125,0.0876007080078125
1760554560347486200,33.869486328125,-0.9613037109375,-0.26202392578125,0.0962677001953125
1760554560357490200,33.879490234375,-0.9623870849609375,-0.2588958740234375,0.0923309326171875
1760554560367494400,33.88949438476563,-0.9592132568359375,-0.2671051025390625,0.0825347900390625
1760554560377499400,33.89949951171875,-0.9592437744140625,-0.2657012939453125,0.0759735107421875
1760554560387503400,33.90950341796875,-0.9589385986328125,-0.2691650390625,0.0691986083984375
1760554560397508400,33.91950830078125,-0.9600372314453125,-0.2674407958984375,0.0694427490234375
1760554560407512000,33.92951196289062,-0.9605560302734375,-0.268341064453125,0.076019287109375
1760554560417516300,33.93951635742187,-0.9593353271484375,-0.2657318115234375,0.0841522216796875
1760554560427521300,33.949521240234375,-0.9588775634765625,-0.265777587890625,0.084716796875
1760554560437525200,33.959525146484374,-0.959259033203125,-0.26568603515625,0.0803985595703125
1760554560447530200,33.9695302734375,-0.9595794677734375,-0.2659759521484375,0.0790252685546875
1760554560457534200,33.9795341796875,-0.961456298828125,-0.26629638671875,0.072845458984375
1760554560467538400,33.989538330078126,-0.959625244140625,-0.2677154541015625,0.063690185546875
1760554560477543400,33.99954345703125,-0.9594879150390625,-0.2687225341796875,0.06072998046875
1760554560487547100,34.00954711914063,-0.9605865478515625,-0.266082763671875,0.06390380859375
1760554560497552400,34.019552490234375,-0.960174560546875,-0.2698211669921875,0.0618896484375
1760554560507556000,34.02955615234375,-0.9599609375,-0.2691192626953125,0.0648956298828125
1760554560517560300,34.03956030273437,-0.95941162109375,-0.2666015625,0.0709228515625
1760554560527565300,34.0495654296875,-0.9586181640625,-0.2695159912109375,0.0677032470703125
1760554560537569300,34.0595693359375,-0.9531097412109375,-0.2798919677734375,0.067840576171875
1760554560547574300,34.06957421875,-0.9478912353515625,-0.291229248046875,0.047332763671875
1760554560557578200,34.079578125,-0.9667816162109375,-0.264801025390625,0.0338592529296875
1760554560567582500,34.08958251953125,-0.9656524658203125,-0.26043701171875,0.0534820556640625
1760554560577587500,34.09958740234375,-0.9667510986328125,-0.2511138916015625,0.0947113037109375
1760554560587591200,34.10959106445313,-0.9676513671875,-0.2501678466796875,0.104888916015625
1760554560597595100,34.11959521484375,-0.9633636474609375,-0.25738525390625,0.0933837890625
1760554560607600000,34.12960009765625,-0.9621124267578125,-0.256011962890625,0.1028594970703125
1760554560617604400,34.13960424804687,-0.9618988037109375,-0.255767822265625,0.1041107177734375
1760554560627609300,34.149609375,-0.961944580078125,-0.258758544921875,0.0919342041015625
1760554560637613300,34.15961328125,-0.9611663818359375,-0.2642669677734375,0.0803070068359375
1760554560647617300,34.1696171875,-0.9604339599609375,-0.2654266357421875,0.0705413818359375
1760554560657622300,34.17962231445313,-0.9589691162109375,-0.2685394287109375,0.06170654296875
1760554560667626500,34.18962646484375,-0.9595489501953125,-0.2691192626953125,0.058746337890625
1760554560677631500,34.19963159179687,-0.9607086181640625,-0.2676544189453125,0.061798095703125
1760554560687635200,34.20963525390625,-0.960693359375,-0.2686309814453125,0.0567474365234375
1760554560697639200,34.21963916015625,-0.959930419921875,-0.27032470703125,0.048583984375
1760554560707644200,34.22964404296875,-0.960693359375,-0.2705841064453125,0.0489044189453125
1760554560717648400,34.2396484375,-0.960968017578125,-0.2695770263671875,0.0516815185546875
1760554560727653400,34.2496533203125,-0.959686279296875,-0.269134521484375,0.050994873046875
1760554560737657300,34.2596572265625,-0.959564208984375,-0.2699737548828125,0.0523223876953125
1760554560747661300,34.269661376953124,-0.9605712890625,-0.271484375,0.0519561767578125
1760554560757666300,34.27966625976563,-0.959930419921875,-0.271697998046875,0.05877685546875
1760554560767670300,34.289670166015625,-0.9594268798828125,-0.2698974609375,0.0644683837890625
1760554560777675300,34.29967529296875,-0.9600982666015625,-0.270416259765625,0.0608978271484375
1760554560787679200,34.30967919921875,-0.9592132568359375,-0.2676239013671875,0.0679473876953125
1760554560797683200,34.31968310546875,-0.95904541015625,-0.2657928466796875,0.0779571533203125
1760554560807688200,34.32968823242187,-0.9598541259765625,-0.261260986328125,0.0836639404296875
1760554560817692200,34.33969213867187,-0.959564208984375,-0.26171875,0.09051513671875
1760554560827697200,34.349697265625,-0.96209716796875,-0.252410888671875,0.1035919189453125
1760554560837701400,34.359701416015625,-0.9640045166015625,-0.2466583251953125,0.122467041015625
1760554560847705300,34.369705322265624,-0.965240478515625,-0.2409515380859375,0.1338348388671875
1760554560857710300,34.37971044921875,-0.9647674560546875,-0.23779296875,0.1460723876953125
1760554560867714000,34.389714111328125,-0.965545654296875,-0.2385101318359375,0.146240234375
1760554560877719000,34.39971899414063,-0.964263916015625,-0.2381134033203125,0.144805908203125
1760554560887723300,34.40972314453125,-0.9651947021484375,-0.2406158447265625,0.1393890380859375
1760554560897727200,34.41972729492188,-0.963897705078125,-0.2459564208984375,0.1275482177734375
1760554560907732200,34.42973217773437,-0.962158203125,-0.251007080078125,0.114776611328125
1760554560917736200,34.43973608398438,-0.9597930908203125,-0.2612762451171875,0.09674072265625
1760554560927741200,34.4497412109375,-0.959686279296875,-0.2666168212890625,0.07965087890625
1760554560937745400,34.459745361328125,-0.9570770263671875,-0.2714080810546875,0.0653076171875
1760554560947749400,34.46974926757812,-0.9589996337890625,-0.271697998046875,0.0579833984375
1760554560957754400,34.47975439453125,-0.959625244140625,-0.2719879150390625,0.053314208984375
1760554560967758000,34.489758056640625,-0.95953369140625,-0.27447509765625,0.0472259521484375
1760554560977763000,34.49976318359375,-0.9587860107421875,-0.275299072265625,0.0439605712890625
1760554560987767300,34.50976733398438,-0.957489013671875,-0.2760162353515625,0.0452880859375
1760554560997771300,34.51977124023438,-0.96087646484375,-0.2738494873046875,0.0515594482421875
1760554561007776300,34.5297763671875,-0.961212158203125,-0.2697601318359375,0.0589599609375
1760554561017780200,34.5397802734375,-0.9608306884765625,-0.2666473388671875,0.066558837890625
1760554561027784400,34.54978442382812,-0.96136474609375,-0.2632293701171875,0.080718994140625
1760554561037789400,34.55978955078125,-0.9616546630859375,-0.2583160400390625,0.0941009521484375
1760554561047793400,34.56979345703125,-0.9619140625,-0.254852294921875,0.099090576171875
1760554561057798400,34.57979833984375,-0.9625091552734375,-0.25653076171875,0.10400390625
1760554561067802000,34.589802001953124,-0.961151123046875,-0.25653076171875,0.103118896484375
1760554561077806300,34.599806396484375,-0.960723876953125,-0.258331298828125,0.0981903076171875
1760554561087811300,34.60981127929688,-0.961700439453125,-0.26080322265625,0.088287353515625
1760554561097815300,34.61981518554688,-0.9601287841796875,-0.262908935546875,0.08251953125
1760554561107820300,34.6298203125,-0.9586639404296875,-0.264862060546875,0.080810546875
1760554561117824300,34.63982421875,-0.9591064453125,-0.2657623291015625,0.0769195556640625
1760554561127828500,34.64982836914062,-0.9601898193359375,-0.2644805908203125,0.0787506103515625
1760554561137833500,34.65983349609375,-0.960662841796875,-0.2639007568359375,0.0766754150390625
1760554561147837200,34.66983715820312,-0.95880126953125,-0.2674407958984375,0.068756103515625
1760554561157842200,34.67984228515625,-0.958038330078125,-0.2688751220703125,0.0653228759765625
1760554561167846100,34.68984619140625,-0.960357666015625,-0.267913818359375,0.070343017578125
1760554561177850400,34.699850341796875,-0.9590911865234375,-0.2674713134765625,0.072174072265625
1760554561187855400,34.70985546875,-0.960113525390625,-0.266357421875,0.0732269287109375
1760554561197859300,34.719859375,-0.9616546630859375,-0.26556396484375,0.0779876708984375
1760554561207864300,34.7298642578125,-0.9623870849609375,-0.26263427734375,0.0864715576171875
1760554561217868300,34.73986840820312,-0.961639404296875,-0.259857177734375,0.093475341796875
1760554561227872300,34.74987231445313,-0.9622955322265625,-0.2582550048828125,0.0933837890625
1760554561237877200,34.759877197265624,-0.95989990234375,-0.262115478515625,0.0877532958984375
1760554561247881200,34.76988110351562,-0.960601806640625,-0.261688232421875,0.0836181640625
1760554561257886200,34.77988623046875,-0.960845947265625,-0.2640838623046875,0.07281494140625
1760554561267890200,34.78989013671875,-0.960845947265625,-0.267791748046875,0.06793212890625
1760554561277894100,34.79989404296875,-0.9596405029296875,-0.2693328857421875,0.0625762939453125
1760554561287899100,34.80989916992188,-0.95745849609375,-0.2721710205078125,0.0572967529296875
1760554561297903400,34.8199033203125,-0.957550048828125,-0.270355224609375,0.06427001953125
1760554561307908400,34.82990844726562,-0.956024169921875,-0.2699127197265625,0.073089599609375
1760554561317912300,34.83991235351562,-0.9593505859375,-0.2677764892578125,0.0727081298828125
1760554561327916000,34.849916015625,-0.9587860107421875,-0.268157958984375,0.070098876953125
1760554561337921000,34.85992114257812,-0.96173095703125,-0.2645721435546875,0.0759735107421875
1760554561347925200,34.86992529296875,-0.9595794677734375,-0.26287841796875,0.0789031982421875
1760554561357930200,34.87993017578125,-0.9598236083984375,-0.2616424560546875,0.0855712890625
1760554561367934200,34.889934326171876,-0.96124267578125,-0.25921630859375,0.0964202880859375
1760554561377938000,34.89993798828125,-0.9630889892578125,-0.2568511962890625,0.095977783203125
1760554561387943200,34.90994311523438,-0.96112060546875,-0.25714111328125,0.0942230224609375
1760554561397947100,34.919947021484376,-0.9606475830078125,-0.25701904296875,0.095550537109375
1760554561407951000,34.929951171875,-0.9584503173828125,-0.2585296630859375,0.097900390625
1760554561417956000,34.9399560546875,-0.9599151611328125,-0.2529144287109375,0.1068267822265625
1760554561427960000,34.9499599609375,-0.9631500244140625,-0.247894287109375,0.1151123046875
1760554561437965000,34.95996508789062,-0.9635772705078125,-0.2447052001953125,0.123779296875
1760554561447969300,34.96996923828125,-0.965240478515625,-0.2400665283203125,0.132965087890625
1760554561457974300,34.979974365234376,-0.965179443359375,-0.2372894287109375,0.1383209228515625
1760554561467978200,34.989978271484375,-0.9654388427734375,-0.2364654541015625,0.1364593505859375
1760554561477982000,34.99998193359375,-0.9661712646484375,-0.236083984375,0.1378173828125
1760554561487987000,35.00998706054688,-0.9629058837890625,-0.23748779296875,0.134490966796875
1760554561497991200,35.0199912109375,-0.96319580078125,-0.2398681640625,0.1295928955078125
1760554561507995100,35.0299951171875,-0.96282958984375,-0.243072509765625,0.12103271484375
1760554561518000000,35.04000024414062,-0.96295166015625,-0.2471466064453125,0.117645263671875
1760554561528004000,35.05000415039063,-0.9619140625,-0.246551513671875,0.1155853271484375
1760554561538009000,35.06000903320312,-0.9632568359375,-0.2489013671875,0.1116790771484375
1760554561548013300,35.070013427734374,-0.96099853515625,-0.2518310546875,0.107086181640625
1760554561558018300,35.080018310546876,-0.9615478515625,-0.2533416748046875,0.104888916015625
1760554561568022300,35.090022216796875,-0.959136962890625,-0.25518798828125,0.1005706787109375
1760554561578026000,35.10002587890625,-0.961334228515625,-0.2566070556640625,0.095184326171875
1760554561588031000,35.110031005859376,-0.960418701171875,-0.2581787109375,0.0944671630859375
1760554561598035200,35.12003515625,-0.9598541259765625,-0.2593841552734375,0.0916595458984375
1760554561608039200,35.1300390625,-0.9593353271484375,-0.261016845703125,0.0893707275390625
1760554561618044200,35.14004418945313,-0.9585113525390625,-0.26068115234375,0.08758544921875
1760554561628048100,35.15004809570313,-0.9610137939453125,-0.258056640625,0.0924224853515625
1760554561638053000,35.16005322265625,-0.962799072265625,-0.2561798095703125,0.09771728515625
1760554561648057300,35.17005737304687,-0.96142578125,-0.251739501953125,0.1047515869140625
1760554561658061300,35.18006127929687,-0.962066650390625,-0.249359130859375,0.1112518310546875
1760554561668066300,35.19006640625,-0.9636688232421875,-0.2488861083984375,0.1153564453125
1760554561678070000,35.20007006835937,-0.964111328125,-0.2462921142578125,0.118560791015625
1760554561688075000,35.210074951171876,-0.9633636474609375,-0.2467498779296875,0.1162261962890625
1760554561698079200,35.22007934570313,-0.962432861328125,-0.2490997314453125,0.1120452880859375
1760554561708083200,35.230083251953126,-0.9617156982421875,-0.2519073486328125,0.107421875
1760554561718088200,35.24008813476563,-0.9611663818359375,-0.252166748046875,0.103302001953125
1760554561728092200,35.25009204101563,-0.962432861328125,-0.2547454833984375,0.09820556640625
1760554561738097200,35.26009716796875,-0.9608154296875,-0.25433349609375,0.100982666015625
1760554561748101000,35.27010107421875,-0.9606475830078125,-0.258056640625,0.09381103515625
1760554561758105000,35.28010498046875,-0.961090087890625,-0.2559814453125,0.09588623046875
1760554561768110000,35.290110107421874,-0.960601806640625,-0.254547119140625,0.1011505126953125
1760554561778114000,35.30011401367187,-0.9611663818359375,-0.2561492919921875,0.0980377197265625
1760554561788119000,35.310119140625,-0.9591522216796875,-0.2610321044921875,0.0896453857421875
1760554561798123000,35.320123046875,-0.958587646484375,-0.2614288330078125,0.0848541259765625
1760554561808127200,35.330127197265625,-0.9604339599609375,-0.261138916015625,0.088165283203125
1760554561818132200,35.34013232421875,-0.9589080810546875,-0.26165771484375,0.08233642578125
1760554561828136200,35.35013623046875,-0.959808349609375,-0.259613037109375,0.0895538330078125
1760554561838141200,35.36014111328125,-0.9609222412109375,-0.2532958984375,0.1042327880859375
1760554561848145200,35.37014526367187,-0.96368408203125,-0.2452545166015625,0.12347412109375
1760554561858149000,35.38014916992187,-0.9647674560546875,-0.24261474609375,0.1305084228515625
1760554561868154000,35.390154052734374,-0.96575927734375,-0.2449798583984375,0.123565673828125
1760554561878158000,35.40015795898437,-0.9632720947265625,-0.246368408203125,0.1203155517578125
1760554561888163000,35.4101630859375,-0.96368408203125,-0.247589111328125,0.1187744140625
1760554561898167000,35.4201669921875,-0.9608917236328125,-0.2530364990234375,0.1130828857421875
1760554561908171300,35.430171142578125,-0.9608154296875,-0.253936767578125,0.102081298828125
1760554561918176300,35.44017626953125,-0.9599761962890625,-0.26025390625,0.0865478515625
1760554561928180200,35.45018017578125,-0.958343505859375,-0.26666259765625,0.074676513671875
1760554561938185200,35.460185302734374,-0.95733642578125,-0.2723236083984375,0.0616455078125
1760554561948189200,35.47018920898437,-0.9568023681640625,-0.27545166015625,0.0547027587890625
1760554561958193200,35.48019311523438,-0.9579620361328125,-0.271453857421875,0.0552520751953125
1760554561968198100,35.4901982421875,-0.9589385986328125,-0.269073486328125,0.0598907470703125
1760554561978202000,35.5002021484375,-0.9595947265625,-0.2700958251953125,0.0628204345703125
1760554561988207000,35.51020703125,-0.960205078125,-0.2639923095703125,0.0718841552734375
1760554561998211000,35.520211181640626,-0.9614105224609375,-0.262451171875,0.0802459716796875
1760554562008215300,35.53021533203125,-0.9619903564453125,-0.2612762451171875,0.084686279296875
1760554562018220300,35.54022021484375,-0.9614105224609375,-0.25848388671875,0.0911407470703125
1760554562028224300,35.55022436523438,-0.961334228515625,-0.254486083984375,0.1018218994140625
1760554562038229200,35.56022924804687,-0.9633026123046875,-0.2547454833984375,0.1067962646484375
1760554562048233000,35.57023291015625,-0.962646484375,-0.2545166015625,0.1077880859375
1760554562058237200,35.5802373046875,-0.961761474609375,-0.2573394775390625,0.10345458984375
1760554562068242200,35.5902421875,-0.961669921875,-0.2607269287109375,0.0917510986328125
1760554562078246100,35.60024609375,-0.9605560302734375,-0.265625,0.0750579833984375
1760554562088251100,35.61025122070313,-0.9581451416015625,-0.269805908203125,0.0563507080078125
1760554562098255000,35.620255126953126,-0.9587554931640625,-0.27569580078125,0.038909912109375
1760554562108259300,35.63025927734375,-0.9566497802734375,-0.2776336669921875,0.0274200439453125
1760554562118264300,35.64026440429687,-0.9570159912109375,-0.279083251953125,0.0309295654296875
1760554562128268300,35.65026831054688,-0.9575347900390625,-0.275115966796875,0.04205322265625
1760554562138273300,35.66027319335937,-0.9579925537109375,-0.271484375,0.056182861328125
1760554562148277000,35.67027709960937,-0.9572906494140625,-0.2673797607421875,0.063751220703125
1760554562158281000,35.68028100585938,-0.9578399658203125,-0.267425537109375,0.07000732421875
1760554562168286200,35.6902861328125,-0.9578094482421875,-0.2641754150390625,0.091094970703125
1760554562178290200,35.700290283203124,-0.96258544921875,-0.2525787353515625,0.1045074462890625
1760554562188295200,35.71029516601563,-0.9630279541015625,-0.2530975341796875,0.104736328125
1760554562198299100,35.720299072265625,-0.961212158203125,-0.2528076171875,0.1056365966796875
1760554562208303000,35.73030322265625,-0.96337890625,-0.251983642578125,0.1078643798828125
1760554562218308000,35.74030810546875,-0.9627532958984375,-0.2520294189453125,0.1103668212890625
1760554562228312300,35.75031225585938,-0.9637451171875,-0.25054931640625,0.1110382080078125
1760554562238317300,35.7603173828125,-0.961669921875,-0.2541351318359375,0.1033172607421875
1760554562248321000,35.77032104492187,-0.96234130859375,-0.258636474609375,0.089385986328125
1760554562258325000,35.78032495117188,-0.960723876953125,-0.2645263671875,0.075897216796875
1760554562268330000,35.790330078125,-0.960174560546875,-0.267608642578125,0.0684967041015625
1760554562278334200,35.800334228515624,-0.955169677734375,-0.2720947265625,0.0587921142578125
1760554562288339200,35.810339111328126,-0.95556640625,-0.2796783447265625,0.0461273193359375
1760554562298343200,35.82034326171875,-0.9562225341796875,-0.277740478515625,0.0512542724609375
1760554562308347100,35.83034716796875,-0.9555206298828125,-0.2751007080078125,0.0559234619140625
1760554562318352100,35.84035205078125,-0.9549102783203125,-0.2748870849609375,0.0594482421875
1760554562328355800,35.85035595703125,-0.956634521484375,-0.2712249755859375,0.0727691650390625
1760554562338360800,35.86036083984375,-0.954803466796875,-0.2656402587890625,0.084625244140625
1760554562348364800,35.87036474609375,-0.9561004638671875,-0.261260986328125,0.1006317138671875
1760554562358368800,35.88036865234375,-0.9574127197265625,-0.2510528564453125,0.123626708984375
1760554562368373800,35.89037377929687,-0.959686279296875,-0.2392730712890625,0.142120361328125
1760554562378377700,35.90037768554687,-0.9649505615234375,-0.2285614013671875,0.14892578125
1760554562388382700,35.9103828125,-0.9630889892578125,-0.2315521240234375,0.150543212890625
1760554562398386700,35.92038671875,-0.9640655517578125,-0.229034423828125,0.1525115966796875
1760554562408390700,35.930390625,-0.9632720947265625,-0.22967529296875,0.1490478515625
1760554562418395600,35.940395751953126,-0.9629669189453125,-0.2270965576171875,0.1489105224609375
1760554562428399900,35.95039990234375,-0.9651031494140625,-0.2259063720703125,0.148681640625
1760554562438404900,35.96040478515625,-0.96270751953125,-0.2326507568359375,0.1398162841796875
1760554562448408800,35.97040893554688,-0.961151123046875,-0.234710693359375,0.136932373046875
1760554562458412800,35.98041284179688,-0.960906982421875,-0.232635498046875,0.1406402587890625
1760554562468417800,35.99041772460937,-0.96221923828125,-0.23114013671875,0.141754150390625
1760554562478421800,36.000421875,-0.9619140625,-0.2305145263671875,0.14569091796875
1760554562488426800,36.0104267578125,-0.9610137939453125,-0.2313385009765625,0.1435089111328125
1760554562498430700,36.0204306640625,-0.958251953125,-0.239532470703125,0.1292266845703125
1760554562508434700,36.0304345703125,-0.957122802734375,-0.24505615234375,0.1242218017578125
1760554562518439700,36.040439697265626,-0.9567718505859375,-0.237701416015625,0.137725830078125
1760554562528444000,36.05044384765625,-0.957000732421875,-0.2311248779296875,0.1467742919921875
1760554562538448000,36.06044775390625,-0.9617156982421875,-0.222503662109375,0.1565093994140625
1760554562548452900,36.07045288085938,-0.9587860107421875,-0.21795654296875,0.1654510498046875
1760554562558456600,36.08045654296875,-0.959716796875,-0.2194061279296875,0.1669158935546875
1760554562568461600,36.09046166992187,-0.96209716796875,-0.211212158203125,0.170166015625
1760554562578465800,36.1004658203125,-0.961029052734375,-0.2101287841796875,0.1745147705078125
1760554562588469800,36.1104697265625,-0.96087646484375,-0.20526123046875,0.1750335693359375
1760554562598474800,36.120474853515624,-0.966461181640625,-0.1956787109375,0.1641082763671875
1760554562608478700,36.13047875976562,-0.9654388427734375,-0.182037353515625,0.1287841796875
1760554562618483700,36.140483642578126,-0.9656524658203125,-0.186737060546875,0.1034698486328125
1760554562628488000,36.150488037109376,-0.9718170166015625,-0.1917266845703125,0.105712890625
1760554562638492000,36.160491943359375,-0.9623870849609375,-0.186492919921875,0.1300201416015625
1760554562648497000,36.17049682617188,-0.9766082763671875,-0.175262451171875,0.1773681640625
1760554562658500600,36.18050048828125,-0.9503326416015625,-0.206512451171875,0.1221771240234375
1760554562668505600,36.19050561523437,-0.995819091796875,-0.1806488037109375,0.17181396484375
1760554562678509800,36.200509765625,-0.9319610595703125,-0.18634033203125,0.150299072265625
1760554562688514800,36.210514892578125,-0.9695587158203125,-0.1841278076171875,0.1399078369140625
1760554562698518800,36.220518798828124,-0.95428466796875,-0.1718597412109375,0.137420654296875
1760554562708522800,36.23052270507812,-0.9880828857421875,-0.1727447509765625,0.1807708740234375
1760554562718527700,36.24052783203125,-0.9565277099609375,-0.160369873046875,0.186553955078125
1760554562728531700,36.25053173828125,-0.94525146484375,-0.1591949462890625,0.4788970947265625
1760554562738537000,36.26053686523438,-0.9493560791015625,-0.2731170654296875,1.0470123291015625
1760554562748541000,36.270541015625,-0.99530029296875,-0.1573333740234375,-0.2208099365234375
1760554562758544600,36.280544677734376,-0.9679718017578125,-0.1696319580078125,-0.0163116455078125
1760554562768549600,36.29054956054687,-0.965850830078125,-0.1623992919921875,0.107666015625
1760554562778553600,36.3005537109375,-0.9780120849609375,-0.187408447265625,0.3019561767578125
1760554562788558800,36.310558837890625,-0.95965576171875,-0.1725006103515625,0.4356536865234375
1760554562798562800,36.320562744140624,-0.962310791015625,-0.1670379638671875,0.0989990234375
1760554562808566800,36.33056689453125,-0.9813385009765625,-0.1654052734375,0.234771728515625
1760554562818571800,36.34057177734375,-0.972869873046875,-0.1652069091796875,0.203460693359375
1760554562828575700,36.35057568359375,-0.9753265380859375,-0.1597137451171875,0.210113525390625
1760554562838580700,36.36058081054688,-0.977203369140625,-0.1565399169921875,0.21826171875
1760554562848585000,36.3705849609375,-0.977691650390625,-0.1556243896484375,0.218658447265625
1760554562858588700,36.380588623046876,-0.97296142578125,-0.164031982421875,0.2123565673828125
1760554562868593700,36.39059375,-0.9708404541015625,-0.1728363037109375,0.207977294921875
1760554562878597600,36.40059765625,-0.9699859619140625,-0.1808319091796875,0.2024383544921875
1760554562888602600,36.4106025390625,-0.967742919921875,-0.1840667724609375,0.1978607177734375
1760554562898606800,36.42060693359375,-0.9653472900390625,-0.193511962890625,0.1929473876953125
1760554562908610800,36.43061083984375,-0.9634552001953125,-0.201385498046875,0.178497314453125
1760554562918615800,36.44061572265625,-0.9633026123046875,-0.200897216796875,0.17620849609375
1760554562928619800,36.450619873046875,-0.9658966064453125,-0.1988067626953125,0.184234619140625
1760554562938624800,36.46062475585938,-0.9629364013671875,-0.206939697265625,0.1767578125
1760554562948628700,36.47062866210938,-0.962158203125,-0.2118988037109375,0.1740875244140625
1760554562958632700,36.4806328125,-0.969085693359375,-0.20001220703125,0.1876983642578125
1760554562968637700,36.4906376953125,-0.96966552734375,-0.202239990234375,0.1830902099609375
1760554562978641700,36.5006416015625,-0.9624176025390625,-0.21649169921875,0.1755523681640625
1760554562988646700,36.510646728515624,-0.955291748046875,-0.2349395751953125,0.154083251953125
1760554562998651000,36.52065087890625,-0.953887939453125,-0.2453765869140625,0.1351470947265625
1760554563008654800,36.53065478515625,-0.9522857666015625,-0.2500152587890625,0.12103271484375
1760554563018659800,36.540659912109376,-0.9492340087890625,-0.258331298828125,0.117523193359375
1760554563028663800,36.550663818359375,-0.95501708984375,-0.248687744140625,0.1230926513671875
1760554563038668800,36.56066870117188,-0.9549102783203125,-0.25537109375,0.11602783203125
1760554563048672800,36.5706728515625,-0.9542236328125,-0.2613983154296875,0.09832763671875
1760554563058676700,36.5806767578125,-0.9508819580078125,-0.271087646484375,0.079193115234375
1760554563068681700,36.590681640625,-0.9516448974609375,-0.268035888671875,0.0777435302734375
1760554563078685700,36.60068579101563,-0.9553680419921875,-0.2653961181640625,0.0822601318359375
1760554563088690700,36.610690673828124,-0.954681396484375,-0.265045166015625,0.0838165283203125
1760554563098695000,36.62069482421875,-0.9586181640625,-0.259307861328125,0.0930633544921875
1760554563108699000,36.63069897460937,-0.9600830078125,-0.2541046142578125,0.10675048828125
1760554563118703900,36.640703857421876,-0.9611053466796875,-0.25494384765625,0.1012725830078125
1760554563128707800,36.650707763671875,-0.959320068359375,-0.2535400390625,0.094512939453125
1760554563138712800,36.660712890625,-0.9574127197265625,-0.261322021484375,0.0886383056640625
1760554563148716800,36.670716796875,-0.956390380859375,-0.267547607421875,0.08343505859375
1760554563158720800,36.680720703125,-0.9542236328125,-0.2694244384765625,0.0722198486328125
1760554563168725800,36.69072583007812,-0.9553680419921875,-0.2697601318359375,0.065338134765625
1760554563178729700,36.70072973632813,-0.9545135498046875,-0.2681732177734375,0.07470703125
1760554563188734700,36.710734619140624,-0.958404541015625,-0.262298583984375,0.0906219482421875
1760554563198738700,36.72073876953125,-0.9558258056640625,-0.27105712890625,0.067108154296875
1760554563208743000,36.73074291992187,-0.9560699462890625,-0.27288818359375,0.0505523681640625
1760554563218748000,36.740747802734376,-0.9571990966796875,-0.272308349609375,0.0550079345703125
1760554563228751600,36.750751708984374,-0.955413818359375,-0.272125244140625,0.056549072265625
1760554563238756600,36.76075659179688,-0.9503936767578125,-0.2790069580078125,0.065582275390625
1760554563248760600,36.770760498046876,-0.9618072509765625,-0.2608642578125,0.078155517578125
1760554563258764800,36.78076489257813,-0.9632720947265625,-0.256072998046875,0.085113525390625
1760554563268769800,36.79076977539062,-0.9637298583984375,-0.25421142578125,0.09423828125
1760554563278773800,36.80077368164063,-0.965789794921875,-0.24884033203125,0.116302490234375
1760554563288778800,36.81077880859375,-0.9656524658203125,-0.2493133544921875,0.1173248291015625
1760554563298782700,36.82078271484375,-0.9647674560546875,-0.252593994140625,0.1024627685546875
1760554563308787000,36.83078686523437,-0.962921142578125,-0.2566070556640625,0.0913543701171875
1760554563318792000,36.8407919921875,-0.9597015380859375,-0.2626953125,0.07000732421875
1760554563328795600,36.850795654296874,-0.9592437744140625,-0.268585205078125,0.05645751953125
1760554563338800600,36.86080053710938,-0.957550048828125,-0.27203369140625,0.0460357666015625
1760554563348804400,36.870804443359376,-0.95660400390625,-0.27197265625,0.04779052734375
1760554563358808600,36.88080859375,-0.9568634033203125,-0.2694244384765625,0.0538482666015625
1760554563368813600,36.8908134765625,-0.956512451171875,-0.269500732421875,0.0530242919921875
1760554563378817500,36.90081762695313,-0.9574127197265625,-0.2707672119140625,0.056793212890625
1760554563388822500,36.91082250976562,-0.956939697265625,-0.271484375,0.0593109130859375
1760554563398826500,36.92082641601562,-0.955108642578125,-0.2735137939453125,0.053558349609375
1760554563408830700,36.93083081054687,-0.9564361572265625,-0.2706756591796875,0.0552215576171875
1760554563418835700,36.940835693359375,-0.9604034423828125,-0.263763427734375,0.077362060546875
1760554563428839700,36.950839599609374,-0.9630889892578125,-0.2564544677734375,0.1012115478515625
1760554563438844700,36.9608447265625,-0.965789794921875,-0.2480010986328125,0.1219024658203125
1760554563448848400,36.970848388671875,-0.9692535400390625,-0.24224853515625,0.13385009765625
1760554563458852600,36.9808525390625,-0.96905517578125,-0.2425689697265625,0.1323394775390625
1760554563468857600,36.99085766601563,-0.9664459228515625,-0.2493438720703125,0.1173095703125
1760554563478861600,37.00086157226563,-0.96197509765625,-0.25341796875,0.101348876953125
1760554563488866600,37.01086645507812,-0.960357666015625,-0.2591705322265625,0.0817413330078125
1760554563498870500,37.02087060546875,-0.9590911865234375,-0.2638092041015625,0.0637969970703125
1760554563508874800,37.03087475585937,-0.9604034423828125,-0.2650604248046875,0.0609893798828125
1760554563518879700,37.040879638671875,-0.956146240234375,-0.2695159912109375,0.069610595703125
1760554563528883500,37.050883544921874,-0.9556732177734375,-0.2655029296875,0.0686187744140625
1760554563538888400,37.060888427734376,-0.9565887451171875,-0.266510009765625,0.0664520263671875
1760554563548892400,37.070892333984375,-0.9581451416015625,-0.26788330078125,0.06781005859375
1760554563558896600,37.080896728515626,-0.960540771484375,-0.2652587890625,0.0714111328125
1760554563568901600,37.09090161132813,-0.960357666015625,-0.2632293701171875,0.0788421630859375
1760554563578905600,37.10090551757813,-0.961273193359375,-0.258148193359375,0.088775634765625
1760554563588910600,37.11091064453125,-0.961181640625,-0.25872802734375,0.0899810791015625
1760554563598914600,37.12091455078125,-0.96087646484375,-0.258392333984375,0.09539794921875
1760554563608918800,37.13091870117187,-0.9602813720703125,-0.2548370361328125,0.1045379638671875
1760554563618923800,37.140923828125,-0.962738037109375,-0.2502899169921875,0.113067626953125
1760554563628927500,37.15092749023437,-0.9649658203125,-0.247314453125,0.1188507080078125
1760554563638932500,37.160932373046876,-0.9661407470703125,-0.2443695068359375,0.13250732421875
1760554563648936400,37.1709365234375,-0.9666290283203125,-0.2407073974609375,0.1375732421875
1760554563658940700,37.180940673828125,-0.9689788818359375,-0.241729736328125,0.1319122314453125
1760554563668945700,37.19094555664063,-0.967529296875,-0.2441558837890625,0.122772216796875
1760554563678949600,37.20094970703125,-0.9633026123046875,-0.2475128173828125,0.1120452880859375
1760554563688954600,37.21095458984375,-0.96295166015625,-0.2528839111328125,0.1037750244140625
1760554563698958600,37.22095849609375,-0.9613189697265625,-0.2576141357421875,0.0968170166015625
1760554563708962600,37.23096264648437,-0.959808349609375,-0.260498046875,0.0926666259765625
1760554563718967600,37.240967529296874,-0.9588165283203125,-0.26324462890625,0.0880889892578125
1760554563728971500,37.25097143554687,-0.9596405029296875,-0.2660369873046875,0.081634521484375
1760554563738976500,37.2609765625,-0.9585113525390625,-0.264617919921875,0.084625244140625
1760554563748980500,37.27098046875,-0.9586181640625,-0.2627716064453125,0.08270263671875
1760554563758984400,37.280984375,-0.9589996337890625,-0.2632598876953125,0.0836639404296875
1760554563768989400,37.29098950195313,-0.9589080810546875,-0.261871337890625,0.0899658203125
1760554563778993700,37.30099365234375,-0.9613800048828125,-0.2588958740234375,0.09246826171875
1760554563788998700,37.31099853515625,-0.961334228515625,-0.25634765625,0.09954833984375
1760554563799002600,37.32100268554687,-0.9623565673828125,-0.2526092529296875,0.1056671142578125
1760554563809006300,37.33100634765625,-0.9641876220703125,-0.2509002685546875,0.11187744140625
1760554563819011300,37.34101123046875,-0.964599609375,-0.2487945556640625,0.1146240234375
1760554563829015600,37.351015625,-0.964385986328125,-0.248931884765625,0.116424560546875
1760554563839020500,37.3610205078125,-0.9629364013671875,-0.251800537109375,0.1134796142578125
1760554563849024500,37.3710244140625,-0.9618682861328125,-0.2548370361328125,0.10540771484375
1760554563859028500,37.381028564453125,-0.9609222412109375,-0.26025390625,0.09088134765625
1760554563869033500,37.39103344726563,-0.9584503173828125,-0.26458740234375,0.0743560791015625
1760554563879037700,37.40103759765625,-0.9573974609375,-0.2693023681640625,0.0626068115234375
1760554563889042700,37.41104272460937,-0.9576263427734375,-0.269195556640625,0.066375732421875
1760554563899046700,37.42104663085937,-0.958740234375,-0.2663421630859375,0.0688629150390625
1760554563909050400,37.43105029296875,-0.9580841064453125,-0.2681121826171875,0.06976318359375
1760554563919055400,37.441055419921874,-0.9577178955078125,-0.26910400390625,0.069793701171875
1760554563929059600,37.4510595703125,-0.9609375,-0.2641143798828125,0.0764923095703125
1760554563939064600,37.46106469726563,-0.9602508544921875,-0.26385498046875,0.0788726806640625
1760554563949068500,37.471068603515626,-0.9606170654296875,-0.264862060546875,0.0797271728515625
1760554563959072500,37.481072509765625,-0.9630279541015625,-0.2636260986328125,0.08331298828125
1760554563969077500,37.49107739257813,-0.962615966796875,-0.2629241943359375,0.093231201171875
1760554563979081700,37.50108178710938,-0.9624176025390625,-0.260223388671875,0.0967254638671875
1760554563989086700,37.51108666992187,-0.9608001708984375,-0.26239013671875,0.087890625
1760554563999090700,37.52109057617187,-0.96026611328125,-0.267303466796875,0.0769500732421875
1760554564009094400,37.53109448242188,-0.9593658447265625,-0.2674560546875,0.06573486328125
1760554564019099400,37.54109936523437,-0.958740234375,-0.2687835693359375,0.054779052734375
1760554564029103600,37.551103515625,-0.961029052734375,-0.26971435546875,0.0571441650390625
1760554564039108600,37.56110864257813,-0.95977783203125,-0.26727294921875,0.060943603515625
1760554564049112600,37.571112548828125,-0.9594573974609375,-0.2684326171875,0.0548095703125
1760554564059116500,37.581116455078124,-0.9599609375,-0.2708587646484375,0.044769287109375
1760554564069121500,37.59112158203125,-0.9603424072265625,-0.272186279296875,0.034881591796875
1760554564079125800,37.60112573242188,-0.959503173828125,-0.272735595703125,0.03814697265625
1760554564089130800,37.611130859375,-0.9586944580078125,-0.270416259765625,0.045745849609375
1760554564099134700,37.621134765625,-0.960693359375,-0.2704010009765625,0.044586181640625
1760554564109138400,37.63113842773438,-0.9592132568359375,-0.2708892822265625,0.04351806640625
1760554564119143400,37.64114331054687,-0.959381103515625,-0.269195556640625,0.05206298828125
1760554564129147600,37.651147705078124,-0.9611053466796875,-0.2679443359375,0.0554656982421875
1760554564139152600,37.661152587890626,-0.9617462158203125,-0.2708587646484375,0.0551910400390625
1760554564149156600,37.671156494140625,-0.9614105224609375,-0.2686614990234375,0.0572357177734375
1760554564159160600,37.68116064453125,-0.9609222412109375,-0.2700347900390625,0.0540618896484375
1760554564169165600,37.69116552734375,-0.9599609375,-0.2697601318359375,0.0441741943359375
1760554564179169500,37.70116943359375,-0.96075439453125,-0.2713623046875,0.0441131591796875
1760554564189174500,37.71117456054687,-0.960174560546875,-0.2703094482421875,0.0463714599609375
1760554564199178500,37.72117846679687,-0.96099853515625,-0.26947021484375,0.0568084716796875
1760554564209182500,37.73118237304688,-0.9603118896484375,-0.269195556640625,0.0606842041015625
1760554564219187500,37.7411875,-0.960906982421875,-0.269500732421875,0.0584716796875
1760554564229191400,37.75119140625,-0.9613037109375,-0.268585205078125,0.0524444580078125
1760554564239196400,37.761196533203126,-0.9610137939453125,-0.2684326171875,0.046844482421875
1760554564249200600,37.77120068359375,-0.96185302734375,-0.2705078125,0.04547119140625
1760554564259204600,37.78120458984375,-0.9600830078125,-0.270538330078125,0.0444488525390625
1760554564269209600,37.79120971679688,-0.959930419921875,-0.269439697265625,0.049713134765625
1760554564279213600,37.80121362304688,-0.9607696533203125,-0.2685394287109375,0.054412841796875
1760554564289218600,37.81121850585937,-0.95989990234375,-0.2692108154296875,0.055328369140625
1760554564299222500,37.82122241210938,-0.9587249755859375,-0.2713470458984375,0.0511016845703125
1760554564309226500,37.8312265625,-0.959686279296875,-0.2693939208984375,0.0547943115234375
1760554564319231500,37.8412314453125,-0.9590911865234375,-0.2686309814453125,0.0565338134765625
1760554564329236200,37.851236328125,-0.960052490234375,-0.26873779296875,0.05584716796875
1760554564339241200,37.8612412109375,-0.9598541259765625,-0.267181396484375,0.0618896484375
1760554564349245200,37.8712451171875,-0.9619293212890625,-0.2671966552734375,0.0649566650390625
1760554564359249200,37.88124926757813,-0.96197509765625,-0.26666259765625,0.0688934326171875
1760554564369254100,37.89125415039062,-0.960540771484375,-0.2648468017578125,0.0776214599609375
1760554564379258000,37.90125805664063,-0.960235595703125,-0.2629852294921875,0.079071044921875
1760554564389263000,37.91126318359375,-0.962158203125,-0.26385498046875,0.076324462890625
1760554564399267000,37.92126708984375,-0.96160888671875,-0.2648162841796875,0.0682220458984375
1760554564409271300,37.93127124023437,-0.960205078125,-0.26727294921875,0.0593719482421875
1760554564419276300,37.9412763671875,-0.9580230712890625,-0.270721435546875,0.0528106689453125
1760554564429280000,37.951280029296875,-0.9588623046875,-0.2684478759765625,0.05828857421875
1760554564439284000,37.961283935546874,-0.959075927734375,-0.2682342529296875,0.06317138671875
1760554564449289000,37.9712890625,-0.959320068359375,-0.2667083740234375,0.066375732421875
1760554564459293200,37.98129321289063,-0.95965576171875,-0.2650146484375,0.07305908203125
1760554564469298200,37.99129809570312,-0.9602508544921875,-0.2658843994140625,0.070892333984375
1760554564479302100,38.00130224609375,-0.9612579345703125,-0.2665863037109375,0.0699920654296875
1760554564489306000,38.01130615234375,-0.9599609375,-0.2657623291015625,0.07196044921875
1760554564499311000,38.02131103515625,-0.9613494873046875,-0.2652740478515625,0.0688323974609375
1760554564509315300,38.0313154296875,-0.961273193359375,-0.265228271484375,0.0722503662109375
1760554564519320300,38.0413203125,-0.9615936279296875,-0.26422119140625,0.081451416015625
1760554564529324000,38.051323974609375,-0.96087646484375,-0.261871337890625,0.08648681640625
1760554564539328000,38.06132788085937,-0.962371826171875,-0.2626953125,0.08563232421875
1760554564549333000,38.0713330078125,-0.96221923828125,-0.2596893310546875,0.0893402099609375
1760554564559337200,38.08133715820313,-0.9614715576171875,-0.259490966796875,0.0913848876953125
1760554564569342200,38.09134228515625,-0.9625701904296875,-0.2595062255859375,0.0947113037109375
1760554564579346200,38.10134619140625,-0.9626617431640625,-0.259185791015625,0.09332275390625
1760554564589350100,38.11135009765625,-0.9627532958984375,-0.259246826171875,0.0997161865234375
1760554564599355100,38.121355224609374,-0.9645843505859375,-0.2584381103515625,0.0948638916015625
1760554564609359400,38.131359375,-0.9600372314453125,-0.2631378173828125,0.08331298828125
1760554564619364400,38.1413642578125,-0.9608001708984375,-0.263763427734375,0.0802459716796875
1760554564629368000,38.1513681640625,-0.9604339599609375,-0.2656707763671875,0.0734710693359375
1760554564639372000,38.1613720703125,-0.9609375,-0.266571044921875,0.064422607421875
1760554564649377000,38.171376953125,-0.9584808349609375,-0.26812744140625,0.0653533935546875
1760554564659381200,38.18138134765625,-0.9597320556640625,-0.2668304443359375,0.0659027099609375
1760554564669386200,38.19138623046875,-0.960662841796875,-0.2660064697265625,0.0634918212890625
1760554564679390200,38.20139013671875,-0.9601287841796875,-0.2671051025390625,0.063812255859375
1760554564689394200,38.21139428710938,-0.960052490234375,-0.267181396484375,0.0724334716796875
1760554564699399200,38.221399169921874,-0.9621429443359375,-0.2630767822265625,0.083038330078125
1760554564709403100,38.23140307617187,-0.962890625,-0.2624359130859375,0.0876922607421875
1760554564719408000,38.241408203125,-0.96466064453125,-0.2603302001953125,0.091339111328125
1760554564729412000,38.251412109375,-0.9628448486328125,-0.2603302001953125,0.091766357421875
1760554564739416000,38.261416015625,-0.961395263671875,-0.263671875,0.083953857421875
1760554564749421000,38.27142114257813,-0.9605255126953125,-0.26519775390625,0.07635498046875
1760554564759425300,38.28142529296875,-0.963165283203125,-0.2665863037109375,0.071746826171875
1760554564769430300,38.29143017578125,-0.960113525390625,-0.26617431640625,0.0685882568359375
1760554564779434200,38.30143432617187,-0.95758056640625,-0.268402099609375,0.0655059814453125
1760554564789438200,38.31143823242188,-0.9627838134765625,-0.2669525146484375,0.0671539306640625
1760554564799443200,38.32144311523437,-0.960235595703125,-0.268280029296875,0.0628662109375
1760554564809447200,38.331447265625,-0.9597015380859375,-0.2674407958984375,0.05908203125
1760554564819452200,38.3414521484375,-0.9622344970703125,-0.267181396484375,0.06378173828125
1760554564829456100,38.3514560546875,-0.962066650390625,-0.2669219970703125,0.0691070556640625
1760554564839460000,38.361460205078124,-0.9608306884765625,-0.267486572265625,0.0661163330078125
1760554564849465000,38.37146508789063,-0.959625244140625,-0.267578125,0.0714569091796875
1760554564859469000,38.381468994140626,-0.9621429443359375,-0.2651824951171875,0.0745849609375
1760554564869474000,38.39147412109375,-0.9621124267578125,-0.267181396484375,0.0705718994140625
1760554564879478300,38.40147827148437,-0.9604034423828125,-0.2682037353515625,0.0732421875
1760554564889482200,38.41148217773438,-0.95989990234375,-0.2673187255859375,0.0727081298828125
1760554564899487200,38.4214873046875,-0.9609222412109375,-0.270172119140625,0.05792236328125
1760554564909491000,38.43149096679687,-0.95989990234375,-0.2691802978515625,0.0555572509765625
1760554564919496000,38.441495849609375,-0.959930419921875,-0.2695159912109375,0.0566558837890625
1760554564929500200,38.451500244140625,-0.9610595703125,-0.2706298828125,0.0594940185546875
1760554564939504000,38.461504150390624,-0.9611358642578125,-0.2708740234375,0.0556793212890625
1760554564949509000,38.47150903320313,-0.9614715576171875,-0.270538330078125,0.050994873046875
1760554564959513000,38.48151318359375,-0.9616241455078125,-0.269744873046875,0.051422119140625
1760554564969518000,38.49151806640625,-0.96099853515625,-0.27056884765625,0.0482940673828125
1760554564979522300,38.50152221679687,-0.962310791015625,-0.2708892822265625,0.0477142333984375
1760554564989526000,38.51152612304688,-0.961395263671875,-0.2725677490234375,0.041351318359375
1760554564999531300,38.52153125,-0.9614410400390625,-0.2740631103515625,0.0296173095703125
1760554565009535000,38.53153491210937,-0.960418701171875,-0.272247314453125,0.0283050537109375
1760554565019540000,38.5415400390625,-0.9589385986328125,-0.273956298828125,0.0177459716796875
1760554565029544200,38.551544189453125,-0.9601593017578125,-0.2756195068359375,0.009765625
1760554565039548200,38.561548095703124,-0.96124267578125,-0.2752685546875,0.01751708984375
1760554565049553200,38.57155322265625,-0.960052490234375,-0.2739410400390625,0.0286865234375
1760554565059557000,38.58155712890625,-0.961669921875,-0.2741546630859375,0.0347747802734375
1760554565069562000,38.59156201171875,-0.9608154296875,-0.272857666015625,0.0425872802734375
1760554565079566300,38.60156640625,-0.9610748291015625,-0.2716217041015625,0.05181884765625
1760554565089570000,38.61157006835938,-0.9640045166015625,-0.2721099853515625,0.0523223876953125
1760554565099575000,38.62157495117187,-0.962677001953125,-0.272125244140625,0.0492095947265625
1760554565109579000,38.6315791015625,-0.960357666015625,-0.273223876953125,0.0414276123046875
1760554565119584000,38.641583984375,-0.9614105224609375,-0.2733306884765625,0.0331573486328125
1760554565129588200,38.651588134765625,-0.9605560302734375,-0.2751617431640625,0.0203094482421875
1760554565139592200,38.66159228515625,-0.9589691162109375,-0.2758636474609375,0.0042572021484375
1760554565149597200,38.67159716796875,-0.9579315185546875,-0.277923583984375,-0.018096923828125
1760554565159601200,38.68160107421875,-0.9574127197265625,-0.278839111328125,-0.030120849609375
1760554565169606100,38.69160620117187,-0.957611083984375,-0.277099609375,-0.041473388671875
1760554565179610400,38.7016103515625,-0.95587158203125,-0.2778167724609375,-0.0500946044921875
1760554565189614000,38.71161401367188,-0.95819091796875,-0.2764434814453125,-0.0384521484375
1760554565199619000,38.721619140625,-0.959197998046875,-0.276458740234375,-0.0341644287109375
1760554565209623000,38.731623046875,-0.960479736328125,-0.2776031494140625,-0.013031005859375
1760554565219628000,38.7416279296875,-0.9603729248046875,-0.2757720947265625,0.0028839111328125
1760554565229632300,38.75163232421875,-0.960052490234375,-0.2770233154296875,-0.0011749267578125
1760554565239636200,38.76163623046875,-0.9586639404296875,-0.2773284912109375,0.0009613037109375
1760554565249641200,38.77164111328125,-0.9575042724609375,-0.2813568115234375,-0.010986328125
1760554565259645200,38.78164526367188,-0.9551239013671875,-0.2825164794921875,-0.0240478515625
1760554565269650200,38.79165014648437,-0.9521484375,-0.2838592529296875,-0.024871826171875
1760554565279654100,38.80165405273438,-0.9561004638671875,-0.2803955078125,-0.0296630859375
1760554565289658000,38.811658203125,-0.9583282470703125,-0.27447509765625,-0.034271240234375
1760554565299663000,38.8216630859375,-0.9579010009765625,-0.2754364013671875,-0.0311279296875
1760554565309667000,38.8316669921875,-0.9574432373046875,-0.2781982421875,-0.030181884765625
1760554565319672000,38.841672119140625,-0.959075927734375,-0.274169921875,-0.0509490966796875
1760554565329676000,38.851676025390624,-0.9605865478515625,-0.2689056396484375,-0.070037841796875
1760554565339680000,38.86167993164062,-0.9609222412109375,-0.2692718505859375,-0.0699005126953125
1760554565349685000,38.87168505859375,-0.9598388671875,-0.2646484375,-0.0902099609375
1760554565359689000,38.88168896484375,-0.959808349609375,-0.2662811279296875,-0.09002685546875
1760554565369694000,38.89169384765625,-0.961395263671875,-0.266754150390625,-0.073516845703125
1760554565379698000,38.90169799804688,-0.9594573974609375,-0.270599365234375,-0.057037353515625
1760554565389702000,38.911701904296876,-0.9602813720703125,-0.2711029052734375,-0.0497894287109375
1760554565399707000,38.92170678710937,-0.95843505859375,-0.2747650146484375,-0.0395355224609375
1760554565409710800,38.9317109375,-0.9595489501953125,-0.27410888671875,-0.0474700927734375
1760554565419715800,38.9417158203125,-0.9609527587890625,-0.2692718505859375,-0.05596923828125
1760554565429719800,38.9517197265625,-0.9594268798828125,-0.2699737548828125,-0.060882568359375
1760554565439724000,38.96172412109375,-0.95928955078125,-0.267242431640625,-0.081268310546875
1760554565449729000,38.97172900390625,-0.960418701171875,-0.2622528076171875,-0.0965576171875
1760554565459733000,38.98173291015625,-0.9619140625,-0.2609100341796875,-0.095794677734375
1760554565469738000,38.99173803710938,-0.9616546630859375,-0.261993408203125,-0.09393310546875
1760554565479741700,39.00174169921875,-0.9623565673828125,-0.2614593505859375,-0.1044158935546875
1760554565489746000,39.011745849609376,-0.9607391357421875,-0.2592315673828125,-0.1099700927734375
1760554565499751000,39.0217509765625,-0.959197998046875,-0.2658538818359375,-0.09381103515625
1760554565509755000,39.0317548828125,-0.9588775634765625,-0.2672119140625,-0.081695556640625
1760554565519760000,39.041759765625,-0.95989990234375,-0.2651214599609375,-0.0897979736328125
1760554565529763800,39.051763916015624,-0.960174560546875,-0.2649993896484375,-0.0850982666015625
1760554565539768000,39.06176806640625,-0.960113525390625,-0.264801025390625,-0.0857086181640625
1760554565549773000,39.07177294921875,-0.9580535888671875,-0.27197265625,-0.073944091796875
1760554565559776800,39.08177685546875,-0.958740234375,-0.2766571044921875,-0.0478668212890625
1760554565569782000,39.09178198242188,-0.9560699462890625,-0.2823944091796875,-0.0234527587890625
1760554565579785700,39.10178564453125,-0.95086669921875,-0.2915802001953125,-0.015777587890625
1760554565589790000,39.1117900390625,-0.948516845703125,-0.293487548828125,-0.015106201171875
1760554565599795000,39.121794921875,-0.9582061767578125,-0.282867431640625,-0.026947021484375
1760554565609799000,39.131798828125,-0.959320068359375,-0.2780609130859375,-0.05029296875
1760554565619804000,39.141803955078124,-0.960052490234375,-0.2743377685546875,-0.052001953125
1760554565629807900,39.15180786132812,-0.9587554931640625,-0.2770843505859375,-0.03955078125
1760554565639812000,39.16181201171875,-0.9576416015625,-0.2816314697265625,-0.0362091064453125
1760554565649817000,39.17181713867188,-0.9579010009765625,-0.280609130859375,-0.0309295654296875
1760554565659820800,39.18182080078125,-0.9570465087890625,-0.2811126708984375,-0.0224609375
1760554565669825800,39.19182568359375,-0.9562225341796875,-0.2820892333984375,-0.0235137939453125
1760554565679829800,39.20182983398438,-0.9531097412109375,-0.2827301025390625,-0.0155181884765625
1760554565689834000,39.211833984375,-0.9538116455078125,-0.283477783203125,0.009918212890625
1760554565699839000,39.2218388671875,-0.9545745849609375,-0.281524658203125,0.044189453125
1760554565709843000,39.23184301757812,-0.95892333984375,-0.2732391357421875,0.0811004638671875
1760554565719848000,39.241847900390624,-0.962677001953125,-0.2651214599609375,0.120269775390625
1760554565729852000,39.25185180664062,-0.95849609375,-0.2692108154296875,0.11865234375
1760554565739856100,39.261856201171874,-0.955413818359375,-0.2704925537109375,0.136932373046875
1760554565749861000,39.271861083984376,-0.95941162109375,-0.2667236328125,0.126800537109375
1760554565759864800,39.28186474609375,-0.9574737548828125,-0.2696533203125,0.082672119140625
1760554565769869800,39.29186987304688,-0.956451416015625,-0.276031494140625,0.048797607421875
1760554565779873800,39.301873779296876,-0.95611572265625,-0.2768096923828125,0.04425048828125
1760554565789878000,39.3118779296875,-0.95294189453125,-0.2778778076171875,0.06549072265625
1760554565799883000,39.32188305664062,-0.9561767578125,-0.267486572265625,0.0989532470703125
1760554565809887000,39.33188696289063,-0.957061767578125,-0.2613983154296875,0.126617431640625
1760554565819892000,39.34189208984375,-0.9610137939453125,-0.2562408447265625,0.1124267578125
1760554565829896000,39.35189599609375,-0.9588623046875,-0.2572784423828125,0.1220245361328125
1760554565839900000,39.36189990234375,-0.96185302734375,-0.2530059814453125,0.1153564453125
1760554565849905000,39.37190478515625,-0.958984375,-0.2595367431640625,0.0973052978515625
1760554565859908900,39.381908935546875,-0.9561920166015625,-0.263519287109375,0.08856201171875
1760554565869913900,39.39191381835938,-0.9545745849609375,-0.2672882080078125,0.08428955078125
1760554565879917800,39.401917724609376,-0.9588165283203125,-0.255859375,0.109222412109375
1760554565889921800,39.411921875,-0.9604034423828125,-0.2490997314453125,0.121673583984375
1760554565899926800,39.4219267578125,-0.9613494873046875,-0.2443695068359375,0.1331329345703125
1760554565909931000,39.43193090820313,-0.965789794921875,-0.230743408203125,0.159881591796875
1760554565919935000,39.44193505859375,-0.9667205810546875,-0.225433349609375,0.162109375
1760554565929940000,39.45193994140625,-0.9665985107421875,-0.2303924560546875,0.1505126953125
1760554565939943700,39.46194360351563,-0.9664154052734375,-0.2282867431640625,0.154296875
1760554565949948700,39.47194873046875,-0.9683990478515625,-0.2260589599609375,0.1566009521484375
1760554565959953000,39.481952880859374,-0.9653472900390625,-0.2324981689453125,0.1442413330078125
1760554565969956900,39.49195678710937,-0.9643096923828125,-0.23309326171875,0.139434814453125
1760554565979961900,39.5019619140625,-0.9665069580078125,-0.2277069091796875,0.1518402099609375
1760554565989965800,39.5119658203125,-0.969635009765625,-0.220367431640625,0.165313720703125
1760554565999970800,39.521970703125,-0.9677734375,-0.2205963134765625,0.1761932373046875
1760554566009975000,39.53197509765625,-0.9691009521484375,-0.21685791015625,0.177703857421875
1760554566019979000,39.54197900390625,-0.9747772216796875,-0.21051025390625,0.176605224609375
1760554566029984000,39.55198388671875,-0.972564697265625,-0.21124267578125,0.1769256591796875
1760554566039987700,39.56198779296875,-0.9692840576171875,-0.2209625244140625,0.1615142822265625
1760554566049992700,39.57199267578125,-0.9648590087890625,-0.234710693359375,0.1444549560546875
1760554566059997000,39.581996826171874,-0.9623870849609375,-0.24505615234375,0.1278228759765625
1760554566070001000,39.5920009765625,-0.961761474609375,-0.2496490478515625,0.117401123046875
1760554566080006000,39.602005859375,-0.9617767333984375,-0.247039794921875,0.1209564208984375
1760554566090009900,39.612009765625,-0.9626922607421875,-0.2462921142578125,0.118682861328125
1760554566100014800,39.62201489257812,-0.96453857421875,-0.2439727783203125,0.1276702880859375
1760554566110019000,39.63201904296875,-0.965240478515625,-0.2417144775390625,0.136871337890625
1760554566120023000,39.64202294921875,-0.9652862548828125,-0.2448883056640625,0.130889892578125
1760554566130028000,39.652028076171874,-0.96514892578125,-0.2442779541015625,0.134002685546875
1760554566140031700,39.66203173828125,-0.960296630859375,-0.255096435546875,0.1197967529296875
1760554566150036700,39.67203662109375,-0.9548797607421875,-0.2705535888671875,0.0786895751953125
1760554566160041000,39.682041015625,-0.951751708984375,-0.275421142578125,0.0626068115234375
1760554566170045000,39.692044921875,-0.9571075439453125,-0.2686004638671875,0.0721435546875
1760554566180050000,39.7020498046875,-0.950164794921875,-0.2818756103515625,0.0507354736328125
1760554566190054000,39.712053955078126,-0.9538421630859375,-0.2776031494140625,0.040313720703125
1760554566200059000,39.72205883789063,-0.954742431640625,-0.27349853515625,0.068756103515625
1760554566210063000,39.73206298828125,-0.9582672119140625,-0.2689208984375,0.0822296142578125
1760554566220066800,39.74206689453125,-0.9569091796875,-0.27203369140625,0.0794830322265625
1760554566230071800,39.75207177734375,-0.95709228515625,-0.273345947265625,0.0765533447265625
1760554566240075800,39.76207568359375,-0.955841064453125,-0.2773590087890625,0.045257568359375
1760554566250080800,39.772080810546875,-0.9544677734375,-0.2811431884765625,-0.0055694580078125
1760554566260085000,39.7820849609375,-0.9569854736328125,-0.279998779296875,-0.0191192626953125
1760554566270089000,39.7920888671875,-0.957550048828125,-0.2776336669921875,0.0011444091796875
1760554566280094000,39.80209399414063,-0.960723876953125,-0.2713470458984375,0.0406341552734375
1760554566290098000,39.812097900390626,-0.9623260498046875,-0.2670745849609375,0.0731658935546875
1760554566300103000,39.82210302734375,-0.961822509765625,-0.2675933837890625,0.079345703125
1760554566310107000,39.83210693359375,-0.9632568359375,-0.268707275390625,0.0731201171875
1760554566320110800,39.84211083984375,-0.961578369140625,-0.272430419921875,0.04730224609375
1760554566330116000,39.8521162109375,-0.9570465087890625,-0.2790069580078125,0.011962890625
1760554566340120000,39.8621201171875,-0.9568023681640625,-0.281341552734375,-0.0113677978515625
1760554566350125000,39.872125,-0.9550018310546875,-0.282440185546875,-0.0274505615234375
1760554566360129000,39.88212890625,-0.9552154541015625,-0.283355712890625,-0.037567138671875
1760554566370133000,39.892133056640624,-0.9574737548828125,-0.280120849609375,-0.0325164794921875
1760554566380138000,39.90213793945313,-0.9605255126953125,-0.276153564453125,-0.0109100341796875
1760554566390142000,39.912141845703125,-0.9608001708984375,-0.2742462158203125,0.010528564453125
1760554566400147000,39.92214697265625,-0.961273193359375,-0.2738189697265625,0.02142333984375
1760554566410151000,39.93215087890625,-0.962646484375,-0.273681640625,0.0186767578125
1760554566420155100,39.94215502929688,-0.96136474609375,-0.2743072509765625,0.0186920166015625
1760554566430160100,39.95216015625,-0.961395263671875,-0.2759552001953125,0.0152435302734375
1760554566440164000,39.9621640625,-0.959136962890625,-0.2755889892578125,-0.001800537109375
1760554566450169000,39.972169189453126,-0.9573211669921875,-0.274627685546875,-0.0128326416015625
1760554566460173000,39.982173095703125,-0.960968017578125,-0.274566650390625,-0.0085906982421875
1760554566470177000,39.992177001953124,-0.9619598388671875,-0.2757720947265625,-0.007293701171875
1760554566480182000,40.00218212890625,-0.95953369140625,-0.276641845703125,-0.0003814697265625
1760554566490186000,40.01218603515625,-0.9597015380859375,-0.275177001953125,0.017791748046875
1760554566500191000,40.02219091796875,-0.958740234375,-0.2760162353515625,0.0164794921875
1760554566510195000,40.03219482421875,-0.9572296142578125,-0.2774658203125,0.0026397705078125
1760554566520199200,40.04219921875,-0.9602508544921875,-0.274383544921875,-0.0010833740234375
1760554566530204200,40.0522041015625,-0.9612579345703125,-0.273712158203125,-0.00323486328125
1760554566540208000,40.0622080078125,-0.96160888671875,-0.2743072509765625,0.0012054443359375
1760554566550213000,40.072213134765626,-0.96075439453125,-0.2734832763671875,0.0224456787109375
1760554566560217000,40.082217041015625,-0.961883544921875,-0.2718963623046875,0.0355987548828125
1760554566570221000,40.09222094726562,-0.96337890625,-0.2706451416015625,0.0366363525390625
1760554566580226000,40.10222607421875,-0.961151123046875,-0.272247314453125,0.029052734375
1760554566590230000,40.11222998046875,-0.95953369140625,-0.2735595703125,0.02099609375
1760554566600235000,40.12223510742187,-0.960968017578125,-0.274810791015625,0.013397216796875
1760554566610239000,40.13223901367188,-0.9610137939453125,-0.273834228515625,0.0092926025390625
1760554566620243200,40.1422431640625,-0.9595184326171875,-0.275146484375,0.0072784423828125
1760554566630248200,40.152248291015624,-0.9606475830078125,-0.273590087890625,0.009429931640625
1760554566640252200,40.16225219726562,-0.9618988037109375,-0.2746734619140625,0.018157958984375
1760554566650257200,40.172257080078126,-0.96124267578125,-0.274627685546875,0.0212860107421875
1760554566660260900,40.1822607421875,-0.9606475830078125,-0.2745819091796875,0.021484375
1760554566670264800,40.19226489257812,-0.95941162109375,-0.2743988037109375,0.0262603759765625
1760554566680270000,40.20227001953125,-0.9612274169921875,-0.27142333984375,0.0387725830078125
1760554566690274000,40.212274169921876,-0.9637298583984375,-0.2707672119140625,0.042633056640625
1760554566700279000,40.22227905273437,-0.9624786376953125,-0.2696685791015625,0.0531768798828125
1760554566710283000,40.23228295898438,-0.9624786376953125,-0.2712860107421875,0.0584564208984375
1760554566720287000,40.24228686523438,-0.962371826171875,-0.271209716796875,0.05670166015625
1760554566730292000,40.2522919921875,-0.96295166015625,-0.271331787109375,0.0391082763671875
1760554566740296200,40.26229614257812,-0.9624481201171875,-0.2728118896484375,0.0160064697265625
1760554566750301200,40.27230126953125,-0.9616851806640625,-0.2744140625,-0.0005950927734375
1760554566760305000,40.282304931640624,-0.9609527587890625,-0.2754974365234375,-0.008544921875
1760554566770308900,40.29230883789062,-0.959625244140625,-0.27728271484375,-0.0058746337890625
1760554566780313900,40.30231396484375,-0.959503173828125,-0.2757110595703125,-0.0015716552734375
1760554566790318000,40.312318115234376,-0.960418701171875,-0.274200439453125,-0.0023193359375
1760554566800323000,40.32232299804687,-0.959747314453125,-0.2740936279296875,-0.000579833984375
1760554566810327000,40.3323271484375,-0.9587860107421875,-0.2764892578125,-0.0099334716796875
1760554566820331000,40.3423310546875,-0.9596405029296875,-0.276702880859375,-0.0106201171875
1760554566830336000,40.3523359375,-0.9578399658203125,-0.27587890625,-0.008941650390625
1760554566840340200,40.36234033203125,-0.9596405029296875,-0.2747802734375,-0.002716064453125
1760554566850345200,40.37234521484375,-0.9591522216796875,-0.27471923828125,0.00640869140625
1760554566860349000,40.382348876953124,-0.9613189697265625,-0.27392578125,0.0124969482421875
1760554566870353000,40.39235278320312,-0.9627685546875,-0.2736053466796875,0.0090484619140625
1760554566880358000,40.40235791015625,-0.9619140625,-0.2742156982421875,0.001678466796875
1760554566890362000,40.412362060546876,-0.9584503173828125,-0.275543212890625,-0.011871337890625
1760554566900367000,40.4223671875,-0.959259033203125,-0.278411865234375,-0.0134124755859375
1760554566910371000,40.43237109375,-0.9590301513671875,-0.2769775390625,-0.01446533203125
1760554566920375000,40.442375,-0.9596099853515625,-0.277679443359375,-0.0131378173828125
1760554566930380000,40.45238012695312,-0.95977783203125,-0.275665283203125,-0.01019287109375
1760554566940384000,40.46238403320312,-0.95977783203125,-0.2753143310546875,0.0049591064453125
1760554566950389000,40.472388916015625,-0.96075439453125,-0.27423095703125,0.012359619140625
1760554566960393000,40.48239306640625,-0.962310791015625,-0.2734527587890625,0.0155181884765625
1760554566970397000,40.49239697265625,-0.9617462158203125,-0.276458740234375,0.0115814208984375
1760554566980402000,40.50240185546875,-0.962310791015625,-0.2767486572265625,0.0064849853515625
1760554566990406100,40.51240625,-0.9604034423828125,-0.275726318359375,0.0020904541015625
1760554567000411100,40.5224111328125,-0.959442138671875,-0.2771148681640625,-0.004638671875
1760554567010415000,40.5324150390625,-0.9592437744140625,-0.2764739990234375,-0.014892578125
1760554567020419000,40.54241918945313,-0.95819091796875,-0.27960205078125,-0.026336669921875
1760554567030424000,40.55242407226562,-0.9581298828125,-0.278045654296875,-0.0334320068359375
1760554567040428000,40.56242797851562,-0.959381103515625,-0.27691650390625,-0.0230865478515625
1760554567050433000,40.57243310546875,-0.9597015380859375,-0.2770233154296875,-0.00933837890625
1760554567060437000,40.58243701171875,-0.9608917236328125,-0.274932861328125,0.0013885498046875
1760554567070441000,40.59244091796875,-0.96441650390625,-0.2747955322265625,0.0226593017578125
1760554567080446000,40.60244604492188,-0.96270751953125,-0.2756195068359375,0.0298004150390625
1760554567090450200,40.6124501953125,-0.96234130859375,-0.2760009765625,0.019287109375
1760554567100455200,40.622455078125,-0.960479736328125,-0.276031494140625,0.0099334716796875
1760554567110459100,40.63245922851563,-0.961181640625,-0.276123046875,-0.001495361328125
1760554567120463000,40.64246313476563,-0.9598846435546875,-0.2764892578125,-0.009613037109375
1760554567130468000,40.65246801757812,-0.9604034423828125,-0.277313232421875,-0.01458740234375
1760554567140471800,40.66247192382812,-0.9595947265625,-0.2772064208984375,-0.0184173583984375
1760554567150477000,40.67247705078125,-0.95843505859375,-0.277313232421875,-0.02496337890625
1760554567160481000,40.68248095703125,-0.9576568603515625,-0.2765045166015625,-0.0256805419921875
1760554567170485000,40.692485107421874,-0.960174560546875,-0.27581787109375,-0.0179443359375
1760554567180490000,40.702489990234376,-0.9604949951171875,-0.2772674560546875,-0.0163726806640625
1760554567190494000,40.712493896484375,-0.9597625732421875,-0.275970458984375,-0.0140533447265625
1760554567200499000,40.7224990234375,-0.9607086181640625,-0.2764892578125,-0.0141754150390625
1760554567210503200,40.73250317382813,-0.958831787109375,-0.2753143310546875,-0.023895263671875
1760554567220507100,40.74250708007813,-0.9585418701171875,-0.276123046875,-0.0301361083984375
1760554567230512000,40.75251220703125,-0.9593963623046875,-0.275665283203125,-0.0337982177734375
1760554567240515800,40.76251586914063,-0.9601593017578125,-0.27569580078125,-0.0277862548828125
1760554567250520800,40.772520751953124,-0.959808349609375,-0.2749176025390625,-0.016571044921875
1760554567260525000,40.782525146484375,-0.9597625732421875,-0.2750701904296875,-0.00701904296875
1760554567270529000,40.79252905273437,-0.9605712890625,-0.2758941650390625,-0.0001373291015625
1760554567280534000,40.802533935546876,-0.9618072509765625,-0.2758331298828125,0.0078582763671875
1760554567290538000,40.8125380859375,-0.9602508544921875,-0.276275634765625,0.0052642822265625
1760554567300543000,40.82254296875,-0.9593505859375,-0.2769775390625,-0.0002593994140625
1760554567310547200,40.83254711914063,-0.9600372314453125,-0.277130126953125,-0.005615234375
1760554567320551000,40.84255102539063,-0.961090087890625,-0.2769927978515625,-0.0130157470703125
1760554567330559200,40.85255932617188,-0.960601806640625,-0.276641845703125,-0.01568603515625
1760554567340563200,40.86256323242188,-0.958953857421875,-0.274383544921875,-0.0221405029296875
1760554567350567400,40.8725673828125,-0.959197998046875,-0.2769775390625,-0.025543212890625
1760554567360572400,40.88257250976562,-0.9590911865234375,-0.27703857421875,-0.027099609375
1760554567370576400,40.89257641601562,-0.958343505859375,-0.27642822265625,-0.02752685546875
1760554567380581400,40.902581298828125,-0.958221435546875,-0.2761383056640625,-0.027313232421875
1760554567390585000,40.91258520507812,-0.9602203369140625,-0.27630615234375,-0.023040771484375
1760554567400590000,40.922590087890626,-0.9580230712890625,-0.2758941650390625,-0.0246124267578125
1760554567410594300,40.93259423828125,-0.959747314453125,-0.275115966796875,-0.0293731689453125
1760554567420598300,40.942598388671875,-0.96136474609375,-0.2755584716796875,-0.0233612060546875
1760554567430603300,40.95260327148438,-0.95849609375,-0.27545166015625,-0.0271759033203125
1760554567440607200,40.96260717773438,-0.9581298828125,-0.275726318359375,-0.029754638671875
1760554567450612200,40.9726123046875,-0.9586944580078125,-0.2765960693359375,-0.019927978515625
1760554567460616400,40.98261645507812,-0.958282470703125,-0.27618408203125,-0.01776123046875
1760554567470620400,40.99262036132812,-0.9594573974609375,-0.276275634765625,-0.0240478515625
1760554567480625400,41.00262548828125,-0.959869384765625,-0.2762451171875,-0.027801513671875
1760554567490629000,41.01262915039062,-0.959564208984375,-0.2745819091796875,-0.026123046875
1760554567500634000,41.022634033203126,-0.9601287841796875,-0.275054931640625,-0.02978515625
1760554567510638300,41.032638427734376,-0.959991455078125,-0.275177001953125,-0.030670166015625
1760554567520642300,41.042642333984375,-0.9594268798828125,-0.2747802734375,-0.0243072509765625
1760554567530647300,41.05264721679688,-0.96038818359375,-0.2753753662109375,-0.0230712890625
1760554567540651300,41.0626513671875,-0.9615478515625,-0.2749481201171875,-0.022918701171875
1760554567550655500,41.07265551757813,-0.9591064453125,-0.2757110595703125,-0.0242462158203125
1760554567560660500,41.08266040039062,-0.9610748291015625,-0.275970458984375,-0.0282135009765625
1760554567570664200,41.09266430664063,-0.958282470703125,-0.274566650390625,-0.0332489013671875
1760554567580669200,41.102669189453124,-0.9595947265625,-0.275726318359375,-0.0341949462890625
1760554567590673200,41.11267309570312,-0.958740234375,-0.276611328125,-0.030548095703125
1760554567600678100,41.12267822265625,-0.959930419921875,-0.275543212890625,-0.031036376953125
1760554567610682400,41.132682373046876,-0.95989990234375,-0.276275634765625,-0.03204345703125
1760554567620686300,41.142686279296875,-0.9591522216796875,-0.2758331298828125,-0.0330657958984375
1760554567630691300,41.15269140625,-0.9619903564453125,-0.2763671875,-0.0291595458984375
1760554567640695300,41.1626953125,-0.9597625732421875,-0.274871826171875,-0.0252532958984375
1760554567650699300,41.17269921875,-0.9596710205078125,-0.2769927978515625,-0.019287109375
1760554567660704300,41.18270434570312,-0.9591064453125,-0.2759857177734375,-0.018768310546875
1760554567670708200,41.19270825195313,-0.959686279296875,-0.27435302734375,-0.0186767578125
1760554567680713200,41.202713134765624,-0.96136474609375,-0.2761383056640625,-0.0192718505859375
1760554567690717200,41.21271728515625,-0.9613494873046875,-0.2753753662109375,-0.015472412109375
1760554567700722200,41.22272216796875,-0.96026611328125,-0.2754364013671875,-0.010833740234375
1760554567710726100,41.23272607421875,-0.9611968994140625,-0.275543212890625,-0.0135345458984375
1760554567720730400,41.24273046875,-0.9599456787109375,-0.2762451171875,-0.014862060546875
1760554567730735400,41.2527353515625,-0.9604949951171875,-0.2762298583984375,-0.0138092041015625
1760554567740739300,41.2627392578125,-0.96038818359375,-0.2757110595703125,-0.0190887451171875
1760554567750744300,41.27274438476562,-0.95904541015625,-0.2764129638671875,-0.0235595703125
1760554567760748300,41.28274829101562,-0.9600372314453125,-0.2766265869140625,-0.0218505859375
1760554567770752300,41.29275219726563,-0.9603271484375,-0.27630615234375,-0.021087646484375
1760554567780757200,41.30275732421875,-0.958984375,-0.2757720947265625,-0.02239990234375
1760554567790761200,41.31276123046875,-0.9617156982421875,-0.2749786376953125,-0.0147857666015625
1760554567800766200,41.32276611328125,-0.9609832763671875,-0.2751617431640625,-0.0072174072265625
1760554567810770200,41.332770263671875,-0.959197998046875,-0.275238037109375,0.0014495849609375
1760554567820774400,41.3427744140625,-0.9599456787109375,-0.275177001953125,0.0078277587890625
1760554567830779400,41.352779296875,-0.960906982421875,-0.27490234375,0.00244140625
1760554567840783400,41.36278344726563,-0.960906982421875,-0.2761688232421875,-0.00244140625
1760554567850787000,41.372787109375,-0.9607696533203125,-0.277008056640625,-0.0047760009765625
1760554567860792000,41.3827919921875,-0.9601593017578125,-0.2758026123046875,-0.0122833251953125
1760554567870796300,41.39279638671875,-0.9608306884765625,-0.2751922607421875,-0.0196685791015625
1760554567880801300,41.40280126953125,-0.9603424072265625,-0.274749755859375,-0.0170745849609375
1760554567890805200,41.41280517578125,-0.9610137939453125,-0.2756500244140625,-0.014739990234375
1760554567900810200,41.422810302734376,-0.959808349609375,-0.2749481201171875,-0.0192718505859375
1760554567910814200,41.432814208984375,-0.959930419921875,-0.2761383056640625,-0.0203399658203125
1760554567920818400,41.442818359375,-0.959716796875,-0.275482177734375,-0.019927978515625
1760554567930823400,41.45282348632813,-0.9605712890625,-0.2764434814453125,-0.0152435302734375
1760554567940827400,41.46282739257813,-0.9599609375,-0.2771759033203125,-0.0145111083984375
1760554567950831000,41.4728310546875,-0.9618072509765625,-0.2755889892578125,-0.01275634765625
1760554567960836000,41.48283618164062,-0.960052490234375,-0.276092529296875,-0.0159759521484375
1760554567970840300,41.49284033203125,-0.959320068359375,-0.2761993408203125,-0.015960693359375
1760554567980845300,41.50284521484375,-0.9611968994140625,-0.27484130859375,-0.0157928466796875
1760554567990849300,41.51284936523437,-0.9579925537109375,-0.2752532958984375,-0.0085601806640625
1760554568000853200,41.52285327148437,-0.9614105224609375,-0.275543212890625,-0.006256103515625
1760554568010858200,41.532858154296875,-0.959442138671875,-0.2761993408203125,-0.0106201171875
1760554568020862500,41.542862548828126,-0.95831298828125,-0.2749481201171875,-0.0085601806640625
1760554568030867500,41.55286743164063,-0.9611358642578125,-0.27496337890625,-0.008026123046875
1760554568040871400,41.56287133789063,-0.9612579345703125,-0.27691650390625,-0.0101318359375
1760554568050875100,41.572875244140626,-0.9616851806640625,-0.27581787109375,-0.0194549560546875
1760554568060880100,41.58288012695313,-0.959716796875,-0.2781219482421875,-0.029815673828125
1760554568070884400,41.59288427734375,-0.95849609375,-0.2778167724609375,-0.0302886962890625
1760554568080889300,41.602889404296874,-0.958526611328125,-0.277862548828125,-0.0278167724609375
1760554568090893300,41.61289331054687,-0.959716796875,-0.27557373046875,-0.025848388671875
1760554568100897300,41.62289721679687,-0.9597625732421875,-0.2758941650390625,-0.0266876220703125
1760554568110902300,41.63290234375,-0.9599609375,-0.2746429443359375,-0.02374267578125
1760554568120906200,41.64290625,-0.958984375,-0.27679443359375,-0.0221710205078125
1760554568130911200,41.6529111328125,-0.9580230712890625,-0.276336669921875,-0.02606201171875
1760554568140915500,41.66291552734375,-0.961212158203125,-0.275543212890625,-0.02496337890625
1760554568150919200,41.672919189453125,-0.95965576171875,-0.276275634765625,-0.0257568359375
1760554568160924200,41.68292407226563,-0.95947265625,-0.27716064453125,-0.0300140380859375
1760554568170928000,41.69292822265625,-0.9602203369140625,-0.275848388671875,-0.021881103515625
1760554568180933000,41.70293310546875,-0.960906982421875,-0.27752685546875,-0.01580810546875
1760554568190937300,41.71293725585937,-0.961395263671875,-0.2761993408203125,-0.008056640625
1760554568200941300,41.72294140625,-0.9619140625,-0.276031494140625,-0.013763427734375
1760554568210946300,41.7329462890625,-0.9585418701171875,-0.2767181396484375,-0.0180206298828125
1760554568220950300,41.7429501953125,-0.9586944580078125,-0.27789306640625,-0.0228118896484375
1760554568230955300,41.75295532226563,-0.95855712890625,-0.2756195068359375,-0.0301666259765625
1760554568240959200,41.762959228515626,-0.958831787109375,-0.2760162353515625,-0.034698486328125
1760554568250963200,41.772963134765625,-0.9591064453125,-0.2759246826171875,-0.0370330810546875
1760554568260968200,41.78296826171875,-0.9580841064453125,-0.27569580078125,-0.038970947265625
1760554568270972200,41.79297216796875,-0.9580535888671875,-0.2731170654296875,-0.0419158935546875
1760554568280977200,41.80297705078125,-0.960479736328125,-0.27362060546875,-0.0439453125
1760554568290981400,41.8129814453125,-0.959136962890625,-0.2742462158203125,-0.0439910888671875
1760554568300985300,41.8229853515625,-0.9605560302734375,-0.27325439453125,-0.0378570556640625
1760554568310990300,41.832990234375,-0.9591827392578125,-0.2761383056640625,-0.027069091796875
1760554568320994300,41.842994384765625,-0.958404541015625,-0.27642822265625,-0.0184783935546875
1760554568330996200,41.85299633789062,-0.959564208984375,-0.277801513671875,-0.0198974609375
1760554568341000200,41.86300024414062,-0.959625244140625,-0.2774810791015625,-0.0234222412109375
1760554568351004200,41.87300415039063,-0.9603271484375,-0.2761077880859375,-0.02337646484375
1760554568361009200,41.88300903320312,-0.9587249755859375,-0.277801513671875,-0.0244903564453125
1760554568371013000,41.89301318359375,-0.9595947265625,-0.276947021484375,-0.03302001953125
1760554568381018000,41.90301806640625,-0.9594879150390625,-0.2742462158203125,-0.043121337890625
1760554568391022000,41.91302197265625,-0.959564208984375,-0.2731475830078125,-0.0420074462890625
1760554568401026300,41.9230263671875,-0.9610443115234375,-0.273345947265625,-0.0413970947265625
1760554568411031300,41.93303125,-0.9593048095703125,-0.2747650146484375,-0.0356903076171875
1760554568421035300,41.94303515625,-0.958587646484375,-0.2739410400390625,-0.0365142822265625
1760554568431040300,41.95304028320312,-0.9590606689453125,-0.2739715576171875,-0.0359344482421875
1760554568441044000,41.9630439453125,-0.9598236083984375,-0.274871826171875,-0.0344696044921875
1760554568451048200,41.97304809570313,-0.9588775634765625,-0.2736358642578125,-0.0424652099609375
1760554568461053200,41.98305322265625,-0.9600677490234375,-0.271942138671875,-0.0513458251953125
1760554568471057200,41.99305712890625,-0.960784912109375,-0.2697601318359375,-0.0597076416015625
1760554568481061000,42.00306103515625,-0.96075439453125,-0.2692413330078125,-0.065032958984375
1760554568491066000,42.013066162109375,-0.9617767333984375,-0.2666168212890625,-0.0615692138671875
1760554568501070300,42.0230703125,-0.9613037109375,-0.27093505859375,-0.05291748046875
1760554568511075300,42.03307543945313,-0.959320068359375,-0.27252197265625,-0.03924560546875
1760554568521079300,42.04307934570313,-0.9593658447265625,-0.274993896484375,-0.033538818359375
1760554568531083000,42.0530830078125,-0.9592132568359375,-0.2748260498046875,-0.032867431640625
1760554568541088000,42.063087890625,-0.959625244140625,-0.273101806640625,-0.0380859375
1760554568551092200,42.07309228515625,-0.960296630859375,-0.2743377685546875,-0.0433349609375
1760554568561097200,42.08309716796875,-0.960693359375,-0.270233154296875,-0.05120849609375
1760554568571101200,42.09310107421875,-0.9613800048828125,-0.271514892578125,-0.050506591796875
1760554568581105200,42.10310522460937,-0.961334228515625,-0.271697998046875,-0.055084228515625
1760554568591110100,42.113110107421875,-0.961517333984375,-0.2708282470703125,-0.0590362548828125
1760554568601114400,42.1231142578125,-0.960784912109375,-0.2720184326171875,-0.0527496337890625
1760554568611119400,42.13311938476563,-0.9599609375,-0.272918701171875,-0.0433502197265625
1760554568621123000,42.143123046875,-0.9587860107421875,-0.2738800048828125,-0.0472564697265625
1760554568631127000,42.153126953125,-0.9608612060546875,-0.2720184326171875,-0.0492401123046875
1760554568641132000,42.16313208007813,-0.959716796875,-0.2718658447265625,-0.048065185546875
1760554568651136300,42.17313623046875,-0.9586944580078125,-0.272796630859375,-0.0539093017578125
1760554568661141200,42.183141357421874,-0.9596405029296875,-0.27178955078125,-0.0632476806640625
1760554568671145200,42.19314526367187,-0.958160400390625,-0.271392822265625,-0.0663604736328125
1760554568681149200,42.20314916992187,-0.958709716796875,-0.271881103515625,-0.0563201904296875
1760554568691154200,42.213154296875,-0.9594879150390625,-0.2757110595703125,-0.038818359375
1760554568701158400,42.223158447265625,-0.9603271484375,-0.2761077880859375,-0.0266265869140625
1760554568711163400,42.23316333007813,-0.9579315185546875,-0.278076171875,-0.01605224609375
1760554568721167000,42.2431669921875,-0.9593963623046875,-0.2787322998046875,-0.0131378173828125
1760554568731171000,42.253171142578125,-0.9596405029296875,-0.2767486572265625,-0.01763916015625
1760554568741176000,42.26317602539063,-0.958953857421875,-0.277191162109375,-0.0243988037109375
1760554568751180300,42.27318017578125,-0.958465576171875,-0.2762298583984375,-0.0291748046875
1760554568761185300,42.283185302734374,-0.9587860107421875,-0.27532958984375,-0.0324554443359375
1760554568771189200,42.29318920898437,-0.95867919921875,-0.2754669189453125,-0.0351104736328125
1760554568781193200,42.30319311523437,-0.959442138671875,-0.2756500244140625,-0.030426025390625
1760554568791198200,42.3131982421875,-0.9593963623046875,-0.27679443359375,-0.034881591796875
1760554568801202200,42.3232021484375,-0.9593353271484375,-0.2742767333984375,-0.0474700927734375
1760554568811206100,42.3332060546875,-0.956756591796875,-0.2762451171875,-0.0524139404296875
1760554568821211100,42.343211181640626,-0.9571990966796875,-0.2776641845703125,-0.0535430908203125
1760554568831215000,42.353215087890625,-0.9589080810546875,-0.2765350341796875,-0.0478363037109375
1760554568841220000,42.36322021484375,-0.95867919921875,-0.2772674560546875,-0.0357513427734375
1760554568851224000,42.37322412109375,-0.9583892822265625,-0.2776336669921875,-0.018524169921875
1760554568861228300,42.38322827148438,-0.9616851806640625,-0.274749755859375,0.0047607421875
1760554568871233300,42.3932333984375,-0.9597320556640625,-0.2760772705078125,0.0236358642578125
1760554568881237200,42.4032373046875,-0.961334228515625,-0.275115966796875,0.0379791259765625
1760554568891242200,42.4132421875,-0.96356201171875,-0.272552490234375,0.045379638671875
1760554568901246200,42.42324609375,-0.9636383056640625,-0.2721710205078125,0.043548583984375
1760554568911250200,42.43325024414062,-0.9614105224609375,-0.27301025390625,0.0399017333984375
1760554568921255200,42.443255126953126,-0.9634857177734375,-0.2702789306640625,0.0374298095703125
1760554568931259100,42.453259033203125,-0.9613800048828125,-0.2725677490234375,0.0335693359375
1760554568941264100,42.46326416015625,-0.961761474609375,-0.2736968994140625,0.0294952392578125
1760554568951268000,42.47326806640625,-0.9620361328125,-0.273468017578125,0.0254364013671875
1760554568961272300,42.48327221679688,-0.9606170654296875,-0.2750091552734375,0.0235595703125
1760554568971277300,42.49327734375,-0.957916259765625,-0.2761383056640625,0.0116424560546875
1760554568981281300,42.50328125,-0.9590301513671875,-0.2755279541015625,0.0087738037109375
1760554568991286300,42.513286376953126,-0.958892822265625,-0.275299072265625,0.0115509033203125
1760554569001290000,42.5232900390625,-0.9599609375,-0.2739715576171875,0.0103912353515625
1760554569011294200,42.53329418945312,-0.95928955078125,-0.27508544921875,0.007049560546875
1760554569021299200,42.54329931640625,-0.961669921875,-0.2741241455078125,0.0134735107421875
1760554569031303200,42.55330322265625,-0.96142578125,-0.2733001708984375,0.0268402099609375
1760554569041308200,42.56330810546875,-0.9620361328125,-0.2726898193359375,0.0380706787109375
1760554569051312000,42.57331201171875,-0.96282958984375,-0.271942138671875,0.052703857421875
1760554569061316400,42.58331640625,-0.961334228515625,-0.273895263671875,0.05706787109375
1760554569071321300,42.5933212890625,-0.9622344970703125,-0.2724761962890625,0.0582427978515625
1760554569081325300,42.6033251953125,-0.960723876953125,-0.2733306884765625,0.0530548095703125
1760554569091330300,42.613330322265625,-0.9583740234375,-0.2776336669921875,0.0370635986328125
1760554569101334000,42.623333984375,-0.96014404296875,-0.277069091796875,0.003875732421875
1760554569111338200,42.63333813476562,-0.96051025390625,-0.2755279541015625,0.00006103515625
1760554569121343200,42.64334326171875,-0.959136962890625,-0.2779693603515625,0.0088348388671875
1760554569131347200,42.65334716796875,-0.96160888671875,-0.2749786376953125,0.0177154541015625
1760554569141351200,42.66335107421875,-0.962249755859375,-0.274810791015625,0.018829345703125
1760554569151356200,42.67335620117188,-0.96160888671875,-0.2765045166015625,0.0265960693359375
1760554569161360400,42.6833603515625,-0.958892822265625,-0.27996826171875,0.0289459228515625
1760554569171365400,42.693365478515624,-0.957122802734375,-0.2842559814453125,0.0103302001953125
1760554569181369300,42.70336938476562,-0.948577880859375,-0.2968597412109375,-0.00262451171875
1760554569191373000,42.713373046875,-0.94696044921875,-0.2960968017578125,-0.0186004638671875
1760554569201378000,42.7233779296875,-0.9554443359375,-0.2861328125,-0.003143310546875
1760554569211382300,42.73338232421875,-0.9546051025390625,-0.2880859375,0.0053253173828125
1760554569221387300,42.74338720703125,-0.95367431640625,-0.287078857421875,-0.00909423828125
1760554569231391200,42.75339111328125,-0.94873046875,-0.2890625,-0.0349273681640625
1760554569241395200,42.763395263671875,-0.95050048828125,-0.2812957763671875,-0.0615081787109375
1760554569251400200,42.77340014648438,-0.9508819580078125,-0.2783203125,-0.0551300048828125
1760554569261404200,42.783404052734376,-0.956268310546875,-0.2747650146484375,-0.048004150390625
1760554569271409200,42.7934091796875,-0.948944091796875,-0.2850799560546875,-0.03204345703125
1760554569281413000,42.8034130859375,-0.9384918212890625,-0.2993621826171875,-0.0362091064453125
1760554569291417000,42.8134169921875,-0.92877197265625,-0.30633544921875,-0.0648193359375
1760554569301422000,42.82342211914062,-0.9444580078125,-0.280364990234375,-0.088897705078125
1760554569311426000,42.83342602539062,-0.9260711669921875,-0.2955474853515625,-0.1334991455078125
1760554569321431000,42.84343115234375,-0.95294189453125,-0.252288818359375,-0.1418914794921875
1760554569331434800,42.853434814453124,-0.9420013427734375,-0.261138916015625,-0.1487579345703125
1760554569341438700,42.86343872070312,-0.9510040283203125,-0.2527313232421875,-0.1458892822265625
1760554569351443700,42.873443603515625,-0.943756103515625,-0.2518463134765625,-0.14666748046875
1760554569361448000,42.883447998046876,-0.9633941650390625,-0.2198333740234375,-0.144073486328125
1760554569371452000,42.893451904296874,-0.9583740234375,-0.2244873046875,-0.12652587890625
1760554569381457000,42.90345678710938,-0.96844482421875,-0.1822662353515625,-0.1232147216796875
1760554569391460900,42.9134609375,-0.979248046875,-0.1665802001953125,-0.11846923828125
1760554569401465900,42.9234658203125,-0.95849609375,-0.1938323974609375,-0.123504638671875
1760554569411469800,42.9334697265625,-0.959747314453125,-0.206756591796875,-0.150238037109375
1760554569421473800,42.94347387695313,-0.957366943359375,-0.2255706787109375,-0.1223907470703125
1760554569431478800,42.95347875976562,-0.95880126953125,-0.2219390869140625,-0.0836944580078125
1760554569441482800,42.96348266601562,-0.915252685546875,-0.254913330078125,-0.135955810546875
1760554569451487700,42.97348779296875,-0.9449462890625,-0.2467193603515625,-0.1396026611328125
1760554569461491700,42.98349169921875,-0.9115753173828125,-0.249267578125,-0.1114959716796875
1760554569471496000,42.993495849609374,-0.962188720703125,-0.230987548828125,-0.06884765625
1760554569481501000,43.0035009765625,-0.940093994140625,-0.2065887451171875,-0.1231231689453125
1760554569491505000,43.0135048828125,-0.9600677490234375,-0.1844024658203125,-0.1502685546875
1760554569501510000,43.02351000976562,-0.95538330078125,-0.1522979736328125,-0.7124176025390625
1760554569511513600,43.033513671875,-0.934661865234375,-0.4635467529296875,-0.72149658203125
1760554569521517800,43.04351782226563,-0.99725341796875,0.0845184326171875,0.149017333984375
1760554569531522800,43.05352270507812,-0.9475250244140625,-0.0133209228515625,-0.4330902099609375
1760554569541526800,43.06352685546875,-0.969818115234375,-0.1156463623046875,-0.250091552734375
1760554569551531800,43.07353173828125,-0.9494476318359375,-0.1060333251953125,-0.2363433837890625
1760554569561535700,43.08353564453125,-0.9389801025390625,-0.1436004638671875,-0.1761322021484375
1760554569571540000,43.0935400390625,-0.9266815185546875,-0.399078369140625,-0.172821044921875
1760554569581545000,43.103544921875,-0.9388275146484375,-0.1226806640625,-0.2709197998046875
1760554569591549000,43.113548828125,-0.9418792724609375,-0.1787872314453125,-0.1996307373046875
1760554569601554000,43.12355395507812,-0.9496002197265625,-0.1283416748046875,-0.259246826171875
1760554569611557600,43.1335576171875,-0.958160400390625,-0.107574462890625,-0.253814697265625
1760554569621561900,43.14356176757813,-0.9699554443359375,-0.0770263671875,-0.2704925537109375
1760554569631566800,43.15356689453125,-0.976776123046875,-0.05694580078125,-0.2656707763671875
1760554569641570800,43.16357080078125,-0.9788665771484375,-0.0403289794921875,-0.267669677734375
1760554569651574800,43.17357470703125,-0.974334716796875,-0.0449371337890625,-0.2615509033203125
1760554569661579800,43.183579833984375,-0.981597900390625,-0.0208740234375,-0.2729339599609375
1760554569671584000,43.193583984375,-0.98626708984375,-0.0117034912109375,-0.2581939697265625
1760554569681589000,43.20358911132813,-0.96295166015625,-0.052825927734375,-0.2706146240234375
1760554569691593000,43.21359301757813,-0.9236907958984375,-0.1339263916015625,-0.2864227294921875
1760554569701596700,43.2235966796875,-0.9237213134765625,-0.1366119384765625,-0.259765625
1760554569711601700,43.2336015625,-0.9279937744140625,-0.1259307861328125,-0.2547760009765625
1760554569721606000,43.24360595703125,-0.9444580078125,-0.090728759765625,-0.23858642578125
1760554569731611000,43.25361083984375,-0.960540771484375,-0.0490570068359375,-0.2243804931640625
1760554569741614800,43.26361474609375,-0.9533538818359375,-0.050201416015625,-0.2354278564453125
1760554569751618800,43.27361889648437,-0.9551849365234375,-0.045623779296875,-0.2139434814453125
1760554569761623800,43.283623779296875,-0.9516143798828125,-0.0357208251953125,-0.228302001953125
1760554569771627800,43.29362768554687,-0.965179443359375,0.01434326171875,-0.234344482421875
1760554569781633000,43.30363305664063,-0.9816131591796875,0.0797271728515625,-0.2358245849609375
1760554569791636700,43.31363671875,-0.9888153076171875,0.1230316162109375,-0.2579193115234375
1760554569801640700,43.323640625,-0.9866485595703125,0.126220703125,-0.250701904296875
1760554569811645700,43.33364575195313,-0.983795166015625,0.130615234375,-0.25
1760554569821649700,43.34364965820313,-0.9768524169921875,0.1096649169921875,-0.237884521484375
1760554569831655000,43.353655029296874,-0.979736328125,0.13177490234375,-0.304840087890625
1760554569841659000,43.36365893554687,-0.9728240966796875,0.1320953369140625,-0.2567138671875
1760554569851662800,43.37366284179687,-0.9699249267578125,0.126556396484375,-0.2288055419921875
1760554569861667800,43.383667724609374,-0.966461181640625,0.1083831787109375,-0.2257537841796875
1760554569871671800,43.393671875,-0.971221923828125,0.101348876953125,-0.227447509765625
1760554569881676800,43.4036767578125,-0.9656829833984375,0.1164703369140625,-0.2270355224609375
1760554569891680800,43.4136806640625,-0.9632110595703125,0.11456298828125,-0.221221923828125
1760554569901684700,43.423684814453125,-0.956390380859375,0.1153564453125,-0.2172088623046875
1760554569911689700,43.43368969726563,-0.954315185546875,0.0950775146484375,-0.2301177978515625
1760554569921693700,43.44369360351563,-0.9601593017578125,0.1219482421875,-0.2370452880859375
1760554569931698700,43.45369873046875,-0.969451904296875,0.1334686279296875,-0.2088470458984375
1760554569941703000,43.46370288085937,-0.9813079833984375,0.0977020263671875,-0.1734619140625
1760554569951707000,43.47370678710938,-0.9755859375,0.0719757080078125,-0.1294708251953125
1760554569961711900,43.4837119140625,-0.970184326171875,0.1002960205078125,-0.129058837890625
1760554569971715800,43.4937158203125,-0.9794464111328125,0.104156494140625,-0.1219635009765625
1760554569981719800,43.5037197265625,-0.9757232666015625,0.0977630615234375,-0.134063720703125
1760554569991724800,43.513724853515626,-0.9994354248046875,0.11700439453125,-0.107666015625
1760554570001728800,43.523728759765625,-0.969970703125,0.12762451171875,-0.024322509765625
1760554570011733800,43.53373364257813,-0.9528045654296875,0.127593994140625,-0.233612060546875
1760554570021737700,43.54373779296875,-0.9392547607421875,0.1707000732421875,-0.1375885009765625
1760554570031742000,43.55374194335938,-0.969512939453125,0.16644287109375,-0.121734619140625
1760554570041747000,43.56374682617187,-0.9726715087890625,0.1353912353515625,-0.1241607666015625
1760554570051751000,43.5737509765625,-0.94769287109375,0.1345062255859375,-0.033843994140625
1760554570061756000,43.583755859375,-0.955322265625,0.1269683837890625,-0.0372314453125
1760554570071759600,43.59375952148437,-1.0135345458984375,0.1253509521484375,-0.013671875
1760554570081763800,43.60376391601562,-0.99920654296875,0.1930389404296875,0.0143280029296875
1760554570091768800,43.613768798828126,-0.98974609375,3.0299072265625,-0.2984466552734375
1760554570101772800,43.623772705078125,-0.9928436279296875,-0.1824493408203125,-0.1785736083984375
1760554570111777800,43.63377783203125,-0.9542083740234375,-0.2145538330078125,0.0717010498046875
1760554570121781800,43.64378173828125,-0.97650146484375,-0.028045654296875,0.0239105224609375
1760554570131786000,43.65378588867188,-0.971405029296875,0.051788330078125,-0.0163116455078125
1760554570141791000,43.663791015625,-0.961669921875,0.0970916748046875,-0.023468017578125
1760554570151795000,43.673794921875,-0.974517822265625,0.09942626953125,-0.00091552734375
1760554570161800000,43.683800048828125,-0.9612274169921875,0.1111602783203125,-0.001861572265625
1760554570171803600,43.6938037109375,-0.9738616943359375,1.054779052734375,-0.222259521484375
1760554570181807900,43.70380786132812,-0.97247314453125,0.0575103759765625,0.09893798828125
1760554570191812900,43.713812744140625,-0.9706573486328125,0.021514892578125,0.11627197265625
1760554570201816800,43.72381689453125,-0.985626220703125,0.27001953125,0.0110931396484375
1760554570211821800,43.73382177734375,-0.9600677490234375,0.450164794921875,-0.0220184326171875
1760554570221825800,43.74382568359375,-0.9819488525390625,0.13177490234375,0.0268402099609375
1760554570231829800,43.753829833984376,-0.98199462890625,0.2949981689453125,-0.081878662109375
1760554570241834800,43.76383471679687,-0.9865264892578125,0.2371368408203125,-0.0897979736328125
1760554570251839000,43.7738388671875,-0.974761962890625,0.254302978515625,-0.0255126953125
1760554570261844000,43.783843994140625,-0.9663848876953125,0.2559356689453125,0.063873291015625
1760554570271847700,43.79384765625,-0.958526611328125,0.2017669677734375,0.081756591796875
1760554570281851600,43.8038515625,-0.95867919921875,0.2040252685546875,0.0796966552734375
1760554570291856600,43.813856689453125,-0.96905517578125,0.2369232177734375,0.08319091796875
1760554570301860900,43.82386083984375,-0.9693450927734375,0.239471435546875,0.093536376953125
1760554570311864800,43.83386474609375,-0.9658203125,0.23114013671875,0.095703125
1760554570321869800,43.84386987304688,-0.9673919677734375,0.2417449951171875,0.1614532470703125
1760554570331874300,43.85387426757813,-0.97637939453125,0.2284698486328125,0.044189453125
1760554570341879300,43.86387939453125,-0.9793548583984375,0.2391815185546875,0.0171356201171875
1760554570351883300,43.87388330078125,-0.98004150390625,0.24078369140625,0.0205078125
1760554570361887200,43.88388720703125,-0.985107421875,0.244476318359375,0.015380859375
1760554570371892200,43.893892333984375,-0.9808502197265625,0.24627685546875,0.0391693115234375
1760554570381896200,43.903896240234374,-0.972015380859375,0.2297210693359375,0.0911102294921875
1760554570391901200,43.91390112304688,-0.9605712890625,0.1966400146484375,0.1288909912109375
1760554570401905400,43.92390551757813,-0.9521026611328125,0.184326171875,0.1565704345703125
1760554570411909400,43.933909423828126,-0.9544525146484375,0.18829345703125,0.1541595458984375
1760554570421914400,43.94391430664062,-0.954620361328125,0.185943603515625,0.152435302734375
1760554570431918300,43.95391845703125,-0.961456298828125,0.196380615234375,0.126861572265625
1760554570441923300,43.96392333984375,-0.973541259765625,0.2171173095703125,0.0838165283203125
1760554570451927300,43.97392724609375,-0.9758758544921875,0.217529296875,0.080963134765625
1760554570461931300,43.98393115234375,-0.973114013671875,0.2131500244140625,0.0876007080078125
1760554570471936300,43.993936279296875,-0.972442626953125,0.2154083251953125,0.09039306640625
1760554570481940200,44.003940185546874,-0.9764556884765625,0.219635009765625,0.0836181640625
1760554570491944200,44.01394409179687,-0.976806640625,0.2180938720703125,0.086517333984375
1760554570501949200,44.02394921875,-0.9766082763671875,0.2189788818359375,0.091033935546875
1760554570511953400,44.033953369140626,-0.9701080322265625,0.20947265625,0.1061553955078125
1760554570521958400,44.04395849609375,-0.96636962890625,0.20184326171875,0.119415283203125
1760554570531962400,44.05396240234375,-0.9610748291015625,0.19317626953125,0.1361236572265625
1760554570541966000,44.063966064453126,-0.95135498046875,0.16998291015625,0.1630706787109375
1760554570551971000,44.07397119140625,-0.9469451904296875,0.165557861328125,0.1721954345703125
1760554570561975300,44.08397534179687,-0.9442596435546875,0.161865234375,0.1768646240234375
1760554570571980300,44.093980224609375,-0.9422149658203125,0.1575775146484375,0.1721649169921875
1760554570581984300,44.103984375,-0.9560394287109375,0.1820831298828125,0.1593780517578125
1760554570591988200,44.11398828125,-0.9756927490234375,0.221160888671875,0.1215972900390625
1760554570601993200,44.1239931640625,-0.9831390380859375,0.234466552734375,0.05999755859375
1760554570611997400,44.13399755859375,-0.972625732421875,0.217559814453125,0.089935302734375
1760554570622002400,44.14400244140625,-0.96685791015625,0.207244873046875,0.108154296875
1760554570632006100,44.15400610351563,-0.9686126708984375,0.2132568359375,0.1026458740234375
1760554570642010000,44.164010009765626,-0.966094970703125,0.2071990966796875,0.1102752685546875
1760554570652015000,44.17401513671875,-0.9643707275390625,0.2054595947265625,0.1187591552734375
1760554570662019300,44.18401928710937,-0.9699554443359375,0.2241973876953125,0.090606689453125
1760554570672024300,44.1940244140625,-0.97210693359375,0.222259521484375,0.087646484375
1760554570682028300,44.2040283203125,-0.9715118408203125,0.221099853515625,0.0767669677734375
1760554570692032300,44.2140322265625,-0.9778594970703125,0.234130859375,0.0446624755859375
1760554570702037200,44.22403735351563,-0.979248046875,0.2378997802734375,0.03533935546875
1760554570712041500,44.23404150390625,-0.97650146484375,0.2409515380859375,0.041168212890625
1760554570722045200,44.244045166015624,-0.972076416015625,0.238128662109375,0.058746337890625
1760554570732050200,44.25405029296875,-0.97265625,0.2350921630859375,0.0577850341796875
1760554570742054100,44.26405419921875,-0.9732818603515625,0.240264892578125,0.0461883544921875
1760554570752059100,44.27405908203125,-0.9735565185546875,0.232879638671875,0.039459228515625
1760554570762063400,44.2840634765625,-0.97222900390625,0.23193359375,0.0354766845703125
1760554570772067300,44.2940673828125,-0.9698486328125,0.2282562255859375,0.05035400390625
1760554570782072300,44.304072265625,-0.966461181640625,0.2230377197265625,0.074005126953125
1760554570792076300,44.314076171875,-0.96502685546875,0.2236480712890625,0.076629638671875
1760554570802081300,44.324081298828126,-0.9691925048828125,0.22698974609375,0.0748748779296875
1760554570812085500,44.33408544921875,-0.976959228515625,0.254638671875,0.011260986328125
1760554570822089200,44.344089111328124,-0.984832763671875,0.2727813720703125,-0.0540771484375
1760554570832094200,44.35409423828125,-0.978057861328125,0.2451171875,-0.056549072265625
1760554570842098200,44.36409814453125,-0.97479248046875,0.2382965087890625,-0.0684967041015625
1760554570852103200,44.37410327148437,-0.97357177734375,0.2349853515625,-0.058837890625
1760554570862107400,44.384107421875,-0.9735260009765625,0.23260498046875,-0.025482177734375
1760554570872111400,44.394111328125,-0.9740447998046875,0.237335205078125,-0.010345458984375
1760554570882116400,44.404116455078125,-0.9735870361328125,0.2406158447265625,-0.0081329345703125
1760554570892120300,44.41412036132812,-0.974578857421875,0.2431793212890625,-0.023193359375
1760554570902124300,44.42412426757812,-0.9759674072265625,0.2376861572265625,-0.0551605224609375
1760554570912129300,44.43412939453125,-0.972381591796875,0.227813720703125,-0.0949859619140625
1760554570922133200,44.44413330078125,-0.9716033935546875,0.2291412353515625,-0.0814971923828125
1760554570932138200,44.45413818359375,-0.9703369140625,0.222442626953125,-0.073944091796875
1760554570942142200,44.46414208984375,-0.9736480712890625,0.228607177734375,-0.069000244140625
1760554570952146200,44.474146240234376,-0.97271728515625,0.22589111328125,-0.0725555419921875
1760554570962151200,44.48415112304688,-0.9705657958984375,0.22186279296875,-0.08551025390625
1760554570972155400,44.4941552734375,-0.9690704345703125,0.21820068359375,-0.094635009765625
1760554570982160400,44.504160400390624,-0.96697998046875,0.215057373046875,-0.0981292724609375
1760554570992164400,44.51416430664062,-0.9677734375,0.214599609375,-0.0985870361328125
1760554571002168000,44.52416796875,-0.967987060546875,0.2140960693359375,-0.0990142822265625
1760554571012173000,44.534173095703125,-0.9634246826171875,0.2026824951171875,-0.121551513671875
1760554571022177300,44.54417724609375,-0.9589996337890625,0.18792724609375,-0.1248016357421875
1760554571032182300,44.55418237304688,-0.95660400390625,0.179229736328125,-0.1311492919921875
1760554571042186200,44.56418627929688,-0.955230712890625,0.1865997314453125,-0.16278076171875
1760554571052190200,44.574190185546875,-0.9627685546875,0.1961517333984375,-0.1657867431640625
1760554571062195200,44.5841953125,-0.967437744140625,0.20916748046875,-0.1121673583984375
1760554571072199400,44.59419946289062,-0.9675445556640625,0.2098846435546875,-0.099761962890625
1760554571082203400,44.60420336914063,-0.9691619873046875,0.2107391357421875,-0.0990447998046875
1760554571092208400,44.61420849609375,-0.9684600830078125,0.210052490234375,-0.0963897705078125
1760554571102212000,44.62421215820312,-0.970794677734375,0.21722412109375,-0.087677001953125
1760554571112217000,44.634217041015624,-0.9698638916015625,0.216156005859375,-0.09173583984375
1760554571122221300,44.64422119140625,-0.966949462890625,0.2122650146484375,-0.102386474609375
1760554571132225300,44.654225341796874,-0.9675445556640625,0.2141571044921875,-0.1060943603515625
1760554571142230300,44.664230224609376,-0.9704742431640625,0.2189178466796875,-0.0968780517578125
1760554571152234200,44.674234130859375,-0.971588134765625,0.2255706787109375,-0.0792694091796875
1760554571162239200,44.6842392578125,-0.973724365234375,0.2274169921875,-0.066864013671875
1760554571172243500,44.69424340820313,-0.9732666015625,0.2261199951171875,-0.073638916015625
1760554571182247200,44.7042470703125,-0.970001220703125,0.2206268310546875,-0.0786285400390625
1760554571192252200,44.71425219726562,-0.9676971435546875,0.2136688232421875,-0.0762786865234375
1760554571202256100,44.72425610351563,-0.9704437255859375,0.2201385498046875,-0.0682220458984375
1760554571212260400,44.73426025390625,-0.973846435546875,0.2310028076171875,-0.05712890625
1760554571222265300,44.744265380859375,-0.9749298095703125,0.2396697998046875,-0.0520477294921875
1760554571232269300,44.75426928710937,-0.97613525390625,0.2596893310546875,-0.034759521484375
1760554571242274300,44.7642744140625,-0.970855712890625,0.2183990478515625,-0.0127716064453125
1760554571252278300,44.7742783203125,-0.96783447265625,0.2086181640625,-0.033233642578125
1760554571262282500,44.784282470703126,-0.9760894775390625,0.2323455810546875,-0.03814697265625
1760554571272287500,44.79428759765625,-0.971832275390625,0.218597412109375,-0.0402374267578125
1760554571282291200,44.80429125976563,-0.9697418212890625,0.222198486328125,-0.053375244140625
1760554571292296200,44.81429614257812,-0.97406005859375,0.2368316650390625,-0.041015625
1760554571302300200,44.82430004882813,-0.9740447998046875,0.2393035888671875,-0.0261383056640625
1760554571312304400,44.83430444335937,-0.97393798828125,0.233428955078125,-0.0070343017578125
1760554571322309400,44.844309326171874,-0.9750518798828125,0.233642578125,0.0192108154296875
1760554571332313000,44.85431298828125,-0.9733428955078125,0.230560302734375,0.0309906005859375
1760554571342318000,44.864318115234376,-0.974700927734375,0.2395782470703125,0.0207977294921875
1760554571352322000,44.874322021484375,-0.9708404541015625,0.22576904296875,0.01885986328125
1760554571362326300,44.884326171875,-0.970123291015625,0.2342529296875,0.0334930419921875
1760554571372331300,44.89433129882813,-0.968597412109375,0.2121734619140625,0.014923095703125
1760554571382335200,44.90433520507813,-0.9740142822265625,0.235443115234375,0.0128173828125
1760554571392339200,44.914339111328125,-0.9698333740234375,0.232452392578125,0.0363311767578125
1760554571402344200,44.92434423828125,-0.971588134765625,0.224365234375,0.0136260986328125
1760554571412348000,44.93434790039063,-0.9765777587890625,0.237335205078125,0.0127105712890625
1760554571422353200,44.944353271484374,-0.97454833984375,0.2431182861328125,0.0167694091796875
1760554571432357000,44.95435717773437,-0.9723358154296875,0.2314605712890625,0.020904541015625
1760554571442361000,44.96436108398437,-0.9719390869140625,0.23199462890625,0.03924560546875
1760554571452366000,44.974365966796874,-0.9732208251953125,0.2339630126953125,0.0424652099609375
1760554571462370000,44.9843701171875,-0.9722137451171875,0.2307891845703125,0.0333251953125
1760554571472375000,44.994375,-0.974456787109375,0.235748291015625,0.0316619873046875
1760554571482379300,45.004379150390626,-0.9716949462890625,0.236328125,0.0520172119140625
1760554571492383200,45.01438330078125,-0.9716796875,0.2286529541015625,0.05120849609375
1760554571502388200,45.02438818359375,-0.972137451171875,0.23004150390625,0.0443115234375
1760554571512392000,45.03439184570313,-0.970458984375,0.224945068359375,0.06787109375
1760554571522396200,45.04439624023438,-0.9640655517578125,0.217071533203125,0.0953826904296875
1760554571532401200,45.05440112304687,-0.9671478271484375,0.219573974609375,0.0772552490234375
1760554571542405000,45.06440502929688,-0.9709930419921875,0.227264404296875,0.0552520751953125
1760554571552410000,45.07441015625,-0.9729461669921875,0.225799560546875,0.0549774169921875
1760554571562414000,45.0844140625,-0.9727020263671875,0.227264404296875,0.0617828369140625
1760554571572418300,45.09441821289062,-0.97222900390625,0.22552490234375,0.0618896484375
1760554571582423300,45.10442333984375,-0.9739227294921875,0.224334716796875,0.0615081787109375
1760554571592427300,45.11442724609375,-0.96923828125,0.221771240234375,0.07159423828125
1760554571602432300,45.12443237304687,-0.9703521728515625,0.2210845947265625,0.0727386474609375
1760554571612436000,45.13443603515625,-0.9724884033203125,0.224151611328125,0.0641021728515625
1760554571622440200,45.14444018554688,-0.973236083984375,0.2256927490234375,0.0653076171875
1760554571632445200,45.15444506835937,-0.973846435546875,0.227020263671875,0.0675811767578125
1760554571642449200,45.16444921875,-0.9720306396484375,0.2248382568359375,0.0744171142578125
1760554571652453000,45.174453125,-0.9710540771484375,0.2180633544921875,0.079345703125
1760554571662458000,45.1844580078125,-0.9648590087890625,0.20916748046875,0.10125732421875
1760554571672462300,45.19446240234375,-0.952484130859375,0.18341064453125,0.1465301513671875
1760554571682467300,45.20446728515625,-0.9561004638671875,0.18829345703125,0.137298583984375
1760554571692471300,45.21447119140625,-0.9617919921875,0.197998046875,0.119873046875
1760554571702475000,45.22447509765625,-0.9680023193359375,0.21246337890625,0.0965576171875
1760554571712480000,45.23447998046875,-0.975494384765625,0.2240447998046875,0.069244384765625
1760554571722484200,45.24448413085938,-0.972625732421875,0.216796875,0.0781707763671875
1760554571732489200,45.2544892578125,-0.97149658203125,0.21588134765625,0.0805816650390625
1760554571742493200,45.2644931640625,-0.971893310546875,0.217529296875,0.085601806640625
1760554571752497200,45.2744970703125,-0.9697265625,0.2139434814453125,0.0919647216796875
1760554571762502100,45.284502197265624,-0.970367431640625,0.2175445556640625,0.097259521484375
1760554571772506000,45.29450610351562,-0.9698333740234375,0.2136993408203125,0.0915679931640625
1760554571782510000,45.30451000976562,-0.9744720458984375,0.2204132080078125,0.0753631591796875
1760554571792515000,45.31451513671875,-0.9745025634765625,0.2182159423828125,0.0759124755859375
1760554571802519000,45.32451904296875,-0.968841552734375,0.2038116455078125,0.083221435546875
1760554571812524000,45.33452392578125,-0.9696807861328125,0.20562744140625,0.08465576171875
1760554571822528000,45.344528076171876,-0.9728546142578125,0.2115631103515625,0.0776824951171875
1760554571832532200,45.3545322265625,-0.975128173828125,0.2216796875,0.07061767578125
1760554571842537200,45.364537109375,-0.9738616943359375,0.221771240234375,0.0725555419921875
1760554571852541200,45.37454125976563,-0.9730682373046875,0.2174835205078125,0.075164794921875
1760554571862546200,45.384546142578124,-0.97149658203125,0.2181243896484375,0.0828399658203125
1760554571872550100,45.39455004882812,-0.96673583984375,0.2060546875,0.0935516357421875
1760554571882554000,45.40455419921875,-0.9664306640625,0.2087249755859375,0.0933074951171875
1760554571892559000,45.41455908203125,-0.9701690673828125,0.2186126708984375,0.0810089111328125
1760554571902563000,45.42456298828125,-0.9742279052734375,0.2173309326171875,0.0648040771484375
1760554571912567000,45.43456713867187,-0.9749908447265625,0.21826171875,0.05889892578125
1760554571922572000,45.444572021484376,-0.97613525390625,0.222412109375,0.0495758056640625
1760554571932576300,45.454576171875,-0.977630615234375,0.22607421875,0.0439605712890625
1760554571942581200,45.46458129882812,-0.9773101806640625,0.2271575927734375,0.04888916015625
1760554571952585200,45.47458520507813,-0.9741973876953125,0.2241363525390625,0.0609893798828125
1760554571962589200,45.48458911132813,-0.9701385498046875,0.218536376953125,0.0760345458984375
1760554571972594200,45.49459423828125,-0.9713592529296875,0.2176361083984375,0.0823974609375
1760554571982598100,45.50459814453125,-0.9710235595703125,0.21160888671875,0.0822906494140625
1760554571992603100,45.51460302734375,-0.9706573486328125,0.2112579345703125,0.077484130859375
1760554572002607000,45.524607177734374,-0.9718170166015625,0.214935302734375,0.074676513671875
1760554572012611000,45.53461108398437,-0.9721527099609375,0.21697998046875,0.07318115234375
1760554572022616000,45.544615966796876,-0.9722900390625,0.2157440185546875,0.071502685546875
1760554572032620300,45.554620361328126,-0.9707183837890625,0.21453857421875,0.074188232421875
1760554572042624300,45.564624267578125,-0.9693756103515625,0.2117919921875,0.0810699462890625
1760554572052629200,45.57462915039063,-0.96978759765625,0.21051025390625,0.078857421875
1760554572062633000,45.58463305664063,-0.969207763671875,0.2117767333984375,0.0796966552734375
1760554572072638000,45.59463793945312,-0.9694976806640625,0.2116241455078125,0.0793609619140625
1760554572082642200,45.60464208984375,-0.9707794189453125,0.216094970703125,0.0781097412109375
1760554572092646100,45.61464624023437,-0.969482421875,0.2164764404296875,0.0785369873046875
1760554572102651100,45.624651123046874,-0.96868896484375,0.217376708984375,0.077606201171875
1760554572112655000,45.63465502929687,-0.9690704345703125,0.21710205078125,0.0800018310546875
1760554572122659300,45.644659423828124,-0.9704437255859375,0.2190704345703125,0.0734710693359375
1760554572132664300,45.654664306640626,-0.96844482421875,0.217681884765625,0.0745391845703125
1760554572142668300,45.664668212890625,-0.971038818359375,0.22088623046875,0.0642852783203125
1760554572152673300,45.67467333984375,-0.9739990234375,0.2297515869140625,0.0491485595703125
1760554572162677000,45.684677001953126,-0.9739532470703125,0.227630615234375,0.0467987060546875
1760554572172681200,45.69468115234375,-0.9715423583984375,0.2201690673828125,0.0560760498046875
1760554572182686200,45.70468627929687,-0.9706268310546875,0.221221923828125,0.059967041015625
1760554572192690200,45.71469018554688,-0.970947265625,0.2235260009765625,0.059661865234375
1760554572202695200,45.724695068359374,-0.9713287353515625,0.2266693115234375,0.05718994140625
1760554572212699100,45.73469921875,-0.97314453125,0.2294464111328125,0.0433197021484375
1760554572222703000,45.744703125,-0.9737548828125,0.228973388671875,0.041290283203125
1760554572232708000,45.7547080078125,-0.973114013671875,0.2281036376953125,0.0455322265625
1760554572242712300,45.76471240234375,-0.9723358154296875,0.2282562255859375,0.043548583984375
1760554572252716000,45.77471606445312,-0.972259521484375,0.232879638671875,0.04241943359375
1760554572262721000,45.784720947265626,-0.971923828125,0.230743408203125,0.036773681640625
1760554572272725000,45.79472509765625,-0.9722900390625,0.227935791015625,0.03570556640625
1760554572282730000,45.80472998046875,-0.9691009521484375,0.225128173828125,0.049835205078125
1760554572292734200,45.81473413085938,-0.96917724609375,0.221466064453125,0.058074951171875
1760554572302738200,45.82473828125,-0.9691925048828125,0.22064208984375,0.052093505859375
1760554572312743200,45.8347431640625,-0.9698638916015625,0.224334716796875,0.049713134765625
1760554572322747100,45.8447470703125,-0.9697418212890625,0.2265625,0.0447235107421875
1760554572332752000,45.854751953125,-0.9689178466796875,0.2300872802734375,0.0404052734375
1760554572342756000,45.864756103515624,-0.9709320068359375,0.228179931640625,0.0272674560546875
1760554572352760000,45.87476000976562,-0.9702301025390625,0.22369384765625,0.0076904296875
1760554572362765000,45.88476513671875,-0.971588134765625,0.2226715087890625,0.00494384765625
1760554572372769000,45.89476904296875,-0.97344970703125,0.2333831787109375,0.001922607421875
1760554572382773000,45.90477294921875,-0.9771270751953125,0.243865966796875,-0.011444091796875
1760554572392778000,45.91477807617188,-0.9747314453125,0.2386322021484375,-0.0080413818359375
1760554572402782000,45.92478198242188,-0.9732513427734375,0.2444610595703125,0.006072998046875
1760554572412787000,45.93478686523437,-0.9733123779296875,0.2368621826171875,0.0164642333984375
1760554572422791000,45.944791015625,-0.97271728515625,0.2333526611328125,0.007476806640625
1760554572432795100,45.95479516601562,-0.9731903076171875,0.2337188720703125,-0.014404296875
1760554572442800000,45.964800048828124,-0.97320556640625,0.235565185546875,-0.0342864990234375
1760554572452804000,45.97480419921875,-0.973419189453125,0.233245849609375,-0.0349884033203125
1760554572462808000,45.98480810546875,-0.972625732421875,0.23175048828125,-0.037567138671875
1760554572472813000,45.99481298828125,-0.9713134765625,0.2281036376953125,-0.0449981689453125
1760554572482817000,46.004817138671875,-0.972686767578125,0.23052978515625,-0.034637451171875
1760554572492822000,46.01482202148438,-0.9721221923828125,0.2301177978515625,-0.02166748046875
1760554572502826000,46.024825927734376,-0.972198486328125,0.2321014404296875,-0.024658203125
1760554572512830000,46.034829833984375,-0.9721832275390625,0.2313385009765625,-0.030609130859375
1760554572522835000,46.0448349609375,-0.9734344482421875,0.2266998291015625,-0.03302001953125
1760554572532839200,46.05483911132813,-0.9699859619140625,0.2266998291015625,-0.0532379150390625
1760554572542844200,46.06484423828125,-0.970855712890625,0.22686767578125,-0.0649261474609375
1760554572552848100,46.07484814453125,-0.9724884033203125,0.2271270751953125,-0.0604095458984375
1760554572562852000,46.08485205078125,-0.9727630615234375,0.2280426025390625,-0.057861328125
1760554572572857000,46.094857177734376,-0.97003173828125,0.2223358154296875,-0.06329345703125
1760554572582861000,46.104861083984375,-0.9692840576171875,0.2198944091796875,-0.06732177734375
1760554572592865000,46.11486499023437,-0.9701995849609375,0.2213592529296875,-0.0641021728515625
1760554572602870000,46.1248701171875,-0.9702301025390625,0.22235107421875,-0.0627288818359375
1760554572612874000,46.1348740234375,-0.97125244140625,0.2226104736328125,-0.0624237060546875
1760554572622879000,46.14487890625,-0.9722747802734375,0.2203521728515625,-0.0681610107421875
1760554572632883000,46.15488305664063,-0.96783447265625,0.2202301025390625,-0.077667236328125
1760554572642887200,46.16488720703125,-0.9691162109375,0.221435546875,-0.070709228515625
1760554572652892200,46.17489208984375,-0.9730987548828125,0.22998046875,-0.0644073486328125
1760554572662895900,46.18489575195313,-0.972259521484375,0.2229461669921875,-0.0654296875
1760554572672900900,46.19490087890625,-0.9684906005859375,0.21435546875,-0.0674285888671875
1760554572682904800,46.20490478515625,-0.9711456298828125,0.217193603515625,-0.0699920654296875
1760554572692909000,46.21490893554687,-0.969757080078125,0.214935302734375,-0.078765869140625
1760554572702914000,46.2249140625,-0.9687957763671875,0.2152099609375,-0.084259033203125
1760554572712918000,46.23491796875,-0.968719482421875,0.212371826171875,-0.09033203125
1760554572722922000,46.244921875,-0.96759033203125,0.2107696533203125,-0.0945587158203125
1760554572732927000,46.25492700195313,-0.96795654296875,0.211151123046875,-0.0947113037109375
1760554572742931200,46.26493115234375,-0.9667816162109375,0.208038330078125,-0.1005401611328125
1760554572752936200,46.274936279296874,-0.96649169921875,0.206939697265625,-0.0967864990234375
1760554572762940000,46.28493994140625,-0.969696044921875,0.2165374755859375,-0.071136474609375
1760554572772944000,46.29494384765625,-0.9725189208984375,0.222747802734375,-0.0540924072265625
1760554572782948900,46.304948974609374,-0.973907470703125,0.2273712158203125,-0.0437164306640625
1760554572792953000,46.314953125,-0.973480224609375,0.22491455078125,-0.0367584228515625
1760554572802958000,46.3249580078125,-0.9738006591796875,0.2208709716796875,-0.0475616455078125
1760554572812962000,46.334962158203126,-0.9694976806640625,0.2176971435546875,-0.0576171875
1760554572822966000,46.344966064453125,-0.9699554443359375,0.2159271240234375,-0.05792236328125
1760554572832971000,46.35497094726563,-0.971221923828125,0.2215728759765625,-0.0561065673828125
1760554572842975200,46.36497534179688,-0.9728851318359375,0.2235870361328125,-0.0472412109375
1760554572852979000,46.37497900390625,-0.97247314453125,0.2193603515625,-0.0531463623046875
1760554572862984000,46.38498388671875,-0.972900390625,0.2230987548828125,-0.0594940185546875
1760554572872988000,46.39498779296875,-0.9725799560546875,0.2245330810546875,-0.0519866943359375
1760554572882993000,46.404992919921874,-0.9717864990234375,0.222991943359375,-0.0557098388671875
1760554572892997000,46.4149970703125,-0.9713287353515625,0.2231597900390625,-0.052642822265625
1760554572903001000,46.4250009765625,-0.9728851318359375,0.228363037109375,-0.04486083984375
1760554572913006000,46.435006103515626,-0.97216796875,0.22052001953125,-0.0388336181640625
1760554572923010000,46.445010009765625,-0.9724884033203125,0.2218475341796875,-0.0434722900390625
1760554572933014000,46.45501391601562,-0.9705657958984375,0.22247314453125,-0.0448760986328125
1760554572943019000,46.46501904296875,-0.9717559814453125,0.22283935546875,-0.054840087890625
1760554572953023000,46.47502294921875,-0.97039794921875,0.22430419921875,-0.0618743896484375
1760554572963028000,46.48502807617187,-0.9702606201171875,0.217315673828125,-0.0778656005859375
1760554572973032000,46.49503198242188,-0.9671478271484375,0.2131805419921875,-0.0924224853515625
1760554572983036200,46.5050361328125,-0.9666595458984375,0.21575927734375,-0.0839996337890625
1760554572993041200,46.515041259765624,-0.970672607421875,0.2202911376953125,-0.0668182373046875
1760554573003045000,46.52504516601562,-0.97216796875,0.224456787109375,-0.060699462890625
1760554573013050000,46.535050048828126,-0.972137451171875,0.2260894775390625,-0.056610107421875
1760554573023054000,46.54505419921875,-0.9723968505859375,0.228607177734375,-0.044952392578125
1760554573033058000,46.55505810546875,-0.9745330810546875,0.23291015625,-0.031829833984375
1760554573043063000,46.56506298828125,-0.973114013671875,0.234100341796875,-0.028350830078125
1760554573053067000,46.57506689453125,-0.9722442626953125,0.2305450439453125,-0.0284576416015625
1760554573063071000,46.585071044921875,-0.972991943359375,0.228607177734375,-0.03143310546875
1760554573073076000,46.59507592773438,-0.9716949462890625,0.226959228515625,-0.0359344482421875
1760554573083080000,46.60507983398438,-0.9714508056640625,0.22698974609375,-0.0386505126953125
1760554573093085000,46.6150849609375,-0.9703521728515625,0.2232513427734375,-0.051605224609375
1760554573103089200,46.62508911132812,-0.9698944091796875,0.220489501953125,-0.0691680908203125
1760554573113093000,46.63509301757812,-0.9680023193359375,0.215789794921875,-0.088226318359375
1760554573123098000,46.64509814453125,-0.966583251953125,0.212646484375,-0.1015167236328125
1760554573133101800,46.65510180664062,-0.968902587890625,0.2144622802734375,-0.0986328125
1760554573143106000,46.66510595703125,-0.96954345703125,0.2178802490234375,-0.0832977294921875
1760554573153111000,46.675111083984376,-0.96881103515625,0.220977783203125,-0.0728912353515625
1760554573163115000,46.685114990234375,-0.96917724609375,0.2270660400390625,-0.0572967529296875
1760554573173120000,46.6951201171875,-0.971221923828125,0.2292633056640625,-0.051788330078125
1760554573183124000,46.7051240234375,-0.97198486328125,0.2262420654296875,-0.0481414794921875
1760554573193128200,46.71512817382813,-0.9712371826171875,0.2282257080078125,-0.0377349853515625
1760554573203133200,46.72513330078125,-0.9713134765625,0.228607177734375,-0.02215576171875
1760554573213137000,46.73513696289063,-0.9712066650390625,0.2298431396484375,-0.0193939208984375
1760554573223142000,46.745141845703124,-0.9723968505859375,0.230377197265625,-0.017303466796875
1760554573233145900,46.75514575195312,-0.9718475341796875,0.2277984619140625,-0.019287109375
1760554573243150000,46.76515014648437,-0.9726409912109375,0.23138427734375,-0.01806640625
1760554573253155000,46.775155029296876,-0.9723968505859375,0.229949951171875,-0.0192108154296875
1760554573263159000,46.785158935546875,-0.9717864990234375,0.230438232421875,-0.019439697265625
1760554573273163000,46.7951630859375,-0.9714202880859375,0.230224609375,-0.01953125
1760554573283168000,46.80516796875,-0.972869873046875,0.22955322265625,-0.0228729248046875
1760554573293172200,46.81517211914063,-0.971649169921875,0.2291412353515625,-0.0330352783203125
1760554573303177200,46.82517724609375,-0.9724578857421875,0.2273712158203125,-0.0394439697265625
1760554573313181000,46.83518090820313,-0.97296142578125,0.22882080078125,-0.0472869873046875
1760554573323185000,46.84518481445313,-0.972198486328125,0.2294769287109375,-0.056610107421875
1760554573333190100,46.855190185546874,-0.9722442626953125,0.2254180908203125,-0.0543212890625
1760554573343194400,46.8651943359375,-0.9718017578125,0.2266082763671875,-0.05108642578125
1760554573353199400,46.87519946289063,-0.972259521484375,0.2248687744140625,-0.0397491455078125
1760554573363203000,46.885203125,-0.9705352783203125,0.2277069091796875,-0.0291748046875
1760554573373207000,46.89520703125,-0.9723968505859375,0.2286529541015625,-0.01739501953125
1760554573383212000,46.9052119140625,-0.971435546875,0.2307891845703125,-0.0109710693359375
1760554573393216300,46.91521630859375,-0.971466064453125,0.23248291015625,0.00225830078125
1760554573403220200,46.92522021484375,-0.969390869140625,0.231781005859375,0.0193328857421875
1760554573413225200,46.93522509765625,-0.9718170166015625,0.231903076171875,0.0296630859375
1760554573423229200,46.94522924804688,-0.9691925048828125,0.2308349609375,0.031951904296875
1760554573433234200,46.955234130859374,-0.969390869140625,0.230072021484375,0.0205535888671875
1760554573443238100,46.96523803710937,-0.97113037109375,0.2292633056640625,0.0125885009765625
1760554573453242000,46.9752421875,-0.9705657958984375,0.22821044921875,0.006866455078125
1760554573463247000,46.9852470703125,-0.973236083984375,0.2288360595703125,-0.00421142578125
1760554573473251000,46.9952509765625,-0.9732513427734375,0.2330322265625,-0.009490966796875
1760554573483255000,47.005255126953124,-0.9722900390625,0.2260894775390625,-0.02142333984375
1760554573493260000,47.015260009765626,-0.97137451171875,0.2245025634765625,-0.0310211181640625
1760554573503264300,47.02526416015625,-0.972564697265625,0.2310333251953125,-0.0312347412109375
1760554573513269200,47.03526928710937,-0.9717254638671875,0.226165771484375,-0.028778076171875
1760554573523273200,47.04527319335938,-0.972320556640625,0.22802734375,-0.0278472900390625
1760554573533277000,47.05527685546875,-0.97222900390625,0.227752685546875,-0.013702392578125
1760554573543282000,47.06528198242187,-0.972900390625,0.2298736572265625,-0.001129150390625
1760554573553286100,47.0752861328125,-0.9737548828125,0.2313995361328125,0.0078887939453125
1760554573563290000,47.0852900390625,-0.9710540771484375,0.23101806640625,0.0182952880859375
1760554573573295000,47.095295166015624,-0.9686431884765625,0.2293853759765625,0.03521728515625
1760554573583299000,47.10529907226562,-0.9670867919921875,0.2289886474609375,0.0515899658203125
1760554573593304000,47.115303955078126,-0.968597412109375,0.230316162109375,0.053955078125
1760554573603308300,47.12530834960938,-0.9715576171875,0.23321533203125,0.0417022705078125
1760554573613312300,47.135312255859375,-0.9692840576171875,0.2304840087890625,0.0328216552734375
1760554573623317200,47.14531713867188,-0.9700164794921875,0.2281646728515625,0.017608642578125
1760554573633321000,47.15532104492188,-0.97137451171875,0.229400634765625,0.003082275390625
1760554573643325200,47.1653251953125,-0.97235107421875,0.230987548828125,-0.013275146484375
1760554573653330200,47.175330078125,-0.9717864990234375,0.2308502197265625,-0.037109375
1760554573663334100,47.18533422851562,-0.97247314453125,0.2306976318359375,-0.0489959716796875
1760554573673339100,47.195339111328124,-0.97265625,0.2263031005859375,-0.0651092529296875
1760554573683343000,47.20534301757812,-0.97088623046875,0.2249908447265625,-0.06512451171875
1760554573693347300,47.215347412109374,-0.9707489013671875,0.223846435546875,-0.0592803955078125
1760554573703352300,47.225352294921876,-0.9716949462890625,0.2262725830078125,-0.0577239990234375
1760554573713356300,47.235356201171875,-0.970947265625,0.225189208984375,-0.0464019775390625
1760554573723361300,47.245361328125,-0.972198486328125,0.2265472412109375,-0.02947998046875
1760554573733365000,47.255364990234376,-0.9724578857421875,0.2298583984375,-0.0131072998046875
1760554573743369200,47.265369140625,-0.97021484375,0.2326507568359375,0.0019378662109375
1760554573753374200,47.27537426757812,-0.9709320068359375,0.2324981689453125,0.0194854736328125
1760554573763378200,47.28537817382813,-0.9720916748046875,0.2298126220703125,0.029266357421875
1760554573773382100,47.29538208007813,-0.9717254638671875,0.2298583984375,0.02777099609375
1760554573783387100,47.30538720703125,-0.97052001953125,0.2325439453125,0.018768310546875
1760554573793391000,47.31539111328125,-0.9723052978515625,0.2327423095703125,0.002960205078125
1760554573803396400,47.325396240234376,-0.9714813232421875,0.2304534912109375,-0.007080078125
1760554573813400300,47.335400390625,-0.9715423583984375,0.22918701171875,-0.017578125
1760554573823404000,47.345404052734374,-0.9723968505859375,0.2282257080078125,-0.02728271484375
1760554573833409000,47.355408935546876,-0.970489501953125,0.2270355224609375,-0.038482666015625
1760554573843413000,47.3654130859375,-0.970245361328125,0.2251434326171875,-0.053863525390625
1760554573853417200,47.375417236328126,-0.9706268310546875,0.222015380859375,-0.0647125244140625
1760554573863422200,47.38542211914063,-0.969879150390625,0.2202606201171875,-0.07135009765625
1760554573873426200,47.39542626953125,-0.9691314697265625,0.2228240966796875,-0.0712738037109375
1760554573883431200,47.40543115234375,-0.9704437255859375,0.2230224609375,-0.055084228515625
1760554573893435100,47.41543505859375,-0.9707489013671875,0.2266082763671875,-0.0463104248046875
1760554573903439000,47.42543920898437,-0.9712982177734375,0.2250823974609375,-0.038543701171875
1760554573913444000,47.435444091796874,-0.9710540771484375,0.2249298095703125,-0.0309600830078125
1760554573923448000,47.44544799804687,-0.9721221923828125,0.2259368896484375,-0.0313720703125
1760554573933453000,47.455453125,-0.9731903076171875,0.225830078125,-0.028656005859375
1760554573943457000,47.46545703125,-0.97271728515625,0.22894287109375,-0.030914306640625
1760554573953461200,47.475461181640625,-0.9728546142578125,0.2299346923828125,-0.025177001953125
1760554573963466200,47.48546630859375,-0.9752044677734375,0.234832763671875,-0.0171966552734375
1760554573973470200,47.49547021484375,-0.9756317138671875,0.234832763671875,-0.018524169921875
1760554573983474200,47.50547412109375,-0.9753265380859375,0.2288970947265625,-0.0297088623046875
1760554573993479200,47.51547924804687,-0.9740753173828125,0.22979736328125,-0.0314788818359375
1760554574003483100,47.52548315429687,-0.974639892578125,0.2285003662109375,-0.0389404296875
1760554574013488000,47.535488037109374,-0.972869873046875,0.223541259765625,-0.0474090576171875
1760554574023492000,47.5454921875,-0.972564697265625,0.223541259765625,-0.05255126953125
1760554574033496000,47.55549609375,-0.9738922119140625,0.222869873046875,-0.06390380859375
1760554574043501000,47.5655009765625,-0.9724273681640625,0.2195587158203125,-0.0771331787109375
1760554574053505300,47.57550537109375,-0.9712677001953125,0.21759033203125,-0.0868682861328125
1760554574063509200,47.58550927734375,-0.9700469970703125,0.21392822265625,-0.0882110595703125
1760554574073514200,47.59551416015625,-0.968902587890625,0.212677001953125,-0.089691162109375
1760554574083518200,47.60551831054688,-0.9685211181640625,0.2122802734375,-0.0888214111328125
1760554574093523200,47.61552319335937,-0.9691925048828125,0.2122039794921875,-0.0886383056640625
1760554574103527200,47.62552709960938,-0.9692840576171875,0.21173095703125,-0.089508056640625
1760554574113531100,47.63553125,-0.96746826171875,0.21099853515625,-0.09149169921875
1760554574123536100,47.6455361328125,-0.9698333740234375,0.2119598388671875,-0.0859527587890625
1760554574133540000,47.6555400390625,-0.9720306396484375,0.2143096923828125,-0.0830230712890625
1760554574143544300,47.66554443359375,-0.9732513427734375,0.2132110595703125,-0.079864501953125
1760554574153549300,47.67554931640625,-0.9768218994140625,0.2184906005859375,-0.0729522705078125
1760554574163553300,47.68555322265625,-0.9778594970703125,0.2253875732421875,-0.06488037109375
1760554574173558300,47.69555834960938,-0.9778289794921875,0.2252960205078125,-0.0689239501953125
1760554574183562000,47.70556201171875,-0.97564697265625,0.22113037109375,-0.0827789306640625
1760554574193566200,47.715566162109376,-0.9745635986328125,0.21722412109375,-0.089385986328125
1760554574203571200,47.7255712890625,-0.971466064453125,0.2117156982421875,-0.0979461669921875
1760554574213575200,47.7355751953125,-0.9702911376953125,0.2049407958984375,-0.1060791015625
1760554574223579100,47.7455791015625,-0.9713287353515625,0.207244873046875,-0.10858154296875
1760554574233584000,47.75558422851562,-0.969207763671875,0.2034149169921875,-0.1149139404296875
1760554574243588000,47.76558813476562,-0.9669036865234375,0.1942901611328125,-0.1233062744140625
1760554574253593000,47.775593017578124,-0.9650115966796875,0.1883697509765625,-0.1289215087890625
1760554574263597300,47.785597412109375,-0.965118408203125,0.189178466796875,-0.127105712890625
1760554574273601000,47.79560107421875,-0.9644927978515625,0.192352294921875,-0.1274871826171875
1760554574283606000,47.80560595703125,-0.9656829833984375,0.189453125,-0.1316680908203125
1760554574293610000,47.81560986328125,-0.9681549072265625,0.192047119140625,-0.1245269775390625
1760554574303615000,47.82561499023438,-0.969818115234375,0.1962738037109375,-0.11962890625
1760554574313619200,47.835619140625,-0.9686431884765625,0.1919097900390625,-0.1240386962890625
1760554574323623200,47.845623046875,-0.968414306640625,0.193389892578125,-0.1214141845703125
1760554574333627400,47.85562744140625,-0.9720611572265625,0.19805908203125,-0.1166839599609375
1760554574343631600,47.86563159179688,-0.9739532470703125,0.198760986328125,-0.11578369140625
1760554574353635300,47.87563525390625,-0.97503662109375,0.2038421630859375,-0.1087799072265625
1760554574363640300,47.88564038085938,-0.9747772216796875,0.2065887451171875,-0.10382080078125
1760554574373644300,47.89564428710938,-0.972991943359375,0.2024383544921875,-0.110687255859375
1760554574383649300,47.90564916992187,-0.9686737060546875,0.19622802734375,-0.123992919921875
1760554574393653500,47.91565356445312,-0.971160888671875,0.19512939453125,-0.1236114501953125
1760554574403657500,47.92565747070312,-0.96917724609375,0.1896820068359375,-0.1290283203125
1760554574413662500,47.935662353515625,-0.962432861328125,0.177764892578125,-0.142578125
1760554574423666400,47.94566650390625,-0.95843505859375,0.1666259765625,-0.155029296875
1760554574433670400,47.95567041015625,-0.9608001708984375,0.170745849609375,-0.1537322998046875
1760554574443675400,47.96567529296875,-0.9615631103515625,0.1764678955078125,-0.1486358642578125
1760554574453679400,47.975679443359375,-0.9646148681640625,0.182403564453125,-0.1421661376953125
1760554574463684400,47.98568432617188,-0.9702606201171875,0.1926116943359375,-0.123046875
1760554574473688300,47.99568823242188,-0.9730072021484375,0.1988067626953125,-0.108489990234375
1760554574483692300,48.0056923828125,-0.9713287353515625,0.195220947265625,-0.11383056640625
1760554574493697300,48.015697265625,-0.9716644287109375,0.1952056884765625,-0.113037109375
1760554574503701500,48.02570141601562,-0.9734954833984375,0.2016754150390625,-0.1067657470703125
1760554574513705500,48.03570556640625,-0.976654052734375,0.21270751953125,-0.1002044677734375
1760554574523710500,48.04571044921875,-0.9806060791015625,0.218231201171875,-0.0873565673828125
1760554574533714200,48.05571411132812,-0.980072021484375,0.21728515625,-0.0828094482421875
1760554574543719200,48.06571923828125,-0.9800262451171875,0.2166595458984375,-0.0822906494140625
1760554574553723400,48.075723388671875,-0.975982666015625,0.208282470703125,-0.0945892333984375
1760554574563727400,48.085727294921874,-0.9687652587890625,0.196502685546875,-0.109466552734375
1760554574573732400,48.095732421875,-0.9645843505859375,0.1837158203125,-0.1280059814453125
1760554574583736300,48.105736328125,-0.9635467529296875,0.17864990234375,-0.137664794921875
1760554574593740500,48.115740478515626,-0.9664306640625,0.1884002685546875,-0.1261444091796875
1760554574603745500,48.12574560546875,-0.9699249267578125,0.1985931396484375,-0.1123504638671875
1760554574613749500,48.13574951171875,-0.9688873291015625,0.197418212890625,-0.1192169189453125
1760554574623754500,48.14575439453125,-0.9714508056640625,0.205078125,-0.111907958984375
1760554574633758200,48.15575830078125,-0.971221923828125,0.1995849609375,-0.1063232421875
1760554574643762400,48.16576245117187,-0.967498779296875,0.192535400390625,-0.11907958984375
1760554574653767400,48.175767333984375,-0.967742919921875,0.19317626953125,-0.121673583984375
1760554574663771400,48.185771484375,-0.9728546142578125,0.20684814453125,-0.0996856689453125
1760554574673775400,48.195775390625,-0.981781005859375,0.2267303466796875,-0.0782623291015625
1760554574683780400,48.2057802734375,-0.9832763671875,0.232391357421875,-0.07049560546875
1760554574693784600,48.21578466796875,-0.980560302734375,0.2269744873046875,-0.0721893310546875
1760554574703789600,48.22578955078125,-0.976318359375,0.2199554443359375,-0.08050537109375
1760554574713793500,48.23579345703125,-0.9726409912109375,0.20703125,-0.1007537841796875
1760554574723797200,48.24579736328125,-0.971160888671875,0.2004241943359375,-0.113494873046875
1760554574733802200,48.25580224609375,-0.9691314697265625,0.198760986328125,-0.1188507080078125
1760554574743806500,48.26580639648437,-0.9677276611328125,0.1941680908203125,-0.121856689453125
1760554574753810400,48.275810546875,-0.9661407470703125,0.19012451171875,-0.1259765625
1760554574763815400,48.2858154296875,-0.9672088623046875,0.195465087890625,-0.1219940185546875
1760554574773819400,48.2958193359375,-0.9678497314453125,0.19378662109375,-0.1199188232421875
1760554574783824400,48.30582446289063,-0.9656829833984375,0.1891937255859375,-0.1280517578125
1760554574793828600,48.31582861328125,-0.9608154296875,0.180633544921875,-0.141357421875
1760554574803832300,48.325832275390624,-0.9591217041015625,0.1785888671875,-0.1466522216796875
1760554574813837300,48.33583740234375,-0.962615966796875,0.183929443359375,-0.132781982421875
1760554574823841300,48.34584130859375,-0.9653472900390625,0.196624755859375,-0.1203765869140625
1760554574833845500,48.355845458984376,-0.9708099365234375,0.207489013671875,-0.1047515869140625
1760554574843850500,48.3658505859375,-0.9740753173828125,0.216583251953125,-0.0913238525390625
1760554574853854500,48.3758544921875,-0.9774017333984375,0.219757080078125,-0.0834503173828125
1760554574863859500,48.385859375,-0.9760284423828125,0.2219085693359375,-0.08111572265625
1760554574873863400,48.395863525390624,-0.975372314453125,0.2209930419921875,-0.0819854736328125
1760554574883867400,48.40586743164062,-0.975006103515625,0.2215118408203125,-0.080322265625
1760554574893872400,48.415872314453125,-0.9741363525390625,0.2170562744140625,-0.083831787109375
1760554574903876400,48.42587646484375,-0.97283935546875,0.2176055908203125,-0.0922088623046875
1760554574913881300,48.43588134765625,-0.9713897705078125,0.2159423828125,-0.0959320068359375
1760554574923885300,48.44588525390625,-0.969696044921875,0.2040557861328125,-0.0979461669921875
1760554574933889300,48.45588916015625,-0.968231201171875,0.203277587890625,-0.100982666015625
1760554574943894300,48.46589428710938,-0.9696807861328125,0.20404052734375,-0.102325439453125
1760554574953898500,48.4758984375,-0.9670867919921875,0.199310302734375,-0.1147613525390625
1760554574963902500,48.48590234375,-0.964141845703125,0.1946868896484375,-0.1201629638671875
1760554574973907500,48.49590747070312,-0.9655914306640625,0.201446533203125,-0.112884521484375
1760554574983911400,48.50591137695312,-0.9656982421875,0.2038726806640625,-0.1083221435546875
1760554574993916400,48.51591650390625,-0.9685516357421875,0.2104339599609375,-0.102447509765625
1760554575003920400,48.52592041015625,-0.970123291015625,0.2128448486328125,-0.09051513671875
1760554575013924400,48.53592431640625,-0.9716033935546875,0.22198486328125,-0.0800323486328125
1760554575023929300,48.54592944335938,-0.9737548828125,0.220458984375,-0.0724639892578125
1760554575033933300,48.555933349609376,-0.9748077392578125,0.2220916748046875,-0.0619354248046875
1760554575043937500,48.5659375,-0.9747314453125,0.2313385009765625,-0.0514068603515625
1760554575053942500,48.57594262695312,-0.975799560546875,0.2272186279296875,-0.049407958984375
1760554575063946500,48.58594653320313,-0.973968505859375,0.2280731201171875,-0.037689208984375
1760554575073951500,48.59595141601562,-0.9760894775390625,0.2293548583984375,-0.0306549072265625
1760554575083955200,48.605955078125,-0.9748382568359375,0.2289581298828125,-0.0329132080078125
1760554575093959400,48.61595947265625,-0.974700927734375,0.227142333984375,-0.03656005859375
1760554575103964400,48.62596435546875,-0.9735260009765625,0.226531982421875,-0.0383758544921875
1760554575113968400,48.635968505859374,-0.9731903076171875,0.225494384765625,-0.0441741943359375
1760554575123972400,48.64597241210937,-0.9723358154296875,0.221038818359375,-0.0567626953125
1760554575133977300,48.655977294921875,-0.9710235595703125,0.2206878662109375,-0.0607757568359375
1760554575143981600,48.665981689453126,-0.97100830078125,0.2208099365234375,-0.056732177734375
1760554575153986600,48.67598657226562,-0.9718475341796875,0.2224273681640625,-0.058868408203125
1760554575163990500,48.68599047851563,-0.9711151123046875,0.2201385498046875,-0.0587310791015625
1760554575173994200,48.695994140625,-0.971343994140625,0.2166290283203125,-0.0621337890625
1760554575183999200,48.70599926757812,-0.9703826904296875,0.2151336669921875,-0.06475830078125
1760554575194003500,48.71600341796875,-0.973236083984375,0.220458984375,-0.0672607421875
1760554575204007400,48.72600732421875,-0.970703125,0.2197723388671875,-0.06158447265625
1760554575214012400,48.736012451171874,-0.9730072021484375,0.2225189208984375,-0.0532989501953125
1760554575224016400,48.74601635742187,-0.9750518798828125,0.2260589599609375,-0.0467529296875
1760554575234021400,48.756021484375,-0.9739532470703125,0.23046875,-0.0382232666015625
1760554575244025300,48.766025390625,-0.97369384765625,0.2297821044921875,-0.0304718017578125
1760554575254029600,48.776029541015625,-0.9727020263671875,0.222930908203125,-0.0494842529296875
1760554575264034600,48.78603466796875,-0.9723358154296875,0.2231597900390625,-0.049102783203125
1760554575274038300,48.796038330078126,-0.9730224609375,0.22686767578125,-0.0482940673828125
1760554575284042200,48.806042236328125,-0.9735565185546875,0.22796630859375,-0.0452117919921875
1760554575294047200,48.81604711914063,-0.972747802734375,0.2254638671875,-0.0417327880859375
1760554575304051500,48.82605151367188,-0.9709930419921875,0.2262115478515625,-0.0394287109375
1760554575314056400,48.83605639648437,-0.9723663330078125,0.2228851318359375,-0.0453948974609375
1760554575324060400,48.84606030273437,-0.9713134765625,0.2191009521484375,-0.063934326171875
1760554575334064400,48.856064453125,-0.969818115234375,0.2169036865234375,-0.0738525390625
1760554575344069400,48.8660693359375,-0.9688262939453125,0.217926025390625,-0.0835418701171875
1760554575354073600,48.876073486328124,-0.968231201171875,0.2139129638671875,-0.0924072265625
1760554575364077600,48.88607763671875,-0.968994140625,0.2135467529296875,-0.0918121337890625
1760554575374082600,48.89608251953125,-0.968292236328125,0.2136688232421875,-0.0828094482421875
1760554575384086500,48.90608642578125,-0.971343994140625,0.217926025390625,-0.073760986328125
1760554575394091500,48.91609155273437,-0.9722747802734375,0.221435546875,-0.059234619140625
1760554575404095500,48.92609545898438,-0.9727325439453125,0.2258453369140625,-0.046356201171875
1760554575414099500,48.93609936523438,-0.972991943359375,0.226715087890625,-0.0390167236328125
1760554575424104400,48.9461044921875,-0.974365234375,0.228363037109375,-0.03509521484375
1760554575434108400,48.9561083984375,-0.97369384765625,0.2291412353515625,-0.027557373046875
1760554575444112600,48.96611254882812,-0.9733428955078125,0.227569580078125,-0.02874755859375
1760554575454117600,48.97611767578125,-0.973388671875,0.2275238037109375,-0.036163330078125
1760554575464121600,48.98612158203125,-0.97186279296875,0.2258453369140625,-0.040985107421875
1760554575474126600,48.99612670898438,-0.9717559814453125,0.2254791259765625,-0.0511932373046875
1760554575484130600,49.006130615234376,-0.9702301025390625,0.2191925048828125,-0.061065673828125
1760554575494134500,49.016134521484375,-0.9695587158203125,0.2194366455078125,-0.061248779296875
1760554575504139500,49.02613940429688,-0.9703369140625,0.21929931640625,-0.06463623046875
1760554575514143500,49.0361435546875,-0.971466064453125,0.219268798828125,-0.0672760009765625
1760554575524147500,49.0461474609375,-0.9697113037109375,0.22052001953125,-0.069061279296875
1760554575534152400,49.05615234375,-0.9698028564453125,0.218231201171875,-0.071746826171875
1760554575544156700,49.06615673828125,-0.9684295654296875,0.219451904296875,-0.072021484375
1760554575554161700,49.07616162109375,-0.9703216552734375,0.21923828125,-0.0710296630859375
1760554575564165600,49.08616552734375,-0.9698944091796875,0.2213134765625,-0.0655517578125
1760554575574169600,49.09616967773437,-0.9722442626953125,0.2230682373046875,-0.057220458984375
1760554575584174600,49.106174560546876,-0.972137451171875,0.2246551513671875,-0.0445556640625
1760554575594178600,49.116178466796875,-0.9710845947265625,0.2248992919921875,-0.0374603271484375
1760554575604182500,49.1261826171875,-0.9719085693359375,0.2252655029296875,-0.0354461669921875
1760554575614187500,49.1361875,-0.97271728515625,0.22747802734375,-0.0334930419921875
1760554575624191500,49.14619140625,-0.973846435546875,0.2278900146484375,-0.0289459228515625
1760554575634196500,49.15619653320312,-0.9739990234375,0.2278594970703125,-0.027130126953125
1760554575644200400,49.16620043945313,-0.97344970703125,0.2280731201171875,-0.0256805419921875
1760554575654204700,49.17620458984375,-0.97210693359375,0.227935791015625,-0.026214599609375
1760554575664209700,49.186209716796874,-0.9733428955078125,0.2253265380859375,-0.0310516357421875
1760554575674213400,49.19621337890625,-0.9720458984375,0.223114013671875,-0.035919189453125
1760554575684217300,49.20621728515625,-0.97076416015625,0.2250213623046875,-0.0437469482421875
1760554575694222300,49.216222412109374,-0.9722137451171875,0.2241058349609375,-0.0416412353515625
1760554575704226600,49.2262265625,-0.9714813232421875,0.2259063720703125,-0.0417633056640625
1760554575714230500,49.23623046875,-0.9704437255859375,0.2227783203125,-0.049957275390625
1760554575724235500,49.246235595703126,-0.971099853515625,0.2228546142578125,-0.052337646484375
1760554575734239500,49.256239501953125,-0.9695587158203125,0.2231597900390625,-0.055572509765625
1760554575744244500,49.26624438476563,-0.96905517578125,0.2208404541015625,-0.0601806640625
1760554575754248700,49.27624877929688,-0.970947265625,0.22052001953125,-0.060150146484375
1760554575764252400,49.28625244140625,-0.969879150390625,0.22271728515625,-0.0448455810546875
1760554575774257400,49.29625732421875,-0.9692840576171875,0.22271728515625,-0.034515380859375
1760554575784261400,49.30626147460937,-0.974151611328125,0.2287445068359375,-0.0255584716796875
1760554575794265600,49.316265625,-0.9714508056640625,0.2319488525390625,-0.0176544189453125
1760554575804270600,49.3262705078125,-0.971527099609375,0.2293853759765625,-0.0074005126953125
1760554575814274600,49.33627465820312,-0.974151611328125,0.229156494140625,-0.014404296875
1760554575824279600,49.346279541015626,-0.9724884033203125,0.2311553955078125,-0.017669677734375
1760554575834283500,49.356283447265625,-0.9728240966796875,0.2310333251953125,-0.0249176025390625
1760554575844287700,49.366287841796876,-0.9731597900390625,0.2269287109375,-0.028472900390625
1760554575854292700,49.37629272460938,-0.971527099609375,0.2251129150390625,-0.0391387939453125
1760554575864296400,49.38629638671875,-0.9700927734375,0.221893310546875,-0.0520782470703125
1760554575874300400,49.396300537109376,-0.969482421875,0.21881103515625,-0.0522613525390625
1760554575884305400,49.40630541992188,-0.9712677001953125,0.2212677001953125,-0.053253173828125
1760554575894309600,49.4163095703125,-0.9698638916015625,0.2186126708984375,-0.0704345703125
1760554575904314600,49.426314697265624,-0.9706573486328125,0.22119140625,-0.062255859375
1760554575914318600,49.43631860351562,-0.9703826904296875,0.215484619140625,-0.07666015625
1760554575924322600,49.44632250976562,-0.968231201171875,0.2172698974609375,-0.0683746337890625
1760554575934327600,49.45632763671875,-0.970672607421875,0.2246246337890625,-0.050048828125
1760554575944331500,49.46633154296875,-0.973419189453125,0.226837158203125,-0.0406951904296875
1760554575954335500,49.47633544921875,-0.971893310546875,0.226776123046875,-0.04010009765625
1760554575964340500,49.48634057617188,-0.971588134765625,0.2291107177734375,-0.0300140380859375
1760554575974344400,49.496344482421875,-0.972747802734375,0.2309417724609375,-0.0157928466796875
1760554575984349400,49.50634936523438,-0.97247314453125,0.2288818359375,-0.01251220703125
1760554575994353400,49.516353515625,-0.9727325439453125,0.2313232421875,-0.00079345703125
1760554576004357600,49.52635766601563,-0.9729156494140625,0.23211669921875,-0.0044097900390625
1760554576014362600,49.53636254882812,-0.9727783203125,0.23040771484375,-0.0131378173828125
1760554576024366600,49.54636669921875,-0.970733642578125,0.2273712158203125,-0.01702880859375
1760554576034370300,49.55637036132813,-0.9718475341796875,0.2270050048828125,-0.0198211669921875
1760554576044375300,49.56637524414062,-0.9720306396484375,0.2258453369140625,-0.02874755859375
1760554576054379500,49.576379638671874,-0.9710540771484375,0.2232818603515625,-0.046722412109375
1760554576064384500,49.586384521484376,-0.9712982177734375,0.2207183837890625,-0.0558929443359375
1760554576074388500,49.596388427734375,-0.972015380859375,0.222991943359375,-0.058380126953125
1760554576084392400,49.606392333984374,-0.970306396484375,0.22320556640625,-0.059539794921875
1760554576094397400,49.6163974609375,-0.97161865234375,0.22430419921875,-0.0649261474609375
1760554576104401700,49.62640161132813,-0.9712677001953125,0.223785400390625,-0.062042236328125
1760554576114405600,49.636405517578126,-0.97259521484375,0.225921630859375,-0.04986572265625
1760554576124410600,49.64641064453125,-0.972259521484375,0.22784423828125,-0.036956787109375
1760554576134414300,49.65641430664063,-0.971099853515625,0.2267913818359375,-0.029632568359375
1760554576144419300,49.66641943359375,-0.9715118408203125,0.2295379638671875,-0.025482177734375
1760554576154423600,49.67642358398437,-0.972686767578125,0.2301025390625,-0.0201416015625
1760554576164427500,49.68642749023437,-0.972015380859375,0.2290496826171875,-0.0163421630859375
1760554576174432500,49.6964326171875,-0.970947265625,0.2303466796875,-0.012115478515625
1760554576184436500,49.7064365234375,-0.9727020263671875,0.2301025390625,-0.0059051513671875
1760554576194440700,49.716440673828124,-0.973358154296875,0.2285003662109375,-0.0051116943359375
1760554576204445700,49.72644580078125,-0.9722137451171875,0.2286376953125,-0.011932373046875
1760554576214449700,49.73644970703125,-0.972320556640625,0.2277679443359375,-0.0181121826171875
1760554576224454700,49.74645458984375,-0.9716033935546875,0.2265625,-0.034027099609375
1760554576234458400,49.75645825195313,-0.9694671630859375,0.223968505859375,-0.049530029296875
1760554576244462600,49.76646264648438,-0.9691619873046875,0.2226104736328125,-0.055694580078125
1760554576254467600,49.77646752929687,-0.9714813232421875,0.2209320068359375,-0.0591888427734375
1760554576264471600,49.78647143554687,-0.9703826904296875,0.2216949462890625,-0.059539794921875
1760554576274475500,49.7964755859375,-0.9705352783203125,0.222808837890625,-0.060882568359375
1760554576284480500,49.80648046875,-0.97161865234375,0.224090576171875,-0.054443359375
1760554576294484700,49.816484619140624,-0.972442626953125,0.2264556884765625,-0.0450897216796875
1760554576304488400,49.82648852539062,-0.969818115234375,0.2248382568359375,-0.0384368896484375
1760554576314493400,49.836493408203125,-0.97320556640625,0.225860595703125,-0.0293731689453125
1760554576324497400,49.846497314453124,-0.971893310546875,0.22821044921875,-0.0218658447265625
1760554576334502400,49.85650244140625,-0.972442626953125,0.2297515869140625,-0.0107574462890625
1760554576344506600,49.86650659179688,-0.972076416015625,0.23052978515625,-0.0101318359375
1760554576354510600,49.876510498046876,-0.97137451171875,0.229644775390625,-0.0139923095703125
1760554576364515600,49.886515625,-0.971954345703125,0.2298126220703125,-0.016448974609375
1760554576374519600,49.89651953125,-0.9739990234375,0.228973388671875,-0.0255279541015625
1760554576384523500,49.9065234375,-0.970977783203125,0.22662353515625,-0.0318450927734375
1760554576394528500,49.916528564453124,-0.9722747802734375,0.2264404296875,-0.036651611328125
1760554576404532500,49.92653247070312,-0.9701385498046875,0.22412109375,-0.041534423828125
1760554576414537500,49.936537353515625,-0.969390869140625,0.2221221923828125,-0.050506591796875
1760554576424541400,49.94654150390625,-0.9716033935546875,0.2231292724609375,-0.053680419921875
1760554576434545400,49.95654541015625,-0.9710845947265625,0.2204437255859375,-0.058013916015625
1760554576444550400,49.96655029296875,-0.9702301025390625,0.218780517578125,-0.0594329833984375
1760554576454554600,49.9765546875,-0.9703216552734375,0.220428466796875,-0.055389404296875
1760554576464558600,49.98655859375,-0.9708099365234375,0.2217559814453125,-0.0517578125
1760554576474563600,49.9965634765625,-0.9699554443359375,0.22283935546875,-0.0516357421875
1760554576484567600,50.00656762695313,-0.9709930419921875,0.22381591796875,-0.0457000732421875
1760554576494572500,50.01657250976562,-0.9710540771484375,0.2247314453125,-0.041534423828125
1760554576504576500,50.02657641601562,-0.972442626953125,0.2250213623046875,-0.03875732421875
1760554576514580500,50.03658056640625,-0.972137451171875,0.2261810302734375,-0.0335540771484375
1760554576524585500,50.04658544921875,-0.9726409912109375,0.226715087890625,-0.030914306640625
1760554576534589400,50.05658935546875,-0.971649169921875,0.22564697265625,-0.0296173095703125
1760554576544593700,50.06659375,-0.9735565185546875,0.2278594970703125,-0.026031494140625
1760554576554598700,50.0765986328125,-0.9740753173828125,0.2265777587890625,-0.0303802490234375
1760554576564602600,50.0866025390625,-0.9736328125,0.2271575927734375,-0.031280517578125
1760554576574606300,50.0966064453125,-0.9730224609375,0.2276611328125,-0.0330352783203125
1760554576584611300,50.106611328125,-0.973236083984375,0.226715087890625,-0.0404815673828125
1760554576594615600,50.11661547851563,-0.9723052978515625,0.2220306396484375,-0.0481719970703125
1760554576604620500,50.12662060546875,-0.972320556640625,0.220428466796875,-0.0493316650390625
1760554576614624500,50.13662451171875,-0.972015380859375,0.2228240966796875,-0.047698974609375
1760554576624628500,50.14662841796875,-0.9727020263671875,0.224090576171875,-0.0432586669921875
1760554576634633500,50.156633544921874,-0.973358154296875,0.2243194580078125,-0.0428619384765625
1760554576644637700,50.1666376953125,-0.974029541015625,0.2258758544921875,-0.0445709228515625
1760554576654641700,50.1766416015625,-0.9739837646484375,0.2275390625,-0.0473785400390625
1760554576664646700,50.186646728515626,-0.973876953125,0.22198486328125,-0.060821533203125
1760554576674650400,50.196650390625,-0.9730987548828125,0.2201690673828125,-0.06787109375
1760554576684655400,50.2066552734375,-0.972747802734375,0.2237396240234375,-0.068328857421875
1760554576694659600,50.21665966796875,-0.9750518798828125,0.223846435546875,-0.061981201171875
1760554576704663600,50.22666357421875,-0.9763641357421875,0.2296905517578125,-0.05682373046875
1760554576714668500,50.23666845703125,-0.979461669921875,0.231048583984375,-0.0609588623046875
1760554576724672500,50.24667260742188,-0.9771881103515625,0.2295989990234375,-0.0650787353515625
1760554576734676500,50.25667651367188,-0.97528076171875,0.2237548828125,-0.0770721435546875
1760554576744681500,50.26668139648437,-0.9730987548828125,0.214080810546875,-0.1030426025390625
1760554576754685700,50.27668579101562,-0.9693603515625,0.20660400390625,-0.1132965087890625
1760554576764690700,50.286690673828126,-0.969482421875,0.2044219970703125,-0.11407470703125
1760554576774694400,50.2966943359375,-0.96807861328125,0.197235107421875,-0.1143035888671875
1760554576784698400,50.30669848632812,-0.96429443359375,0.191314697265625,-0.12408447265625
1760554576794703400,50.316703369140626,-0.961669921875,0.18426513671875,-0.134490966796875
1760554576804707600,50.32670751953125,-0.9654388427734375,0.1903076171875,-0.1270904541015625
1760554576814711600,50.336711669921876,-0.9681854248046875,0.1929168701171875,-0.12200927734375
1760554576824716500,50.34671655273438,-0.970733642578125,0.1962432861328125,-0.113433837890625
1760554576834720500,50.35672045898438,-0.9720458984375,0.20166015625,-0.1120147705078125
1760554576844724500,50.366724365234376,-0.9705657958984375,0.1970062255859375,-0.1139373779296875
1760554576854729500,50.3767294921875,-0.967681884765625,0.19500732421875,-0.1183319091796875
1760554576864733400,50.3867333984375,-0.96881103515625,0.1919097900390625,-0.121368408203125
1760554576874738400,50.396738525390624,-0.9721832275390625,0.195770263671875,-0.1135406494140625
1760554576884742400,50.40674243164062,-0.97576904296875,0.2065582275390625,-0.10205078125
1760554576894746600,50.41674658203125,-0.9741973876953125,0.204315185546875,-0.1067962646484375
1760554576904751600,50.426751708984376,-0.9705810546875,0.1954345703125,-0.1212615966796875
1760554576914755600,50.436755615234375,-0.968109130859375,0.1912994384765625,-0.12689208984375
1760554576924759600,50.446759521484374,-0.96893310546875,0.1909637451171875,-0.1260986328125
1760554576934764500,50.4567646484375,-0.9673309326171875,0.1878814697265625,-0.132171630859375
1760554576944768500,50.4667685546875,-0.963287353515625,0.1804962158203125,-0.1403656005859375
1760554576954773500,50.4767734375,-0.9644775390625,0.179595947265625,-0.1395721435546875
1760554576964777500,50.48677758789062,-0.964599609375,0.18255615234375,-0.1405029296875
1760554576974781400,50.49678149414063,-0.96514892578125,0.1820831298828125,-0.140594482421875
1760554576984786400,50.50678637695312,-0.9654083251953125,0.1868438720703125,-0.134033203125
1760554576994790700,50.516790771484374,-0.973297119140625,0.1970672607421875,-0.117279052734375
1760554577004794600,50.52679467773437,-0.97564697265625,0.2057952880859375,-0.1061859130859375
1760554577014799600,50.536799560546875,-0.977508544921875,0.20953369140625,-0.098968505859375
1760554577024803600,50.546803466796874,-0.977020263671875,0.2118988037109375,-0.0941925048828125
1760554577034807600,50.5568076171875,-0.9758758544921875,0.2083587646484375,-0.0980987548828125
1760554577044812500,50.5668125,-0.97509765625,0.2034454345703125,-0.10455322265625
1760554577054816500,50.57681640625,-0.973907470703125,0.2047119140625,-0.106964111328125
1760554577064821500,50.58682153320313,-0.97412109375,0.2025299072265625,-0.1116943359375
1760554577074825500,50.59682543945313,-0.9744110107421875,0.199493408203125,-0.1134796142578125
1760554577084829700,50.60682958984375,-0.9694366455078125,0.194122314453125,-0.1230926513671875
1760554577094834700,50.61683471679687,-0.9675445556640625,0.18701171875,-0.1333770751953125
1760554577104838700,50.62683862304687,-0.9665069580078125,0.183807373046875,-0.1357269287109375
1760554577114842400,50.63684228515625,-0.967132568359375,0.18328857421875,-0.1351165771484375
1760554577124847400,50.64684741210937,-0.9665679931640625,0.1849212646484375,-0.13702392578125
1760554577134851300,50.65685131835937,-0.9659576416015625,0.182159423828125,-0.1405792236328125
1760554577144856600,50.66685668945313,-0.9639739990234375,0.177978515625,-0.1415252685546875
1760554577154860500,50.676860595703126,-0.9667816162109375,0.18212890625,-0.137481689453125
1760554577164864500,50.686864501953124,-0.97015380859375,0.1893310546875,-0.1291656494140625
1760554577174869500,50.69686938476563,-0.9721832275390625,0.192230224609375,-0.12042236328125
1760554577184873500,50.70687353515625,-0.9745330810546875,0.2022247314453125,-0.10931396484375
1760554577194877700,50.716877685546876,-0.977752685546875,0.208984375,-0.101898193359375
1760554577204882700,50.72688256835937,-0.9768829345703125,0.2063446044921875,-0.1023101806640625
1760554577214886400,50.73688647460938,-0.976776123046875,0.205963134765625,-0.098297119140625
1760554577224890400,50.74689038085938,-0.977294921875,0.2098388671875,-0.0941925048828125
1760554577234895400,50.75689526367187,-0.9809112548828125,0.211639404296875,-0.0946197509765625
1760554577244899600,50.76689965820312,-0.975494384765625,0.2017822265625,-0.108062744140625
1760554577254904600,50.776904541015625,-0.9705657958984375,0.1932373046875,-0.122833251953125
1760554577264908500,50.786908447265624,-0.9676971435546875,0.1893157958984375,-0.1301116943359375
1760554577274912500,50.79691259765625,-0.96954345703125,0.1877593994140625,-0.1307830810546875
1760554577284917500,50.80691748046875,-0.9692535400390625,0.1902923583984375,-0.1276397705078125
1760554577294921700,50.816921630859376,-0.969879150390625,0.189971923828125,-0.1273956298828125
1760554577304925400,50.826925537109375,-0.96722412109375,0.18182373046875,-0.1353607177734375
1760554577314930400,50.83693041992188,-0.9664306640625,0.1804962158203125,-0.1353759765625
1760554577324934400,50.846934326171876,-0.9706878662109375,0.1904296875,-0.1269683837890625
1760554577334939600,50.856939697265624,-0.97552490234375,0.19696044921875,-0.1191558837890625
1760554577344943900,50.86694384765625,-0.97320556640625,0.1964111328125,-0.1186676025390625
1760554577354947800,50.87694775390625,-0.972076416015625,0.194976806640625,-0.1214141845703125
1760554577364952800,50.886952880859376,-0.9723663330078125,0.194122314453125,-0.1256866455078125
1760554577374956800,50.896956787109374,-0.97039794921875,0.189117431640625,-0.130035400390625
1760554577384960800,50.90696069335937,-0.9698028564453125,0.1875152587890625,-0.129058837890625
1760554577394965800,50.9169658203125,-0.9705657958984375,0.1878814697265625,-0.1269073486328125
1760554577404969700,50.9269697265625,-0.971588134765625,0.19091796875,-0.123687744140625
1760554577414973700,50.9369736328125,-0.975677490234375,0.1974945068359375,-0.1200714111328125
1760554577424978700,50.94697875976563,-0.9759521484375,0.1985626220703125,-0.11480712890625
1760554577434982700,50.95698266601563,-0.977752685546875,0.2037506103515625,-0.1128387451171875
1760554577444987600,50.96698754882812,-0.977569580078125,0.202117919921875,-0.116851806640625
1760554577454992000,50.97699194335937,-0.9733428955078125,0.191925048828125,-0.1236572265625
1760554577464995800,50.98699584960937,-0.9722137451171875,0.185516357421875,-0.1322784423828125
1760554577475000800,50.997000732421874,-0.97113037109375,0.18389892578125,-0.1337127685546875
1760554577485004500,51.00700463867187,-0.971038818359375,0.186676025390625,-0.135833740234375
1760554577495008800,51.0170087890625,-0.9689178466796875,0.1835479736328125,-0.1413726806640625
1760554577505013800,51.027013671875,-0.9665069580078125,0.177520751953125,-0.1458740234375
1760554577515017700,51.037017822265625,-0.9666595458984375,0.1775970458984375,-0.146484375
1760554577525021700,51.047021728515624,-0.96929931640625,0.1771697998046875,-0.1447296142578125
1760554577535026700,51.057026611328126,-0.9680938720703125,0.177642822265625,-0.1432647705078125
1760554577545031000,51.06703100585938,-0.971282958984375,0.1826324462890625,-0.138214111328125
1760554577555036000,51.07703588867187,-0.9730377197265625,0.185211181640625,-0.1334228515625
1760554577565039900,51.08703979492188,-0.9716339111328125,0.1871337890625,-0.1322784423828125
1760554577575043600,51.09704370117188,-0.97259521484375,0.18658447265625,-0.1347198486328125
1760554577585048600,51.10704858398437,-0.973846435546875,0.189056396484375,-0.129913330078125
1760554577595052800,51.117052734375,-0.975799560546875,0.1934051513671875,-0.127899169921875
1760554577605056800,51.12705688476562,-0.97540283203125,0.192474365234375,-0.12921142578125
1760554577615061800,51.137061767578125,-0.9754791259765625,0.1904754638671875,-0.1336669921875
1760554577625065700,51.14706567382812,-0.977142333984375,0.1946868896484375,-0.129058837890625
1760554577635070700,51.15707080078125,-0.9793701171875,0.1932373046875,-0.1286468505859375
1760554577645075000,51.16707495117188,-0.9796600341796875,0.1938018798828125,-0.1279296875
1760554577655079000,51.177078857421876,-0.97802734375,0.19061279296875,-0.1339111328125
1760554577665084000,51.187083984375,-0.9707489013671875,0.1772308349609375,-0.1473236083984375
1760554577675087600,51.19708764648438,-0.9655914306640625,0.16387939453125,-0.1620635986328125
1760554577685091800,51.207091796875,-0.963836669921875,0.1614837646484375,-0.166595458984375
1760554577695096800,51.21709692382812,-0.9664154052734375,0.1579437255859375,-0.1634368896484375
1760554577705100800,51.22710083007812,-0.9622039794921875,0.1519012451171875,-0.17083740234375
1760554577715104800,51.23710473632813,-0.9587860107421875,0.1438751220703125,-0.17822265625
1760554577725109800,51.24710986328125,-0.9569244384765625,0.1389617919921875,-0.18408203125
1760554577735114000,51.257114013671874,-0.9551239013671875,0.1360931396484375,-0.1857452392578125
1760554577745119000,51.26711889648438,-0.958709716796875,0.142303466796875,-0.1784515380859375
1760554577755122700,51.277122802734375,-0.9642486572265625,0.1566314697265625,-0.1671295166015625
1760554577765126700,51.287126708984374,-0.970611572265625,0.172454833984375,-0.156097412109375
1760554577775131600,51.29713159179688,-0.97454833984375,0.17523193359375,-0.1498565673828125
1760554577785135900,51.30713598632813,-0.9752197265625,0.177490234375,-0.14324951171875
1760554577795139800,51.317139892578126,-0.97760009765625,0.1847381591796875,-0.135833740234375
1760554577805144800,51.32714477539062,-0.981536865234375,0.1954498291015625,-0.1296234130859375
1760554577815148800,51.33714868164063,-0.982452392578125,0.195556640625,-0.13116455078125
1760554577825152800,51.34715283203125,-0.9813079833984375,0.1909332275390625,-0.130767822265625
1760554577835157800,51.35715771484375,-0.980499267578125,0.190460205078125,-0.1358642578125
1760554577845161700,51.36716162109375,-0.9748077392578125,0.17828369140625,-0.146209716796875
1760554577855166700,51.377166748046875,-0.969573974609375,0.165771484375,-0.1562042236328125
1760554577865170700,51.387170654296874,-0.96710205078125,0.1623687744140625,-0.159149169921875
1760554577875174700,51.39717456054687,-0.9686126708984375,0.163360595703125,-0.158294677734375
1760554577885179600,51.4071796875,-0.96728515625,0.160614013671875,-0.15594482421875
1760554577895184000,51.417183837890626,-0.96734619140625,0.1571807861328125,-0.1567535400390625
1760554577905187800,51.427187744140625,-0.96435546875,0.1528167724609375,-0.16180419921875
1760554577915192800,51.43719287109375,-0.966064453125,0.151519775390625,-0.15997314453125
1760554577925196800,51.44719677734375,-0.9673004150390625,0.156097412109375,-0.158203125
1760554577935200800,51.45720068359375,-0.9704437255859375,0.1617431640625,-0.1536712646484375
1760554577945205800,51.46720581054687,-0.9765625,0.1819610595703125,-0.149261474609375
1760554577955209700,51.47720971679688,-0.98162841796875,0.193817138671875,-0.14276123046875
1760554577965214700,51.48721459960937,-0.984283447265625,0.200347900390625,-0.13787841796875
1760554577975218700,51.49721875,-0.985260009765625,0.196044921875,-0.13848876953125
1760554577985223000,51.50722290039062,-0.9822845458984375,0.1872406005859375,-0.136199951171875
1760554577995228000,51.517227783203126,-0.97821044921875,0.1776275634765625,-0.1361541748046875
1760554578005231900,51.52723193359375,-0.976806640625,0.1724853515625,-0.139892578125
1760554578015235600,51.53723559570312,-0.9744415283203125,0.16766357421875,-0.1441192626953125
1760554578025240600,51.547240478515626,-0.974700927734375,0.1647491455078125,-0.1497802734375
1760554578035244800,51.557244873046876,-0.972930908203125,0.16009521484375,-0.155731201171875
1760554578045249800,51.56724975585937,-0.970916748046875,0.1565704345703125,-0.1597137451171875
1760554578055253800,51.57725366210938,-0.970428466796875,0.157135009765625,-0.16094970703125
1760554578065257700,51.5872578125,-0.9751129150390625,0.162261962890625,-0.155242919921875
1760554578075262700,51.5972626953125,-0.9739990234375,0.160797119140625,-0.16241455078125
1760554578085267000,51.60726684570312,-0.967681884765625,0.1448211669921875,-0.170745849609375
1760554578095271000,51.61727099609375,-0.962860107421875,0.1353912353515625,-0.170562744140625
1760554578105276000,51.62727587890625,-0.9646759033203125,0.1324310302734375,-0.1669464111328125
1760554578115279600,51.63727954101562,-0.965576171875,0.1358489990234375,-0.163360595703125
1760554578125283800,51.647283935546874,-0.97137451171875,0.1490936279296875,-0.1621551513671875
1760554578135288800,51.657288818359376,-0.974029541015625,0.15618896484375,-0.1659088134765625
1760554578145292800,51.667292724609375,-0.973541259765625,0.1517181396484375,-0.1646728515625
1760554578155297800,51.6772978515625,-0.9718017578125,0.1509246826171875,-0.168975830078125
1760554578165301800,51.6873017578125,-0.9739837646484375,0.1509246826171875,-0.160064697265625
1760554578175305700,51.6973056640625,-0.9798126220703125,0.1607666015625,-0.15692138671875
1760554578185310700,51.70731079101562,-0.9784393310546875,0.161834716796875,-0.16326904296875
1760554578195315000,51.71731494140625,-0.9777069091796875,0.1551361083984375,-0.1665802001953125
1760554578205318700,51.72731860351563,-0.9772491455078125,0.1556854248046875,-0.1698760986328125
1760554578215323600,51.73732373046875,-0.97802734375,0.1526947021484375,-0.1689910888671875
1760554578225327600,51.74732763671875,-0.9771881103515625,0.15069580078125,-0.166046142578125
1760554578235331800,51.75733178710937,-0.97821044921875,0.145263671875,-0.1614990234375
1760554578245336800,51.7673369140625,-0.974822998046875,0.1459197998046875,-0.168060302734375
1760554578255340800,51.7773408203125,-0.979217529296875,0.15179443359375,-0.1651458740234375
1760554578265345800,51.787345703125,-0.982025146484375,0.1531219482421875,-0.166473388671875
1760554578275349800,51.79734985351563,-0.9805450439453125,0.1483612060546875,-0.16845703125
1760554578285353700,51.807353759765626,-0.976593017578125,0.136505126953125,-0.1659393310546875
1760554578295358700,51.81735864257813,-0.97357177734375,0.1238555908203125,-0.1688690185546875
1760554578305362700,51.82736279296875,-0.9683074951171875,0.1117401123046875,-0.1712493896484375
1760554578315366700,51.83736669921875,-0.9635009765625,0.0955657958984375,-0.1736602783203125
1760554578325371600,51.84737158203125,-0.95928955078125,0.08770751953125,-0.1785430908203125
1760554578335376000,51.8573759765625,-0.9636993408203125,0.0902099609375,-0.1683349609375
1760554578345379300,51.86737939453125,-0.97186279296875,0.1061859130859375,-0.1537017822265625
1760554578355384300,51.87738427734375,-0.9774932861328125,0.114990234375,-0.1421661376953125
1760554578365388300,51.88738818359375,-0.97357177734375,0.1011810302734375,-0.1453704833984375
1760554578375392500,51.897392578125,-0.965911865234375,0.08673095703125,-0.1480865478515625
1760554578385397500,51.9073974609375,-0.96832275390625,0.090667724609375,-0.1453704833984375
1760554578395401500,51.9174013671875,-0.976837158203125,0.107574462890625,-0.1445465087890625
1760554578405406500,51.92740649414063,-0.988128662109375,0.1374664306640625,-0.1452484130859375
1760554578415410400,51.937410400390625,-0.9988250732421875,0.165374755859375,-0.150115966796875
1760554578425414400,51.947414306640624,-0.99615478515625,0.163726806640625,-0.15887451171875
1760554578435419600,51.95741967773437,-0.988128662109375,0.15118408203125,-0.1715087890625
1760554578445423400,51.96742333984375,-0.98443603515625,0.1372222900390625,-0.1745147705078125
1760554578455427300,51.97742724609375,-0.9828948974609375,0.1337890625,-0.176727294921875
1760554578465432300,51.98743237304687,-0.984771728515625,0.133392333984375,-0.1663970947265625
1760554578475436500,51.9974365234375,-0.9844512939453125,0.131561279296875,-0.165985107421875
1760554578485440500,52.0074404296875,-0.982757568359375,0.12261962890625,-0.172760009765625
1760554578495445500,52.017445556640624,-0.9747314453125,0.105010986328125,-0.1771240234375
1760554578505449500,52.02744946289062,-0.970703125,0.0889892578125,-0.1765289306640625
1760554578515454500,52.037454345703125,-0.968170166015625,0.0754852294921875,-0.1705322265625
1760554578525458400,52.04745849609375,-0.96612548828125,0.071319580078125,-0.15557861328125
1760554578535462400,52.05746240234375,-0.9706573486328125,0.0735015869140625,-0.154510498046875
1760554578545467400,52.06746728515625,-0.97247314453125,0.0777130126953125,-0.15838623046875
1760554578555471400,52.077471435546876,-0.970123291015625,0.0753936767578125,-0.15875244140625
1760554578565475600,52.0874755859375,-0.969970703125,0.07476806640625,-0.1649169921875
1760554578575480600,52.09748046875,-0.9730682373046875,0.0807647705078125,-0.172027587890625
1760554578585484500,52.10748461914063,-0.9764862060546875,0.0897979736328125,-0.1710662841796875
1760554578595488500,52.11748852539063,-0.9819183349609375,0.10308837890625,-0.1701507568359375
1760554578605493500,52.12749340820312,-0.988311767578125,0.11566162109375,-0.1656494140625
1760554578615497500,52.13749755859375,-0.9948577880859375,0.1240692138671875,-0.1585845947265625
1760554578625502500,52.14750244140625,-1.0033416748046875,0.1378173828125,-0.1529083251953125
1760554578635506400,52.15750634765625,-0.9998016357421875,0.12939453125,-0.15692138671875
1760554578645510400,52.16751049804687,-0.9913482666015625,0.11175537109375,-0.165496826171875
1760554578655515400,52.177515380859376,-0.985870361328125,0.0978240966796875,-0.1641845703125
1760554578665519400,52.187519287109374,-0.9862213134765625,0.0913543701171875,-0.1517791748046875
1760554578675523600,52.197523681640625,-0.9862518310546875,0.0886993408203125,-0.1511688232421875
1760554578685528600,52.20752856445313,-0.9815673828125,0.079559326171875,-0.158721923828125
1760554578695532500,52.21753247070313,-0.9769134521484375,0.0727386474609375,-0.1734771728515625
1760554578705536300,52.227536376953125,-0.9694976806640625,0.0527801513671875,-0.1788787841796875
1760554578715541200,52.23754125976563,-0.960906982421875,0.03564453125,-0.185699462890625
1760554578725545500,52.24754541015625,-0.9625701904296875,0.0324249267578125,-0.1760711669921875
1760554578735550500,52.257550537109374,-0.970245361328125,0.036346435546875,-0.150909423828125
1760554578745554400,52.26755444335937,-0.9701385498046875,0.035430908203125,-0.15582275390625
1760554578755558400,52.27755834960937,-0.964141845703125,0.0290679931640625,-0.1703338623046875
1760554578765563400,52.2875634765625,-0.959869384765625,0.025543212890625,-0.180206298828125
1760554578775567600,52.297567626953125,-0.9663848876953125,0.034912109375,-0.169281005859375
1760554578785571300,52.3075712890625,-0.9823455810546875,0.0659637451171875,-0.1501007080078125
1760554578795576300,52.317576416015626,-1.0022735595703125,0.104339599609375,-0.133270263671875
1760554578805580300,52.327580322265625,-1.0087432861328125,0.1138458251953125,-0.13043212890625
1760554578815584500,52.33758447265625,-1.0032501220703125,0.10699462890625,-0.1470794677734375
1760554578825589500,52.34758959960938,-0.997650146484375,0.0970001220703125,-0.1525421142578125
1760554578835593500,52.35759350585938,-0.9997100830078125,0.098724365234375,-0.1491851806640625
1760554578845598500,52.36759838867187,-0.9979095458984375,0.0944671630859375,-0.1403961181640625
1760554578855602400,52.3776025390625,-0.9964752197265625,0.0830841064453125,-0.1377105712890625
1760554578865606700,52.38760668945312,-0.9922943115234375,0.077423095703125,-0.14892578125
1760554578875611600,52.397611572265625,-0.987701416015625,0.0661773681640625,-0.154876708984375
1760554578885615400,52.40761547851562,-0.9842071533203125,0.060211181640625,-0.1619720458984375
1760554578895619300,52.41761938476562,-0.9815673828125,0.0568695068359375,-0.169769287109375
1760554578905624300,52.427624267578125,-0.9810333251953125,0.0547027587890625,-0.1816253662109375
1760554578915628500,52.437628662109375,-0.9798431396484375,0.0500640869140625,-0.1909637451171875
1760554578925632500,52.447632568359374,-0.9792022705078125,0.0502471923828125,-0.19659423828125
1760554578935637500,52.45763745117188,-0.9839324951171875,0.0554656982421875,-0.1983642578125
1760554578945641500,52.467641357421876,-0.985870361328125,0.0565338134765625,-0.190826416015625
1760554578955646500,52.477646484375,-0.985992431640625,0.0539398193359375,-0.1847381591796875
1760554578965650400,52.487650390625,-0.9838409423828125,0.04302978515625,-0.1753692626953125
1760554578975654400,52.497654296875,-0.9839324951171875,0.0399322509765625,-0.1703033447265625
1760554578985659400,52.50765942382812,-0.984130859375,0.03619384765625,-0.1672210693359375
1760554578995663400,52.51766333007812,-0.9834442138671875,0.0328216552734375,-0.1742401123046875
1760554579005667300,52.52766723632813,-0.985626220703125,0.0358428955078125,-0.178070068359375
1760554579015672300,52.53767236328125,-0.98699951171875,0.0338592529296875,-0.1843109130859375
1760554579025676500,52.547676513671874,-0.98089599609375,0.0208740234375,-0.1865081787109375
1760554579035680500,52.55768041992187,-0.976287841796875,0.00518798828125,-0.178924560546875
1760554579045685500,52.567685546875,-0.9740447998046875,-0.003814697265625,-0.1749420166015625
1760554579055689200,52.577689208984374,-0.9722442626953125,-0.0053558349609375,-0.1763153076171875
1760554579065693400,52.587693359375,-0.9847869873046875,0.0104522705078125,-0.1715850830078125
1760554579075698400,52.59769848632813,-0.9963531494140625,0.0248565673828125,-0.143402099609375
1760554579085702400,52.607702392578126,-1.0040435791015625,0.0276336669921875,-0.1243743896484375
1760554579095706400,52.617706298828125,-0.9954071044921875,0.0118560791015625,-0.13287353515625
1760554579105711400,52.62771142578125,-0.9834136962890625,-0.00823974609375,-0.1490325927734375
1760554579115715600,52.63771557617188,-0.9796905517578125,-0.021270751953125,-0.1442108154296875
1760554579125720600,52.647720458984374,-0.9822845458984375,-0.0203399658203125,-0.1444091796875
1760554579135724500,52.657724609375,-0.986236572265625,-0.0174102783203125,-0.1354522705078125
1760554579145728300,52.66772827148438,-0.98687744140625,-0.019989013671875,-0.1296844482421875
1760554579155733200,52.677733154296874,-0.9913787841796875,-0.0126800537109375,-0.14349365234375
1760554579165737500,52.687737548828125,-0.9949493408203125,-0.0096282958984375,-0.14410400390625
1760554579175741400,52.69774145507812,-0.994354248046875,-0.011962890625,-0.14532470703125
1760554579185746400,52.707746337890626,-0.9918212890625,-0.0180816650390625,-0.15936279296875
1760554579195750400,52.71775048828125,-0.9918060302734375,-0.0175018310546875,-0.1689300537109375
1760554579205754600,52.727754638671875,-1.003509521484375,-0.004425048828125,-0.166595458984375
1760554579215759600,52.73775952148438,-1.0079193115234375,0.001129150390625,-0.1618499755859375
1760554579225763600,52.747763671875,-1.009613037109375,-0.0045166015625,-0.148590087890625
1760554579235768600,52.7577685546875,-1.0099334716796875,-0.0104827880859375,-0.137908935546875
1760554579245772300,52.76777221679688,-1.00634765625,-0.0264892578125,-0.1268768310546875
1760554579255776500,52.77777661132812,-0.998992919921875,-0.04541015625,-0.1240692138671875
1760554579265781500,52.787781494140624,-0.991851806640625,-0.0584564208984375,-0.1341400146484375
1760554579275785500,52.79778540039062,-0.98834228515625,-0.0677032470703125,-0.126983642578125
1760554579285789400,52.80778955078125,-0.9944000244140625,-0.064483642578125,-0.1175994873046875
1760554579295794400,52.81779443359375,-1.002349853515625,-0.05999755859375,-0.0970458984375
1760554579305798700,52.827798583984375,-0.994476318359375,-0.0791473388671875,-0.087249755859375
1760554579315802400,52.83780224609375,-0.973114013671875,-0.1133880615234375,-0.1031036376953125
1760554579325807400,52.84780737304688,-0.9571685791015625,-0.1452484130859375,-0.094329833984375
1760554579335811300,52.857811279296875,-0.9524993896484375,-0.1595611572265625,-0.0881195068359375
1760554579345815800,52.86781591796875,-0.9504852294921875,-0.1637420654296875,-0.0811309814453125
1760554579355820800,52.87782080078125,-0.9563751220703125,-0.159271240234375,-0.0730743408203125
1760554579365825000,52.88782495117187,-0.966796875,-0.146942138671875,-0.0776824951171875
1760554579375830000,52.897830078125,-0.9698944091796875,-0.1441650390625,-0.068359375
1760554579385834000,52.907833984375,-0.9745025634765625,-0.1425323486328125,-0.058135986328125
1760554579395838000,52.917837890625,-0.9931182861328125,-0.1208343505859375,-0.0449981689453125
1760554579405843000,52.92784301757813,-1.011688232421875,-0.0952301025390625,-0.043304443359375
1760554579415847000,52.937846923828126,-1.0153045654296875,-0.0933685302734375,-0.045745849609375
1760554579425851000,52.947850830078124,-1.0128631591796875,-0.09814453125,-0.0288238525390625
1760554579435856000,52.95785595703125,-1.0147705078125,-0.09906005859375,-0.0240325927734375
1760554579445859800,52.96785986328125,-1.0160980224609375,-0.1005401611328125,-0.0287628173828125
1760554579455864000,52.977864013671876,-1.011871337890625,-0.1100616455078125,-0.0202484130859375
1760554579465869000,52.987869140625,-0.999786376953125,-0.1287994384765625,-0.0149688720703125
1760554579475873000,52.997873046875,-0.9888153076171875,-0.14715576171875,-0.0217437744140625
1760554579485877000,53.007876953125,-0.980682373046875,-0.165863037109375,-0.0391845703125
1760554579495882000,53.017882080078124,-0.972076416015625,-0.1793212890625,-0.040618896484375
1760554579505886000,53.02788598632812,-0.969390869140625,-0.1851959228515625,-0.044281005859375
1760554579515891000,53.037890869140625,-0.9455718994140625,-0.2223052978515625,-0.0464935302734375
1760554579525895000,53.04789501953125,-0.92529296875,-0.2511138916015625,-0.021240234375
1760554579535899000,53.05789892578125,-0.9314117431640625,-0.2474517822265625,-0.0115203857421875
1760554579545903900,53.06790380859375,-0.9351348876953125,-0.24493408203125,-0.0023651123046875
1760554579555907800,53.077907958984376,-0.9422149658203125,-0.2336883544921875,0.0112762451171875
1760554579565912000,53.087912109375,-0.9675750732421875,-0.2034454345703125,0.0122833251953125
1760554579575917000,53.0979169921875,-0.9849395751953125,-0.1810455322265625,0.0110931396484375
1760554579585921000,53.10792114257813,-0.9984283447265625,-0.1629791259765625,0.0150299072265625
1760554579595924700,53.1179248046875,-1.0197296142578125,-0.1348114013671875,0.0257568359375
1760554579605929700,53.1279296875,-1.041778564453125,-0.10882568359375,0.05523681640625
1760554579615934000,53.13793383789063,-1.051727294921875,-0.0946197509765625,0.0686798095703125
1760554579625938000,53.14793798828125,-1.0562591552734375,-0.0888824462890625,0.07635498046875
1760554579635943000,53.15794287109375,-1.058624267578125,-0.08868408203125,0.09661865234375
1760554579645947000,53.16794677734375,-1.058746337890625,-0.09234619140625,0.084869384765625
1760554579655952000,53.177951904296876,-1.0451507568359375,-0.114349365234375,0.0591278076171875
1760554579665956000,53.1879560546875,-1.028350830078125,-0.1412200927734375,0.033660888671875
1760554579675959800,53.19795971679687,-1.0166778564453125,-0.160552978515625,0.02850341796875
1760554579685965000,53.20796508789063,-1.0115203857421875,-0.1737060546875,0.0395660400390625
1760554579695968800,53.21796875,-0.99298095703125,-0.204193115234375,0.0496063232421875
1760554579705973000,53.227972900390625,-0.957183837890625,-0.250396728515625,0.0317840576171875
1760554579715978000,53.23797802734375,-0.700653076171875,-0.217132568359375,0.0074005126953125
1760554579725982000,53.24798193359375,-0.237091064453125,-0.1136932373046875,-0.0128631591796875
1760554579735986000,53.25798583984375,-1.2220916748046875,-0.166168212890625,-0.0440521240234375
1760554579745991000,53.26799096679687,-1.052001953125,-0.1438446044921875,-0.0339813232421875
1760554579755995100,53.2779951171875,-0.73797607421875,-0.1458587646484375,-0.023681640625
1760554579765998800,53.28799877929688,-1.083099365234375,-0.1758270263671875,-0.034210205078125
1760554579776003800,53.29800390625,-1.019775390625,-0.1840972900390625,-0.0294952392578125
1760554579786007800,53.3080078125,-0.901824951171875,-0.18402099609375,-0.0073089599609375
1760554579796012800,53.3180126953125,-0.937591552734375,-0.173858642578125,0.000823974609375
1760554579806017000,53.32801708984375,-1.049468994140625,-0.2836151123046875,-0.045379638671875
1760554579816021000,53.33802099609375,-0.82427978515625,-3.3372039794921875,-1.265869140625
1760554579826026000,53.34802587890625,-1.040313720703125,0.19085693359375,0.2065887451171875
1760554579836030000,53.35803002929688,-0.9297637939453125,0.147674560546875,0.2052764892578125
1760554579846034200,53.3680341796875,-0.9561309814453125,-0.014495849609375,0.186065673828125
1760554579856039200,53.3780390625,-0.952789306640625,0.103179931640625,1.65972900390625
1760554579866043000,53.38804296875,-0.98651123046875,-0.1442718505859375,-0.1423492431640625
1760554579876046800,53.398046875,-0.9539794921875,-0.1513519287109375,-0.2033843994140625
1760554579886051800,53.4080517578125,-0.9706573486328125,-0.1463165283203125,-0.0338897705078125
1760554579896056000,53.41805615234375,-0.9591064453125,-0.1618804931640625,-0.0125274658203125
1760554579906060000,53.42806005859375,-0.9461517333984375,-0.9390869140625,0.319610595703125
1760554579916065000,53.43806494140625,-0.9462432861328125,-0.4123382568359375,0.080169677734375
1760554579926069000,53.448069091796874,-0.9736328125,0.049530029296875,-0.1405181884765625
1760554579936072700,53.45807275390625,-0.9766387939453125,-0.1757659912109375,-0.0495452880859375
1760554579946077700,53.46807763671875,-0.9511566162109375,-0.1667633056640625,-0.0228424072265625
1760554579956082000,53.47808203125,-0.923583984375,-0.7333526611328125,0.189483642578125
1760554579966087000,53.4880869140625,-1.0179901123046875,-0.1474151611328125,-0.0540618896484375
1760554579976091000,53.4980908203125,-0.8876800537109375,-0.3275909423828125,-0.1673126220703125
1760554579986094800,53.5080947265625,-1.0648193359375,-0.2655029296875,-0.0647430419921875
1760554579996099800,53.51809985351562,-0.880706787109375,-0.257781982421875,0.00030517578125
1760554580006104000,53.52810400390625,-0.9965362548828125,-0.2905120849609375,0.005828857421875
1760554580016108000,53.53810791015625,-0.96063232421875,-0.27471923828125,0.0235443115234375
1760554580026113000,53.548113037109374,-0.9595947265625,-0.275299072265625,0.045623779296875
1760554580036116700,53.55811669921875,-0.9588623046875,-0.27325439453125,0.0221099853515625
1760554580046121000,53.56812084960937,-0.9620513916015625,-0.272796630859375,0.010009765625
1760554580056126000,53.5781259765625,-0.96240234375,-0.2713775634765625,0.0093994140625
1760554580066130000,53.5881298828125,-0.9614105224609375,-0.271026611328125,0.0119781494140625
1760554580076134000,53.5981337890625,-0.962738037109375,-0.26983642578125,0.0241241455078125
1760554580086139000,53.608138916015626,-0.960693359375,-0.272918701171875,0.0162353515625
1760554580096143000,53.61814306640625,-0.9611358642578125,-0.2744293212890625,0.002593994140625
1760554580106148000,53.62814819335937,-0.9617919921875,-0.2722625732421875,0.0120849609375
1760554580116152000,53.63815209960938,-0.96270751953125,-0.2725372314453125,0.0137786865234375
1760554580126155800,53.64815576171875,-0.9617767333984375,-0.271728515625,0.007965087890625
1760554580136160800,53.65816088867187,-0.9624176025390625,-0.27191162109375,0.0129241943359375
1760554580146165000,53.6681650390625,-0.9640655517578125,-0.2715301513671875,0.0225067138671875
1760554580156169000,53.6781689453125,-0.96051025390625,-0.27349853515625,0.0309906005859375
1760554580166174000,53.688174072265625,-0.96124267578125,-0.2696533203125,0.0354461669921875
1760554580176178000,53.69817797851562,-0.9611663818359375,-0.2682342529296875,0.044891357421875
1760554580186182100,53.70818212890625,-0.9551849365234375,-0.27484130859375,0.0557861328125
1760554580196187100,53.71818725585938,-0.956451416015625,-0.2734832763671875,0.0466766357421875
1760554580206190800,53.72819091796875,-0.9558868408203125,-0.273345947265625,0.0539703369140625
1760554580216194800,53.73819482421875,-0.9568939208984375,-0.26898193359375,0.0820770263671875
1760554580226199800,53.74819970703125,-0.9643096923828125,-0.257080078125,0.0956268310546875
1760554580236204000,53.7582041015625,-0.961669921875,-0.2593994140625,0.097259521484375
1760554580246208000,53.7682080078125,-0.9605865478515625,-0.263336181640625,0.0803680419921875
1760554580256213000,53.778212890625,-0.9610137939453125,-0.2639617919921875,0.0749359130859375
1760554580266217000,53.78821704101563,-0.9605255126953125,-0.263427734375,0.080474853515625
1760554580276222000,53.79822192382812,-0.9570465087890625,-0.264923095703125,0.0800018310546875
1760554580286226000,53.80822583007812,-0.9594573974609375,-0.2606048583984375,0.0897216796875
1760554580296230000,53.81822998046875,-0.9608306884765625,-0.2585906982421875,0.1014251708984375
1760554580306235000,53.82823486328125,-0.963104248046875,-0.2554473876953125,0.095245361328125
1760554580316238800,53.83823876953125,-0.962188720703125,-0.256805419921875,0.094940185546875
1760554580326242800,53.84824291992187,-0.9609222412109375,-0.2542877197265625,0.104705810546875
1760554580336247800,53.858247802734375,-0.96270751953125,-0.251617431640625,0.1096343994140625
1760554580346252500,53.86825244140625,-0.9630126953125,-0.2512359619140625,0.10675048828125
1760554580356256500,53.87825659179688,-0.9631195068359375,-0.249267578125,0.1119842529296875
1760554580366261500,53.88826147460937,-0.9640350341796875,-0.246978759765625,0.116180419921875
1760554580376265200,53.89826513671875,-0.96563720703125,-0.2448272705078125,0.1189727783203125
1760554580386269400,53.90826953125,-0.9644622802734375,-0.243438720703125,0.12152099609375
1760554580396274400,53.9182744140625,-0.96539306640625,-0.2420654296875,0.1219024658203125
1760554580406278400,53.9282783203125,-0.9651947021484375,-0.244781494140625,0.1095733642578125
1760554580416282400,53.93828247070312,-0.9635009765625,-0.2477874755859375,0.0738067626953125
1760554580426287400,53.948287353515624,-0.9611663818359375,-0.2544403076171875,0.06573486328125
1760554580436291600,53.95829150390625,-0.9618988037109375,-0.2584228515625,0.1332550048828125
1760554580446296600,53.96829663085938,-0.957763671875,-0.249969482421875,0.115325927734375
1760554580456300500,53.97830053710938,-0.960662841796875,-0.2592926025390625,0.087738037109375
1760554580466304300,53.98830419921875,-0.9600830078125,-0.2572174072265625,0.1003570556640625
1760554580476309200,53.99830932617188,-0.959716796875,-0.261199951171875,0.085540771484375
1760554580486313200,54.00831323242188,-0.9584808349609375,-0.260284423828125,0.0844879150390625
1760554580496317400,54.0183173828125,-0.959442138671875,-0.2576141357421875,0.0914154052734375
1760554580506322400,54.02832250976562,-0.9603424072265625,-0.2539520263671875,0.09661865234375
1760554580516326400,54.03832641601562,-0.961029052734375,-0.2478790283203125,0.1078643798828125
1760554580526330400,54.04833032226563,-0.960357666015625,-0.24957275390625,0.1070556640625
1760554580536335400,54.05833544921875,-0.9609375,-0.24676513671875,0.111968994140625
1760554580546339600,54.068339599609374,-0.9632415771484375,-0.2395477294921875,0.1292724609375
1760554580556343300,54.07834326171875,-0.965423583984375,-0.2344207763671875,0.1381988525390625
1760554580566348300,54.088348388671875,-0.9671630859375,-0.2314453125,0.1396026611328125
1760554580576352300,54.098352294921874,-0.9683990478515625,-0.229156494140625,0.137969970703125
1760554580586356500,54.1083564453125,-0.96832275390625,-0.2248687744140625,0.12286376953125
1760554580596361500,54.11836157226563,-0.965667724609375,-0.224365234375,0.106170654296875
1760554580606365400,54.128365478515626,-0.9677581787109375,-0.231597900390625,0.100860595703125
1760554580616370400,54.13837036132813,-0.9712677001953125,-0.233306884765625,0.10687255859375
1760554580626374400,54.14837451171875,-0.96038818359375,-0.2369232177734375,0.1031646728515625
1760554580636378400,54.15837841796875,-0.9566650390625,-0.2404327392578125,0.087158203125
1760554580646383400,54.16838330078125,-0.9604034423828125,-0.240203857421875,0.09674072265625
1760554580656387300,54.17838720703125,-0.9701690673828125,-0.247955322265625,0.1114501953125
1760554580666391300,54.18839135742188,-0.9611358642578125,-0.2495269775390625,0.1312255859375
1760554580676396300,54.19839624023437,-0.9601898193359375,-0.2524871826171875,0.136322021484375
1760554580686400500,54.208400390625,-0.9643402099609375,-0.2470703125,0.1426239013671875
1760554580696404500,54.21840454101562,-0.9548187255859375,-0.24932861328125,0.1256103515625
1760554580706409500,54.228409423828126,-0.960662841796875,-0.2457427978515625,0.145294189453125
1760554580716413400,54.238413330078124,-0.9647674560546875,-0.247711181640625,0.1326446533203125
1760554580726417400,54.24841748046875,-0.961151123046875,-0.23992919921875,0.146575927734375
1760554580736422400,54.25842236328125,-0.9622650146484375,-0.2396240234375,0.135711669921875
1760554580746426400,54.26842626953125,-0.9633941650390625,-0.246124267578125,0.1075897216796875
1760554580756430300,54.278430419921875,-0.9621429443359375,-0.2412567138671875,0.1198272705078125
1760554580766435300,54.28843530273438,-0.9636077880859375,-0.242767333984375,0.1101837158203125
1760554580776439600,54.298439453125,-0.9637451171875,-0.2416534423828125,0.1166534423828125
1760554580786443500,54.30844360351563,-0.9640960693359375,-0.2403564453125,0.123291015625
1760554580796448500,54.31844848632812,-0.9621734619140625,-0.2401275634765625,0.106048583984375
1760554580806452500,54.32845239257812,-0.95916748046875,-0.242156982421875,0.2403717041015625
1760554580816457500,54.33845751953125,-0.9642181396484375,-0.2391815185546875,0.128448486328125
1760554580826461400,54.34846142578125,-0.962188720703125,-0.2371826171875,0.124786376953125
1760554580836465400,54.35846533203125,-0.962493896484375,-0.2383270263671875,0.135772705078125
1760554580846470400,54.368470458984376,-0.9627532958984375,-0.2392425537109375,0.1276092529296875
1760554580856474400,54.378474365234375,-0.9640045166015625,-0.2382965087890625,0.130584716796875
1760554580866478300,54.388478271484374,-0.96380615234375,-0.2406005859375,0.1276397705078125
1760554580876483300,54.3984833984375,-0.9651336669921875,-0.2410888671875,0.1239776611328125
1760554580886487600,54.40848754882813,-0.962188720703125,-0.2424163818359375,0.12005615234375
1760554580896491300,54.4184912109375,-0.9613800048828125,-0.2442474365234375,0.121856689453125
1760554580906496300,54.42849633789063,-0.9607391357421875,-0.24371337890625,0.1198272705078125
1760554580916500200,54.43850024414063,-0.962188720703125,-0.2440185546875,0.1188201904296875
1760554580926504400,54.44850439453125,-0.9616546630859375,-0.24432373046875,0.1207733154296875
1760554580936509400,54.45850952148437,-0.961151123046875,-0.242919921875,0.12237548828125
1760554580946513400,54.46851342773437,-0.9623565673828125,-0.2427520751953125,0.1206817626953125
1760554580956517400,54.47851733398438,-0.9637451171875,-0.241790771484375,0.1197052001953125
1760554580966522400,54.4885224609375,-0.962249755859375,-0.2423248291015625,0.1214752197265625
1760554580976526600,54.498526611328124,-0.9616241455078125,-0.243560791015625,0.1213836669921875
1760554580986531600,54.50853149414063,-0.9625091552734375,-0.2418365478515625,0.1184539794921875
1760554580996535300,54.518535400390626,-0.96160888671875,-0.2439727783203125,0.119384765625
1760554581006539300,54.528539306640624,-0.9608306884765625,-0.2429351806640625,0.1210784912109375
1760554581016544300,54.53854418945313,-0.962860107421875,-0.2412109375,0.1214599609375
1760554581026548500,54.54854858398438,-0.9620361328125,-0.241180419921875,0.122833251953125
1760554581036552400,54.558552490234376,-0.9639739990234375,-0.2414703369140625,0.1247100830078125
1760554581046557400,54.56855737304687,-0.9635009765625,-0.2421417236328125,0.124725341796875
1760554581056561400,54.5785615234375,-0.962493896484375,-0.2423095703125,0.12353515625
1760554581066565600,54.58856567382813,-0.9621429443359375,-0.241912841796875,0.122528076171875
1760554581076570600,54.598570556640624,-0.962921142578125,-0.2429656982421875,0.1194000244140625
1760554581086574300,54.60857421875,-0.961639404296875,-0.2431640625,0.121856689453125
1760554581096578300,54.61857836914062,-0.9634857177734375,-0.24261474609375,0.1239471435546875
1760554581106583300,54.628583251953124,-0.9613189697265625,-0.240936279296875,0.123382568359375
1760554581116587500,54.63858740234375,-0.96295166015625,-0.2403717041015625,0.1209869384765625
1760554581126591500,54.64859155273437,-0.962890625,-0.24322509765625,0.1187286376953125
1760554581136596500,54.658596435546876,-0.96075439453125,-0.2447509765625,0.1220703125
1760554581146600400,54.668600341796875,-0.96514892578125,-0.241058349609375,0.123779296875
1760554581156604400,54.6786044921875,-0.96307373046875,-0.2437896728515625,0.121826171875
1760554581166609400,54.688609375,-0.9607086181640625,-0.244476318359375,0.11724853515625
1760554581176613400,54.69861328125,-0.9608001708984375,-0.24407958984375,0.116607666015625
1760554581186617300,54.708617431640626,-0.9619140625,-0.2447662353515625,0.1150665283203125
1760554581196622300,54.71862231445313,-0.9605712890625,-0.2469635009765625,0.11334228515625
1760554581206626300,54.72862622070313,-0.95989990234375,-0.2471923828125,0.1118927001953125
1760554581216631300,54.73863134765625,-0.961151123046875,-0.2458343505859375,0.1139373779296875
1760554581226635500,54.74863549804687,-0.961517333984375,-0.2464752197265625,0.1132965087890625
1760554581236639500,54.75863940429687,-0.96124267578125,-0.2457122802734375,0.1139678955078125
1760554581246644500,54.76864453125,-0.962188720703125,-0.2450714111328125,0.116241455078125
1760554581256648200,54.77864819335937,-0.9615478515625,-0.2434844970703125,0.1176605224609375
1760554581266652400,54.78865234375,-0.96282958984375,-0.2428741455078125,0.122222900390625
1760554581276657400,54.79865747070313,-0.9639129638671875,-0.240264892578125,0.124053955078125
1760554581286661400,54.808661376953125,-0.9523162841796875,-0.2429656982421875,0.1220245361328125
1760554581296665300,54.818665283203124,-0.964447021484375,-0.2413482666015625,0.116668701171875
1760554581306670300,54.82867041015625,-0.9703369140625,-0.24176025390625,0.125457763671875
1760554581316674600,54.83867456054688,-0.9623565673828125,-0.239288330078125,0.12554931640625
1760554581326678500,54.848678466796876,-0.96295166015625,-0.240631103515625,0.12530517578125
1760554581336683500,54.85868359375,-0.9616546630859375,-0.2385711669921875,0.1270904541015625
1760554581346686700,54.868686767578126,-0.959320068359375,-0.2400054931640625,0.123260498046875
1760554581356691000,54.87869091796875,-0.9372406005859375,-0.24005126953125,0.1250457763671875
1760554581366696000,54.88869604492187,-0.9027557373046875,-0.234649658203125,0.109832763671875
1760554581376699600,54.89869970703125,-0.931060791015625,-0.2413177490234375,0.1150054931640625
1760554581386703600,54.90870361328125,-1.0297088623046875,-0.2361907958984375,0.0996856689453125
1760554581396708600,54.91870849609375,-1.04400634765625,-0.23638916015625,0.09820556640625
1760554581406712800,54.928712890625,-1.027740478515625,-0.2296295166015625,0.1568450927734375
1760554581416717800,54.9387177734375,-1.0933990478515625,-0.2596282958984375,0.0500946044921875
1760554581426721800,54.9487216796875,-0.8594512939453125,-0.21673583984375,0.13323974609375
1760554581436725800,54.95872583007812,-0.6790008544921875,-0.2342529296875,0.122344970703125
1760554581446730800,54.968730712890626,-1.1568603515625,-0.2520599365234375,0.100006103515625
1760554581456734700,54.978734619140624,-1.0049285888671875,-0.2515716552734375,0.12811279296875
1760554581466738700,54.98873876953125,-0.8510894775390625,-0.2332305908203125,0.135284423828125
1760554581476743700,54.99874365234375,-1.0171356201171875,-0.244781494140625,0.11083984375
1760554581486747600,55.00874755859375,-0.9504852294921875,-0.2409210205078125,0.1291961669921875
1760554581496751900,55.018751953125,-0.9619293212890625,-0.241851806640625,0.1169586181640625
1760554581506756900,55.0287568359375,-0.9631805419921875,-0.2378692626953125,0.1270904541015625
1760554581516760800,55.0387607421875,-0.9626922607421875,-0.2396697998046875,0.12701416015625
1760554581526764800,55.04876489257813,-0.964080810546875,-0.2360992431640625,0.123291015625
1760554581536769800,55.05876977539062,-0.9644012451171875,-0.2399749755859375,0.119659423828125
1760554581546773800,55.06877368164062,-0.9920806884765625,-0.240142822265625,0.12896728515625
1760554581556777700,55.07877783203125,-1.124267578125,-0.2445220947265625,0.145172119140625
1760554581566782700,55.08878271484375,-1.2098846435546875,-0.2479400634765625,0.131378173828125
1760554581576786700,55.09878662109375,-1.1451873779296875,-0.247528076171875,0.1106719970703125
1760554581586791000,55.108791015625,-1.066314697265625,-0.247802734375,0.1718597412109375
1760554581596796000,55.1187958984375,-1.0525360107421875,-0.2555694580078125,0.1179656982421875
1760554581606800000,55.1287998046875,-1.0684967041015625,-0.2612457275390625,0.1326751708984375
1760554581616803800,55.138803955078124,-1.0779266357421875,-0.26507568359375,0.1406707763671875
1760554581626808800,55.14880883789063,-1.1391448974609375,-0.2757720947265625,0.099090576171875
1760554581636812800,55.158812744140626,-1.1515045166015625,-0.28289794921875,0.1594696044921875
1760554581646816800,55.168816650390625,-1.09735107421875,-0.28826904296875,0.149200439453125
1760554581656821800,55.17882177734375,-1.03369140625,-0.2980194091796875,0.1100311279296875
1760554581666825700,55.18882568359375,-0.9671630859375,-0.3062896728515625,0.0948638916015625
1760554581676830700,55.19883081054687,-0.92828369140625,-0.311614990234375,0.14337158203125
1760554581686834700,55.20883471679687,-0.93731689453125,-0.327423095703125,0.095611572265625
1760554581696839000,55.2188388671875,-0.857421875,-0.3365325927734375,0.002410888671875
1760554581706844000,55.228843994140625,-0.76202392578125,-0.3552093505859375,0.24737548828125
1760554581716847600,55.23884765625,-0.8641357421875,-0.3720703125,0.2061004638671875
1760554581726851600,55.2488515625,-0.9574432373046875,-0.3873291015625,0.1121368408203125
1760554581736856600,55.258856689453125,-0.956268310546875,-0.391632080078125,0.1915435791015625
1760554581746860800,55.26886083984375,-0.935455322265625,-0.401763916015625,0.145111083984375
1760554581756864800,55.27886474609375,-0.9721832275390625,-0.4076080322265625,0.16790771484375
1760554581766869800,55.28886987304688,-1.0207672119140625,-0.4227142333984375,0.203399658203125
1760554581776873700,55.298873779296876,-1.0546722412109375,-0.4351654052734375,0.1926422119140625
1760554581786878000,55.3088779296875,-1.05291748046875,-0.437591552734375,0.1847991943359375
1760554581796883000,55.31888305664062,-1.09259033203125,-0.4495086669921875,0.1487274169921875
1760554581806886700,55.32888671875,-1.180267333984375,-0.456695556640625,0.1575164794921875
1760554581816890600,55.338890625,-0.68408203125,-0.4767608642578125,0.030181884765625
1760554581826895600,55.3488955078125,-0.6605072021484375,-0.4609527587890625,0.066009521484375
1760554581836899800,55.35889990234375,-0.94085693359375,-0.5307464599609375,0.197845458984375
1760554581846903800,55.36890380859375,-0.9002532958984375,-0.531097412109375,0.2068939208984375
1760554581856908800,55.37890869140625,-0.793975830078125,-0.536529541015625,0.14190673828125
1760554581866912800,55.38891284179687,-0.83245849609375,-0.540008544921875,0.2228851318359375
1760554581876917000,55.3989169921875,-0.74151611328125,-0.5864105224609375,0.182220458984375
1760554581886922000,55.408921875,-0.8628387451171875,-0.6106719970703125,0.0824432373046875
1760554581896925700,55.41892578125,-0.984893798828125,-0.5948028564453125,0.0903472900390625
1760554581906929700,55.4289296875,-0.766632080078125,-0.550445556640625,-0.155181884765625
1760554581916934700,55.4389345703125,-0.763885498046875,-0.62872314453125,-0.156158447265625
1760554581926939000,55.44893896484375,-0.5803985595703125,-0.8161163330078125,0.1810760498046875
1760554581936942800,55.45894287109375,-0.4126129150390625,-0.7521209716796875,0.12054443359375
1760554581946947800,55.46894775390625,-0.464691162109375,-0.834381103515625,0.02899169921875
1760554581956951800,55.47895190429688,-0.685150146484375,-1.061981201171875,0.15679931640625
1760554581966956800,55.48895678710937,-0.8092803955078125,-1.350494384765625,0.2031402587890625
1760554581976960800,55.49896069335937,-0.7092742919921875,-1.5497589111328125,0.182891845703125
1760554581986964700,55.50896484375,-0.5352935791015625,-1.6785888671875,0.106842041015625
1760554581996969700,55.5189697265625,-0.366912841796875,-1.6758270263671875,0.2537078857421875
1760554582006973700,55.5289736328125,-0.2448577880859375,-1.5353851318359375,0.499298095703125
1760554582016977700,55.53897778320312,0.067962646484375,-1.5113372802734375,0.48809814453125
1760554582026983000,55.54898291015625,0.3099212646484375,-1.484100341796875,0.2999420166015625
1760554582036987000,55.55898681640625,0.461669921875,-1.3397674560546875,0.346893310546875
1760554582046990800,55.568990966796875,0.77801513671875,-1.307281494140625,0.2379302978515625
1760554582056995800,55.57899584960938,0.84539794921875,-1.35919189453125,0.031280517578125
1760554582066999600,55.58899951171875,0.6285552978515625,-1.2587890625,0.1229705810546875
1760554582077003800,55.599003662109375,0.6069488525390625,-1.2617950439453125,0.0926666259765625
1760554582087008800,55.6090087890625,0.6274261474609375,-1.3817901611328125,0.049468994140625
1760554582097012700,55.6190126953125,0.5620574951171875,-1.4988250732421875,0.13690185546875
1760554582107016700,55.6290166015625,0.4826507568359375,-1.6694183349609375,0.2357025146484375
1760554582117021700,55.63902172851562,0.3741302490234375,-1.8187713623046875,0.3031463623046875
1760554582127026000,55.64902587890625,0.1500244140625,-1.845611572265625,0.4372100830078125
1760554582137030000,55.65902978515625,-0.0530242919921875,-1.8234100341796875,0.455047607421875
1760554582147035000,55.669034912109375,-0.0244903564453125,-1.805511474609375,0.4104461669921875
1760554582157038600,55.67903857421875,0.086395263671875,-1.7062530517578125,0.5233306884765625
1760554582167042800,55.68904272460937,0.216705322265625,-1.6967926025390625,0.54986572265625
1760554582177047800,55.6990478515625,0.2813262939453125,-1.754150390625,0.4697265625
1760554582187051800,55.7090517578125,0.28717041015625,-1.72357177734375,0.48004150390625
1760554582197055700,55.7190556640625,0.308746337890625,-1.6906585693359375,0.454010009765625
1760554582207060700,55.72906079101563,0.2912445068359375,-1.6478424072265625,0.4949493408203125
1760554582217065000,55.73906494140625,0.22698974609375,-1.672271728515625,0.5351409912109375
1760554582227068700,55.749068603515624,0.2119293212890625,-1.7156982421875,0.4756927490234375
1760554582237073700,55.75907373046875,0.1951446533203125,-1.6728515625,0.47076416015625
1760554582247077600,55.76907763671875,0.2044525146484375,-1.603363037109375,0.46258544921875
1760554582257081900,55.77908178710938,0.206573486328125,-1.538055419921875,0.4819183349609375
1760554582267086800,55.7890869140625,0.138427734375,-1.4652557373046875,0.534271240234375
1760554582277090800,55.7990908203125,0.1397705078125,-1.4264678955078125,0.5479583740234375
1760554582287094800,55.8090947265625,0.0974273681640625,-1.393768310546875,0.5592041015625
1760554582297099800,55.819099853515624,-0.0323944091796875,-1.410491943359375,0.5438232421875
1760554582307104000,55.82910400390625,-0.16949462890625,-1.4064483642578125,0.4097442626953125
1760554582317107700,55.83910766601562,-0.27734375,-1.33544921875,0.3020477294921875
1760554582327112700,55.84911279296875,-0.384796142578125,-1.240875244140625,0.2239990234375
1760554582337116700,55.85911669921875,-0.42999267578125,-1.175323486328125,0.1857757568359375
1760554582347120600,55.86912060546875,-0.4773712158203125,-1.11590576171875,0.171539306640625
1760554582357125600,55.879125732421876,-0.50848388671875,-1.1011962890625,0.150146484375
1760554582367129900,55.8891298828125,-0.512542724609375,-1.0755615234375,0.096893310546875
1760554582377133800,55.8991337890625,-0.505767822265625,-0.9970703125,0.0088348388671875
1760554582387138800,55.90913891601563,-0.4871368408203125,-0.8807220458984375,-0.0618896484375
1760554582397142800,55.91914282226563,-0.47430419921875,-0.8144989013671875,-0.0436553955078125
1760554582407147800,55.92914770507812,-0.4044952392578125,-0.7574310302734375,-0.02569580078125
1760554582417152000,55.93915209960937,-0.3038482666015625,-0.768035888671875,-0.0822296142578125
1760554582427155700,55.94915576171875,-0.351776123046875,-0.8917999267578125,-0.169219970703125
1760554582437160700,55.95916064453125,-0.39892578125,-0.9715118408203125,-0.2187042236328125
1760554582447164700,55.96916455078125,-0.4613037109375,-0.942108154296875,-0.1666717529296875
1760554582457169000,55.9791689453125,-0.408721923828125,-0.7832489013671875,-0.006622314453125
1760554582467172900,55.9891728515625,-0.3592071533203125,-0.7261505126953125,0.0432281494140625
1760554582477176800,55.9991767578125,-0.322479248046875,-0.73626708984375,0.1581573486328125
1760554582487181800,56.009181884765624,-0.295318603515625,-0.5796966552734375,0.3090057373046875
1760554582497185800,56.01918579101562,-0.2446136474609375,-0.51312255859375,0.28057861328125
1760554582507189800,56.02918969726562,-0.2240142822265625,-0.54443359375,0.189727783203125
1760554582517194800,56.03919482421875,-0.2855072021484375,-0.5916748046875,0.1124267578125
1760554582527198700,56.04919873046875,-0.392242431640625,-0.6035003662109375,0.1699371337890625
1760554582537203000,56.059202880859374,-0.4510650634765625,-0.54931640625,0.3305816650390625
1760554582547208000,56.0692080078125,-0.487762451171875,-0.427581787109375,0.3964080810546875
1760554582557212000,56.0792119140625,-0.4959716796875,-0.2958526611328125,0.398193359375
1760554582567215900,56.0892158203125,-0.47314453125,-0.178070068359375,0.400604248046875
1760554582577220900,56.09922094726563,-0.4735107421875,-0.074188232421875,0.3669586181640625
1760554582587224800,56.10922485351563,-0.4549407958984375,-0.0308074951171875,0.27947998046875
1760554582597228800,56.119228759765626,-0.4320831298828125,-0.042236328125,0.1999664306640625
1760554582607233800,56.12923388671875,-0.405914306640625,-0.089141845703125,0.169921875
1760554582617237800,56.13923779296875,-0.6573333740234375,-0.044921875,0.3348541259765625
1760554582627242800,56.14924267578125,-1.0039825439453125,-0.058685302734375,0.81414794921875
1760554582637246700,56.159246826171874,-0.6211090087890625,-0.175140380859375,0.223358154296875
1760554582647251000,56.1692509765625,-0.573699951171875,-0.0323638916015625,-0.2554473876953125
1760554582657255000,56.1792548828125,-0.49267578125,0.0879669189453125,0.264678955078125
1760554582667260000,56.189260009765626,-0.480194091796875,0.043670654296875,0.3049774169921875
1760554582677263600,56.199263671875,-0.4683685302734375,-0.087677001953125,0.1811981201171875
1760554582687268600,56.2092685546875,-0.5339508056640625,-0.2242431640625,0.3390350341796875
1760554582697272800,56.21927294921875,-0.8445892333984375,-0.3918914794921875,0.38836669921875
1760554582707276800,56.22927685546875,-0.8397064208984375,-0.412567138671875,0.1157989501953125
1760554582717281800,56.23928173828125,-0.7943115234375,-0.3358612060546875,0.557098388671875
1760554582727285800,56.24928564453125,-0.7542877197265625,-0.3900604248046875,0.9646148681640625
1760554582737290000,56.2592900390625,-0.841705322265625,-0.5294342041015625,0.7448577880859375
1760554582747295000,56.269294921875,-0.928924560546875,-0.5584564208984375,0.517242431640625
1760554582757298700,56.27929858398438,-0.9056396484375,-0.4175262451171875,0.351226806640625
1760554582767302700,56.289302734375,-0.8079986572265625,-0.2601318359375,0.3322601318359375
1760554582777307600,56.2993076171875,-0.69256591796875,-0.1316070556640625,0.363067626953125
1760554582787311900,56.30931176757812,-0.1962432861328125,-0.0265350341796875,0.469573974609375
1760554582797315800,56.31931591796875,-0.2871246337890625,-0.0591278076171875,0.3869781494140625
1760554582807320800,56.32932080078125,-0.5135650634765625,-0.016754150390625,0.2895660400390625
1760554582817324800,56.33932470703125,-0.61181640625,-0.1114044189453125,0.3291168212890625
1760554582827329000,56.3493291015625,-0.5914154052734375,-0.21807861328125,0.1978759765625
1760554582837334000,56.359333984375,-0.8990020751953125,-0.152984619140625,0.2579345703125
1760554582847337700,56.369337646484375,-1.10235595703125,-0.1896514892578125,0.22894287109375
1760554582857341700,56.379341796875,-1.1619873046875,-0.2443695068359375,0.3219451904296875
1760554582867346700,56.3893466796875,-1.1511383056640625,-0.3321685791015625,0.430328369140625
1760554582877351000,56.39935083007813,-1.058349609375,-0.3267974853515625,0.436309814453125
1760554582887355000,56.40935498046875,-0.8630828857421875,-0.24755859375,0.3808135986328125
1760554582897360000,56.41935986328125,-0.64422607421875,-0.1757659912109375,0.3116302490234375
1760554582907363800,56.42936376953125,-0.4712677001953125,-0.130035400390625,0.27178955078125
1760554582917367800,56.43936791992188,-0.377716064453125,-0.121063232421875,0.2780303955078125
1760554582927373000,56.449373046875,-0.378143310546875,-0.13037109375,0.324188232421875
1760554582937376800,56.45937670898437,-0.495330810546875,-0.151885986328125,0.3946075439453125
1760554582947380700,56.46938061523438,-0.66632080078125,-0.1979827880859375,0.4703826904296875
1760554582957385700,56.4793857421875,-0.84307861328125,-0.265472412109375,0.5330657958984375
1760554582967389700,56.4893896484375,-1.0060577392578125,-0.318084716796875,0.581634521484375
1760554582977394000,56.49939379882812,-1.0606842041015625,-0.3361053466796875,0.5543060302734375
1760554582987399000,56.50939892578125,-1.04339599609375,-0.3207855224609375,0.4654541015625
1760554582997403000,56.51940283203125,-1.0184478759765625,-0.269622802734375,0.3837890625
1760554583007407900,56.52940795898437,-0.97589111328125,-0.216766357421875,0.2676544189453125
1760554583017411600,56.53941162109375,-0.9092864990234375,-0.1722259521484375,0.105743408203125
1760554583027415800,56.54941577148438,-0.9001312255859375,-0.1292877197265625,-0.020843505859375
1760554583037420800,56.5594208984375,-0.9175872802734375,-0.0874481201171875,-0.08203125
1760554583047424800,56.5694248046875,-0.9287567138671875,-0.0628814697265625,-0.0933380126953125
1760554583057428700,56.5794287109375,-0.9369964599609375,-0.053497314453125,-0.09552001953125
1760554583067433700,56.589433837890624,-0.9459381103515625,-0.0624847412109375,-0.08837890625
1760554583077438000,56.59943798828125,-0.95635986328125,-0.0892333984375,-0.07501220703125
1760554583087442000,56.60944189453125,-0.9694366455078125,-0.1232147216796875,-0.057403564453125
1760554583097447000,56.619447021484376,-0.9950408935546875,-0.157958984375,-0.0198822021484375
1760554583107450600,56.62945068359375,-0.998931884765625,-0.1950225830078125,0.0191802978515625
1760554583117454800,56.639454833984374,-0.9844207763671875,-0.2233428955078125,0.04180908203125
1760554583127459800,56.6494599609375,-0.9657440185546875,-0.2491912841796875,0.0329437255859375
1760554583137463800,56.6594638671875,-0.945281982421875,-0.2584991455078125,0.0047454833984375
1760554583147467800,56.6694677734375,-0.9329833984375,-0.252685546875,-0.0095977783203125
1760554583157472800,56.67947265625,-0.9331817626953125,-0.2433929443359375,0.005035400390625
1760554583167477000,56.68947705078125,-0.9361419677734375,-0.2364959716796875,0.02728271484375
1760554583177481000,56.69948095703125,-0.9208984375,-0.24462890625,0.0625
1760554583187486000,56.70948583984375,-0.8876800537109375,-0.2494659423828125,0.1217498779296875
1760554583197489700,56.71948974609375,-0.8585357666015625,-0.259918212890625,0.177642822265625
1760554583207494700,56.72949462890625,-0.83868408203125,-0.2868194580078125,0.2371978759765625
1760554583217499000,56.73949877929687,-0.8431549072265625,-0.31182861328125,0.277374267578125
1760554583227502800,56.7495029296875,-0.8228302001953125,-0.3130645751953125,0.242584228515625
1760554583237507800,56.7595078125,-0.8063507080078125,-0.3019866943359375,0.1852874755859375
1760554583247511800,56.76951171875,-0.805633544921875,-0.2857513427734375,0.1570281982421875
1760554583257516000,56.77951611328125,-0.810882568359375,-0.2803802490234375,0.1596527099609375
1760554583267521000,56.78952099609375,-0.8302459716796875,-0.2866973876953125,0.1811676025390625
1760554583277524700,56.799524658203126,-0.85675048828125,-0.304443359375,0.1883087158203125
1760554583287528700,56.80952880859375,-0.8746490478515625,-0.3086395263671875,0.1693572998046875
1760554583297533700,56.81953369140625,-0.8665771484375,-0.3094635009765625,0.1505126953125
1760554583307538000,56.82953784179688,-0.83740234375,-0.3005828857421875,0.1588897705078125
1760554583317542000,56.8395419921875,-0.807037353515625,-0.2935943603515625,0.1956329345703125
1760554583327547000,56.849546875,-0.7869720458984375,-0.299530029296875,0.2189483642578125
1760554583337550800,56.85955078125,-0.7712554931640625,-0.3093414306640625,0.2147369384765625
1760554583347554800,56.86955493164062,-0.789306640625,-0.315093994140625,0.189727783203125
1760554583357559800,56.879559814453124,-0.811737060546875,-0.3227996826171875,0.1633148193359375
1760554583367564000,56.88956396484375,-0.8096923828125,-0.327117919921875,0.1509857177734375
1760554583377569000,56.89956909179688,-0.8129119873046875,-0.337860107421875,0.1341400146484375
1760554583387573000,56.909572998046876,-0.8493499755859375,-0.34149169921875,0.1125335693359375
1760554583397577000,56.919576904296875,-0.90008544921875,-0.3291473388671875,0.1010894775390625
1760554583407582000,56.92958203125,-0.9319915771484375,-0.322784423828125,0.1124725341796875
1760554583417586200,56.93958618164063,-0.95184326171875,-0.3121795654296875,0.128509521484375
1760554583427590100,56.94959008789063,-0.990631103515625,-0.2896728515625,0.142974853515625
1760554583437595100,56.95959521484375,-1.05975341796875,-0.2666015625,0.1615753173828125
1760554583447598800,56.96959887695313,-1.112548828125,-0.2412261962890625,0.16851806640625
1760554583457603000,56.97960302734375,-1.1407318115234375,-0.2075042724609375,0.1553192138671875
1760554583467608000,56.989608154296874,-1.1201629638671875,-0.1876068115234375,0.1297760009765625
1760554583477612000,56.99961206054687,-1.0576019287109375,-0.1981964111328125,0.104949951171875
1760554583487616000,57.00961596679687,-1.0130767822265625,-0.2360382080078125,0.0769805908203125
1760554583497621000,57.01962109375,-0.9991302490234375,-0.26165771484375,0.0693206787109375
1760554583507625200,57.029625244140625,-1.011474609375,-0.246612548828125,0.096771240234375
1760554583517629000,57.03962890625,-1.0167694091796875,-0.226806640625,0.1164093017578125
1760554583527634200,57.04963427734375,-1.02557373046875,-0.213531494140625,0.1364898681640625
1760554583537638000,57.059637939453125,-1.0366363525390625,-0.1952667236328125,0.16705322265625
1760554583547643000,57.06964282226563,-1.0461883544921875,-0.1716766357421875,0.206451416015625
1760554583557647000,57.07964721679687,-1.0568084716796875,-0.1474456787109375,0.238006591796875
1760554583567651000,57.08965112304688,-1.0523834228515625,-0.1407470703125,0.234222412109375
1760554583577656000,57.09965600585937,-1.0177001953125,-0.148284912109375,0.2226104736328125
1760554583587660000,57.10965991210937,-0.9775238037109375,-0.16162109375,0.2151947021484375
1760554583597664000,57.1196640625,-0.9343109130859375,-0.188751220703125,0.1863555908203125
1760554583607669000,57.1296689453125,-0.8928680419921875,-0.2186431884765625,0.1531219482421875
1760554583617673000,57.1396728515625,-0.860626220703125,-0.2398529052734375,0.1317901611328125
1760554583627677000,57.14967700195312,-0.8426971435546875,-0.25128173828125,0.116790771484375
1760554583637682000,57.159681884765625,-0.8360137939453125,-0.2499237060546875,0.118011474609375
1760554583647686000,57.169685791015624,-0.8470458984375,-0.2390899658203125,0.131317138671875
1760554583657690000,57.179690185546875,-0.8701629638671875,-0.217376708984375,0.134368896484375
1760554583667695000,57.18969506835938,-0.894317626953125,-0.2053070068359375,0.1299896240234375
1760554583677699000,57.199698974609376,-0.92657470703125,-0.1966705322265625,0.1356353759765625
1760554583687704000,57.2097041015625,-0.97271728515625,-0.1735382080078125,0.1370697021484375
1760554583697708000,57.2197080078125,-1.0362548828125,-0.140106201171875,0.16607666015625
1760554583707712000,57.2297119140625,-1.0659637451171875,-0.1032562255859375,0.2010955810546875
1760554583717717000,57.23971704101562,-1.04864501953125,-0.0856170654296875,0.2111968994140625
1760554583727721000,57.24972094726562,-1.0308990478515625,-0.0684661865234375,0.2280426025390625
1760554583737725000,57.25972485351563,-1.00213623046875,-0.038604736328125,0.2515716552734375
1760554583747730000,57.26972998046875,-0.9366912841796875,-0.03643798828125,0.2821502685546875
1760554583757734100,57.279734130859374,-0.857574462890625,-0.0543975830078125,0.3062286376953125
1760554583767738000,57.28973803710937,-0.8111419677734375,-0.06964111328125,0.2782745361328125
1760554583777743000,57.2997431640625,-0.8176727294921875,-0.0682525634765625,0.278839111328125
1760554583787747000,57.3097470703125,-0.8530426025390625,-0.062530517578125,0.302642822265625
1760554583797751000,57.3197509765625,-0.8983306884765625,-0.0713958740234375,0.2978515625
1760554583807756000,57.32975610351563,-0.94732666015625,-0.0696563720703125,0.2695159912109375
1760554583817760000,57.33976000976563,-0.9890594482421875,-0.04931640625,0.2564544677734375
1760554583827764000,57.349763916015625,-1.001922607421875,-0.0471038818359375,0.270263671875
1760554583837769000,57.35976904296875,-1.006927490234375,-0.0662689208984375,0.2812042236328125
1760554583847773200,57.36977319335937,-1.0535430908203125,-0.0901641845703125,0.2603607177734375
1760554583857777200,57.37977709960938,-1.1642608642578125,-0.1534881591796875,0.199615478515625
1760554583867782100,57.3897822265625,-1.0790252685546875,-0.1860809326171875,0.2219696044921875
1760554583877785900,57.39978588867187,-0.9859771728515625,-0.1766204833984375,0.2327423095703125
1760554583887790800,57.409790771484374,-0.89984130859375,-0.1719818115234375,0.2647552490234375
1760554583897795000,57.419795166015625,-0.8266143798828125,-0.1800689697265625,0.287506103515625
1760554583907799000,57.429799072265624,-0.7828521728515625,-0.1546478271484375,0.26434326171875
1760554583917804000,57.439803955078126,-0.793548583984375,-0.143798828125,0.2746124267578125
1760554583927808000,57.44980810546875,-0.849029541015625,-0.1532135009765625,0.27862548828125
1760554583937812000,57.45981201171875,-0.9403839111328125,-0.127227783203125,0.2615509033203125
1760554583947817000,57.46981689453125,-0.9843902587890625,-0.0946807861328125,0.230010986328125
1760554583957821200,57.4798212890625,-1.012664794921875,-0.1371917724609375,0.21368408203125
1760554583967825000,57.489824951171876,-1.03704833984375,-0.192779541015625,0.20074462890625
1760554583977830000,57.49982983398438,-1.051513671875,-0.2503509521484375,0.1775054931640625
1760554583987833900,57.50983374023438,-1.0677337646484375,-0.299041748046875,0.15673828125
1760554583997838000,57.51983813476563,-1.056488037109375,-0.27813720703125,0.163055419921875
1760554584007843000,57.52984301757812,-1.0422210693359375,-0.26275634765625,0.1960601806640625
1760554584017847000,57.53984692382812,-1.0384063720703125,-0.3226318359375,0.207855224609375
1760554584027851000,57.54985107421875,-1.0163421630859375,-0.345611572265625,0.1994781494140625
1760554584037856000,57.55985595703125,-0.9729766845703125,-0.3269500732421875,0.200042724609375
1760554584047860000,57.56985986328125,-0.929962158203125,-0.2867431640625,0.2319183349609375
1760554584057864000,57.57986401367187,-0.9139404296875,-0.2513427734375,0.2480926513671875
1760554584067869000,57.589868896484376,-0.913726806640625,-0.2189483642578125,0.2642974853515625
1760554584077873000,57.599872802734374,-0.932830810546875,-0.1928558349609375,0.2819061279296875
1760554584087877000,57.609877197265625,-0.9356231689453125,-0.182647705078125,0.2811126708984375
1760554584097882000,57.61988208007813,-0.9192657470703125,-0.1975555419921875,0.2978973388671875
1760554584107886000,57.62988598632813,-0.905853271484375,-0.22344970703125,0.3033905029296875
1760554584117890000,57.63989013671875,-0.8853302001953125,-0.2456817626953125,0.2835693359375
1760554584127895000,57.64989501953125,-0.8548736572265625,-0.2645111083984375,0.261138916015625
1760554584137899000,57.65989892578125,-0.8525848388671875,-0.29132080078125,0.2422332763671875
1760554584147903000,57.66990307617188,-0.8548431396484375,-0.3064727783203125,0.2396697998046875
1760554584157908000,57.67990795898437,-0.85980224609375,-0.3168792724609375,0.24005126953125
1760554584167912000,57.68991186523437,-0.88232421875,-0.34259033203125,0.2094268798828125
1760554584177916200,57.69991625976562,-0.9117431640625,-0.36474609375,0.1652069091796875
1760554584187921200,57.709921142578125,-0.94366455078125,-0.3785552978515625,0.1247406005859375
1760554584197925000,57.719925048828124,-0.96527099609375,-0.377655029296875,0.1222686767578125
1760554584207929000,57.72992919921875,-0.964508056640625,-0.360260009765625,0.1395263671875
1760554584217934000,57.73993408203125,-0.7843780517578125,-0.36920166015625,0.1848297119140625
1760554584227938000,57.74993798828125,-0.846954345703125,-0.30511474609375,0.1592254638671875
1760554584237942000,57.75994189453125,-0.9792633056640625,-0.2901458740234375,0.1322021484375
1760554584247947000,57.76994702148438,-0.994964599609375,-0.3547210693359375,0.16656494140625
1760554584257951000,57.779950927734376,-0.9998779296875,-0.3643646240234375,0.191925048828125
1760554584267955000,57.789954833984375,-1.004547119140625,-0.367919921875,0.1858062744140625
1760554584277960000,57.7999599609375,-0.993072509765625,-0.389129638671875,0.1458282470703125
1760554584287964200,57.80996411132813,-1.00286865234375,-0.4012451171875,0.0845489501953125
1760554584297967900,57.8199677734375,-1.009552001953125,-0.4097900390625,0.0357208251953125
1760554584307972900,57.82997290039062,-1.0136871337890625,-0.4190521240234375,0.0306243896484375
1760554584317976800,57.83997680664063,-1.00946044921875,-0.3955078125,0.029388427734375
1760554584327981800,57.84998193359375,-0.992462158203125,-0.4091644287109375,0.0398101806640625
1760554584337986000,57.859986083984374,-0.9723663330078125,-0.431365966796875,0.0667724609375
1760554584347990000,57.86998999023437,-0.9617767333984375,-0.38848876953125,0.0495758056640625
1760554584357995000,57.8799951171875,-0.9390106201171875,-0.357330322265625,0.053558349609375
1760554584367999000,57.8899990234375,-0.920654296875,-0.3259124755859375,0.072021484375
1760554584378003200,57.900003173828125,-0.925567626953125,-0.3009185791015625,0.077667236328125
1760554584388008200,57.91000830078125,-0.9514923095703125,-0.2857513427734375,0.06622314453125
1760554584398012000,57.92001196289063,-0.97052001953125,-0.2802886962890625,0.0494384765625
1760554584408016000,57.930015869140625,-0.9701080322265625,-0.2871246337890625,0.0310821533203125
1760554584418020900,57.94002075195313,-0.9683380126953125,-0.3039398193359375,0.016937255859375
1760554584428025000,57.95002514648438,-0.964935302734375,-0.3302154541015625,0.0150909423828125
1760554584438029000,57.96002905273438,-0.930999755859375,-0.3582000732421875,0.0283355712890625
1760554584448034000,57.97003393554687,-0.8858795166015625,-0.39422607421875,0.04901123046875
1760554584458038000,57.9800380859375,-0.8528289794921875,-0.422332763671875,0.0652923583984375
1760554584468042200,57.99004223632812,-0.83563232421875,-0.440673828125,0.0750885009765625
1760554584478047200,58.000047119140625,-0.83929443359375,-0.4436492919921875,0.0760345458984375
1760554584488051000,58.010051025390624,-0.8518218994140625,-0.4359283447265625,0.0765533447265625
1760554584498055000,58.02005493164062,-0.86273193359375,-0.4147186279296875,0.0737457275390625
1760554584508060000,58.030059814453125,-0.88592529296875,-0.3880462646484375,0.0776824951171875
1760554584518064000,58.040064208984376,-0.9242706298828125,-0.362457275390625,0.0895233154296875
1760554584528068000,58.050068115234374,-0.9547576904296875,-0.3502349853515625,0.100616455078125
1760554584538073000,58.06007299804688,-0.9457244873046875,-0.3423309326171875,0.0996551513671875
1760554584548077000,58.0700771484375,-0.9181976318359375,-0.33984375,0.1015625
1760554584558081000,58.0800810546875,-0.903717041015625,-0.340545654296875,0.116912841796875
1760554584568086000,58.0900859375,-0.90069580078125,-0.3354339599609375,0.1194610595703125
1760554584578090000,58.10009008789063,-0.912567138671875,-0.3328857421875,0.1329345703125
1760554584588094000,58.11009399414063,-0.9331512451171875,-0.3328399658203125,0.1571044921875
1760554584598099000,58.12009887695312,-0.95025634765625,-0.3379669189453125,0.159759521484375
1760554584608103000,58.13010302734375,-0.966156005859375,-0.3397979736328125,0.14276123046875
1760554584618107100,58.14010717773437,-0.968414306640625,-0.34661865234375,0.13232421875
1760554584628112100,58.150112060546874,-0.9699249267578125,-0.352294921875,0.1316070556640625
1760554584638116000,58.1601162109375,-0.9752349853515625,-0.3473052978515625,0.143280029296875
1760554584648119800,58.17011987304687,-0.9668426513671875,-0.34783935546875,0.146453857421875
1760554584658124800,58.180124755859374,-0.9430084228515625,-0.348602294921875,0.1503143310546875
1760554584668129000,58.19012890625,-0.908905029296875,-0.35101318359375,0.1474609375
1760554584678133000,58.200133056640624,-0.8858184814453125,-0.35028076171875,0.135284423828125
1760554584688138000,58.210137939453126,-0.8719024658203125,-0.3548736572265625,0.119781494140625
1760554584698142000,58.220141845703125,-0.86822509765625,-0.36651611328125,0.1177215576171875
1760554584708146200,58.230146240234376,-0.8715972900390625,-0.3807220458984375,0.125274658203125
1760554584718151200,58.24015112304688,-0.8743896484375,-0.3856201171875,0.126617431640625
1760554584728155100,58.25015502929688,-0.88336181640625,-0.3820648193359375,0.1207122802734375
1760554584738158800,58.260158935546876,-0.89990234375,-0.38043212890625,0.1193389892578125
1760554584748163800,58.27016381835937,-0.9196929931640625,-0.387603759765625,0.1117095947265625
1760554584758168000,58.28016796875,-0.932830810546875,-0.3918914794921875,0.1041259765625
1760554584768172000,58.29017211914063,-0.930694580078125,-0.39715576171875,0.1007843017578125
1760554584778177000,58.300177001953124,-0.9072418212890625,-0.3955078125,0.099212646484375
1760554584788181000,58.31018090820312,-0.8777008056640625,-0.3900604248046875,0.10205078125
1760554584798185200,58.32018530273437,-0.8650054931640625,-0.3841552734375,0.10040283203125
1760554584808190200,58.330190185546876,-0.871124267578125,-0.37774658203125,0.096527099609375
1760554584818194000,58.34019384765625,-0.8755035400390625,-0.3766632080078125,0.113037109375
1760554584828198000,58.35019799804687,-0.8844451904296875,-0.3806610107421875,0.124755859375
1760554584838203000,58.360202880859376,-0.896209716796875,-0.38140869140625,0.12420654296875
1760554584848207000,58.37020703125,-0.8958892822265625,-0.3841552734375,0.1110382080078125
1760554584858211000,58.380211181640625,-0.881317138671875,-0.394012451171875,0.104339599609375
1760554584868216000,58.39021606445313,-0.859222412109375,-0.400604248046875,0.0966644287109375
1760554584878220000,58.40021997070313,-0.848388671875,-0.4033355712890625,0.0906524658203125
1760554584888224000,58.41022412109375,-0.8555908203125,-0.402435302734375,0.094970703125
1760554584898229200,58.42022924804687,-0.8775177001953125,-0.393951416015625,0.101348876953125
1760554584908233000,58.43023291015625,-0.9015045166015625,-0.383636474609375,0.1036224365234375
1760554584918237000,58.44023681640625,-0.9148101806640625,-0.384613037109375,0.0994720458984375
1760554584928242000,58.45024194335937,-0.933319091796875,-0.390777587890625,0.10382080078125
1760554584938246000,58.46024584960937,-0.95733642578125,-0.3856201171875,0.104888916015625
1760554584948250000,58.47025,-0.9692840576171875,-0.37127685546875,0.10784912109375
1760554584958255000,58.480255126953125,-0.9697265625,-0.360565185546875,0.128143310546875
1760554584968259000,58.490259033203124,-0.9488372802734375,-0.3546905517578125,0.1477508544921875
1760554584978263000,58.50026293945312,-0.926666259765625,-0.3536224365234375,0.143280029296875
1760554584988268000,58.51026806640625,-0.909637451171875,-0.36053466796875,0.1346588134765625
1760554584998272000,58.52027197265625,-0.901641845703125,-0.377288818359375,0.12762451171875
1760554585008276000,58.53027587890625,-0.89013671875,-0.3842010498046875,0.1136322021484375
1760554585018280000,58.54028002929687,-0.8675079345703125,-0.3805084228515625,0.110137939453125
1760554585028285000,58.550284912109376,-0.85455322265625,-0.40338134765625,0.0985260009765625
1760554585038289200,58.5602890625,-0.82879638671875,-0.427032470703125,0.103851318359375
1760554585048293000,58.570293212890626,-0.886993408203125,-0.4309234619140625,0.1194915771484375
1760554585058298000,58.58029809570313,-0.9429168701171875,-0.413055419921875,0.078216552734375
1760554585068301800,58.5903017578125,-0.961822509765625,-0.3970184326171875,0.056121826171875
1760554585078306000,58.60030615234375,-0.963531494140625,-0.38470458984375,0.0808868408203125
